0.009133333333333332,0.014933333333333333,-0.02213333333333333,1.000000811200032,-0.00023583123630443152,0.00010862204095844203,-0.004828095440357087,0.002,-0.001,-0.6439999999999999,-0.004246615968582928,0.001930279985719513,0.0030884479771512213
0.009133333333333332,0.014933333333333333,-0.02213333333333333,1.000000811200032,-0.00023583123630443152,0.00010862204095844203,-0.004828095440357087,0.002,-0.001,-0.6439999999999999,-0.004246615968582928,0.001930279985719513,0.0030884479771512213
0.00846798101496937,0.014601496433579166,-0.015831420230018392,0.9999997302824604,-0.0001495116571723919,0.00012977000774743456,-0.006041554297206907,-0.00790983988022062,-0.005897357981818931,-0.23417947812373413,-0.002686959699664328,0.002309270438909449,-0.0006049826624295759
0.009329091461842324,0.015268258336553625,0.005145760047767759,1.0000007523939212,-5.337455625498997e-05,-0.00018047873520630922,-0.004843548908800603,0.004812218928402429,0.004067285445601805,0.2338583680027767,0.0002212116980056,-0.0041135232447253945,0.003081563407805383
0.009328512299536563,0.015267927317992907,0.008380871371605165,1.0000007669173676,-2.625136053135649e-05,-0.00019676387558316766,-0.004840137372218467,0.004792903429212446,0.00404572968169872,0.28772717441027085,0.0007442410448293497,-0.0040103032492536635,0.003261711905693905
0.009333704517361438,0.015327951878667659,0.00847872729563668,0.999998900675068,0.00025338546847660876,-0.0012089240328256984,-0.006137849964245267,0.0039601407070767765,0.0047643032852898535,0.26894713406955684,0.006383533797962395,-0.004509170581698369,-0.0020344302488548875
0.009528817746515502,0.016937927916641848,0.00650218213626078,0.999999413655213,-0.00013747360250577787,-0.001520996562100489,-0.005986760794989676,0.0067033546009008654,0.014179248101994125,0.23039604731793584,-0.0002739803327132512,-0.010414175770706292,0.0007097395744495493
0.009151235160213541,0.016141788028065273,0.008118907596452419,0.9999999647490943,-0.000303003357824448,-0.0006097090025510353,-0.006050478565228831,0.001638952131203698,0.002343612804535175,0.2411109471573571,-0.0036307498710133465,0.00702450213046934,-0.0003752584998573951
0.009079379461001883,0.0183795032500066,0.012230418619080658,1.0000005146824331,0.0008638485068113667,0.0005263078783012368,-0.0047906050075471685,0.0015450698776866341,0.020113865404513237,0.299896049981572,0.0186743864209504,0.010446324170981144,0.004335095316718886
0.00515234917134333,0.017198288994827764,0.02608364492334532,0.9999990275655793,0.00010422629500746216,0.001988882998126751,-0.004897077287847473,-0.041101462963147914,0.0029133604944090448,0.4241110473851299,0.004950901332650244,0.018051247544888342,0.002454015252792932
0.007745942425548351,0.017921468439159746,0.02911381042019928,0.9999982569516905,0.0017138416529019257,0.0017142969630780432,-0.004961112000906042,-0.0023873406255639153,0.01240785797310177,0.4093595757303562,0.015619168377810867,0.011460427295291118,0.0012818223968345055
0.005137018078010386,0.018866784200498095,0.04051537257759797,0.9999984784073997,0.0012304702389683076,0.002588076932468649,-0.004983211220470028,-0.025678796970289387,0.011915009354397849,0.4756883143754238,0.006405605417191103,0.01056958209561067,0.000864539620787427
0.0035347869635888192,0.015808956620383275,0.053863618142701006,1.0000002882938248,0.0008612628041401325,0.002480476462853909,-0.004746607047498355,-0.03477054248007422,-0.018705766790863367,0.542938523538425,-0.0015893248916910654,0.00642286556612775,0.005089863897615084
0.0045384757250935635,0.018937869210589927,0.06671662546349662,0.999999097840294,0.001006979090007962,0.0038037254102292173,-0.004617950798747414,-0.003566843796286149,0.013123138384638505,0.583526544324869,0.001055837127728635,0.01216138047327649,0.007397042892109713
0.003992415284610776,0.021399397679802833,0.08097646388385149,0.9999981715078498,0.0012051775679218463,0.0033583084069918213,-0.005091882702340171,-0.012066011401057742,0.034897628371911744,0.618720961588178,0.0025382786000919914,0.005580602737728698,-0.0011113311919169358
0.002598163193059467,0.01958844689543801,0.09920361146046307,0.9999965043103114,0.001620534564924112,0.003541613632301667,-0.005179332822348719,-0.01785054468562847,0.00744974977185079,0.6807763007274883,0.011598457964194807,0.0052331834496449955,-0.0026763472544165078
0.008229734627089856,0.027010707531346757,0.11028170105991218,1.000000988633885,0.0008131073825752547,0.0021563452992617357,-0.005264329484482253,0.05066182965301952,0.07437083051529063,0.6487825408153566,0.00022958803594058717,-0.020438013802333063,-0.004210601005181109
-0.003538470494321322,0.019604621151114523,0.1395001300452199,0.9999965941138853,0.0010537370053537397,0.004713806888281846,-0.005048311044749141,-0.07887782445682082,-0.021896392896357437,0.8160726789658841,0.0025652749844072703,0.00808674603599428,-0.0003369928175119604
-0.0032263554350591877,0.0190597881514923,0.18294140298175027,1.0000008554406103,0.0027886744627885684,0.0038393255256246026,-0.004557817289291043,-0.059776733745693755,-0.03147747238290704,0.8840553369131178,0.022076301486836078,-0.011627362205078779,0.008569541887710001
-0.0032286678440229108,0.01905815371491743,0.1828191900551869,1.0000006850609873,0.0028935875707775827,0.003806122974249635,-0.004557641504783972,-0.05992468319902158,-0.03153101510764137,0.8728864149113539,0.018368268855571006,-0.005719608381421128,0.008594674104538168
0.005571144543015823,0.028807895435437186,0.19871602973169677,0.9999957231726927,0.0022398218475826034,0.002832458129888437,-0.006672030237096281,0.05609852870633293,0.07015197117558437,0.8020890075890658,-0.0003353387391614106,-0.0015072750481878062,-0.011492292201776836
0.008301349965754677,0.02994319612901353,0.23102062397986206,1.0000000262322002,0.0021591440276345535,0.004188165973328922,-0.004769280145816134,0.06814581471072906,0.05722374586646611,0.9388450155293295,-0.004822616044124616,0.005971438413077281,0.0046878011847152155
0.0045209106272628375,0.01687049166743372,0.2695013433775635,0.9999910599394931,0.0038207709193220397,0.00628884495363224,-0.004768947167900988,0.013103726874781407,-0.09517450453949947,1.0834463672703976,0.01654978744967017,0.016434661703666264,0.004767186645530785
0.01331071814042426,0.010501763661789275,0.30442788121789643,0.9999998877688753,0.002659971603572462,0.005711799710310612,-0.004419611844804928,0.0995320300405611,-0.12985199782005077,1.134235816487465,0.00043292882284723063,-0.0019904010083449373,0.010933829338463439
0.013561729791588057,0.020095739891448406,0.34814050004337455,0.9999905560924311,0.00297207655096906,0.008261721175496735,-0.004981667638932381,0.0751750394250042,0.013875373383775034,1.2507121761542803,-0.008791399294883274,0.007312868085499912,0.0006101160510210744
-0.006472417919167349,0.0485658900463065,0.36634298487823336,0.9999889075083622,0.0012608300556171813,0.007272531845848404,-0.0075313921528911325,-0.15108679233683228,0.29217017314256905,1.063003464604631,-0.03147378500333698,-0.01723795676072492,-0.027220919734958986
0.001242709497589041,0.03676785687766933,0.4202355320173443,0.9999867554254471,0.002922589979036181,0.010115847513637054,-0.006453538131468936,-0.018480493915660045,0.06908010441275803,1.2865117390219392,-0.010721532868145705,-0.0061899025684420276,-0.0075450740503378595
0.001997846729555295,0.03239093044348076,0.48567616117716145,0.999996350445415,0.0024234169349958727,0.010429242347428551,-0.0061378088743399214,-0.006763088806783991,0.018842945786934365,1.2213945418967371,0.013477102923594195,0.0022116206596984175,-0.001318419403322019
0.002006881499490366,0.032380516048798845,0.48580991193199824,0.9999895533874941,0.0030969640346441827,0.01089445269281413,-0.006133978308587095,-0.006648099452058826,0.0183986391040542,1.2110592309731745,0.021258600912037035,0.007775428255482379,-0.001469294201480536
0.022602206908407935,0.02717169860072255,0.4510798816741651,1.000015019876641,0.0018978536409831916,0.001126808835210452,-0.006414788065645246,0.20586842757972854,-0.04383033854844964,0.4850814417482126,0.007579802651921522,-0.10153732283773748,-0.006580843756127068
0.008618452631070255,0.039567076263812236,0.4961977284652371,0.9999999529684722,0.003958901015926488,0.003518039486088459,-0.007419318297563438,-0.002772265639083663,0.09574350730563386,0.7976999560905673,0.021146636802562322,-0.04304736593643078,-0.006713999835191586
-0.003214729039182491,0.019768376020960904,0.5524202306886425,0.9999820478597188,0.00706398083229108,0.008268979208642365,-0.00526000182621245,-0.11662357084899758,-0.1438796217361979,1.1679046488805753,0.03413702552357586,-0.003058681365707112,0.014008073497505921
-0.009439166128197115,0.044933197690035155,0.6043939885547787,0.9999984502965854,0.004531501633288661,0.008783238816695304,-0.007773640795039096,-0.1492642435616413,0.08513623422851341,1.0039667130360141,-0.003784140042985969,-0.01981141272484113,-0.013168402523578749
-0.009457231193151328,0.044942825132771196,0.603167139229411,0.9999948048974622,0.004530148920380843,0.009195448989993542,-0.007766520801491291,-0.14986137151705672,0.08548638078482967,0.9577635208336109,-0.024126434452243675,-0.0006711107670735192,-0.013143240808620622
0.006614941683677594,0.03797161516734644,0.6583783218713243,1.0000093844206408,0.0037373953747313776,0.009557810518585758,-0.008056813938628032,0.0764424104865401,-0.033571097656909285,0.8187224049229272,-0.026688202154582338,-0.003864987958647285,-0.0006285585899713835
0.006617532816937071,0.03796604481922017,0.6584118113483367,1.0000056105696138,0.00424277288314263,0.009734978938358575,-0.008062931914265232,0.0765904157658217,-0.03388966984771154,0.8208859103784134,-0.007754407447509088,0.002470569413795372,-0.0006093353793306144
0.00829765797054857,0.05447264068023328,0.6528312986958111,1.0000027315659599,0.005493367528813938,0.006452837086135964,-0.008702369359519497,0.06966803798570845,0.13796852652952435,0.5307863144806105,0.008763600337842839,-0.04001894393492242,-0.011800446270495068
-0.0021426146863330053,0.026804070547528834,0.6942500017586022,1.0000175379475127,0.0071556142962643276,0.009543509689095292,-0.006607134063692158,0.050472372385902235,-0.2482363271090677,0.41709947414957044,0.015372478463585654,-0.04950244297336464,0.026058142281610533
-0.0021399491931262645,0.026801358671009575,0.6944922577347048,1.000018592578694,0.007205244858383415,0.009396604283096716,-0.006604098447186205,0.05070656539989101,-0.24846472181808663,0.4345916306205921,0.028345108993371018,-0.05148719359421016,0.026458506300819598
-0.004343897638840871,0.03408095739011741,0.7288577647401391,1.0000013122224434,0.005857709484980241,0.01126161250485102,-0.006500304084875592,0.01897357349006463,-0.09367773086221964,0.6897815807914026,-0.025316838619129985,-0.01842847278027221,0.00931133562530359
-0.0008981846202242469,0.04422043531774119,0.7803345893446435,1.0000028464809814,0.004862533011942893,0.013190208696738027,-0.008105294476812006,0.13224632243315532,0.01385455649541363,0.8025245445970859,-0.06131690664334867,-0.02002829046313932,-0.001910243877592991
-0.0009068693333023373,0.04422725831792924,0.780004004735936,1.0000034294092888,0.0047265891453797644,0.013199307441670381,-0.008099236669937872,0.13175220700916584,0.014202774660715827,0.7836841257609217,-0.05367363215890134,-0.019314666748276296,-0.0015214057618157843
-0.0022280011091169298,0.04562980293848526,0.7887548243582503,1.0000071426678547,0.005490483314351463,0.013687750929028823,-0.008014411462689741,0.08201935764678908,0.020063600159641568,0.62927536207457,-0.021662132285183208,-0.039244159250218416,0.0007145698066086701
-0.002570171724074309,0.02963353622050503,0.798106212297023,1.0000277043494414,0.00227197017344446,0.010368336194695944,-0.007478823488161216,0.029584699371418898,-0.14259006164979285,0.449149355131977,-0.03483337702065779,-0.06903731952946901,0.010244322042277768
-0.0025717079915099496,0.029632221506359684,0.798091780601519,1.0000279257527114,0.0024135616388259807,0.010312705909433915,-0.007482049473467778,0.029647965574811377,-0.142701861946609,0.45453906293431817,-0.030106429745143052,-0.06783221133663904,0.010131197785756997
-0.01859963528329519,0.03954225414847329,0.8434823260003227,0.999996614541764,0.0014050394291690355,0.013409074004932423,-0.008187021561050969,-0.1335738043507764,0.0066065628078258685,0.8015306792611997,-0.04115539004379861,-0.020880466878443273,-0.003078864872982599
-0.0044341173218631425,0.039508568031380836,0.8034913649001774,1.0000295668378527,0.0010352615302166525,0.0059051668559859044,-0.008540400364572993,0.05902983179982356,0.006491486393773077,0.17659629548318445,-0.0354418535262669,-0.09684790327829408,-0.009102488926047054
0.002693936386869858,0.038570709928544944,0.8765321169461068,1.0000022587352786,0.0014131819874716653,0.007112158551640035,-0.007740280696741687,0.06073493914950857,0.007304055188274877,0.7579031044136979,-0.017392930262230023,-0.00849642078735012,0.005279651847293419
0.010368763742149123,0.03261718010289792,0.8408228230399525,1.0000189571917417,0.000888688829421705,0.0029552118178130687,-0.008401112286877035,0.1735069055289096,-0.09649477664892103,0.02048526814625238,-0.0008588359075629154,-0.06718076944478009,0.011567701844683247
0.010381072779981912,0.03261323037220821,0.8420333253822355,1.0000193541288707,0.0010075838991592853,0.0027792192194847514,-0.008400461444509597,0.17351431308915313,-0.09657105900592461,0.01925054006860401,0.0031655268480530684,-0.07622669367747557,0.011615963530572565
0.0005330499559154588,0.03555081162598699,0.8461846887818918,1.000007039417469,0.0009022414818422009,0.0005810745102848573,-0.008110548615585472,0.024237199011648888,-0.00750282878024575,0.01385223177905982,-0.006940825589684726,-0.08705665976992732,-0.0012770919535484958
0.0005438924954282639,0.03554935970639233,0.8483625731885456,1.0000072960287332,0.0006542005765744427,0.0004062729729116494,-0.008113167372597567,0.024387210625564003,-0.007435634370692208,0.06215645923411901,-0.0163118016127063,-0.0933856435769049,-0.0013363954025393408
-0.0012065152620941136,0.03713260591500667,0.875390000758216,1.0000066254106073,0.0013780504734186862,0.0026146905057019844,-0.007682316713847288,-0.0005388955614724572,0.0008660984900095004,0.3654979192400787,0.0025392886868410664,-0.03877515572028424,0.0065038499422024115
-0.012547154226484877,0.04976112947966021,0.9135711573273755,0.9999957171865366,0.00017704659288656405,0.003981528401814759,-0.009984319022663673,-0.049651537261590654,0.1460559922388305,0.4120244392150087,-0.014787892610899555,-0.023761195787021384,-0.01693534131478443
-0.012549432590423374,0.04976070966637287,0.9131194948326187,0.9999951872798911,0.0002465359791873809,0.00411146257877293,-0.009983320439015952,-0.04976398917550495,0.14602827292843404,0.38842595046038136,-0.012502092060505218,-0.019852700599840248,-0.01689751413536808
-0.0013558074234608993,0.023266337373814318,0.9417059063668426,1.0000042641674145,9.932429778134369e-05,0.0040683731439515305,-0.006922399398107597,0.07259607275507274,-0.16102741881261587,0.5343208184455499,0.017184985560940728,0.019314408523206008,0.020305081415730293
-0.015331892984503891,0.040059353856163,0.9244105746137322,0.9999998028291595,0.0006716621241742378,0.0004652629543868399,-0.00823021442454444,-0.09433380687749342,0.06060985790433198,0.22705631625595762,0.035912278131891365,-0.025359314469951422,-0.0031083633376194375
-0.032825469256205275,0.044001510081450215,0.991752029741449,0.9999925038581388,0.0036450296575803653,0.004181166585070202,-0.007825131748422306,-0.15947061297608434,0.04261802531221253,0.6732320399801184,0.028192859602128,0.011951278401868793,0.003963079141963651
-0.03282979692893983,0.044009863782632185,0.9915341558522149,0.9999949444513498,0.00308365170146682,0.0040372727533244555,-0.007830174124726098,-0.1595436054940426,0.04295421246733325,0.6817201458544865,0.022126982078086836,0.02208636413375962,0.0037611827958555165
-0.04527004582147535,0.04063298546377252,1.0371761901793444,0.9999836139329222,0.005517702971090201,0.007617369315691887,-0.007766061647631917,-0.14885053983023938,0.020713524884888916,0.627914769815249,0.03128592661422279,0.04344555881138566,0.005069260950694406
-0.04512530395634072,0.02613240443434693,1.0386422225699627,1.0000078004292134,0.0026048746287386454,0.005896744231254994,-0.006070508636293985,-0.08776213846548461,-0.1349428220159511,0.4428029279096505,-0.0028831537711820473,0.016255804533073896,0.01752598344627631
-0.04512856488643799,0.026134297019727606,1.0383039438056076,1.0000076801238125,0.002575213350174187,0.005931153209620969,-0.006069525102318997,-0.08782339366838211,-0.13489507985687957,0.434771773458081,-0.007553052037177632,0.014429205132520094,0.01759748825726144
-0.0877397911697338,0.02453217643613857,1.068820849889545,1.0000027344270424,0.002498688625911029,0.007287685881836222,-0.006494634774156618,-0.39597266286218347,-0.17398138238118646,0.42002517494608016,-0.021655577169490563,0.015879673422653548,0.01004025675577122
-0.08878458772446667,0.053603172997656684,1.103839593174175,0.9999759775598972,0.0038515624254094245,0.009933148428085046,-0.008862978210725066,-0.25996077350014307,0.1560746675487067,0.5895297141296595,-0.021817132228053166,0.043186422978455236,-0.014691786489540436
-0.08878265201079083,0.053603537012494436,1.103944947070146,0.9999741275125462,0.0037131438371552764,0.010165511108823196,-0.008867355315923996,-0.2598948731859958,0.15613404805503323,0.5908276432072951,-0.029777514623920802,0.07322719572019223,-0.015268163666654594
-0.10748650155319675,0.014091429330474192,1.1194186353601632,0.9999831441211513,0.0029310693603108464,0.012694220503005043,-0.005383841490870601,-0.2839922619739126,-0.3009735858866593,0.4526498923107601,-0.019288710867459168,0.08365288102987921,0.02828226031288562
-0.11705957118756578,0.032000029423190406,1.1286440483751707,0.9999702099170237,0.0006392371264014311,0.01336645766117416,-0.008337794990610627,-0.27716101227542794,-0.015698878804434865,0.40537489628403384,-0.009342107782022283,0.0739505849775785,-0.006675957431191765
-0.121151537301943,0.045311361843844364,1.1244010250941827,0.9999644688487341,0.001536386839317801,0.014149940535285566,-0.008971406400543714,-0.21782085948750304,0.1233846060812908,0.24157201254994237,-0.027282859075823288,0.06853529181061,-0.016561248441295955
-0.15455340644518836,0.04810608661260637,1.153117685122081,0.9999384627043575,0.0034163223473956243,0.017631117919942495,-0.009303580349090321,-0.47654213812412133,0.10404696106765166,0.4660535336738761,-0.005508137892126805,0.09454551168872011,-0.004783604300249001
-0.19141290749028994,0.03621886083393268,1.173971467376477,0.9999475689768792,-0.0013327658527058745,0.022459821088790775,-0.007914794346296043,-0.33533205481144746,0.00390149697309474,0.262876974585049,-0.016858348872995706,0.0676944449959572,0.0014055814845487377
-0.19140206921952357,0.036214100697785946,1.1742779945847952,0.9999470656863707,-0.0009165060088298976,0.02249920522051297,-0.007925876091444262,-0.3355674174163019,0.003631177755695869,0.259171479289173,-0.004494619994873237,0.08546606084908402,0.0017517170882920977
-0.1960541532409709,0.04566885889330936,1.1702279508037987,0.9999415089785413,-0.00042711557188845157,0.023194895846846232,-0.010040076852700128,-0.2546983450326238,0.10015248067115416,0.15576373989367043,0.0014301532366398104,0.07590193946524709,-0.017875481384070566
-0.19640118730477138,0.038903751806515376,1.1479735096444086,0.9999700491611136,0.001193762921478399,0.02345599500825353,-0.007503204814695185,-0.16940324336140186,-0.0021837941466861083,-0.09962870746300692,0.027756043224881614,0.05796389081579992,0.010305648663305519
-0.19639418919195703,0.03890378831643219,1.1481491248606839,0.9999733504771108,0.0012283408606414865,0.023311378634332906,-0.007508216106234526,-0.16910200556995958,-0.0021930692696650947,-0.0917123808939051,0.03545165621711578,0.046819032338029934,0.009958677835179208
-0.2198985556226988,0.046326341056901754,1.172965225051013,0.9999204147891123,0.003720694235654031,0.026907598838645966,-0.008081588001795424,-0.24845031824367814,0.04725167064592851,0.206095060995968,0.03757732426531995,0.06324135898483435,-0.00018944419313464254
-0.25933817882665855,0.04387840486661443,1.2002157759569707,0.9998890499694367,0.0024149502993319467,0.03088821437568557,-0.007681646767735752,-0.5367153701831144,0.011201870129200165,0.45685361339544067,0.00891324496741544,0.07537963047556488,0.006481923508539097
-0.2593461217298747,0.04387988904488057,1.2001096583918662,0.999890310155321,0.0023562510210278415,0.030852734116812712,-0.007678634673405344,-0.5376716772977215,0.011323520553668164,0.4419317791956254,0.00833484600601452,0.07789695903861599,0.006532753053936823
-0.2660714677474829,0.046835374594438164,1.2289337345000377,0.9998665944931937,0.0033850783068561765,0.03412367173070191,-0.007996015629137728,-0.35254225914172566,0.01000013238612881,0.5242483953293887,0.00798828245747753,0.1075170785308311,0.0009706559911076804
-0.2597366061057606,0.05652591638079893,1.214412253947724,0.9989239157914315,0.004473082901301614,0.03318917587863823,-0.009406485794822951,-0.12344973529305497,0.07964027918883758,0.1935357217135574,0.009391807403840248,0.08593006154488944,-0.0062472621779811645
-0.27041893227836883,0.049130526756858216,1.2025090627974784,0.9989106545776829,0.00457249124270176,0.03377366787148537,-0.008656816216339588,-0.11061452244817303,-0.023556090594052222,0.02953196385048063,0.0053444368831862986,0.07347607641926898,0.004452207904556801
-0.3149376390670102,0.07261878714873264,1.233177919165271,0.9988245608029893,0.005786704033497074,0.03763665046967859,-0.009772511924220533,-0.3911577512521288,0.15993855742366023,0.27733360725649125,0.012595789302905464,0.05806774394687567,-0.005860330511222916
-0.31492122772041803,0.07261202193803953,1.2337164018811126,0.9988700244179367,0.0058053525106416684,0.03640376138972898,-0.00978526848057734,-0.39023992378398226,0.15960993932734457,0.30321150762164645,0.007178111768359117,0.023856413290326593,-0.0059985732267510364
-0.3148064457005115,0.07258471364926722,1.2358537597769723,0.9989003804085154,0.005914640166687877,0.03553895613484884,-0.009800228577045503,-0.38983865037946963,0.15929076527195057,0.3244129977026343,0.019254003247165818,0.03077740245832074,-0.006054378900153526
-0.3008766722486081,0.04594750915372955,1.294406673020439,0.9988395379168795,0.004035202161923954,0.039522857380752556,-0.006876366450836501,-0.1674712550067808,-0.08498718329386737,0.7015491098825652,0.019874310323869295,0.0658334706923271,0.010989097339392313
-0.30076932171936926,0.06361452472367252,1.249753432658183,0.9988928813827156,0.005129684361326438,0.038728768298186174,-0.00798640102596623,-0.1074469492611239,0.07087934855589763,0.208892771415978,0.03485237266634199,0.05993737168548417,0.0014198562098940728
-0.36964991547899806,0.09095723221735498,1.3191875284978718,0.9986905823053925,0.007892835637075771,0.046522522189598806,-0.011292854673088375,-0.5012087174371386,0.21167137059929614,0.676558759194508,0.022632875912040506,0.07410334031375689,-0.009950287312862
-0.3224338903784102,0.08495515907676453,1.2430865857658053,0.9989054410736623,0.009005113125161437,0.04288543866024661,-0.00993344494583057,-0.000579711880965718,0.11030673066236305,-0.04461017717871763,0.021667825204208735,0.009164678071608586,0.0026877625600400996
-0.3118333877264517,0.07452920210014836,1.2441434660270652,0.9989932685463739,0.008910683912639307,0.04091060345749897,-0.010265161940718285,0.1126862817960992,0.006230061664829085,-0.048084488612175784,0.0259559502671666,0.011542809739130428,-0.00042194466622816476
-0.31171077129019925,0.07449188000185847,1.24572949937619,0.9989928547763113,0.009388438866070369,0.04080687065734652,-0.010292447687385475,0.1160381924697047,0.005052154753033998,-0.0054210267295239055,0.030643940843052594,-0.015960540185725434,-0.001306411154272984
-0.32176584269660224,0.07234659948562049,1.2422594744894364,0.9989716427094625,0.011264258954921206,0.042238546115096795,-0.0084669719501966,0.07900462203540665,-0.05866909465446272,-0.03935368238440374,0.0256320255487855,-0.04466833235642964,0.00594314222632565
-0.32149617068265646,0.07228324130851216,1.2460119995694463,0.999049691430169,0.010734766342550772,0.040489309509060094,-0.008491674718877582,0.0812537527290776,-0.05915373453709442,0.007155060205755525,0.01099068914491265,-0.07982264073955858,0.005732723624795987
-0.3290606288754272,0.09780201196741191,1.2279398551408298,0.9990722831167865,0.00975690938421142,0.040977426875373424,-0.010547679191282066,0.026556352571955582,0.13662072148864468,-0.09143457052978353,-0.009917288776068086,-0.08902966894974415,-0.004112879303804293
-0.31791371744272046,0.08116330331271854,1.2500399713526391,0.99917593033069,0.009162037819051871,0.0364077545429494,-0.010954374813223505,0.053434208657455934,0.010460041054016283,0.13854532036683725,-0.03071949874568316,-0.11038204044985207,-0.00791573518845032
-0.3178934859934035,0.08116925947492107,1.250279190694109,0.99917315577307,0.008985064495364797,0.03653291294502162,-0.010937396501719264,0.05415387580990867,0.010623836515543897,0.14714938129147678,-0.014770801992992343,-0.10229856919593083,-0.007156104239969873
-0.2605555110703579,0.07144420183967852,1.2439977133836013,0.9991740974443697,0.0063889791752873935,0.03233665054387471,-0.009932148742973684,0.3822353203076641,-0.06350973216866573,0.13621164653486964,-0.017095211358583877,-0.09663697889604939,0.0017087021947112945
-0.260552181653218,0.07142436543373086,1.2439094916373095,0.9991608647285325,0.006897384993557925,0.03263897633000901,-0.009934356853883925,0.38188231901504077,-0.06401012905021353,0.12680694914731147,-0.013750219672026387,-0.08996662335535209,0.00188218471954428
-0.2751763869986274,0.06422630336411887,1.2406239726418384,0.9991674414268161,0.007207310750783428,0.03115413438746924,-0.010143920639092842,0.19386224967477392,-0.10620679768837574,0.08807763243677866,-0.016461080425003157,-0.1216566868879363,0.00010991773319483317
-0.2541116523420548,0.07771786051297336,1.2349374840870952,0.999166376703341,0.00743291671281855,0.028728847672831688,-0.010342115723916011,0.3120898148456897,0.018524138476194756,0.04874423086328654,-0.018472355528110624,-0.14690592749944864,-0.001600720788350356
-0.2092517789542773,0.06693089217926114,1.2518940125330267,1.0001923959588874,0.006296971238672358,0.021459257899944083,-0.011225822151337918,0.3735969134943977,-0.09820835882673509,0.1815865403313822,-0.026478116277767028,-0.15845107937045663,-0.0008369943896598428
-0.20924793804607447,0.06693188598673182,1.2520942417610526,1.0001918101537863,0.0061910771450568985,0.021517232842779278,-0.011226034983368278,0.3738379035034641,-0.09816809581005531,0.1885689271134739,-0.01993509117227805,-0.15571210880662661,-0.00037780124099209134
-0.15524495939220306,0.05187638820628225,1.2314429239719038,1.00015536584818,0.004676241118467946,0.012495583080385994,-0.009393662900222876,0.5540972459760343,-0.116967249684166,-0.04300523411839706,-0.027467763907203194,-0.1661342642615524,0.006867719742818989
-0.15525695410467655,0.05187009810784144,1.2311759529834896,1.0001568109485888,0.004833240316420147,0.012324347162619174,-0.009386557076280801,0.5536653912228213,-0.11712523193931798,-0.051983927167136415,-0.02952626524408964,-0.16931189575219743,0.006974120765534443
-0.1486869245628572,0.06702218047386035,1.2623025278975035,1.0000748268492208,0.002187296868844178,0.006094931262395487,-0.011891565036130489,0.3626748522217297,0.007043839174390329,0.18803840749375358,-0.038076214370409325,-0.17321305834862602,-0.006715583844451523
-0.1392179542203852,0.04921586848403563,1.2457747728977113,1.0000765446111481,0.002262710412118076,0.003345836872628153,-0.010563600645135812,0.34477288138276485,-0.13112258662416607,0.05207668620625681,-0.03905318453250485,-0.18755050253035635,0.005335974169531942
-0.11523350601427362,0.04389953855059346,1.273442600559757,0.9999895028906053,-0.0008860152473957952,-0.0059091177898942734,-0.011238353401176286,0.27472483594585856,-0.06090819387068737,0.14113035375252153,-0.03518087135888992,-0.17961059392981452,-0.0001661015836150829
-0.11522909120127847,0.043896398712418815,1.2731485132945257,0.9999927466490538,-0.0006442677692902043,-0.005386826936564918,-0.011228903525238107,0.2749410554110333,-0.061070901831783174,0.1380995838704393,-0.035908958907767005,-0.15450375507684114,-0.0003485919965315863
-0.11939008330932606,0.049685299582723004,1.3089037285844665,0.9999949445882405,0.0017344793070335155,-0.0035334444362614607,-0.01111855119982422,0.1741589302692864,-0.0051954917589065695,0.3921004367146314,-0.010777444549794306,-0.09414394284239475,0.0006093673740665847
-0.10572303864324376,0.014840153870166208,1.2646490649128508,0.9999791974801916,0.003574669610971607,-0.008274954331844005,-0.008389794017256294,0.2259073678054197,-0.26535783889282577,-0.01236512661855616,0.00017456124825678465,-0.09580523183944671,0.01630590548817613
-0.11026927726420589,0.035715011420521796,1.283999033803114,0.9999783378435597,0.002290409917709416,-0.006638022005586589,-0.010583918268728202,0.13142009237583915,-0.04539339220923632,0.14395348827993434,-0.007535160040209052,-0.05137590821163385,-0.0034908041617806567
-0.10440711435296565,0.011626774633614768,1.2785033138367738,0.9999831912509801,0.0010974345087614197,-0.009137068741829934,-0.008828629280454775,0.13725096872751824,-0.2151950700400454,0.09007764918892092,-0.034102264434272514,-0.05017833203848971,0.012086107293585462
-0.12655131832054986,0.023405354116835454,1.3098714478314675,0.9999952410267285,0.0012361549296507736,-0.005769652496351421,-0.010183474488805362,-0.061487915973137776,-0.07768090689180744,0.32708319029485144,-0.030536166549898,-0.01108620210499681,-0.0003653419429270403
-0.12656453814884785,0.02342319768022699,1.3116131830815436,0.9999971986002775,0.0006135777541915812,-0.005501749398805506,-0.010196044615309166,-0.061507911198585,-0.0770188676343005,0.34782528678007485,-0.04420542856449935,-0.0017128943445301828,-0.000484065284803235
-0.10648310907812342,0.0480066029467366,1.3154547291483714,0.9999846034834671,0.001081512853413198,-0.006593797327661695,-0.012130786070865327,0.09817400838126748,0.12848864125496098,0.30267046767349876,-0.033980593931179665,0.016073633260108668,-0.009291744935158136
-0.11230675215395271,0.022265486949957912,1.2876960981100338,0.9999919140309219,-0.0009190445052085286,-0.006942874000391799,-0.01118657577520199,0.07967300853062816,-0.07699069424843957,-0.08646452175974867,-0.0365330992455185,0.025033783424977044,-0.0007389079221971776
-0.15783899510125513,-0.00939805452845334,1.371389208666792,1.0000185908009094,-0.0023840519918848935,0.00039640545758911185,-0.008543790857402886,-0.2792778844885558,-0.2921287514869145,0.5665346280647574,-0.017738480869931104,0.06458361864412689,0.013901127251285053
-0.1465756556692732,0.0007569620697209833,1.3214599020005067,1.0000042677461023,-0.0010530497547508741,-0.002733416107878608,-0.00994429058009986,-0.12918870691573278,-0.14146397304867497,0.08960625864884958,-0.00733562752216581,0.029583824695240943,0.0015121465104992427
-0.16325732725401768,0.010492974384024328,1.3691020583782667,0.9999947999188896,3.5371992935369055e-05,0.001778977374132181,-0.010547208046745056,-0.22193945014285718,-0.03521510426531645,0.41392214654708864,-0.02421954826266573,0.07514916794636066,-0.0037769338048390206
-0.16916101781996407,0.013395213611185524,1.3547777666099066,1.0000042006360867,-0.0004933173562885266,8.77243335366159e-05,-0.00976485402777076,-0.21247400468418887,-0.005934281156081405,0.2252667908773941,-0.03487110235162644,0.06794544534895901,0.0032599911731194175
-0.21342028437859117,0.05166241548925322,1.3727570652176588,0.999953051669418,-0.0030550085814586418,0.0029773010136101437,-0.01485664430414105,-0.45237334680102853,0.32897294048965087,0.23421479905775996,-0.039518916288793615,0.0821205142765974,-0.024872956814123773
-0.22335637166357353,-0.0011109296133973313,1.3805996266156066,0.9999605765185622,-0.0043076295450042565,0.008475488558040332,-0.010838178252319164,-0.4069324087436795,-0.14744207822851757,0.24521528802917822,-0.030160803467161035,0.1175556022409539,0.0022369342112007083
-0.22335655486282655,-0.0011281135182227417,1.379457396129968,0.999959965874243,-0.0034915844342399754,0.00888301915242242,-0.010861924889780715,-0.4067575959977038,-0.14798526111295182,0.23365464204481223,0.01771966071868048,0.1454259695452071,0.0009843461660916954
-0.2353408465507913,0.03087831280553989,1.3690204330561655,0.9999499482667575,-0.0009893362594650095,0.009324133694961156,-0.013273675024087824,-0.3159785162459253,0.16019571502238067,0.09948018638546614,0.02458731848498625,0.13801145010809973,-0.009428470230115539
-0.23532159158358554,0.03084856887447608,1.3688335944442993,0.9999445876672796,-0.0006744273148409447,0.009950121517104647,-0.013242808507407026,-0.31533076873401983,0.15943565433926504,0.09705667347957515,0.00608367569569364,0.1432440261133995,-0.00815570128888692
-0.3203386506887616,0.013659832115468047,1.3851099642342417,0.9998779918448879,0.00045854208537652875,0.020381326011292413,-0.010880860753390986,-0.5848416350815635,-0.003970269679909306,0.08761621155651142,0.011745550297575916,0.14697178324540705,0.0027495116273652085
-0.31251638765826806,-0.001125683744074851,1.37652580607121,0.9998722920491726,0.0004468350316720298,0.02315225573915252,-0.009807020678857985,-0.36336686823836944,-0.11165577237275187,0.017819550177209667,0.026880633564350866,0.13834621508657302,0.011783550245313284
-0.35371029589257263,0.029090060330949782,1.412847357402785,0.9997710716449731,0.003101695950513215,0.031237565863258175,-0.012099793947389276,-0.42706747526262545,0.1079918315126957,0.23264509304079967,0.03259743529314276,0.16304160381262503,0.0014541857864726767
-0.3572050392730602,0.008596581975880221,1.3927697178168723,0.9998297590826611,0.002588666565974915,0.03093743474099991,-0.012109083052838561,-0.3315244192457709,-0.0767312361662743,0.046792855741923475,0.008004716839004136,0.13133846876782046,0.0024930772304298777
-0.35719082068246,0.008615078187592558,1.392798213187326,0.9998293351444852,0.0018956767430422445,0.031025349366838633,-0.01204733044177523,-0.3317238635233453,-0.07601834599135354,0.03835347224783517,0.007190636412438012,0.12166643180409047,0.0022019053062797703
-0.3687557621760506,0.01986445356797023,1.3929351614902163,0.9998145705896601,0.0007954303675660575,0.0332851969745853,-0.011674334314310138,-0.31470808919127574,0.027333388196043803,0.04249933761087033,-0.011204339101087061,0.10926575478043331,0.005519154376575128
-0.4127602183776351,0.005068199675102178,1.3768203621655393,0.9988526568818721,0.0005194959743828029,0.03897888351097735,-0.011033994760748787,-0.14781407388993992,-0.0705390546038102,-0.09443380519251406,-0.02014029163645516,0.08048226694303175,0.002289819090168196
-0.41270368337077407,0.005079900266757636,1.3777748810387689,0.9988702599537596,0.00012620036967862347,0.03853629007915868,-0.011006495915980312,-0.14730945361811273,-0.07010465834399884,-0.08175480173683686,-0.01611145902447993,0.07018344764892571,0.0019786868465612633
-0.4126835247775905,0.005079730055868068,1.3781137439233475,0.9988840416579173,0.0002248923221815368,0.03817212141654685,-0.011023251630101368,-0.14662551386453396,-0.07015854316886384,-0.06991058565921,-0.016581778778097127,0.045536885655444184,0.00174708582383065
-0.4528578697368279,0.006766781188676706,1.4050084340227127,0.99883948777224,0.0003840359743603677,0.042104474926054736,-0.010665752506591417,-0.33368159724097346,-0.06349295165406305,0.2143851587603962,-0.017841985098113387,0.03961740575905564,0.004974871790560798
-0.4425862856179899,0.011372039610800326,1.3879819872352224,0.9989437141615121,0.00015987194102214276,0.04066286754892764,-0.010097839544989773,-0.15166500131076982,-0.017258280084457976,0.06638356578447097,-0.021623363226024057,0.011734623526610843,0.010015609910524227
-0.44260889520582036,0.011373826997420759,1.3877800565755258,0.9989459453109635,0.00010782761991459029,0.04060797173581831,-0.010098800779881269,-0.1532324752452514,-0.01718194906190715,0.049220575099666916,-0.02252665752635759,0.026074855035254984,0.009777635455106116
-0.4515822583083231,0.01949155243815732,1.4187381612410883,0.9989408330733623,-0.001229375439672775,0.04234706530833905,-0.012183169462408758,-0.08144402240072687,0.015268561965144839,0.2344722152634611,-0.020127017415929534,0.01990895312609613,-0.0002850677957055941
-0.4628042633722619,0.005570839251656679,1.4169934913519289,0.9989812362207762,-0.000518693660313491,0.04172380375470467,-0.009917016247614622,-0.12398344182124152,-0.0943800751266175,0.17878380369025665,-0.010218486045063072,0.008584653016254018,0.011261484634481426
-0.46278549791812373,0.005564797722415832,1.417369558007217,0.9990015470359379,-0.00026932080428110475,0.04123343466443281,-0.009931909196236781,-0.12484606369290009,-0.09458499458080702,0.17359757694364975,-0.0012582799184181468,-0.006043004418340761,0.011157787515117895
-0.4475871044081399,0.02094247282628028,1.4153000814906391,0.998950400383774,0.00013559663212630414,0.04187903697099551,-0.012133996652106236,0.04728791223263954,0.08878132249329222,0.21780841396799377,-0.0041907761726631,-0.0015632199894657854,-0.008528440181916884
-0.4476781118751141,0.020940751944390393,1.4142890414434548,0.9989579811609423,4.234010390193362e-05,0.04169931855187611,-0.012129572775891556,0.0461141417466814,0.08876311172430533,0.20631682962469775,-0.012124334179702436,-0.0015867259110382236,-0.008430767952687704
-0.4481949194605158,0.017601659018235474,1.4386491739486327,0.9989977252207788,-0.001296154360096299,0.04301178197130419,-0.011084038247952165,0.14234478003809323,-0.003509821237414554,0.20756050189451375,-0.011337961212194995,-0.02294995774303624,0.0005304459787207559
-0.448210473442867,0.017601032374920934,1.4385005181792498,0.9990141591802784,-0.0009853924536699244,0.042633743334593265,-0.011095483523979573,0.14189022968881543,-0.0036244378469758396,0.20445089769458935,0.003278721975016113,-0.037820119194290125,0.00042540414442617723
-0.5232585365847501,0.0387580131803631,1.4856802028096612,0.9989411540667195,-3.1110692619117704e-05,0.04496418879851815,-0.013260195294645286,-0.43663310475042305,0.15713250591902952,0.5132285224979888,0.011461519914247473,-0.04082350860637852,-0.010000902793770628
-0.4542312457004213,0.0368540957494835,1.4394827889433377,0.9991209228737461,-0.0008903666500072238,0.041119530524293985,-0.012156346288281375,0.21062040387294748,0.09903717958928603,0.050259243548404435,0.009060657536113084,-0.08382581008705675,-9.27923256335975e-05
-0.45820266490993444,0.02762061543962289,1.439665923407832,0.9991328574254094,0.0009159821042094991,0.0398750939916491,-0.011690924794381446,0.14824087988791484,0.005159502364143751,0.027258617658902487,0.027155679357725067,-0.03508766582345231,0.004891107606589442
-0.4535501255885112,0.05231058616734803,1.440162108977996,0.9990849144630192,0.0012331516256830245,0.03933653666485911,-0.01464448385836689,0.1648151800817064,0.19177810892229885,0.03324264359186729,0.036640144232814566,-0.04965594940031019,-0.013562498012334553
-0.46891840884283553,0.06088177854475987,1.4459864364637534,0.9988845422598467,0.004012741695685097,0.04150341765096807,-0.013641049931748514,-0.03663380714952391,0.16476072226394486,0.10382976143788947,0.033794268587340935,-0.021011234932070952,-0.0047867941200009905
-0.4670972014880089,0.08198620669861963,1.4323388962371426,0.998955229980496,0.0058658544115614145,0.040353137533428465,-0.014307011159026018,0.025918589670231792,0.2172106930865281,0.008404919753500542,0.044665306601854346,-0.05972593218997894,-0.004984806880845402
-0.44318850209999155,0.07754978590004398,1.4627714082645513,0.9990418756278475,0.007301706148874241,0.03955839085510844,-0.012812948391056083,0.1899263540789811,0.1447149293024539,0.20157998043976233,0.05083316967629573,-0.059177122696783935,0.0031195136399530298
-0.42167452704715835,0.049570511132883834,1.4125105086502712,0.999215139990366,0.005124975343795208,0.034177400370912665,-0.012678736535554031,0.29263121236936007,-0.05500718190534977,-0.11825357558601596,0.04665992853137714,-0.0735762738112845,0.0035014533271838805
-0.421678024737575,0.049535197168738394,1.41237601128657,0.999203843485755,0.005681316101855377,0.034419291418279166,-0.012677563841112412,0.2921346621340632,-0.055738903784094435,-0.12929084846485916,0.04577116889356567,-0.08303387627673002,0.0031042716872005903
-0.4214120655761359,0.09260350318025609,1.3947749507840554,0.9991376828992086,0.011255479708882878,0.03175097093265577,-0.013307352736469512,0.17112993084250974,0.15485211241413926,-0.1311332570759583,0.03619048451080444,-0.09855893740300821,-0.00016436973739197028
-0.4213929814545399,0.09259532765484689,1.3952865908672822,0.9991661735925899,0.010670992984188601,0.031042212690420144,-0.01332203233200844,0.17150139311587542,0.15482998625219083,-0.11644320035542617,0.014743744123810649,-0.11503861107196221,-0.00022901062550333351
-0.4209049538029824,0.0930891144430956,1.4169316414570894,0.999143161789505,0.01025445203624516,0.031120662624260713,-0.013011737890104659,0.16085329094086895,0.12080921817524322,0.06482105633761177,0.012291899947789826,-0.10199973460043334,0.0017598500806448774
-0.39054457381123014,0.06298497678378988,1.4188785300565525,0.9991912111171333,0.007430606866521278,0.0235244531941016,-0.013012106911978964,0.15329088075381075,-0.16904118768273985,0.23664902852761047,0.007350681967851548,-0.09971239280342935,0.006739306258863529
-0.3905014779209852,0.06297694359234199,1.4195108623904962,0.9991795519377946,0.007723111614271244,0.023938897287656257,-0.01298120890978609,0.1534665786206969,-0.16911648210507818,0.2327253593278897,0.0137512582002377,-0.08920882596113028,0.007069180633153847
-0.35878498048332147,0.05500184537018242,1.3747058399688075,0.9991833936159836,0.008365520419875797,0.021328503454574037,-0.01121020751146563,0.31925581496144106,-0.19187513363676204,-0.07617904889639594,-0.006782162803181444,-0.08125288369583586,0.010867947288333665
-0.3721436543589693,0.11991066128424127,1.4084182687250857,1.0000682236980354,0.01011304840766859,0.02335385701031827,-0.014895748059751857,0.1750840887906527,0.21746088112161233,0.13099149763348547,-0.02423148279229453,-0.059618134760891936,-0.0023902959260991264
-0.37224973822102814,0.11998380675914543,1.4061266926644667,1.000072689350488,0.00905731159607214,0.023615365160040386,-0.014862977634267424,0.1750145648736364,0.2185711117740982,0.1232592831934726,-0.04571782069667326,-0.0701665883765696,-0.0018244123963558772
-0.34200451511003893,0.029953682211568335,1.371365688981191,1.000172453886595,0.0066249106322140185,0.019090067175554445,-0.011034305398542108,0.3290037928182718,-0.36372085461390685,-0.09764891624927559,-0.02674916060081048,-0.08157270005852582,0.013167783556051787
-0.3517644663090253,0.10447964024566944,1.3902014000007683,1.0000738478498192,0.005217498590861189,0.021942923226895453,-0.014198583392979486,0.2215448073962417,0.1525079084849828,0.050628944150423696,0.0025448717265973775,-0.06417842507127158,-0.0027715531656320107
-0.3517073772433403,0.10442626257143964,1.3919305574842968,1.0000767497943794,0.006034325713784449,0.021595867106707946,-0.014202650083266639,0.22211441705670207,0.1511767353136726,0.07522881106428633,-0.029696708198583322,-0.07592815775072193,-0.0039660036557620845
-0.3231630164631507,0.10675955523861014,1.4055686595380843,1.0000891021697973,0.004479321074014779,0.018143678272554708,-0.015282035718282365,0.2968914531415174,0.1558301794641349,0.164778309382023,-0.011487441796141744,-0.08355759377553966,-0.0035549376462139536
-0.2971439911702028,0.06324066244965919,1.3618079556770033,1.0001153154581823,0.008268437489522171,0.014969253810791781,-0.012763981050152945,0.4052978347543998,-0.14492278539804898,-0.1125955344718647,0.0200030494988451,-0.08721989338123227,0.009518504371343136
-0.2971266505278314,0.06331796231991647,1.362715971388723,1.0001230385658526,0.007817897152797246,0.01469257071335165,-0.012764214282631803,0.40481248212262977,-0.14326702978500322,-0.11563924949258557,0.03453453754309682,-0.09100592818721824,0.00930098756895449
-0.2893846025607714,0.09801063476306461,1.382676432615799,1.0000663552586624,0.008491290691717163,0.011775867679731532,-0.01457800615871006,0.3015440330234796,0.07885450275165276,0.050420394678210786,0.018204230598650385,-0.1022949575012184,-0.0009760876453958518
-0.2893953307079392,0.09798812601602834,1.3825364039343189,1.0000717663268446,0.0081910114706761,0.011468174887751526,-0.014623880628130003,0.30157370621816726,0.07840145506286604,0.059540042513117855,-0.008237734092842997,-0.11308962037957693,-0.0016654525743190457
-0.27558575677196895,0.0897064514427573,1.3856883729543144,1.000081295545855,0.0087980924046918,0.00965018454765554,-0.012956858428412594,0.32758431862015996,0.0075732330053181396,0.08280549073578099,-0.0045885705186154745,-0.10468332324631069,0.007294853048693069
-0.269896487250049,0.052829878936056555,1.389224807502779,1.000072134416252,0.005863168687949066,0.0031506391009717303,-0.012264843726872662,0.26373680711958125,-0.21281344335808552,0.06771762764873174,-0.007769804985161533,-0.10336806077510027,0.006035100595943698
-0.26989861646696883,0.052843023509715224,1.3886113796611022,1.0000694461927595,0.006183580525166304,0.003505986161421923,-0.012230274774071119,0.2638737380528575,-0.21278862091279638,0.05645826519615007,-0.00443344658515075,-0.09687193026499902,0.00621376423523401
-0.26070838874004476,0.14405466245955556,1.4638096811621786,1.0000015953186745,0.00506881174646837,0.0050124944194728125,-0.01752166100440928,0.27399231424848286,0.3751975561152358,0.512118711897583,-0.026199305602409375,-0.07095795100718744,-0.010887814602376384
-0.27539828049816345,0.07097241162777464,1.4299829733483385,1.0000422982637323,0.004854943452921927,0.0028194108340133107,-0.013412182681823434,0.1305971215741638,-0.14298563986625995,0.22828662033093597,-0.04640686185822122,-0.06231121942251744,0.004568514007032674
-0.27539199459623653,0.07101445583648297,1.429273709393363,1.000043208048965,0.004363018860510414,0.0032536623995331666,-0.01341519990402541,0.13079998593471537,-0.14173090991480355,0.19637258971945876,0.0008835671699104035,-0.057009530506365695,0.005474464625121881
-0.2879775736080692,0.04411187826780317,1.485503652881044,1.0000162774411745,0.002016981997104801,0.005870361119798736,-0.013636005276875498,-0.01400370776432955,-0.27275712803371593,0.5059015003559633,-0.01264806923703013,-0.018642960062385673,0.004548126249644927
-0.3160336410679705,0.14244911898544022,1.465174485979842,0.9999677762546687,0.005545751435212014,0.005117645737600331,-0.017132610014729308,-0.17304937093515582,0.36349470129028155,0.28532842541426906,-0.008247539149913349,-0.0104958201154996,-0.007712644576517594
-0.3160563098353888,0.14237334458435494,1.4625205914571928,0.999960528446687,0.006294703051812207,0.005722366324115677,-0.01710534765556828,-0.1730672945543369,0.36195173677441067,0.2484278855288519,-0.028691752634119154,0.010169156350645367,-0.007676732629893875
-0.3042923152192958,0.07174529217101178,1.4652591304671676,1.0000118437618448,0.008002782445487926,0.006660912949359398,-0.013338629567896838,-0.06926442121046629,-0.14001198469897477,0.21615190767608064,0.012383437918007133,0.04482940454653382,0.009420874523941698
-0.2930179180649173,0.08302482778497136,1.4352498091057855,1.000002518051471,0.005246498543280891,0.00680580657382663,-0.014769507565725154,0.015041049184062339,-0.04408495559145102,-0.008934022140591562,0.04421471184271801,0.06647655515808981,0.001772951281458864
-0.292986173333576,0.08302205991416935,1.4337491112999605,0.999986787674246,0.006405761236587356,0.007965460136958619,-0.014797379077437608,0.016334423214614556,-0.0450711188862719,-0.013931106564508746,0.024820258185619563,0.07060305349407965,0.003310291230622237
-0.3320299857398216,0.06436203993935642,1.4634082327441624,0.999933773195561,0.006116267160187996,0.014379339815899948,-0.013163887232853494,-0.18605847919505503,-0.11757637699730801,0.16702255369148805,0.009305697019850546,0.07777551085704877,0.007288823521275891
-0.3764466976034416,0.10273773955924906,1.4394377859547036,0.9998898023225063,0.009571947256643764,0.01600988264584952,-0.014298922439226489,-0.4112476915750813,0.12791466392774803,0.009589716853169648,0.007787457638726035,0.062239671685725965,0.0019955249182831364
-0.3764397790935986,0.10282484243485239,1.4413097761171862,0.9999192513289122,0.007681860751814386,0.01523746965196657,-0.014223640750735154,-0.4120017876182858,0.13046148890382145,0.02177171560699811,-0.014975165534758063,0.06424902177811535,0.0022724883392455713
-0.3873053708749881,0.07232691973848203,1.479816053144123,0.9998889954749937,0.005819419331308476,0.02055501899251646,-0.014374990216158741,-0.35163455478451483,-0.06660787335961668,0.2616426962358932,-0.016282040849628067,0.10079877474562045,0.00012245537052963607
-0.3588414587835448,0.040322234887279734,1.4311208308603476,0.9999613739120101,0.004266345630499695,0.018817834450169876,-0.01272586313532334,-0.10279074380599594,-0.2443542920288087,-0.06486086098570835,-0.003777550937603185,0.11262725536228002,0.00798636950948401
-0.35881385675965355,0.04033355913215783,1.4301490447572265,0.9999321557258495,0.0045946258308515375,0.02022633465927813,-0.012746720709996015,-0.10190239426966122,-0.244368430069838,-0.08561642994414201,-0.008962881084085106,0.12426793858564221,0.008873046936803223
-0.3972879704465446,0.06407576311887205,1.443785422532235,0.9998030765657009,0.0063610860754740005,0.026632331121459372,-0.014144559370384698,-0.23207237367045228,-0.04622353576909349,0.024897249876865864,-0.025542612374761044,0.1143450181075748,0.003573198894495792
-0.4337141949467552,0.07595921027419678,1.4297720823122129,0.999760661988552,0.0053013331993402215,0.03177258670766286,-0.015199702207239207,-0.2945785692152733,-0.0016691644590626404,-0.02503685723205658,-0.05181873354229851,0.08989755881693817,0.0038392987435010464
-0.4337542825723592,0.07601998179232326,1.429702949101923,0.9998076029251441,0.004068214357968195,0.030493485132025065,-0.015111819230937996,-0.2957299317206728,-9.019360247806475e-05,-0.02161519763229611,-0.05229263610804825,0.07623582196459804,0.0035056132258429714
-0.4351599017085307,0.014903926146544167,1.436251582134188,0.9999349384256613,-0.0007518916090008786,0.030328940962347683,-0.011122839676098412,-0.14746709305374947,-0.31715866285730154,0.016638085282632123,-0.05057445451888976,0.058084183298916355,0.012383856142878336
-0.43516379517566495,0.014902122408994781,1.4365303914945668,0.9999369823729404,-0.0002456001000832233,0.03024691102491675,-0.011184962176828551,-0.1476337300646715,-0.31741922443060866,0.019797709720961662,-0.034104337911649726,0.06382178766260342,0.011550358010822973
-0.4334069121168566,0.07392344599356936,1.4281780373545327,0.9998931326758167,0.0025240714517850613,0.031260967863439675,-0.01503701703814437,-0.08819266456171958,0.09944882609219015,-0.014693377080696842,-0.039302239546907,0.05453816378363485,-0.001512337649268795
-0.4816105226105154,0.04072113432039833,1.4387453781697317,0.9988879205794452,-0.0001518333175393616,0.03388539337089686,-0.013254510452092288,-0.28118545783957366,-0.11630445284591563,0.039353906766480345,-0.06299606434854592,0.04867843408676019,0.0077434229713170795
-0.48162802541523675,0.04073639784485873,1.4385471062507886,0.9989020942234942,-0.0006497542065731447,0.03347251151878911,-0.013220415522786412,-0.28144554843259567,-0.11569503268547578,0.039408779064753416,-0.0397282575866449,0.03449378837348024,0.0072284010816284
-0.5045357822505111,0.03716434574060903,1.4742376727003685,0.9988607896149884,-0.002747006056120793,0.03872300035129298,-0.01389647786079431,-0.22091005407126843,-0.07968651291617598,0.2528797046912776,-0.03849170475435623,0.045891871951698096,0.0034440627909510463
-0.5045463446382906,0.037152149457865206,1.4742687192380934,0.9988601026799085,-0.0021351064240448174,0.03876201406451941,-0.013944534851743863,-0.2212414404446356,-0.080266754598183,0.2516920620604966,-0.03319326939428634,0.057784723235308665,0.003065157535046693
-0.501759834310135,0.0334156293822759,1.4581782060074593,0.998870431814768,-0.0020677188535857607,0.03939321682040844,-0.013991454390141543,-0.09566131258338219,-0.055328191848691866,0.16115378543963432,-0.01866310481188322,0.05553289960011659,0.0029837852894571385
-0.5050281913852896,0.03864510368909728,1.4489782171933063,0.9988754844221335,-0.002459738534455133,0.04022820289248582,-0.01379884569907415,-0.07495397316445956,-0.015694697313392566,0.07198263309876252,-0.01860809127756873,0.05114302676720363,0.0036934223902212325
-0.5051333426935861,0.03864082738041414,1.4475171320469948,0.9988831204342093,-0.0023339230696665177,0.040039728710822814,-0.013816161176764218,-0.0759534972664989,-0.015799227215321135,0.058316501658243654,-0.014328303874652334,0.03414070063956443,0.0035101447295271854
-0.5291235435220797,0.027300550853842934,1.4829207277843777,0.9988182045028993,-0.0014394404821753402,0.04359908117934576,-0.013351206717599227,-0.17564841224810748,-0.07926602259752155,0.270030806279641,-0.003245631030366974,0.027005359896264392,0.005831749511285277
-0.5176020612388986,0.026976233226468648,1.4502449118494616,0.9989314349730842,-0.002578080734996576,0.04092176038228257,-0.013294903529433964,-0.05372361385465656,-0.06501376302924984,0.04108984582331674,0.0009352481130986823,0.004747463693008602,0.005932294897775266
-0.5210411499200254,0.04186354603549237,1.4607854783952519,0.9989387358179542,-0.0008016174383411038,0.04127395835615898,-0.01467052390079034,-0.041945663503415526,0.036844433184806034,0.09745991292478962,-0.00017280067950620963,0.005290294156823458,-0.0008017264865231338
-0.5500700344551605,0.04254643558337328,1.5185295747503988,0.9988808409253281,-0.00031070146246329615,0.043927074333478984,-0.013652963843450423,-0.173633792660975,0.03385904881404474,0.43694314407355483,-0.000764047617606394,0.008738570562555007,0.004487216830616007
-0.5500893535883565,0.042549847400369184,1.5182982514056838,0.9988827610311407,-0.0004064173739072973,0.043883926456854065,-0.013648804107781548,-0.17362066999243658,0.03399160039258419,0.43678706422701175,0.0057405183239476534,0.003412185151844677,0.00441736064323435
-0.529486131472132,0.07115070801795795,1.496564195198502,0.9989404470589683,-0.00044960482736072614,0.04303820992399255,-0.016015680192541466,0.00860993485902399,0.21104678708965668,0.2175256889540179,0.011461932756255231,0.0030220459997931494,-0.0024901605057213016
-0.5391376296042184,0.023941215584710605,1.5130954226868687,0.9989986071741576,9.582287074365511e-05,0.04254786493239191,-0.012387919911349174,-0.005974760113391671,-0.11329729350815125,0.24105604822198085,0.017151253234822278,0.008975308722050504,0.010645612120737571
-0.5209507128849974,0.044252116086565624,1.4779425249449223,0.9990097854186315,0.001088829125044054,0.04164794485851859,-0.014307808794688813,0.12183547451392449,0.030351785733214853,-0.02385013053221179,0.03718173056481168,-0.007231726350560602,0.00033630000355306674
-0.5297466335643463,0.044789494648617305,1.4765693932349144,0.9989736171502074,0.002015700425497312,0.042513657571756056,-0.014185941815505016,0.07216921337151595,0.025929421380664487,-0.03139751403340214,0.024213057492593906,-0.013066495962118221,0.0008609614978005488
-0.5308215006982887,0.06312919217986435,1.4696769869141408,0.9990113505301735,0.0016542981468712764,0.04255022657821916,-0.015429407517257918,0.0738303731488134,0.12605642483538507,-0.04895507771320194,0.017942566149922432,-0.03700883448969008,-9.882291267261395e-05
-0.523933512878674,0.08044352154562892,1.420300857872652,0.9990945914653347,0.002718156656541279,0.03878076035145317,-0.01790732854510973,0.12264171469083389,0.20171484744787505,-0.3131385025351949,0.01592652956296543,-0.05979285240850104,-0.00724836612819713
-0.523820026879569,0.08049717305862623,1.4219405012716257,0.9991179390111381,0.0019628302197965126,0.03824381485749864,-0.0178580508484264,0.12392823152128558,0.20296271446454284,-0.28991215114576324,0.022410753190382507,-0.06570746367903693,-0.0069359789222058306
-0.5060877333335315,0.05263234626702518,1.4308029835080112,0.9991934565528882,0.0016333108139687167,0.03708848120433365,-0.015007172431134625,0.24237535991992082,0.00217597885996001,-0.18631114765728088,0.03668727618623343,-0.07347864789132197,0.002253316660506725
-0.5236306353811717,0.052184977673083374,1.475315678633586,0.9991161104828367,0.002512961596307685,0.03911425375435437,-0.014891760640468769,0.11439708106807085,-0.0020080714133019688,0.1549736046666319,0.05319070459616865,-0.06331947949113494,0.0029375073152429765
-0.5102050257145632,0.043889837550619426,1.4518234687148397,0.9991698714786411,0.003022667046952151,0.03650135314710676,-0.015036124995876539,0.1971000639927068,-0.04973404210193909,0.0126365481816548,0.04305974809669429,-0.08236758242053292,0.0017239172703395634
-0.5241773549438085,0.08335279350396137,1.4826074495727632,0.9991022254814189,0.005160897611882672,0.03797249665599381,-0.015401528317639579,0.09245287493960394,0.190848821693969,0.20689338031946866,0.03343788093392532,-0.07225983471286863,0.00011001762234637581
-0.4988599662742865,0.08452393366337337,1.4615114057457115,0.9991332729695741,0.008359284053951945,0.03467222954250369,-0.01525345117445684,0.22451058925249287,0.1275210712479779,0.07419112832214649,0.018689286207178447,-0.0805155401192559,0.0011278406982358205
-0.4990762660227173,0.08461466046020301,1.458895970024401,0.9991453243325065,0.007451411752892612,0.03454540987416077,-0.015222285481936671,0.22143169656592426,0.12939710300582374,0.037303280684807434,0.026844700534170828,-0.07261620285655611,0.0016330462470532893
-0.48201978025959097,0.07827283143873258,1.465602822559408,0.999152882044424,0.007029645480305566,0.03357210200528182,-0.015937936990730917,0.2576848501307248,-0.0002845422689945118,0.09165806981717553,0.025093450262706374,-0.07606479901557596,0.0025698223235296877
-0.4863775117807795,0.08066460986535011,1.4582039218365177,0.9991979999308656,0.006744110006744206,0.031369444835896584,-0.015356874425416727,0.20004004926003605,0.010631730991439095,0.039093716582803494,0.027141167839405463,-0.08631070643300269,0.005371807546544517
-0.4864271642940071,0.080630002012283,1.4573737053888847,0.9991940163774881,0.007296951773787286,0.0313618275253809,-0.015378854549917631,0.19975025248944223,0.009717421370256173,0.03262804059769998,0.019423095392378933,-0.09298109743754206,0.00512643138461676
-0.4395141470483803,0.09249071442847755,1.4293871816476158,0.9991790330301039,0.009053958626140586,0.027484124233672132,-0.015326833619156039,0.4267158412593202,0.09631418461884719,-0.10639913055905695,0.014987553733707831,-0.09405186144347855,0.000675511640082016
-0.49240986040861856,0.07668318359458615,1.5007127306148433,0.9991026550668737,0.008031934806713265,0.030701162121006178,-0.014758851236502436,0.04866602621798555,-0.021329663448753734,0.3554341251761861,0.004071071185171909,-0.07367507230785048,0.0034322147790598573
-0.4924032615431992,0.07671119600536555,1.5008736965686498,0.999108697796673,0.007563033957512533,0.030633265571909412,-0.014738612017523314,0.049345916568321026,-0.020783164495823774,0.36662951708323077,0.0066051883275796254,-0.09073963863492349,0.003688384387634385
-0.4541680608067519,0.10763155918909531,1.4094203996618913,0.9991841574808137,0.00821756710981209,0.022217238366074834,-0.016121359150437324,0.23468012025387208,0.18054013411892758,-0.2540805268158969,-0.0004047852605229027,-0.09315145637494657,-0.0030808765487097605
-0.4542040470117165,0.10764265686631681,1.408744591738447,0.9991799214350372,0.008158437783701497,0.02243660331503672,-0.0161102676285139,0.23340471918944328,0.18096277306030567,-0.27925910308163493,-0.006000167636444534,-0.07228360247816795,-0.002894234812003866
-0.4416774884722887,0.06023612466732522,1.4629893381048487,0.9991535500489523,0.006522088903960935,0.021263156170225082,-0.015248950307980142,0.24349138907867904,-0.16528307103976253,0.1201237845367464,0.006406375472000821,-0.06118925460755038,0.006235555798834061
-0.4364996982034076,0.07974481321494578,1.4607003166545933,0.9990726336233988,0.008581578400043722,0.02389939909719992,-0.01609503496346202,0.24149942093644997,-0.02180320165471077,0.11504082909731474,0.026468599510279196,-0.05060578748123665,0.002003955031059011
-0.46720616009364,0.07131618281158657,1.5050475478173417,0.9999898408961716,0.010034985182817539,0.026346146115121448,-0.014883788511993928,-0.023654132194359113,-0.10164178322015129,0.4082829428584163,0.010194526743514499,-0.03792692381358987,0.007747027404283813
-0.4670092460651896,0.07119817607631912,1.5092768658857887,0.9999996871580634,0.010229487682101588,0.0258841268188891,-0.014900503471793664,-0.023165013044340863,-0.10280867060280849,0.42953715282955324,0.000493135425878258,-0.045627383101169,0.00802220003744283
-0.42971394451572975,0.06603350115704537,1.4722989653604888,1.0000733632057301,0.008644968658253694,0.020139551927946156,-0.015457569274732987,0.1654548817514315,-0.1547414481344999,0.13869652065748223,-0.027292416328479008,-0.03924149881634486,0.005015626335111205
-0.42990799770119337,0.0661870301763181,1.4679429634594845,1.0000753684076735,0.00736529828551867,0.020570552902763876,-0.015422898165609844,0.16315630289086328,-0.15204140590653528,0.08284361762400158,-0.042845128203695335,-0.018670466997243274,0.005271819171118962
-0.4048417109223705,0.09852145656934685,1.4207199957267505,1.0000897923958592,0.005553027867111309,0.016487898597218255,-0.01765605791541295,0.2862643380777131,0.06998480239764295,-0.21523270637040307,-0.05378857158481203,-0.03192694904932525,-0.00024805228791814616
-0.42152199396688456,0.05323138236134077,1.4470769297047625,1.000050460747578,0.003142251965430597,0.019118586280837194,-0.0151222576484686,0.14173126615368029,-0.1920795725055899,-0.01354116245378481,-0.06396600100618269,-0.02066279030398065,0.007467906910355886
-0.42146156279867064,0.05322785542503609,1.4484859034206803,1.0000560332889716,0.003152141335020733,0.018845049685066267,-0.015095083599214751,0.14327622185601313,-0.19222539249307918,0.02730413724324214,-0.03985888233272953,-0.03638561708699392,0.008007873253547454
-0.421017964407092,0.041087950913299115,1.4467333380434348,1.0000496650464004,-0.00018260372761931166,0.019310263822515227,-0.01681537915703215,0.16306455094622638,-0.2114200761147391,0.025166132720544857,-0.05051651016421947,-0.038362764889302584,0.0039051250325677117
-0.42094713850990084,0.04104975566456658,1.4488916371725464,1.000054399997437,0.00017845215965470044,0.01905340991538195,-0.01682683937986094,0.16328586185398153,-0.2121718402713953,0.041312338751700525,-0.056609040184313855,-0.035312871380413544,0.0037306192773279142
-0.42089361748962806,0.040987929924286425,1.4505859231766438,1.0000554845553653,0.0004317214986137713,0.01898218901097891,-0.016838321440848784,0.1633686338744118,-0.21307936220711018,0.050182028569591655,-0.061140697085133824,-0.034204335512519654,0.0037777197027088374
-0.42734406632925204,0.04514786149498591,1.4300743153607411,1.0000775919520366,-5.43815510958823e-07,0.01538652593509387,-0.015299298742048323,0.11021505856807882,-0.11334597129075585,-0.0779041934525569,-0.056615684359495384,-0.041630515927330705,0.006790289735480224
-0.42736101784438224,0.04516475188601435,1.4294305057287775,1.000076763158822,-0.00022390779099520274,0.015450546859757198,-0.015287349815671654,0.11008453054312137,-0.11299740442184261,-0.0852605531264032,-0.059030091607526806,-0.041554692916407975,0.006921414720397056
-0.4516113974162775,0.020271420355285306,1.4723171422623145,1.000038295023797,-0.0006314986476821667,0.017930271874812186,-0.015083689563139106,-0.04632221518024953,-0.23921404731757884,0.20578184727745316,-0.05226119576410413,-0.020083824416748275,0.007675897879402807
-0.449253144644736,0.014835983668980385,1.4642865311828541,1.0000527168340907,-0.00467499836937923,0.01670712282029307,-0.014545945065730368,0.0376662567779271,-0.1765875054777699,0.1604260722532505,-0.044475440726716886,-0.018575936842625443,0.010157200728631579
-0.45149726583195526,0.041470642382608475,1.4593553601609373,1.0000098987788115,-0.005786284729483721,0.017797668756299644,-0.015998963615462866,0.058930533983971606,0.03234325736602581,0.08845542933805232,-0.04836869373986952,0.004706511992724014,0.0028478165652992397
-0.45145731307177794,0.04144523392650838,1.4596321538023853,0.999997723285717,-0.005555023496653543,0.018524965523594963,-0.016016334670050245,0.05939879588400614,0.03173115158139059,0.0796869068896457,-0.04620869545375384,0.01471779546437667,0.0027736558164616625
-0.45943300823087957,0.025841474132937414,1.4622272720534961,0.9999905048838597,-0.005480377236004234,0.01840774367514684,-0.015463290890571794,0.006466940944195295,-0.07021793924305407,0.08808298131572817,-0.021878878462176073,0.01816828201714539,0.005170719199466476
-0.5057185163946403,0.020082042880041336,1.4506652061333276,0.9999721120245647,-0.007325655015054626,0.019429496757210327,-0.017309307049469643,-0.20414659494031065,-0.0505057862489086,-0.02780972597393088,-0.0009556391645400217,0.014921905567602943,0.0006254872845136992
-0.5322107744136908,0.019329429517062093,1.5317610570347513,0.9999082841196779,-0.005776496624538089,0.025115748413354785,-0.01553290112273885,-0.3059413359267184,-0.04261568173766388,0.4772832926594739,0.007870793157381971,0.035838553620544854,0.004784002737662162
-0.5232456647258257,0.03924481253486283,1.4911543031178875,0.9999798897698633,-0.003023108010126273,0.02235480021426398,-0.015916880156905393,-0.18164369588419552,0.08882860249808337,0.1586648622576538,0.02070683091617869,0.04611975444041694,0.0032013345709838666
-0.5101988028351321,0.057520097773076685,1.4903672493839732,0.9999556755560556,-0.0028207882964883537,0.02281934019913464,-0.01749209050431526,-0.054898414330791116,0.18015887649262874,0.10435298861963205,0.013100636030408704,0.07424898661882652,0.0003399535268079554
-0.5226413922212578,0.029657092468846402,1.4907126269672153,0.999932153664349,-0.0021823979301090757,0.024247878629837318,-0.016999139788388736,-0.1097877457915212,-0.022010164500357574,0.08644596286025305,0.024658598412598605,0.08765236972971562,0.002206394781215694
-0.6061079316086649,0.05372890550117873,1.5181328388413329,0.9998320836526919,-0.0029383470350573242,0.0290985373463164,-0.017732704866923823,-0.5649254117203982,0.12943362294377012,0.24156311000791672,0.038341678335554075,0.08903224756722383,-0.0023550931504531733
-0.5919768728330361,0.024792968524827638,1.5373563460561153,0.9987354343475956,0.00045046872076481847,0.036245586509500875,-0.015382274249301399,-0.27711910740103063,-0.09918073259434433,0.3028593014149966,0.03664657893143729,0.09560617378154203,0.01002828998627849
-0.5662261378711351,0.06703084017233014,1.469241075683634,0.9988678183186646,0.0009491331428758811,0.031141763809313144,-0.017758958911149654,-0.05238102457151198,0.17210124493291343,-0.1652368369505818,0.04420825554096336,0.10793455108793257,-0.0016900578971616276
-0.5662408888297356,0.06701789529844923,1.4694792336781637,0.9988614273063747,0.0009068864025034905,0.03136029101069037,-0.01773607088302155,-0.05330348438098318,0.17191341132645888,-0.17499360043838572,0.023296217599084113,0.10762115670063101,7.820873633978761e-05
-0.5940460323488476,0.07828003290315369,1.4923297630619914,0.9987903999943271,0.002341025280710011,0.03560487963131854,-0.018290963217069533,-0.12013944695100554,0.22400901245010793,-0.021748375155327314,0.030263513257795516,0.08723491841390586,-0.0031767948109999097
-0.5939742359480294,0.07826837079868912,1.4921867886579148,0.9987826551874316,0.002515288088961691,0.03581304175810119,-0.01828445880219838,-0.11745683640329424,0.22374132724858614,-0.002027564811189767,0.04332694259269185,0.06546796764116058,-0.0036439476474709317
-0.6535818808924965,0.07815469621878245,1.529064727119034,0.9987726083549822,0.004120972636918279,0.04208485710302762,-0.017180492543617816,-0.23219213069969777,0.21317248487642662,0.1907872272045668,0.054332362223344595,0.05242089062786008,-0.003545031708519417
-0.6533724480760555,0.07807767684592194,1.532805534012381,0.99881200274129,0.005198703401636347,0.040975570912334995,-0.01727904902255524,-0.23190181187130185,0.21164386389167292,0.21762121687019134,0.06734071750208305,0.04499078813278951,-0.004063595904311168
-0.7084085434658796,0.04061678976705262,1.5387693382243415,0.9988587678662086,0.009550244490503903,0.04420607518781591,-0.014099139044825121,-0.3640054722572025,-0.13459264882773153,0.23039859522194206,0.07372033370540339,0.05049465335657974,0.012397628254896759
-0.7085690392055585,0.04062893398741488,1.5367961977685958,0.998842858365425,0.00975169935240507,0.04451957270467337,-0.014101936084154816,-0.36630262134171876,-0.13448735028491343,0.20092738652403547,0.07187899711786686,0.060947486603711735,0.012569526193216789
-0.71854604905296,0.06512177876445972,1.5622950358201497,0.9986827101897692,0.01489351560481793,0.049887470883217294,-0.014010638875057192,-0.2707810314036805,-0.047582629510068995,0.2996012246311669,0.03613887479198309,0.08941053538684235,0.015168166023647806
-0.7187023558334477,0.06518317825876146,1.5602549851029601,0.9986615479114757,0.013734923655475463,0.05067189128611917,-0.013887368323558271,-0.27175441439229797,-0.046440013181709795,0.28018477326282526,-0.0031108770182730018,0.10489479270155273,0.01672574224699107
-0.7367508387651008,0.07568693585539486,1.5461550524359078,0.99867620339238,0.010073998151304234,0.05355340436877005,-0.017216302716864296,-0.20164755465344053,-0.03240357957679997,0.12198132913890673,-0.04626250472747325,0.09707151435904875,0.004184785615874804
-0.736767771923323,0.0758000748775721,1.5456589364206013,0.9986801419255253,0.00828389451366929,0.05383710439639071,-0.017056378228086835,-0.20173208934693215,-0.02980955303456764,0.11433219229456143,-0.05840176464546884,0.08901899225120591,0.004416234493736056
-0.7705425089210517,0.09187831884889368,1.5330235149639067,0.9986516771133102,0.008167590323157387,0.056057295605617605,-0.017254216212175887,-0.3311932751180026,0.06825484090912685,0.018712003360195427,-0.05151115498063941,0.07417880046940638,0.0030346086954239626
-0.7434120585573026,0.0505628910694555,1.5347872194429044,0.9987471563721597,0.005506135017266808,0.056756671314453035,-0.014508256706502156,-0.07271571606045839,-0.20087741764620026,0.025129766494545753,-0.051424244202534705,0.056688908017508165,0.010998304517033961
-0.8031642332634472,0.04020558490746224,1.5576615072670061,0.99761934948889,0.002339897479026772,0.06462071287888296,-0.01386881077741492,-0.2539569089370859,-0.15388590846347833,0.23094911586289193,-0.02702829225988314,0.06676225952215445,0.008842538408943439
-0.8029676783037978,0.040163442077170645,1.5595203381297928,0.9976484972350573,0.0028041952938222814,0.06413921115482149,-0.013921236309023931,-0.2520145003857874,-0.15471663224826956,0.2521243087272801,-0.03741612635224186,0.04497287846104102,0.009202660492149992
-0.7831345678579016,0.08259141491908235,1.4975811351399344,0.9977791492517415,0.004239669470626153,0.0634417890729141,-0.016701657483889548,-0.0443260989356761,0.13912442679437667,-0.10729218700989136,-0.03699683655132589,0.028424543434622824,0.0007647344678756545
-0.7831057555369006,0.08258084071608723,1.4978122077263036,0.9977914619622801,0.0040093115894257545,0.06326552366930292,-0.016691589609037598,-0.04547366447789062,0.1392427120565432,-0.1155052828618293,-0.04292730056482006,0.02844675954823562,0.0006992244590327576
-0.7168314682669712,0.036077270284225,1.4927404114787797,0.9979287236858303,0.0011403780856500663,0.062479706535083245,-0.015174044700056665,0.40048268755830374,-0.16850901565821308,-0.10189999714351472,-0.02598433926504341,0.00019391093606185676,0.006971655387925626
-0.7483572355556175,0.04205368205835291,1.5060925853825538,0.9979524732337299,0.000993244217340707,0.06203184826575259,-0.014175075009850012,0.1658157470189715,-0.10030064595680854,0.02155268291671502,0.0019238707714411126,-0.016961425964209256,0.006340874494082542
-0.7083236256319773,0.0673446982755912,1.4731200252863108,0.9981169866450953,0.0028680360247552205,0.059108906018437636,-0.014642753803847889,0.34446174158868503,0.10267752170413184,-0.0742136359916773,0.004404295723073872,-0.08557426019199077,0.0038624046637381706
-0.7080427348416894,0.06725478606966945,1.4759961918682203,0.9982238138052868,0.0035964101472863563,0.05720795777875104,-0.014749366861679934,0.3447373783218017,0.10104774104508202,-0.05563783472095641,-0.0018542775326341483,-0.11100420847642256,0.0035219353051286267
-0.6545420779472874,0.041298633888454735,1.4980766647862453,0.9984351158272383,0.0022614638062043997,0.05145204565884268,-0.0137440668399474,0.5593503729437631,-0.08455538016403083,0.12523273579001665,0.0030441236617627663,-0.1477922324588277,0.008858350297874474
-0.6547230052195404,0.04136108008899793,1.4974449078034962,0.9985199511374483,0.0017650248052241391,0.04980666155399141,-0.013714529784248334,0.5563187677976195,-0.08331243838815881,0.12025922810010092,0.012500682317433547,-0.16358194358748415,0.008953861732315242
-0.5820728412134829,0.04272741863151849,1.4779229121564728,0.999496957257787,0.0019106817038135398,0.039866680721639666,-0.01561507956719935,0.6896020063870338,-0.04296513448612528,0.007876056705908678,0.005644018725160555,-0.19209351779607353,-0.001417043559816844
-0.5821254052115694,0.04268595978108558,1.4776684111130687,0.9995302753041965,0.0023070171809906077,0.03898854850081413,-0.015646054281668285,0.6875577362046033,-0.043781320468043394,-0.005218300068550374,-0.0019701622377057545,-0.20838410370086777,-0.0016481589679249284
-0.5791863713203184,0.07834989117902239,1.4859619252683849,0.99949344707008,0.0028114834031620606,0.03567452340825573,-0.01724170638796944,0.5851828133828544,0.1779676485380333,0.05509970222819015,-0.0021680897892946208,-0.22237479135323795,-0.0039972333311445235
-0.5546843877454603,0.07461506939103808,1.47848109190577,0.9995115312938105,0.0034054521116752326,0.03144301657860978,-0.016353551613680347,0.6363799164493947,0.11910019494879133,0.00943188591948672,-0.0045912652765195084,-0.23494077496808907,0.0008046459984002277
-0.4872588448080797,0.05586685103202342,1.514145193590246,0.9993387933465833,0.0026712676654605753,0.017021622383709717,-0.016885086485086152,0.545274628804204,-0.057734770703573045,0.21212372211732636,0.014123454334367333,-0.2265194574796981,0.004630136137908736
-0.48722736228542135,0.05585009099981006,1.5149616086311122,0.999337395132274,0.003282175525107135,0.017030214783034903,-0.016851516632160984,0.5454759588853518,-0.05822549311159316,0.22092617817456411,0.029515827639159407,-0.21806196090345897,0.004814564335146011
-0.44399566345960306,0.06828535348603931,1.5129513297543207,1.0001297996767928,0.005649227916830147,0.004393620776251794,-0.01682786167199707,0.3042179075401988,-0.012317321614443074,0.19666910082565958,0.02554164593332687,-0.18752539132553303,0.004105499329064241
-0.4439729428501785,0.06824202957932285,1.5122951645094,1.0001223106250836,0.006062000224213859,0.005429003334334709,-0.01682706382380765,0.30495535519895334,-0.013178071930132346,0.18220658092142653,0.014492833234140126,-0.1649732038595249,0.003659259885460403
-0.40317560157857596,0.07534778246405571,1.4764679795574405,1.0000932012289052,0.0066488529441890935,0.00269566699477004,-0.016496346388794537,0.4941147373359219,0.03161482701692132,-0.0676448857413486,0.004807961057109069,-0.12216551862000605,0.005128403896283584
-0.40476690257957093,0.07126973573667439,1.489116835038615,1.0000652151015763,0.00517899213939825,0.0040218384610114,-0.016869501931717535,0.38493748761457786,-0.005018142890895681,0.01899951159356406,-0.006141368099357685,-0.07634519177267618,0.003226374846363086
-0.4143833618231801,0.05714878232345433,1.4922950162826896,1.000034183848215,0.004252240764196305,0.006120762220178265,-0.016465340102840894,0.1341659844265842,-0.1025899302338642,0.05143056840385967,-0.007643858368024,-0.05184241771791242,0.005282892779611887
-0.37995331931662557,0.06314545464979922,1.458384938135418,1.0000311166280955,0.005040999185108885,0.004492474186358476,-0.01643693951189651,0.31542075838482103,-0.05098801668911518,-0.1491040181638464,-0.0022595356756290323,-0.05451921448357556,0.0055862982420599
-0.3799258858294752,0.0631291670381356,1.45967009068447,1.000030480619033,0.00505532289500616,0.004652731215459926,-0.016426707681407974,0.3157481276326149,-0.05120277409002679,-0.1364479100381121,-0.011247883457569713,-0.03350014969390172,0.0056191610413811885
-0.42900317173457947,0.0652916910420193,1.4828811432556919,1.0000164525044766,0.004399455730536014,0.005068753797788626,-0.016494081413024154,-0.14246467173629088,-0.01947288232930819,0.16946286438994615,-0.017939781610778582,-0.020805765445335318,0.005407662809102788
-0.42897322138038374,0.06529968651196534,1.4831260066180028,1.0000149176921527,0.0041204097506126434,0.005604612564978037,-0.016485801090535747,-0.1415836252040839,-0.019260451451517925,0.18019336946329143,-0.020470987687487827,-0.021445055008787472,0.005528732729811083
-0.40759710080141753,0.05706449172044944,1.4430566621595244,1.0000091208923547,0.003683902945225084,0.0062589154059524334,-0.015684944694881003,0.019110237155508,-0.06543779628792559,-0.08511104199382577,-0.019960465732594752,0.022377545870108245,0.004348184036827314
-0.4089493450510423,0.0636860919101874,1.4473613343847016,0.9999933297601017,0.0023015798200765577,0.006746179787666361,-0.017422441720978257,0.008715283093521443,-0.013818353611591401,-0.03724101147099033,-0.01898106761834688,0.05831419344175026,0.0006220517203956598
-0.40892794126840537,0.06368994619016312,1.4460329546400104,0.999982538435866,0.0024243337866176095,0.008159194263906712,-0.017420702125944657,0.010032602205781936,-0.013930725761505683,-0.0419863838545711,-0.02052068778918781,0.0687993115861317,0.0008740908389817347
-0.4004091112908018,0.06733475369152707,1.4032601164329908,0.9999515439571621,0.004325568661416024,0.010104221011822661,-0.017807576729034092,0.0611209013816768,0.01870667041758465,-0.25090150250132787,-0.006967748299940597,0.07408968566264934,-0.0010476318033667685
-0.45400466690341074,0.07049945779542227,1.4488151889458791,0.9999184253317908,0.001908120386165591,0.015034350147851337,-0.017189437533894916,-0.2593875817617777,0.03784461848535366,0.09743098442054607,-0.010705627039689268,0.08113313318432973,0.001983982013674835
-0.45399535152619913,0.07048911960171332,1.4512320507618661,0.9999292173759069,0.001993424488722917,0.014289867818856376,-0.017187047595875433,-0.2595210638930318,0.0376762826804445,0.13258559469835837,-0.006671318170417825,0.06520751710443246,0.001975810274481286
-0.4517555854346305,0.02650023525975881,1.4301622486370436,0.9999563969714932,0.0026738302534648527,0.015359547927048106,-0.015561017248893826,-0.1887330094670252,-0.2403990648279827,-0.010634107347198399,0.0026261153945197537,0.08076302853414763,0.01019726716664033
-0.4474280342007138,0.07867518837089892,1.420911857766331,0.999938978374719,0.002330977687262348,0.014613684494482922,-0.017945853445582884,-0.1200481116784266,0.12144885885284946,-0.0552962486064159,0.004963369159435779,0.09154398718332799,-0.0017246723872045382
-0.4689561415778256,0.0579623856582272,1.4455034321976497,0.9999166726488339,0.003394504168593919,0.01788296714770924,-0.016653165012464836,-0.18793428951546406,-0.027777006382991833,0.14164560844220858,-0.016653851485720097,0.10679249051748411,0.006261484906700461
-0.49111224164780165,0.07803167394070586,1.4368270743052554,0.9998627392391544,0.00388329661982586,0.020915117949515245,-0.018734592775191412,-0.2749868814241377,0.09188588869831375,0.08177868150814854,-0.00034249925819488714,0.1058287784561065,1.7004534978239268e-05
-0.5000380684738178,0.08104640127928782,1.4397039894830463,0.9998251758630563,0.0038930066189366776,0.022659746071749743,-0.018708360335222027,-0.26016090288163274,0.088952269280243,0.09564712351956872,-0.0025687897776754324,0.10435755493078645,0.002133083631490575
-0.510894959723593,0.048848232424926016,1.475537954416545,0.9998070159536196,0.0030201137007722697,0.026073015108094174,-0.015843380066757434,-0.2538044627541123,-0.08482361316749222,0.27225094201128214,0.0044216343934308155,0.11370909161806161,0.006974436940891602
-0.5467332419152221,0.048971941988922595,1.4626718175692865,0.9997614637656745,-4.819612328217681e-05,0.03132549638331953,-0.01651460800805023,-0.28569540991235004,-0.03723256747815658,0.17960273396406645,0.006906822184418172,0.11432439233362808,0.00462687749973752
-0.5369475482948955,0.05016032158017655,1.4551817387713966,0.9998098177294324,0.0008426807404112527,0.02964790815872674,-0.01666215109475134,-0.3080248669711173,-0.03817554305321749,0.13485083101072246,-0.0058366734247585214,0.11386373607788926,0.005144449010000333
-0.5702477413499848,0.0399692222824555,1.485970531802521,0.9997405011220222,0.0039003915445986405,0.03567151895869806,-0.01607067458489763,-0.3551859725243397,-0.09592124224739498,0.24853621727590297,-0.00016867010816127616,0.11599553735344208,0.008363667862012893
-0.5703035076608919,0.03998425473031204,1.4850897312763058,0.9997469489673755,0.00355294150266253,0.03553978464914547,-0.016041966474796585,-0.3555782569741613,-0.09555919427223716,0.24332818817267296,-0.0045448543312122764,0.11598951643424518,0.008402073656762172
-0.5703687207471139,0.04002726638937083,1.4840444202664174,0.9997531126943,0.0029612904669654005,0.03543750350761332,-0.016004187235787493,-0.35651336027625796,-0.09465850789610221,0.23084083039824227,-0.017419063028184852,0.11743452600999556,0.008804132754360266
-0.5610266591211616,0.04989925670919106,1.4713000038954398,0.9987684224212872,0.0025792199716780867,0.036910601464520854,-0.017076136258809178,-0.16444284951845511,-0.020390177496086796,0.10884198501032645,-0.026100189583769758,0.11140917959944856,0.003578678618419089
-0.5727256031685989,0.05177452148775605,1.449697084720286,0.9987849627511823,0.002239243289094648,0.03731711241913886,-0.01705928783687327,-0.18420408118792772,-0.006074251784303421,-0.04100273495687137,-0.03118627003266558,0.10942902768309075,0.0036361535627106836
-0.5727768689076616,0.05180498820148369,1.44880252585712,0.9987897001337027,0.0018981346920412187,0.03721811901993302,-0.017039597255111023,-0.18409516412616364,-0.005501887100851921,-0.04165015024467204,-0.025647241288581007,0.089499605957459,0.003410636055176304
-0.6362701131369622,0.02715255502893329,1.4912803139240896,0.9987180558230165,0.0004552667112462665,0.0461814756136214,-0.01453673955175618,-0.3017995600265723,-0.12106781206692802,0.14950999976374046,-0.019551604587033707,0.07957227994401951,0.010485199146096476
-0.6883640629044073,0.037843879130566194,1.5024850721984304,0.9985083481034198,0.0005415924529075494,0.052177756224418725,-0.01778458422966122,-0.40253906707970877,-0.02818576389363723,0.18416124736972295,-0.011878652365052636,0.07278043535892269,0.0012813453164558207
-0.6531751907698299,0.03860525102291756,1.488309986073076,0.9987303008602053,-2.1593175025827932e-05,0.0499436373833174,-0.015408540770823287,-0.07995452035116196,-0.004211047755009206,0.09815089973787107,-0.017519580683253926,0.06157632681521266,0.0055803367519115755
-0.653088567753724,0.03855106481145329,1.4904816259686982,0.998768834390581,0.00032941691339135633,0.04915573142988947,-0.015440918316241952,-0.08137805889993383,-0.005053397508656183,0.10400309799565045,-0.01521230281387814,0.06956087982360357,0.005272457851529019
-0.6611588318641409,0.015571783880966588,1.5025073921944012,0.9987871214758154,0.00013324568660900036,0.0508213914151803,-0.014678461882018407,-0.03718527862833005,-0.1186160023240247,0.16006954963521403,-0.009981937892616491,0.0475148744716071,0.007183440592404874
-0.6612705870024546,0.01558461392623419,1.5012328540386084,0.9987995173102564,0.00013231554579961103,0.050574853561214855,-0.01468659856240569,-0.038032411984999355,-0.11842018279006034,0.14977775122398213,-0.005376422367651428,0.027633168451137755,0.00692976686505729
-0.6501658511266769,0.04102294793286376,1.5026635506638726,0.9989150622747125,0.00044437628235674824,0.051786710938023714,-0.01666275019825907,0.1576119223586391,0.003594365891265533,0.021841096068791265,-0.012797799258313982,0.0009142431330871705,0.004225263938500643
-0.650238340945513,0.04098840651866685,1.5022929787132662,0.9989690997760778,0.0005982144084143643,0.05072357014666734,-0.01668857623709881,0.15602848263628036,0.0030184667586943387,0.017530381428910283,-0.020757511279561346,-0.014049166026703525,0.004403867414940747
-0.661684535139275,-0.01022174452814052,1.5511769138298033,0.9990285532477168,-0.0016041046074204471,0.04999408592027883,-0.014034839579374904,0.09931284308807306,-0.2527739350791421,0.266549440620633,-0.017464643618900138,-0.042278981306600745,0.00937476203401646
-0.6617541833041346,-0.010198240615255715,1.5510692800847472,0.9990841246682813,-0.0017856593262768254,0.048870921688573175,-0.014013119060797434,0.09834294985718962,-0.25226602060280906,0.2702011645945078,-0.010269878407697886,-0.06371125285775515,0.009397004479544259
-0.6781092101731933,0.02602480778784522,1.602548066332427,0.9990245559388568,-0.0026427045546883457,0.04938849056360063,-0.01716835340197999,0.018252954111401248,-0.03977804740487473,0.48313005706972256,-0.028565774358592238,-0.06567974231086178,0.0027828564189412573
-0.6547639841560964,0.0654520839089585,1.5853645111363373,0.9991981221730531,-0.001006411913213371,0.045782614674707324,-0.017206368154296024,0.1521961679591939,0.16393800727528973,0.31375173219071223,-0.04418365397378829,-0.07361394500152099,0.002896370222846396
-0.6549352897488228,0.06541727993152399,1.5845799620617198,0.9992263888479415,-0.0011358588857602976,0.04515883889725552,-0.01720526692406716,0.14784553397726594,0.1636619035493677,0.28449601118675616,-0.03467452333818603,-0.06235638287722696,0.002958495322587896
-0.6220640172707467,0.03209243678681971,1.551805495681412,0.9992901913230384,-0.004905303466350306,0.0366527972301344,-0.0167819303902855,0.22899772084525266,-0.018254159707156502,0.010882167761686785,-0.0074648271170823155,-0.06870211475130399,0.0035965345533012947
-0.6223601607575852,0.03216897682296075,1.5478015317006233,0.9992710179183771,-0.004792283124933616,0.037181081937101984,-0.01679422205859711,0.2274373876958135,-0.01719331638206831,-0.017681966077904798,0.02037006015764547,-0.06787887634991815,0.0031049560392931636
-0.5998357142857427,0.06298951253997842,1.508276954810159,0.9991907991489403,-0.0012832214909777187,0.038072911876140085,-0.01759455005253488,0.2987340232861589,0.1457769785357868,-0.21437729231525668,0.03369879451503486,-0.06622064075227967,0.000760143717834837
-0.5998594238766779,0.06283684002760147,1.5078058223604092,0.9991881902203006,0.00040516399233894403,0.03811454767141711,-0.01769418460927037,0.30025256155176233,0.14277907700446021,-0.19807064530021254,0.03486951171008484,-0.06978291417930596,0.0006018520654937396
-0.6094993647506661,0.08449698278361888,1.530918573804235,0.9991699545818273,0.0031333578089108023,0.037084879399758554,-0.0190866396784821,0.22502471264228419,0.2205027354645262,-0.025435749692995564,0.048234450821761844,-0.08145573424235517,-0.00021888337899098861
-0.6004965975966822,0.07931825583453384,1.5249786549547224,0.9991883093287133,0.0049450854443601954,0.035664963211485504,-0.017270793558683547,0.23057245717545113,0.13836609218169146,-0.004243894620283702,0.05317800271576747,-0.09210670974612967,0.002039852761086529
-0.5899874052564282,0.04797726725344328,1.517098124858626,0.9992272687972343,0.005342341406737268,0.033896330174839534,-0.016166792265655563,0.26722635307310166,-0.04419849103634254,-0.024370506880293328,0.0607174860225479,-0.09072071721804739,0.005408497659761113
-0.5693769343555122,0.07848867861002172,1.544996854285168,0.9991616018572899,0.00971381571273732,0.029247816500244914,-0.01665246293363425,0.22032694342475057,0.02373677965260816,0.2598637726994024,0.058959789515399416,-0.08427105140567015,0.003917268535131438
-0.5693129378214021,0.0784080454207144,1.5465391708991612,0.9991635268804424,0.010041145509005289,0.029062385028849922,-0.01666753225338154,0.2200653790937914,0.022618844213884538,0.2654757298622395,0.03591264693239414,-0.08326716226302588,0.003648318081441761
-0.5305664949971783,0.08482137711758247,1.4844901840788276,0.9991648556008701,0.013177567815779898,0.020568020753493087,-0.01788594415981649,0.2993814758483985,-0.0341501542225764,-0.05996843523796076,0.019521526676142167,-0.08129283071117285,0.0031538937907479294
-0.530662035625978,0.08489265821684548,1.4817473967980102,0.9991629581923565,0.012372030750195334,0.021176611411359982,-0.017857102533674216,0.2986179137665901,-0.03270858648053523,-0.09425601320382389,0.006532306723476426,-0.07208659299938038,0.0034076963660652037
-0.5265361092182806,0.11912434839893851,1.5021232515351235,0.9991453487331609,0.009212344841573553,0.02145110472603476,-0.01880326528856481,0.2816358714227282,0.14040798411952735,0.03602022422953454,-0.016083931625759027,-0.06600073664121622,0.0005751173351040419
-0.5629870211522761,0.09540994424312002,1.5386669071107897,0.9990916213551406,0.008038334965304556,0.024661868857190863,-0.01825153645426562,0.062001937952431106,-0.0008495744128299062,0.22057346621063215,-0.02759612588973448,-0.05634350836312068,0.002338974234390422
-0.563011425493336,0.09545767550341668,1.5375125082832726,0.9990849173272038,0.007767621487356839,0.02504537265317423,-0.018213429352787754,0.06271402902110111,-0.0002797805183861749,0.21974789984696247,-0.01042310338160044,-0.0539458455293568,0.0028946970615232196
-0.5504967327380479,0.09498844795075807,1.515779773255068,0.9991172769401272,0.007572246636656389,0.023230174550358033,-0.01739798852964718,0.1283869462946233,-0.008367053190012168,0.07540825152777195,-0.007788751390418867,-0.03632248812967571,0.0056050905254818465
-0.5395167921028915,0.06908644751317934,1.49346971216323,0.9991092935278096,0.0068738764902182056,0.022351820603073943,-0.017769919469742473,0.17375880584724,-0.1384042807940239,-0.05228102358599949,-0.009572017697104435,-0.019273033205529273,0.004615163466307998
-0.5395493572474465,0.06906622538352855,1.4923845243059428,0.9990901927202306,0.0073345903109252805,0.02305956659173282,-0.01775532509071716,0.17395466010786081,-0.13905665653786717,-0.06148184821218488,-0.00966174102482187,-0.011672080912082699,0.004701643172289208
-0.5566522159393779,0.07361713784349043,1.5002102050528312,0.9990323766169505,0.007976497653746159,0.02609546116927778,-0.01754185214918765,0.07609235714510416,-0.12478159863177268,-0.017645941819502957,-0.01974252668035643,-0.009245083230851037,0.005539104381034197
-0.5566178605782317,0.0736739681040062,1.4990433825373972,0.9990196301086472,0.007264951221553243,0.026802405385663888,-0.01751090848170254,0.07801372213379279,-0.12403299412708918,-0.012992037724829984,-0.03490951258042998,-0.01301349489211638,0.005726706937482354
-0.5690953669136398,0.07961540477671684,1.507061914653722,0.9989927910549378,0.005773242415549204,0.028712827545800998,-0.019122000685084038,0.030720968984164918,-0.07486702477274237,0.05455277767726108,-0.04700348438300086,-0.008085442063597629,0.0037804413415360107
-0.5911216408821719,0.0519223166729065,1.5168731774444661,0.999008815233676,0.002808942917289381,0.029827304160933155,-0.01832585141981159,-0.06326089570173538,-0.2007745166888114,0.11090413537865587,-0.055793100967812495,-0.005319485251692846,0.005981178234653327
-0.5910536338681394,0.051974467159676276,1.5184806635784107,0.9990132991414163,0.002164424829950505,0.029745998647496018,-0.018300975111575128,-0.0632707627403295,-0.19953662230372832,0.11727823328736604,-0.05173814902820662,2.5801587965475724e-05,0.005961916844633825
-0.592325932601603,0.041512483439363944,1.518834149188204,0.9989948387512576,-0.0006855065461862722,0.029318615026472036,-0.019423399547946953,-0.03614896055045222,-0.21561490434954111,0.09971829245707728,-0.058682615714780416,0.011799206671445472,0.0027653097278760685
-0.5923456204126197,0.04151469033174889,1.517877773776411,0.9989758725388606,-0.0006717294965125563,0.029959715713184565,-0.019421041627597096,-0.036129328219089374,-0.21565916144124103,0.08663639133221471,-0.06285908712254981,0.02386163843476924,0.0029107280182627086
-0.5940543725263936,0.03239589145790721,1.5041686951280793,0.9989688012834601,-0.00142123165714991,0.031751174241896135,-0.016887247328022503,-0.014090323344483534,-0.19676652830088032,0.017855886948803752,-0.061545227438669435,0.030396172376990643,0.007718608074313936
-0.5940894328052199,0.032391137326179695,1.5028771126390938,0.99895065107323,-0.0014862361964739503,0.03232129954462559,-0.01687372028261259,-0.013733823916437992,-0.19679157388283283,0.00858013362176449,-0.06288459484116406,0.03260760830363261,0.007908079820385553
-0.578442153668768,0.06083764220423606,1.506620644284726,0.9989169051213127,-0.0025925830934527185,0.03388286534238086,-0.017327629332794765,0.08299105934064686,-0.01834622869267924,0.035589697337035826,-0.0613707225523189,0.02945779944101915,0.006614738981880936
-0.5979714787817847,0.019151112783346302,1.5029122075631758,0.9988695789579468,-0.007900014424782092,0.03604757994874228,-0.016754957212106122,0.05412229943687265,-0.10977224516709888,0.03084682873672594,-0.0631074180304487,0.024846033874068738,0.005183803323869644
-0.5979363222029465,0.019153262124470685,1.5036128798916888,0.9988852840932686,-0.0076304611904097226,0.03566590534302708,-0.016760485847415824,0.05426614031454815,-0.10984942599303417,0.03810381460481371,-0.04101741264995544,0.009347451149433875,0.004859025238410491
-0.6067903211393674,0.0607894575587788,1.447522484065093,0.9989721646261025,-0.007119267580311699,0.03089619193850676,-0.01855710242910491,0.018285316215159105,0.07401592561963136,-0.14589424399939407,-0.02402418504555679,-0.008659476458719235,0.002374548968621278
-0.606774941066225,0.06076421453637722,1.4484024650606342,0.9989971429520443,-0.006383891395946603,0.03021946695750143,-0.01859427687812848,0.017721203961281698,0.07321345292437496,-0.1403040649764657,-0.015369489596472352,-0.0159660694697435,0.002031817965041139
-0.606795088509356,0.06071569616897056,1.44875729635582,0.9990171088076649,-0.005457034889930182,0.029705922547112736,-0.018644148106712343,0.017735334282813854,0.07217206609840424,-0.12495391750584546,0.009182334370604811,-0.010971074506145156,0.0015251814573581188
-0.6188588606807821,0.05423517048812241,1.485977187445083,0.9990150667800612,-0.00305336227972796,0.03154359183800051,-0.019146251727596073,0.00886258394858239,0.024576509598823574,0.13399134082356184,0.03502998501773706,-0.00010661378566054138,0.002891542526638919
-0.6424324260079743,0.029979242513929083,1.4803558423628467,0.9990294150434393,-0.002834138036085241,0.03186904263916906,-0.016779882308483783,-0.08981496519828311,-0.09665181431559064,0.11483396672810126,0.04396995048992582,0.007569713068689915,0.0066238326979046035
-0.6423085229844069,0.029938099703104838,1.4819148614791542,0.9990153276329249,-0.0020677268212334916,0.03234118435258185,-0.01682712092997451,-0.08929322819247767,-0.09784722126156246,0.11359098255797338,0.042359658925629214,0.013291021515551608,0.006570383716191359
-0.5906659738403397,0.03898881908522402,1.4388251013332978,0.9990368439917185,-0.001235788107011119,0.030615862967016585,-0.01698623559299948,0.19879370503799143,-0.038960264746929645,-0.11403725251475108,0.025722276862748143,0.02280045556416635,0.006636593954633017
-0.6274746807550972,0.06956204297530783,1.4741407572745324,0.998941128397155,0.0010645068056257115,0.03404628463061484,-0.017729760478850665,0.00011845975170503113,0.11622917391906576,0.08693566830389934,0.01236252774492009,0.038457455397650775,0.00500456532554116
-0.6275803523866974,0.06959155293269978,1.4721822410388623,0.9989347904807111,0.0002021537719421362,0.03427184374002662,-0.01768305934432536,0.00040288425633077524,0.11713897980190793,0.08276118854892661,0.004935248778719672,0.01508095181654487,0.005301510445736301
-0.6431898735007556,0.059608987169510415,1.4824611496561464,0.9989245023901905,-0.0009734500990938204,0.03426017304893024,-0.018031560647902782,-0.009002801849967455,0.004276802519093813,0.1313205594777565,0.008681125544243521,0.010808695533547366,0.003898911216132249
-0.6431300328116436,0.05968998253980669,1.482927921445314,0.9989301349211608,-0.0013016733999729176,0.03409792658606124,-0.01800629460051994,-0.008718321229900097,0.005557039395191414,0.13281177871188674,0.021663141102874334,0.010427120021178952,0.0035772338192446183
-0.6554107305087785,0.08529198072112783,1.4868987782366274,0.9989843734882626,0.0005648665042693663,0.03437202132410465,-0.019169575340530234,0.05022066304647997,0.12674409340338993,0.11536030893502604,0.02734701164938519,0.008767364718635236,0.003197146364759071
-0.6554647977271338,0.08523894902467331,1.4876930399311732,0.9990045038355847,0.001234084986862088,0.0337447702755326,-0.01920342361836234,0.048463792847648776,0.12560642891895918,0.11428743556457083,0.02673508327731809,0.010653353743886927,0.003121187785649332
-0.6555581759846818,0.08516338575173887,1.4855789114187354,0.9989846419276729,0.0018280135494697725,0.03428011428811076,-0.01924105684871518,0.04828228640052701,0.12433831930848635,0.09755916931193913,0.036356728891886445,0.010213202323208926,0.0027191783682449866
-0.6938857563251221,0.08938325499561527,1.5206228820926564,0.9989242663094394,0.0055710067895321045,0.035919078982594166,-0.018737582193995378,-0.13156224224618754,0.08364105453152836,0.25798506600441984,0.04472422987569545,0.013025307078650948,0.0039991839098965165
-0.6939162556636149,0.08941715861776854,1.5199968802288608,0.9989242015067265,0.005548453567720862,0.03592075721102955,-0.018744501696077068,-0.13161928880343632,0.08404014527535142,0.2548187533167028,0.04831451739225573,0.01091367458045427,0.003827493474848847
-0.6939370399307724,0.08940311872835946,1.51978324985124,0.998922001748638,0.00582898686933508,0.03592691222132711,-0.01876479245348431,-0.1324866897523405,0.08373368991677785,0.24470416681099502,0.043018849826029076,0.02740103969069206,0.004169563261792144
-0.6845724422210375,0.08915988022735102,1.5141749524636463,0.9989329359498128,0.007830331814557988,0.03589029172821666,-0.02062923882895908,0.018837835926415372,0.0248425107622813,0.10608825938774524,0.03682042186085456,0.03902770511883088,0.0019828674059660166
-0.6946614276792404,0.10839899616329081,1.5097888846031635,0.9989425315826241,0.008681773369806202,0.036268771706343836,-0.01830369908728832,-0.012083346262607387,0.10886099449789509,0.06701324005998256,0.03129718968474325,0.04998882505057082,0.006022863265279199
-0.6946994608994425,0.10843450614430086,1.5086327113150058,0.9989221259313549,0.008234704824748895,0.0369490185271582,-0.018263369483706143,-0.011310695989675988,0.10937894564097471,0.06302702756930338,0.01989923891745672,0.041921949613498655,0.0063507338216269565
-0.6927781534142671,0.1099721034095419,1.5013468636902263,0.9988368259863403,0.009157594096980979,0.0396803800936684,-0.018989588130727594,0.022993810893399188,0.09262301957792683,0.020959602788866837,0.02027528508325175,0.03905522469689484,0.004117696370556026
-0.6809232940964242,0.0890751001322665,1.4880748546743168,0.9988907108690187,0.007180405775058565,0.03915991032897015,-0.018063617118508356,0.10034811651285994,-0.030083752070107016,-0.03849669334515077,0.01764179544484319,0.031132913739008453,0.006434626676958114
-0.7084471690422587,0.10314274457319589,1.5042747769653637,0.9988859325009632,0.007880267477627094,0.04069305078422041,-0.019075476468108882,0.01682608096423914,0.02886239509155247,0.10885551779153047,0.017468572763227105,0.01963138520434499,0.0032801302329095515
-0.7083602383307257,0.10313166807782244,1.5063712801801439,0.9989241794138651,0.007724637080433568,0.03977061280868982,-0.01908177811244941,0.017122630880218502,0.02881381361224916,0.1309971074220972,0.0067136337847504566,0.0018022156028205736,0.003333717873860733
-0.7094741967246309,0.11074433603836503,1.507237380417322,0.9989832994404323,0.009149441764549817,0.03940588633995521,-0.01851575899081824,0.07632865045749475,0.018043251849527955,0.09870450341222953,0.0042053851617006414,-0.004261499373430847,0.005153477685522517
-0.70946582619456,0.11073855746511574,1.5077529262852907,0.9990034900132847,0.008904890226328262,0.03894941341703983,-0.018511469120090072,0.07546733847092578,0.0183069136907135,0.09700671033622323,0.002125161178278483,-0.003501256234999612,0.0052437939296555765
-0.7022014720578116,0.11368549774232764,1.498984759574885,0.9989882470514455,0.009182964470602928,0.03942700264495174,-0.01966388839161897,0.10142351570509091,0.017208134344283588,0.05266753381636704,-0.0019579342600293563,-0.004533046894573512,0.004746197508914761
-0.8481682771049175,0.1373493664523739,1.663261384381891,0.998740434552598,0.008919792723560119,0.04726420582705801,-0.021216635128933414,-0.6067201636063073,0.12925262402673082,0.8665376726586496,-0.003642638271189761,0.007936761838989097,8.956062181583242e-05
-0.8482539585660945,0.13736451177200457,1.6619409726588983,0.9987324563952049,0.008985110283709685,0.047421159756344526,-0.021214441432571972,-0.6067236916865758,0.12918463098984986,0.8608141180081658,-0.003922462991179459,0.003621200185438394,0.00014458407573604055
-0.7503853874659178,0.06053346439669278,1.5878366262169852,0.9989372147416249,0.00830489964186843,0.04547637266518085,-0.016715079903172746,0.003311354456591192,-0.28153498598571924,0.31009068701283576,0.003844971754109348,0.062042603642205145,0.010499907738299421
-0.737069735865463,0.08765766504252748,1.574467319888532,0.9989236886712631,0.0091434873274367,0.04498334466501126,-0.018340696799283684,0.08259008424107599,-0.10671212161020242,0.1369842226569618,0.014761595873342751,0.11828753536889569,0.006026591455183852
-0.737396758613677,0.08773357589668415,1.5700985046571803,0.9988348730679316,0.009217362999109293,0.04692011231794725,-0.018288280108502843,0.08176824686006672,-0.10640452361902036,0.10578316948973776,-0.018536875210205868,0.09773525692367528,0.009465692192656984
-0.788907865077418,0.1061001244604079,1.5758996618372625,0.9987316207398301,0.009174933465032812,0.04973195850320008,-0.018887283246447062,-0.15568986473729832,-0.009089873440225486,0.08400410998801655,-0.03334006310956158,0.06076171211470912,0.009021389015696941
-0.7713683508332557,0.1093637915936378,1.5001377313211863,0.9984735197622794,0.010020482365963573,0.056923894253707516,-0.020492019560207787,-0.006811630367199985,-0.010223558176563508,-0.25132288789241175,-0.04121533817976805,0.03591146543009794,0.007073994579587431
-0.7710652255960376,0.10935327960376451,1.50357962056418,0.9986052717677671,0.008959635792160211,0.05478778538939974,-0.02038549887623787,-0.004162060479386108,-0.009610159292393018,-0.20484192910751514,-0.03737968693051076,0.027768504841324582,0.00626426148076208
-0.7866973252550447,0.07969929448766681,1.5217610735569722,0.9987601351952603,0.006535327700495378,0.054595438427606134,-0.01782822562228231,-0.04517470948714873,-0.1545125542675626,-0.04685944496132349,-0.036508691690740315,0.004715859354242728,0.009548658306039338
-0.7301479405682305,0.09841259127103162,1.4986069512806062,0.9991036846852691,0.00265946362420091,0.04800005985690941,-0.01946172345536734,0.30579619908488426,0.018467657489901576,-0.13587300470423042,-0.02835348614965889,-0.026964599052663137,0.004248951845491017
-0.807241017865116,0.09986019738239302,1.5921397541544822,0.9990186133832464,0.003991459326318109,0.05074214930353539,-0.019238501558271875,-0.09758705226152534,0.019100703601299642,0.3720679170066322,-0.03328355257282646,-0.021718377941823356,0.004665635954471823
-0.8068536463571327,0.09975814944945324,1.595508006214402,0.9990220853910499,0.004441007580409379,0.050607019518562314,-0.019315482599758356,-0.09452361027712264,0.017787191067797383,0.39772284020573584,-0.01862303025063651,-0.04935356971543618,0.004561663191715003
-0.7326453511659631,0.07727026678117499,1.5419623707663899,0.9991602002853855,0.003097359918158545,0.04606434713994722,-0.019348856349655778,0.29905795870735874,-0.12027969180417042,0.07874736108006711,-0.009484680464004231,-0.03781058061999665,0.007165102972726806
-0.7328773126423417,0.07729221713824072,1.5397161440886797,0.9991552141045849,0.003394289132315004,0.046140517107606055,-0.019375082634698625,0.29439725163866776,-0.11998319384939818,0.0330172489581541,-0.0024755498188908974,-0.016013535598794627,0.0067468509719849235
-0.7332628699993422,0.07734283192915645,1.5357950209912465,0.9991464193484096,0.003595936308128871,0.04630864186982313,-0.019391122803568243,0.2914871333699891,-0.11976617104064187,0.002920026686299447,-0.010086437225167623,-0.038150570800543675,0.006614512533112888
-0.7149326412211227,0.11365590660386021,1.5577140195660342,0.9991497552215218,0.005180328496380801,0.04457979164840714,-0.01940566395810513,0.33337846659080733,0.11980641105419237,0.13177740979485023,-0.014446356028243911,-0.06338774096999339,0.003834202437781924
-0.7218884819602032,0.0910463125939492,1.5264241224282702,0.9991546692537583,0.006243341638852613,0.04477180381517426,-0.01866705834510837,0.26937995290472305,-0.01798911975398451,-0.04035822703825385,-0.02144694111398506,-0.08005560897803113,0.00596900433732894
-0.7218265205066058,0.09105832519062054,1.5275738456200125,0.9992135672488224,0.005865525007351521,0.043491693699600514,-0.01866339209827237,0.2688388896106877,-0.017409301655009965,-0.031214879370548496,-0.003551028999862795,-0.09618174926002047,0.006217383820827619
-0.7452092920541896,0.08441248416503262,1.540408354391365,0.9992517688088526,0.005577140865550745,0.04263537666052006,-0.018682319659622068,0.13451165598054857,-0.05074227462673783,0.04931060065412431,-0.0017048391237517303,-0.09965638136388977,0.005579730159880742
-0.7212233937828854,0.08106990803361817,1.6105305975063855,0.9992868023401489,0.0046337788184552305,0.040370065752370725,-0.02051046308796988,0.25152185428767326,-0.0634199079371297,0.4047932294678306,-0.004624851877643061,-0.09960203361209206,0.0027093337709626205
-0.6602973600708713,0.07236594990549812,1.531328248133214,0.9993771666273401,0.0037973625696880197,0.035890657731684435,-0.019842475729147425,0.5320250054931706,-0.09599703310073904,-0.04479713137592342,-0.009265855401456835,-0.08815490662541117,0.004458704768480358
-0.681951574557688,0.05655550325296885,1.562520935514889,0.9992939502947463,0.0036796007343942645,0.037552820415711737,-0.017631129053944435,0.3599330391949173,-0.16051910518479182,0.09949008108888467,-0.014693880926465031,-0.07336536262281534,0.007993932580010795
-0.6602043677499778,0.10479386352376745,1.5377665291579599,0.9993193158643123,0.005085046479852725,0.03300863630473271,-0.020868360193458876,0.42367498802464754,0.10272676842231784,-0.03418596269386632,-0.014959609981103657,-0.10514688052588665,0.0019595791442296893
-0.6647174870460663,0.04579017815063434,1.5733168961051536,0.9992788611748924,0.0038971449631114816,0.034301553804737483,-0.01889380127542701,0.3502456176874446,-0.2137661015314037,0.1519015119434953,-0.029280965293098593,-0.10611945847465655,0.007216326394724752
-0.6791641427463486,0.08074826811944179,1.5584558072060697,0.999281011292134,0.0043792442543404185,0.031301295993498075,-0.01861492596945809,0.23571529384265563,-0.004650126874852966,0.0590011204709119,-0.009621849233078076,-0.11352709729942945,0.0057668828628020564
-0.6227715263952217,0.04232032002868804,1.5473802879274683,0.9992889634549311,0.0030486680901398652,0.026404062446917054,-0.018085913060478874,0.35025631009540065,-0.16114140437617666,-0.027233366036022062,-0.027677008501519516,-0.11300063679664706,0.00654930501216487
-0.6226554491327929,0.04230048237323685,1.550641041880633,0.9993044405896384,0.0029476957040394975,0.025819433971277832,-0.01809157590046173,0.35002996154306115,-0.16115026431520663,-0.005283020242263009,-0.02262547645936121,-0.09483935056689466,0.006445201466122137
-0.5706938048992668,0.07673272236967754,1.5090089925980295,0.9992562408386133,0.0007276058835510039,0.020633724634406797,-0.020777336771683922,0.515335714734444,0.049078494017122096,-0.20156024746483064,-0.03133736479677716,-0.09141297482886947,0.0014677732535854954
-0.6003647653286893,0.025835220099756997,1.534062555280082,0.9992216089014684,0.0010069632766195355,0.02276369997281303,-0.01754938362445636,0.29790187948803365,-0.21484631148666036,-0.036194384476353814,-0.03905356308416778,-0.07947330503743312,0.008078288261163807
-0.5768721360357132,0.04951130422617228,1.5224897418901615,0.999140056797165,-0.0032131941406527355,0.019696587558687705,-0.019946661761883106,0.32023157842385824,-0.02390371048538853,-0.07197504639676618,-0.023217944043058245,-0.08924100264373117,0.00459854929006833
-0.5767145230355476,0.049475218387410105,1.524444590429907,0.9991352018075836,-0.0028494597962244943,0.02000969727270133,-0.01993344197297718,0.3219779874229309,-0.024536548152802404,-0.05554130724073893,-0.03263366548727063,-0.08123166346740039,0.0041420924339138744
-0.5640919650600603,0.006334134115125404,1.5218218291395054,0.9991501097490084,-0.002792880418051339,0.0189643475364417,-0.017849754398164594,0.3419949547668062,-0.23525336173946146,-0.04377417934393206,-0.020938680334270352,-0.07252577196315728,0.007403895166648577
-0.5490699521675778,0.07318253137520435,1.4971456657182862,1.000133587225162,-0.001437122282731243,0.015261008502716389,-0.020660442689896284,0.36600713129451157,0.1401798393739592,-0.14330153569872434,-0.005608995769475071,-0.0708663682482725,0.0021800145306149292
-0.5490359451092082,0.07310599637031706,1.4984111356274128,1.0001315934495614,-0.0008234444853073971,0.01541647434412447,-0.0206750672230828,0.3661521211526258,0.1388724126502244,-0.13730930930490934,-0.018895913076917025,-0.0687282873477096,0.001920202590670808
-0.5662239252808645,0.04838758663250032,1.4987846829000393,1.0001008857494385,-0.0015679800553899872,0.014024581529822153,-0.020001876259058776,0.18824125306498993,0.016125495112574682,-0.05741882514297017,0.004457860565413035,-0.06236321135805157,0.004265950456771179
-0.5661883997170792,0.0483065154413405,1.4992124798954691,1.000099314431695,-0.0005640863840654735,0.014205860378292277,-0.020006050790977038,0.18884248675308027,0.014654843187575702,-0.049902662294255266,0.02858298570906611,-0.06104655691026705,0.0042641385892517565
-0.5755786177123883,0.06354677253152596,1.5375543384553494,1.0000426124909094,0.0018386745760852773,0.01464956314802938,-0.02051320689640263,0.10833651976551506,0.07872303821654669,0.1747411004198093,0.03393636963286465,-0.034860078719473456,0.003003686643883449
-0.5755564465052919,0.06356111249384268,1.5382085501911682,1.0000354879054634,0.0021610303398531265,0.015085795322913913,-0.020512954177349562,0.10861277152720598,0.07853702429405245,0.1774870391581425,0.03074770331406659,-0.017492805998372097,0.0030197816725872602
-0.5983681192563693,0.08174681990693959,1.520302151044391,1.000005095016028,0.005855509218538585,0.014579421412184943,-0.02087996034863934,-0.02446290730901476,0.12786040274600502,0.059733095707774395,0.034822552245817144,0.002536740778203858,0.001950636125267713
-0.5983563945190972,0.08174466702628075,1.5189510205545647,0.9999889859830967,0.005762439622679717,0.01567461824757741,-0.020883879741654624,-0.023871869495142434,0.1280173296507467,0.03547146332417989,0.03360763242455963,0.017547663661099014,0.0018223427449975643
-0.585579963859403,0.0719709013869942,1.5182245274148218,0.999988152530801,0.005591661701841937,0.017549419198586182,-0.019556284746731115,0.05477006286472132,0.05733294923489917,0.03243887241779735,0.03123625524021278,0.043163462528345894,0.005614631689149974
-0.5771069767127688,0.06572082514769892,1.5192549722002529,0.9999628026938231,0.0077268037121091876,0.017135439650096257,-0.0198261145683647,0.09222400396020675,0.010627164882986284,0.03921880583513933,0.03608592979110691,0.058468630903676294,0.00485386653754845
-0.6836002774588776,0.07137144471022157,1.5537733110839758,0.9998119281644504,0.009590402196321594,0.027174039679069423,-0.020874013976019096,-0.33375127047074027,-0.0013265672043520596,0.25535341026609737,0.02690826581582309,0.07321307594870537,0.004635546273721753
-0.6835243902400481,0.07135517580796867,1.5543896044969239,0.9998014305229971,0.009455133629111512,0.027611120020219686,-0.020864888450874003,-0.33244556103154915,-0.0015139147997925036,0.26312599118217733,0.014444472562810014,0.0651642929960336,0.004798643633050359
-0.7078196871387421,0.03145477309843547,1.5797902226521379,0.9998014565193821,0.009405294159101029,0.03032396362203355,-0.0179461872158568,-0.3785780075708368,-0.20494670399038434,0.33853082148941466,0.0007250065919046597,0.09514228309159857,0.010604873136479984
-0.6755067653592693,0.07440123392817077,1.5188601694759079,0.9988350070709812,0.010926739553422384,0.028884075480978044,-0.019645636100253897,-0.12783918528562038,0.019994618850691537,0.0015464461606267388,-0.009573586987253904,0.11308317509165745,0.005968459590036646
-0.6756017722597398,0.07448834956488329,1.5174783180623772,0.9988260959014117,0.009936204739462788,0.029582871963645698,-0.019584820544516185,-0.1291144390916644,0.021762649137839492,-0.024109673760459492,-0.03858756020952643,0.13507004514388796,0.007787290916956066
-0.7822298288925904,0.044903727046938256,1.5677805293126512,0.9986211130395105,0.006169508839838439,0.04129395897814042,-0.019432856672330235,-0.4567888935858928,-0.09727918182551971,0.172202817582296,-0.04472595501479903,0.1359345069452772,0.0077914741142662974
-0.7821754903057764,0.04498326107825228,1.565749088828607,0.9985723333518142,0.005614252716209258,0.04256297723288392,-0.019369534096479187,-0.45319055719399737,-0.09634418468079044,0.1757918415635194,-0.03833361309747296,0.12356150896528763,0.0074550404139521066
-0.7782384272840677,0.04050598037097203,1.5103556833867153,0.9986378260973148,0.0023367086824977266,0.045414273274316956,-0.019687138770594033,-0.1955733503293867,-0.07620948359574509,-0.1368884882768354,-0.044294937076888204,0.1270954717199992,0.006511440864108064
-0.7781539195048561,0.0405468663563895,1.5117992769192208,0.9986510539053749,0.00206605693319769,0.045145871973341724,-0.019663715179929143,-0.19582983969505954,-0.07553924152899648,-0.13040593824431446,-0.04756995855258907,0.1388996991865704,0.006467758623229531
-0.7764389850176607,0.02786185151463456,1.4685573859710894,0.9986791345052145,0.0005881844192543091,0.045180367427869,-0.019833919989902533,-0.13582730773101415,-0.1253942418977444,-0.3079766122056797,-0.04531313865075977,0.11669658550533836,0.005982762149492043
-0.8525182456444165,0.0027786677717287454,1.532237430577837,0.9984540956293904,-0.0008367107593097105,0.059522166302066484,-0.01782800382966115,-0.16468388501237757,-0.183624648221189,0.03834829295827192,-0.04027177764370333,0.10540447303455075,0.008640258060697539
-0.8642029197640231,0.0009461462494206351,1.562872905278336,0.9984325034251869,-0.0011109415862081062,0.061336532812009514,-0.018334096026994907,-0.1560043370258734,-0.16404487202037743,0.21687212965596822,-0.03889071345381268,0.0844732712537648,0.007303948376146869
-0.8639309630144479,0.000930135976487501,1.5658021286383275,0.9985116177435572,-0.0010683337362981619,0.06003332153553282,-0.018341714020143195,-0.15572532876861453,-0.1642806440863223,0.23434755420222325,-0.04574841689288613,0.06083326374082034,0.007488390518081932
-0.8609144092717438,0.028599242492642483,1.5217463256577066,0.9976821404132095,-0.0002653209147594642,0.058179032692150606,-0.017846091986038308,-0.08770164701619776,0.0004847894959430491,-0.023430693259142554,-0.04751999817195863,0.039868223009706154,0.00914032395292123
-0.9137747293385533,-0.006666327116158562,1.5657629923290999,0.9976405128077934,-0.0023590349310085644,0.060221503920170213,-0.019058489844328574,-0.30139566499124976,-0.17214378052052137,0.19560763393981437,-0.05291728773943181,0.03470908006214003,0.005382960482637488
-0.8553737513375057,0.03246165837201018,1.5582315868348302,0.9977713180599536,-0.002303991740004006,0.059664015959085694,-0.02069545666549418,0.07303070615218066,0.05052414076272366,0.13795156290532626,-0.03687734784043382,0.019699481041658883,0.0028662663109013525
-0.8384875484696143,0.0064007429889393385,1.5238290510458385,0.9979940421797324,-0.003771049923722238,0.05535224058683119,-0.017883114402059905,0.1671806960052118,-0.08495308947081245,-0.05723293379816553,-0.041208531958688316,0.027442821621907993,0.008040875353502742
-0.8276344322604976,-0.01590572746298328,1.5541555225698234,0.997966340515195,-0.005135766831054622,0.05581546417806709,-0.016686674745644985,0.23867953899726124,-0.10198519808009435,0.07384429625916829,-0.020262681222577784,0.007687067753626604,0.008144080250275606
-0.8275757824990525,-0.015935751374097293,1.5546786045584027,0.9979896432578363,-0.004497754279334921,0.05543308675598658,-0.01675175385937909,0.24010047666363288,-0.10267456325626721,0.08712475735286528,-0.014065281883384228,-0.02158118774056189,0.007530567119040416
-0.7966318041643861,0.030715439123109298,1.5562214465825146,0.998113052766372,-0.002102887635151841,0.05165411425796056,-0.020537392425151152,0.4148704912103329,0.10774730512203685,0.012418970110894965,-0.008043846154320813,-0.057379961184583814,0.002582444747218828
-0.7967501581300792,0.030724898133495,1.5550907482116503,0.9981692295421152,-0.0021219685335206206,0.0505524702971167,-0.020546358993525082,0.41317628588561517,0.10781485201448142,0.0030183180202488554,-0.011192696423413069,-0.07895817440474567,0.0025185432591239712
-0.8057684696482061,0.003127607332537198,1.5831285989114032,0.9983282742526645,-0.004769699027545638,0.04631599101207393,-0.018861300552687057,0.30564218630941653,-0.01742948404455004,0.09976965373716945,0.0016719371111774042,-0.1117579751691521,0.004599452928398614
-0.8057827242719905,0.0031666003390856444,1.5840071846876522,0.998397843367778,-0.004715819404661864,0.04479978114317282,-0.01885456167088802,0.30396768533918767,-0.016883839155005416,0.10490739063596499,0.01784703248818335,-0.12998007645719253,0.004491273788008882
-0.7740419547567022,0.048656846404830714,1.6341374784273244,0.9994311701018984,-0.00041446452175551837,0.03780542875065487,-0.019440220513973684,0.38698874697491725,0.21426440119416432,0.15542216202026318,0.027638740113689966,-0.1278258371049975,0.002963414520511772
-0.7741197737294488,0.04861767159926559,1.633814370575833,0.999444138296695,0.0001736236446708269,0.03744739328618599,-0.01947008645011928,0.385495284658997,0.21333599781510296,0.1488086000628132,0.025834452387118848,-0.11709962960901789,0.0027538751881103257
-0.8017257973300952,0.026033931480354988,1.6734162685360208,0.9993537199212834,0.0027142852423281106,0.03515749655590397,-0.01862070222783668,0.12438056146229524,0.02006599424559763,0.3099727831693142,0.04306216920102357,-0.10395231123153692,0.0052548720862271615
-0.8017882556226582,0.026028572094324687,1.672299282758123,0.9993292941202513,0.003013732279539798,0.03580246142263785,-0.018656608652976976,0.1238642128109097,0.01995230047305181,0.2937945471384621,0.05734669322237874,-0.09676743995991705,0.004845407041012671
-0.7361917619377785,0.034483950330534724,1.6587864697816779,0.9992741096742456,0.004037043718367626,0.032416577059442335,-0.018631344125393072,0.39028797650095987,0.06341641269857705,0.17401606255502397,0.04396058293620254,-0.06506391451137333,0.005055249991104228
-0.7314400768386238,0.06972712605930581,1.6398362060416503,0.9991939798805847,0.007767648474684267,0.030426357055371507,-0.019112932583725657,0.30579654089928143,0.1914371726605303,0.036285671680798805,0.03422378657614788,-0.0380497055499288,0.004085742262372721
-0.7315671409929243,0.0696786891298786,1.6376017416096509,0.9991650310201999,0.007906047495376128,0.03132782354100444,-0.019113189447316877,0.3056159831031639,0.19061282056719553,0.020637195583250462,0.027692169200653722,-0.04550591145633263,0.004091673129787375
-0.7481674099725387,0.07462595744820961,1.6512974997358838,0.9990632130815511,0.008115834658272442,0.0339582958026921,-0.02096843554514572,0.19205971547812065,0.1772413382882535,0.08244698213530488,0.032054642788090615,-0.04240210733547091,0.0014754228335681044
-0.7066174631551555,0.06833528515181359,1.5716833081782187,0.9991110688391497,0.008531305750176651,0.031853758425933666,-0.02055805304656417,0.3792522840882256,0.12042328802915886,-0.34128523170348357,0.035337939563676035,-0.04998776410050773,0.0022776789889434666
-0.7065409470485223,0.06832960461643024,1.5730399621957538,0.9991217939101699,0.008713289390924734,0.03145753512096055,-0.020570675261100877,0.37970588880362083,0.12029278815933127,-0.32701074704940136,0.0405839310961576,-0.04503594290479385,0.002249643014135231
-0.7017281420008797,0.04565727807172317,1.6272575792566073,0.9991379919347532,0.008789268328583219,0.030738553908799874,-0.019056877379456057,0.37325750558130627,-0.028165886951508963,0.009568701428845035,0.03690900166702328,-0.05673795131116063,0.006289790351050404
-0.7015039355645132,0.04555463792747164,1.6304725330368388,0.9991370438741682,0.009148767162539753,0.030647489765861957,-0.019084032566079497,0.3762587622079119,-0.029811221286875477,0.05352093781659882,0.03334397898953681,-0.06811765206756823,0.006120639204599538
-0.6991557168925608,0.08298320193511673,1.5871996519359686,0.9991091615653603,0.012076945318919884,0.027883952912412403,-0.020700712249047782,0.2838446923009102,0.10548930808280549,-0.1189843419049773,0.01484100960929918,-0.07678954349689487,0.001248012246048521
-0.7047410763805748,0.057151348143892916,1.590258574923532,0.9991344212790635,0.011303021117285822,0.02693860541785686,-0.019569482521112177,0.2243649619668583,-0.048520295130451696,-0.08176359769238216,-0.003008455783466033,-0.07991761075188762,0.0046407973747537405
-0.6773620673609548,0.04596534368680018,1.605306195755188,0.9992040728569794,0.010935177869193144,0.02456927119796826,-0.017058747095648093,0.3369808892229976,-0.10354984807123609,0.020370885277796874,-0.005479398416710146,-0.07375043030846082,0.009300320890066742
-0.7044284594058869,0.07494440094019492,1.6346059502147816,0.9991204006469526,0.009767393466899019,0.026282229491206018,-0.019881552622838042,0.1645521343804478,0.05365467874419981,0.17077524585774959,-0.01925069532911946,-0.05261530264923569,0.0011998397233878167
-0.7046090809372406,0.07508950493882732,1.6314225553180615,0.9991149571109296,0.008926523701978207,0.026818914580005106,-0.01983365701429189,0.1636087010687551,0.05554832948867751,0.14639489150542864,-0.03524896585318023,-0.0483940955498627,0.0016692712360312216
-0.6700255470973847,-0.002017091183550759,1.5916496972539078,0.9991723155854265,0.007197845797085968,0.023713675565084875,-0.016356915322789618,0.27508818541752583,-0.3500963361396839,-0.08622190366966447,-0.030145003994553183,-0.033034903064818676,0.011827444689066966
-0.7204571584950578,0.05093840457647425,1.6164089808625532,0.9990476229375448,0.005915943394183931,0.026657043958730305,-0.019190097262983857,-0.006407761593722498,-0.030213005886541876,0.04481941574755526,-0.020921508727082917,-0.01267833810572246,0.0034178104691870307
-0.7205030320719816,0.051022349119465085,1.614737149121804,0.9990344844464243,0.005393442556412685,0.02727730065611503,-0.01915633251148,-0.005746613836468514,-0.02919938793112235,0.03996514131708483,-0.05482785150022875,-0.015267120889712433,0.004072427459742116
-0.6802655678751826,0.055166159495740774,1.5554274296678257,0.9990603292160884,0.004161257936980796,0.025038193499430636,-0.019345205539856844,0.1961826820583437,-0.00262314911958843,-0.2420940991660874,-0.05188194195554798,0.0025507805781369024,0.002838362797294838
-0.6802410448298268,0.05512935549070231,1.5546381199039452,0.9990340752338592,0.004321058408998133,0.02603317203077481,-0.019352671046396753,0.19731983913584622,-0.003166010921045905,-0.24534195931770825,-0.04263940543421997,0.023692189255335984,0.002493016969549444
-0.709243242697622,0.004497731209689779,1.6058646056799777,0.998952335144554,0.0008053360776762658,0.032012210689831865,-0.016965222285194696,0.03918702255703836,-0.22921741404356974,0.12301336648056906,-0.03206041018052322,0.02736826957824879,0.00920532311726312
-0.7090645959144747,0.0045921027760387565,1.6085573227467813,0.9989451859779825,0.0004799380546529662,0.03224178750044672,-0.016963740664044106,0.041785348806967826,-0.22786037029617942,0.1566421711749545,-0.023314942531065398,0.016588742826934892,0.009176027282856597
-0.7069870926706262,0.040146234379242036,1.5457158842845689,0.9989545915943375,0.0012683915577967153,0.0314431326408596,-0.019247079817564683,0.08299091797916149,0.014637185446150947,-0.13330519104442254,-0.033152735950841845,0.012324516677026711,0.003025478955389681
-0.7069303936979521,0.040090852741592756,1.5469562014290348,0.998966598076058,0.0013421710773041087,0.03106448648769652,-0.01923375712846413,0.08197547278888799,0.013930308191991692,-0.14045684952509466,-0.04823902548875906,0.013752070345257966,0.0035206857696776154
-0.7236555573456916,0.051686671384406906,1.572775681814196,0.9989096646395236,-7.393773250217734e-05,0.03483344901095161,-0.01987751028854757,0.011829475557831036,0.07341527784027972,0.02526275351098314,-0.036317471270997104,0.018189365422178274,0.004340902406583874
-0.709410063367243,-0.0178681103938457,1.5653828663793925,0.9989599010694414,-0.003110479242973644,0.032514673791219355,-0.018336958773934976,0.08229934242838303,-0.2609570087687883,0.04874649838241354,-0.027738200873711157,0.014330760375959185,0.005528169933413414
-0.7095266802696045,-0.0177758509091828,1.5628144657445024,0.9989483287218237,-0.0031949530935657185,0.03286400552810703,-0.01833011151148967,0.08201483426658683,-0.25979692189108256,0.03253748485900579,-0.009389545512906449,0.01954491815963623,0.005223755178242598
-0.6618433973494415,0.018402467328195806,1.490808261383717,0.9990374066218197,-0.0029102295034415236,0.02889958244377511,-0.01850996750389714,0.32006886407171936,-0.03653179683486633,-0.32901989832459955,-0.024199173938554544,0.008140538588224146,0.005490707495714188
-0.725155356065363,0.0420766921439224,1.5489091236452541,0.9989341015531293,-0.0010062650441828558,0.03271703329673595,-0.019551189479266158,-0.030390999984288396,0.08429766915208098,0.027111034778119485,-0.039101266060207994,0.013173733156999701,0.0032232154675767093
-0.7251773846494856,0.042052526722636124,1.5484922276401825,0.9989414834852417,-0.0013118189549034087,0.03249918425517032,-0.019519251088683773,-0.02927122760660788,0.0842425341402018,0.043829886139103026,-0.03126124402033784,-0.011527045547736937,0.003867395476302385
-0.7397244596632725,0.013139650704614323,1.5303060707317058,0.9989665383697246,0.0001892946477339651,0.03356139028191854,-0.018040655860627936,-0.05454857222616688,-0.0792544792735953,-0.029705715633077397,-0.006046519968202055,0.002863527875405844,0.00820528317753811
-0.7203121895001842,0.013646783509288881,1.5431992164526773,0.9989329437662405,-0.0027802355243397793,0.035038388091488404,-0.0186699699509446,0.06989861643596315,-0.05944581198537873,0.048852906496440286,0.0033565838158092116,0.020991713268681343,0.00553802732984092
-0.6902647604504497,-0.005675755243206203,1.4878418858535136,0.999060327562584,-0.002486047199433612,0.031878142977616326,-0.017637437005998968,0.2811627925087669,-0.14466623068074522,-0.20544692292269645,0.0032296210721000254,0.025927402527634577,0.008847290475213663
-0.6901992548859947,-0.0058060122793893686,1.4893134854617622,0.9990505629214955,-0.001324398815157138,0.03222476369350137,-0.017685944185944776,0.281244611086036,-0.14712844851728257,-0.20341947501113367,0.0016997180768068077,0.022251871753525467,0.008833651629127953
-0.7363161352306782,-0.011131454019165946,1.5224836707768254,0.9989138084287756,-0.0005190688826711426,0.0390147915023583,-0.017543878448580297,0.09410872890363238,-0.17499888530295757,-0.0002708592220256479,-0.011899910358918873,0.005968512092359656,0.009376254968897843
-0.7362598059178067,-0.011115016355356286,1.5227669321904496,0.9989329685802968,-0.0011704667647522353,0.03851730672546023,-0.017520891788282422,0.09545476037110817,-0.1743696773733657,0.01438412813980305,-0.025326541284905593,-0.01931136359123937,0.009417974834746528
-0.7285071626550218,0.011863998396975332,1.5361163763166685,0.999037117068034,-0.00391792085163098,0.035264056961122676,-0.01810921538098483,0.14376286469523267,-0.04454278243827361,0.09324098019753217,-0.041649290949087904,-0.030709907715024423,0.007232707915590599
-0.7146994201203178,-0.011027958569348828,1.5466201926170504,0.9990917756002049,-0.007366380579265781,0.03306491504310665,-0.018305348310518447,0.20531266365521753,-0.14690443534926045,0.13917097999325534,-0.055051217603128214,-0.0327745221399338,0.006318682515055081
-0.6969553413541327,0.0258937864888599,1.5643136865528866,0.9991097994856143,-0.007114234869344514,0.030254387534611786,-0.01864594056437722,0.25828576308466167,0.05646598470836414,0.18638517973495008,-0.03787681217003948,-0.030178277781657617,0.0052832479784244695
-0.7120974318418428,-0.02925101545244178,1.5470375971709787,0.9991234325162978,-0.009472619518864191,0.027619594907621368,-0.017629587236148107,0.150186694962397,-0.2225983364260258,0.06897100553912419,-0.03575576379499938,-0.03291721332556179,0.00801825806996259
-0.7122236357970243,-0.029275587104946477,1.5439900257465848,0.9991129052529107,-0.009070430864387118,0.028113564663313512,-0.01765694822039125,0.14932333525257285,-0.22308772249918088,0.036738440710869076,-0.01056118327805691,-0.03583295681590999,0.007768245111110368
-0.7132723812193342,0.03548355997863145,1.6054287104689362,0.9990959632989079,-0.004688804942132405,0.026719588987079487,-0.01730176303580133,0.08007566631468822,0.12979831901845068,0.3141355336173013,-0.005755580738226341,-0.02267308087320419,0.009150477251737487
-0.713368447962035,0.03538782036469665,1.6038964945380707,0.9990968734751163,-0.0040128940974333595,0.02677607743470233,-0.01733172780785215,0.07956888172210932,0.12822107322536952,0.30804683310791575,-0.015936208497153156,-0.014724727625161579,0.009187321972832563
-0.6907862424906841,0.007763575164648,1.5636773165200777,0.9990751484502555,-0.006554559955113558,0.024028332175138518,-0.017536611870717825,0.17975999281321187,-0.028065270395212824,0.04101815387340228,-0.0017088630556761557,-0.0016421019154946532,0.004672367220601918
-0.6908099537293042,0.007711378422041848,1.5629411432988018,0.9990628776423511,-0.00598450092251354,0.024649316647618158,-0.017577682262183408,0.1793488932818105,-0.028947604056527212,0.02226855654858536,0.02003414835265952,0.01164265847774348,0.0039561433833115505
-0.7437181077196913,0.022658037522328728,1.6391503405418706,0.998933140932076,-0.0041058099075953845,0.030651541879302455,-0.017613019056942604,-0.123765163062335,0.016519949305310443,0.3878346330334258,0.026469660879965863,0.02374205251398809,0.003908663792476398
-0.7437528483008117,0.02260597075246735,1.6378948603645538,0.9989234377982126,-0.003339659354780993,0.031029076415072975,-0.017664064167499372,-0.12291390311728899,0.01539929129880418,0.38893447241416207,0.025254220444150665,0.0195856600827294,0.003892180312198808
-0.7058585420591267,0.034293225375786045,1.5748239787122842,0.9990003935334915,-0.0005151000678015766,0.028939076942181917,-0.016687797340887208,0.0946062796380405,0.015150894111617363,-0.002901437676788652,0.025096835316873508,0.03518321083765741,0.006910923578327331
-0.7082171753144118,0.04566004864169666,1.568764117146265,0.9989361915060515,0.0004577179213541016,0.030167669951691605,-0.018143600832909938,0.08675066092351248,0.06958616529350771,-0.05444916596196436,0.022196320352309305,0.05780866694784347,0.0028169657333817267
-0.7081685085186021,0.04571895194797226,1.5699635994258268,0.9989267674972195,-9.26075571506806e-05,0.03049910834076855,-0.018113848909894658,0.08782322289111165,0.07054937654554098,-0.03696081370970893,0.01784883160503735,0.049867434887835446,0.0028117725243858183
-0.7380258287188838,0.02743333391351571,1.5598402703671068,0.998871609745053,0.0009529657749224396,0.03371858825008839,-0.016871949002716106,-0.04965869283472581,-0.028913179347668103,-0.06411411005857195,0.020845312044178707,0.04471778732526612,0.006350631178419008
-0.7380141550461777,0.027425061881248537,1.558086946918151,0.9988554844661838,0.0010168435727604783,0.03418941766629236,-0.016875303849195666,-0.047597815248208525,-0.02903347399057583,-0.05921001742189868,0.0248523256791717,0.036151996953908534,0.0062927343937934895
-0.7378462148423768,0.027425853771828445,1.5610756300427766,0.998875583052953,0.0009974561815555905,0.03359745263388932,-0.016875745265606742,-0.04620593316282406,-0.029034894225302758,-0.026018206433905188,0.015703615568139557,0.038571151718759626,0.006625569525761924
-0.9274396551006684,0.16942297056111288,1.704153924025738,0.9985589456045764,0.0014773182798382357,0.044596836774800336,-0.02184203727240433,-0.9019421573117539,0.6834586089367513,0.6954210524290415,0.008524505199150705,0.05894730001871727,-0.004540562450298491
-0.7974089588912635,0.07127378726557775,1.5978474188803065,0.9989387643085329,0.0024720819510799965,0.04200054488618415,-0.018766843854837744,0.07983641497208686,-0.009166765385625475,-0.07258032816892568,0.002484173590717828,0.04218416286865594,0.0075517516272124415
-0.7974226417881531,0.07129642749953262,1.5975086913898462,0.9988905448231952,0.002657471447034466,0.0431149850562989,-0.018781458129975465,0.0764251646952848,-0.008457351871157117,-0.12007051904013254,0.07147944586154656,0.13435246099649212,0.004596680906439951
-0.9076992513394184,0.10189414672746488,1.7072269275016814,0.9984751602414251,3.6294079691561376e-05,0.05444453419080486,-0.02149885924281836,-0.44934913482349903,0.14925850999662768,0.44997767620839724,0.05884822239076513,0.1265605052592584,-0.0015850518433198737
-0.8667283756948472,0.16811932251666523,1.6053800852890925,0.9985679689335745,0.003823675774485305,0.05273538079200546,-0.024008438514382422,-0.10817405427424646,0.3971068097486835,-0.10742439271704121,0.04827510059842694,0.07865764024713674,-0.00526902149494605
-0.8668576459392365,0.16800839695187192,1.60262360515086,0.99853193329836,0.004725339618503307,0.053294724248304726,-0.02411120904106196,-0.109907866890968,0.3951888247702687,-0.14458790564205962,0.051521924735618306,0.09547049853987864,-0.0046669634450177255
-0.948796241537713,0.17219943010196923,1.6262240248852855,0.9968975870484172,0.013674747352932172,0.06996673565097558,-0.023279860514126505,-0.4009410673477017,0.30409497259613927,0.09146144361478993,0.08836743942471868,0.10212894661658117,-0.003930301347633296
-0.9484828197857093,0.17234847744463666,1.6322020457297217,0.997137150022767,0.01232990174639138,0.06674933960091597,-0.02321846981770701,-0.40090162706920907,0.30702908937582574,0.14443609951777903,0.10748393351064443,0.0796757617478906,-0.004715190139394107
-0.9485454880693602,0.172359254785749,1.6319134050472162,0.9971401032202644,0.013095201964742979,0.06654015299157014,-0.023273698131675197,-0.40145745364030727,0.3065889685719367,0.14335509545903657,0.10736063865749261,0.08669031117026432,-0.003442484465699229
-0.8566408022915067,0.180203048641967,1.5602895757795388,0.9974809890649078,0.016985937391315712,0.06363005079725337,-0.02360880091666073,0.21818222167579912,0.22139451109539457,-0.20414574137236408,0.10147650904829662,0.08129671372204421,-0.00021046926156928695
-0.9101276556425799,0.2139970682957384,1.5501906625845636,0.9974242244396209,0.02260886516088079,0.06473863036727934,-0.02403501310851982,-0.04770943694100575,0.3377415164227049,-0.2215553525426814,0.1051910104900444,0.08848733755649908,0.00018044935355688595
-0.9101405574345253,0.21401243878373746,1.5499892214051998,0.9974362191999548,0.02209912973199166,0.06477311137033913,-0.02391831530970313,-0.04552192073597312,0.33744942865316774,-0.20822398182414492,0.08938605767677739,0.03152712927951908,-0.000605403158828079
-0.830659893634179,0.16455174602870942,1.4829178599134658,0.997687434285625,0.021076091567645974,0.06216951104762524,-0.021179078361461046,0.38924662670045784,0.0227005059360535,-0.48230126292315895,0.07557362786764807,-0.00031640647049473126,0.0041955358801768795
-0.8479632028724656,0.1638156020271924,1.5083311647927762,0.9976381077243863,0.02247306633743092,0.0666523317033401,-0.02199202414145476,0.33800709373598375,-0.039713189353554106,-0.26043595798427815,0.07042639029753227,-0.010115661624963038,0.001877712714453034
-0.847656852658149,0.1637191833361514,1.5117064316409128,0.9977970197542386,0.021822991931258827,0.06444557530946252,-0.02201488084623949,0.3410047828937228,-0.040823111828732925,-0.21344719923827962,0.03940323226928472,-0.06651413593537356,0.0012417117520347068
-0.8116163084208889,0.18405763543636497,1.5295280945136376,0.9982857670855746,0.021260564737711075,0.056000294369751506,-0.021412593736588124,0.4860082461103618,0.057058197507905695,-0.05750037814348602,0.0034469631433539346,-0.12482970573494255,0.0032641348464495187
-0.7740875542405301,0.21305564120008424,1.5693729388027726,0.9984710495739056,0.018968181239360594,0.04990358454839942,-0.024092222318226966,0.5876837315609271,0.10708587757742756,0.2333359633644162,-0.02992711612808258,-0.15364333531265645,-0.0013507064084293519
-0.7535348371580762,0.18105792981082666,1.6081002670901503,0.9985641371610104,0.0168416224113609,0.04132007966172349,-0.024324810818559358,0.5097531126712939,-0.06916145529521728,0.4162136217338452,-0.03319734422124303,-0.17543282059003237,0.002110503289284113
-0.753769771022289,0.18125759606413108,1.6079134476423769,0.9986824537483098,0.015310529544937864,0.03903652390470709,-0.024250657614360915,0.502683630243319,-0.06447855965798838,0.38212330253621735,-0.021923346874126504,-0.19250295871649642,0.0032854149416864844
-0.6804199623319767,0.1730314029210678,1.6037692658063154,0.9995833121337221,0.012910011565684455,0.02789020415335368,-0.022883851070239825,0.5916373925910908,-0.04787786638454093,0.2886115233568557,-0.024722272595105926,-0.1864566534135002,0.004117114902914354
-0.6807892682791867,0.1731675477309955,1.5989285604411583,0.999578117281752,0.013297726815277511,0.02792630078942057,-0.022844749853951702,0.5872701589683456,-0.04658425366214931,0.23055364261858363,-0.02623680447683468,-0.17317881234075025,0.004413129719908054
-0.6445332754974775,0.13594148453412333,1.5841338353409486,0.9994835567696085,0.014268777833269485,0.02114718292412183,-0.023169507323311075,0.5950251623493025,-0.20452622285693134,0.03836797013635202,-0.022596754171902957,-0.16710072924321584,0.0039002050679266603
-0.6305698434779501,0.15492402101779645,1.5756985649485986,0.9994156369459789,0.01296090165346809,0.019328471490954707,-0.02319083794441962,0.5792392117644344,-0.08257575363929442,-0.02548142324929503,-0.023107304154284407,-0.15870734466299044,0.0038514756259716058
-0.661048585255462,0.15092060562067355,1.624666929334125,0.9993083050121205,0.011968042444873279,0.022941778430259775,-0.023608603755635553,0.34732258159355117,-0.09395398117889657,0.22253312660537422,-0.0436690676625255,-0.1403968324162716,0.001821254170308817
-0.6515254762310669,0.14593533174646386,1.571249748863009,0.9993193635809904,0.011205551228722192,0.018109381619080458,-0.023093219625446137,0.3439786021389054,-0.11111117441130237,-0.07273460460231992,-0.044401371998632685,-0.13992388549866644,0.003871141518548683
-0.625266155010649,0.11947942533483025,1.5556283733166711,0.99923143710748,0.007474905173139059,0.012720233666321563,-0.02385091063907649,0.31252386646879016,-0.16220640063662947,-0.17248765888610162,-0.048634195574260346,-0.11489491295121447,0.001618073500340222
-0.6251523122306002,0.11945874999440767,1.5578750636183687,0.9992237600180812,0.007143363121692699,0.01351968203288325,-0.02383444041877227,0.3141311574192703,-0.16214311704300666,-0.14519972600709832,-0.04963358462057359,-0.08898884231195348,0.0018084402915664404
-0.5371880197440838,0.12721382437599071,1.5071455131286315,1.0001556834764522,0.005596630301769566,0.009634055098522607,-0.022146869509224388,0.5950012597593153,0.05531245692032989,-0.32968145648241803,-0.047989387184852954,-0.0629033354914266,0.00408770277532296
-0.5370758780021236,0.1271520307306943,1.5084705618307488,1.000139826782075,0.005904733165050287,0.011077255619639364,-0.02210814363213286,0.5973667286036667,0.05427507535709132,-0.30947707513241096,-0.04902697651498985,-0.045088748332641954,0.00446299866482291
-0.6285231318257986,0.07486211126604161,1.5224044752955317,1.0000392315683413,0.0014622303034898076,0.015534643397716456,-0.02306711971400676,-0.004724796940953234,-0.17437702606562316,-0.0657645468927779,-0.031408947185128995,-0.046778003484321935,0.0047780418577738236
-0.6282954283648318,0.07481609145036022,1.5270390505664315,1.0000366876325746,0.0019028650600592947,0.01567105058094537,-0.02305295459927924,-0.0021364707586528646,-0.17492648735673794,-0.022340894139476465,-0.010903732179168133,-0.06921399829377103,0.004754027222962185
-0.5750868786213437,0.07757647274532531,1.5034801010215286,1.000070138127079,0.005009436461885374,0.00939682059196221,-0.02315909038697393,0.24117197584571035,-0.0724329380449577,-0.06874446225015748,-0.01096781001275518,-0.04210834580788695,0.0045505356765445605
-0.5751114411571077,0.0775069825812118,1.5045909388859666,1.000066349651669,0.005532429524106607,0.00950521121562907,-0.023159570666765772,0.24018978142995134,-0.07358448016087307,-0.07204675829388961,-0.022438863947731896,-0.003024827442611582,0.0046379699913403185
-0.6218579310448199,0.041610869263006105,1.5444047639992553,1.0000469401083467,0.0042719115999099045,0.01530533523217906,-0.021532261545453173,0.015392762463634144,-0.22118833947621708,0.14829948356328232,-0.02692908732901752,0.019688709495513917,0.009417134142647787
-0.6218189473520435,0.041646223854857875,1.5427468831451228,1.0000225714496056,0.003748288157679828,0.016957659974362087,-0.021523619217937988,0.017361429771277213,-0.2204271850392535,0.13402814167928895,-0.029715471416170074,0.024072183614515703,0.009452459086544776
-0.636137372378244,0.03750983055477784,1.5387664027155843,0.9999526868491284,0.0009560697159941327,0.020379243071207177,-0.021619418978596976,-0.03400479250071119,-0.16915398925409297,0.10061831868725402,-0.04995543606997404,0.04379566731641993,0.006222662015169807
-0.634370060345604,0.04202465424259338,1.5502473562401682,0.9999435667954251,-0.0007163587613652035,0.02035060916670839,-0.022917324554671447,-0.012040195031078726,-0.11571288259952903,0.1389922993864692,-0.06331333786887186,0.05195886990449192,0.005526132334652446
-0.6344589571656768,0.04202023984491422,1.5494202888062143,0.9999462257046855,-0.0009979781386403306,0.020218822531895015,-0.02290743068450328,-0.013277904451138618,-0.11555984248051512,0.12693436793763915,-0.06424320533437468,0.05937571093677426,0.005405374354419233
-0.643889706160778,0.034243373819420435,1.5398874456134055,0.999931187411017,-0.0004095121346563934,0.021782361113962978,-0.02291254608635305,-0.04393509358617203,-0.13906763218400114,0.05705005832499889,-0.05325627551649313,0.06452085890966082,0.005120042259986013
-0.683617363783245,-0.017669994298792718,1.558812983367075,0.9998926820610475,-0.003338224035289803,0.024693882592977518,-0.02208380482394741,-0.21811911039520065,-0.3740618694139359,0.14376654274108777,-0.04996501984248674,0.07105913677284235,0.007243010042190386
-0.6896354979417175,-0.003263658122489573,1.5707146521393245,0.9998554942397443,-0.003787714824715099,0.027463284506822703,-0.021128523988599827,-0.19566039031488267,-0.23850957410278364,0.18282084359823292,-0.04547986321858905,0.07473692516797498,0.007162581262406114
-0.6692629073660322,-0.019549575141264507,1.5251007101486822,0.999886487063699,-0.004280845251421467,0.025504677495825634,-0.021981905316191153,-0.05240698715749228,-0.2753588954995175,-0.07476855553092919,-0.06623468077070138,0.08502820952951652,0.005598910171311156
-0.7108220276141334,0.0031425487824894107,1.5717825810889872,0.9988105866242561,-0.00515268608617573,0.029259193009430896,-0.021558369617866807,-0.23100319792288423,-0.11424646095772349,0.16906389631373508,-0.07232221365769378,0.10277473654046275,0.006733667112047853
-0.6927357787236266,-0.026094255821933372,1.5304805496249174,0.9988555471829907,-0.005152849469835419,0.02947982017996294,-0.021307026028945724,-0.03712452946509177,-0.1938715610690257,-0.09109980201764382,-0.07673999199442405,0.08915388804465507,0.007994399765926833
-0.7510695096969296,-0.029545734625414558,1.5629218878931994,0.9987326802848613,-0.007233589220603094,0.034572187706526876,-0.021224391172012975,-0.29571316267789216,-0.1756222833619438,0.0878776632025221,-0.06604464839688098,0.10594494136696421,0.007150576471079838
-0.7972724294592471,-0.05927497072119432,1.6120182764947746,0.9985676156076464,-0.01064662527928555,0.04074190204770564,-0.019710110053239843,-0.4484377026548789,-0.28836823040087894,0.3334129884929321,-0.06460883520692169,0.10148732618442587,0.00861098201447231
-0.8005225161719127,-0.08516600522593558,1.571547980819493,0.9986561310269992,-0.014342719435731002,0.041831248652415505,-0.019808306095732992,-0.2607679729460131,-0.2932268646090881,0.07937831784533211,-0.05864106941060624,0.10078179236461614,0.007836955004674254
-0.8004562696029317,-0.08517124317151513,1.5731987828989449,0.9986632564850191,-0.01395045881492589,0.041781752691117884,-0.019833652294965674,-0.2623353514639854,-0.2942272820904259,0.0706026872329255,-0.06455374934481534,0.12379745312442272,0.007992081339026624
-0.8089396662281625,-0.08591098953807198,1.5757072713622515,0.9985819871009732,-0.014453087109553632,0.04783200231187143,-0.020005577238938,-0.12410106942387412,-0.21378773183066538,0.0762678188110302,-0.06452258393928897,0.12511747596115388,0.008264455494472498
-0.8089391366555685,-0.08588888600552852,1.576079834958291,0.99857146744247,-0.014792659748464556,0.04796514355619118,-0.01996365578157373,-0.1237841280095873,-0.21327172332589003,0.08047187407475401,-0.06879993686699065,0.12035324781923777,0.00860086490312067
-0.8719877305578004,-0.05985277149287732,1.561676326168068,0.998388599648558,-0.015898777717828428,0.05276527329017796,-0.020670501408331033,-0.3862745456376514,-0.03739638553697138,-0.003679355412030318,-0.06255657035261776,0.10518346439637084,0.006649365485702191
-0.8919598415462494,-0.06006204558686634,1.5860535302550773,0.9983187856647332,-0.0173363817387586,0.055847459986668804,-0.02247517249471237,-0.3918113494008535,-0.02438353385064578,0.12290950679268235,-0.056701722862843695,0.08544858815408883,0.004103862077663044
-0.8516678457512844,-0.10006219239121378,1.559726970179349,0.998511673827976,-0.017725576669013865,0.054857015563154594,-0.019441158106035916,-0.09550109893122655,-0.20862416763991917,-0.01896953832231661,-0.03143972210297467,0.08744214371246839,0.008573241261471057
-0.8699194967698685,-0.09678470130991343,1.5592101259927915,0.9976047357725185,-0.019374753825782746,0.05548187842182841,-0.020054436613141397,-0.10167638869181353,-0.14365592740908947,-0.006207525147827092,-0.009384705327525717,0.09434193077342654,0.0055326118995600426
-0.8699558988433117,-0.09683034317263917,1.5597006665712418,0.9976490988094311,-0.01831076744456462,0.05500790890881418,-0.02015265587950392,-0.10200722948110853,-0.14479668235167786,0.002708597362621374,-0.010325030706993152,0.07265042801964496,0.005705267565665258
-0.8827099510240279,-0.04360672297128469,1.553266259350526,0.9975624028740924,-0.015506587129083142,0.06036786647077224,-0.023184823026829837,-0.03095338933078823,0.14064943254864865,0.004278363370802805,0.0005710585453274654,0.058634239609461826,0.0006676352337434569
-0.8825337593678523,-0.04367933545339696,1.5541391893211915,0.9975708691016232,-0.01486541446856279,0.060362246831871406,-0.02325497836832909,-0.02902474215645279,0.13929240155223324,0.012629521214743589,0.0006143433969508224,0.046013371635959574,0.0007636892885286357
-0.8825960920168973,-0.04368816000714611,1.553949407596048,0.9976399359910404,-0.01481523506750502,0.05923220891032718,-0.02322991254757934,-0.03022998108930903,0.13940672172764015,0.01332192502380758,0.026319754052083054,0.024996181303689333,4.3845932356322855e-05
-0.9404910217328746,-0.05379556861700519,1.5522955454762588,0.997751475494216,-0.013072789342847991,0.05985282502868504,-0.021834701377159958,-0.2797398959678624,0.0706603621471223,0.009377197199886871,0.0502732616715111,0.009276418342405054,0.003406215636168827
-0.8889623635178421,-0.0698426098192237,1.5312031188792454,0.9979657138894786,-0.012940293970509519,0.05756796966798962,-0.020782673957322917,0.05667681773240257,-0.013022193748380826,-0.08767243312862609,0.06510594805504756,-0.005237865526051033,0.005872521687499024
-0.8747548420639774,-0.060853310090147605,1.5617920588393888,0.9980772152484426,-0.012197436759678396,0.05560711046671301,-0.021212052434278355,0.1452420721553857,0.0403015538883708,0.09202919929826482,0.06491888033377136,0.013013614534261512,0.005191031055592905
-0.8658440075997134,-0.031185896475476618,1.5631888175348787,0.9980137614072682,-0.009717421695481782,0.056315243345531396,-0.0228626827485293,0.20016326058576459,0.18435886308527746,0.1007196742222528,0.05625605315924415,0.004268297913054197,0.0009351576914804771
-0.8708477918993898,0.054388453820564286,1.5922303395326676,0.9979681007044456,-0.0031849724656081192,0.05636384173559135,-0.02533100517266513,0.15745361364571256,0.5126991448147235,0.23900279932899143,0.05709987794815112,-0.014245514685976863,-0.002727553659381174
-0.8575842758429801,0.009091864354365677,1.568536588021209,0.9981089324415235,-0.0031164138164318,0.05414109041156912,-0.02077493109060985,0.22114928775334236,0.20480799026812974,0.0828052195907773,0.06350789687591463,-0.03916017745532791,0.007349710808292099
-0.8410918746684366,0.04174705683737684,1.5932760691655066,0.998104791741374,-1.3653125073361146e-05,0.0552564789192857,-0.02423950448099534,0.344768056680075,0.2033454344839137,0.10536018591647422,0.10007678737787766,-0.04996999241724197,0.0027093318974706574
-0.8413981616991466,0.04177607773369821,1.5918934728442857,0.9981978419315634,0.0005500982613507982,0.053526469461898776,-0.02428347393308897,0.3403513844524896,0.2033966616357449,0.09201811989052348,0.10303511185404467,-0.06443088069588665,0.0015076979341617502
-0.8274369765391459,0.02466267498101115,1.6119348794578447,0.998262979904617,0.0022586200673236673,0.05135992548541233,-0.02265134316342768,0.378669881174803,0.08652739278474299,0.1721183827008511,0.0980999036735165,-0.08624367908204897,0.0027231417371243742
-0.7811236239795221,0.11258000751436471,1.6152923916143325,0.9982864904707471,0.013795410848393575,0.042794138591931104,-0.02488853607963046,0.41535373256102226,0.24753031658008634,0.060673626155341276,0.09449425567596649,-0.10828162781273548,-0.0005942350590511774
-0.7643940174815245,0.06812733827037809,1.6404312583114709,0.9982863060368724,0.016043657055469455,0.04211868147219159,-0.023174897720406137,0.45441745326033955,-0.028967016192357278,0.17062375269817504,0.07472015100940424,-0.11645535206613522,0.004445481433328459
-0.764362693982459,0.06822931702734208,1.6412979199618176,0.9983445379353664,0.014555365035130304,0.04129152813879077,-0.023137419587356434,0.4537926573689879,-0.02678671594588629,0.17647876814447497,0.06363282400464565,-0.12124514481017198,0.004889701821108589
-0.7224112106450581,0.11428463451411892,1.6368717794408818,0.9993254564426242,0.017182387408299048,0.035270924373473664,-0.024583820082961436,0.4914829145068562,0.046718134819466836,0.09569472293780333,0.028133825134998673,-0.1288539749344107,0.0032677138407610257
-0.7224754209538763,0.11435620932440593,1.636235428378002,0.9993543152025054,0.015935863761437206,0.035087766093301956,-0.024512383434003818,0.4904135906153377,0.04833574104353479,0.08497470207020015,0.0004589704135885505,-0.13150084999488953,0.003995079573956327
-0.7001423160764647,0.1473942328531013,1.6199004669670218,0.9993436923439636,0.013814504029296834,0.032737682435429766,-0.026825244357901297,0.5367056436906726,0.20079022829723542,-0.013382857741746933,-0.013110981792437465,-0.13346322409747707,0.0008681184380187853
-0.6938808846440214,0.1462369689559034,1.6276238297250039,0.9993567347154854,0.010921113268886366,0.030452702145458924,-0.02723023655429279,0.4928655472664213,0.15547445099413543,0.02266001484556979,-0.021368243271175195,-0.1344100218325588,9.317876446131475e-05
-0.6767809471914807,0.12156605414889497,1.6363632202247966,0.9992876529491946,0.007220312763466039,0.026128605987114327,-0.02629367789267143,0.35476321055153426,0.013205409148978034,0.07250528976816746,-0.00547126608306707,-0.1325257528647541,0.0035469487044836857
-0.6767403079495776,0.12156695210122226,1.637025654286814,0.9992858391574496,0.007719646690721821,0.026114895373658138,-0.026234335606809947,0.3553745263337556,0.012949320446536846,0.08268808766005001,0.013849526703549421,-0.12908400093548625,0.004154714372242517
-0.5905155141065508,0.15709288764953486,1.544026432238852,0.9992401121844318,0.01216357961729331,0.016041697017493785,-0.02638036191049123,0.5688168979367471,0.15453599630214532,-0.30492907697606886,0.023632923733169085,-0.11865937039385914,0.0042437786209712
-0.5904715821922428,0.15700996410180762,1.5448727933418092,0.9992231424333198,0.012922041142433957,0.016515502427216402,-0.026370149556510056,0.5692372242740394,0.15312203358463664,-0.3011297199393037,0.02073435127191348,-0.10121034764556688,0.004353197780582869
-0.6303210473372513,0.12215360764809244,1.5592306563843852,0.9991607579027476,0.014754840598090442,0.016647828685159183,-0.024595419531439587,0.19167179641196547,-0.11370167608253631,-0.11958219288775428,0.02602392341797053,-0.09397102814386059,0.009319562988366852
-0.6237481774222481,0.11818467097356575,1.5556408076379737,0.9991830491122488,0.015199513478287074,0.014990428239159206,-0.024484819537698488,0.20269829044845064,-0.12466420700450889,-0.08980698640757616,0.03188057215854364,-0.1036561149505408,0.007977446748005572
-0.594327884535722,0.14628435029306344,1.5337456992860037,0.9991158598385775,0.01633359509199408,0.012227562101774477,-0.025791598983285976,0.24903376588115853,-0.026966509869902226,-0.08761361808152276,0.004260047997517422,-0.07278664338343574,0.005283125208548587
-0.594107811213187,0.1462760487269429,1.5362813500595136,0.9991153906678799,0.015432484590596431,0.013421026020103321,-0.025771342843381787,0.25162703513577395,-0.026349390175756816,-0.07087399370491171,-0.024563700916449317,-0.04207379696725807,0.005486808670859515
-0.5711254228262466,0.13107966038581267,1.4845707736095237,0.9991193591975503,0.013444401797626715,0.011674117600180715,-0.026028532830198195,0.2968906816392155,-0.10960346508186025,-0.2422244363024082,-0.03699463339617845,-0.024579701816303874,0.0052842017425585724
-0.6033605204015807,0.13565750277441452,1.556317443013706,0.9991025927886615,0.01300976025693251,0.015210504909513036,-0.025048262479724203,0.1310509372078182,-0.08161279627311839,0.11365864973121291,-0.03944292308283218,-0.010261938326797535,0.007229653723920071
-0.6154587740750289,0.09999319139324482,1.5254035698551265,0.9990679973306285,0.00834238713119482,0.017345850274241546,-0.026451700499587102,0.07429162117434512,-0.22193182665769376,-0.007240370154529569,-0.051548774528969984,-0.008239404628344807,0.004989432245086852
-0.6066176722915826,0.12606129250035542,1.5182811949712773,0.9990853896406476,0.007050868534049347,0.01819032819111352,-0.02509547516653113,0.11437973001351658,-0.08387796808345242,-0.031092298033832275,-0.052971153902288695,0.004336446009987763,0.007367605622806949
-0.6343883414159743,0.11913004527067295,1.56250127587907,0.9990114480633701,0.004829762454723717,0.020303621120724227,-0.026049295833552276,-0.046165550793417644,-0.05415230449119312,0.2038795199307215,-0.06385496368541181,0.020504563004702298,0.006075149089348126
-0.6343948320638484,0.1190756019700648,1.5624294968419012,0.9990052494692214,0.004979972188717587,0.020596906434503976,-0.026028475434984055,-0.046149153242841585,-0.0547593745149043,0.20152690614371815,-0.05617552725368839,0.02576009731231048,0.006101626552821233
-0.6115319085943064,0.04763506894858593,1.5632246001453332,0.9990413156441138,0.00351215834436728,0.020494211102278927,-0.023496916835356728,0.06693720567013778,-0.3536219678093957,0.17442916157531474,-0.04456618191069782,0.04329920848937089,0.008521984264090145
-0.6500989744335401,0.07745407836817415,1.5593412133204299,0.9989820839598741,0.0017963429536178382,0.021422178259577523,-0.025683912182919166,-0.08554156069292804,-0.1705216659065494,0.11341923202804684,-0.03425981924930629,0.05891845299301447,0.006301608562821132
-0.6501427175926157,0.07750388435947096,1.5546260645466317,0.9989567725627877,0.0020078380542011094,0.02256522241223556,-0.02567389892222899,-0.08471312456562005,-0.17050874495562737,0.07811614978996412,-0.058661219946440295,0.05592829851169595,0.007671278033049026
-0.6417935055293705,0.0575145740527558,1.5361650978884738,0.9989654348297065,4.466627467629059e-05,0.022751336803710286,-0.02394663429648228,-0.02792701917773842,-0.23206695555023485,-0.012940962199249362,-0.06373471473998595,0.06563986894560164,0.008535914045240654
-0.689581906976002,0.08780812882896141,1.6250437766209955,0.9988540689811078,0.000980661485650906,0.02737278489682607,-0.026140419677151777,-0.21886903592944726,-0.04743129730247767,0.3454101020121521,-0.05991849378307326,0.07796576870704652,0.006286271989885615
-0.6895919159944366,0.08782189109976421,1.6221515615715627,0.9988348521668159,0.0007137807058077543,0.02809402079564453,-0.026118136346231748,-0.217421777322725,-0.04718826099845302,0.33902239838908377,-0.06367559252404381,0.0774170264161319,0.006554434699119974
-0.6897530999048664,0.04841009256903371,1.5724290415582796,0.9988252524389246,-0.0013899352120385628,0.030502279216360294,-0.02525461733033925,-0.12465850442334493,-0.19541215606281356,0.04996974487492009,-0.0507533802986357,0.0939051436054343,0.006967162395666683
-0.7021288231015852,0.02429769631040547,1.6390242701591229,0.9987003797751288,-0.005543855946105186,0.03587779667172905,-0.025231220413027236,-0.13332278545969845,-0.2633717447308749,0.30339205268792085,-0.040105871063007524,0.11096546330134378,0.0063266160776755944
-0.7020544979140739,0.024182313114537633,1.6387705710469036,0.9986708031965954,-0.004562855154362678,0.03676851601452128,-0.02531591296852004,-0.1316473364929271,-0.26511393805654493,0.3039144159837798,-0.0419442496478493,0.1076901096533005,0.006961233571927686
-0.7379663850482574,0.035436870755396616,1.5859822224040925,0.9986830487290226,-0.0038830898126492874,0.03691101121406308,-0.025722960967741623,-0.2515466745963518,-0.1797365042021446,0.01743950039697354,-0.04921350601887166,0.09682269432805818,0.007206133521826097
-0.7788965813788115,0.07457439564850726,1.601875291947552,0.9984977752385271,-0.003325294553248739,0.04533054982820043,-0.027482671947952782,-0.2768600654478751,0.024488331316930997,0.057113299551847366,-0.056571323524047167,0.09193682402843766,0.006467855161015246
-0.7791141092736393,0.07447111107413534,1.5972787829788,0.998487706416415,-0.003125526248982361,0.04556500762474696,-0.02748414914727753,-0.276442164282789,0.02335711346344998,0.04361832616959421,-0.05554949439166784,0.09780019897722692,0.006029726739710581
-0.7850911687531303,0.04928377687694749,1.553255518283873,0.9985787153065329,-0.004467706213094452,0.045605500792974964,-0.026395693650914532,-0.2397578806268446,-0.0849419324310312,-0.15159845146093576,-0.032661407367911656,0.09931799902623585,0.006369464740315719
-0.7323373781104473,-0.004430888884985971,1.5476219164124396,0.9986848004068706,-0.005280598918118641,0.04478858587637243,-0.023848987752501518,0.038347515374734215,-0.3012877413887542,-0.1586592876330467,-0.013210170458423336,0.09992309713426338,0.008087105333644384
-0.7677812222460095,0.052011540949859124,1.530192459351574,0.9986019599184531,-0.007175101309168108,0.047381360340460824,-0.02654540373681057,-0.027150502505998406,0.015196236292846723,-0.2132538860269356,-0.00840808781105063,0.09653582205656377,0.0035702318880031815
-0.8231676874771399,0.051897209254778184,1.5353340740299735,0.9984255059817898,-0.004499050114213649,0.054323507154745265,-0.02665055542047795,-0.1693083535491792,0.030022868771673976,-0.10134598575871483,-0.025799558718538333,0.06889085846028399,0.005162072153374209
-0.8226495014140532,0.05175845486352467,1.5401967104564265,0.9984469432079363,-0.003639242867565625,0.05396044956969006,-0.026716200487198954,-0.1650490440703943,0.027796328732886268,-0.06321724231578973,-0.009976691615670427,0.04641796324708743,0.00544037974714039
-0.8001197936287977,0.03200282397687293,1.4540348572437098,0.9987291947562745,-0.002703354187898247,0.05032943102266708,-0.02493284394983508,-0.022253746533759604,-0.062155549635412685,-0.4148582651380478,0.005264623801207341,0.03519116594890422,0.008345733606287684
-0.8418600318563201,0.07378581466019424,1.470788119898928,0.9986316278041772,-0.0027842177926076634,0.052811690136636134,-0.028161342206213368,-0.16582237300718589,0.12680631748402846,-0.28348054543918955,0.014062543057328285,0.03816724645239615,0.004058289006029662
-0.8139552205361412,0.0089430891279638,1.4839317239814909,0.9978610127628652,-0.003931797513472908,0.05192085763068324,-0.025537696228163417,0.044814463901170803,-0.12978402304823364,-0.17245471189767145,0.007752106591880299,0.020777595108579957,0.006654956593128419
-0.7832389941266235,0.08960014309847462,1.4316604022983557,0.9979676179050991,-0.0011178659465270052,0.04838508462749183,-0.027645697704459467,0.19257719244967061,0.2288753838924179,-0.35041941876772453,0.02703661753886524,0.02329563466057441,0.004415887215037988
-0.7831903860000423,0.08936450014782278,1.4320755695841576,0.9979607892647239,0.00017072858669331216,0.04847253414892158,-0.027760753150799122,0.19276660985240365,0.22551219016077376,-0.35054297871808976,0.0159522066934195,0.010076497704341892,0.0045350062153803865
-0.7767444018553221,0.04422535001733921,1.4359251458026363,0.9990090410869219,0.0002075112994538895,0.0482137629059522,-0.025324545322198095,0.2205160334628211,-0.00022638315493469165,-0.2729304135204579,0.036131735863956085,-0.014988725115997206,0.00669165594017079
-0.8454621091162384,0.011624042653613545,1.5219849427245347,0.9977942490842063,0.0012439569273990422,0.054391777699800345,-0.025112775577486934,-0.06555223656192208,-0.13980718952839769,0.14830697468546186,0.057565511257072315,-0.02684466567050841,0.0065075451108493184
-0.7973154972002556,0.07852837764028309,1.444437862123872,0.9980233032818274,0.0003074913488696013,0.04865664758914591,-0.028617066425545536,0.17072639613475382,0.16673571080759855,-0.19150641162945603,0.04669891022995769,-0.0529185703167768,0.001363942773812265
-0.7247510916959514,-0.026441612805220786,1.383259077599598,0.9992857546737304,0.0033624274845791362,0.04335135252030877,-0.022789680825139644,0.47588314304553564,-0.3130632106499299,-0.4518613947525726,0.019775304811834822,-0.042572138691406504,0.010032889513039489
-0.8483521878297078,0.03356371039982397,1.48010351501765,0.9980272167562975,0.0010146649372340783,0.04962547084443935,-0.02567067929125522,-0.0821988215733839,-0.009990383317196287,0.024012404481486258,0.024337256759817728,-0.036963646942199224,0.004862752277014871
-0.8305557187580263,0.06015205628208385,1.5170290135680422,0.9981103006446745,0.005022894013833564,0.047372952086952164,-0.026199717624132302,0.02895953141685153,0.09507646280479753,0.1884756686352547,-0.00960643684376571,-0.07533253779210554,0.0037257354737533937
-0.7992740871679092,0.09094207246924932,1.4683661753725248,0.9982184080253794,0.0041215021983488365,0.04437122145242893,-0.028429460142693604,0.17866254576713578,0.2144651316615147,-0.06395780689787832,-0.016949676385424876,-0.05453691242886885,0.0010894177258030761
-0.7890024922569672,0.05340234991149854,1.437651951455052,0.9982617824700951,0.0036859897882091184,0.04201766319392823,-0.027117483402059897,0.21731212895775906,0.01745741545630293,-0.2199240489406386,-0.008366344675299682,-0.03340006658494825,0.003103489220279936
-0.7631101767448272,0.03925138533957793,1.4548991914571654,0.9992513657923708,0.005202920359304408,0.04198297480621162,-0.024679684686453342,0.3199078155336871,-0.050517018898725514,-0.1410150186535743,0.016805993931069865,-0.02966068599537816,0.005274038139096532
-0.7521099647207611,0.03853933074176738,1.433240160063146,0.9992530944068162,0.005428323735235221,0.039442653259603076,-0.02520071785338352,0.30487176194177196,-0.04399455335046385,-0.20590867442338476,0.017353870883424136,-0.03623379117463589,0.004416631550202208
-0.7114443320839564,0.030465512638718373,1.3120596834619715,0.9992706376646966,0.005641113417327279,0.03448691256745683,-0.024900667383402318,0.42386555074638144,-0.03910347234618212,-0.6524935542965092,0.006764021816667477,-0.054433721129275206,0.005416322717392798
-0.7117021096584846,0.030334393862656624,1.305112737244059,0.9992193067307317,0.006878689180820932,0.035703359101118694,-0.024934898488877012,0.4250446232130791,-0.04195913562522079,-0.6853758458485745,-0.0018308619081517077,-0.06378908030499357,0.006050980458190814
-0.7454053807148296,0.02994344752862945,1.312971826847652,0.9990903112979757,0.0064390329384723215,0.03743519866819813,-0.026032705999124356,0.23718468851232247,-0.02429510491027465,-0.49869503935458526,-0.010860992917470173,-0.07669011918582139,0.004742242539740033
-0.7451605045182392,0.029840959497536023,1.3178315245021506,0.9991477737265735,0.006040106912821661,0.03596607259651589,-0.02599408429846445,0.23920654116747786,-0.025076361596550273,-0.440848923394651,-0.018430123767562166,-0.0934207491169379,0.005252027589502614
-0.7901426875602089,0.01503325357579038,1.349154634722764,0.9991868249379727,0.004397630387241109,0.03499632513686356,-0.026146057072849154,0.03444592480399629,-0.08684823895465012,-0.22624927873280903,-0.023988968599816564,-0.08593132859210793,0.005136080657648444
-0.7283516793670529,0.03304247084046401,1.2572663702656388,0.9993107830376273,0.005157217720873375,0.03085421677114008,-0.025167104476354125,0.30617722410237797,-0.0033560936370452504,-0.5851407103299134,-0.024588865001101076,-0.07838549541746018,0.007114469356263965
-0.6455755692853566,0.018450500352402945,1.2387513901093803,0.9993499869510448,0.0020676406718503457,0.026577992591988543,-0.02568957984194905,0.6258010167531931,-0.060484590422655714,-0.585277273874683,-0.03348410991513728,-0.04888292222006483,0.0061709208662820755
-0.7342308490596552,0.003937539330973668,1.2341420658582054,0.9992846261477033,0.002339658619424198,0.02631633576974281,-0.025675312452636732,0.17592065635596368,-0.11851043879135918,-0.5067971837378796,-0.028334164520095753,-0.044240893271648776,0.006448658438891289
-0.6281524409749789,-0.0018771802924092795,1.168561353056021,0.9992261727904026,0.0016851666878444239,0.02333190478606683,-0.025570445117666304,0.5652292480494456,-0.10592383265337255,-0.57888292058798,-0.02411214480058931,-0.0775035788201234,0.006877996411530577
-0.628104002874612,-0.0018674647692972781,1.1662147616184646,0.9992065123847961,0.0017549064101534796,0.024165741424297567,-0.02555956997145226,0.5675151694181508,-0.10605960191250595,-0.5848461997106431,-0.030339943915898362,-0.06135262557103459,0.00642082748148337
-0.759532083352451,0.04575050329576861,1.2173607294352156,0.9990798486064634,0.00045881875546392595,0.027445664157351446,-0.028035563291025238,-0.052725647223146876,0.11412018385466181,-0.2622318323671197,-0.03374153593645969,-0.07674577602774242,0.0043473578207212414
-0.6570555145144958,-0.017934190496401575,1.1828749286059692,0.9992010340763309,0.00015592871480001567,0.02290282884603002,-0.023425107148494596,0.39243521249427266,-0.1135012665526432,-0.2583566017124379,-0.035907094439861904,-0.10272207197549595,0.009194191815871259
-0.6570306352206223,-0.018000595411456394,1.187706094920598,0.9992325256782918,0.0003866170248722656,0.021484012365666938,-0.023423424122630276,0.38969546836121305,-0.11400655564566603,-0.24239375578449107,-0.01444112705811503,-0.05652017235050513,0.009307977431109431
-0.6321674736233956,-0.016902887112959418,1.1111317461648054,0.999254280809725,-0.0014283719411429413,0.014073999832145651,-0.024429520642954186,0.43896244306611515,-0.08938298267204979,-0.5376000539046699,-0.019159148999097642,-0.060527989128580414,0.007588611367747394
-0.6907984233433891,-0.040751101326568784,1.1238892969822452,0.9991648568560263,-0.002140506706024421,0.02052323646449749,-0.023384042477852696,0.1459873983705637,-0.17724924183364413,-0.4081217634143918,-0.02624108021165789,-0.0521308022164224,0.009295080478572965
-0.6925698842466458,0.011139271555424853,1.1853170176156331,0.9990981340427688,-0.0016515817827125556,0.019327505008981574,-0.027012076198551255,0.1298928870978311,0.07124182299283706,-0.06663550303919061,-0.027018262720789554,-0.05542943167456294,0.004720979729597138
-0.6720063502810533,-0.028083393923958012,1.0993487641750217,0.9991572490668486,-0.0024539720596096558,0.015452621662137398,-0.025416534670920185,0.20529193879056756,-0.10816181358604979,-0.4102449134498178,-0.03750810329231023,-0.03730927022522809,0.007020281188534992
-0.7066301935534406,-0.005452631625350864,1.131205474308632,0.9990278414299015,-0.0009894666645223434,0.0186706531069307,-0.024895946022530348,-0.009278171703171563,0.0672291223595373,0.0029634437433715076,-0.01889786328075927,-0.0028815704747729314,0.005484453043368736
-0.6930463432570232,-0.07313347186857436,1.0662343806214953,1.0000881892284221,-0.005071995243848653,0.01628779300371429,-0.023634870556362587,0.05426767045666117,-0.2234586103205227,-0.26414336951950823,-0.025327357826296592,0.003775335246802873,0.007645920243662011
-0.7333171866661167,-0.05488106123897886,1.1064102073081874,0.9999841483640128,-0.004340761067048335,0.021040334486532076,-0.02366847295600327,-0.12571286330315867,-0.12314962236908449,0.03150493551780443,-0.011033584122519738,0.04013739092996934,0.0072045313388359004
-0.7331317193764749,-0.05490588841256184,1.1080409093858603,0.9999489500377448,-0.004020457459519955,0.022680943859854787,-0.023696733265527025,-0.12286994172064182,-0.12373177534954376,0.041033680307026574,-0.0269274763313948,0.056524172462660165,0.008194320672868398
-0.6883011235627617,0.009386751323996202,0.8930503305121537,0.9999817529951767,-0.00151874073396645,0.01425609744741762,-0.027640681172085,0.07962327938030742,0.16819669044592744,-0.8930144081759831,-0.03204000076186182,0.06971369037730893,0.0028658236934505517
-0.7307405248990846,-0.02235064465587029,0.9525666532199673,0.9988566529234935,-0.0034824252020543866,0.025874060613744886,-0.026168622856746423,-0.058325235714282726,0.03719472012900805,-0.5350805664241766,-0.03896565388363872,0.09726705400375818,0.005372766566202338
-0.7305783722611039,-0.022271066403524668,0.9543833304556254,0.998828144176421,-0.003945050043954848,0.026905098010799895,-0.026151398302452566,-0.05337722290047098,0.038756944200691014,-0.47249914479949673,-0.012279961382907326,0.09166477669142588,0.00399946069837512
-0.6398612046946052,-0.12275070467346122,0.7793963980599582,0.9999977437741545,-0.003921976111378318,0.024140618110066597,-0.019657465588663405,0.3768159881830389,-0.38250643423712183,-1.0638787635688656,0.00043105078027747966,0.08244987103092054,0.0117017224871892
-0.639597413212856,-0.12258892303595201,0.7842382650892399,0.9999933024073756,-0.0039485762620519015,0.024314960056614203,-0.019663362854347874,0.3796139939878925,-0.38085504407275983,-1.0171004380092323,0.007598377410269209,0.0780347357082873,0.011731538589190656
-0.8245831467286038,-0.06901170019101445,0.9244554905285511,0.998731329655887,-0.004729604517667589,0.031606847019165815,-0.02417408778603071,-0.4316562687826951,-0.0914374310476927,-0.19327901824994953,-0.03205673051243061,0.035290702270165245,0.005597905810299507
-0.7873785717854657,-0.05128341929711773,0.9460973326213155,0.998774916642095,-0.0016203810219755212,0.032417978000499295,-0.02354044231775857,-0.21858011801768346,0.03444856928675919,0.0818356879149087,-0.06619098212978611,-0.01185352571633276,0.006247086243055143
-0.7837407779166757,-0.07519598115763239,0.9666413073407805,0.9987429352091499,-0.00540317251697613,0.03639598686227823,-0.02194849981668309,-0.1365477781034358,-0.088754988508737,0.2991854375528695,-0.0699890977018646,0.04477496611594492,0.006067987728174339
-0.783860038662712,-0.07503539667926044,0.9665871510195301,0.9987481485163311,-0.006895393045433072,0.03603647272886233,-0.021886553286423673,-0.14218832115310334,-0.0859208435219739,0.2517687354345775,-0.05383767379644896,0.07995757913226041,0.0041221137927722595
-0.6863107316253232,0.00527362970796369,0.8183414642488595,0.9989499142034148,-0.004366503813075917,0.026656797576572057,-0.026067043235154873,0.29280968924168205,0.26572034118216925,-0.43138622753936495,-0.04112820676568283,0.07702019155447476,-0.0013576193455868144
-0.7273528700501682,-0.15567572282402967,1.0005490488180164,0.9989030040856084,-0.013592194243152009,0.02994877027612486,-0.01965090497981123,0.09489893244906865,-0.4419819484226927,0.3985843442868559,-0.046217833996747004,0.08640913145401374,0.008132688612443099
-0.7170907361171768,-0.10188187383932094,0.865854518528998,0.9988942820304583,-0.010833315402746615,0.03446407893425084,-0.022183794459489013,0.305837180530812,-0.19072384770175152,-0.232974765691689,0.00637752372476526,0.04836890902778604,0.004785665746076828
-0.7174265412495784,-0.1023587083583377,0.8512792855300049,0.9988389135607187,-0.00883000824445087,0.03645989806642913,-0.022373194144636573,0.3064639475109197,-0.19662387310122634,-0.33645654517967555,-0.022721015840830062,0.033146713802075664,0.005033805886897998
-0.815847793953669,-0.01597799546588047,0.948702311494222,0.9985850392237424,-0.008672246746623294,0.04248497225341067,-0.026679075733619072,-0.12709323266356848,0.20428690914391026,0.14482332915569218,-0.03340461202269841,0.004380451727069835,0.0012317471562645192
-0.7912500231606245,-0.038363500762650986,0.9615288787605047,0.9989506435906118,-0.005090085998568782,0.03578819160036722,-0.02445286471377753,0.017863935169043346,0.06564851228212042,0.18735903721569058,-0.03883750847335954,-0.038478662639064576,0.006310313806422102
-0.6872741641992255,-0.07070941170558492,0.8617369305820269,0.9991325295578267,-0.011228625657497868,0.02374123850245076,-0.021553663262300713,0.44067331376329794,-0.044001912443691366,-0.224579560372288,-0.010201204451873332,-0.025802253521993404,0.007774609461207538
-0.6873303562922667,-0.07068921680053825,0.8667616918642758,0.9991758971178999,-0.010790824736735538,0.02209263213375997,-0.021519290429804643,0.4363496832826234,-0.044318854156158265,-0.21695705957515418,0.0059092765643068415,-0.007958399853003015,0.0077526656273551545
-0.755816634108678,-0.055087223331548744,0.9624724376133784,0.9990671480733967,-0.012556497245398847,0.0246708607456418,-0.02324933925551038,0.09339350436408407,0.023161399016890075,0.20130753091862183,0.010731909794871942,-0.022586461169104573,0.006239525251679691
-0.823359998264321,0.010228695178718104,1.0653464583278207,0.9989550516257464,-0.012147698509212454,0.02877323713609914,-0.026083881568651043,-0.18582606370383184,0.30477510275990694,0.6371968421811466,0.013360381871919442,-0.036585433143767616,0.0029576263240062195
-0.8233420217711647,0.010046189000411824,1.0642912759282028,0.9989545281121829,-0.010978202048913501,0.029198187927755366,-0.026150095968719086,-0.18590784704096186,0.30164453080957815,0.6144170511919121,0.0210112371510217,-0.015112090282160703,0.002921141509936549
-0.7622193785361284,-0.02650226230060902,0.9874664458456445,0.9990335468638654,-0.004890550970278542,0.028984970200640628,-0.02481811465071604,0.11554248463237995,0.09814152840924818,0.15680171143355529,0.06185034206366394,0.034859761690399095,0.004732091513060893
-0.728941219507673,-0.028824327592428894,0.9849046722109754,0.9990589676515825,-0.0054914669343392565,0.02807401023758204,-0.024716335377934294,0.25143828980228017,0.07797166113115517,0.07737955644104878,0.08595370869797077,0.07370364217152318,0.004170290710596368
-0.7499192401395655,0.00278453923107983,0.9769840264342591,0.9990707193854056,-0.0025986555631072857,0.026995116926972942,-0.023393048584333352,0.13778472463698352,0.2019199354977995,0.01446337029927446,0.08130426699360674,0.06666575603243752,0.004404859098471041
-0.8657507362994175,0.03976766615227278,0.9759734945382006,0.9987674438888263,0.004338203992123345,0.03592203870777933,-0.027503550833455268,-0.33209198594945083,0.28962514122127864,-0.031227703870240806,0.07469149546240843,0.050827640575420205,0.0009871993009206471
-0.7340119846651244,0.0021517912243048725,0.8857758614628827,0.9987847804949437,0.005575784510096279,0.03754458976166732,-0.02520510205210457,0.3011736929364373,0.08364083499795838,-0.415498683397187,0.07168941499007257,0.03930862466838587,0.0050990632320864785
-0.7339969738828782,0.0019217745885511458,0.8821904580868564,0.9987541967578974,0.006192233509717719,0.03822301719671134,-0.02525315723578493,0.3042901709919385,0.08098689292691273,-0.40959081705775136,0.07431389536509192,0.07532386574017026,0.006087284037013866
-0.7677571034767243,-0.012725807525433582,0.9524178839358661,0.9987877267855285,0.005097346334965858,0.03817331606745348,-0.024370208120990125,0.13936851014399199,0.003607615725818907,-0.01636411068701138,0.05292872000576371,0.03523018795327096,0.005853530066087539
-0.768290510809609,0.014970920701080945,0.9248540808293774,0.9988932054340792,0.005408870018834261,0.03677253072574011,-0.024777165553881736,0.16335663370039183,0.06484145128582638,-0.026485951381970525,0.031966899977922104,-0.010253686374454497,0.005150149654959067
-0.7679917637915114,0.014984356853046575,0.9307230484818176,0.9989443540583858,0.004624301602305245,0.03550693927479329,-0.024719732806414565,0.1637781107366811,0.06567394858676232,0.005391878977527565,0.01202917174978961,-0.021941476294907898,0.005412795510763237
-0.7675164690475217,0.06185340120003153,0.9164061268908524,0.9989909448190825,0.004410658489232018,0.032733131097869905,-0.025341618516468666,0.15636437654175517,0.2548173784596117,-0.04474524175053781,0.005686803594688041,-0.026640652332990733,0.004548081933272122
-0.7759647046917562,0.03282889356770503,0.9203001551434603,0.9989927423064872,0.004648290613720902,0.03245436321679387,-0.026620016110931004,0.11837236426456536,0.09353945459400641,-0.01474746570851502,0.0037063305730055487,-0.024584625037745444,0.004181655155073245
-0.7747526576913532,0.0641478084780578,1.0291554848413407,0.9989946988120458,0.0038784108392089876,0.03406100094754916,-0.027007630864880578,0.12196836949379056,0.15129024432207924,0.45688984099806923,0.0225900179654809,-0.015483851816211019,0.004923091470492905
-0.747545018371088,0.06584297525535507,0.9527645279947231,0.9990835098876041,0.003195712040798244,0.03024587101105484,-0.02711308448636165,0.23013296515496312,0.13670911897170301,0.06802473888295421,0.02430767161824848,-0.009276570804331679,0.0048321957452227855
-0.7477820278248707,0.06590763157382147,0.9471505054971205,0.9990488918600106,0.0035780661960342374,0.03132632242181153,-0.027114108849628133,0.2280992084593205,0.1370846819150172,0.003943390728255828,0.032135809021085114,0.0007347128707442302,0.004816780957652127
-0.7780668624060993,0.049102585784993664,0.9456804784344445,0.9990307053502022,0.005057988319933595,0.03188437165571505,-0.02689713467114117,0.08681765810176376,0.040994905061774195,-0.006391575997554742,0.03920243254652535,-0.0033902413087844793,0.0050477331960411724
-0.7755815194090258,0.05622518940336254,0.9761737338088666,0.9989593620807494,0.007703057138593242,0.03394490221518785,-0.026525579396468022,0.05772603465405171,0.03700172742884693,0.14739059539844387,0.04417474959323601,-0.0067427766667628826,0.005662440415030038
-0.7756363441310195,0.056114972292148596,0.9745797775631694,0.9989460269100575,0.008296456047262759,0.03417484543318121,-0.02655350093528696,0.05828280194708688,0.0352407855505981,0.1454029710984311,0.03359472198156177,0.0018814428021279857,0.005972905850923162
-0.7479590831840024,0.09549197302615056,0.9382425914359666,0.9989607039033535,0.011297951648614146,0.03273830967942888,-0.02707543363042068,0.18371853819092065,0.15626449246395124,-0.059352367964707296,0.022014909911551854,0.008943701635933077,0.005535805766084466
-0.6948427193270518,0.06047324585734587,0.9126886742353529,0.999051421329253,0.010493983160704245,0.03047845369095625,-0.025694492548283137,0.39983916360669,-0.017998425302698257,-0.16889019440909825,0.008253846227109023,0.01342934095811145,0.008233554249842711
-0.7268785435230373,0.08358131811942072,0.9278248097827501,0.9989966312769818,0.009158003028587554,0.03196214744041953,-0.026519532543546758,0.22765900582545545,0.07912372125778717,-0.067805776540077,0.010179320652420103,0.0080404884817695,0.0065928583497762245
-0.7776071846663081,0.09791181879684523,0.9684573842561455,0.9988398869580372,0.009794124948750399,0.03752994522966976,-0.027649325706898032,0.0054510179080322395,0.1184937899741645,0.12987711026731624,-0.0010285285407190166,-0.016631328674972884,0.004324820353206247
-0.6907832639143991,0.05539735257776412,0.9113757078115634,0.9990424497778136,0.006442767429053349,0.034092287366808624,-0.02540467356262207,0.39523277820944114,-0.07806726670692188,-0.12105865156259596,-0.003327751432082738,-0.03161637240906969,0.00827342355931762
-0.6711300595064098,0.07262306631324518,0.8857908071341454,0.9990758405735752,0.006366071811312168,0.03395028784422478,-0.024603300037649024,0.46356977827354684,-0.0016275666018276949,-0.22930838024570435,0.003185703992215479,-0.016888086041470053,0.00809463469284175
-0.6803533754738534,0.05201575265711431,0.8306038708187483,0.9991687826630594,0.00920404344124327,0.028169791658396358,-0.024769322665509554,0.36749106215899396,-0.09976467116213925,-0.4218247158692565,-0.0035530031276919238,-0.046623980475869554,0.008112937133699686
-0.7163632142250561,0.10796475365128082,0.9587276135401038,0.9990974163511688,0.007971350212212845,0.03205103274062401,-0.026068118171973978,0.15633021309685216,0.13144902475675665,0.1913507019909796,-0.007308901384490019,-0.0734196447650638,0.006060043979847544
-0.6782841322609237,0.08686336464897793,0.926198872063391,0.9991982732207251,0.006478430909151351,0.026732085659383474,-0.02600467033658585,0.3090732280429037,0.018112074262470544,0.06574443700245995,-0.023896427702453826,-0.08705069732555969,0.005716392107864267
-0.5937825660578661,0.041720871681690384,0.8964389649029941,0.9992716343388262,0.008944178319277352,0.02415076514685361,-0.02289021316403467,0.6111714808443811,-0.196961620986084,-0.047697357922374714,-0.007109052005293647,-0.07016779595260776,0.009535287858631227
-0.6170103375155018,0.05483149075071613,0.9031870504511669,0.9992778941545672,0.005825442923052942,0.020914011611600055,-0.023714718906058842,0.43317890503323886,-0.1101402906556796,-0.009873251711362753,-0.005515952955800106,-0.06511457510847107,0.007802171084829404
-0.6171177658500883,0.054892600651622006,0.9062092381556487,0.9993079309146676,0.005314475878431789,0.01956621946287576,-0.023719171871507145,0.43012303835861654,-0.10889780414423397,0.0004927112322295939,-0.027946135501945107,-0.09598198931672576,0.007486010635031611
-0.6425654070866975,0.04324754380955936,0.9632907333557358,0.999230424018724,0.005193939175416947,0.021672128253668817,-0.023935514772687495,0.2762447247789601,-0.14732248638456127,0.24938615551945803,-0.03726221573749551,-0.09488848268924206,0.007035334304673396
-0.6358372047125932,0.07930344768880121,0.8890704243430333,0.9991806418870396,0.006548926420812005,0.018900172866747552,-0.025631002882244614,0.27441205324337203,0.020335542599454852,-0.09657612306389449,-0.03846558186288614,-0.0938104780124228,0.004252883225394891
-0.6630029907383684,0.05635806725817192,0.9477598623201959,0.999156622599689,0.006293395102630326,0.02318957775719911,-0.02413906760292449,0.1404325650310543,-0.08419238941834742,0.1586093204240921,-0.045424791473462164,-0.07097483447765424,0.006660475473479456
-0.5940319212613443,0.05896396132459494,0.9348715831205897,0.9991305966392768,-0.0013792120780894046,0.01212405211503126,-0.02498328292616313,0.23424641739346258,-0.036263583673193475,0.08839000649993181,-0.037690300917871684,-0.05844063972943143,0.005134023052617142
-0.5941738560134067,0.05913488588478574,0.9352312016267643,0.9991289292837491,-0.0020393158881164275,0.01219126074694095,-0.024972079610185646,0.23257338393118063,-0.03404467347827755,0.08262698755368784,-0.03807713427190428,-0.034987588910462074,0.00525220964502373
-0.6086437594467698,0.0610068169230166,0.9328424359336965,1.0000907191050834,-0.0011016800203405962,0.013907079795869144,-0.024878583197339498,0.15176005541734044,-0.025968624369671615,0.06169442677349505,-0.024810628644448076,-0.014768834207390193,0.005498938050310271
-0.6271388645010579,0.04701495540488418,0.9492949721716425,0.9990422626561742,-0.001741495170943226,0.01728671706112959,-0.024570507373203248,0.06420686240936757,-0.07922262546975227,0.12133419142728047,-0.013503697885933644,4.3311317782515884e-05,0.005998943935917726
-0.6076957533500459,0.09206623727509224,0.9095901420187438,1.0000102315365575,-0.0026339665202552865,0.018329872472259694,-0.02495239645484209,0.1327653654279261,0.14351857750317112,-0.06182106687874922,-0.004663408685644381,0.01285667758379864,0.005347555254667814
-0.6192862024153217,0.07364160746398936,0.9401470903562007,0.9988918250903127,-0.001516754767523406,0.026205370775205756,-0.025221679827867896,0.10320531538022698,0.06441114168279823,0.07638217722928788,-0.004783684382955266,0.034623086017296294,0.005043443305754853
-0.6192809744705972,0.07363038829965532,0.9378181242586061,0.998867358248055,-0.0010901222024703764,0.027130851941100806,-0.025234026755466113,0.10486573772450819,0.0639829342405756,0.07290208994097958,0.01786599619990857,0.03739624702919284,0.0043927823894105095
-0.5339835586720597,0.04735994588155161,0.8839604221041489,0.9990012571277136,-0.00011810231601397069,0.02311547696184839,-0.023919731609192516,0.4643985990464489,-0.05825289417357543,-0.16599717242816928,0.029490745677148003,0.024073974510055666,0.006353075622590348
-0.6334925604067517,0.08463782778773828,0.8974273371339875,0.9989414410809627,0.00173003869241019,0.02438657630390603,-0.025065945777615846,-0.01594801139150113,0.10533444179072915,-0.08493133669881278,0.036809988939721226,0.01898307038884547,0.004273934515182909
-0.6326138409336076,0.08106036638106856,0.9009741827020982,0.9989559257920259,0.0020101862094641532,0.02364583167671553,-0.025177352727124003,-0.030532000206598728,0.1054526970553768,-0.0697918511740233,0.026676222661001753,-0.024057574005691893,0.0032026388311352707
-0.6413395093518407,0.0790017346858283,0.9072482100191196,0.9989103971218086,0.004705617118078917,0.02578608938638734,-0.02543558226130294,-0.09073637846302791,0.09470309120277924,0.04926250702010355,0.03357284874696709,-0.004041101949499531,0.002975871368649133
-0.5873914667357312,0.07576156790463894,0.87038380081632,0.9989665607116536,0.0064112182154749675,0.024541962761960835,-0.02506810206409209,0.2073653189312949,0.06053856201325724,-0.1319341157663923,0.0387905199511333,0.014240987526059349,0.004440047734810168
-0.6152704216467394,0.06547611479482139,0.9031709016693413,0.9990029361181263,0.004005784776779886,0.02319149598077614,-0.026481209938044828,0.04932043765820509,-0.01591313277793415,0.05972162851033442,0.02763205002142134,0.033962335902437135,0.0033814634537026353
-0.603114939444759,0.08137823400856939,0.8946911599708028,0.9989727307847069,0.006994965643234883,0.02584187728316085,-0.025588289442808502,0.11990419367428884,0.06285763008566617,0.02469283685510175,0.02778116495771567,0.024357865939531327,0.006120461096504076
-0.6029364222296137,0.08133339494772794,0.8939673241918298,0.9989238135180512,0.007197112377521122,0.02764642978204761,-0.025555734695974133,0.12308601957572803,0.06217368097025976,0.01212668617260033,0.01776450783734156,0.029827512965559178,0.006455595153792311
-0.6013573455700282,0.08288892285333331,0.8096868561307897,0.9989865033787476,0.00693845756559346,0.023623202207954466,-0.026415720376803255,0.0965759958599042,0.05955236385538483,-0.38524499844698507,0.011662098479923815,0.012094862053274842,0.003929941875997685
-0.572944357982275,0.032230495928277,0.8051648034846848,0.9990096621563116,0.010676480827946734,0.024150231861176836,-0.023097584478822902,0.2377912444967605,-0.21412555955987336,-0.34458167410148277,0.01613914366157851,0.004507426301745132,0.01079761023551862
-0.5782622669480084,0.0730209588832465,0.838659587175815,0.9989628230753108,0.008462849339997108,0.02485119125820221,-0.025200759977038696,0.1841977341202355,0.02115198003430409,-0.09082671307098793,0.009990874640695422,0.005858364114632867,0.0045443883489894345
-0.6213939631383432,0.053051994958860475,0.8719294480000005,0.9989674753154285,0.005719886829258517,0.027399245415929467,-0.024094796360199892,-0.04526799852680406,-0.08337156053372771,0.14674124939991676,-0.030000970171594456,-0.004933298599376219,0.00795587892131604
-0.62413834702467,0.05263492918535564,0.8491632329356088,0.9989667590363055,0.00798085950818287,0.028544958517539236,-0.023599032125585565,-0.029264924110526405,-0.0720021658717379,0.052482158034712255,-0.026634735567527143,-0.013722758712333803,0.006934000943499291
-0.6240358617469722,0.05261873142646416,0.8514630083737663,0.9989793455900066,0.007369366627628164,0.028291862748903957,-0.023569902127353756,-0.030158281823666734,-0.07114156385965247,0.04647891410501006,-0.03201931264779863,0.004588757577994904,0.006989951521918867
-0.6043345925852079,0.045362772525749606,0.8679758375613462,0.9990491108238158,0.002664306446632146,0.025736322767812944,-0.024948430889517665,0.05331381521876637,-0.059353348038033,0.12276436369616912,-0.042859029093799815,0.012149465411008859,0.005726053779761256
-0.6045390969499386,0.04550841412590809,0.8647903117431621,0.9990444438096379,0.0018783047547044993,0.026019440010749694,-0.024913136538778143,0.051284123019165705,-0.057256918142006064,0.08923521806089552,-0.045998260968410185,0.02361338360246453,0.00575271125155884
-0.5609976886566671,0.02444450385779097,0.8406649228989589,0.9990474845826223,0.004042883244251578,0.0274925136231361,-0.02177038444637663,0.27744727873929326,-0.16231088930358045,-0.057549196374292864,-0.03432851570113301,0.028295259473984008,0.012132222748834761
-0.6304160313369763,0.03739625263451823,0.8809258792988912,0.9988606610894583,0.0018247806620810367,0.033200143985963576,-0.025647891273981937,-0.12549777037070053,-0.06952153120794687,0.15859789773533908,-0.032229967787533814,0.038764534702258255,0.006368002934989226
-0.6304194227665868,0.037400016567749585,0.8805923792493368,0.9988675821773427,0.0019031977387944737,0.0329852564890013,-0.025649912856216817,-0.12517684423355033,-0.06958683520058259,0.1604295677467482,-0.03981137711751688,0.008734046062570413,0.00659147320421618
-0.6308737295667949,0.0743461384392379,0.8844668209702123,0.9988577777655505,0.0007468195833994831,0.033695625301788885,-0.027206638990997616,-0.09058712030846099,0.12378501108165775,0.13946853203407178,-0.038100035234200094,0.016871262532243733,0.0016517957058274945
-0.5519064004379091,0.0038938217071562793,0.7889347847618862,0.9990874966504678,0.001902303888097274,0.027647530074036957,-0.024293777443454297,0.32621217365998095,-0.25207541955460555,-0.37669620877089327,-0.03213512218429524,0.018516595883811764,0.010172540475957862
-0.5901573654990434,0.030009700348800433,0.8267117218109491,0.9989852434840282,-0.0006127820683910649,0.029787544525017088,-0.025745189614605833,0.08678734237803776,-0.04339009310820393,-0.12821325280064225,-0.010300836938020187,0.0348293540547129,0.005059429969803366
-0.5902088160595029,0.03003978976335069,0.8265809682519981,0.9989882318637989,-0.0005496222852348166,0.029671137461535387,-0.025765087896737565,0.08789146072508115,-0.043128147518399156,-0.10338746936468927,-0.02811366611971895,-0.0010724227634246108,0.005186007728157964
-0.5554001466494117,0.03281348172347033,0.8047826228000983,0.9989279091328984,-5.963753511767956e-05,0.030756371228499058,-0.02681571750399314,0.2693628552515911,-0.02135050617985068,-0.19295477833056726,-0.024573394603093664,-0.006679248137213638,0.0024173777201198145
-0.6486904481244079,0.02217825977385365,0.8342471170168103,0.9988983290227235,-0.0008467826852267033,0.033851177869650646,-0.027340822523101577,-0.21879540449741164,-0.07204471761615922,-0.011048205625687122,-0.019900378295579044,-0.005284207064169149,0.003941586564003525
-0.6351722943650178,0.03329150748437226,0.8295683673389082,0.9989080838955554,0.0005369871535921568,0.03611485855178417,-0.025398713607573155,-0.0912981403955825,-0.007246082490160147,-0.027387540785125654,-0.009864761855484518,-0.023382172842188784,0.006961647120531776
-0.5852416913150041,0.025991043023980195,0.8150715123574055,0.9989725979962505,0.0016889292284994867,0.035338004342118916,-0.025281342471835645,0.18880180531434512,-0.046738392597171816,-0.09768684174130561,-0.011396557933286712,0.004626217436200605,0.0073861103289920875
-0.5808344734234406,-0.01882196830773417,0.7578346954551487,0.9990846174713501,0.0008139837753103426,0.03289132834731995,-0.024175024263684917,0.19268091834110446,-0.2601349750699464,-0.37909388730190013,-0.0108518630687239,0.014929140410524896,0.010405955420726618
-0.5533157437601618,-0.0009189227907240185,0.7350187900082089,0.9991210132998729,-0.000846933719665232,0.028659877201035883,-0.02420977274501898,0.309134571961016,-0.12601633195170533,-0.43531334696813784,-0.014015925146486894,-0.010991068429735755,0.007418422235661997
-0.5299104745899764,0.013727513378586196,0.5623632443505875,0.9990611896817921,-5.8369332166866356e-05,0.027850931325206444,-0.026231396420742965,0.28132237811799055,0.09272946360791055,-0.8136658475072841,-0.03204654645145024,-0.03100684844403686,0.0017684268000944152
-0.5202204425859298,0.01681325936590603,0.5354433890619184,0.9990815226903366,-0.0006702592328921152,0.027171254284986995,-0.026161247707959464,0.300488634494078,0.09247699038270617,-0.7929306645751188,-0.03891148815999424,-0.051893685719427915,0.004520769800459719
-0.520465348668587,-0.010716502418224857,0.5793600150419689,0.9990330091712819,-0.00129667160944502,0.03040634231807128,-0.024368605694078043,0.2839733747359727,-0.0392564639576457,-0.439467948513867,-0.019282577823466117,-0.061391307612784454,0.00820404572276703
-0.5654260250462073,0.036593850599455566,0.6305000466048727,0.998982493237073,-0.001757556035843713,0.029931605310689065,-0.027803133785534423,0.07213511897441517,0.16846354078851294,-0.09787912118623489,0.0010698367879130046,-0.07263980082326668,0.0038689770645260178
-0.5170306713739635,-0.10445084013588475,0.5639096519671448,0.999284676842903,-0.002306489047310235,0.022950191536492543,-0.019368417044600163,0.27693313790024554,-0.4592429080187698,-0.3262185060697263,0.0013714185563652316,-0.09038135795249566,0.014472836932814558
-0.546022590810406,-0.021626188825446847,0.6508947200771993,0.9991419535959503,-0.0016470760474953036,0.018041107754584108,-0.023306216086443746,-0.00022023371245496462,-0.07035765470871103,0.3504875031011274,0.023836608197306288,-0.06472042167103075,0.009450524164925074
-0.5459102218575325,-0.02182387324402477,0.655483616731376,0.9991463103526953,-0.0005205917700301266,0.017842733141458688,-0.023324639394203595,-0.000850675486401753,-0.07356808819429791,0.3641819802369591,-0.024880683090799213,-0.06328066961903347,0.009399799210686328
-0.47218839428937687,-0.052182900404818953,0.682890683337942,0.9991733305022071,0.0005273468383264026,0.014382203915634491,-0.022639482496375003,0.28820435939315736,-0.19829998332774051,0.39450007109465873,-0.03462609478647229,-0.03086111923716186,0.00923482533106739
-0.47713435893817463,-0.05977834236925089,0.6869635078007019,1.000165701115487,0.0015520965608839584,0.013337249392322026,-0.02157088708620486,0.2284570039726113,-0.20380547777540906,0.32171153737149405,-0.035955335644852725,-0.0009297391460090284,0.008821813996515299
-0.4774142583099458,-0.05961864306127633,0.6759391232990865,1.000144866440703,0.00029743496824300776,0.014879996493937349,-0.021581637746500616,0.2272979517314898,-0.2013228526276804,0.22099209579757384,-0.049440790738322596,-0.006457088869122714,0.009428828071504722
-0.3923647664920049,-0.04301214951714534,0.6185564904300584,1.0000411445397963,-0.006898916324180805,0.013151239722477236,-0.024458062972298137,0.5634147621634148,-0.09193103587587281,-0.09069844188141311,-0.06961578107814928,-0.013246544276411174,0.004523525730315345
-0.4860087351855582,-0.006050850695957228,0.702873365268763,0.999935464132317,-0.006532640491306764,0.020897348563063023,-0.025233085460387994,0.10200283088972709,0.08164633241080686,0.25154728603110893,-0.07510312441758171,-0.008820728092804734,0.005180160743400354
-0.49317047832425787,-0.060793384326042255,0.6937367507141767,0.9999598846419633,-0.007112158593795193,0.022647959690826374,-0.022287574887862892,0.07560408053490696,-0.1606574677867684,0.17068755136351632,-0.057373331340825125,-0.04773882569841126,0.009934550094722718
-0.4935057960629839,0.02144316338087403,0.6787268084478606,0.9989127758011997,-0.009379504309012427,0.021535671533040774,-0.026410765634433297,0.07330523329147864,0.21964778117771713,0.053935762926998684,-0.027243181407532156,-0.04432205291048157,0.005259881916567451
-0.4629694728987629,-0.05918514964419492,0.6129242214174873,1.0001100505981768,-0.00821734215415556,0.013305173086540346,-0.021939895011590778,0.18776763171095065,-0.15414285711904055,-0.259411204600309,-0.024354734648767078,-0.040488641873437585,0.01130208941212068
-0.433969427220569,-0.010767085094385771,0.5992625546092267,1.0000223395088177,-0.013378223762024981,0.011169860386358229,-0.02376119799369529,0.2637172843141084,0.10860075928594361,-0.27747357147509755,0.014450873734256558,-0.023031388666259044,0.00723482343344243
-0.3702946875964384,-0.030213535840107806,0.4180113428721703,1.0000746176117994,-0.010605257354159734,0.0018743784779691184,-0.023703044612924898,0.47575905330411145,0.008677247370562862,-0.9739012270031203,0.011271020563659914,-0.025461744805701212,0.008530491429807562
-0.38606378826365295,-0.030581384345532234,0.45104206178632944,1.000084671597615,-0.008310374473543635,0.004026627810159762,-0.023925343035488617,0.47643456776299603,-0.0014675283314371452,-0.9293929096359224,0.03375634026714159,-0.03125002945631907,0.008367091853248066
-0.4921204740138684,-0.00031818599055385445,0.5713992538068653,0.9999691701648952,-0.007357496107217427,0.015474878853140188,-0.025359068035465792,-0.11152796555537918,0.15560467144294898,-0.11234396587548175,0.040125052050796736,-0.02461506479004721,0.0037263875674592405
-0.4575726937984594,-0.028715963507760664,0.537095727662614,1.000048760354479,-0.002145205962529396,0.014271490779440928,-0.023753197281892333,0.09014762868865539,-0.01654713733637532,-0.20654323473351688,0.04633799138316879,-0.04913858794221486,0.008158692721123146
-0.4446780706948058,0.013377115225949867,0.4428480473869845,1.0000452623191924,-0.002729872361714416,0.005922908201973326,-0.02547465781266639,0.1116126203348788,0.1710590764283407,-0.4381779590949156,0.05117033117068072,-0.027169411957448694,0.003564487103404
-0.4446576180050439,0.013328372402528448,0.44743140245305285,1.000047037567554,-0.0020359801421243567,0.005860021582627034,-0.025484419369650867,0.11076182490223539,0.16963192646322386,-0.43240008242888445,0.03859978186905186,-0.010646526638325354,0.004031228062679262
-0.44678777785508855,0.0017652534144546434,0.4689367931401956,1.000056961634686,-0.001996283420934446,0.006211786087821627,-0.024586816857810525,0.0758485873206631,0.07571973654385647,-0.17360101480669077,0.04328158081278903,0.011058478438055198,0.006427790279962498
-0.41469965190270996,0.011122935263977772,0.43602385715704334,1.0000566179600772,0.0002593426060017426,0.002199525267549333,-0.024410837461487863,0.19730815441053307,0.10336554376841432,-0.2622886893421293,0.0526998468118647,0.01872977199282966,0.006547001238142293
-0.4596239462976299,0.04772600419238677,0.45455880333086385,0.999993064241541,0.0009709210380553487,0.006278268208939119,-0.026730570262868392,-0.01120108543012509,0.24470234828317208,-0.1432585164451925,0.04796279654210376,0.0365194344253257,0.004359411952087064
-0.4329206201890482,0.013056022722698696,0.44435248861261095,0.9999820318732475,0.00457259241407171,0.010398240226275583,-0.024184942898546516,0.11413446443787509,0.054177135333902324,-0.1551599915578214,0.04682856769676237,0.039242040545011445,0.006644991188981702
-0.4844187266575274,0.04142434909078688,0.45819735784311066,0.9999623544234048,0.005805358462940486,0.011092675787922073,-0.0256621312464294,-0.11726166572512878,0.16340113425467895,-0.07065748750716684,0.05712928970219186,0.051890769833450534,0.005433275022924118
-0.4428794102930731,0.0022619366924522028,0.44220623941060794,0.9999721456511345,0.00668352515903944,0.011804340043877544,-0.023700185806650596,0.09632115312639554,-0.01912453949048267,-0.09528813264294338,0.044198360214202155,0.046128097407529656,0.006868761975309284
-0.49659523382127524,0.05002711750304689,0.46175893625613484,0.9999047711113743,0.0076167124301953545,0.013558161415276018,-0.025663497419505486,-0.1395169133576249,0.18263814524650382,-0.0015544031746535614,0.04064420632568617,0.06443624750941636,0.0031970969848914804
-0.46909661576158435,0.028143164457323115,0.4324142694698179,0.9999421115439953,0.005144100666548183,0.013572000428134825,-0.024801537534851658,0.007706030728693931,0.062137802124925846,-0.12728470638823336,0.015751291475351273,0.055424719986551255,0.00497691948629679
-0.47813768577050614,0.019019992553484848,0.4434449377210899,0.9998706435228789,0.013946516948103794,0.02014831160764293,-0.025675640778622534,0.06927210610808625,-0.10115057468169268,-0.060220041191341,0.01996606462856689,0.07105139283508444,0.004759168173386625
-0.4781309227670469,0.01906529345408444,0.44075004513078253,0.9998617972737751,0.01362980547304299,0.020798120054920256,-0.02567206578108274,0.07010539485838388,-0.10060390592484728,-0.07679862929521987,0.015871548491280633,0.06946057882334973,0.004576357133097642
-0.5117538562381883,0.057259074866690664,0.4501105737185831,0.9988372220674053,0.011425998579216558,0.022831143798439788,-0.02655929971990404,-0.06935140238908899,0.07358434088616402,-0.029916204361089077,-0.015697449276222238,0.05358812752383486,0.0034333494698466868
-0.5181832009116623,0.026686454653389452,0.4307849102095944,0.9989077628529661,0.011814917770086216,0.02278259189214949,-0.024731572056998795,-0.07596065146851128,-0.07589838643231324,-0.11527283542237961,-0.03993847145620014,0.03552362536107305,0.00716133474912726
-0.4623998314020925,0.04027928387413885,0.4188222401587389,0.998902412078923,0.011169650415742988,0.02343976036551937,-0.02533369872410126,0.18453696799214792,-0.012456559006014537,-0.16028009167356766,-0.03596883228437525,0.037939419731874965,0.005808750157586554
-0.5393922043489328,0.03902953944774461,0.4511829428956071,0.9988707650021071,0.009009511713367852,0.02532027484969464,-0.02634230331896314,-0.1568412026495495,-0.020636475650550726,-0.003451083095193187,-0.04713413039992718,0.04539567352002174,0.004072878124433333
-0.4889146444851437,0.0312274983764756,0.38884204081783585,0.9990044310210939,0.006682604104571336,0.02274812940256601,-0.026833303280021405,0.11732053958065106,-0.05097703978737449,-0.27158724731976713,-0.04875090089889902,0.014132182189149935,0.0053592724586021085
-0.564480768527778,0.007539462285647436,0.38405755705137956,0.9989243198873496,-0.00038104877867587697,0.027704560831536183,-0.025700550337059567,-0.15135699221759927,-0.0861688368787216,-0.2026684384921284,-0.047084382870646764,0.03217010240605843,0.005181040012552555
-0.5644874196484163,0.007536372559384042,0.3838887095246393,0.9989240208923865,-0.00013262151436893723,0.027709084072832443,-0.025709801693419364,-0.15083627273555336,-0.08643014735042973,-0.19405421360486502,-0.043398233314672595,0.02144195326036217,0.005177168834266655
-0.5345841751622391,0.01401906120646944,0.3926997272547097,0.9988294200029486,0.00020992994029285083,0.03313332973583785,-0.025767172284443127,0.023967756227113515,-0.049460005313492456,-0.12829024181863866,-0.03813175510661014,0.03950234230417411,0.004744402878956948
-0.44361551270450844,0.038358706273382004,0.27168944044446036,0.9989634754610759,-0.004301477475975525,0.024100451758602794,-0.029726732964440974,0.3981689470873384,0.07601598164798659,-0.5439477549047224,-0.038600058635123106,0.04104293911467107,0.0009811479698655446
-0.44369286271615366,0.038311193431840904,0.2722640022802921,0.9989686652469264,-0.003880252852749622,0.023922632082007494,-0.02975387055677905,0.3970740996139618,0.07521509646753964,-0.5442333939735832,-0.032367183396806165,0.027361657399340825,0.0007236351927348485
-0.5130780777346541,0.0023390459398497467,0.30897751357822756,0.9989315388593648,-0.00386604681757966,0.02813017038262787,-0.027194449624258835,0.06423489458594478,-0.08895259308771905,-0.28672750673342134,-0.006528425192110893,-0.012824054706571572,0.005069198592842954
-0.5171007266216576,0.015910866350469056,0.2855044675362802,0.9988908477576048,-0.0033889239500252636,0.02986024451155427,-0.028791995412150096,0.06548483282589784,-0.006005463265493524,-0.27781428499290994,0.016654099630329926,-0.05236149356405819,0.0018980364750383052
-0.5169407761580055,0.015868627138115095,0.28674947807178386,0.9989202675001027,-0.0025538026875888136,0.02889004441342001,-0.028847300569127526,0.06608458682745671,-0.0070977728618162005,-0.2682753036022272,0.011772078764189009,-0.04932966322525585,0.0012409462731887897
-0.4518875569570287,0.004361579797661929,0.24984465817938842,0.999088062233683,0.0012838586893800892,0.025155023698529413,-0.025448805506688592,0.345046181412857,-0.061146824124382014,-0.3782579321534173,0.015134435067928163,-0.04444538117218133,0.005297676430624942
-0.45160405587671737,0.016229338727932117,0.2554732482453214,0.9991584688194459,0.0021958409326425753,0.01755761769204049,-0.026912698326044416,0.29705275808503406,-0.003095847911287677,-0.29491464650292815,0.014820040592946166,-0.04202185069697775,0.0025818406169765625
-0.49040594048973407,0.00748219530348927,0.2793301029290893,0.9991213219495625,0.001508463178078218,0.018772763571040536,-0.026606327502110054,0.1037173849089435,-0.048004028681871536,-0.17992766887121459,0.0038101281570520817,-0.05751829557438491,0.00316175426432961
-0.4406435919283849,-0.004557057650589565,0.2452338110033325,0.9991002664031082,0.0029880253834760682,0.016422010625137776,-0.027111948468026014,0.33840626994750106,-0.10469983418707848,-0.3161441255247026,0.002204537309814361,-0.0643382305118515,0.0017762638052394113
-0.42234029627651754,0.026795861296950906,0.23155089037777893,0.9990736018427021,0.0025838429460969367,0.017524736429641738,-0.02848066853489207,0.34638417775490343,0.0576540637570101,-0.2795405612510994,-0.00845412358233656,-0.04258138709373311,0.001224075590777369
-0.46911707544648684,-0.003027282411308927,0.24605648446807646,0.9990918431071885,0.0016054431537403965,0.01760494793174402,-0.02603806712966213,0.10723982838897173,-0.08000063339219357,-0.1751273253911769,-0.021172680248110056,-0.04794987227522931,0.003942389392156348
-0.4311075037378733,-0.015372773213587891,0.22530489591119604,0.9991500081582573,-0.0009508777871376628,0.013893138026784269,-0.024152597372555793,0.28923537610674993,-0.1343239114925069,-0.28328634027527994,-0.015680962275890786,-0.067179611350379,0.007897220226879834
-0.4613133198482844,-0.022976697945041986,0.2512182472836023,0.999089427502867,-0.00024305818901025917,0.0147823797441227,-0.025627009079385255,0.054343564527606754,-0.17494031928863427,-0.0707966215769284,-0.018207464503120458,-0.042581199568485266,0.006372195578548105
