42.00000000000341,0.06999999999999745,69.99999999999505,670.0000000000409,0.0
42.00557107383324,0.0670906448955559,69.99999999056736,669.9999999999842,5.378747761170986e-09
42.00276477713666,0.09322802479061687,69.9999880251446,670.0000502006814,0.0
41.99808088355674,0.1566532835278276,70.00008575036907,669.9999714112498,0.04178314418216378
41.991260692468494,0.2,69.99997578055775,669.9999283709006,0.0645370382697708
42.011406099069866,0.2,69.99982750308752,669.9998930000733,0.08303905015526465
42.06164886042438,0.1082558167870521,70.00014266803088,669.9999286409907,0.06460403374242672
42.16337787580797,0.15399770885917968,70.00012238879913,669.9999342371416,0.061324776967771624
42.28380854573591,0.1729087386075217,69.9999680680742,669.9999134737358,0.07097801713211113
42.40551728505674,0.10784844487649124,70.00000092280897,669.9998819836792,0.08696523073335738
42.534404767049395,0.09679003292208996,70.00143641387787,670.0000412994494,0.013761427279798594
42.65150793492154,0.1672965570548481,70.00212595341121,670.0001047136578,0.0
42.72840806346901,0.1722414306694738,70.0018382921233,670.0000833733832,0.009060062389882148
42.78326757471104,0.170363368273484,70.00023688300718,669.9999600341349,0.05784331606797259
42.80300569327343,0.14661963555710172,70.00058011150152,670.0000004371647,0.042885647284852266
42.79878472019196,0.2,69.99722809489269,669.9996507989594,0.17163334930058846
42.781673826649964,0.2,69.99728444225994,669.9995665047509,0.20637301840942213
42.715051836702884,0.15960187721264552,69.99770884284986,669.999664880486,0.16684494498588517
42.64917926494167,0.15449024425719698,69.99766528176036,669.9996731904309,0.16324568508726145
42.559558596841114,0.13179691002261262,69.99750938232417,669.9995698791344,0.20440805649682914
42.45603934476988,0.11872909190692384,69.99771884686287,669.9995480311536,0.21436726440863144
42.3526430035471,0.10971048270147876,69.99750970102149,669.9995118678983,0.22815972521435904
42.240700057147166,0.10602193707257632,69.9969120023764,669.9994717665779,0.24290233260431895
42.127379419439606,0.1233668944072244,69.99461222251145,669.9993848227964,0.2721404069759337
42.007991922790836,0.11376709380420372,69.99550716875359,669.9994266744616,0.257741213123455
41.89064073319549,0.10027358172294638,69.99786634686612,669.9995591368586,0.21171568294797577
41.76694398716473,0.09796909456456866,69.99865985730453,669.9995949509795,0.1990628207975319
41.65895290650595,0.08165468230868046,69.99853953178176,669.9995808135286,0.20732911960270722
41.559604259072465,0.08968518001650717,70.0000145900871,669.9996973579912,0.17012610969656422
41.45422266760587,0.0946902902814081,70.00138901932289,669.9997631669835,0.1486768217371095
41.36452540678802,0.12642722026079112,70.0021113700788,669.9998514572754,0.11380422408997684
41.264628485007485,0.11070438659854662,70.00217874381542,669.9998225935111,0.12736675671490433
41.172223626061545,0.12103591765706041,70.0022490457226,669.999843384409,0.11827230548785199
41.075021166160326,0.10732044767492532,70.00289313003242,669.999828281048,0.12760157204349828
40.98522611644452,0.1062991452666737,70.00383135640854,669.9998677606768,0.11934341221489425
40.90322402389086,0.09527269329105646,70.00615639768893,670.000005832617,0.0934298002508618
40.83565106301936,0.1196850355363758,70.00772640461646,670.0001731253979,0.04616518444540488
40.76701400336955,0.14104238833222732,70.00859143651698,670.0002515494621,0.019500030625616793
40.701585719970055,0.14556487763366247,70.00827950817175,670.0002508416845,0.01728579883776777
40.64048406938789,0.15230221029957383,70.00748949324685,670.0001381463658,0.0339102931815589
40.5851017310633,0.14845558517717533,70.00856614983607,670.000287652527,0.009973304295616856
40.522875365448705,0.14212505630117725,70.01087174106426,670.0005812596249,0.0
40.47382718961839,0.17003888048077753,70.0115923799359,670.0005938616376,0.0
40.42569153377556,0.1829358486944162,70.01117825875912,670.0004853509192,0.009211014187975144
40.37076409779057,0.16346633148196224,70.01188991462922,670.0006247071907,0.0005150116764263343
40.314916413456665,0.1641135528312708,70.01219020907762,670.0006836814247,0.0
40.264631147371084,0.159659374208614,70.0127131672175,670.0007805931184,0.0
40.2152565540488,0.15836798815195308,70.01392371376215,670.0009139118231,0.0
40.16831891189775,0.1545718407127615,70.01302842667576,670.0008461085376,0.012972436023120225
40.122249524756796,0.16081710973172933,70.01037986247422,670.000530953395,0.055067926460001734
40.07603265817499,0.14645206831801225,70.01327893959645,670.0009529157809,0.0022408296406691147
40.03614014810005,0.14500164125711967,70.01546139634542,670.0013256929119,0.0
39.996718069129656,0.15363347268105057,70.01530958643411,670.0014251325359,0.0
39.95207761437748,0.14412828938617908,70.01477580930323,670.0013631748615,0.016820339195480406
39.91152279464,0.137325958261101,70.01419989714798,670.0013035413417,0.030987766634594776
39.87662025757581,0.137250185313632,70.0143642718142,670.0013039129556,0.03116432014125766
39.83889691744154,0.14262107302831187,70.01391604234381,670.001299071999,0.027290392847301805
39.80495815761685,0.1563375137196256,70.01238720764772,670.0011361605139,0.03795311395786608
39.771702644565835,0.14792890094228214,70.01040175388312,670.0010395093956,0.057473769751463885
39.73874995734205,0.14221140536631924,70.01091261997057,670.0010851512039,0.05665231908231418
39.70873817865102,0.14724659719231564,70.01125385144195,670.0011392484017,0.04673686602089738
39.677206007345575,0.1627996181814007,70.01260525256862,670.0010400353475,0.046415876193711736
39.64938892739349,0.17389540191358002,70.01242483615941,670.0009004232953,0.05456101006188523
39.618404662340055,0.15384272503272128,70.01438201175509,670.0012678212513,0.025851327019221614
39.58956393001092,0.14427375461147138,70.0165591204074,670.0017402736675,0.0
39.566951272086904,0.16613075025110674,70.01690855140016,670.0011653194211,0.04041131788660453
39.5446702957777,0.14687524954905196,70.01770589372727,670.0018130900053,0.0
39.52385813699838,0.14305800358375417,70.0174679914545,670.002139888684,0.0
39.50365849953859,0.13987397639805135,70.0186400727229,670.0029561518184,0.0
39.488692825829176,0.16507406646791004,70.01859072060736,670.0026914045447,0.0001636578452921864
39.474837803506695,0.2,70.01631928443398,670.00074317447,0.12419451444713465
39.46408627780808,0.17816016127625503,70.0170549582777,670.0019268491702,0.009545915370495636
39.44974918818517,0.16783329722826135,70.01761803936884,670.0028017402452,0.0
39.43692153739899,0.16560269566390096,70.01619628945322,670.0043970483722,0.0
39.43405970616123,0.17298518616610586,70.012222083066,670.0038913771368,0.03704636681893855
39.427523704850636,0.18632049695752562,70.00593263303583,670.0028355698314,0.11952395582177146
39.42295732118909,0.15805153571903877,70.00861217635025,670.0049884187525,0.0
39.42605306479008,0.1528440961083271,70.00603225912614,670.003829289935,0.11423751930874207
39.42398249361944,0.14739998540582072,70.00253598158362,670.00293383639,0.20447553649354283
39.42038940919258,0.1492935488325058,70.00517794078115,670.0034090582866,0.1511614743579909
39.429870005185606,0.13302975927547808,69.9998418148858,670.0019528605743,0.32109111685096414
39.43567760009645,0.12706310893731718,69.99140267410972,670.0007534278235,0.49278071731249873
39.44143329702499,0.12515395621943398,69.98748007425912,670.0004053390901,0.5817452338633292
39.44220549259783,0.12068603357229395,69.99655073554369,670.0004602311964,0.5321699917854493
39.44323070125028,0.13408000189746896,70.00183320284322,670.0012223187251,0.4752349079484298
39.44844329161123,0.1552703699902009,70.00239462962763,670.0021806851889,0.49190047825323235
39.44639773283604,0.1494890157407944,70.00181865337903,670.0019904378817,0.46687630990894413
39.445032498140165,0.14851655113475162,69.99912157689401,670.0018974260694,0.4741977289473479
39.44104404457331,0.14877697683199473,70.00385282457852,670.0019145185639,0.3822739800225224
39.434412095833665,0.1533486612949511,70.01018482043916,670.0021703765776,0.2836892376335901
39.43055311312167,0.16679169912848774,70.01355055464626,670.002548852705,0.1675096977412054
39.42582249514899,0.17743771818714876,70.01572804766741,670.0028005352676,0.09231041898725527
39.412133856045,0.1787933767242219,70.01693611728325,670.0027889740079,0.08647190882649247
39.4018299684487,0.18123141380994412,70.01723058269471,670.0027365582856,0.07970886307602364
39.388777578644735,0.17729642317493646,70.01835941950526,670.0028584167313,0.09047245014652829
39.36480653044604,0.17571997971742584,70.01930155416699,670.0029511421757,0.09309580763630185
39.34459558510633,0.1748831601237288,70.01969024750244,670.0030360381825,0.09436803412460437
39.32410312792931,0.17430953378189065,70.01808074848262,670.0030433002981,0.09957270052317191
39.298231605823275,0.17389564696976773,70.02037535437049,670.003163384514,0.09360326765908548
39.275598635632036,0.1741343817019764,70.02247138542695,670.0032860351289,0.08610987170916644
39.25177976243318,0.1735378962985227,70.02545456629427,670.0033491061263,0.08347605685173384
39.22488268987548,0.17376834650132422,70.02569595532219,670.0033845664955,0.08181035756541459
39.20082633872637,0.17415386976363706,70.02592667016478,670.0034242701093,0.07944909549673379
39.17760657768374,0.17159954628249888,70.0253920685473,670.0033029575262,0.09474995886778138
39.153238315749284,0.17147615666508267,70.02596513020481,670.0033833360973,0.09216449269438405
39.13002973946904,0.17088374000888193,70.0248953985115,670.0033020136648,0.0987123257895357
39.11020105313835,0.17102203893014098,70.02649669989529,670.0033886431702,0.09430734378935819
39.09114654205848,0.17153052300873717,70.02764892649004,670.003499384155,0.08801523429313664
39.07396015603167,0.1730567028761748,70.0278653791495,670.0036019606109,0.07901162535672993
39.05579255806232,0.17184504602594008,70.02783848854156,670.0035712843948,0.08519217926251733
39.04069109775289,0.1699055586494006,70.02785022649657,670.0035178365276,0.09455728092665575
39.0270797811701,0.16913521759678685,70.02663138449809,670.0034145311037,0.10217583700750268
39.015247340106626,0.1693834739191521,70.02412142589982,670.0032384530813,0.10950950301879393
39.00607477071167,0.1685820464331617,70.02644749367882,670.0034024497517,0.1054634981172009
38.99796499634518,0.16874586558005975,70.0279951697107,670.00356670048,0.09839868657493037
38.990891794710954,0.16917481314953306,70.03074488156001,670.0038040261883,0.08730221186959634
38.981495022563074,0.16945236545611364,70.03044439416081,670.0038013036782,0.08682673224930237
38.97321353297125,0.1701036214868981,70.02944834279447,670.0037908781615,0.08541973380056823
38.9649155900358,0.16845326903781543,70.03065573549063,670.0037635615428,0.09243968276585524
38.95552314619883,0.1681975473492349,70.02912169870999,670.0036713860225,0.0971041616215433
38.94717758109855,0.16870732225719678,70.02613215495552,670.0035262475963,0.10116560952674457
38.93801806819222,0.16871004440204826,70.02569217302745,670.003497933404,0.10244828636493332
38.929405509566884,0.16853302229647513,70.02966289590873,670.003722005145,0.09471922224138894
38.921263589196755,0.16929656792030925,70.02930722560322,670.0037073561072,0.09270523621757275
38.91421539743893,0.16878711854160017,70.02964565372463,670.0037071788598,0.09463060280225599
38.90778986163336,0.1684229400737813,70.02998154211846,670.0037131364193,0.0958279241025162
38.90287520398026,0.16972962198550268,70.0315866351072,670.0038412175298,0.08664634088300253
38.8951187883504,0.16952747007279134,70.03179317778593,670.0037901350024,0.08936620879730428
38.887935475736356,0.16950443949046848,70.03181054477797,670.0037525564998,0.0909607934326829
38.88224971381283,0.1694356895409453,70.03196280088476,670.0037556467919,0.09113765625099292
38.874924318654884,0.1686257178712685,70.031725346404,670.0037507361568,0.0943983097706257
38.86820516592086,0.16922177152534018,70.02963185988665,670.0035699388184,0.09839015869003898
38.86144844141355,0.16882464760179197,70.03075061578625,670.0035071738102,0.10215567391961661
38.85282597132971,0.1680954519385321,70.0323840407782,670.0036712080994,0.09949464183735099
38.84473252328777,0.16832900464454476,70.03312121035958,670.00383534358,0.09335748392830512
38.8358375100385,0.17023586790440715,70.03592275266188,670.0042005156926,0.07468987353916595
38.82786847190888,0.16979793100006038,70.0333606945233,670.0040987839537,0.07955439929821226
38.820199549162126,0.17106655188173508,70.02824513195566,670.0037267334673,0.08618476323166871
38.811664508729365,0.17242852114947935,70.02415730218001,670.0033575993446,0.09230090733403981
38.8048811123257,0.17076616191585217,70.03017482165363,670.0038273054417,0.08439703009780464
38.79833366549375,0.17200030263912655,70.03338180233234,670.0041176741734,0.07104126517571625
38.79194110865351,0.1729764517602501,70.03261532010744,670.0040736317144,0.06859860522902067
38.786796859814736,0.16832919947299774,70.03704864079144,670.0044153452706,0.07677883022980679
38.78043082862943,0.16642089983570063,70.03720400362896,670.0045921324627,0.07930415922957075
38.775551982766025,0.16660253093019547,70.03670332199368,670.0046587595427,0.07685798060863516
38.76983090345641,0.1649864986954105,70.0402522681648,670.0045625333571,0.08551125452399996
38.76442927479068,0.16541298550208444,70.04000000595803,670.0044410175112,0.08724336904457493
38.75882532857313,0.16461302145898107,70.04083169483182,670.004620965661,0.08535889449791582
38.753366702507066,0.16461509323053652,70.04098791793221,670.0047992441674,0.08047428319027962
38.74890462710062,0.1653372109770364,70.03945580200843,670.0049079608191,0.07474500472533654
38.744492700033966,0.16577331439500645,70.03745664868588,670.0048344092038,0.07505373495044333
38.74161047439087,0.1669500374478637,70.03789932106928,670.0049867135633,0.06635622582760979
38.73968863389403,0.1651798822615327,70.04049689157318,670.0050839489139,0.07086507785703389
38.737094691090796,0.1641040136791847,70.04416931553747,670.005265892589,0.070464979454864
38.7334434846438,0.1636767055661454,70.04480232001323,670.00526800673,0.07214662990073346
38.72942285899281,0.16395761908970313,70.04465432305321,670.0052552437322,0.07142000840401892
38.72590619880664,0.16253326512103664,70.04633223016296,670.0053158502833,0.07549985966157619
38.72231554608519,0.1623807407881976,70.04648373413497,670.0053124992412,0.07620639835887616
38.71846633652529,0.16232912453610626,70.04667983249921,670.0053153473918,0.07635556531548382
38.71548382215997,0.1624585923033456,70.04638060207823,670.0053152062283,0.07586971257580621
38.71215782882317,0.16256926782821238,70.04598545535077,670.0053126678974,0.07551061680514312
38.7090217951401,0.162419364565609,70.0458973310092,670.0052955134762,0.07652702324089543
38.7050976709959,0.16132794344989662,70.04901567735625,670.0054459401799,0.0772984115926412
38.70222585796484,0.1628858386547865,70.04965708321461,670.005601936108,0.06740729198250071
38.70051097534916,0.1675339496442214,70.0453276488498,670.0045248904302,0.07352589149833938
38.69908961539174,0.1676658350336362,70.04537692241817,670.0045415851619,0.07262003457362487
38.69574577599253,0.16382603902359216,70.05769627397257,670.0066068338818,0.04059370502423952
38.691417717365994,0.1696629854637555,70.06105303398977,670.0063819648826,0.019000913192600236
38.687371888741005,0.17525172577617032,70.0590485335614,670.0049707509249,0.024233306396807167
38.68148386209154,0.1679249407769845,70.06715293692415,670.0067322201528,0.01915020175658349
38.67627653169687,0.1663185487825033,70.07137095331117,670.0085169222272,0.0
38.67159259565184,0.17181409599802866,70.07123481167149,670.0089771466401,0.0
38.66591429288007,0.1712416309949296,70.07151146063497,670.0090508580003,0.001030381656593398
38.661704164481385,0.16566551155044576,70.07816503394312,670.0100602445356,0.005389631579039948
38.65763974207568,0.16464952766127217,70.07972705938306,670.0107305235035,0.0
38.65422687254916,0.1624155003326454,70.08157107713363,670.0111603222133,0.0010970951456921623
38.6507099680508,0.16109013113319803,70.08381854325204,670.0115272446632,0.0
38.64455453750307,0.1605212525563471,70.08422495663213,670.0112712904944,0.0073930272808408574
38.64033426697403,0.16061411202293235,70.0846064587588,670.0113302363686,0.0058961845993992954
38.637599773980796,0.15995732797241102,70.08718785413853,670.0115589789705,0.004386299547450278
38.632271856461784,0.1593701126703526,70.08671043815312,670.0114248545366,0.009455254354204143
38.62898588590639,0.15939461428010626,70.08836758696343,670.0115718680707,0.006619939625824328
38.625283893772234,0.15885783145430515,70.0885558707247,670.0115042557277,0.010198130039469459
38.62176126349116,0.15841950129259808,70.08988473767484,670.0115260301232,0.011719082748773193
38.61814052409099,0.15822229296620552,70.08974252793872,670.0114923598579,0.01321876804762165
38.617389385648735,0.15863579732782687,70.09120446226383,670.0115983939876,0.009509805176887246
38.615106423139004,0.16079182757055274,70.08923697705605,670.0115500756934,0.0011426467283856094
38.61395632358427,0.16221412778596897,70.08630084133638,670.0113703398745,0.0
38.61144994641291,0.16382262458111527,70.07964000114728,670.0108976842091,0.0013319215979839404
38.610574627839796,0.166702795558748,70.07275568595603,670.009815714477,0.007593557383464153
38.60970930156973,0.16893411826155674,70.06445455898123,670.0086808293173,0.01754449358683844
38.60727967981622,0.16645286696393619,70.07886316467264,670.0103205177505,2.8013811974626768e-05
38.60331058242431,0.17136731914283843,70.08774371595761,670.0096285228176,0.0
38.59969594429179,0.17651524385756018,70.08879866483973,670.0075483301293,0.011848036653928107
38.595183998428375,0.17863112922947247,70.08475259686652,670.0064896185138,0.020247734445061047
38.59040160402279,0.1749902503452011,70.09120456017429,670.0098128638955,0.0
38.58515276326606,0.17984953137078,70.09395136426357,670.015389417081,0.0
38.580975495557325,0.18640819636362502,70.10198495882968,670.0129824753188,0.0077148728838222855
38.57758281172798,0.18891799774958415,70.10108904322811,670.0114918343319,0.020151346517802537
38.57515409033581,0.1824400088614149,70.11027116562695,670.0165634576615,0.0
38.572041461079586,0.18372374777717654,70.1124291635232,670.0167103294866,0.0
38.5674443194679,0.17969437431891103,70.11561600459768,670.0180048644173,0.0
38.56349744361112,0.1777390989096072,70.1186849829608,670.0195636058957,0.0
38.55970531961711,0.17866515447743175,70.11845602601939,670.0195091539807,0.0
38.55597295609124,0.18031497188145643,70.11604470737127,670.0192650401378,0.0
38.55316813206763,0.17958888367901263,70.11882879207197,670.0193028818859,0.002645729607799557
38.54960809723953,0.17877093688041995,70.12095092755777,670.0195514008889,0.002474634341034099
38.544967681737226,0.17860394897771456,70.1222954514017,670.0196216056324,0.002133888621196669
38.54262664704375,0.18016122549406463,70.11684528974173,670.0186121616402,0.010366610549790186
38.53990255135213,0.1799012064137059,70.11748366132568,670.0188325922446,0.008231593980559249
38.53619596099489,0.17959161287932443,70.12118086858705,670.0195308453706,0.0
38.53397537967867,0.17783342196503304,70.11065160329751,670.0176151310704,0.036675562295494464
38.531711684111464,0.17650447885969742,70.09652408537285,670.0156524358738,0.07232553543392906
38.528966234954986,0.17668414941639274,70.09938942699821,670.0160916046711,0.06472794906944512
38.52620736965394,0.1774659575007894,70.10227678333797,670.0165822131104,0.053684200594774606
38.524371423039995,0.18065615603359533,70.1054793613436,670.017461851677,0.026009729591967467
38.52134479236871,0.1788761607866247,70.10576273569448,670.0174833378358,0.03378765680418271
38.518633483986406,0.17965526588420708,70.1046507658217,670.0174602454476,0.030615530838884478
38.51592661147352,0.17691794453011242,70.10888178204168,670.0177179962219,0.039250493153082405
38.51360054093109,0.17650729122703812,70.10912243294631,670.0177763184005,0.04028583536821598
38.511728785345774,0.17579634768670566,70.11204512612316,670.0180619296091,0.03937865735156648
38.50896228246613,0.17617213442773344,70.11226621292428,670.0181274486514,0.03676737650126241
38.50639512040898,0.1750650889438748,70.11566262380427,670.018184908934,0.040868367042804395
38.50515320932326,0.1754051656435285,70.12054119032649,670.0182953954743,0.03765193071799961
38.5050925150217,0.17806030274504578,70.11528960639741,670.0174055629839,0.038257604354993535
38.50329563483247,0.1787206057330297,70.11389146596832,670.0170943757745,0.039672212626712666
38.501568537315265,0.17718685281400853,70.11560282783034,670.01724017098,0.04459555924602951
38.50030042561444,0.17726727741078319,70.11830965374946,670.0178805410949,0.03520177247638595
38.499209182283764,0.1773790949012906,70.11815307827715,670.0179019244777,0.03439095842307415
38.497657434278324,0.17821945733863612,70.11800827990884,670.0181050956304,0.02767573794780217
38.495746482276594,0.17720425478366336,70.11909692717235,670.0180260460234,0.033503611722912996
38.493697015588154,0.1744016335500205,70.12611775494483,670.0180122985296,0.046768388780591544
38.49154465907799,0.17347372180071713,70.1271182083502,670.0178785275133,0.05300981116601726
38.489147778093674,0.17481195596375634,70.12685910288401,670.0179947323725,0.04543801742293408
38.48601193130569,0.17333650583724436,70.12974364726735,670.0181726822208,0.04976242618537986
38.48306542143108,0.17305593714990017,70.13124340705143,670.0183631639898,0.048408054038478705
38.48072517451223,0.17348834163362845,70.13047705986277,670.0184058498862,0.0457864181173655
38.4777761463444,0.17309233672199847,70.1305502081118,670.0184580352525,0.04692403718787251
38.47560828170153,0.1729900770105024,70.13083872043333,670.0184767714811,0.04715264430119894
38.474061990494796,0.17263981137043047,70.13288058992546,670.0185546162256,0.047762230346168826
38.47346572677768,0.17209377115010188,70.13892514485094,670.0187563856013,0.047639811153083765
38.47265047446464,0.1724996276782027,70.1385352262006,670.0186399176413,0.04725845258139883
38.4728291849722,0.17350444394258618,70.13767352131556,670.0185158257334,0.04419060864133833
38.47232072638302,0.17288940458054075,70.13421360266491,670.0183546300786,0.04913576869867187
38.4708695569882,0.17181192789152197,70.13907870715143,670.0187774177018,0.048724217404789584
38.47047580194735,0.1717924696565797,70.14082869867862,670.0189291621401,0.04686953405395239
38.46995024373772,0.172178679450861,70.13970831670837,670.0188748855744,0.045742169106595745
38.468613394306516,0.17216874620792186,70.14303850154657,670.0191655807662,0.04211396400953795
38.46660706220216,0.17430175377401033,70.1410315394368,670.0193559807955,0.02962742813248183
38.46446921003552,0.176026756588846,70.13928851911965,670.0192915754371,0.02213904842394132
38.462073841848,0.1755469161736643,70.14007597448854,670.0193780892947,0.02339792841837135
38.459224769269376,0.17516279882828556,70.14091965846924,670.0194123324676,0.024836300938826456
38.455732876658466,0.17452261660124027,70.14306786217907,670.019487774294,0.027023375534019154
38.452086991430676,0.17446758150194663,70.14459153474745,670.0195724698433,0.02627976543655895
38.448964726866926,0.17495601363185473,70.14406294450197,670.0196168598915,0.023415163971017502
38.4463088948129,0.17412088721369023,70.14637784105203,670.0196228478803,0.02734848846452357
38.44412933690072,0.17411005665885546,70.1457450271755,670.0196057869664,0.027601235043407786
38.44215725689806,0.17415213131452123,70.1450784901872,670.0195803155046,0.02770150743423601
38.440843420140986,0.1743865892047612,70.14295881427135,670.019525875629,0.027206971639879243
38.44029179051402,0.17501862036509278,70.1379890223365,670.0194207530345,0.0253848362477636
38.438342655512336,0.17564498503111933,70.13459965787804,670.0192676688134,0.02411986940839829
38.436415502487534,0.17640874159753764,70.12989556351712,670.019086037774,0.022503031080554448
38.436010145573306,0.1756210277410089,70.13624065584581,670.0193150612953,0.023728564549110952
38.43503050149286,0.1754899492303674,70.1352074019134,670.0193854846403,0.02360772122930243
38.43384359565843,0.17592307433956061,70.13565750312053,670.0191428383928,0.02414715722648579
38.43274879495735,0.17632274517917898,70.13439468092032,670.0188007656166,0.025937604676993162
38.43166369639772,0.1766974203175084,70.13194154751307,670.018403499784,0.02844365675502101
38.430694725144946,0.17515411547985965,70.14888661311294,670.020301240565,0.015326038583456086
38.428962950572,0.1761029221309991,70.15085476694435,670.0201791295945,0.011846120401210797
38.426663412266194,0.17369037351552494,70.15279261253714,670.0208655739085,0.016603503470363393
38.42406048006751,0.17181387938801082,70.1527522683533,670.0217950237769,0.016284133481261547
38.421691067508846,0.17388904329134786,70.14348487667102,670.0202273053718,0.022651035229420833
38.419623291341345,0.1765267078364537,70.13180664775088,670.0171826865799,0.04162477794445342
38.416782701408934,0.17335543080630134,70.15207674744401,670.0215296447246,0.011273687898086252
38.41392580827798,0.179612900311613,70.17134571825646,670.0279630065845,0.0
38.412965667658476,0.17507436406896276,70.17116759467976,670.0325008883736,0.0
38.412138371421435,0.17326064397432825,70.17583347084073,670.0362549693064,0.0
38.412173495946135,0.17495129876168283,70.185430617845,670.0494732497592,0.0
38.41333395165642,0.18308293220542735,70.1956595262744,670.0438289280579,0.01157695483697873
38.412898396590926,0.18999179791501186,70.2014781168039,670.0323696085701,0.08634700535230158
38.412234374916146,0.18353005928081745,70.22011234351861,670.0472576132306,0.0
38.41366031025035,0.18883005623974644,70.22469794510516,670.05972536499,0.0
38.414699956686356,0.2,70.22153675100951,670.0641157586151,0.0
38.414996551809175,0.1898906528888204,70.22530934357705,670.0679935931229,0.018016766379343244
38.41547551722601,0.1841496672436987,70.22636860753086,670.0711249709461,0.02054485594225678
38.41540120638272,0.18103753868102973,70.2105191138095,670.0766564667595,0.0
38.415364920267706,0.1825767754273316,70.21866485092285,670.0707629162251,0.04197953884177162
38.41469181728727,0.1825004625737726,70.21810880982486,670.0699351124731,0.04991790266650286
38.41283057257719,0.19065185255138997,70.24440545070432,670.0904848953928,0.0
38.411443023806065,0.2,70.29522469137777,670.0911743147178,0.0
38.40963011419159,0.2,70.3276664668906,670.0787418702869,0.027122666727183307
38.40764092424373,0.18985196942192206,70.31051535773237,670.0961835972737,0.0
38.40573290880119,0.19451421469018562,70.26480707219396,670.1189205539076,0.0
38.405576081223266,0.1970374586594409,70.27038389988643,670.1145799301854,0.014197475499680276
38.40548398278792,0.1985083818886082,70.26956535243676,670.1055557385155,0.0731763672263119
38.40706471193786,0.2,70.30292960454437,670.1476281733072,0.0
38.407463743667506,0.2,70.33138635376318,670.1483715974816,0.0
38.40855974675636,0.2,70.35909446865195,670.1415567034356,0.0
38.41088185269108,0.1880779646676125,70.32810944507362,670.162951705534,0.0
38.413487792306924,0.1936110628423342,70.29228136972755,670.1804953027033,0.0
38.41527924281621,0.2,70.22522849016222,670.197861173635,0.0
38.41751374999782,0.2,70.2369712039909,670.1884978312878,0.0022461719227908554
38.41891941937722,0.19450365494640734,70.23523173352248,670.2022912627906,0.0
38.41954767499328,0.19917187656404095,70.23908782158132,670.2264697991272,0.0
38.42313766303549,0.2,70.24140870610984,670.2409818978095,0.0
38.4250423427366,0.2,70.25831897498365,670.2351952062303,0.012382300132146614
38.427512159831664,0.1996172944286538,70.26301638639112,670.2342578179939,0.021343027399155688
38.43010347121146,0.2,70.2945590857098,670.2698656669103,0.0
38.43793895382161,0.2,70.38469370703191,670.1187507574825,0.0
38.4403945985475,0.2,70.44809162215107,670.076346275736,0.0
38.441113197613106,0.036599452572890934,70.18815080956004,670.26538632524,0.4796804702393016
38.449384739859276,0.1461266225170071,70.23921055037125,670.7311292567516,0.0
38.45529725255409,0.15220433028845576,70.24171725817047,670.7599221762373,0.009140935354768303
38.46899634773288,0.1291683172146601,69.97790941758186,670.7933101363831,0.0
38.48379602653588,0.11575110235762283,69.94019473957808,670.8058641473535,0.0
38.49947560275599,0.11212495702599269,69.8675825235305,670.819947831417,0.0
38.51399214760839,0.10978162113591625,69.7234208995994,670.8353063956416,0.0
38.518925966255104,0.1105733807901999,69.76505278964771,670.8320518768384,0.0
38.523493474708076,0.11126691445154593,69.79719992939475,670.8295323518306,0.0
38.51789213186895,0.11160476451123676,69.80263224375305,670.827206044911,0.0
38.51239212341806,0.11185512292874025,69.78805454191037,670.8236331782929,0.000604310363074606
38.500682742767324,0.11190358870818526,69.80020490810057,670.8211697312346,0.0
38.48892274067518,0.11204865507251235,69.81344210975118,670.8197845954323,0.0
38.475125136756844,0.1127115578986473,69.84352662722006,670.8245107457901,0.0
38.46150287537111,0.11274009930334895,69.83771690285893,670.8215053803851,0.0
38.447541041862536,0.1127159727562774,69.82092959047826,670.8185156289072,0.0022651861802926426
38.433804472144296,0.11267544539791154,69.81020680098882,670.8150595238324,0.0015726986518941272
38.42510226604539,0.11281233847706774,69.84351883425305,670.8127388374295,0.0
38.41598105736555,0.11305182423073021,69.85586803998277,670.812108505921,0.0
38.408135284043695,0.11301741212034515,69.85139591017226,670.809346735658,0.0
38.403544171903896,0.11298890356988325,69.8563278911276,670.8066097478976,0.0
38.40144592364666,0.1129141160348831,69.85140622426603,670.8037581661822,0.0
38.40249700238939,0.11287961034635142,69.85791693184129,670.80152705186,0.0
38.40338497964947,0.11287713581406095,69.85254539501835,670.8000067209706,0.0
38.40453295320695,0.11290309889802373,69.86441328532707,670.7987753005572,0.0
38.405710550352495,0.11294389589845677,69.87578154407387,670.7980084261503,0.0
38.406054425536105,0.11301040498214661,69.89178999831137,670.7976630029782,0.0
38.4056399379057,0.11300285054547692,69.89220495668947,670.7967477153009,0.0
38.40547080409306,0.112990850696015,69.89355810400897,670.7959636875412,0.0
38.40384045137967,0.11295250668777596,69.89196328988878,670.7950325684648,0.00027544344104706866
38.40117445537912,0.11296019042471457,69.8969452191531,670.7946635675299,0.0
38.398803629686704,0.11292968686781545,69.89282484545096,670.7939792330341,0.00042791007067054433
38.39486897027281,0.11277807973549316,69.86028478906455,670.7920485646112,0.005504015402612322
38.39048787791321,0.1129275163274104,69.88159926671021,670.7934107778092,0.0
38.38622781162927,0.1131112573726737,69.89307130576057,670.7951028286595,0.0
38.38332149970472,0.11311362282812738,69.90432422831661,670.7950107266022,0.0
38.38040487760055,0.1131567157764128,69.90926229328653,670.7953297555958,0.0
38.377601420405234,0.11323747018354328,69.91171055603597,670.7960425986448,0.0
38.374740433719964,0.11331690269584661,69.90891242214353,670.7967279157875,0.0
38.37190805239826,0.11312507954482363,69.89984562256107,670.7947319710372,0.004048603833485627
38.368996498679614,0.11283557598233925,69.8677252588061,670.7913470771964,0.016259526987838925
38.367875644548555,0.11300399809331038,69.88943324754858,670.7932956993079,0.00816420621481745
38.366594614769504,0.11324241096608197,69.90357341624184,670.7958939318653,0.0
38.36510557071589,0.11340547305934173,69.90536760964949,670.7975787890812,0.0
38.36360932987471,0.11356246133561794,69.89056507876985,670.7989082677101,0.0
38.36179003458727,0.11351827789283295,69.9108070406567,670.7988287407071,0.0
38.359917063285565,0.11353589544038485,69.92593117916186,670.7992894605192,0.0
38.357280116843,0.11363708995960328,69.93100402682683,670.800564286552,0.0
38.35463462651406,0.11371483352074126,69.90490492185792,670.8010463372998,0.001898700584479913
38.35207365509875,0.11367640840174537,69.86647437691133,670.8000501035515,0.009138239979468379
38.350044770563244,0.11371117261290893,69.88097299158713,670.8006593528963,0.005560336966887508
38.3479392929507,0.11390314515183304,69.89953347046793,670.8030361451039,0.0
38.347103336549964,0.11392880433719985,69.89804075221565,670.8031125407921,0.001099291118639715
38.34623433248498,0.11390656016411593,69.88392520806649,670.802430248146,0.00565267464561022
38.344131121222766,0.11381747361134267,69.8728483364423,670.801239049192,0.009918044403224906
38.342012496560116,0.11374012712109628,69.8669691843061,670.8003045182312,0.012677572726936322
38.339491134257344,0.11358304167614607,69.85495278870198,670.7984147080817,0.0181960497210179
38.33697667636621,0.11344700057131837,69.85011700578367,670.7968551278144,0.02225198493703599
38.33464108480652,0.11350198248382345,69.84891713411359,670.7974734960229,0.020673646193382075
38.33231421765091,0.11355576387276714,69.8372477193932,670.7978966145018,0.020969850702932467
38.32971947108721,0.11353369380665511,69.85073142266647,670.797870898537,0.019334329543290424
38.32711504311506,0.1135450542169854,69.86319134018943,670.7981466359297,0.017499565310436387
38.325547042669754,0.11348948725300956,69.85490799977751,670.7974560784155,0.019745579398960954
38.32395409043766,0.11344001243265577,69.84508751601253,670.7968468323884,0.02165899900551686
38.32202634929042,0.11331795316051407,69.81197833419506,670.7953136041552,0.026587338682252847
38.320884998813696,0.11326840850191237,69.80081837039457,670.7946198535421,0.02920704913776916
38.319732255286766,0.11322045545634944,69.79123586942842,670.7939994518623,0.03127121358687333
38.31774943132896,0.11337402554695132,69.81564128453604,670.7958574421874,0.025822733524859857
38.317420818801054,0.11340348530866116,69.81119613262331,670.7958396154703,0.027820148039948773
38.317123108991375,0.1133613020895819,69.79266083285265,670.794720311742,0.03418137119990888
38.31587489982514,0.11335690721854859,69.7929780153629,670.7946673270901,0.03433244008317165
38.31469350856692,0.11338680577231071,69.79156705269119,670.7950173612238,0.033423698153119324
38.31282530724406,0.11376154850864667,69.79424430293888,670.7994841915913,0.02125682266784846
38.3104470606581,0.11379850226132927,69.78128138900617,670.7989024211954,0.026783843662191754
38.30870528104414,0.11383460902913028,69.79389581770937,670.7997851036272,0.022586053212939897
38.306162469599364,0.11392139189226903,69.80709999919303,670.8011719161373,0.017571300154808636
38.30396220989586,0.11392816711086237,69.80079553138543,670.8012558085499,0.017346200074492574
38.30179545831242,0.11395826038055769,69.78849269123016,670.801524045102,0.017006080775918947
38.29945354102069,0.11390201316723905,69.79785602210127,670.8009849023754,0.01786121777582607
38.297639136650055,0.11385656277765653,69.79931210513888,670.8005019039496,0.018842901273754917
38.295839037846335,0.1138636627423639,69.7999904196345,670.8005776778347,0.01868199211849895
38.29416003037343,0.11387013022210407,69.7991896949374,670.8006388539363,0.01857146166538901
38.29245584824912,0.11387913356765864,69.7976572504299,670.8007229675941,0.018434568953372994
38.29164911100357,0.11388796561205171,69.794290603366,670.8007985700401,0.018342998521923917
38.29079302228184,0.1138974828021303,69.78963098449795,670.8008728151981,0.018286169540588176
38.28997611045182,0.11393461756204876,69.77200785711898,670.8011690180791,0.018039211237754607
38.289150464055076,0.11397118402471329,69.74411771390085,670.8013090753421,0.018610984120245984
38.28873016973179,0.11394959943583911,69.7695908904304,670.8013447961152,0.017661375205752415
38.28830014049114,0.11392133109621586,69.77224006716244,670.8005802271387,0.02068215494348391
38.28804306535015,0.11393505178606127,69.7755616496202,670.8009236842361,0.019374716721798534
38.286514198440706,0.11390795072179064,69.7706584153509,670.8004668093263,0.02079752206322816
38.285457920397924,0.11397912925294784,69.78526902588524,670.8016288641228,0.017281550534501727
38.28299376820158,0.11384048767436487,69.7736778725969,670.7997817633141,0.021975341511201826
38.280608924849346,0.11371906161978189,69.75744733982042,670.7981363390985,0.02619707046758108
38.27882835445464,0.11365497278016373,69.74433674548864,670.7972290264237,0.02860690405936673
38.27703995720131,0.11359945614288496,69.73391047482588,670.7964902235058,0.030450192742667623
38.27551753990117,0.1135942684845205,69.73271154605953,670.7964252477824,0.030595909967441957
38.27397936444999,0.11360005967993152,69.73190483242222,670.7964809165443,0.03050615525856673
38.27267522861481,0.11360255203286268,69.73530004410262,670.7965151420096,0.03042137938737322
38.27136297355343,0.11361584200895909,69.73487695769286,670.7966281802337,0.030294804109333613
38.27012175527382,0.11363767284713505,69.72068175522197,670.7966706346625,0.030748015655254674
38.268857792551145,0.11363483657391753,69.69105717880281,670.796091519017,0.0333712307774498
38.26794876562538,0.1136588919882097,69.70872546224702,670.7967411911668,0.031051218955562628
38.267023659342705,0.1137251776192982,69.71876528824015,670.7977202417217,0.028456863628233218
38.265969748606004,0.11384221649988067,69.7287602067606,670.799173169238,0.025163279476846274
38.26495644827516,0.11384724745214725,69.72916976056537,670.7992038698027,0.02516726477340402
38.264279086959405,0.11380930210870947,69.74604097348887,670.7991776546291,0.024352586521183748
38.263218567313075,0.11380714994235051,69.74266367884994,670.7990519664165,0.02482895126117131
38.26163375447483,0.11376858374541705,69.76292858747047,670.79892976843,0.024429292582076906
38.260352620030126,0.11378509357088168,69.76416936203006,670.7990946595862,0.024169777976613675
38.258623603130744,0.11382251251664958,69.7495607889245,670.7992047972615,0.024608920354829405
38.25695580030987,0.11385079768973788,69.720361775445,670.7989254181247,0.02637434212499967
38.25529426651966,0.11384442892697573,69.7162272772208,670.7987853149144,0.02678864641874972
38.253834401539294,0.11385909689442383,69.72249642658046,670.7990764429378,0.025980360028235498
38.2522054537618,0.1138964284460779,69.71721572169159,670.7993031900252,0.025908247943577274
38.250432873192274,0.11386102961659611,69.71071681197921,670.798458140389,0.02839616514435795
38.2480876211985,0.11380615436087306,69.70765993610351,670.7974891154302,0.030937232613028047
38.245760965181844,0.11376642664359313,69.70018395598564,670.7967512795927,0.032906359282145387
38.244113108868454,0.11384277324333504,69.71864604901157,670.7980495162071,0.02960171219154
38.242705526572095,0.11393871386300986,69.72657684086403,670.7993001325677,0.026886451011452456
38.24245916151687,0.11399904207686119,69.72174364514267,670.799849199108,0.026049001279560207
38.242172661821165,0.11405715018499832,69.7058848379337,670.8001166893,0.026177148956036046
38.242092425452476,0.11402497858746793,69.71470696576087,670.8000541358698,0.02580188243664577
38.24119637857448,0.1140342886695767,69.72942613939031,670.8003622453994,0.024901333680454205
38.24045903962794,0.1140425992711982,69.73113742073585,670.800418838753,0.02485771942866685
38.23967253947075,0.11405990652842694,69.73220410618706,670.8007044089386,0.024171397736207703
38.23808815610072,0.11408371138698095,69.7237006680433,670.8007783161938,0.024310683347583035
38.236553384072344,0.11409392202640449,69.70568272425322,670.8004267460527,0.025643317753340222
38.235457079665295,0.11409944419158227,69.71964721879657,670.8008430979993,0.024355704469221903
38.234343249156666,0.1141326734322716,69.72818964408344,670.801453725217,0.02288026862033076
38.2329213609126,0.11407556477228085,69.72894301520233,670.8007899900251,0.02415448565704697
38.23152763507728,0.11403992204104993,69.72565440560159,670.8003064686528,0.02517078000815456
38.231184136318895,0.11399511221332216,69.73728801848712,670.800017626844,0.025427008738425683
38.23080737201613,0.11399336105050198,69.73406894256772,670.7999621440412,0.02557919307131141
38.23002135965526,0.11400490620655702,69.73173661191409,670.7999996671051,0.02562467971070524
38.22923257650127,0.11401947600478195,69.72334923371139,670.7999835062334,0.02587617347277344
38.227842482913104,0.11399231752381266,69.74004605588638,670.8001247251763,0.025058405081349322
38.22646554659016,0.11402327427974329,69.73508762636321,670.8003956968051,0.024647836704467845
38.22546858981065,0.11401195745722674,69.73702931641311,670.8003231711158,0.02471019705573525
38.22387781411719,0.11404628689070334,69.73441752444786,670.8007462563454,0.023871259149400956
38.22267086045943,0.11406594408945565,69.76046694899806,670.8020476827134,0.020273096601037596
38.221650801386836,0.11411131955463155,69.78441205433344,670.8033534035262,0.017020506174651496
38.220159630632686,0.11404257298972188,69.7672364595918,670.8020600478359,0.01991855007238295
38.21905830959691,0.11404784266717491,69.76869017250272,670.8021561222896,0.019700130202086517
38.21775886491188,0.11395015021289746,69.73544741830803,670.800181358484,0.02413718508824264
38.21721880997962,0.11390086563195698,69.71907655614976,670.7990275028232,0.026819337049430004
38.216647078314125,0.1138429537242561,69.70117425233423,670.7977793346618,0.029665558987538646
38.21616813361832,0.1138109120130588,69.6924925714484,670.7971616760651,0.031038478420105736
38.21594108987604,0.11375572283038246,69.68400188069973,670.7962771876021,0.032895022831259904
38.214702836950416,0.11408628693280666,69.70631040391362,670.8007537504094,0.024110875585952308
38.21499221503391,0.1140884538380394,69.71145412432817,670.8016785006292,0.021642668077269823
38.214504267093446,0.11413739658825482,69.72406526362855,670.8033886678423,0.017549058280850773
38.21340335383603,0.11425602656429455,69.75448822557851,670.8068230735073,0.00957378644699718
38.21157524316351,0.11422711355159443,69.75359566674963,670.8062866678422,0.010713455576813791
38.20930458617777,0.11431359550604984,69.76201913677527,670.8077573969832,0.007657488128812812
38.20782996888333,0.11427467639168057,69.76310706950703,670.8072133102854,0.00872232739201876
38.20597674169316,0.1143472395590397,69.77637514307796,670.8085598391075,0.00593737034751779
38.20428813232685,0.11420704458956568,69.74874851763842,670.806156219442,0.010762451954361511
38.203651081776506,0.11417039487915898,69.74311123719373,670.8052879017376,0.012604816188381347
38.202811656664636,0.1143465375010293,69.77773610140288,670.8089068884093,0.005145376607508427
38.20307603735597,0.11441597395439089,69.78256735572583,670.8099141432408,0.003237570936118702
38.20329229595758,0.11452039783255341,69.77471793268423,670.8109755558094,0.0014268050311401115
38.20328596306904,0.1145062686847608,69.76767905203418,670.8105858514604,0.0022438302071460304
38.20326056691881,0.1145000675084524,69.76238946188069,670.8103753243709,0.002692090867332334
38.20201831153318,0.11441999645239115,69.76803543881212,670.8094686422173,0.004299891254744452
38.20083245830797,0.11436210126995598,69.76323049728208,670.8085637281961,0.006025694645368878
38.19934861933597,0.11435882099803281,69.76880306191121,670.8086975204611,0.005709356905795774
38.19790557669206,0.11436257890958085,69.77467934210729,670.8088726767527,0.005346127612910873
38.197115722768835,0.11440152569882873,69.78618433033967,670.8095640534812,0.00402938310339122
38.19628142870569,0.11442676063771348,69.78506568462181,670.809818809111,0.0036006476710973854
38.195313748553,0.11442427325559022,69.78431015438245,670.8097647456738,0.0037099246938739516
38.194648658436826,0.11445237441827062,69.77141961834538,670.8098411386146,0.0036691090570682735
38.193978712657234,0.11447550598190641,69.74326981615246,670.8093647739279,0.004790617115372967
38.193735383725105,0.11448384383673747,69.74233538153565,670.809406308246,0.004744418640258215
38.193486741318864,0.11449729209783607,69.73995752057043,670.8095192149076,0.004569872003354288
38.19295721018659,0.11449256168553633,69.74803045148369,670.809609943864,0.00436835982490015
38.19243449411785,0.1145040027022953,69.7487562530277,670.8095988406933,0.0044540086089076645
38.19107429696063,0.11450166233576961,69.74121945394918,670.8091495741843,0.005391957766520746
38.189758130485515,0.11449630242014591,69.72477460834483,670.8084445483695,0.00684154519663357
38.1889675978094,0.11449501116281477,69.72268209160852,670.8083086587988,0.007124927758464314
38.18817326889423,0.1144961967415366,69.72066421272778,670.8082493515694,0.007258349935377097
38.18731779430496,0.11451330994807525,69.74126246042086,670.8090102665395,0.005772003602521582
38.186461177606844,0.11455739742741161,69.73044010419136,670.8085597889319,0.006866798946881224
38.18615043384099,0.11455361662804549,69.76254103893342,670.8104895939999,0.0029207805982229725
38.185837050085375,0.11462332348538447,69.77629185330113,670.8125689230288,0.0
38.184535879030484,0.11458490208657944,69.77853396983356,670.8119904240638,0.0010481348987434534
38.18326053505563,0.1145539536714888,69.78215020639692,670.8115845085142,0.0017720193088068409
38.18154466332953,0.11456749340987948,69.78557277771945,670.8118746351493,0.0012439034219527039
38.17984746425227,0.1145936797033931,69.78205262363619,670.8121429757678,0.0007900495552591878
38.17855312992215,0.11463131617410456,69.7671325102722,670.8123046855096,0.0005590255183713573
38.17724527653182,0.11466409253656316,69.74615534227954,670.8122756418221,0.0006749214192316916
38.17698230914555,0.11466546509605101,69.74550998069995,670.8122796898211,0.0006723318046578704
38.17666480946605,0.11466691592800356,69.7463065001553,670.812312554128,0.0006172027489266532
38.176854654310596,0.11460626763365056,69.74017713869596,670.8115041230935,0.0019860110903921124
38.177013755075464,0.1145769658257625,69.71765244103497,670.8105721418119,0.0036496693907636145
38.176932934400256,0.11458193884166198,69.73260368337795,670.8110473003461,0.002779813256634496
38.17683704266627,0.11460730223526767,69.73773527874933,670.8114319040599,0.0021206599271654213
38.17633113963503,0.11457139852029394,69.75367743659493,670.8122071858668,0.0006078150179216416
38.17587251256495,0.11458075240514451,69.76264248464241,670.8130587524761,0.0
38.17451392887854,0.11459361634678479,69.74910925689547,670.8130367784536,4.109070263799003e-05
38.17318709827843,0.11460510433726531,69.72989567121661,670.8127767119172,0.0005078184243072178
38.17148392711192,0.11459332722081914,69.73049339487316,670.8126407454258,0.0007338322478087539
38.169781006049014,0.1145820865328442,69.72329497243719,670.8121655719708,0.0015659846690592278
38.16805312705539,0.11457559543686194,69.71682296455295,670.8118120270658,0.0021854036204420227
38.16632229023841,0.11457308142184602,69.7093293912434,670.8115249892562,0.002687173532401
38.165624756709356,0.11457068476376718,69.71989936889217,670.8118359410862,0.002138628918537189
38.16505393045661,0.11441088254184156,69.69084921890085,670.8092191934014,0.0065495773115993895
38.1647123182289,0.11443375938218693,69.7094398931971,670.8100319321765,0.005154446283351788
38.16436527884694,0.11457203370645916,69.74544583921312,670.8129437985633,0.0001976281211966257
38.16399154022716,0.11469281929332038,69.74437584094005,670.8121533313364,0.001651019882344041
38.163575214388175,0.11470097391709373,69.75768283488505,670.8138639598191,0.0
38.16310360762501,0.11473630536841233,69.77129698947468,670.8155858617963,0.0
38.16254473019516,0.11469590541926196,69.7643555107371,670.8144502521918,0.0019167263594380448
38.16198943134385,0.11465838288089662,69.75758187417084,670.8135676965019,0.0033961658262672534
38.16162052230026,0.11466124172559503,69.75665792157726,670.8136000323088,0.0033404443355296042
38.16125497017407,0.11467078138133392,69.75557023918032,670.8137344654349,0.003114277354183259
38.161134333148624,0.11482153225875733,69.73738398255395,670.8156004945134,0.0
38.16101227952226,0.11489344091800525,69.6824430131391,670.8130375264279,0.004236291822944213
38.16030450074399,0.11495675821625448,69.74427333279677,670.8181823612788,0.0
38.15965381951714,0.11501164812836935,69.75264278320286,670.8195822298494,0.0
38.1587734883632,0.11497626062336155,69.7602967322665,670.8192193165785,0.0006199221060913063
38.15701328748987,0.11491639355059137,69.76436214582145,670.8186512017469,0.0015572343423908988
38.15534904240199,0.11498763521694089,69.72566356765013,670.8184144013867,0.0018711340447156322
38.15469696248787,0.11497968692934182,69.71056381430218,670.8171861419801,0.0038557000776774136
38.153304585820926,0.1150263110738114,69.74086406779226,670.8197814174595,0.0
38.15235638622774,0.11513670916758671,69.75768775222522,670.8224352476363,0.0
38.15200050019997,0.1150859311195518,69.75917766991148,670.8218552790411,0.0009575492383494846
38.15177772116855,0.11519882908821957,69.76061086552585,670.8231866486271,0.0
38.151422367304114,0.1153207392583982,69.73201633663776,670.8233312068784,0.0
38.15100102548762,0.11535136086009569,69.71369312795896,670.8228531409015,0.0007160096848341272
38.15057393400352,0.11536694818034313,69.69179794981832,670.8222303270084,0.001661327161688481
38.149279102135964,0.1153768847561994,69.71562741403811,670.8231518440061,0.00023577520270732111
38.14799186922304,0.11539557317528217,69.72040539671731,670.8225254474879,0.0012047660734445641
38.14669530068097,0.11540097077582834,69.7337558264668,670.8245724475462,0.0
38.1448775464712,0.11541490044611848,69.7410389402501,670.824949699095,0.0
38.142984904209044,0.11543559303401975,69.7409912541312,670.8251388140196,0.0
38.14176584049512,0.11545257073747663,69.73581675339493,670.8251316956699,0.0
38.140835602454565,0.11543112284633682,69.75771080650381,670.8257910061948,0.0
38.13987905481851,0.11545232268876876,69.76313421816835,670.8263346029161,0.0
38.13914678197243,0.11547284766676137,69.75865447229381,670.8267535535128,0.0
38.138367400583576,0.11550369314022617,69.73896157353602,670.8266763160514,4.3213446119124967e-05
38.138282376778484,0.11551144640975357,69.73055283103817,670.8265041271742,0.0002781010556785586
38.13817132955865,0.11551305478637866,69.72438341534591,670.8263634669603,0.00047661707507606443
38.13799033866905,0.11551773945980512,69.73083018366476,670.8265761427423,0.00016200713601600774
38.1378069118114,0.11553476788473749,69.7328021732479,670.8268109339413,0.0
38.13684298473568,0.11554036161507303,69.73304902655354,670.8268297747653,0.0
38.1359112194908,0.11555163302324058,69.72749041651286,670.8267474673517,9.486004193070198e-05
38.135708459977586,0.11549777694787347,69.77916807434036,670.8278325329223,0.0
38.13547643660845,0.11549847774683149,69.77835555535846,670.8263018902663,0.002231788898862542
38.13523887948957,0.1154871173951336,69.76991718998622,670.8251984043036,0.0038508252359888947
38.13503507787874,0.11547028240541383,69.76029804754043,670.8242413959184,0.005262121595106634
38.134111178947165,0.11553972292283549,69.78788652552652,670.8268298398434,0.0014117592343280993
38.13323504709201,0.11551537986352911,69.77507528918602,670.8219500782619,0.0083948877783813
38.13246700262581,0.115600521792207,69.79645601591477,670.8266949628802,0.0014190787506426512
38.131693579103576,0.11574151487314696,69.8156650052482,670.8314338784364,0.0
38.131462541948,0.11602130871154537,69.8245714035441,670.8379389640695,0.0
38.13123906501607,0.11627485735217599,69.78004126666939,670.8382458292325,0.0
38.13006540454841,0.1162765902494697,69.78772550652315,670.8380762748075,0.00023450356397952167
38.12891841385609,0.11629118420426543,69.78976035271678,670.8381600620104,8.114771988490825e-05
38.127503184111426,0.11636111804319829,69.82805858530645,670.8417335115747,0.0
38.12610116586644,0.11628934864265955,69.82365892859366,670.8346640189166,0.009880355644110642
38.12526629374691,0.11635989333159641,69.83866747435889,670.8385713188529,0.004285312648874904
38.12436501097947,0.11648405013913557,69.85415873864547,670.8428582809911,0.0
38.123387324826446,0.11648991496403686,69.85451603872991,670.8430092793513,0.0
38.12223152265489,0.11646556913660097,69.85514829341798,670.8426129586214,0.0006116429434082194
38.121575437104276,0.11656027971383509,69.83870070672478,670.8434530565112,0.0
38.12081286460212,0.11658827750372963,69.82625138351423,670.8432579705662,0.0001612299008557814
38.120027750849744,0.11660265149102401,69.81020361763798,670.8427577038292,0.00076742478794074
38.119879155985686,0.11660144169485599,69.81475719513719,670.8428162081423,0.0006985365659423579
38.119671566122776,0.11660610532667112,69.82117839268996,670.8430220033011,0.00041962706198098024
38.119495088969096,0.11655156172841923,69.80123691417808,670.8416250049419,0.0024129110448837367
38.119277510367944,0.11650289147447614,69.7804091025942,670.8403876168013,0.0041740969507372905
38.11903722763384,0.11645251026227721,69.75538760477761,670.8390454985484,0.006075539422382446
38.11878762746909,0.11640631595663249,69.72800053620017,670.8377347341125,0.007919246622508955
38.11921528615816,0.11644063924259329,69.76017612289542,670.8388465563593,0.006391053177605812
38.11962714110694,0.1165025798913686,69.76424039680535,670.8386682831733,0.006459194584277018
38.11945501015961,0.11645324460856853,69.79430670732638,670.84093338533,0.003647207735063035
38.11909954953493,0.11642831605638831,69.78721502861582,670.8392336445409,0.0059660103147571985
38.1183561436742,0.11638097642670518,69.76295293338764,670.83630275668,0.009941227581171157
38.117728792097125,0.11639895577905095,69.78705069858052,670.8377512134143,0.008016768142145853
38.11661415655193,0.11643408274496546,69.79846441951425,670.8388362316794,0.006499939875863335
38.11472385642705,0.11632630972503609,69.79309422792399,670.8368152827725,0.009482979634239181
38.11328948229309,0.11634172671422938,69.7923393633586,670.8370669992032,0.009102644988130648
38.11200997914194,0.11648192271047741,69.78490911376838,670.8389548873739,0.006175637798099713
38.11117379078807,0.1165235082677453,69.75931180751168,670.8379492186336,0.007282247005281173
38.10984551508572,0.11653241221110049,69.70421988810308,670.8354380443269,0.010388587998212287
38.10993645687347,0.11657480075515153,69.7726833039642,670.8398230584156,0.004714457837740407
38.10961059556994,0.1166086213441037,69.78460309800356,670.8408517467702,0.0032978476265500965
38.10955903037768,0.11665577396161804,69.78410139326276,670.8414605393876,0.0023471284493627185
38.108930310265656,0.11660627835075396,69.79047794122224,670.8409382221896,0.003207193827501692
38.108533779877426,0.1165957041316193,69.78663184024072,670.8405536673015,0.003722932479766311
38.108363562995656,0.11654245337497206,69.82453285295226,670.8410022359025,0.0034385990038733943
38.10825581317534,0.1165298078337843,69.82166046434577,670.8408658105268,0.003650557668986213
38.10789089540475,0.1165207852283717,69.82086954921202,670.8407370528856,0.0038445697191316955
38.10760168343629,0.11652186759611866,69.8210188340254,670.8406894968642,0.0039029333846928504
38.107305050793244,0.11652519438420292,69.8245137767364,670.840796712851,0.003759831049769944
38.106819248869215,0.11652722657010257,69.82264326305483,670.8407427819733,0.003815327888092933
38.10630677968216,0.11652600770054139,69.81937114874631,670.8405627976571,0.004034349646216032
38.10505720268777,0.11653324639808801,69.84615842462229,670.8416070334987,0.0027755404603973547
38.10393098198421,0.1165265279087733,69.8478827911613,670.841584681389,0.0028321685386518136
38.10355792429574,0.11650718508278977,69.85245636020062,670.8415714264561,0.0029343564920184563
38.10301251763951,0.11650585952762753,69.84759109235661,670.8413557891165,0.003191485033330005
38.10282793569257,0.11650445010093072,69.82144154071732,670.8404286178298,0.004270325927754894
38.10228854308143,0.11650326886476911,69.83963559588868,670.8410037202528,0.0036153006143923687
38.10159455993598,0.11651522135062332,69.85084888410728,670.8414537108566,0.0030443364439241435
38.10125946689079,0.1165278489500185,69.84882387340203,670.8415157111282,0.002913907688050535
38.100929298749335,0.11653897236808437,69.84642537130699,670.8415461093374,0.0028260212900780195
38.100556646251206,0.11654422927983932,69.84574782195972,670.8415617241603,0.002783447263004458
38.10028491525628,0.11653051295421277,69.86464203936437,670.841935045865,0.002434365183554044
38.09976561379141,0.11650646380327137,69.86579027002995,670.8417919722866,0.002711844364555391
38.09923639891393,0.11650441044353686,69.85581627629219,670.8415908331172,0.0029417369270296617
38.098381700042985,0.11649486853044891,69.83430919802146,670.8405667948623,0.004142549843824374
38.09730277674891,0.11649102578507267,69.82029597323773,670.8400000718891,0.004796290776371582
38.09646399309798,0.11649585995209452,69.82589070757331,670.8402475682551,0.004495630019222731
38.09572159954151,0.11647939868714417,69.82052324423404,670.8398356357071,0.005038874425563567
38.09503599039159,0.11648325110311723,69.82624172832703,670.84002588709,0.004810045927952045
38.094650015709476,0.11646427854583019,69.83093091815793,670.8398466266007,0.0051116535680338
38.09372335233129,0.11643068294710258,69.83207671244499,670.8394447390905,0.005731194339542267
38.09279210219241,0.11643624628833546,69.83555041254672,670.8396091987923,0.005519900037459097
38.09219853844047,0.1164229839481102,69.82063671455282,670.837664967931,0.0077665431590380925
38.09124515134151,0.1164064685657415,69.81908782204665,670.8373371449094,0.00821480620153645
38.0914768023728,0.11647473666208773,69.86149390790959,670.8408067954574,0.004014742959879836
38.091165679866286,0.11673637667392116,69.88311642824311,670.8461905252135,0.0
38.09084427838962,0.11683514603238726,69.82978359801926,670.8380721177961,0.008315701952860547
38.090158767288194,0.11674745498891317,69.78858059757513,670.8299114692903,0.01776756111654721
38.089401492197716,0.11663011184633601,69.74551175396103,670.8232879670932,0.025668777109097048
38.08894874886953,0.1167328000678462,69.77898925293286,670.8276255352699,0.02036735187934489
38.08825456896726,0.11683568879608869,69.78497787767004,670.828157574502,0.019380566779931014
38.08756604413259,0.11683005930060895,69.7525668823899,670.8215105275884,0.027006622932892514
38.08703504686953,0.11700286274839387,69.8152241954296,670.8336083938445,0.012373406993615717
38.086172792631196,0.11699106038944596,69.81454059980655,670.8332527373337,0.012836192712996465
38.085554634861666,0.11717347878833914,69.83927024993363,670.8386263591022,0.005859344556979215
38.085257981888454,0.11722867972260412,69.83727853276898,670.8395671142014,0.004505639218529723
38.084477241034016,0.11732213039876489,69.83085529105256,670.8406722021265,0.0027393230363416112
38.083977019715036,0.1174186913952934,69.80589911605986,670.8408425096308,0.0019450301449896064
38.08369987245607,0.11734060633417999,69.84506641676406,670.8417041921572,0.0015529894143418766
38.08325604532327,0.11734443016424947,69.83684619229157,670.8413726324056,0.0018672686084642719
38.08234148380035,0.11734082111481992,69.83083642842799,670.84111047922,0.0021580075885567515
38.08077378978398,0.1173401894171273,69.83189244471797,670.841123299653,0.0021518081659889963
38.079487240854924,0.11734254021258023,69.83209495606054,670.841154126095,0.0021101965913536635
38.077659982504706,0.11731078869756342,69.85196224697248,670.8411655295819,0.0022900876448039864
38.075815335327334,0.11732054623749924,69.85278592133136,670.8410570138745,0.002346196167965173
38.07315698510835,0.11730878135309165,69.84300294319733,670.8401888132219,0.0033068540562401208
38.07104884282557,0.11730610249920811,69.83693180505007,670.8398563823908,0.0036642363450760155
38.0688369629493,0.11730089466721269,69.83285843371345,670.8396127955061,0.003945013682880284
38.06676787787459,0.1173203925784048,69.8397910730532,670.8402980041369,0.0031333775115749184
38.06471516378821,0.11730952979175417,69.86119882239119,670.8426434041749,0.0007993962906715827
38.063105754853986,0.11730633200784892,69.85752195775989,670.8424545293148,0.0010122451353218364
38.06326249693054,0.11736060514201274,69.90972582385781,670.8461887968074,0.0
38.06272701408604,0.11748584308434994,69.92405105982556,670.8487596954668,0.0
38.06290949916139,0.11753581822219475,69.91025443044396,670.8484960170882,0.0
38.063612086795665,0.11747743052685995,69.93104327663359,670.8489119063731,0.0
38.06540117819175,0.11747308858910412,69.93496343758217,670.8489613506556,0.0
38.06855552704653,0.11750595377180333,69.95517047522412,670.8508009002016,0.0
38.07078072948068,0.11756720697264199,69.96530880638045,670.8524985846677,0.0
38.0741640090938,0.11761946240807489,69.95942302326915,670.8533151359592,0.0
38.078011508310645,0.11748536074036411,69.98627964283688,670.8523889073147,0.0017799947589853394
38.08174537135172,0.11747031515969733,69.99087753250139,670.8518855576117,0.0023880945995492287
38.08590169549325,0.11747872603801511,69.99496042703115,670.8523946172394,0.001839368416274783
38.08952357901813,0.11748074452339063,69.99871267216201,670.8526614594945,0.0015710902926931861
38.093581572139215,0.11742353085248262,69.9927801801046,670.8514458817187,0.0031250440458493985
38.097191598119785,0.1173802652867076,69.98513397664294,670.8505340394224,0.004288557372014819
38.10021629770151,0.1173398549124361,69.96966984517476,670.8495727212313,0.005471512798863056
38.101885378663106,0.11736462325095601,69.99449077229542,670.8506203542732,0.004316773310005891
38.10344704347177,0.11741106898707236,69.99080888128684,670.85043128648,0.0042141815977372295
38.10469427701501,0.11740975874300982,70.00174157284681,670.8517047164495,0.002984615189640101
38.105335216756764,0.11740089227237639,69.99794099071697,670.851159846817,0.003571515451867778
38.10506987331381,0.11745117745058198,70.07664220218153,670.8560946527274,0.0
38.103498878397694,0.11744564326266968,70.06611685844916,670.8552581773449,0.0008278232333759973
38.102316388569875,0.11743596263431762,70.04831169507237,670.8540487350136,0.0020310997903571337
38.099826048225,0.1174400046045976,70.039470292275,670.8543121737488,0.001741322513069955
38.097765668197084,0.11742875597145762,70.02374461253528,670.8537088933567,0.0023711632019859158
38.095653874301334,0.11745715900018942,70.01156724379013,670.8536325522863,0.0022486252980785356
38.09335387157431,0.1174575235872264,70.04021300164973,670.8554490674034,0.0005382566364768469
38.091921859067156,0.1174837314491643,70.06702952480113,670.8571875959485,0.0
38.08894751451935,0.11739067913377961,70.05162607877467,670.8552045456711,0.0024716758296716036
38.086586831394015,0.11740512596689871,70.06035512437917,670.8557348205736,0.001882647141713634
38.08399283721157,0.11731440880447165,70.02927884608857,670.8534954357017,0.004556344665413522
38.081409749608035,0.11729713226206137,70.02153731119293,670.8528723146202,0.005247044602780448
38.07869996984126,0.1172917591141525,70.01694386062464,670.8526060518095,0.005526061478844864
38.07613213253903,0.11743261458142604,70.07963813147343,670.8565653647845,0.0009443048328820897
38.07289383769481,0.11747885479737123,70.08226587620727,670.8555344681913,0.0015951579350430131
38.06920995793236,0.11747588985202852,70.08189869676245,670.8561033208837,0.001081756152502515
38.06673069803852,0.11747962237034164,70.07979493329185,670.8565845992853,0.0006043225978474732
38.06358667460565,0.11750412276928547,70.09499605417915,670.8586930947358,0.0
38.05904032545664,0.11751926670579316,70.08463713483894,670.8582238051775,0.0003116066417773302
38.05365690993793,0.11751874861009667,70.07173424953213,670.8577756705109,0.0007061232196979882
38.04601578112163,0.11752566488874382,70.1003412413582,670.8592731111365,0.0
38.03855115934649,0.11755860501123794,70.10335653424707,670.8591551847306,0.0
38.03156679224798,0.11757917072558088,70.06939609765784,670.8560168873507,0.002679611035923303
38.02353316942237,0.1175815463695831,70.06929717147844,670.8555607800012,0.003075402257589573
38.016770602428075,0.11764177193015363,70.11969532825277,670.8608402143201,0.0
38.01434904408112,0.11778486728639881,70.14533213567167,670.8645720061095,0.0
38.01041819975102,0.11788524835329961,70.11357004216181,670.8602466133441,0.0031434265167462937
38.012305753743675,0.11783027816759718,70.07278108222883,670.852946033956,0.010065743428060745
38.01604207740776,0.11793759075544984,70.14027586084593,670.8619215739432,0.001301967516707598
38.01783235894649,0.11799972001435419,70.14887463087616,670.8581751808855,0.004176555975571061
38.02458912320315,0.11805547472435753,70.1712577749497,670.8652517787261,0.0
38.03592928862326,0.11803352589964634,70.16616676291974,670.8638985366075,0.0013652457527465415
38.04847336993654,0.11824464188870333,70.20724621591886,670.8728647729369,0.0
38.063491411199955,0.11825275832582764,70.20953955760062,670.8727643548813,4.037255064553541e-05
38.07705308985525,0.11824774131641849,70.21800577253804,670.8749681900031,0.0
38.0898732474716,0.11832555817788684,70.26959502000112,670.8826278359568,0.0
38.100724921298244,0.1183225664696394,70.28279850507448,670.8832248916823,0.0
38.109263829894715,0.11825698348152448,70.30138330335849,670.8838301575317,0.0
38.11683689817279,0.1182573838829415,70.30436159017064,670.8844636250635,0.0
38.120285885923494,0.11815596290975072,70.29858161908341,670.8824657987784,0.002475768655801595
38.12310988591208,0.11812972968668846,70.29518466350035,670.8801021410978,0.0047331782059133725
38.12530564803354,0.11816691773082216,70.31756704941452,670.8822528931056,0.0026138527724327834
38.12507382361777,0.11831381490699844,70.36614450256431,670.8884905416136,0.0
38.1236365881841,0.11838692503903726,70.36283817946733,670.8888869190883,0.0
38.12343426215109,0.1184553843265685,70.33694599913167,670.887615799036,0.0005556280040418057
38.117799182836066,0.11839559254061598,70.40657336199084,670.8919172997533,0.0
38.113326533659674,0.11837868877371757,70.41669447226154,670.8902489489582,0.0015708663101518924
38.105027958056425,0.1184004381333708,70.43373719131525,670.8932025695989,0.0
38.09740588089066,0.11844140624470205,70.44922900592864,670.895767221741,0.0
38.087986012361945,0.11843225301018923,70.44801859252965,670.895413758167,0.000362866095898549
38.078570177022186,0.11842845863094507,70.44759806278589,670.8952803557823,0.000498879305380333
38.07127925388328,0.11832410437996581,70.45425457742436,670.8930252769402,0.003198092707573091
38.06327776386139,0.1182358744788543,70.42385366698815,670.8885613382326,0.0076117163906598145
38.06141005250344,0.1182763571532759,70.43815580975304,670.890695740036,0.005506156339293762
38.058198891951676,0.11834146137437426,70.44206694065966,670.8925988831849,0.0034048175165041585
38.06312115546931,0.11827940719098375,70.45139402301798,670.8919740527176,0.004414871577737349
38.06629609565913,0.11823609050448115,70.46440219931938,670.891716338524,0.004977492351933424
38.07686642266339,0.11821681286468631,70.46616587901256,670.8915241846004,0.0052915744961556715
38.0855221301175,0.11820893289837048,70.464519074116,670.8913989273985,0.005458993242288347
38.09728544001994,0.11820310126965865,70.49120035628793,670.8922066389985,0.004867635683907423
38.10941751293135,0.11819687230510074,70.49258040532762,670.8922261455574,0.004908082112032794
38.12049182805184,0.11818350910319939,70.46616263588389,670.8912736954522,0.005777658297860415
38.13023965139568,0.1181955850606449,70.47493934900817,670.8919610971196,0.005131063197706222
38.13810580471873,0.11820376466369248,70.4993147392193,670.8929193134499,0.004309295987380955
38.14567738710732,0.11823415693587973,70.5169409987108,670.893918329921,0.003278324285208311
38.149094874930036,0.11824579241813123,70.52294329069763,670.8942639656852,0.002913794842359218
38.14965182045421,0.11829305429264439,70.53001192226195,670.8950833478495,0.0018875029466977333
38.14871912681925,0.11833095221695449,70.533034662952,670.8956723035633,0.0011173626156834116
38.14820605733784,0.11827359156088565,70.5381506839915,670.8950630776646,0.0020654005167989793
38.14552746263398,0.11825714677526629,70.54219160665563,670.8949411631943,0.002296877833557691
38.14265669973978,0.11825467912562648,70.53912709198471,670.8947273359154,0.002485403705125928
38.14096986182643,0.11825460349536827,70.53174190815564,670.8944180590564,0.002727651110809387
38.135835201914965,0.1182501125263051,70.53924292966299,670.894591154622,0.002629467090437113
38.131885432005795,0.11825363438918636,70.54422133924562,670.8947948639743,0.0024419605560716696
38.124439051294836,0.11822291727107218,70.54000097041765,670.8941699041959,0.003176262918093363
38.11784624993568,0.11821766275203609,70.50837964735224,670.8926172991744,0.004426760550439247
38.111244171236216,0.11821141804549105,70.50518415667453,670.8923646417975,0.004671637329218728
38.10369120636362,0.11822068564895798,70.52312141400539,670.8933165947273,0.003851067059914043
38.09621117914895,0.11825296956397696,70.53131274170372,670.8941784473651,0.002912258052864141
38.088467403010625,0.11827185345579162,70.52995240878481,670.8943660025582,0.0026064421652753685
38.08242627201437,0.11827562869697958,70.51504676954957,670.8933335593377,0.003377184557520822
38.075215086870934,0.11824257071822762,70.54816516992129,670.8952829531072,0.002124696711275585
38.070943870924154,0.11823089686593827,70.52734843069781,670.8933513836428,0.00372018286329711
38.068817299276084,0.1182482469791335,70.57318688805734,670.8967106427202,0.0009775431942659401
38.06533266651792,0.11835084180118095,70.58632259857879,670.8990709488772,0.0
38.06653412631728,0.11824913963320467,70.63361810982066,670.9018238667733,0.0
38.06977850341654,0.11822775078876963,70.62519901083462,670.9017022112265,0.00026318291175804714
38.071394884506915,0.11821889698251245,70.58887516565515,670.8995575747668,0.0019700083074701805
38.07823113311137,0.11827271972061322,70.596458378236,670.9011167540154,0.0003324813061980898
38.088173938002704,0.11840677141862985,70.62201842558915,670.9053298242225,0.0
38.098443255591796,0.11834211513015351,70.63811568971148,670.9088329771832,0.0
38.109172746970486,0.11832387800868467,70.65746708763801,670.9125464745973,0.0
38.119878530608055,0.11833722963952925,70.65869016916184,670.9132766662223,0.0
38.12755786573249,0.11827839186946369,70.68283002082316,670.9124532477045,0.0011385365714481881
38.13390180581365,0.11826798050671618,70.68073610396853,670.9116589931165,0.0018342851235353679
38.135660318471054,0.1182338888219976,70.66084674056836,670.9088855233324,0.0042198254552136645
38.13668161264113,0.11822687782298058,70.65455960187518,670.9083493993234,0.004681100255259667
38.13357126904338,0.11822801063612699,70.65424871652452,670.9084062816539,0.004625521168622617
38.129182854196905,0.11823213151881325,70.6504154669849,670.9084650382702,0.004538869796771425
38.12158865767208,0.118176096608809,70.6428961652473,670.9071008618325,0.006025576998041071
38.11323407436045,0.11806052628415903,70.64034009987894,670.9047635154935,0.008746071490448502
38.10285848515972,0.11806580600022705,70.63975685349715,670.9048827935961,0.00860529729552629
38.09184832079064,0.11800814103545179,70.64028405324179,670.9037667160878,0.009923202938090094
38.08080601635257,0.11798254399462162,70.63710868335124,670.9032377358404,0.010525837870906204
38.07004696638887,0.11800593026735853,70.63795335602684,670.9037092279406,0.009970266509931562
38.06240693388975,0.11801871347835469,70.62543891673931,670.9027411815484,0.010588266052101641
38.05661151895615,0.11801913686566523,70.63428523740741,670.9036806843992,0.009873546748851717
38.055103298353465,0.11804601636996681,70.6669289438215,670.9062232260665,0.007753890561339149
38.05586279148208,0.1180272093552732,70.66256856638532,670.9056182692121,0.008363763541335903
38.06185047913455,0.11795860403582967,70.64274044813929,670.9035106054791,0.010506587664448157
38.06957510326685,0.11799587126852482,70.66329735108623,670.905290848089,0.008879448982251308
38.08048469791398,0.11804956818915034,70.67547169483421,670.9067842641776,0.007328256710399053
38.091826946937964,0.1180981116265831,70.65722495025159,670.9059152461039,0.007559367317258073
38.10380047876332,0.11807025590137554,70.6911966308628,670.9081286783447,0.0061814801929689625
38.114498718247624,0.11805993178531515,70.69251333217169,670.908051135255,0.006332991355798966
38.12345683459603,0.11808213041242968,70.70098426631223,670.908748768082,0.00564234583979823
38.131435109955554,0.11810358964887875,70.70085294359835,670.9089858260888,0.00529028191952031
38.13609362115431,0.11807569171938082,70.70362548793821,670.9087103075566,0.005734272028402867
38.13946621754472,0.11805137552646226,70.70166214873866,670.9084052587172,0.006163661879910086
38.13987234210888,0.11805530887956887,70.6910439602506,670.9079458760114,0.006457318745438993
38.13974968994612,0.11808183386062969,70.69512880637089,670.9085081130199,0.0058251164591281955
38.13642931790089,0.11807867139306526,70.70906397864998,670.9090683819344,0.005454931620709341
38.132742620282976,0.11811154972785108,70.72408806140076,670.9102600567421,0.0043203270091415405
38.12713889115548,0.11809335279179489,70.72768630790299,670.9101760480909,0.004537076112472769
38.12107856035495,0.11807500106211818,70.73137324464605,670.9101025258718,0.004747564582641201
38.11342496529401,0.11809676580848663,70.72011546596451,670.9101966021437,0.004475576412968765
38.10558772414517,0.1181017829805166,70.71969813820526,670.9100572369764,0.004529031383636091
38.09722996745987,0.1181126898839658,70.73538335478487,670.9108050829658,0.003909610733183855
38.088967216120764,0.11813170948936362,70.73127518262514,670.9107239436366,0.003797072021187512
38.08128663545922,0.11817353146576483,70.71577900606967,670.9105320491135,0.003555857901664306
38.07411985293549,0.11813392283570999,70.7425834871413,670.9113645165238,0.003325258972039836
38.069386603686034,0.1181148977979391,70.73915877512191,670.9110574254827,0.0037031906746533404
38.06621204906151,0.11810422029197577,70.73989748087772,670.9107543223862,0.00401201305447851
38.06689654047119,0.11809568023146123,70.74257951031754,670.9107279496747,0.004109452650652437
38.069373413276956,0.11808269603789144,70.7512911248295,670.9107599845527,0.004212552069762549
38.075761378527716,0.11808017854827055,70.7512723310411,670.9107322700518,0.004257719658734848
38.082571896265705,0.11808834760344014,70.71255926299223,670.9094649827832,0.005042810760736302
38.09257644247474,0.11809269906861046,70.73760476191549,670.9114395435159,0.003640479282618727
38.10319090768332,0.1180935485307473,70.73177471674175,670.9109456262835,0.003981654828020728
38.11333174278801,0.11803009159168872,70.69781278377928,670.9076444992447,0.0068280837895485225
38.12283410636154,0.11802512064935652,70.72599364697082,670.9091930309751,0.005816043069537283
38.130511118366634,0.11804086678575441,70.73974158242999,670.9102786356291,0.004934699151013403
38.13757384726331,0.11807890226780987,70.73774346328112,670.910780233902,0.004253642707186534
38.14021277825378,0.11802734192325015,70.77051415994691,670.9121172452938,0.003803464243891288
38.14250869454236,0.11797155519271214,70.78953944085113,670.9121866830072,0.004264379857144912
38.14084612898565,0.11796752858866576,70.78805910954564,670.9120451904297,0.004395564300835857
38.139225046227864,0.11795453940506624,70.77922057678236,670.9114286716385,0.004926830463402099
38.13305269411375,0.11793223451089054,70.74394733764488,670.9097760271547,0.006225668681704411
38.1276529369899,0.1179219735538794,70.72908223049592,670.9089474736787,0.006871027719920633
38.119593857510466,0.11794326105769654,70.75642637921622,670.910330082677,0.005753079080172104
38.11194942215869,0.11800813109607457,70.7665926363204,670.9113884323984,0.004460717815281804
38.10245523761509,0.11810625121386506,70.77664675432669,670.9135388789863,0.002117202830591794
38.09319563665738,0.11804715866576214,70.81640471663815,670.9160604118271,0.0009477937124356764
38.084274554165184,0.1180254346352306,70.82883915858459,670.9170381515088,0.0004818963032171895
38.07699939108166,0.11801354071816714,70.84099116661642,670.9166422292675,0.000871486594351906
38.07119790453269,0.11798651421960321,70.84130733403401,670.9161738759041,0.0014314197901906089
38.06980181252218,0.11799613650669909,70.85295052350118,670.9170234225907,0.0007797087436186499
38.068676371297045,0.11797032057450908,70.8751598308094,670.9171761368009,0.0009345045704737742
38.074704284142726,0.11798524517412201,70.88137916156575,670.9186081529003,0.0
38.08026041445662,0.11801210109398731,70.84926432105475,670.9167042886189,0.0010085909521635732
38.0912310400698,0.118026238300443,70.7960689451516,670.9129286671657,0.003369484176233519
38.10196747254434,0.11807804361475574,70.90780216113595,670.9256985723615,0.0
38.11436751182416,0.11822983558389957,70.98116951529876,670.9355656596422,0.0
38.12651460206716,0.11840614110952546,71.00277866814139,670.9409436916246,0.0
38.1361265950124,0.11843130367534285,70.99989367368372,670.9414208896912,0.0
38.14163485686916,0.11837762480246461,71.00601875111194,670.9406792343706,0.0009898830078338813
38.14636027135517,0.11835599403223007,71.01747923849004,670.9409585897699,0.0010144726835788751
38.14613064184368,0.11835423400289942,71.02230045597139,670.9411976903722,0.0008769545048451816
38.14587796868063,0.11833608753692809,71.01368751533124,670.940592839528,0.0014325026969199237
38.14162292138567,0.11836087918278375,71.03242483015133,670.9416534996966,0.0005251315660359391
38.13741341979988,0.11836244136447308,71.03331911839378,670.9417086645221,0.00047381687886057015
38.13000092861743,0.11836267497425623,71.03465862113379,670.9417539023594,0.0004401795961954071
38.12293220634233,0.11838684176495318,71.03585323411997,670.9421313080124,0.0
38.11423029285202,0.11838280390648198,71.0398231200045,670.9422679448921,0.0
38.105888282539496,0.11839585685020719,71.04182425971867,670.9425591013407,0.0
38.09762096682355,0.11842516811630914,71.0265391635548,670.9424004153706,0.0
38.09027640929462,0.1183594277875862,71.0797251064628,670.9439283215759,0.0
38.082646810031555,0.1183582231847553,71.07199554649586,670.9438043879852,7.95302093235875e-05
38.078647669069895,0.11836837094574812,71.03472842801243,670.9427470035687,0.0006308825616396796
38.07456836646506,0.11836526402474597,70.96299681514978,670.9373517705046,0.004088093167855375
38.07603562112169,0.11834142350643444,70.92651527142164,670.9335817169001,0.006726458294633609
38.07799671964805,0.1184094911035283,70.99878940501381,670.9400064194455,0.0020048890597493887
38.08554362172526,0.11841949075520353,71.00295017377209,670.9393460053338,0.0023507920007693013
38.09259518670082,0.11841560066861227,71.01379886414901,670.9430520473175,4.303302957155662e-06
38.10283651744635,0.11842649926526344,71.00447577999117,670.9437021958396,0.0
38.112793101103456,0.11839624522004262,70.96180389723003,670.9399001094487,0.002685913439529316
38.12336980813258,0.11845022872602104,71.02460246370127,670.9450956350418,0.0
38.131579321761116,0.11845435646460026,71.03916467543935,670.9459024245817,0.0
38.138282913295704,0.11844041258296525,71.03858526529797,670.9455554626485,0.00035409384546521844
38.14113837397123,0.1184556441843126,71.04055857463712,670.946042891646,0.0
38.14362811704401,0.11845785197996818,71.03928743960347,670.9460139599895,0.0
38.14241894999167,0.11844230637451851,71.04719552627348,670.9460977915974,9.914051374895633e-05
38.14116947203598,0.11842231614186935,71.06004860075126,670.9462596080886,0.0001964590643213739
38.13668238164126,0.11842754287186524,71.05702258673091,670.9462755878462,0.0001332596319370323
38.132053244354076,0.11842284728444517,71.06112845589105,670.9463450517859,0.00013508455433943264
38.12478526421894,0.1184130630028645,71.07535337468059,670.9465745499696,9.50109143802535e-05
38.118009989613256,0.11841482178112574,71.07307980055371,670.9464895652043,0.00012687713900937027
38.10975890814549,0.11840680730069551,71.0840417112934,670.9468342403991,0.0
38.101564882333655,0.11840881468618604,71.10015915094709,670.947372365004,0.0
38.09340150550272,0.11843445947774286,71.10324220228256,670.9478059898712,0.0
38.087389150536595,0.1184488834482348,71.09005681126237,670.9476209264444,0.0
38.08126812006295,0.11842245131138934,71.11484885432466,670.9484511477265,0.0
38.080113792331126,0.11840059594388964,71.09267245875357,670.9454668848607,0.002043427134848244
38.07929518820099,0.1184723853652826,71.16621831826284,670.9554343343766,0.0
38.0839234808693,0.11855759982613553,71.18791609479597,670.959772838071,0.0
38.08897651660076,0.1187259991124241,71.17888768265591,670.9639907679936,0.0
38.09772206151364,0.11869445149460683,71.20531040178405,670.9653986188167,0.0
38.10615341759355,0.11865114933800648,71.23070078889413,670.9669373433004,0.0
38.115829404686195,0.1186446172993853,71.24374052486012,670.9682848684273,0.0
38.12360768185495,0.11865802905883248,71.25098531702702,670.9701616562927,0.0
38.13079771475035,0.11866699904942794,71.2511064691321,670.9703006931753,0.0
38.135101625564054,0.11867127444699899,71.25498059601938,670.9705638320044,0.0
38.13857740535158,0.11869492269595312,71.2439317367945,670.9704535234484,0.0
38.13851046574274,0.11871261533354506,71.25437361128957,670.9712175423143,0.0
38.13839406864338,0.11870659248477373,71.24750327368503,670.9708075632616,0.00030004322947544944
38.13434671653777,0.11867076514272915,71.24052743535982,670.9699105743748,0.0011763482432458595
38.13075070283533,0.11866660256641846,71.24113109549423,670.9698377836314,0.0012597398447269186
38.12438174976316,0.11864484958520072,71.24597151691034,670.9697226218576,0.0015380262358834528
38.1182121507405,0.11865281886804038,71.2603511640077,670.9707509808812,0.0008495070104156795
38.11050113653673,0.118655551593193,71.2670643855216,670.9711473918871,0.0005867039702541913
38.102380712183084,0.11864324234329225,71.26912268202925,670.970939824901,0.0008283711326600518
38.094353102362085,0.11866754495195596,71.2848140059449,670.9719342039882,1.0316781640187485e-05
38.08845232633299,0.11869768568599061,71.27486033003511,670.9720601790889,0.0
38.08259258927827,0.1186323810955072,71.29352021068094,670.9719802085435,0.0006874173279282698
38.080544401444335,0.11863789032001017,71.32874952209987,670.9735885140499,0.0
38.07888196832026,0.11867211168146395,71.34311727902171,670.9745920084396,0.0
38.083013161144066,0.11873586742844049,71.36015786930473,670.9768038167831,0.0
38.08746616357544,0.11873187539147771,71.36399347997562,670.9773390356955,0.0
38.09597328966007,0.1186905759484053,71.32410573832796,670.9703905047269,0.0045036144985676745
38.104551951842964,0.1186510238147877,71.30095318682457,670.9663595504138,0.007271243297504575
38.113373849183375,0.11889720934779065,71.4479614970316,670.9851088663967,0.0
38.12113196278506,0.11884637293400804,71.45118466843459,670.986411385827,0.0
38.12752000783762,0.11870696846021879,71.48983451063569,670.9942901258138,0.0
38.13093742580368,0.11869434460196875,71.46121072511869,670.9926394747913,0.0010832318724163718
38.133975193215385,0.11866573618863542,71.45218151688238,670.990615533173,0.00256206272024175
38.13332803901411,0.11868683694415572,71.47514178199303,670.9932901008801,0.0007943963851191247
38.132625039675,0.1187258841575497,71.4903105819346,670.995368432263,0.0
38.12837308809392,0.11886011410416522,71.50831959726733,670.9999512378461,0.0
38.12392081811137,0.11885454490187909,71.52788021147146,671.0001685672876,0.0
38.116418845645235,0.1189752753327883,71.44899919710751,670.9917940275827,0.003655731456249179
38.10964776243244,0.11904064154710042,71.49315410125605,671.0023885773406,0.0
38.10189284236613,0.11919561381475106,71.55383201925683,671.015383469585,0.0
38.094514820644,0.11937767552678408,71.58956930632901,671.0235585192045,0.0
38.08738680001,0.1192843993188092,71.6062823994168,671.0235539778299,0.000924944797632043
38.08313902561045,0.11922531412904391,71.62423779135617,671.023779869446,0.0013874314996816023
38.07971434831237,0.11924834180795234,71.62680533431255,671.0242057047335,0.0009167008891724825
38.08025963739294,0.11925929045663865,71.64323425199899,671.0252769625944,0.0002018665196769397
38.080564358934886,0.11922532808077695,71.6157051735708,671.023626797278,0.0014593502300609689
38.085540965952255,0.11929317546310102,71.66915138476372,671.0327230694315,0.0
38.090104468533944,0.11944860999345297,71.74398135421622,671.0441044433724,0.0
38.09724603183126,0.119628997923824,71.76750092842795,671.050647111752,0.0
38.10418515971557,0.11974018915451619,71.73533582729799,671.0486213567558,5.192192523973725e-05
38.11137256806102,0.11967785533453236,71.7960845251382,671.0550962027783,0.0
38.11772098801668,0.11966800345054972,71.79121881828526,671.0554171373992,0.0
38.12218322671596,0.11968248433957414,71.82675975896993,671.0581106570761,0.0
38.12617951207142,0.11971255248751488,71.83807390512676,671.0593056842577,0.0
38.12670050740919,0.11963294479946172,71.84346325754986,671.0576174456306,0.0017481591949645115
38.12423615485753,0.119640977308808,71.84275917258839,671.0576886672652,0.0016276790293246767
38.12150720079409,0.1196225648034713,71.8483664433451,671.0575694539596,0.0018807414631868023
38.11598344309407,0.11969031464970882,71.82518097908364,671.0586704064177,0.0005615551996337018
38.111427410013825,0.1196933500459088,71.8703667818326,671.0638299669655,0.0
38.105394815355474,0.11967301472566284,71.82719255193757,671.058968475287,0.002908492326818535
38.09876890019083,0.11969793974664032,71.88586561023244,671.0639733435981,0.0
38.092508823624485,0.11977339884224374,71.91517974183085,671.067829219924,0.0
38.08626021040323,0.11970854884252193,71.91700352004851,671.0668543119144,0.0011869486450696409
38.08187669508142,0.11961281882471579,71.9241170019364,671.065528056666,0.0028832057704807727
38.07742295902926,0.11961025170602271,71.9167091422953,671.065108250976,0.0031359021564631353
38.076138595534495,0.11951824859930066,71.8535941913196,671.0603888559997,0.00663301658206524
38.07521503063838,0.11954530273538887,71.86975282563459,671.0633868707689,0.004688192762943251
38.07791574850005,0.1198544600167994,71.99105290289947,671.0840204091577,0.0
38.083623827451156,0.1198668420350375,71.98813254022484,671.079998782759,0.0020821974596139494
38.08841425001157,0.11988706767967014,72.00160619710796,671.0857804078279,0.0
38.09407420546389,0.12012731904914704,72.08489446577339,671.1123002601513,0.0
38.09965350566407,0.12010641532511572,72.0743706301387,671.1048951682332,0.00425579853768149
38.103874381490066,0.12017223035727141,72.10724403622613,671.1151794703436,0.0
38.1077542546919,0.12033864790818435,72.16364836390161,671.130235715321,0.0
38.10928811596046,0.12031309585991892,72.16010660621097,671.1290149567913,0.0009259402536466851
38.11019356575035,0.12000664051421597,72.14915637688341,671.1173247109806,0.010395995578494112
38.10913174863448,0.12001690668462177,72.15077464085556,671.117818437769,0.010024355600792536
38.10777162863981,0.11991897496565762,72.12922265018506,671.1137659190064,0.013216609046921894
38.10450703460382,0.11995492157957326,72.14248138958658,671.1152603853373,0.012047423947776694
38.1002714338677,0.11994871082352426,72.13620188653087,671.1147582519817,0.012380391722453046
38.09584410362611,0.12002538545787071,72.1015914889397,671.1141345024994,0.011947702547886675
38.090696209177175,0.12009612297113668,72.06145370936807,671.1122957808103,0.01224712515377757
38.085563654994765,0.12005821181890564,72.10871787851755,671.1154108300368,0.01091943316073841
38.0809903843037,0.12005498820086548,72.16058548797145,671.1198658142087,0.008505867737761947
38.076784588974284,0.12003193545264075,72.16298114673815,671.1207406278351,0.008260202343975056
38.074455067793565,0.12001360649759481,72.15652246000433,671.1188856856088,0.00945259205197271
38.072570036544185,0.11998803820377578,72.16655685309541,671.1189802847255,0.009666412842893352
38.073320472288245,0.11994146829213889,72.11846303537179,671.1135885738408,0.01304865191858652
38.07466439797412,0.11994880563790043,72.14461994664977,671.1161604413373,0.011582685666595668
38.07785951459905,0.11979789101187344,72.057235957601,671.105337940896,0.01896285035662767
38.08143629072511,0.11991724158002846,72.12201274264174,671.1148635709387,0.012562477314124385
38.085901576297225,0.12006446887546805,72.09493303197188,671.118326322936,0.009151936198735616
38.09008903464645,0.11995957358576721,72.12105567756367,671.1215906641872,0.008457034002702894
38.09409176730648,0.1199859158777434,72.11260141768972,671.1207563663502,0.008638458228995022
38.09646424459998,0.11997392554090519,72.20244287885723,671.1290374282489,0.004349987284193055
38.098540087936925,0.11996338030420106,72.20264642528959,671.1289788946092,0.004490858890525379
38.09857612500942,0.11985736676630139,72.21208047049878,671.1266200536376,0.006847661229389414
38.098756572969144,0.11985943891403902,72.20793926175378,671.1263716331164,0.006959883403313146
38.09620990461991,0.11981620358620537,72.22624607836468,671.1265515996063,0.0073201926361222
38.093955639290925,0.11975248530809367,72.28517833465551,671.1280731805097,0.007206587543789997
38.08962193583581,0.11973164428435727,72.26773489057359,671.1266001295155,0.008192150980389397
38.085597192082425,0.119709264668114,72.25514957313985,671.1241573742864,0.009721371796865195
38.081340492262726,0.11973952670819955,72.26579908188683,671.1275593393424,0.007597936724359854
38.077004238679194,0.11981299407046403,72.27449126715719,671.131231307185,0.004899006346392982
38.073417591465656,0.12004260238987216,72.26359861835006,671.1379985806311,0.0
38.07086523219165,0.12001204146616318,72.2856043940736,671.1388085586649,0.0
38.06856266831925,0.11980503264041277,72.3699024204491,671.1426683272206,0.00018211787542973216
38.06847931976368,0.1195998870435543,72.35077266109582,671.1257680970692,0.011115143950352239
38.06836998458873,0.11960458132285756,72.34941278243913,671.1260762459003,0.01090962087781474
38.07019639879748,0.11992994550057608,72.42085152656954,671.1475280265385,0.0
38.07229948976396,0.12021807065353689,72.42582336423166,671.1528214527714,0.0
38.075593446541355,0.12025428885072066,72.4159798367373,671.1504913537311,0.0008384931379863327
38.07879269922659,0.12019331835257141,72.46666349179274,671.156992719181,0.0
38.081748235240816,0.12018565753420356,72.4930503920464,671.1602057958241,0.0
38.084636893177276,0.12020056798521624,72.49611183916039,671.16139267902,0.0
38.08619277328568,0.12029841908422607,72.4696745607789,671.1634400531908,0.0
38.08771945138067,0.12026365817843776,72.49884592549347,671.1660894332404,0.0
38.08768530803605,0.1202507780384719,72.53377032942106,671.1691673594418,0.0
38.087603653677114,0.12027139135211419,72.54934386127286,671.1706966835081,0.0
38.085910812388335,0.12024755907483599,72.55361211421692,671.1703298397528,0.0004405939181478805
38.08287415646988,0.12021567882469977,72.57109474268302,671.1701725276407,0.000869563471335276
38.079603126519515,0.12015624242088539,72.53882819829417,671.1651260109446,0.0040550730333
38.075776013194755,0.1201158442054603,72.4894099436166,671.1579643672695,0.008131858365421017
38.07206553312396,0.12017047487132788,72.53871872293742,671.1640277378324,0.004483553601175751
38.06886208724416,0.12018356341512813,72.52311050768782,671.1634928246847,0.004611759459044613
38.06609883126278,0.12028021570984951,72.50893253167735,671.1651475396136,0.002760340302006924
38.06428846304019,0.12017612404016828,72.56908810086912,671.1690400034892,0.0018781691778660934
38.062784826870015,0.12014042659635632,72.6025721665436,671.1715526108998,0.0009854380013505442
38.06329410742314,0.12014370030584551,72.60551902162133,671.1721571092842,0.0006460778162960455
38.063473977274256,0.12012763009540664,72.61169088765352,671.1719800019586,0.0009109337507920319
38.06557560644598,0.12013106896002415,72.61967884084311,671.1725377274167,0.0006040081270640382
38.067354657418264,0.12013563916989581,72.61670028534779,671.1724788728284,0.000587380775741214
38.06994414696127,0.12013419543706547,72.60609264835502,671.1720106116275,0.0008330222001904368
38.07251483569225,0.12013729033249217,72.59789764388769,671.1717551458229,0.0009255972642999182
38.074776474460585,0.12012151910378235,72.6201080141231,671.1719976345211,0.0009946554472462633
38.076296429993214,0.12009563497448134,72.59704965439278,671.1712789792958,0.0015986843723955067
38.077718372212345,0.12009185805816273,72.57855330832888,671.1706179146081,0.00195414998742475
38.07766584098851,0.12008842272610291,72.59467513253561,671.171071506354,0.0017794825365393158
38.07753686088859,0.12009471008424336,72.59594108018887,671.1711913101034,0.0016579177219800717
38.076172678939265,0.12009410261544588,72.6167561377049,671.1717140925596,0.001425056239412615
38.07487279546229,0.12005317055367797,72.62554050675556,671.1720646473341,0.001674513377328486
38.07224602930036,0.12007136014652893,72.60898477193595,671.1709235637362,0.0020471372303108625
38.06997951745904,0.12008224909247826,72.59520493002115,671.1695854643782,0.0025959870208187505
38.066608816336355,0.12007377203801758,72.58578267891518,671.168849794622,0.0030416945093675036
38.063153796269646,0.12008028140432883,72.61293290023963,671.1703461551303,0.002253025438432817
38.05986255350311,0.12007130065062865,72.60571062437391,671.1697592779894,0.002631633081387809
38.056480722924796,0.12006623730967685,72.5989893326291,671.1693351946541,0.0028885146192710156
38.053301692942235,0.12008040782195877,72.5800697411322,671.168833826607,0.002973194602027729
38.05001921568482,0.12005590430529132,72.58307294259086,671.1685467601197,0.0033707597341014377
38.047995691363205,0.1200668261558661,72.58773259633574,671.1689265322507,0.0030742135061457418
38.046723428981764,0.12004257216229261,72.56554298462396,671.1677894166049,0.003865384687233413
38.045075348096425,0.12002541814015712,72.53051278838235,671.1659275049212,0.004930904888901839
38.04531500075946,0.12002015406957654,72.49485891601576,671.1641317192975,0.005841290394096576
38.047708338036614,0.12003661353752389,72.5389747832663,671.1663050540674,0.004640959711463185
38.050469640991906,0.12005381533668336,72.5451010342681,671.1652992414781,0.004975692545886819
38.05391045215996,0.12002664022410425,72.54782715459491,671.1698454427118,0.002990827485177346
38.05727984761916,0.12001231211187986,72.47833588920348,671.1626885142775,0.006615921869766055
38.060267912112124,0.12003738952024508,72.51062257369296,671.1677444209575,0.0038803024127776996
38.06308623387799,0.12010780184466137,72.561408592596,671.1739435351601,0.0001366250176474586
38.06392194569469,0.12023332911348603,72.57925061240873,671.178962483467,0.0
38.06444653361918,0.12008229406617767,72.62190944484632,671.1823744673165,0.0
38.06287541321161,0.12006525485023967,72.6391345706227,671.1841953628973,0.0
38.0606690943909,0.11998227702707409,72.74706340691402,671.190705264697,0.0
38.056610460664935,0.11987033644535233,72.75057370296331,671.1747403117402,0.008943925258453344
38.05280238743651,0.11996623719713685,72.81320171577664,671.1895714207903,0.0007554291727643794
38.048420705841096,0.1200071159525971,72.81393610711964,671.1921253019726,0.0
38.04486329379455,0.11999697149433311,72.81049716174996,671.19271432066,0.0
38.04140487455428,0.1200251991186745,72.86141285039727,671.205027876244,0.0
38.03930304200605,0.1200469058593289,72.88353245501303,671.2080706896314,0.0
38.037791582947115,0.11990742133907879,72.79738151775875,671.1972256401704,0.006581810792256726
38.038271653285534,0.11980473237746452,72.74968929739416,671.1880576269349,0.01204697750264112
38.03957094525614,0.11957364003186846,72.62586964127816,671.1712823224929,0.02246488223337765
38.0433270485522,0.1198128612564849,72.75372261982206,671.1876870529679,0.012090677178756221
38.04679419429555,0.11998206384833361,72.77262524087236,671.1888076489604,0.009839756344244228
38.051221436904605,0.12017892691168394,72.73664855848574,671.1824286632273,0.010917271331843923
38.05561596510253,0.12018464764274482,72.72180515678997,671.1795676867135,0.012247656584953926
38.05877263599027,0.12022586160471195,72.77773498455929,671.1907635454681,0.006413865527691981
38.06205474556286,0.1203438005491704,72.8422547787614,671.2023198062398,0.0
38.06257796351221,0.1202783026280122,72.83184275402952,671.1986875229944,0.0024412696543412256
38.060300559988065,0.12029115698808823,72.84642183357957,671.200725985738,0.0013392463383736788
38.05827638913756,0.12027583173507378,72.85239435070505,671.2004156311208,0.0016592035453353185
38.053703202808876,0.12032588896117431,72.8656678405546,671.2021759625117,0.0003041806053048397
38.04862920056642,0.12025860064445143,72.85432251058388,671.20010060089,0.0019938041533868276
38.04313780808951,0.12031662181516932,72.87491459804345,671.2026298739257,0.0002006331153738953
38.037661747206734,0.12044510287424054,72.91131251209019,671.2071237803812,0.0
38.03260217543781,0.12042034206458888,72.9099753300968,671.2067912948531,0.000415434347421131
38.02792215446373,0.12047071934805555,72.9062318571037,671.2072215801104,0.0
38.02611864972188,0.120425394053157,72.92609681538477,671.207503507929,0.0003646319317954041
38.02502569638478,0.12043379749821566,72.9332433386919,671.2085615968324,0.0
38.02736248596291,0.12041440148345535,72.9443143821568,671.2091016372033,0.0
38.03270389473743,0.12041372326530524,72.94974461056506,671.2100486515358,0.0
38.03829409648516,0.12040784935614252,72.92960451554654,671.2089531628918,0.0005566027491385849
38.04455699122649,0.1204052355031391,72.92316727200414,671.2084396827511,0.0008215213244155771
38.05034453552071,0.12040885757182054,72.92261550985225,671.2084729436594,0.0007701972760795352
38.05442588790404,0.12046397372018298,72.90987988630114,671.2090975054421,0.0
38.058138172309405,0.12047225554172931,72.89125025797995,671.2074084919159,0.0006845055732650204
38.058807182255165,0.1204968231179991,72.88082431577757,671.2061331856266,0.001013094930066354
38.05886147850627,0.12048653064446783,72.90833733843628,671.2083093629134,0.00013485806385627917
38.05567752236375,0.12049134047419326,72.91370441496902,671.2089610730246,0.0
38.052327583520096,0.12054571725558805,72.90935377517692,671.2101408539569,0.0
38.04660258336635,0.12051345719372704,72.9440617552763,671.2133352856912,0.0
38.04092632539171,0.12051653935697797,72.94763338795181,671.2139188146424,0.0
38.034509434946045,0.12048801320043985,72.8976049495814,671.2086052175422,0.0027029555354751776
38.0294007618523,0.12044375203771043,72.81985246692797,671.2009614816874,0.006624520603103846
38.024570235857354,0.12045328214434925,72.84684799332885,671.2031228244767,0.005547061381884292
38.023187967318435,0.12045276480926306,72.84566641505145,671.2030634814229,0.005575779856891229
38.022085103148996,0.12051336284693195,72.83886935272612,671.2033049904312,0.004823095350642699
38.02526772666311,0.12054738493916281,72.82624842510451,671.2026616481713,0.004751079623640278
38.029211924814724,0.12053714771761966,72.82220026311653,671.2018783705838,0.005216270960891233
38.03633131104524,0.12074263561136295,72.99686438783064,671.2273382145136,0.0
38.043125066391376,0.12086990336696414,73.00816178677611,671.2318406443958,0.0
38.04960652901094,0.1207513817677161,73.00560053394382,671.2286601677545,0.002722117092892812
38.05572401291937,0.120582172814907,73.00271722669682,671.2246113309897,0.0063775403815742124
38.059152442698505,0.12051372673811706,72.98986716586684,671.2222647322017,0.00817222333903063
38.05908365873773,0.12048015077046519,72.97977004883671,671.2211156280104,0.009046234365770508
38.05871042740599,0.12049893886771755,72.98881266259214,671.2219477948283,0.008474971736734819
38.05483857849184,0.12053550150575186,72.9852072600287,671.222366031461,0.007894628972994236
38.051085327342996,0.12051818615282218,72.99636160005257,671.2229890300065,0.0078007884346953885
38.04494920346159,0.12047466948220895,73.04748839932826,671.226000886964,0.00692633110934287
38.038920706857404,0.1204763932078045,73.06246178564672,671.2271480170177,0.006396476695693047
38.03236115318837,0.12049178577683642,73.09152641314284,671.229113066729,0.005364457359887556
38.0257147336217,0.12051128900017782,73.08015328497274,671.2292522134969,0.005080295486597962
38.02123024208383,0.12046193617734928,73.00821656551236,671.2253430153089,0.007300793721879621
38.01688868991004,0.12041745708265683,72.95156664088607,671.2169561923978,0.011525178944599698
38.017571997389446,0.12052782963485228,72.99168664063566,671.2271864606812,0.005735484402581177
38.01869662034774,0.12072336557563508,73.05315766577307,671.2393976236539,0.0
38.02388449493905,0.12037960388311492,73.03322596107046,671.2271918491213,0.009173309885299645
38.0320923130533,0.12029528785191712,73.01156572394224,671.2234004873376,0.01176594112451325
38.03964274136571,0.12037913932642033,73.01043641977608,671.2253039281162,0.010015072337894485
38.04668922609352,0.120357876116524,73.0209282828919,671.2253863537363,0.010215049637853297
38.05293714771296,0.12017929059434419,73.04710036419235,671.2229323609913,0.013241064379664167
38.05568055158821,0.1201646957864565,73.04863901403638,671.2224574788964,0.013615264281003256
38.05809550371588,0.1201322014706423,73.03816856439413,671.2211888879475,0.014524515663398822
38.05587902984077,0.12014369754903674,73.00378960177288,671.2199162655196,0.014948789861314284
38.05403643149794,0.12009775545400501,72.97008068622151,671.218458636074,0.016056126043592876
38.0483386865978,0.12007414672292219,72.86810256218256,671.2129720340375,0.0186946017293098
38.04258545875693,0.12007259129327723,72.8596630783188,671.2125058181971,0.01891391703500829
38.03507729494543,0.12010940121771381,72.89678731344566,671.2152614973708,0.017308722408126646
38.027526256834975,0.12016673762290167,72.89269695997554,671.2133687034668,0.017567940156116957
38.0211605036423,0.12018671594285563,72.91777695430375,671.2190737586898,0.01478059020874177
38.01862246889133,0.1201873194123437,72.94185114269902,671.2215140325835,0.013688030636175526
38.01635767469875,0.12023823607195737,72.95999813387238,671.2250777857121,0.011548712272998033
38.01957095723409,0.1203806493381073,72.9553705933008,671.2295689223843,0.007997004470835598
38.02337870599925,0.12040987293840491,72.95288767683539,671.2298544575552,0.007553227312497995
38.03157099755346,0.12043708344467721,72.94737073679917,671.2299017914205,0.007236237783126059
38.03995806744899,0.12034516021512795,73.02188334140727,671.2322612715947,0.007261723383295076
38.04832675819458,0.12032549855990261,73.00287176617383,671.230329872544,0.008314385380186204
38.056244584523306,0.1203325431813192,73.02360422310703,671.2320654246921,0.007491064134862258
38.06124453626392,0.12035022638927265,73.04637986943597,671.2333178700842,0.006775496467913193
38.06648396687982,0.12041546009182232,73.07234351153156,671.236414781661,0.004737642804584479
38.067176694330755,0.12047707471109892,73.07086746178825,671.236810606384,0.0039049988537419697
38.067462070917315,0.12042357433625078,73.09224324764713,671.2374892394399,0.004201342733250806
38.06373893238725,0.12042637144105768,73.10465955465234,671.238355177407,0.003806168432815588
38.05669168028559,0.12042222403287015,73.11059498466369,671.2380141240508,0.0040039910122894465
38.04947158243349,0.1204071679228931,73.11521077280777,671.2382479292751,0.004065481481805037
38.04097382594577,0.12038984524179588,73.1081777640076,671.2368253222901,0.0048611525207157774
38.032022841335625,0.12034242280614818,73.05541503191391,671.2235181827704,0.011115626128724904
38.02611976476164,0.12041083727400616,73.07412769982636,671.2292860399714,0.007881910403220348
38.02036499332782,0.12064280179187838,73.17708415277646,671.2500540855935,0.0
38.02183506365684,0.12064091823927083,73.18345239233317,671.2504202601054,0.0
38.02412769464077,0.12054757770221318,73.26175743142304,671.2632183714531,0.0
38.0323526887536,0.1206158062560019,73.30139503230615,671.2818528247142,0.0
38.04099189565851,0.12057491861400293,73.26806848418357,671.267408178091,0.006604864780808776
38.05081373760104,0.12049691846384655,73.20376583522291,671.2511398704635,0.014391254152857835
38.060011012836576,0.12038940377671585,73.12186630584044,671.2370267263505,0.02155608303900941
38.06622395605309,0.12040337750247815,73.1296801657578,671.2385015796888,0.020775551769568624
38.07181423326622,0.12040554081577112,73.13301134710265,671.2386297231817,0.020702866937852598
38.072729457377676,0.12035550536096344,73.13208596118477,671.2369839928509,0.02194158724917144
38.06908808753438,0.12030623878190752,73.14063286447781,671.2361597947513,0.022819743896225736
38.06529797039269,0.12026014257332081,73.16325836858469,671.2358613337382,0.023450752519834327
38.058090751646496,0.12035541509504896,73.11613435695331,671.236547200259,0.022115201723686948
38.05027681100586,0.12038053471411184,73.076615044306,671.2336677834205,0.02309031549511354
38.04136261277299,0.12037918089451083,73.06560023635568,671.2326881998623,0.02352637950766749
38.03183011271912,0.1203601655920289,73.04442192525812,671.2306565792796,0.024604579823643582
38.0262523428492,0.12038283889900961,73.07391157732957,671.2325541468388,0.023552972712740167
38.02125253159562,0.12039858419703008,73.0715023837157,671.2312625854795,0.023951861829617855
38.023284483734734,0.12035548429866609,73.11568859358408,671.2372372785743,0.021815951772947532
38.03160165727813,0.12036094756604353,73.12668835244665,671.239888916519,0.020598503264554542
38.03985081834364,0.12034790270025916,73.13198429715109,671.2391070237969,0.021086831491473505
38.050938055713644,0.12035205145656931,73.12736855915232,671.2385409004869,0.021286782442607736
38.06158524658648,0.12041064253351665,73.11673463593748,671.2393666081947,0.020290281681761366
38.07002396371689,0.12036530714141616,73.13113762741618,671.2391027534707,0.020905768865326226
38.07769790981473,0.12038022683659277,73.13490982952729,671.2394389113264,0.020604829583340117
38.08025796325956,0.12038741864575649,73.13283539862557,671.2394471655969,0.02052232897687256
38.082599684157806,0.12041225343583105,73.14161393724123,671.2404008389841,0.01985375978349188
38.08012842521349,0.12040848669821716,73.14890526836139,671.2409389134878,0.01966755655278524
38.073759665762495,0.12037784312978236,73.16815891967218,671.2414106910403,0.019809633799889766
38.06657967452221,0.12040887435467292,73.20870739079342,671.2438262826108,0.01847856605947129
38.05719866986112,0.12041828975345559,73.21030775366525,671.2433066448679,0.018602875255926812
38.04744634826205,0.12035794881929182,73.22823566413163,671.2425624854045,0.019584874033618603
38.03947328693963,0.12025019203788012,73.14569621714816,671.2229587837244,0.02908793569430558
38.03177656007543,0.1203006377000943,73.19008980392807,671.2318097472049,0.024756094145435475
38.03059553573502,0.1205927379052718,73.2919248918828,671.2580160549201,0.010394958388260375
38.03023248788865,0.12096453420142064,73.29220928429149,671.2589432023677,0.005729887110682295
38.03718588573727,0.12088319747344797,73.33613885293565,671.2704387332802,0.0019394955489957086
38.04415395333147,0.12092326162505108,73.48978316562955,671.3074269510587,0.0
38.05438024118825,0.12103745440772255,73.50180397181416,671.3176642323839,0.0
38.063148163542806,0.12093053161261116,73.55383057920075,671.3177408342086,0.0011690766717882299
38.071189978968036,0.1208725041614289,73.5837286136728,671.31782717015,0.0017875522427646573
38.075213248896304,0.12084083408654522,73.59656035178824,671.3177971960793,0.0021466543172862585
38.07858854478232,0.12082960738900024,73.57736343435353,671.3152050476323,0.0033133819446993043
38.07711876480771,0.12083858483759011,73.57674852115208,671.3165673819202,0.002651227228947884
38.07564539285994,0.12085109942213637,73.58251951447191,671.3175643485888,0.0021116115160297742
38.070001542529965,0.12083293244205673,73.60605613016016,671.3179634102349,0.0021698865457559
38.063802614950944,0.12084516570860017,73.61212823382024,671.3185857161985,0.0017894514501381514
38.05576646836696,0.12098653562424362,73.62777404350881,671.3218522384757,0.0
38.04668224115864,0.12090807430684761,73.65511745591768,671.3247588481246,0.0
38.040304533045116,0.12087756207836516,73.69661905584559,671.3279802603168,0.0
38.032884607242174,0.12088118638964075,73.71592252384823,671.3304822299456,0.0
38.03178646171053,0.12086663198875693,73.71709635447102,671.330782345608,4.0687428184298455e-05
38.03192099010752,0.12087377520013699,73.70939900302507,671.3306675831607,5.7804960726608976e-06
38.039280401892476,0.12086422792677641,73.71750266301311,671.3307584900881,8.697686421738939e-05
38.04914603728557,0.12086570798706577,73.71583519366408,671.3307056853143,9.720584893425615e-05
38.05836110269877,0.12085670211325025,73.72984049948096,671.331240891727,0.0
38.0664798984822,0.12086142287623039,73.79491245543277,671.3336749263453,0.0
38.07373062139268,0.12091648908802143,73.77780422812407,671.3291623111467,0.0012239415870286226
38.07670895483567,0.12092350722804833,73.76037455643575,671.3282144675999,0.0015142047702459915
38.078853101942315,0.12090771318234805,73.84036264553094,671.3328629431642,0.0
38.076288635290254,0.12094919979938186,73.86581863033184,671.3364073865764,0.0
38.07291769950599,0.12109530627490557,73.78718037604897,671.3301548574102,0.0008443808980753379
38.06634752458555,0.12098724014751625,73.70441351764387,671.3012222579225,0.013525999431748682
38.05893887449303,0.1210041034782184,73.72347859620915,671.30507572372,0.011806245325028702
38.051097268920806,0.12131967660522255,73.83978687830778,671.3343164215439,0.0
38.043329630766266,0.12149481572112142,73.84344524622432,671.3225337138964,0.002679036954297796
38.03859127742862,0.12147763324944508,73.89823200170852,671.3605187999063,0.0
38.039691545730264,0.12159730506673543,73.93568368090955,671.3851854858967,0.0
38.04094341204596,0.12172952498745435,73.92140665997412,671.3915491731659,0.0
38.04724249797225,0.1217270174918424,73.95392179005538,671.394136296105,0.0
38.05412881623817,0.12157632551845303,74.06687290983503,671.3974801282609,0.0003834559427492247
38.06229686928326,0.12147097670935711,74.10094230845058,671.3973752379246,0.0016132742316737221
38.06958693853898,0.12147534089427311,74.10340221375256,671.3980650794614,0.0013002015549111114
38.07406090221034,0.12146346146576598,74.10957859124457,671.3980971719881,0.001425553596024822
38.078356775007755,0.12146408255415397,74.11121179236399,671.3982119303636,0.0013759171022672142
38.078259746430824,0.12146783879659413,74.10564743865821,671.3980863879935,0.0013769003331285533
38.07423747006315,0.12149733695305852,74.06817103013881,671.3972001660732,0.001365295520788948
38.070083385044825,0.12149208252326563,74.13863841461799,671.4020550425964,0.0
38.064073588659326,0.12146037062131593,74.16571667916593,671.4023758338044,0.00024734008190627676
38.05759072703466,0.12146400985210423,74.16737288489291,671.4023892137332,0.00020351064413903617
38.050163258426814,0.12147639580854486,74.13719305380903,671.4010042346547,0.0005798495235323535
38.042305378869116,0.12149766620476493,74.06481707967453,671.3958359625602,0.0023052784220797384
38.03641823784045,0.12145377963514464,74.16192219031875,671.4057623912904,0.0
38.032300147481784,0.12147031964884167,74.20503504479723,671.4062736861927,0.0
38.027730533408494,0.121512723076791,74.20667336055939,671.4041596776718,0.0003715794866744875
38.027527960286186,0.1214977384986645,74.20470324258685,671.4035692562329,0.0007643019982203703
38.03109568247461,0.12153360572144097,74.2508497872015,671.4093001134975,0.0
38.03512278991059,0.12153306207256846,74.25268146440447,671.4100881873925,0.0
38.040857957020805,0.12154044207276335,74.23965613617314,671.4086482837515,0.000469965980368882
38.046326424679954,0.12153583655328011,74.2261973376779,671.4071276364723,0.0011009987883599862
38.051564830296385,0.12156646655880632,74.26872185119933,671.4107565132364,0.0
38.05500470267292,0.12162936516592326,74.261666693075,671.4120464509133,0.0
38.05706486054553,0.12168023932105354,74.23605892859426,671.4114558498183,0.0
38.059285865932104,0.12172927382517637,74.19249123398892,671.4097230050514,9.10328899816583e-05
38.05916110494945,0.12172676861593217,74.20277847743274,671.4100869886104,0.0
38.05633243592149,0.12173746657643875,74.19281192206265,671.4094872917327,0.00010493322422965308
38.05318577852247,0.12175774176366408,74.16099937138755,671.407649656919,0.0005606947000625525
38.04898704900751,0.12173159645291953,74.21143308422369,671.41132751361,0.0
38.044720516519725,0.12174979737157975,74.24217123552674,671.4151781804392,0.0
38.041649068877064,0.12174498724621474,74.24282212396211,671.4157107400179,0.0
38.039021096967375,0.12170273310402947,74.28842626542324,671.41851124776,0.0
38.03910775020668,0.12169990181560739,74.30152711524921,671.4193024417874,0.0
38.04079943440388,0.12171024374822803,74.31690549638982,671.420482404025,0.0
38.04222978322199,0.12168450226147151,74.3086610947109,671.4194272883641,0.0006770196317966689
38.04483484012184,0.12166039960401402,74.28155038948344,671.4174969268939,0.0016506802183908031
38.04745403948703,0.12163793080196868,74.22923018656678,671.413246215027,0.0034718362968995994
38.049821016482376,0.12162318558824414,74.19605438563724,671.4103077194686,0.004727060329862845
38.05056980372502,0.12166024537663123,74.19899802747358,671.412179977994,0.0036054800964187787
38.05096403006899,0.12167949619104163,74.17020292575499,671.4102598557131,0.004103539438987091
38.04957664521632,0.12174050734992488,74.06224508259864,671.4033385247772,0.005983835986413293
38.04569903104147,0.12160939089614818,74.19107678028809,671.4117624906755,0.004299736284408098
38.04294853108717,0.12163816212975836,74.22607770743345,671.4158166753002,0.0024623352977738164
38.03986327179092,0.12169253477420912,74.22528254924043,671.416201523815,0.0017188934273139884
38.038339103212834,0.12161600766346399,74.26452564562719,671.4193232604977,0.0014078969820995506
38.03686426783324,0.12159638847652994,74.26104876473225,671.4202530475216,0.0012649295353136223
38.03637515941884,0.12160464688648517,74.2932627738781,671.4242533661053,0.0
38.036062037849774,0.12161802873965805,74.2881273712219,671.4240493830952,0.0
38.03749878253058,0.12162002845756836,74.26490609962913,671.4229627950108,0.0003638948079740262
38.03888980468422,0.12161960045012166,74.24245102862496,671.4220736881601,0.0006795050736024173
38.04041642720187,0.12159295779345301,74.25301584018368,671.4221597933704,0.0009503247317460924
38.04155271848277,0.12159000885157939,74.2396977921957,671.4206322714184,0.0015466076910903516
38.04200775910784,0.12158608253677439,74.28766867187062,671.4259457547541,0.0
38.04259045220327,0.12163552506942125,74.3026467265239,671.4297437379669,0.0
38.04186200448089,0.12157984971815122,74.32637450370198,671.4293528750204,0.0007860083468412924
38.04010629235792,0.12158935026098813,74.32941642721107,671.4293238918754,0.0006980137751237375
38.03793932184223,0.12160085878612875,74.31924192365508,671.4288395847975,0.0007433521665055951
38.035518360464415,0.12158172471270681,74.32919762950131,671.428955562175,0.0009201777506363223
38.03310923586279,0.12157193585365642,74.35412320892769,671.4299377839587,0.0006866374039057288
38.03180330564456,0.12160404191014869,74.3847764321419,671.4319253715839,0.0
38.031337611426515,0.12157055518477587,74.41198269667865,671.4358486004851,0.0
38.03185918554144,0.12157656101057757,74.40343791655827,671.4318142508862,0.0014381773498816075
38.03317991222767,0.12159126843520156,74.34208824442965,671.4249627933233,0.0037759211653381787
38.034821826145865,0.12158390897827386,74.35716550315945,671.4254632625743,0.0036862605315243985
38.03658011229183,0.12160240940199682,74.37325310408464,671.4275445330654,0.002722847192684295
38.03765106761485,0.12158429256879358,74.36025496773152,671.4266743427725,0.0032310590610077797
38.03852712668403,0.1218027364169637,73.93877662567613,671.3856653979742,0.015732805358941115
38.03895946532285,0.12042582173478979,73.9905943982999,671.0900318513292,0.12867267528457718
38.03870111227804,0.12216396347804673,74.07852690123313,671.3045436228404,0.03208348106645359
38.03728772529069,0.12267877656374851,74.0702498439386,671.3396131616892,0.01394027520859853
38.03593838034699,0.12303822618083683,74.03342585978211,671.3478882477767,0.00751057977084505
38.034932018112194,0.12308431075327221,74.02831270714991,671.3473964916157,0.007218964295714688
38.033274787990294,0.1230668040672843,73.96528103535732,671.3138771749537,0.020169920628165444
38.03153795333759,0.12324292221484813,74.03699672626072,671.3488693921086,0.004999889035570311
38.02972980047551,0.12359938810322851,74.12182893811512,671.3863951060225,0.0
38.02789434219216,0.12395747818323288,74.15997704653455,671.4091042875569,0.0
38.026590163487946,0.12421258987219552,74.15601131100132,671.4196787042644,0.0
38.025589548015574,0.12441464595217654,74.13093794576429,671.4251872632346,0.0
38.024476936163815,0.12472791068368408,74.05678917171964,671.4287972572513,0.0
38.02381153560388,0.12430313317322944,74.20676458632134,671.4299979921781,0.004451093410469775
38.023945682149396,0.12383444633777314,74.31764175937332,671.4286442465096,0.010307934693503147
38.02401866029146,0.12349379461579471,74.31561585108383,671.4175309732893,0.01830418056826594
38.02430799480527,0.12351842045385947,74.31220456967799,671.4194771123168,0.017224654903251695
38.024547404240806,0.12357406335537091,74.32787292307636,671.4223545751443,0.015488298135121066
38.02458392511748,0.12370048046292426,74.29626308672297,671.4244133257229,0.013216259416121685
38.024623018996614,0.12380670176573379,74.20637551701819,671.4132123109393,0.01610879717768443
38.0244649860189,0.12381089679261588,74.39580987363681,671.4505630911942,0.0021394539544749604
38.02351055499723,0.12393402602139765,74.48115069287516,671.465999894849,0.0
38.02127894098393,0.12340726540768603,74.46257082210188,671.4383401704239,0.016225280737796204
38.02015454470425,0.12328178704311979,74.41551750021634,671.4138602349307,0.026689054328435106
38.01878327628583,0.12309675457115242,74.31845335859624,671.3833589531495,0.04008789678156307
38.017651375549626,0.12353510626563341,74.46625762151103,671.4149485103538,0.023499700401097907
38.01697372588397,0.12407032751522838,74.51934990909982,671.4376202625215,0.009141262258535208
38.01643983698479,0.12432936925508807,74.47837962558255,671.4334316653232,0.007730974555801252
38.016379635614456,0.12419450590242646,74.55579642803679,671.4434145678167,0.005633831535189437
38.016295211555786,0.12414675172261845,74.61468597364082,671.451808513293,0.0031446483607253453
38.016051296084484,0.12418279943816221,74.68480765997936,671.4646656155246,0.0
38.015562253405136,0.12418734816446184,74.70055850017141,671.4669902577212,0.0
38.01509216003534,0.12421072947060767,74.70866081239414,671.4688617025353,0.0
38.01434892973917,0.12420854396007747,74.73478421620786,671.4706947344799,0.0
38.013631075078216,0.12423244698243932,74.72473819554502,671.4686994746891,0.00046249894032444764
38.01291206300021,0.12421809330630533,74.72404792570485,671.4689074427257,0.0005505109986340031
38.01190851057814,0.1242319622489235,74.84520157866737,671.4801990996681,0.0
38.010906440563,0.12431914661623698,74.86091520498253,671.4741656628811,0.00121386507610763
38.00986252298354,0.12431598075542076,74.85732604490288,671.4730773919596,0.001644457561874767
38.00879432664919,0.12431191667736888,74.856471471486,671.4727801283141,0.0018020413855826436
38.00785446012532,0.12435462312101983,74.8668116579843,671.477093507897,0.0
38.007118017981476,0.12439102957078267,74.83046249200454,671.4664430345327,0.003340112229111647
38.00667202251134,0.12445971534361533,74.90240341694715,671.487705055432,0.0
38.006193975500544,0.12462190896203511,74.96803526884906,671.5060626923034,0.0
38.005979082632386,0.12462417189884245,74.97165488053177,671.5065851198622,0.0
38.00572998373245,0.12442071101848906,74.97219161001732,671.4981141482025,0.0052520498385641825
38.00563799786303,0.12433874175567183,74.9705965101637,671.4953421279741,0.007138010859715104
38.005227593792576,0.12432935504807033,74.96994650914928,671.4950486265751,0.00734493874802853
38.004883925464014,0.12431429306442902,74.96978190803641,671.4947313868589,0.007622576314548494
38.004652978510165,0.124484934430406,74.90716376779655,671.4968322032648,0.00493546861221484
38.0039144892913,0.12440855755854455,74.96107977031255,671.4985943335314,0.005203733806708799
38.00312040011692,0.12435543525990062,75.01239904247596,671.5004141079552,0.005194092964904425
38.002160388321414,0.12435042001454048,75.02291822460975,671.5008927188577,0.00508882975309592
38.00121422378471,0.12435442819522505,75.0164795686945,671.5007005239389,0.005105817948813561
38.000131827021306,0.12434760644031861,75.03135632785246,671.5015208047773,0.004908616287619791
37.999080709840534,0.12434991121530067,75.07708533535248,671.5036498813101,0.004185448825193044
37.99799577036073,0.12434058914124568,75.09825553926727,671.5043292950556,0.004073907872099229
37.997249267975555,0.12434995333426963,75.09716552897814,671.5043744029022,0.003953973961698462
37.99624852305524,0.12431601155747313,75.11094817349016,671.5044098987696,0.004330801699759053
37.99625714179447,0.12432107665278322,75.10664436330848,671.5042382028665,0.004331218790419523
37.99600348736482,0.124301012437827,75.12836308437082,671.5045501845448,0.004468884113499194
37.996446406402846,0.12429937995861039,75.13031259656226,671.5045926075093,0.004474229851241171
37.996788351488604,0.12429884101593845,75.11791388941788,671.5042386456782,0.004589286692531608
37.99721242019557,0.12429951957122415,75.12040241817509,671.5042647912184,0.004576335699047311
37.99727366688703,0.12430081542101752,75.17213115951378,671.505279461037,0.004271121334444604
37.997270335532406,0.12432178870923083,75.16887190399505,671.5040163261282,0.004480471029773855
37.99656333849282,0.12430939461229777,75.17786792776675,671.5047976237978,0.004353642953578779
37.995720306746854,0.12430679647797063,75.17641111799453,671.5049567249367,0.0043246122338337165
37.99448469956712,0.12429576197016916,75.20004963379263,671.5045499472177,0.004618445746744335
37.99308517938265,0.12430924024523875,75.18909817954969,671.5045997056118,0.004439517760535214
37.991429224202356,0.12431549417828096,75.17844558932862,671.5039472061945,0.0045854931065440335
37.99000189532621,0.12431501655255284,75.18736380619923,671.5043251085675,0.004471147457414106
37.98886893430277,0.12432450487637571,75.19853204190086,671.5050308002218,0.004135647081286067
37.98792246792837,0.12433130057650477,75.18741883957995,671.504682938624,0.004168369726150867
37.98762183757394,0.12430727027596614,75.21063119399517,671.5050532736244,0.004332702402796418
37.98780395285038,0.1243416214809877,75.22191406588485,671.5061833508915,0.003577583578912021
37.98832746992841,0.12438074901427659,75.19743656486496,671.5053725881669,0.0033976663625446338
37.98887521258012,0.12440673113989999,75.16852376020597,671.5042913370494,0.003449755024951674
37.989358773765275,0.12441610986255093,75.1561969842727,671.5039848376662,0.003437067100479602
37.99003691196911,0.12440801390095609,75.19625652722122,671.5054582428919,0.0030684907747124315
37.99004693902668,0.12440407830118645,75.19721083044695,671.5055354773448,0.0030864923880318373
37.98964565005379,0.12439295147258085,75.18061388615993,671.5045912723064,0.003512363138965805
37.98853794771827,0.12439379747213276,75.19485906415404,671.5052494233719,0.0032948812521648523
37.98729490700899,0.12438764708513785,75.16632574823801,671.5038809243605,0.003796000557652209
37.98558658958649,0.12438035136124447,75.20273686450913,671.5056813931142,0.003304266230410107
37.98401267519039,0.12438986951091942,75.20351306115852,671.5058817679171,0.0031319942518787365
37.98244693035059,0.12437350346013955,75.20229884423031,671.505440726536,0.003461344716332797
37.98095804559421,0.12437063422095701,75.2084677127149,671.5055942650874,0.0034481527132576516
37.98063578385994,0.12439206149144869,75.19676307048634,671.5054719872393,0.0032394591817391603
37.98024592251525,0.124309410922653,75.28982147406249,671.5088078059798,0.003128929079623311
37.98052789345266,0.12431753959591511,75.29657304730259,671.5071303654765,0.0036201143950093106
37.98113690516422,0.12431476515604925,75.30155288828806,671.5077265859906,0.0034541409721771618
37.98167307439222,0.12432018515470272,75.33025185783467,671.5111120183601,0.002280250209733559
37.98212008335383,0.12434111856424106,75.32719933180907,671.5113804865025,0.0019538009943717294
37.982289097114815,0.12434996594670583,75.31193001002565,671.5095907632492,0.002440466334109359
37.98197175577992,0.12434298770249692,75.34328179560535,671.5124745765154,0.0015836010123563694
37.980865690858664,0.12434090554227725,75.33216555468097,671.511524313163,0.0019128379027902325
37.97939770748411,0.12431375151383327,75.28976363106608,671.5083859274915,0.0032149299837057237
37.97766320120063,0.12427817096375474,75.21378960380777,671.5039976913557,0.004987767814582768
37.97558139810603,0.12428936759479732,75.2867066057578,671.5075679244478,0.003753003386245955
37.97395717691299,0.12425373870412786,75.27516258009004,671.5068085449132,0.004385435898307847
37.97273281976203,0.1242368665984253,75.27372305108625,671.5064996612069,0.004673106546590536
37.972606732069124,0.12416077472423344,75.28500085501587,671.5060105908713,0.00568737239157502
37.97262493631705,0.12414929689763239,75.28946673601271,671.505964925937,0.005834700304670722
37.973468843130284,0.12415892106261382,75.28769068391925,671.5060083512691,0.005712574339906423
37.9745784967567,0.12415628303300673,75.2864915199558,671.5059290752453,0.005767034986746449
37.97584268271133,0.12413706528241354,75.30577582051166,671.5062401084103,0.005898275821431971
37.976811780536956,0.1241562095073821,75.30056829338494,671.5064397322618,0.0056144712316347585
37.97712998893018,0.1241599954543583,75.29723964546824,671.5062710794624,0.005625395923295913
37.97687826132619,0.12415139161588462,75.3186422644719,671.5071340336266,0.005457878181939035
37.97565020230867,0.12415321590427893,75.32147676123114,671.5073651946099,0.0053639579401535695
37.974012977086595,0.12415448238935096,75.30773911353717,671.5069261602711,0.005479250433363009
37.972013316102505,0.12414501405713763,75.35024263679189,671.5081138222062,0.005240855566444729
37.96990503991084,0.12415025533213858,75.35777615881743,671.5084206578537,0.005090599853266766
37.968027797360705,0.12412360402846281,75.35635431887412,671.5080492958723,0.005505270255071823
37.96645625832806,0.12409278179986333,75.33334502023847,671.5069262872025,0.006188383168657786
37.96632523326824,0.12410020498187885,75.3878102889626,671.510173823768,0.005094798159231458
37.966590366329676,0.12405027239982508,75.37993462357865,671.5083672177268,0.006234947535688994
37.96783369403702,0.12403863347977336,75.35286494679634,671.5065031633554,0.006948258322672083
37.96912546290306,0.12399544575885815,75.28726316330341,671.5025492316406,0.008653032502493182
37.97040825502492,0.12400217379270692,75.31858023332535,671.5041999986843,0.008069872960943053
37.9714495480145,0.12402607377479155,75.33117897908437,671.5049116019118,0.007587125101536592
37.97124410854686,0.12400492807768568,75.34272268076629,671.5064742149696,0.0073156497980015655
37.97097507262896,0.12399108456221132,75.36386909563748,671.5082122139834,0.006918543719964885
37.96938659134746,0.12398231009712436,75.39887531301585,671.5104314777262,0.00632469802687171
37.96738233335437,0.1239940689348925,75.42574667303418,671.5123123715273,0.005607535630408302
37.964957820135695,0.12398135699315037,75.41650781013976,671.5115688774199,0.00598093559282457
37.96249612308033,0.12397892134714644,75.40436136476701,671.5112484858809,0.0060977067951017636
37.96123352426185,0.12393652821317974,75.38624223878844,671.5100291528651,0.006942383083158373
37.96002790228535,0.12390070182766685,75.31230940913225,671.5052379520007,0.008817602999336803
37.96044702481181,0.12393553035149689,75.40898134092129,671.5122011890725,0.00626498905028284
37.961548484728276,0.12390237423985623,75.39455634514742,671.5107320228373,0.007094913353157427
37.963415581461206,0.12395356190560018,75.41009005023663,671.5125028260748,0.005969523343978475
37.96501385750625,0.12405163116105088,75.40254091816738,671.5120531168425,0.0050247371852108706
37.96632461092378,0.12401582361917729,75.43232653715731,671.5146853346206,0.0045995256649425074
37.96706232161251,0.12398505189370207,75.47923480013021,671.5186748828028,0.0036997448795459817
37.966641987129705,0.12400420685743349,75.5084355744608,671.5226111191148,0.0022461411947096678
37.965820728004765,0.12400134433603736,75.50268935908194,671.5227321388536,0.00223160731312974
37.96387506078015,0.12399116017030502,75.5248866093939,671.5241430431499,0.0019173877027954382
37.96145320317726,0.12399578269029538,75.53735493424475,671.5254633171612,0.0014577088414797928
37.958827854161406,0.12398906931397556,75.55914028211566,671.5258738230606,0.0014269365634553975
37.95660820047226,0.12401792666809765,75.53531361592454,671.5255254739814,0.0011907730552437063
37.9551087135253,0.12405487306662773,75.4626094991808,671.5206674690236,0.0022496194378804563
37.954931530606,0.12403555214645413,75.58203213504262,671.5302439893674,0.0
37.95531783189783,0.12407795683193001,75.60232153680364,671.5327727474915,0.0
37.9565252429615,0.1241074385127937,75.58575075455592,671.532277331996,0.0
37.95782660457378,0.12416001578056608,75.53421099640069,671.5305568191222,0.0
37.958936738310385,0.12421366574556958,75.45605805068904,671.5274892185769,0.0002849291284757957
37.959614450888004,0.12420234408810296,75.47515198003461,671.5281698749677,0.00021783856690867076
37.959373760204805,0.12420868355179826,75.46357517958039,671.5277629105007,0.00026197393586036726
37.95836632242343,0.1242369391723126,75.475027466889,671.5287221858019,0.0
37.95671262784686,0.12427127401258463,75.44588347394122,671.5261523276777,0.00040118002915735015
37.95456114678544,0.12427533217986825,75.42474882783567,671.5232326997028,0.0012562726045403122
37.95239173930488,0.12427013574023374,75.59883557483498,671.5392294038795,0.0
37.950404694761495,0.12430085799475274,75.61622263555203,671.5408342232378,0.0
37.94944266714066,0.12431631302080279,75.61255262820333,671.5406835644759,0.0
37.94960894177965,0.12432670197190054,75.5975884075986,671.5392976541841,0.00030269982339025937
37.9504706160325,0.12433990701598568,75.57710137271839,671.5383724684865,0.00042242707449273507
37.95226539984552,0.12432708254849126,75.57370831659084,671.5381058914226,0.0006438417090613269
37.953739122242155,0.12432880601375933,75.57899807246108,671.5384789940751,0.0005145187153208135
37.95490026080359,0.12429050474459373,75.6277316892663,671.540345573155,0.0004100448563826917
37.95519774561645,0.12429427121078336,75.62972047022453,671.5403121692764,0.0003818169966458665
37.95488547678404,0.1242963137927925,75.63214836183634,671.5405174116667,0.00029783834514743134
37.9537918296835,0.12428572616134806,75.63192501107771,671.540383110815,0.00045638286058641
37.9518117388333,0.12427405185753355,75.65695257197646,671.5411765332785,0.00036885930094095903
37.94944760006259,0.12427202597513073,75.66225767579839,671.5414010912476,0.0003276346559395007
37.94694318631287,0.12428165903019844,75.67754855751986,671.5421163233367,1.7643510211984986e-05
37.945270158353885,0.12434411610420672,75.6653080971164,671.5415122645803,0.0
37.94430232440425,0.1243786546314436,75.62255243805178,671.5371764992555,0.000916787867627358
37.94468629666713,0.12435364022427559,75.68654896956406,671.5422003435186,0.0
37.94604023758644,0.12433948094189955,75.68259584161001,671.5406295539938,0.0006409786564061836
37.948009833366754,0.1243296246593243,75.68235070994841,671.5398259769945,0.0009998945785352064
37.94977841395927,0.12430005823823888,75.69004723564063,671.5387756190486,0.0016630538135079453
37.95106743267598,0.12427981103741537,75.69907604978246,671.5382541941009,0.002060450243951646
37.951440205312046,0.12424086974851786,75.72685330956203,671.5374959734505,0.0027620068771905806
37.95078707879956,0.12423491780191938,75.74445717217215,671.5383093249822,0.0025969723739923505
37.94964243106498,0.12424595128889425,75.74909213454637,671.5394174230026,0.0021360923496755837
37.9473696549355,0.12425154606942868,75.73052186839675,671.5383134480278,0.0023930112786970438
37.94465146283397,0.12424700248944982,75.74179489462688,671.5390830140383,0.0022189363711683976
37.9420587393457,0.12423892030973135,75.71841070293887,671.5378567406613,0.0026578311061649135
37.9402653332906,0.12425831879324886,75.78010634394754,671.5409488768802,0.0015664102093825693
37.93907548745136,0.12422915453834762,75.75163894517259,671.5399618312657,0.00215648525512354
37.938833190684946,0.12403546598438685,75.75833046456879,671.5394361077456,0.004461309312095707
37.939733616537254,0.12402723901547508,75.75298565274431,671.5384206363772,0.004854793446092642
37.94152910733544,0.1239985417892119,75.7521663915001,671.5318462752755,0.007165000844637532
37.943539172609036,0.1241320838033529,75.77530377438818,671.5431446703021,0.002288817258274717
37.94530473536141,0.12415889153933252,75.78590913844401,671.5439660268895,0.0017589501438409342
37.94625988119828,0.12407054248072817,75.83314505457179,671.5511097253342,0.0005841374161811804
37.94628661000121,0.1240101192896352,75.90945477521794,671.5607112170815,0.0
37.94538831112599,0.12400332370277045,75.9512732771665,671.5659843861208,0.0
37.943525123330204,0.12396727692081129,75.9557048278073,671.5639339860967,0.001038006194837962
37.940944581466326,0.1239482224272194,75.95446509085929,671.562925229029,0.0015580095237263311
37.938448528656195,0.12390959778525913,75.95001695277365,671.5611428147107,0.002527022949221595
37.93600404501056,0.12389026474875289,75.91677349275363,671.5580725557855,0.0036387297820023967
37.93484098977825,0.12388478801131683,75.90876346013474,671.5572932886134,0.003926454085826592
37.93432555065055,0.12387993617099251,75.91269190845907,671.5574027239338,0.003950316414385147
37.93456895593022,0.12390710708568023,75.93542216970634,671.5587174884315,0.003275953002500785
37.93579513288487,0.1238309488727087,75.96029471929381,671.5605278629214,0.003593692834912664
37.937651328754995,0.12379028665018331,75.9743146075301,671.5619738539885,0.0036180391316243507
37.939175014354355,0.12378541584035709,75.97295575969362,671.5617957568164,0.0037229894483359013
37.94025986613739,0.12377950751978718,75.98425396683861,671.5620074310344,0.0037370474468691327
37.94051271022536,0.12375850617696466,75.98572677551637,671.561840209308,0.0040201852423720555
37.93955222186243,0.12375406478689023,75.97769842785652,671.5617130693618,0.004096489229496115
37.93810799070184,0.12375035195704003,75.98056881947805,671.5616862370408,0.004148188881663544
37.93600821856626,0.12375891146971917,75.94085754039419,671.5588429428133,0.004865170310663821
37.93379561688336,0.12375615572587055,75.97006311268417,671.5633842284975,0.0035544170011453315
37.93254003924479,0.12374575357522094,75.95673113498809,671.561564813985,0.0042023258981765425
37.932734856854445,0.12373997701745439,75.95485967939358,671.5612798559006,0.0043491230687410015
37.93303074853193,0.12373998345089966,75.95327929168421,671.5611372987125,0.004389577432516578
37.93502755526612,0.12386094950155503,75.96764526238438,671.5651740677221,0.0018553741318420285
37.93679022957261,0.1239632897018074,75.96157272605473,671.5635099187459,0.0012158102744041993
37.938666839130015,0.1239591405301026,75.98373946273757,671.5644428477037,0.0010094498721263893
37.939988475209155,0.12394907640984527,75.9985457080106,671.565673182707,0.000770864734446207
37.940344503177904,0.12393201023755196,76.0234756564167,671.568193949083,0.00023694953704521827
37.93995032144831,0.12392237722138631,76.03278609625352,671.5690973417164,8.581930248113695e-05
37.938389160305,0.12391311387901653,76.05398744066598,671.5704446916006,0.0
37.93621111522247,0.12391319771254848,76.09560278217215,671.5726521231786,0.0
37.933659709008545,0.12394040535196602,76.11161039760145,671.574243444707,0.0
37.930999919136134,0.12392299662622597,76.11411670054142,671.5741507801732,0.00022271684096142853
37.92965608483707,0.1239238925417991,76.1314040872519,671.5742623429447,0.00020271337117270792
37.92836761272334,0.12392751708544811,76.13041050434106,671.5743638160308,0.00013171313027811226
37.92856484566227,0.12389273144990808,76.12450690376714,671.5739769671675,0.000621488245810325
37.929453046182736,0.12390418926300316,76.17300169661483,671.5822763353045,0.0
37.93090116098612,0.12393257553070297,76.22043260073708,671.5885657016388,0.0
37.93239594530129,0.1239552141701246,76.22558830340536,671.5901532200011,0.0
37.93298602901875,0.12377445895185032,76.24582634542182,671.5845822540456,0.003664491563230428
37.933298086873315,0.12372030579312228,76.21524460648685,671.5779138188209,0.00620002492393769
37.932484278522615,0.12367916887318575,76.1754536412071,671.5722763071515,0.008276972231490234
37.93131007359881,0.12367034596570764,76.1948412563207,671.5731155905202,0.008149125349495035
37.929301821276326,0.12371914588113445,76.22439762733997,671.5767231212085,0.006577818904960828
37.927282072567245,0.123778578993735,76.22071074152034,671.57723145619,0.005769531119851087
37.925836960637746,0.12375237619675679,76.23725536837819,671.5784363045796,0.005720660931109615
37.924477015939075,0.12362045027600359,76.3772854147516,671.5862793718386,0.005021778562231047
37.92411916797238,0.12360386666583449,76.36034462816616,671.5785959848197,0.00744782723918822
37.924479968854904,0.12357995938711645,76.3686951428111,671.5718746135473,0.009710022650535227
37.92536168287142,0.1236026654321823,76.44060755488037,671.5805508932624,0.006982545352944444
37.92637825613553,0.12363659788177735,76.44881871371578,671.5807982164445,0.006546671445117835
37.92704775215767,0.123586555283889,76.46962695961777,671.583500563212,0.006324944006036804
37.92746170870008,0.12355840182991222,76.49677447396543,671.5862171982127,0.005867231179188284
37.927137788800046,0.12355949467012972,76.51225804592274,671.5873714256713,0.005534498012700705
37.92638681261345,0.1235562120173587,76.49670685379841,671.5864917518355,0.005809510516297208
37.92492693537193,0.12356175592447763,76.51350282743564,671.5873890571031,0.0055062147634358065
37.923360533799645,0.12360773901340384,76.57470122889357,671.5907835491812,0.004081471642474115
37.9218702356539,0.12372154583841982,76.62970523416098,671.5945205378189,0.001802514569503446
37.920811068239395,0.12372643458746294,76.62256430090746,671.5940734559314,0.0018699633989474132
37.92063659710342,0.12356762486949428,76.60158966207487,671.5923093334529,0.004111565266139059
37.92045669464635,0.12346058357377956,76.5514815654407,671.5752123593827,0.01018686957978577
37.92122748380653,0.12347822556324445,76.55582098856564,671.5783434095868,0.009091630923470796
37.92231218509486,0.12346954414089947,76.5790727528987,671.5793155308961,0.008928378803809584
37.92301001252432,0.12344112613595074,76.5796457628673,671.5779373560661,0.009642819464747683
37.92352902264404,0.1234359917046365,76.58426986486295,671.578082689208,0.009660384372077125
37.92299496727042,0.12339394089748186,76.60426379567869,671.5783696052838,0.010062884183565048
37.92223884709768,0.12324248871099135,76.70969058025997,671.5817434825412,0.010862792698806334
37.92076384043749,0.12317163548054001,76.78351893847748,671.5843511742514,0.010965197196609905
37.91895923823681,0.1231761942771666,76.77942455036862,671.5843109171019,0.010923264541380914
37.91703407130458,0.12320123333250976,76.68324472944045,671.5804733710554,0.011655922298906345
37.91574077404314,0.12322533353155482,76.71333367000892,671.587788496519,0.009288172406387638
37.91539285559039,0.12329043098300943,76.78423620670128,671.5976692582149,0.005773236026248251
37.915207516765996,0.12334901543585221,76.79780331356216,671.6013292762625,0.0040762174571014505
37.915572836562305,0.1231618252168958,76.75946807357525,671.5925449066643,0.008652680712503209
37.91637129997188,0.12315249048038163,76.75041566465337,671.5925515098286,0.008741976414662267
37.916648033820984,0.12299449346216906,76.6414216030766,671.5768786335964,0.0148945563418033
37.91709441047255,0.12298065093966523,76.63885490352946,671.5763162626037,0.015206985405233332
37.91674357440107,0.12299884116645668,76.67621817593286,671.5792978717288,0.014184318252074644
37.91621027604887,0.12293524605437549,76.67093000377224,671.5774691197271,0.01540737968708282
37.914957081171316,0.12296544296581692,76.66147688404854,671.5779021649761,0.014938912970688422
37.913718414852966,0.12283353775445392,76.70672647116535,671.5777899222779,0.01647210081936471
37.91260414341271,0.12273599743795752,76.74863024793335,671.5779753263835,0.017537852750027918
37.911521552682316,0.1227112695277845,76.75192957430667,671.5778028333996,0.017862867814582045
37.91111616529926,0.1227473675318582,76.77009002181128,671.5787280225616,0.01722148573336421
37.911189933613514,0.12277694281129073,76.75211837848317,671.5746379027999,0.01807174233578451
37.9117305591885,0.12278248560594356,76.70644883869213,671.5702748296894,0.01922993275156342
37.91236060432242,0.12279384163074579,76.83719823406966,671.5827875177904,0.01560790447341426
37.91303276773778,0.12288039579217454,76.88563028495018,671.5890634375387,0.012880130081506305
37.91343950787985,0.12283304881089133,76.91659434595891,671.5892301877082,0.013398268520434138
37.913066612571,0.12274282248269847,76.93021986462324,671.5883715189849,0.014665683302243687
37.91249716737394,0.12277543225792317,76.95503878635152,671.591287154212,0.013489513988942634
37.91125616687731,0.12275950581956438,76.93735333226736,671.589595533831,0.01413438698848062
37.91000360284668,0.12274607059903168,76.87785373632816,671.5859111974787,0.015275419708835329
37.90847055335464,0.12274974635437105,76.88614309677867,671.5867471021086,0.015003615116820955
37.90699781379678,0.12267914832864951,76.85043610641092,671.5826628309392,0.01691580472513208
37.90634233949145,0.12270207748460515,76.89523967584778,671.5846082764065,0.016159021743337994
37.90592733130536,0.12274901473714567,76.9235158104758,671.5867776448276,0.015052265266360276
37.90634168647619,0.12271557190920099,76.96118597062218,671.5916284085275,0.014067001336978217
37.90683727730569,0.12270384613744717,77.00232143805759,671.5967637504393,0.01276645949562294
37.90706221875264,0.1226390156910809,77.03474846009115,671.5981696666964,0.013119874769672876
37.90720051046712,0.12262349653028422,77.04411326401281,671.5985508395255,0.013194066961392253
37.90693185263739,0.12261273709581061,77.0490694548958,671.5983713941392,0.013370756356915911
37.906260667961284,0.1225988255869499,77.07086542990247,671.5991059322013,0.013343128215007721
37.90524488433474,0.12259384203518733,77.0784599053794,671.5995571600888,0.013277514809442746
37.903938327183134,0.12259400601768018,77.10489793676891,671.6003483997299,0.013084089012002868
37.90274530808048,0.12257650542596227,77.06536597750954,671.598766924808,0.013677087984330226
37.9017183429071,0.12258969194316038,77.14036332639162,671.6056276568319,0.011673114613374318
37.90145951748991,0.12261535928906993,77.16216479687245,671.6080411316321,0.010731468663333566
37.90124683069737,0.12259232782492824,77.1566660142045,671.6070724154403,0.011253206139330386
37.90139410074138,0.12254060436174173,77.14656466916979,671.6053775360188,0.012291055064301105
37.90191645222231,0.1225504732819117,77.16175049098436,671.6063312329146,0.0119317256201997
37.90245832959428,0.12254157219436355,77.14882101344378,671.6057027246609,0.01219072180000879
37.90269968854211,0.12255362190705758,77.17043064600836,671.6064826651628,0.011866159107887997
37.902336966899774,0.12265580994720171,77.2287912734736,671.6096879619041,0.009913830611821686
37.901986141024175,0.12266357701122067,77.22716980473207,671.608745095422,0.010091216692236282
37.90107027693263,0.12266410133772303,77.21938931662588,671.608115199656,0.01025243129743209
37.90020382506814,0.122658608988366,77.20894461448579,671.6081895247254,0.010278919388702503
37.898851860401074,0.12265402427890137,77.24698423045838,671.6123700903546,0.009206500891243509
37.89771370278722,0.12266736341606371,77.24473160073046,671.610924193717,0.009460882946732955
37.89721454989056,0.12265819730630613,77.31991225571997,671.6193819239751,0.007295451225423738
37.8965372976434,0.12259538228134537,77.2720444845158,671.6111029678461,0.01023675183776808
37.896569469306684,0.12259890634758944,77.30699575279982,671.6146350096055,0.009257005368752624
37.89661667048876,0.12261602974138852,77.31045244299986,671.6158034225698,0.008747449410086728
37.89666427511815,0.12270884986821601,77.32076876615746,671.6198828708434,0.0066029554429426224
37.89666449939257,0.1227102785880406,77.31744027396005,671.6198387220256,0.006595428137054866
37.89632351211817,0.122710210267296,77.3123731635321,671.6202654502971,0.006471872890395387
37.895857356333096,0.12262038497337768,77.48536709509615,671.6324755236657,0.0043134342265443324
37.895162216904474,0.12262771222048616,77.48551512738163,671.6282583018767,0.005388166655861886
37.894640295612255,0.1225994073153279,77.5661552112717,671.6418168110798,0.002082326253143974
37.894014541125806,0.12266066823509049,77.53339207773237,671.6434350917042,0.0009143463564016557
37.8933903605234,0.12264722293876631,77.53900720256398,671.6459846972908,0.0003771432366364491
37.89288723308228,0.12266695889755076,77.6095572402646,671.6588948359658,0.0
37.89274390056495,0.1227762290907913,77.70980439221957,671.6752738120673,0.0
37.89251264778529,0.1227803680810204,77.74294525532534,671.6774043687628,0.0
37.89231150871979,0.12281796669412719,77.74551953311752,671.6783136530138,0.0
37.89185584177549,0.12279068321618036,77.75876663684262,671.6786194141215,0.0002346354030911739
37.89121703345142,0.12280737271245391,77.76849138219373,671.6794794248323,0.0
37.89062140485623,0.1228064770067157,77.76908192691347,671.6793575062856,4.3493582794479314e-05
37.88995799999219,0.12279610973555612,77.73234514689952,671.6774123338283,0.0006349106899210182
37.88933285305215,0.1227867361985973,77.64568908225064,671.6716663194642,0.0021781268024414283
37.88886643872187,0.12277913839485408,77.51022044915909,671.6625164057627,0.004561386335512356
37.88860370387337,0.12279582700633478,77.54170573090795,671.6650879953629,0.003723363194256416
37.888518136555525,0.12299495338304996,77.76503853109699,671.6828248699996,0.0
37.888657999691326,0.12314455916154149,77.76257717797631,671.6556818135116,0.005589933937333991
37.88882241566289,0.12311804854232256,77.77213122285539,671.659581512938,0.004846518315094399
37.889079053060364,0.1231399344590881,77.84070927865959,671.6815198432168,0.0
37.88896999172303,0.1231941157710367,77.83709754360876,671.6870191305272,0.0
37.88838737956982,0.12305693337343972,77.8839737479336,671.6845926505786,0.0022239472054015803
37.88759703697863,0.1227397246909305,78.03272987530717,671.6803826579429,0.007042026836661288
37.88667235179905,0.12270034221576849,78.0265818313353,671.673885184476,0.00922417944687275
37.88565799649879,0.12275274953935038,78.10081820818793,671.6887439192997,0.004720433013884586
37.8845136287556,0.12274459571966759,78.10926766409547,671.6890946006035,0.004724784013935483
37.88390261217935,0.12265859033888114,78.14258310669902,671.6877565810197,0.00607910248778322
37.88345642194446,0.12266020903080194,78.12431991816676,671.6860658120678,0.006495205340837647
37.8830224803219,0.12267485795468677,78.07060236901916,671.6820210324648,0.007356650942981494
37.88256119537,0.12267416184421694,78.12460459746217,671.6866072548883,0.006196032498546239
37.8823617407992,0.12269417123636597,78.15357193300497,671.689437067708,0.005250748148026864
37.88213714519711,0.12268863191921794,78.10911354567355,671.6876142565498,0.005743488043044941
37.881864435141566,0.12266581257960639,78.09904206242928,671.6867684153334,0.006208596861401274
37.88159502151363,0.12265615192509846,78.11214327015205,671.6869687902783,0.006278545617831307
37.881122357030364,0.12263186095497106,78.09979294216782,671.6861414188254,0.006751025678923388
37.88060037788502,0.1226701255811374,78.12348655119382,671.6872839267637,0.006056924195578305
37.88031192309132,0.12271370424768825,78.10524467770666,671.6848259348196,0.006214486731854021
37.88007218588502,0.12264389294697611,78.16838692714923,671.6904058040283,0.005567542048777818
37.879862023906604,0.12264868191129481,78.18314393748311,671.6909400734211,0.005390971052054625
37.879827943730454,0.1226938075249433,78.15449729316423,671.6914930491329,0.00470859164662068
37.87987835928033,0.12267667724475216,78.1817471945202,671.6945966971348,0.004106254373809745
37.87972717135321,0.12266236184976408,78.3124041027271,671.7062836160153,0.0013262428617806183
37.879498491467,0.1226933838159579,78.30579769121056,671.6961193548294,0.0036462053764726803
37.87920018051137,0.12266454068178861,78.44836700381964,671.7331833086151,0.0
37.87835732055094,0.12272333861424434,78.4563623050418,671.7419010207514,0.0
37.8774623529971,0.12275053274625444,78.43866074705036,671.7429511174637,0.0
37.87635521295341,0.12253532609812809,78.55844770258317,671.7411241186243,0.0030098944987898666
37.87546841921781,0.12252657869664242,78.55921918120788,671.7398357076169,0.0034476321463702457
37.87519819352628,0.12255973602175511,78.57900226215634,671.7442923807264,0.0019326207245681118
37.874941051089216,0.12250716702397402,78.57847635356427,671.740866524157,0.0034135467973374608
37.875166108107045,0.12249576811010822,78.5636303667925,671.7390468209835,0.0039992629440515765
37.87506640185377,0.1223871482600117,78.44554114985417,671.7272743717942,0.008140408971677185
37.875247571086625,0.12232578565652712,78.34107594749848,671.7047439780289,0.014633212801117075
37.875268477208756,0.12229634448624967,78.29273964472775,671.6971434977596,0.016909258815786646
37.875137705264535,0.12246262904882912,78.39669672454218,671.71530948413,0.010407118819059064
37.874799559181135,0.12253232706931487,78.40572549549465,671.7023130123106,0.013040038582702718
37.874453828438,0.12252812298978456,78.35694083137949,671.6626717877128,0.02346159586989136
37.87394985860655,0.12279555400321392,78.574943694361,671.7583582489369,0.0
37.87340067417562,0.12343719001804057,78.59007904828127,671.7929705837848,0.0
37.87286376677617,0.12354951282916443,78.55403052881542,671.7858575852217,0.0004726054134736595
37.87239546498363,0.12323878907067648,78.78421887732755,671.8242322970361,0.0
37.87194784826585,0.12319749669912257,78.84422597367755,671.8442760363243,0.0
37.87141748337184,0.12314662598775375,78.91278369197343,671.8491730053057,0.0
37.87092201837954,0.12315971446573279,78.90535546659227,671.8489415088419,0.0
37.870376494980455,0.123160865768359,78.90485574369615,671.8490961486651,0.0
37.869613850094595,0.1231601277486153,78.93632092142661,671.8517471923361,0.0
37.868808997493275,0.1231749957701102,78.96001768863883,671.8537756017954,0.0
37.867868997638176,0.12319734278598617,78.91971492327411,671.8527140476016,0.0
37.86745829278383,0.12317738785360359,78.95002863168655,671.8535688473247,3.6484314292056375e-05
37.86697869475638,0.12317628254441822,78.95980702654549,671.8538877508108,0.0
37.86650400853056,0.1231532547144498,78.96009108405242,671.8536862611597,0.00030221555582702806
37.866476656711086,0.12318305904539915,79.02565157030295,671.8568053795018,0.0
37.86664635303567,0.12321528416979705,79.05575919107808,671.8583688121377,0.0
37.866895107132514,0.12322049623690881,79.04010165581661,671.8578963913303,4.22877741394953e-05
37.86719649823029,0.12312789956338993,79.02022768452395,671.8559550140628,0.0015272804914315049
37.86712558756082,0.12315295763404904,79.04677465992542,671.8596772857404,0.0003295125971935291
37.86701456583251,0.1231396008673463,79.03406322635028,671.8582681346758,0.0008212203235805271
37.866212677277595,0.1231555379903135,79.06043175439662,671.8599912226144,0.000239953878033991
37.86542894947966,0.12309067985566197,79.05398665560517,671.8600906422951,0.0009188687754869986
37.8644755663553,0.12309700776404332,79.05246189952109,671.8601334402659,0.0008374746718319086
37.86366896897503,0.12310777015642661,79.04643279573702,671.8599882700022,0.0007500463431257738
37.86284947763931,0.12312077787227865,79.03077249547641,671.8592073122594,0.0007873642842760934
37.86217837827714,0.12308017238128391,79.1477383388815,671.8667391258517,0.0
37.862096855346884,0.12306116853425056,79.10661112114883,671.8633098041372,0.0010308541327055229
37.86211188251918,0.12304228544463953,79.04892688380912,671.8595725063817,0.002116381762428939
37.862021092637306,0.12305204997644334,79.05562920804411,671.8604424342814,0.0017964260167464211
37.861706165787886,0.12305994325669886,79.05470946424362,671.8605524194592,0.0016810684344700207
37.86136459202066,0.12304880580539836,79.09682839129435,671.8619624178165,0.0014994715080864183
37.86058622376512,0.1230520340137757,79.10211932184316,671.8620465370449,0.0014496428582462932
37.859740803302834,0.12299943717790836,79.11445795115756,671.8615775592237,0.0021614715045466994
37.85887070984948,0.12290454782890507,79.12808621473077,671.8605513185873,0.003480101351759992
37.85830497702701,0.12289673389806177,79.09687288316262,671.8581895197111,0.004127037651678514
37.85792609081179,0.12290533250152848,79.10025155707746,671.8588416426006,0.003870682314383285
37.8588104214423,0.12277360818807041,79.08033697352938,671.8538995333811,0.0065457912931206515
37.85940949092963,0.12278542774476019,79.13590227781229,671.8587607771552,0.005245635632441676
37.85998217777515,0.12282213961664307,79.1314722558463,671.8591959392347,0.004725021981276334
37.86045340105686,0.12287849123600793,79.0737651939089,671.8530725239317,0.005590821390234794
37.86065644384346,0.12287393594207037,79.10672705060811,671.8572615687335,0.004616489609650118
37.86086765626413,0.1228897611863472,79.13443833290567,671.8608435154879,0.0035674847527936513
37.8603638664675,0.12294589936694146,79.27794446680157,671.8728215459815,9.45104328657913e-05
37.859631903170865,0.12302104360943873,79.27541545795687,671.8687510400259,0.00027986418902108313
37.858849237876576,0.12310040941350267,79.22630900099702,671.8610777529938,0.001266243871902882
37.85768702423954,0.12304976837074612,79.29304280027675,671.8675507542307,0.00028656727424280636
37.85678094375608,0.1230460173919407,79.29281642114681,671.8676834827348,0.0002885726574743707
37.855919601997876,0.12303804553844132,79.31250134785536,671.8683249309264,0.00023731981552114724
37.855511745291416,0.12302361682456099,79.31975837423305,671.868201197625,0.0004366673393641456
37.85514595052489,0.12302400527948357,79.32690773316533,671.8687706240537,0.0002986919727408908
37.854781604947654,0.12302235787023728,79.45338060424446,671.877409787833,0.0
37.85416800753857,0.12304033924152748,79.47597014569446,671.879388316438,0.0
37.85339844637026,0.12299760887600816,79.44502760743491,671.8767807581881,0.0010796457541777818
37.85221484153785,0.12305393378833729,79.49546532176515,671.8826353999306,0.0
37.851007472579816,0.12316181025280824,79.51836582041112,671.8873924795462,0.0
37.85010204444585,0.12296155430615284,79.56525263761365,671.8871949083999,0.0023062434004214286
37.84910305411084,0.12287693361416847,79.52520919621048,671.8839242655024,0.003999222967904437
37.84886069063212,0.12286658479383127,79.52504810190315,671.8836740782099,0.004173747361548389
37.849069310959365,0.12290969502666657,79.60269025331519,671.8890566031238,0.0024558659478738426
37.84966003067267,0.12286378379862688,79.59232612750648,671.8891542043333,0.0029215112025874246
37.85028776004627,0.1228197992552964,79.61323106534215,671.889496916638,0.0033449517024606414
37.85104532229646,0.12285641051054229,79.63499342678527,671.8897971841441,0.00289626965088061
37.851160526270625,0.12289235876625254,79.60424869149682,671.8870404536088,0.003149703377717005
37.85077722474074,0.12289144748968213,79.60408503942594,671.8870424554497,0.003158548891322111
37.849957411068154,0.12288500100015844,79.63345649937412,671.8889437941874,0.002794385227273656
37.84863673962022,0.12288735315050475,79.67175275372365,671.8910272888879,0.0023010990250533995
37.84737002289517,0.12286392453841902,79.6640066095174,671.8910280328196,0.002547171014554976
37.84643725102493,0.12286184328134238,79.64632033636485,671.8905413241635,0.0026674420290703433
37.84543596975195,0.12285649231592263,79.66868816238659,671.8911877697017,0.002595516971684132
37.845157454737,0.12286898873569473,79.66901192103269,671.8911547307636,0.002467434305850282
37.84507766100547,0.12288427173164425,79.69239915735056,671.8920477545169,0.002110494265934394
37.8457413477634,0.12285927805652963,79.71309466895453,671.893071434126,0.0021577862286204117
37.84624651620894,0.12287636153203314,79.67599212616635,671.8883308388795,0.003094279460291614
37.84647816380634,0.12287030062301807,79.69963728108151,671.890970624744,0.0025387457918058763
37.84644359485807,0.12288579413729216,79.76135613259301,671.8975490822645,0.0008245347584558563
37.845843129045,0.12288665897144911,79.76260912131364,671.8975186467015,0.0008244552126713897
37.84509310582359,0.12281358251975931,79.78838610575094,671.8971407865848,0.0017541563319525546
37.84420815569755,0.12274112007057611,79.80906992196252,671.896304209625,0.0027846116964653595
37.843383548975204,0.12274591715773392,79.77754443650221,671.8927974592145,0.0035558841408295213
37.84305592635934,0.1227467487076542,79.84107502784101,671.8984395084698,0.00223982617331447
37.84288022771807,0.12275500114628876,79.84175374970897,671.8986185184668,0.002106199136732335
37.8431282942131,0.12267495170477836,79.8780642261736,671.8996350682847,0.0027821840093116123
37.843232988568516,0.12269196087523923,79.87707795000803,671.8996879985968,0.0025804054597324626
37.842816521682266,0.12264843395485196,79.95138055618257,671.9036663798767,0.0021793149246341513
37.842517013676975,0.12264392347942844,79.96772021341238,671.9048720852214,0.0019549016918981852
37.84134690961933,0.12265465164799118,79.99749957764976,671.9068814620741,0.001385628856808624
37.84002017031446,0.12269272051734205,79.98651155844415,671.906788808166,0.0009777296763000382
37.83867845861315,0.12268842611390453,79.98803040162963,671.9065902697753,0.0010750628611279854
37.837478319257514,0.12267743756379455,79.99481084293954,671.906682438782,0.0011817268986250768
37.83692105271841,0.12267507556467203,80.00136535806308,671.9072374346642,0.0010808720698951967
37.836558928083385,0.12268523431195913,79.99103981444905,671.9062051000045,0.0012075683546713826
37.83690898874844,0.12269265743327254,80.00519778625771,671.9077030998559,0.00078044818138176
37.837503106883084,0.12268700135083346,80.03364519622426,671.9093289624036,0.0004843717144956979
37.83793432494428,0.12264873090416963,80.0362902227478,671.9079643582144,0.0012378171921132788
37.838260305303926,0.12267435137839973,80.0558705089153,671.9095845369212,0.0005902299586564935
37.83801461799894,0.12254337857234227,80.08435086830077,671.9097610103024,0.0020170018685265936
37.837474518310906,0.1225462644106666,80.08821299267865,671.9100531975464,0.0019195392244637111
37.83660308559335,0.12253069160871946,80.06680976308984,671.9088549400727,0.00235261367907689
37.83554561410693,0.12252364287041088,80.0520034765944,671.9076767160478,0.0026963324379806184
37.83453407429142,0.12252413905648514,80.0434529670993,671.9073122488336,0.002768141586203367
37.83377534120177,0.12252913385039854,80.06494730002451,671.908155217892,0.0025378362775204475
37.83348332357618,0.12242344870712821,80.03251181115058,671.9072841739451,0.003859117935063416
37.83353218358796,0.12242618256000927,79.88647849792979,671.8918519456614,0.007382019362588392
37.83384936706156,0.12243046586531403,79.81356352643108,671.8822858214064,0.009569981512666012
37.83406867978287,0.12243490121515635,79.88365370165724,671.8893544942331,0.007890357320913614
37.83385584154144,0.12248552656266459,79.92562116519852,671.8942361743995,0.006206175651670102
37.833467943409296,0.12254367669156574,79.91457682332016,671.893645030391,0.005700715536998571
37.832454798279144,0.12252884463576967,79.92939640211861,671.895491419058,0.00543426316778468
37.831283926437756,0.12251003489662844,79.99746800940463,671.9026519823705,0.00399334598627737
37.83020714933355,0.12250488610035781,80.04617468433098,671.9066091875591,0.003155092494633014
37.829194941841116,0.1225443394175929,80.05959684223436,671.9092931354882,0.0020918245704679437
37.82904663978743,0.12258237783434338,80.04621650784664,671.9095586668809,0.0015932391371116321
37.82862149643626,0.12255680034742251,80.06622146430006,671.9097366660437,0.0018568977397707186
37.82890973301428,0.12259853654962619,80.03523942930558,671.9091249280198,0.0015052464278524766
37.829265706668245,0.1225727828732838,80.05003404893581,671.9089557574239,0.001847921216249064
37.82924150642336,0.12255630486496527,80.03706248143517,671.9074055654802,0.002385423608236136
37.829147317601944,0.12255141412113947,80.02885974439984,671.9001251953225,0.004171834902911103
37.828495601494566,0.12256867644213969,80.11410137526197,671.9141517443388,0.0007339246730696395
37.827628303269904,0.12265100417818857,80.13567317275651,671.9223805089031,0.0
37.82650531042078,0.12259208043747635,80.16304888891048,671.9225294050916,0.0006470556026654205
37.82555517167919,0.12258207061142282,80.16452543339373,671.9224230813243,0.0007845674595724131
37.82488937271847,0.12253360690264467,80.20394382438997,671.9231379382699,0.001198567297311322
37.82458436940825,0.12251734140674415,80.2198281578176,671.9235167528492,0.0013086252771336874
37.82467384383725,0.12252271214195225,80.20920409448303,671.9233822578019,0.001266892333268567
37.82477546636256,0.1225535620179842,80.13281066569971,671.9215139110182,0.0012688176244096021
37.82497589851741,0.12257655836402077,80.03300277967786,671.9100437533884,0.00360981546455973
37.824893566612246,0.1225750820915949,80.17256247047233,671.9247400830949,0.0003143028115165508
37.82431241375493,0.12261941543213788,80.21059673753561,671.9300606384139,0.0
37.82353543737652,0.12255837415247339,80.21854834123674,671.9301037742308,0.0006693083858942823
37.82238996152351,0.12253457211733067,80.23193522619542,671.9303279678733,0.0008948652197694953
37.821052558483814,0.12245509468780957,80.28817967300296,671.931276387105,0.001616375833666067
37.820403746674735,0.1224392119003722,80.30650410548938,671.9314382960578,0.001776350220732684
37.819779615287736,0.12244219156118971,80.31034166767877,671.9319504660666,0.0016271307745827632
37.81973703458404,0.1224297566476119,80.31528439954914,671.9320201281593,0.0017534623475472136
37.82009610741109,0.12240947841591182,80.33868171422729,671.9325728728287,0.0018760287210799905
37.8205841855417,0.1224039134541311,80.35615223550077,671.9329723155902,0.0018660628777832384
37.820718786357496,0.12240058810823497,80.33330236482202,671.932417580738,0.002002247715803651
37.82056996286286,0.12241178622882654,80.27571091776291,671.9297615869021,0.0024301570469802062
37.820025744804404,0.12240635789157413,80.31452501345113,671.9325266982435,0.0018882476173620194
37.81922272674713,0.12240189305568062,80.28966670331803,671.9306759136915,0.002340643883545696
37.8181283537778,0.12237688593591028,80.2681020925671,671.9292320532144,0.002924745394913938
37.81721096120521,0.12238256218251228,80.301047509389,671.9307149395363,0.002557392372527353
37.81651219036165,0.12246025586074419,80.31816381911268,671.931472565946,0.0015564778792989471
37.81667220888341,0.12247570339107182,80.31036276195397,671.9306371704537,0.001574337771701472
37.81720119954386,0.1224111598157142,80.36010013957346,671.9348886218562,0.0013438279174770988
37.81761466165804,0.12240232741422584,80.37820384681156,671.9359048932878,0.0012248412484649055
37.81782438149942,0.12239727061450222,80.3782387332706,671.9363450485381,0.0011766877361505587
37.817375187514465,0.12239660393923828,80.40520365633373,671.9375810140721,0.000930460152186758
37.81647375626897,0.1224356682337619,80.44186579112754,671.9424697461692,0.0
37.8152620280871,0.12239841255241846,80.49502284652836,671.9573856840243,0.0
37.813740445788895,0.12240686978800953,80.55001731884867,671.9697248897656,0.0
37.8126647137637,0.12242868491610175,80.54657759829414,671.9704975467416,0.0
37.81166595847522,0.12238091337148013,80.58928381486297,671.9729090945312,1.3513046630762901e-05
37.81148349479389,0.12241781969782095,80.53104698443337,671.9703227264048,0.0001378670432704973
37.81160222705323,0.12248337130738764,80.38502725382858,671.9633673088836,0.0008504891440506477
37.812180423518036,0.12245653844101137,80.48251841336715,671.9719528439916,0.0
37.81246310624406,0.12253350195944267,80.57596877284169,671.9846084601008,0.0
37.812639588939,0.12248581952431802,80.60316005521729,671.9901864924211,0.0
37.81244942262016,0.12245939446572847,80.62614897459979,671.9941165361985,0.0
37.81148276600982,0.12244618692049551,80.70981733292871,672.00582231538,0.0
37.81035906858218,0.12248082629443696,80.67227063530935,671.9920088619074,0.0027655713803050675
37.80923541756861,0.12244093607168047,80.83911106042335,672.025141521922,0.0
37.8088533928764,0.12257602588773396,80.85471264752672,672.0402716267319,0.0
37.80853038432799,0.12263404294225617,80.81501116482409,672.033229911574,0.0009340488205835854
37.80915609425953,0.1225542044284533,80.9446541173668,672.0541463745969,0.0
37.809791514781715,0.12258138211654399,80.96026862264998,672.0634402818247,0.0
37.80998300985019,0.12248808049867949,80.98273034325106,672.056415482487,0.0026623437792715064
37.81044141866345,0.12249878436834778,80.98131359904076,672.058033145794,0.0021707360591589815
37.809781467790216,0.12238172331320905,80.98589425388232,672.0499823362175,0.005306532076185031
37.8092335792498,0.12237701715792616,80.98591634068251,672.0499430678603,0.005366694160673796
37.807908888775565,0.12243762933887115,81.034424611713,672.0580100461661,0.0029045248329532154
37.80642783005511,0.12229408991272436,81.06309987373227,672.054845724389,0.005237103773714648
37.80533481102702,0.12232863135748867,81.0728909923074,672.0565537769576,0.004478954317749349
37.804209785225005,0.12226659912851709,81.08085905520387,672.0557472846334,0.0053514430778128395
37.80401750741648,0.1222799093616482,81.0520277691352,672.0547629378902,0.0053966806029008526
37.80415245410219,0.12227531889875493,81.06631081357311,672.0556004808279,0.0052718894453964065
37.80457824529712,0.12227619354437776,81.10921609147152,672.0577112169727,0.004831143679599498
37.80494118134801,0.1222410833120249,81.1874212328088,672.0601803291985,0.00474665494922042
37.80490225611956,0.12221835200705189,81.16901820942346,672.0594550305898,0.005136547905999911
37.80477328709468,0.12220530928121849,81.13777215088633,672.0585969070137,0.005434699971874536
37.804111644398205,0.12220894079543383,81.10755422732687,672.0573133818892,0.005651328305204492
37.80344942767695,0.1222085012883746,81.1314666290528,672.0587091917096,0.00536604472632708
37.802823469594806,0.1222218594326062,81.18375209759557,672.0611455784209,0.004729005427761649
37.802337441221844,0.12219967121384391,81.16556422748519,672.0599130582053,0.0052298393033145835
37.80220361748972,0.12213332477285938,81.12766582888541,672.0575324578166,0.00644810093592232
37.80232494388913,0.12211615858317554,81.06074997834205,672.053130679101,0.007559761687335147
37.802283938264914,0.12210752755555766,81.02634385023043,672.0508878854109,0.008124855829421507
37.80213414067119,0.12212729292788323,81.07012883884134,672.0535789761452,0.007348376574352977
37.8017820051707,0.12220087317277831,81.0853813131065,672.0530408498214,0.006694842908130735
37.80113758779343,0.12212855580273409,81.12414661589666,672.0597252614441,0.005993384740654423
37.800280322415155,0.1221256044465598,81.13152179871307,672.0601589120977,0.005935653362702636
37.79940189623049,0.12212565944617622,81.1375872827877,672.0605095142662,0.0058627177890088035
37.798811277001896,0.12213396147258097,81.0825380547183,672.0569411503135,0.006518981571383318
37.79811681756986,0.12214024360044276,81.08023104339613,672.0569048453036,0.006456232992309941
37.79748282417655,0.12213077014809846,81.0779036131932,672.0562139565635,0.0067145308753360404
37.79723616143655,0.12212027244242696,81.04288477213869,672.0543485005661,0.007209550063413854
37.79711249595335,0.12213794191622397,81.07554974969699,672.0558737408326,0.006711910610715661
37.79729535117554,0.12216826453578204,81.08886013554776,672.0566265779981,0.006228358344226833
37.79757074155131,0.12220463407183257,81.08335200453534,672.0566154715375,0.0058290458022194425
37.797773432993225,0.12219535877544507,81.08613927303902,672.056731921358,0.005906807238388869
37.798010945183655,0.12217836530702095,81.0991395015978,672.0570089317948,0.00604527967242301
37.797754706810714,0.12217862494633255,81.101257032997,672.0569807244585,0.006051830607384048
37.79743409149765,0.12217795481659577,81.0993824489529,672.0569787743682,0.0060571360479363505
37.79689974608953,0.12217649320933173,81.10471582334162,672.0569384562533,0.006089435326086448
37.796343214508134,0.12217590315794166,81.10353959916971,672.0568742345046,0.006109061165373549
37.79588567523987,0.12217378162773136,81.11416307352553,672.0568039522383,0.006162410457824755
37.7955202793871,0.12216533227172575,81.12340571727273,672.0571223696168,0.006193983474013294
37.79528564444765,0.12215861848706315,81.12673738676375,672.0579391667985,0.00608533145252382
37.79489741063141,0.12221644691519959,81.00073007569993,672.0466788261366,0.007848091051409333
37.79476903856363,0.12221456969350916,80.97868962370693,672.0425098825757,0.008786373664022334
37.79450242582937,0.12223350219556427,81.05767170130812,672.0540684089625,0.006060118843909269
37.79411014621884,0.12236902311709254,81.09363861355502,672.0653920225504,0.002066108148041544
37.79372241001736,0.12257252111851635,81.00655944668088,672.0505638820335,0.0030465003409884516
37.79324870350864,0.12252927767248131,81.05626887012824,672.0641479956022,0.0005372029668190832
37.79277595421979,0.12254023750521813,81.10752942193841,672.0775434319048,0.0
37.79244383118352,0.12262557905239947,81.10573558970918,672.0850138266436,0.0
37.79210660256547,0.12258054361774433,81.12922625354554,672.0869490694839,8.968633560941101e-05
37.791677327026086,0.12246520266486209,81.26402176561784,672.0968609713634,0.0
37.79130443000956,0.12246521015169648,81.28090993134751,672.0987263463841,0.0
37.79071510132582,0.12240592593439739,81.31219460563321,672.0985164218827,0.0007291439398757816
37.790156544034296,0.12240656961462386,81.2921049664513,672.0959915640192,0.0012588794852401654
37.78945113719845,0.1223925575567928,81.31243927976676,672.0965253649784,0.0013194477165262646
37.78870797438334,0.12239396112200807,81.32393800240155,672.0973754249488,0.001130331018511772
37.78799653499781,0.12240866410345125,81.31959949112573,672.0978204509914,0.0008663468689749261
37.78753709322726,0.12237751334335242,81.29896545556271,672.0957558181847,0.001636416022999913
37.78706114725454,0.122381640785281,81.27280086302372,672.0947454807732,0.0017819492060223755
37.786725726581835,0.12238230676701073,81.24356644973342,672.0938068158459,0.0019448284251205122
37.78644708948712,0.12236277403006307,81.22798184268333,672.0926705343055,0.00238872965592279
37.786167589384064,0.12234890191288235,81.17706978646406,672.0904659042228,0.0029621557531051
37.7860630964981,0.12234679851273944,81.18176551478236,672.0907685021701,0.0029237488498953944
37.78602238500617,0.12234825082475677,81.18694616938082,672.0911465674512,0.0028307407031393653
37.78560707302732,0.12231492199994157,81.20568106733046,672.0910316527769,0.0032419847090623434
37.785137648794446,0.12229663747232954,81.2122802333486,672.0908095354708,0.003498314484094462
37.784702377095535,0.12228558409406821,81.21823051081678,672.0907225593613,0.0036454511127863654
37.78406961474033,0.12229257265744152,81.20901846188286,672.0906211063204,0.003580200733226561
37.78345070450543,0.1222872467998958,81.22197719020761,672.0909072232489,0.003591615112745407
37.78280142791456,0.12228364856216674,81.23472421229991,672.0911260377507,0.0035991065785973323
37.782126162009824,0.12229672062511,81.21574482072904,672.0886289898082,0.003987578370084745
37.781817586521484,0.12230151978157665,81.1703514511828,672.0861148544665,0.004433745281767702
37.78165650524174,0.12230107735954522,81.20010978265236,672.0888772954995,0.0038643925471874103
37.78158366911834,0.12231838849938229,81.23704744143524,672.0917550004289,0.0030872647426371212
37.78152901237571,0.12236081055796175,81.29297422333367,672.0946151779641,0.002068044677355075
37.781382975385526,0.12244593736119584,81.29737070357106,672.0956936422831,0.0009123715110417522
37.78105171792353,0.12237194970953792,81.33391025069221,672.0959906697553,0.0016983923805320824
37.78106215621971,0.12245321424338665,81.32325922135023,672.0948004617852,0.0010655453524129896
37.78121505391684,0.1224618611647722,81.32048341728397,672.094339562627,0.0010693914231432965
37.781459623138446,0.1224656088587849,81.28063460584484,672.0900452986295,0.0019208012437288754
37.781828946502884,0.1224619968669103,81.30879981559009,672.093062134469,0.0013345318709213814
37.782447558061655,0.12246510494138667,81.3211272322035,672.0935169819246,0.00121711818339859
37.78305203091569,0.12246670251179768,81.31571252618907,672.0932930504364,0.0012417982822854475
37.783360620340325,0.12248607598464184,81.27493972847692,672.0915540308253,0.0013599719386188434
37.78307523709287,0.12249511331105177,81.25736039126467,672.0907438888581,0.0014168459169751372
37.782710164625115,0.12250144204877463,81.29186969845851,672.0925352284638,0.0010014855289781147
37.781896069361146,0.12250512550833023,81.29047513006807,672.0921279679001,0.0010493464961790892
37.78097336904013,0.12251280234696914,81.28277816907293,672.0915425978326,0.0010845761766307058
37.77977019480834,0.12249590119959237,81.31554074280133,672.0933437252182,0.0009171647356398944
37.77846449318865,0.122487381477662,81.33647680389177,672.093839208993,0.0009294186101584583
37.777410164448085,0.12248265040736016,81.3198619383631,672.0928934982396,0.0011656290330233094
37.77617283398618,0.1224890621270303,81.31419900868026,672.0922210938045,0.0012363366825657246
37.775035739789416,0.12250145461114477,81.25845221977464,672.0882668527796,0.00189245541844629
37.774506755203596,0.12249262111649191,81.30648509557139,672.0909988091555,0.0014553662596813743
37.7740370798854,0.12251104379094707,81.34252453091602,672.0926115644988,0.0009524801180435733
37.77383484181192,0.12249559504849342,81.31428126209731,672.0920143413334,0.0012118054298996444
37.77360922048741,0.12245341177348007,81.33333511317295,672.0930443848623,0.001469109598054527
37.77356917012104,0.12249171133665125,81.44932279289691,672.0964256242816,0.00047351425678685043
37.77354107761728,0.12248963426136229,81.4410514967858,672.0966905098348,0.0004274410999139136
37.773557717136214,0.1224879905072207,81.46560523567535,672.0971801475637,0.0003716048483943395
37.773615674664974,0.12249005987362177,81.46458529945397,672.0969995184694,0.0003872847155018977
37.77368178967937,0.1224781458322051,81.46559608557486,672.0957948966966,0.0007790838389762153
37.77350590475672,0.12245897326315662,81.47238190348585,672.0946909178457,0.0012353061678298275
37.773173489913745,0.12245184137261464,81.49000721964903,672.0939501279311,0.0014971923617597435
37.77265311199501,0.1224564661748704,81.5069578466053,672.0944550664589,0.0013606730657528866
37.77187275070569,0.12249372774629619,81.40480251864739,672.0895490731826,0.0018852019748782476
37.77123893320516,0.12248859049706026,81.36154704775167,672.0771361000923,0.004560255036949427
37.77062359092193,0.12249809340128529,81.39829911056893,672.0843234668358,0.002953029637801443
37.770096987360596,0.1225560553587774,81.46464328834927,672.0959549245893,0.0
37.76950657086515,0.1225389404172395,81.43807177508928,672.093749981564,0.0006263408329076891
37.768900598845704,0.12260244638610449,81.4052155302959,672.0927168911301,0.00011905916747193316
37.768280168312195,0.12258699142646037,81.39917801779245,672.0927120779915,0.00027946573030445906
37.7678019536915,0.12251567640748158,81.46110092087847,672.0960571318876,0.0004122586671093829
37.76731706261166,0.12252778236874902,81.45293507947171,672.0955167986426,0.00038678842166014517
37.76687084496655,0.12249439677355399,81.52711135852913,672.0993529977184,2.1246009947597697e-05
37.766590235696086,0.12249455973494357,81.52567094801145,672.099562661778,0.0
37.76633949311239,0.12250504763417261,81.53106257037774,672.0989160894898,3.341141551404054e-05
37.766331852257075,0.12248418678737201,81.57831468381993,672.1012788853847,0.0
37.76613328151296,0.12248378882525304,81.5875236441635,672.1013314723037,5.5641595137446775e-06
37.76593899398067,0.12248368346499229,81.59024512554174,672.1013577041061,4.817793559569351e-06
37.76567363750357,0.12246870093989387,81.5946299992991,672.1012022276118,0.00020597401124857346
37.76539572762736,0.12246683519890028,81.60052915894843,672.101249685333,0.00022407049174963186
37.764903818576705,0.12246741249735699,81.54835842413547,672.1002556086661,0.00036094559314143744
37.764451577850984,0.12245108036472498,81.57418667065275,672.1023500729872,0.00012317670971842096
37.76418886898878,0.1224490463522652,81.56890103444013,672.1017918220074,0.00025778524540635345
37.763692467110154,0.1224365758057403,81.52269591114006,672.0995719371115,0.0008058984277181096
37.763426096744,0.12243087663438162,81.45769910179881,672.0963578766798,0.0014687072541975867
37.76295818905944,0.12246050699687683,81.46437955271846,672.0958346363755,0.0012708194790050907
37.762721306424545,0.12244952729315373,81.44981165258991,672.0952630320352,0.0014921965345547385
37.76253677131458,0.12244199281756761,81.4366535977287,672.0944818952975,0.0017233147933303622
37.76228888268782,0.1224175670276031,81.42896091296191,672.0939160986073,0.002097685028796063
37.76211534740631,0.1223973009391017,81.4207259940116,672.0933346299252,0.002429869920174876
37.76182762686482,0.12238107763235592,81.42111480864438,672.0929048659234,0.002697610897121741
37.761655871147,0.12235682645868474,81.44847252007503,672.0928692646135,0.0030035179607652003
37.76137209440634,0.12230462167897735,81.48616037864957,672.0927998965183,0.0036316010032737206
37.761131786343206,0.12230045020232373,81.4870104930181,672.0926942800195,0.003700625421660581
37.760742167542304,0.12229746461287863,81.49932530023001,672.0927355951268,0.003740789246859614
37.76038949938621,0.12228857478849241,81.53195399671286,672.0930918289594,0.003804449779563337
37.75996011317532,0.12226762520387209,81.52878048675106,672.0929869046919,0.0040482463086248584
37.75955122432473,0.12227959603016979,81.46972483068483,672.0891258726352,0.004665992083306893
37.75923025334306,0.12227010440712932,81.531779405937,672.0940639412341,0.003795415803808439
37.75893529022105,0.12229616299773637,81.66678242347412,672.1052674424533,0.0013004815210008835
37.758708871258634,0.1223952560150021,81.68634332343409,672.1053318781567,0.0002349426728527203
37.758558678929184,0.12231436011069025,81.71618112252771,672.1108354033393,0.0
37.75828497290119,0.12226818982915187,81.72306373629043,672.115862408133,0.0
37.75805173055717,0.12226357847296217,81.7443875789384,672.1176961736707,0.0
37.75769898993967,0.12226242136873036,81.77990554107245,672.1195111218686,0.0
37.757288843722336,0.12227660775043754,81.8433912705937,672.1230227030069,0.0
37.75706928015521,0.12233483553212775,81.81805636889285,672.1162778962296,0.0007607612193030947
37.75645582609445,0.1223279038423277,81.80406995861243,672.1128485556503,0.0015405023735323596
37.7558671880608,0.12233399714384315,81.77521972346167,672.109495784978,0.0021439478806008845
37.755484051781586,0.12233074456279823,81.77512193291021,672.1091232438092,0.002257472877662727
37.755024537816354,0.12231332121814396,81.79592525723834,672.1099807413586,0.002291131759362738
37.75436254903539,0.12229862132050166,81.83794423896813,672.1115382733184,0.002176609630467138
37.75410851664299,0.12229914255870761,81.85854780383005,672.1128028644246,0.0019312513400944395
37.75379604015433,0.12232009028674405,81.99646863608402,672.1211295108526,0.00013082140827116204
37.753630047156015,0.12238569587826154,82.05054984517287,672.1256281058153,0.0
37.7534197318009,0.12227503834931186,82.04045246147696,672.1229333841708,0.0017484529440144948
37.75309359075125,0.12213499283403122,81.9752789258673,672.1117125338621,0.005537938580447929
37.75307118835735,0.12215149751558017,82.04517374645486,672.1207939468735,0.00354085510850675
37.75284281883465,0.12222314494115527,82.1256158650901,672.1349189734746,0.0
37.75264466757451,0.1222961869545189,82.13206652353897,672.1407191107401,0.0
37.75226029879622,0.1223829861699138,82.10366819898583,672.1425061829245,0.0
37.75163198841372,0.12238412831057523,82.07893509452379,672.1416528920857,0.0001333127768506636
37.751006297012225,0.12230397990267315,82.1790682311621,672.1451638033893,0.0004008606050954488
37.75043660238795,0.1224013580060188,82.14178301200344,672.1444807812226,0.0
37.74982683040995,0.12246613892383991,82.07466301309964,672.1402448745326,9.441981556417214e-05
37.74897767395655,0.12255393289963158,81.92486640950007,672.1296493411062,0.0011578233162458879
37.74795945667537,0.12253670762573196,82.17113995900093,672.1535962021267,0.0
37.74724927456369,0.12258901241831294,82.16765865361641,672.151224425347,0.0
37.74681987893554,0.12258086858365419,82.15556001841925,672.1529926043582,0.0
37.74619338176623,0.12260507242807878,82.12877485486224,672.1470521495418,0.0009407088857589981
37.745959474927005,0.12256642005267229,82.23178239526293,672.1625181173379,0.0
37.74554385334848,0.12253425319417453,82.18073037328982,672.1542649901423,0.001997220761038424
37.74526362281932,0.12253846414919277,82.19720464256284,672.1559142377984,0.0016316623234499989
37.74505733304615,0.12250990200401334,82.18804324914743,672.1540498596994,0.0023153465250355006
37.74482199638897,0.12245273171426603,82.21800253419423,672.1536022655758,0.003062426560803423
37.7445494700694,0.12251176726569932,82.20743797196263,672.155590900896,0.0020007399726897418
37.74397694050156,0.1225435067124724,82.17935851367189,672.1533466927295,0.0020900575270321187
37.74341171754623,0.12255119637878166,82.16143253058131,672.1519470396835,0.0022753202424099987
37.74260784620819,0.12255332813907918,82.12204936581041,672.1476605682218,0.0030929175247241154
37.74176560806593,0.12254973962863389,81.88953930337293,672.1320086394713,0.006079971210758703
37.74141175469441,0.12253417270671081,81.89988797600103,672.1322242652238,0.006215838124919496
37.74085804285793,0.12259372782483324,82.03557622828117,672.1464570679061,0.0027858296660626535
37.74045431541955,0.12268289320190535,82.1177539173746,672.1477164970481,0.0016657072217596612
37.740062280839396,0.12258694617330457,82.17525683364484,672.1638365648907,0.0
37.73962508934937,0.12261168347160234,82.15598119809133,672.1630609973529,0.0
37.73949085571155,0.12257662301100368,82.24607251487946,672.1738873076001,0.0
37.7392676987119,0.12258511009734085,82.25189207367605,672.17512081454,0.0
37.738866525321725,0.12265068821102722,82.26712477454579,672.1814140504288,0.0
37.738394604098495,0.12266817822561912,82.27870832543172,672.1835846235948,0.0
37.73799619033497,0.1225859544091491,82.34766374531141,672.1845453707032,0.0007778582715218246
37.73765628472508,0.12258783065025829,82.39598933258179,672.1871288420572,0.0002901558022224779
37.73725626929238,0.12252915357936668,82.26832382455395,672.1699525564522,0.004290675648525203
37.73663313504133,0.12242545790339301,82.0486565886932,672.1236589371993,0.014666639884147651
37.73604644310832,0.12249978708639014,82.16216367432932,672.1567489739439,0.0071489337331874896
37.73568996083409,0.12276857250806927,82.26071396952383,672.1876731110069,0.0
37.73519638391335,0.12259335625823975,82.30439370009222,672.1996795380271,0.0
37.73499409173753,0.12242951590213637,82.32839004478838,672.2078892864885,0.00015685035037486925
37.734777441398144,0.12243179832702837,82.38305867050146,672.2149029649554,0.0
37.73439092719583,0.12238793931232199,82.40806914735346,672.2173001372619,2.0912396051277432e-05
37.73363140983316,0.12230618963486621,82.58065400459334,672.2292031124375,0.0
37.73333373624971,0.12227846907385728,82.58060521156106,672.2308093401527,0.0
37.7328385004939,0.1223111600951456,82.57788410070518,672.2299771875869,0.0
37.73270969729415,0.12231793273124217,82.55045811507871,672.2303022694989,0.0
37.73249910149755,0.12233396916859379,82.44263412144237,672.2174458941265,0.002302614195089854
37.73230659910722,0.12232385548233712,82.51673244689634,672.2261685979984,0.0007258651579657108
37.732256466852085,0.12235907107198016,82.58837991642217,672.2369470398871,0.0
37.73207105224779,0.12244606914364177,82.68099061228801,672.2496435924086,0.0
37.731754797356515,0.12253557733225298,82.70740687310338,672.2555646771617,0.0
37.731145483212806,0.1221471348375789,82.73775299918648,672.2437585215702,0.006622707604158661
37.730741860632705,0.12194303556963751,82.65905757226469,672.2245874105334,0.0126467153519092
37.7303172294964,0.12195046510668708,82.72327511377058,672.231872234884,0.011147317767310552
37.72981599829142,0.12202245353677316,82.76761122656664,672.2399589814156,0.008765695632367019
37.729432609873506,0.12183285705253187,82.78284106313767,672.2329351340401,0.012270626225399057
37.728893066298866,0.12198139578045714,82.7889734816616,672.2398567278567,0.009258207237672946
37.728550789809084,0.12206830319271805,82.7490092104403,672.2271576971166,0.010883778400890857
37.72796709334648,0.1221185709290981,82.67597779623762,672.2141360265512,0.012931485625083686
37.72761472785051,0.12211488527735297,82.69088322291134,672.2154893765938,0.01271284945347397
37.72719905545554,0.1221320730997345,82.71176642199751,672.2191877790992,0.011795742898593628
37.72692966499005,0.12211010821432021,82.71706115654077,672.2181789815293,0.012245463525193212
37.72659300403228,0.12197077375955452,82.77161457686948,672.2145651511066,0.01454830608335779
37.72648828974947,0.12192234792609173,82.7809051941286,672.212801852595,0.015440288626786276
37.726190480059294,0.12190744924534253,82.79417523686092,672.2130451606264,0.01556601060032926
37.726023979062546,0.12186905932525188,82.82310530472196,672.2132148146959,0.01597660270632506
37.72587581447083,0.1218481444977107,82.8362673283118,672.2128934027634,0.016282325336902752
37.725709355462584,0.12184308948745916,82.8361328912079,672.2126792261756,0.016380177830033243
37.72567425299963,0.12182810465328081,82.86645817551961,672.2128059116891,0.01655229949377546
37.72555315527004,0.12183470323664468,82.88519194479345,672.2130754978882,0.01644933301318071
37.7252222971576,0.12184731702028884,82.88094998453383,672.2129557090863,0.016333107362584285
37.724803846809934,0.12181293737403162,82.89794705334721,672.2131129761868,0.016690633698841793
37.724449124857586,0.12182474972486607,82.80345614414703,672.2047163187759,0.018182849852361443
