step,timestamp,u0,u1,u2,u3,u0_rate,u1_rate,u2_rate,u3_rate,orb_pose_x,orb_pose_y,orb_pose_z,orb_pose_qw,orb_pose_qx,orb_pose_qy,orb_pose_qz,orb_pose_vx,orb_pose_vy,orb_pose_vz,orb_pose_avx,orb_pose_avy,orb_pose_avz,mot_pose_x,mot_pose_y,mot_pose_z,mot_pose_qw,mot_pose_qx,mot_pose_qy,mot_pose_qz,mot_pose_vx,mot_pose_vy,mot_pose_vz,mot_pose_avx,mot_pose_avy,mot_pose_avz,est_pose_x,est_pose_y,est_pose_z,est_pose_qw,est_pose_qx,est_pose_qy,est_pose_qz,est_pose_vx,est_pose_vy,est_pose_vz,est_pose_avx,est_pose_avy,est_pose_avz,ukf_pose_x,ukf_pose_y,ukf_pose_z,ukf_pose_qw,ukf_pose_qx,ukf_pose_qy,ukf_pose_qz,ukf_pose_vx,ukf_pose_vy,ukf_pose_vz,ukf_pose_avx,ukf_pose_avy,ukf_pose_avz,traj_x_ref,traj_y_ref,traj_z_ref,traj_qw_ref,traj_qx_ref,traj_qy_ref,traj_qz_ref,est_param_thrust_ratio,est_param_drag_coeff_z,est_param_tau_rate,fixed_centre_rate_deg,fixed_max_rate_deg,fixed_rate_expo,fixed_angle_max_deg,est_param_tau_angle,est_param_fc_roll_offset_deg,est_param_fc_pitch_offset_deg,MPC_setup_time,MPC_solve_time,Visualisation_time,UKF_update_time
0,1763350625.1180835,-2.5522628318784658e-20,-2.5522628318784658e-20,0.09999999947645012,-7.875133453831558e-06,-1.2761314159392328e-19,-1.2761314159392328e-19,0.4999999973822506,-3.937566726915779e-05,0.313,-0.48,-0.034,0.976,0.007,-0.006,0.219,-0.001,0.007,-0.002,0.0,0.0,-0.001,0.466,-0.286,-0.007,0.975,0.007,0.003,0.223,0.004,-0.001,0.001,-0.0,-0.0,0.1,0.313,-0.48,-0.034,1.0,0.0,0.0,0.0,-0.001,0.007,-0.002,0.0,0.0,-0.001,0.0,0.0,0.0,1.0,0.0,0.0,0.0,0.0,0.0,0.0,0.0,0.0,0.0,0.0,0.0,0.0,1.0,0.0,0.0,0.0,25.0,0.1,0.08,100.0,100.0,0.5,55.0,0.08,0.0,0.0,0.0038,0.0029,0.0031,0.0003
0,1763350625.1830816,-0.0286338369647914,-0.019275533739831163,0.1924999985996398,-3.873725206958681e-05,-0.143169184823957,-0.0963776686991558,0.49999999541961726,-0.00015726376812396308,0.313,-0.48,-0.034,0.976,0.007,-0.006,0.219,0.0,0.01,0.002,0.0,0.0,-0.005,0.466,-0.286,-0.007,0.975,0.007,0.004,0.221,-0.001,0.001,0.0,0.0,-0.0,0.0,0.313,-0.4793333333333333,-0.04945926085693934,0.9999999936912134,0.0,0.0,-0.00011232797147776115,-1.8034949892217615e-21,0.01,-0.4560096304878753,0.0,0.0,-0.002178440612725644,0.0,0.0,0.0,1.0,0.0,0.0,0.0,0.0,0.0,0.0,0.0,0.0,0.0,0.0,0.0,0.0,1.0,0.0,0.0,0.0,25.0,0.1,0.08,100.0,100.0,0.5,55.0,0.08,0.0,0.0,0.0033,0.0017,0.0023,0.0003
0,1763350625.2451088,-0.038392036215526705,-0.024752648983176737,0.2780622498718049,6.445394234149825e-08,-0.0595286851154733,-0.03461390136916457,0.4999987558356903,0.00017948206053354645,0.313,-0.481,-0.034,0.976,0.007,-0.005,0.219,-0.001,-0.004,0.003,0.0,0.0,0.002,0.466,-0.286,-0.007,0.975,0.007,0.003,0.222,-0.003,0.003,0.004,-0.0,-0.1,0.0,0.3128143992490188,-0.48145570909356183,-0.09009158200743479,0.9999999977876581,0.0,0.0,6.651829741247078e-05,-0.0033941949319847282,-0.00044405577676002355,-0.7563700396035531,0.0,0.0,0.0004308786153140758,0.0,0.0,0.0,1.0,0.0,0.0,0.0,0.0,0.0,0.0,0.0,0.0,0.0,0.0,0.0,0.0,1.0,0.0,0.0,0.0,25.0,0.1,0.08,100.0,100.0,0.5,55.0,0.08,0.0,0.0,0.001,0.0011,0.0015,0.0002
0,1763350625.3131344,-0.044820350885036137,-0.027201478010127993,0.3572075810957914,0.0001256746470300305,-0.04653858692836968,-0.02152638850344754,0.49999999982185955,0.0006280751356668231,0.312,-0.481,-0.034,0.976,0.007,-0.006,0.219,-0.008,-0.014,-0.019,0.0,0.0,0.003,0.466,-0.286,-0.007,0.975,0.007,0.005,0.22,-0.006,-0.001,0.009,-0.0,0.2,-0.2,0.3099453131444216,-0.4831185569669605,-0.15043270639853784,0.9999999935907512,0.0,0.0,0.0001132188040818316,-0.0184583477025353,0.0018139996454650366,-0.9353450757998086,0.0,0.0,0.00026543066646778015,0.0,0.0,0.0,1.0,0.0,0.0,0.0,0.0,0.0,0.0,0.0,0.0,0.0,0.0,0.0,0.0,1.0,0.0,0.0,0.0,25.0,0.1,0.08,100.0,100.0,0.5,55.0,0.08,0.0,0.0,0.0017,0.0015,0.0017,0.0002
0,1763350625.382808,-0.044948498577293106,-0.02829700738886329,0.43041661880680565,0.00016534759957454769,-0.01744837004317339,-0.015678201147474476,0.4999980314659928,0.0002454927553588473,0.312,-0.479,-0.034,0.976,0.007,-0.005,0.219,-0.009,0.011,0.002,0.0,0.0,-0.0,0.466,-0.286,-0.007,0.975,0.009,0.004,0.222,-0.0,0.001,-0.003,0.0,-0.0,0.0,0.3086172617001853,-0.47438598880702765,-0.10225477119809609,0.9999999999998151,0.0,0.0,6.080579186235706e-07,-0.03305756650810157,0.048403263753900166,-0.49100894048742055,0.0,0.0,-0.0001417067032533698,0.0,0.0,0.0,1.0,0.0,0.0,0.0,0.0,0.0,0.0,0.0,0.0,0.0,0.0,0.0,0.0,1.0,0.0,0.0,0.0,25.0,0.1,0.08,100.0,100.0,0.5,55.0,0.08,0.0,0.0,0.0019,0.0014,0.0042,0.0004
0,1763350625.4477634,-0.04567925206886481,-0.029475363627723572,0.4213555310014791,0.00020117363759063125,-0.020509454424343418,-0.01650315896512511,0.11610079302591941,0.00024113553992087322,0.312,-0.478,-0.033,0.976,0.007,-0.005,0.219,-0.003,0.003,0.006,0.0,0.0,0.001,0.466,-0.286,-0.007,0.975,0.008,0.003,0.222,0.004,-0.005,-0.005,-0.0,0.0,-0.0,0.3091238606759423,-0.473771147889487,-0.05974148329192228,0.9999999995381161,0.0,0.0,3.039354884648877e-05,-0.03570219489475404,0.05547172636763149,-0.09503216804543202,0.0,0.0,-0.00015353076598712266,0.0,0.0,0.0,1.0,0.0,0.0,0.0,0.0,0.0,0.0,0.0,0.0,0.0,0.0,0.0,0.0,1.0,0.0,0.0,0.0,25.0,0.1,0.08,100.0,100.0,0.5,55.0,0.08,0.0,0.0,0.0025,0.0014,0.0023,0.0002
0,1763350625.5137696,-0.04872812677395814,-0.02875792175373033,0.3993647095916446,0.000316076221907342,-0.032374093051290936,-0.007466051990430132,0.04805421707638205,0.0006499530356800403,0.311,-0.48,-0.033,0.976,0.007,-0.005,0.219,-0.012,-0.019,-0.003,0.0,0.0,0.005,0.466,-0.286,-0.007,0.975,0.008,0.003,0.222,-0.001,0.002,0.005,-0.1,-0.1,0.0,0.3058014919064381,-0.47924228551072723,-0.02858034641137318,0.9999999857044072,0.0,0.0,0.0001690892826596209,-0.04899999941467765,0.040538196481277954,0.1101672866933372,0.0,0.0,0.00010893536603041041,0.0,0.0,0.0,1.0,0.0,0.0,0.0,0.0,0.0,0.0,0.0,0.0,0.0,0.0,0.0,0.0,1.0,0.0,0.0,0.0,25.0,0.1,0.08,100.0,100.0,0.5,55.0,0.08,0.0,0.0,0.0028,0.0011,0.0016,0.0002
0,1763350625.5883398,-0.04624489144310965,-0.030516331345623142,0.39297880110195926,0.0002357402327554278,-0.005856870885991822,-0.019576268617112945,0.11783222364844032,-0.0002831513625443179,0.312,-0.479,-0.033,0.976,0.007,-0.005,0.218,0.005,0.009,-0.004,0.0,0.0,-0.007,0.466,-0.286,-0.007,0.975,0.007,0.005,0.221,0.003,0.002,-0.005,0.1,-0.0,0.0,0.3100442010809935,-0.4725361770303879,-0.013307223362955428,0.9999999620832529,0.0,0.0,-0.00027537881687814505,-0.032212000157685716,0.06816713362156475,0.15279436049375533,0.0,0.0,-0.0010444311233049962,0.0,0.0,0.0,1.0,0.0,0.0,0.0,0.0,0.0,0.0,0.0,0.0,0.0,0.0,0.0,0.0,1.0,0.0,0.0,0.0,25.0,0.1,0.08,100.0,100.0,0.5,55.0,0.08,0.0,0.0,0.0048,0.0036,0.0046,0.0005
0,1763350625.6488504,-0.044457051630807876,-0.032271603737627094,0.40087149412693684,0.00020546577193788362,-0.008402635229657215,-0.020219986214628446,0.18683051553812252,-6.296971680443552e-05,0.313,-0.478,-0.034,0.976,0.007,-0.005,0.219,0.016,0.013,0.0,0.0,0.0,0.003,0.466,-0.286,-0.007,0.975,0.008,0.004,0.222,0.005,0.001,-0.012,0.1,-0.1,0.1,0.3133258016729904,-0.47083064570255356,-0.02355203665795089,0.9999999962841533,0.0,0.0,8.620727051482042e-05,-0.0205451033728985,0.0713782281892172,0.07407879329666617,0.0,0.0,-0.0001555082762282601,0.0,0.0,0.0,1.0,0.0,0.0,0.0,0.0,0.0,0.0,0.0,0.0,0.0,0.0,0.0,0.0,1.0,0.0,0.0,0.0,25.0,0.1,0.08,100.0,100.0,0.5,55.0,0.08,0.0,0.0,0.0018,0.0016,0.0034,0.0003
0,1763350625.7176127,-0.0457195685449984,-0.02952430206194477,0.40337281626525523,0.0002834810673525737,-0.02298397893250556,0.0016346569768014574,0.16283342098919326,0.00046712614155015674,0.312,-0.479,-0.033,0.976,0.007,-0.005,0.219,-0.011,-0.002,0.01,0.0,0.0,-0.004,0.466,-0.286,-0.007,0.975,0.01,0.003,0.224,0.001,0.019,-0.012,0.4,0.0,0.1,0.306982878258156,-0.4748109733838919,-0.02740711983817722,0.9999999852624651,0.0,0.0,-0.0001716830494229841,-0.04821225237395896,0.05631214391668141,0.054340346470336275,0.0,0.0,-0.000695033134035558,0.0,0.0,0.0,1.0,0.0,0.0,0.0,0.0,0.0,0.0,0.0,0.0,0.0,0.0,0.0,0.0,1.0,0.0,0.0,0.0,25.0,0.1,0.08,100.0,100.0,0.5,55.0,0.08,0.0,0.0,0.0026,0.0018,0.0049,0.0004
0,1763350625.783562,-0.044803969711951205,-0.028426824927624675,0.40327202328329154,0.0002844884841717919,-0.012566844039138415,-0.0055842276016287995,0.15076084118965177,0.00011134248435330627,0.312,-0.478,-0.033,0.976,0.007,-0.005,0.219,-0.011,0.011,-0.0,0.0,0.0,-0.007,0.467,-0.286,-0.007,0.975,0.008,0.004,0.222,0.002,-0.003,-0.006,0.0,0.0,-0.0,0.30678798892079584,-0.4714121395357574,-0.028788519299245155,0.9999999617252651,0.0,0.0,-0.00027667574627474853,-0.049913153979993546,0.06757691057521925,0.057565117812733164,0.0,0.0,-0.0010117310775387977,0.0,0.0,0.0,1.0,0.0,0.0,0.0,0.0,0.0,0.0,0.0,0.0,0.0,0.0,0.0,0.0,1.0,0.0,0.0,0.0,25.0,0.1,0.08,100.0,100.0,0.5,55.0,0.08,0.0,0.0,0.0043,0.0018,0.0026,0.0002
0,1763350625.8499868,-0.04597512792582103,-0.02935308201650402,0.40098991199311473,0.0002990740240433412,-0.02265727971133083,-0.015291344792255954,0.1398164522803506,0.00017961088092216827,0.312,-0.479,-0.033,0.976,0.007,-0.005,0.219,-0.001,-0.0,0.003,0.0,0.0,0.003,0.466,-0.286,-0.007,0.975,0.009,0.003,0.223,0.003,-0.003,-0.004,0.0,0.0,-0.0,0.30874076866937333,-0.47463123599254786,-0.025151627763536216,0.9999999961966063,0.0,0.0,8.721689919974083e-05,-0.039391429159150046,0.05644657217117825,0.07921358686251383,0.0,0.0,-0.00019986300698992884,0.0,0.0,0.0,1.0,0.0,0.0,0.0,0.0,0.0,0.0,0.0,0.0,0.0,0.0,0.0,0.0,1.0,0.0,0.0,0.0,25.0,0.1,0.08,100.0,100.0,0.5,55.0,0.08,0.0,0.0,0.0027,0.0019,0.0036,0.0005
0,1763350625.920072,-0.04847813295585525,-0.02775887290751535,0.4016486853376635,0.00039972287327693273,-0.029755698122354034,-0.003036360211245679,0.15366508372016222,0.0006153970051842104,0.311,-0.48,-0.033,0.976,0.007,-0.005,0.219,-0.018,-0.018,-0.002,0.0,0.0,0.006,0.466,-0.286,-0.007,0.975,0.006,0.004,0.221,0.0,0.001,-0.001,-0.0,-0.1,0.1,0.3045771766507615,-0.47915379838249306,-0.025872159280681345,0.9999999815038892,0.0,0.0,0.0001923336194160065,-0.05417324433253694,0.03899252855379042,0.07189652026099937,0.0,0.0,2.1467985650053007e-05,0.0,0.0,0.0,1.0,0.0,0.0,0.0,0.0,0.0,0.0,0.0,0.0,0.0,0.0,0.0,0.0,1.0,0.0,0.0,0.0,25.0,0.1,0.08,100.0,100.0,0.5,55.0,0.08,0.0,0.0,0.0046,0.0032,0.004,0.0004
0,1763350625.9787755,-0.04542837012039555,-0.030219000114867115,0.4023211512360314,0.00023644001550054066,-0.0029304856811471977,-0.022710213377077043,0.15398058649346336,-0.0006665182114031104,0.312,-0.478,-0.034,0.976,0.007,-0.005,0.218,0.006,0.013,-0.004,0.0,0.0,-0.014,0.466,-0.286,-0.007,0.975,0.008,0.004,0.222,0.001,0.002,-0.004,0.0,-0.1,0.1,0.31042087359324577,-0.47098848052724973,-0.02777747693095393,0.9999998525316548,0.0,0.0,-0.0005430807202636081,-0.029730686850376165,0.07048845244948071,0.0665834952858987,0.0,0.0,-0.00177400140313133,0.0,0.0,0.0,1.0,0.0,0.0,0.0,0.0,0.0,0.0,0.0,0.0,0.0,0.0,0.0,0.0,1.0,0.0,0.0,0.0,25.0,0.1,0.08,100.0,100.0,0.5,55.0,0.08,0.0,0.0,0.0012,0.001,0.0018,0.0002
0,1763350626.0461004,-0.04676468168806239,-0.030446504889982573,0.40129704509312947,0.000283077457039047,-0.023717196633482512,-0.012469648918652473,0.14574990099900229,0.00032185221350523424,0.312,-0.478,-0.033,0.976,0.007,-0.005,0.219,0.001,-0.008,0.007,0.0,0.0,0.005,0.466,-0.286,-0.007,0.975,0.007,0.003,0.223,-0.002,0.004,0.003,-0.0,-0.1,0.1,0.3093830449825739,-0.475041856511847,-0.02511146952743303,0.9999999885435148,0.0,0.0,0.0001513703090368972,-0.03523223304058828,0.050810990287780064,0.07596344929268768,0.0,0.0,-2.748809989499531e-05,0.0,0.0,0.0,1.0,0.0,0.0,0.0,0.0,0.0,0.0,0.0,0.0,0.0,0.0,0.0,0.0,1.0,0.0,0.0,0.0,25.0,0.1,0.08,100.0,100.0,0.5,55.0,0.08,0.0,0.0,0.002,0.001,0.0016,0.0002
0,1763350626.118305,-0.046151437307568606,-0.031042097079198375,0.4014470350722835,0.00033357717172291995,-0.014470533730554486,-0.014395400279822477,0.15123634180569373,0.0003586526198090076,0.312,-0.478,-0.033,0.976,0.007,-0.005,0.219,0.006,0.001,0.004,0.0,0.0,0.012,0.466,-0.286,-0.007,0.975,0.008,0.003,0.223,-0.004,0.002,0.002,-0.0,-0.0,0.0,0.310416423690702,-0.4731648236055542,-0.02536006323000425,0.9999999162525662,0.0,0.0,0.00040926135971911274,-0.030523579956124383,0.05992765273916004,0.07382453523566193,0.0,0.0,0.0005449350128714525,0.0,0.0,0.0,1.0,0.0,0.0,0.0,0.0,0.0,0.0,0.0,0.0,0.0,0.0,0.0,0.0,1.0,0.0,0.0,0.0,25.0,0.1,0.08,100.0,100.0,0.5,55.0,0.08,0.0,0.0,0.0029,0.0026,0.0044,0.0004
0,1763350626.1809008,-0.045701803669794296,-0.030227816058580156,0.40202755822961495,0.00028257510836110977,-0.015058620801466631,-0.007569381301608301,0.15344525393876376,-0.00012991887741295547,0.312,-0.478,-0.033,0.976,0.007,-0.005,0.218,-0.001,0.004,-0.001,0.0,0.0,-0.012,0.466,-0.286,-0.007,0.975,0.008,0.004,0.221,0.002,-0.002,-0.007,0.1,0.0,-0.0,0.30882991767391615,-0.4727579339686554,-0.02635601037918234,0.9999998923472985,0.0,0.0,-0.000464010120000383,-0.0392734508114063,0.06146132419235461,0.06845644831200763,0.0,0.0,-0.0015126606596931695,0.0,0.0,0.0,1.0,0.0,0.0,0.0,0.0,0.0,0.0,0.0,0.0,0.0,0.0,0.0,0.0,1.0,0.0,0.0,0.0,25.0,0.1,0.08,100.0,100.0,0.5,55.0,0.08,0.0,0.0,0.0015,0.0015,0.0029,0.0005
0,1763350626.246303,-0.04548441319724227,-0.030055286846387523,0.40211549567218835,0.000312077393141541,-0.016051224013412746,-0.010472784961004386,0.15120002154897239,0.0002534770895375721,0.312,-0.478,-0.033,0.976,0.007,-0.005,0.219,0.0,0.004,-0.001,0.0,0.0,0.004,0.466,-0.286,-0.007,0.975,0.007,0.005,0.221,0.004,-0.0,-0.009,0.1,-0.1,0.1,0.30901903491375726,-0.47266547856836744,-0.02662427847311298,0.9999999930920608,0.0,0.0,0.00011754096528868887,-0.03838046956021739,0.06208711985684882,0.06794898200413772,0.0,0.0,-0.00014219552482488284,0.0,0.0,0.0,1.0,0.0,0.0,0.0,0.0,0.0,0.0,0.0,0.0,0.0,0.0,0.0,0.0,1.0,0.0,0.0,0.0,25.0,0.1,0.08,100.0,100.0,0.5,55.0,0.08,0.0,0.0,0.0013,0.0012,0.0021,0.0003
0,1763350626.327659,-0.04687925648462667,-0.030315377604275995,0.4033858297344068,0.00035032250934028547,-0.02403087138588783,-0.012571186356837686,0.1571449811881631,0.0003082546034218001,0.312,-0.478,-0.034,0.976,0.007,-0.006,0.219,0.003,-0.008,-0.013,0.0,0.0,0.006,0.466,-0.286,-0.007,0.975,0.008,0.004,0.222,-0.002,-0.001,0.004,-0.0,0.0,-0.0,0.30960310255145973,-0.4751303387722858,-0.02980110231231056,0.999999981900625,0.0,0.0,0.00019025969048556794,-0.035296395306753194,0.04937049261874725,0.05786109818082035,0.0,0.0,2.0939822113631143e-06,0.0,0.0,0.0,1.0,0.0,0.0,0.0,0.0,0.0,0.0,0.0,0.0,0.0,0.0,0.0,0.0,1.0,0.0,0.0,0.0,25.0,0.1,0.08,100.0,100.0,0.5,55.0,0.08,0.0,0.0,0.006,0.0055,0.0076,0.0006
0,1763350626.3878264,-0.047335934983684255,-0.030374244195556933,0.401265455105695,0.0003547895696728433,-0.019863113677022898,-0.011662599558008194,0.14066781300684322,0.0001537062426653963,0.313,-0.478,-0.033,0.976,0.006,-0.005,0.219,0.001,-0.007,0.003,0.0,0.0,0.001,0.466,-0.286,-0.007,0.975,0.008,0.004,0.221,0.001,-0.0,-0.002,0.0,0.0,0.0,0.3102660495937098,-0.47494923347235357,-0.02537123627284956,0.999999999968795,0.0,0.0,7.900007698230458e-06,-0.0367933972332068,0.05049892066502942,0.07708144587416152,0.0,0.0,-0.0004622101181099884,0.0,0.0,0.0,1.0,0.0,0.0,0.0,0.0,0.0,0.0,0.0,0.0,0.0,0.0,0.0,0.0,1.0,0.0,0.0,0.0,25.0,0.1,0.08,100.0,100.0,0.5,55.0,0.08,0.0,0.0,0.0052,0.0026,0.0046,0.0005
0,1763350626.4485443,-0.04630989949531257,-0.030485917373668084,0.40144242010423126,0.00034265706794033067,-0.012620798177023183,-0.011948707463889593,0.15135937065731686,7.238357996475314e-05,0.313,-0.478,-0.033,0.976,0.007,-0.005,0.219,0.002,0.002,0.002,0.0,0.0,0.002,0.466,-0.286,-0.007,0.975,0.007,0.004,0.221,0.002,-0.0,-0.005,0.0,-0.0,0.0,0.3104606028706585,-0.47311140101129573,-0.025463794152419002,0.9999999991710744,0.0,0.0,4.07167193947632e-05,-0.03584572071195788,0.06012543867422684,0.07408307258632067,0.0,0.0,-0.00040264536966281076,0.0,0.0,0.0,1.0,0.0,0.0,0.0,0.0,0.0,0.0,0.0,0.0,0.0,0.0,0.0,0.0,1.0,0.0,0.0,0.0,25.0,0.1,0.08,100.0,100.0,0.5,55.0,0.08,0.0,0.0,0.0018,0.0015,0.0034,0.0004
0,1763350626.5120738,-0.04724212870830494,-0.02923205997649566,0.4014565905993106,0.0003718129837818486,-0.02202735837570402,-0.005162932029263417,0.15061176001448356,0.00027427597968521336,0.312,-0.479,-0.033,0.976,0.007,-0.005,0.218,-0.008,-0.009,0.003,0.0,0.0,-0.0,0.466,-0.286,-0.007,0.975,0.007,0.005,0.221,0.002,0.001,-0.006,0.0,-0.0,0.0,0.3074437418636544,-0.4762107583487402,-0.025277334985647798,0.9999999994127203,0.0,0.0,-3.4271844924308325e-05,-0.04601772219534886,0.04989541393782836,0.07392685190564595,0.0,0.0,-0.0005621220652933233,0.0,0.0,0.0,1.0,0.0,0.0,0.0,0.0,0.0,0.0,0.0,0.0,0.0,0.0,0.0,0.0,1.0,0.0,0.0,0.0,25.0,0.1,0.08,100.0,100.0,0.5,55.0,0.08,0.0,0.0,0.0013,0.001,0.0017,0.0002
0,1763350626.585532,-0.04114234693894783,-0.0338278675044109,0.40248721302606766,7.687768402901945e-05,0.01278311058117117,-0.03394106013076207,0.15569933360852717,-0.0013352466298459519,0.313,-0.478,-0.034,0.976,0.007,-0.005,0.218,0.033,0.044,-0.003,0.0,0.0,-0.024,0.467,-0.286,-0.007,0.975,0.008,0.004,0.222,0.003,0.001,-0.007,0.1,-0.0,0.1,0.31665574281318226,-0.4646238456623695,-0.028108337567333542,0.9999995824844516,0.0,0.0,-0.0009138002639557389,-0.004682248474426623,0.10275823497591256,0.0645443847836011,0.0,0.0,-0.002601752173835242,0.0,0.0,0.0,1.0,0.0,0.0,0.0,0.0,0.0,0.0,0.0,0.0,0.0,0.0,0.0,0.0,1.0,0.0,0.0,0.0,25.0,0.1,0.08,100.0,100.0,0.5,55.0,0.08,0.0,0.0,0.0036,0.0023,0.0041,0.0007
0,1763350626.6547978,-0.04395604780354899,-0.03254597296322461,0.4018892269724046,0.00017611326051050465,-0.029496884425111225,-0.00627597760822262,0.14794277461645985,0.000525007013918308,0.312,-0.479,-0.033,0.976,0.007,-0.005,0.219,0.01,0.005,-0.0,0.0,0.0,0.0,0.466,-0.286,-0.007,0.975,0.007,0.005,0.221,0.005,-0.0,-0.009,0.1,-0.1,0.1,0.31105555944175267,-0.4734997851724296,-0.02630970024746457,0.9999999995880701,0.0,0.0,-2.870296032751381e-05,-0.028338693801935957,0.06218311327857739,0.07037584833727187,0.0,0.0,-0.0002541309336434774,0.0,0.0,0.0,1.0,0.0,0.0,0.0,0.0,0.0,0.0,0.0,0.0,0.0,0.0,0.0,0.0,1.0,0.0,0.0,0.0,25.0,0.1,0.08,100.0,100.0,0.5,55.0,0.08,0.0,0.0,0.0031,0.0042,0.0055,0.0005
0,1763350626.7235794,-0.044497672584207365,-0.03145355144599431,0.40142884194626366,0.0002306533996023591,-0.019191641829622783,-0.006742632275057697,0.1484065349839469,0.00033874316815071174,0.312,-0.478,-0.033,0.976,0.007,-0.005,0.219,0.006,0.01,0.003,0.0,0.0,-0.005,0.466,-0.287,-0.007,0.975,0.006,0.005,0.22,-0.006,-0.001,0.012,-0.1,0.1,-0.1,0.31020141981022487,-0.4716008480660712,-0.025562708611645245,0.999999979530012,0.0,0.0,-0.00020233629369466173,-0.03360809814159093,0.06540773569798049,0.07388642904846217,0.0,0.0,-0.000694324246013907,0.2082549950546912,-0.3187379999456245,-0.022035770582472882,0.9837709381517645,-0.009967474586003923,-0.006598314197191803,0.17903031293088267,0.007106684292603062,0.0025994674016610137,-0.027656421592609268,0.0,0.0,-0.00028540585838817887,0.0,0.0,0.0,1.0,0.0,0.0,0.0,25.001638445241763,0.09999958389633418,0.08,100.0,100.0,0.5,55.0,0.08,2.5070954692876697e-05,-1.1839766480917552e-05,0.0016,0.0019,0.0044,0.0078
1,1763350626.7955701,-0.04927915776657002,-0.019981473671851307,0.4021068805318446,0.01840699439136477,-0.04059405313089101,0.04556530707846711,0.15392600865775374,0.09096819998366296,0.312,-0.479,-0.033,0.976,0.007,-0.005,0.219,0.001,0.001,0.003,0.0,0.0,-0.002,0.466,-0.287,-0.006,0.976,0.003,0.005,0.219,-0.011,-0.003,0.041,-0.3,0.2,-0.2,0.3059954892367699,-0.4743789794299157,-0.025443598895030874,0.9837861872000223,-0.009968036698036777,-0.006597464986954391,0.17894649919619907,-0.06892412136974528,0.04902918691065682,0.07333431620079571,0.0,0.0,-0.0004958714770987123,0.2501947103471152,-0.3831374512993547,-0.0270606514346544,0.9818524955629837,-0.010870624404514095,-0.012313057121429282,0.18893357326351806,-0.00144004504658677,0.0033190074794533526,-0.010330220278186213,0.0,0.0,-2.458781564521485e-05,0.0,0.0,0.008403361344537815,1.0,0.0,0.0,0.0,25.002602765543557,0.09999980633170064,0.08,100.0,100.0,0.5,55.0,0.08,-8.834895705919557e-05,-6.918688531414938e-05,0.0025,0.0024,0.0053,0.0099
2,1763350626.86934,-0.0502737658096403,-0.006709660619518448,0.4028055681790147,0.03167918888550009,-0.02345272437781519,0.05886601263472004,0.15428351843529248,0.07326359536743837,0.312,-0.479,-0.033,0.976,0.007,-0.005,0.219,-0.015,-0.013,0.005,0.0,0.0,-0.001,0.466,-0.286,0.002,0.975,0.004,-0.021,0.221,-0.029,-0.007,0.203,-0.4,-0.4,-0.1,0.30164415062222916,-0.47698071045023965,-0.025339958755585704,0.9819359866912662,-0.010876070832985007,-0.012308246579244767,0.18849916761097296,-0.09157456259274273,0.03841316933198826,0.07437811103158945,0.0,0.0,-0.021735737562704423,0.26775731554519827,-0.4112844293438047,-0.029014615766602664,0.9805857200194347,-0.013163364221376395,-0.015831047797482938,0.1950070497750694,-0.018193367352278556,0.0008868713716772662,0.008666481278334779,0.0,0.0,-8.499154280040834e-05,0.0,0.0,0.01680672268907563,1.0,0.0,0.0,0.0,25.00228128210737,0.0999997615779114,0.08,100.0,100.0,0.5,55.0,0.08,-0.0005405745197329902,-6.454198270025055e-05,0.0025,0.002,0.0037,0.0199
3,1763350626.9499872,-0.04683507349434281,-0.0010942610550147454,0.4201726460764025,0.04097001568113902,-0.0016592006021276598,0.025560875090199095,0.23788747755406953,0.05833382981025721,0.31,-0.479,-0.045,0.976,0.004,-0.017,0.219,-0.023,-0.001,-0.137,0.0,0.0,0.017,0.463,-0.287,0.031,0.976,-0.0,-0.022,0.219,-0.056,-0.03,0.492,0.0,0.4,-0.2,0.2975886256449364,-0.4739878095734657,-0.06543529081842091,0.9807589264425275,-0.01317745177859956,-0.015819323519464572,0.1941340567013174,-0.09827963442968882,0.05810790506290144,-0.06313241192402459,0.0,0.0,-0.0419034142996532,0.27643823281880053,-0.42681276917036726,-0.03631599133718016,0.9800448700330825,-0.014968831579657683,-0.017543617107742167,0.19743406064242042,-0.03557078253670228,0.007678915400180126,-0.011171663489666805,0.0,0.0,-9.900072328494202e-05,0.0,0.0,0.025210084033613446,1.0,0.0,0.0,0.0,24.987109287820513,0.10000208869440316,0.08,100.0,100.0,0.5,55.0,0.08,-0.0009387685855476034,-0.0002961428818384888,0.0024,0.004,0.0078,0.0274
4,1763350626.989799,-0.042897393576835995,-0.00341233070628292,0.416690240036172,0.04704121051526541,0.0021252470271555107,-0.012000696151971406,0.1401527120774983,0.04571973005105913,0.311,-0.478,-0.048,0.975,0.005,-0.022,0.219,-0.005,0.022,-0.115,0.0,0.0,0.003,0.457,-0.289,0.066,0.975,-0.006,-0.023,0.219,-0.102,-0.022,0.604,-0.1,-0.1,0.1,0.30272944510779626,-0.46727576252314723,-0.06279682903640331,0.9806647587169569,-0.015024274822217337,-0.017496159182795144,0.1943316407344145,-0.07162014309706097,0.09243117358330749,-0.006777758929034891,0.0,0.0,-0.06111188016328331,0.2822215119026243,-0.43573754916750224,-0.042250391334419976,0.9797428358513036,-0.018159828026914973,-0.015659278631606342,0.19881897101840174,-0.04431924440765621,0.02240526839424371,-0.015025497029241084,0.0,0.0,-0.021383555480924816,0.0,0.0,0.03361344537815126,1.0,0.0,0.0,0.0,24.97238984717846,0.1000033682905994,0.08,100.0,100.0,0.5,55.0,0.08,-0.0015612631989438746,-0.0019016319332302667,0.0018,0.0016,0.0043,0.0065
5,1763350627.06303,-0.043344339731301224,-0.0017342035951304208,0.33962763600299706,0.051007890700334,-0.01832125336363962,0.007111011540906402,-0.2290541801523105,0.03747385486856751,0.306,-0.477,0.02,0.976,0.002,-0.015,0.217,-0.041,0.009,0.52,0.0,0.0,-0.036,0.448,-0.29,0.109,0.977,-0.01,-0.015,0.214,-0.156,-0.012,0.659,0.2,1.1,-0.3,0.2916521455884934,-0.4677544256162104,0.1339944478619209,0.9808617761573557,-0.018248918763602913,-0.015555363229086978,0.19322314486677866,-0.0967566485954158,0.08676011197744594,0.6377475351605226,0.0,0.0,-0.0759710623048651,0.28390123403895245,-0.4419023124386158,-0.01702906300423586,0.978895903601849,-0.02086231033780353,-0.012334129208447633,0.20291733089008918,-0.05870097229592087,0.03328195437388953,0.10781624055620798,0.0,0.0,-0.04315013457572081,0.0,0.0,0.04201680672268907,1.0,0.0,0.0,0.0,25.04263431484133,0.10000167101732811,0.08,100.0,100.0,0.5,55.0,0.08,-0.004260954346779485,-0.002943240759140567,0.0014,0.0012,0.0034,0.015
6,1763350627.1350691,-0.03344009507705836,-0.009591202953347044,0.322655274511152,0.053596172304803145,0.03326709587197636,-0.03993532313925702,0.042498556041898394,0.032069367034970986,0.306,-0.47,0.05,0.977,0.001,-0.012,0.214,-0.017,0.103,0.715,0.0,0.0,-0.096,0.437,-0.291,0.154,0.977,-0.003,-0.021,0.213,-0.168,-0.013,0.677,0.2,-0.2,-0.0,0.29728495786114567,-0.441545599909223,0.20291282043750325,0.9806159233241833,-0.02096830801180925,-0.012153057026254792,0.1944351927689476,-0.06374158055605676,0.1777171180194193,0.7081767241900777,0.0,0.0,-0.08861568899952776,0.28535820196445466,-0.44181478197019936,0.0173959518702001,0.9792977851595828,-0.021333778853257327,-0.00920239306206325,0.20108712992955885,-0.06374708352075889,0.06599685711322711,0.26515622596849736,0.0,0.0,-0.0614403544284852,0.0,0.0,0.05042016806722689,1.0,0.0,0.0,0.0,25.13084585403879,0.09991434837744709,0.08,100.0,100.0,0.5,55.0,0.08,-0.004624663379958579,-0.007459567521626352,0.003,0.0023,0.0057,0.0157
7,1763350627.1938584,-0.037050881116002674,-0.007139091316168245,0.33802575795519685,0.05534295581090587,-0.030593965848618412,0.008663857078388851,0.19784814516190596,0.02883248214481479,0.302,-0.473,0.093,0.977,0.002,-0.01,0.213,-0.042,0.034,0.68,0.0,0.0,-0.072,0.424,-0.292,0.195,0.977,-0.005,-0.021,0.21,-0.21,-0.01,0.598,-0.0,0.1,-0.1,0.2892193844134847,-0.4590517684800796,0.22265966498018214,0.9809259846766407,-0.02140909220010025,-0.009025792452522155,0.19298807846065127,-0.08141079046997061,0.09976269794829466,0.5085168363846073,0.0,0.0,-0.09155893400336865,0.2847244690478503,-0.44339865688369423,0.055748936527773726,0.9791919636568974,-0.02068420492060412,-0.00869635278044209,0.20169193197763197,-0.07232175899738491,0.07811258656771577,0.3776704594301249,0.0,0.0,-0.07474458993405358,0.0,0.0,0.058823529411764705,1.0,0.0,0.0,0.0,25.196469168685194,0.09974189211830041,0.08,100.0,100.0,0.5,55.0,0.08,-0.009893402221677764,-0.00880186403523226,0.0017,0.0016,0.0045,0.0114
8,1763350627.2732565,-0.03340695703010539,-0.0006701621178824809,0.343657355547911,0.056612455861462255,0.004325540010985403,0.029667486747865724,0.15491764719676943,0.02710110868187162,0.29,-0.466,0.169,0.978,0.002,-0.004,0.209,-0.097,0.062,0.687,0.0,0.0,-0.076,0.411,-0.291,0.222,0.979,-0.004,-0.007,0.202,-0.206,0.002,0.353,0.3,0.2,-0.2,0.2669214945649167,-0.4476893120357739,0.27555851794604147,0.9809150494762923,-0.02075931952799579,-0.008515488101924578,0.19313778197453713,-0.13308291365528258,0.11877079946530594,0.3939307178308003,0.0,0.0,-0.09519440094522791,0.2802929303685936,-0.4422756711839969,0.10224036148311698,0.9790755868887515,-0.021094167792448774,-0.00786665828542325,0.20224773652877054,-0.08665283041598848,0.08969374512801971,0.3475585990604249,0.0,0.0,-0.08412701853369949,0.0,0.0,0.06722689075630252,1.0,0.0,0.0,0.0,25.273477937792684,0.09941987924564871,0.08,100.0,100.0,0.5,55.0,0.08,-0.013028248527983025,-0.007641168159126672,0.0032,0.0046,0.007,0.0172
9,1763350627.3296008,-0.02189772753248917,0.005365928524011211,0.3422903711991298,0.05733661770420623,0.04501853860179157,0.029929142415262525,0.12203658658656108,0.024850480161768225,0.284,-0.46,0.188,0.978,0.004,-0.004,0.206,-0.153,0.132,0.651,0.0,0.0,-0.116,0.395,-0.292,0.237,0.979,-0.003,-0.026,0.202,-0.258,-0.011,0.198,-0.2,-0.3,-0.1,0.24967443725755425,-0.4281355489879897,0.2891931585139778,0.9811273308110344,-0.021174892685392025,-0.007646708258965604,0.19204768290239657,-0.1886570495002233,0.18606932941831497,0.3921142499989347,0.0,0.0,-0.10086953082580627,0.27322904318707103,-0.4375153167161943,0.14324202991623258,0.979263162480624,-0.017892753437592637,-0.009127668032322516,0.20159413101367865,-0.10763839390971752,0.10954591454726766,0.30433312034088245,0.0,0.0,-0.0907308654286799,0.0,0.0,0.07563025210084033,1.0,0.0,0.0,0.0,25.354052852005683,0.09900166168171932,0.08,100.0,100.0,0.5,55.0,0.08,-0.011185910964548665,-0.005265133491144739,0.0019,0.002,0.0082,0.0097
10,1763350627.4175477,-0.024457115073612038,0.007229062708030917,0.34625742000343124,0.05776038160896389,-0.021008585530297802,0.01132789411660274,0.1481941332211805,0.023620051162865686,0.278,-0.458,0.21,0.979,0.005,-0.003,0.205,-0.13,0.082,0.552,0.0,0.0,-0.094,0.379,-0.292,0.239,0.98,-0.001,-0.023,0.2,-0.25,-0.007,0.007,0.1,0.2,-0.1,0.24833316691427415,-0.4362188987580554,0.2983942540096046,0.981181391142297,-0.017980861939343146,-0.008952851680054047,0.19204065383866015,-0.16151603094918407,0.13416842436299378,0.3377065833789276,0.0,0.0,-0.10047408935294691,0.2665474024511491,-0.4343019878122537,0.17739675301525792,0.9793686907988846,-0.018130504919542104,-0.008782677552281386,0.20107490357887542,-0.12223035391028492,0.1179163198338712,0.28180792163143686,0.0,0.0,-0.09508741183442693,0.0,0.0,0.08403361344537814,1.0,0.0,0.0,0.0,25.418289303330813,0.09862668027711008,0.08,100.0,100.0,0.5,55.0,0.08,-0.01518700805618098,-0.0038057513577617963,0.0031,0.0024,0.0056,0.0317
11,1763350627.4560966,-0.01704800419737443,0.014710042666774854,0.3787070194583818,0.05808812705771483,0.02787413622858352,0.040115798309231274,0.29209452977603967,0.02329887034711617,0.253,-0.44,0.227,0.98,0.006,-0.001,0.199,-0.198,0.114,0.221,0.0,0.0,-0.095,0.361,-0.293,0.233,0.98,0.002,-0.022,0.197,-0.279,-0.005,-0.132,0.1,0.0,-0.1,0.21047219606136722,-0.4120215003916641,0.2513710064615293,0.9813071744234217,-0.01821637779387415,-0.008603151381658748,0.1913906444722295,-0.22103224264029037,0.1631366576950957,0.02886422509362712,0.0,0.0,-0.101427161089554,0.25504525182443527,-0.4281202276299791,0.19735000340717482,0.9791904640470849,-0.017550545173002908,-0.00678618619680924,0.20206919894008374,-0.1445393321337967,0.13051578568991862,0.21848355691805554,0.0,0.0,-0.09817148805244977,0.0,0.0,0.09243697478991596,1.0,0.0,0.0,0.0,25.420009870768805,0.09861880009976301,0.08,100.0,100.0,0.5,55.0,0.08,-0.014616154500085268,0.0013233412654797341,0.0019,0.0014,0.0046,0.0069
12,1763350627.5406437,-0.011576063653613345,0.017875852579720707,0.3831171576964156,0.05836687625789614,0.02096670114479003,0.021345315564769835,0.16406582348706222,0.023176793647549647,0.244,-0.434,0.229,0.98,0.007,-0.0,0.197,-0.215,0.135,0.14,0.0,0.0,-0.101,0.341,-0.293,0.217,0.981,-0.002,-0.019,0.192,-0.299,-0.006,-0.281,-0.1,0.0,-0.2,0.19903931973175057,-0.40222950009235847,0.23950683183955926,0.9811915494540747,-0.017618538899765744,-0.0066076505661862425,0.1921173321721512,-0.22859381476389604,0.18175571411482053,0.016687480998868104,0.0,0.0,-0.10252076323402777,0.24259106745323236,-0.4207935087462052,0.21103065324148773,0.9791481145498937,-0.014402724978225522,-0.0036399507335204318,0.20260375624663893,-0.1627681772472823,0.14282528280781176,0.14895074903367433,0.0,0.0,-0.10016981369975005,0.0,0.0,0.10084033613445378,1.0,0.0,0.0,0.0,25.41860721411323,0.09862929513115161,0.08,100.0,100.0,0.5,55.0,0.08,-0.01324218391034315,0.006198151187119293,0.0029,0.0081,0.0065,0.0137
13,1763350627.597347,-0.007663524651417868,0.020037464760217186,0.4006529335462505,0.05855549548717751,0.015221671140872368,0.017511505619877653,0.23134781338533006,0.022830674743117937,0.222,-0.42,0.216,0.981,0.008,0.001,0.192,-0.23,0.142,-0.067,0.0,0.0,-0.103,0.321,-0.294,0.196,0.982,0.003,-0.014,0.188,-0.319,-0.017,-0.341,0.1,0.4,-0.2,0.17493748028039993,-0.3869699848078519,0.19313387556809805,0.9811760365286439,-0.014439326295310128,-0.0034919313106678974,0.19254323569993373,-0.23372628883445928,0.18671895333986738,-0.11545340754800398,0.0,0.0,-0.10316349787005268,0.22824713635316116,-0.4122901267256194,0.2126913565575032,0.9790369497864905,-0.014404604807387006,-0.002125465300065629,0.2031616122951528,-0.1785545946310082,0.1539525862299861,0.06518495911071286,0.0,0.0,-0.10142507089101879,0.0,0.0,0.1092436974789916,1.0,0.0,0.0,0.0,25.385710958220315,0.09881403137005669,0.08,100.0,100.0,0.5,55.0,0.08,-0.011643168347261238,0.01145536722380619,0.0027,0.0021,0.0047,0.0131
14,1763350627.6649346,-0.001966540548808236,0.021735969590696735,0.40827214903485837,0.058736446436311866,0.025611098768766466,0.016006573437479195,0.1883409275228835,0.0228630655533633,0.203,-0.407,0.195,0.982,0.009,0.001,0.188,-0.249,0.167,-0.188,0.0,0.0,-0.106,0.3,-0.295,0.171,0.983,0.006,-0.01,0.186,-0.34,-0.01,-0.403,0.2,0.4,-0.1,0.15315178391774306,-0.36904285263091746,0.15944334385769698,0.981097748892075,-0.014425939491059829,-0.001975477714139139,0.19296423729930914,-0.24215796113522384,0.20927825327798272,-0.14085725505730587,0.0,0.0,-0.1037638261086598,0.2123603758832983,-0.40216141426701985,0.20508099428325965,0.9789234423031702,-0.012540925631419389,0.0013419291465113512,0.2038377259483259,-0.19258881404977976,0.1679964929022281,0.02809178258371533,0.0,0.0,-0.10230055488054096,0.0,0.0,0.11764705882352941,1.0,0.0,0.0,0.0,25.329748151488968,0.09908121687898108,0.08,100.0,100.0,0.5,55.0,0.08,-0.008253281650194342,0.0169896652180679,0.0047,0.0015,0.0056,0.0119
15,1763350627.7456477,-0.005094865120959654,0.025085240795424978,0.40514322383130574,0.058888624301588574,-0.01637907556656018,0.02489734462015248,0.13745742987030857,0.022787056740000446,0.193,-0.404,0.19,0.982,0.009,0.003,0.187,-0.264,0.124,-0.171,0.0,0.0,-0.094,0.278,-0.297,0.145,0.984,0.013,0.0,0.178,-0.363,-0.025,-0.436,0.8,0.7,-0.4,0.14130178691811712,-0.3751383231467294,0.16116064453983328,0.9809108386095402,-0.012526894654175317,0.0014671400240748524,0.1940485792496347,-0.2467165406666504,0.16095817096116796,-0.08478978264425059,0.0,0.0,-0.10306437480857308,0.1960393616051281,-0.3940058287264054,0.19750181200802838,0.9786550344857087,-0.010499908431637556,0.0039225240860991896,0.2052040184876932,-0.20333574934235554,0.17209981724825754,-0.0015224356539899377,0.0,0.0,-0.10289575995437396,0.0,0.0,0.12605042016806722,1.0,0.0,0.0,0.0,25.284650010407983,0.09925477987045116,0.08,100.0,100.0,0.5,55.0,0.08,-0.00995412591992133,0.025025364781767652,0.0029,0.0075,0.0111,0.0153
16,1763350627.7994492,-0.0021476968322303005,0.030546156338708656,0.42403208143011867,0.0591471652119447,0.012825267023286903,0.03671154301470275,0.24637299693080458,0.02337593866487639,0.163,-0.386,0.15,0.983,0.011,0.001,0.181,-0.304,0.137,-0.328,0.0,0.0,-0.105,0.256,-0.299,0.123,0.983,0.008,-0.017,0.18,-0.347,-0.041,-0.334,0.1,-0.4,-0.0,0.10425065919096917,-0.3550082780574919,0.09601207934640507,0.9807386023082643,-0.010458497269226923,0.004031638271022675,0.19500297349054338,-0.27833468966038455,0.1696647544247757,-0.20729462976045943,0.0,0.0,-0.10424343709571458,0.17667910435222434,-0.38443909059245107,0.17976297234844316,0.9781204315394031,-0.008856432376070202,0.005962840063524894,0.20776532325948183,-0.21644270552897593,0.1770274098482489,-0.024737016528182894,0.0,0.0,-0.10338927557285583,0.0,0.0,0.13445378151260504,1.0,0.0,0.0,0.0,25.20185437497156,0.0995055064001204,0.08,100.0,100.0,0.5,55.0,0.08,-0.00890154967341315,0.03575331773902288,0.0018,0.0022,0.005,0.0158
17,1763350627.8707702,-0.0024196351891457605,0.03895000052806727,0.4272287048973279,0.05961462550059939,-0.0021650780966636675,0.0534740295738088,0.17499514787234025,0.024517488397752772,0.138,-0.381,0.128,0.984,0.011,0.001,0.178,-0.346,0.108,-0.338,0.0,0.0,-0.092,0.232,-0.302,0.103,0.985,0.007,-0.011,0.174,-0.36,-0.049,-0.289,-0.2,-0.1,-0.1,0.07165874654110237,-0.35618942855825714,0.07351658972348912,0.9801405386124712,-0.00879662515600875,0.006050722429574518,0.19801649606131275,-0.3120640647764132,0.1389228324218553,-0.18399001297633163,0.0,0.0,-0.10352899943109968,0.1548276447208855,-0.37630331857185434,0.16054417141112526,0.9774085359382547,-0.006585081050205337,0.007785689609543613,0.2111127035966892,-0.23181100857410414,0.17549922114627808,-0.039404177186324635,0.0,0.0,-0.10372989040666791,0.0,0.0,0.14285714285714285,1.0,0.0,0.0,0.0,25.118809309054527,0.09968938371947975,0.08,100.0,100.0,0.5,55.0,0.08,-0.009901343934798395,0.0510178040943789,0.0036,0.0025,0.0087,0.0146
18,1763350627.9223123,-0.001716793473386733,0.04037474456634455,0.4454276692625491,0.06022765686197752,0.002606845382865479,0.021729970389411633,0.2512055861626042,0.025420641369615433,0.126,-0.377,0.105,0.984,0.012,-0.001,0.176,-0.344,0.115,-0.485,0.0,0.0,-0.106,0.208,-0.306,0.087,0.985,0.008,-0.016,0.172,-0.362,-0.062,-0.212,0.0,-0.3,-0.0,0.06087738324701505,-0.35080964825945654,0.02318361131175151,0.9795708953957712,-0.0065029856136480345,0.00785438942519503,0.20084043576529367,-0.30059169749464887,0.14704668972076915,-0.30440064744815276,0.0,0.0,-0.10535253819759179,0.13354289547834985,-0.3682661030358798,0.13456753752178344,0.9770129857012197,-0.0067954367584794435,0.009419657430576225,0.21286314350854715,-0.2420550779316451,0.17471544386049254,-0.08345947291764938,0.0,0.0,-0.10409862243824909,0.0,0.0,0.15126050420168066,1.0,0.0,0.0,0.0,25.00750425656161,0.09984902696928126,0.08,100.0,100.0,0.5,55.0,0.08,-0.010709510511405486,0.06474009864192862,0.0019,0.0018,0.0039,0.0067
19,1763350627.990563,0.0008923805698089491,0.03755034663558437,0.4074980974363611,0.06075074430203533,0.012402072663458386,0.0010185395585782797,-0.02261248315748371,0.0252008085235306,0.102,-0.366,0.104,0.985,0.013,0.002,0.171,-0.309,0.137,-0.162,0.0,0.0,-0.124,0.184,-0.311,0.08,0.986,0.007,-0.007,0.168,-0.365,-0.067,-0.064,-0.1,0.4,-0.1,0.04500303103986024,-0.3351418406058483,0.09261332183743574,0.9793366058353581,-0.006689471192963508,0.009495203105063889,0.2019032059280701,-0.25378865153547686,0.17213227622213237,0.07530624682823345,0.0,0.0,-0.10776868472055355,0.1132493368644608,-0.359043561812236,0.1227452054939935,0.9773685082598127,-0.00595699786218005,0.01192456405993368,0.21112346627137155,-0.2422598261491082,0.178112098875226,-0.040623295022514244,0.0,0.0,-0.10462916919437415,0.0,0.0,0.15966386554621848,1.0,0.0,0.0,0.0,24.972918294365005,0.0998706689758406,0.08,100.0,100.0,0.5,55.0,0.08,-0.011998059383912681,0.07467735600740306,0.002,0.0018,0.0039,0.0082
20,1763350628.077326,-0.0030988780368410365,0.04495420543965445,0.4050414283781163,0.0608493067578558,-0.019621650319571575,0.051100674008694516,0.14052844124741193,0.02327434139236561,0.072,-0.362,0.095,0.986,0.013,0.003,0.167,-0.353,0.073,-0.094,0.0,0.0,-0.109,0.159,-0.317,0.082,0.987,0.01,0.004,0.162,-0.414,-0.102,0.084,0.2,0.9,-0.3,0.0073338180667060415,-0.34375959625593855,0.0979700755112884,0.9795748174298059,-0.005828870484521078,0.01198771539636134,0.20063772328705587,-0.29056681497519316,0.10814266824576123,0.09617496804562554,0.0,0.0,-0.10739187030083021,0.09029723916673012,-0.3528154648513309,0.11483264717119605,0.9776185241160051,-0.006162805395247499,0.015213443281630767,0.20974411142728358,-0.245931273732049,0.17202027755025953,0.005966321360709178,0.0,0.0,-0.1052934871511481,0.0,0.0,0.1680672268907563,1.0,0.0,0.0,0.0,24.943664900470736,0.09987572801933466,0.08,100.0,100.0,0.5,55.0,0.08,-0.018476230812897225,0.09299317102222907,0.0029,0.0085,0.0043,0.0186
21,1763350628.126421,-0.0069624672620992555,0.04689567736732551,0.41578664503867563,0.06080803312535612,-0.02048002539010648,0.02656518667822569,0.2056166189445901,0.02261212187169756,0.059,-0.36,0.088,0.986,0.013,0.002,0.165,-0.344,0.053,-0.139,0.0,0.0,-0.103,0.135,-0.323,0.093,0.988,0.011,0.01,0.157,-0.383,-0.107,0.177,0.1,0.4,-0.2,-0.0032456612700544514,-0.34575174435129363,0.07988801569285985,0.9797771416433982,-0.006001943402910924,0.015277620960455268,0.19941746083597925,-0.2774217693213474,0.0878008918507257,0.010815544347658418,0.0,0.0,-0.107256002405025,0.06843098265366336,-0.3478976230981304,0.10535640399426195,0.9782283624033759,-0.005866078232527633,0.016770019319510377,0.20676950105806854,-0.24372977157418554,0.1645480839163103,0.06586476318130763,0.0,0.0,-0.10618907084279458,0.0,0.0,0.1764705882352941,1.0,0.0,0.0,0.0,24.885471188126292,0.0998821243032856,0.08,100.0,100.0,0.5,55.0,0.08,-0.027020924112858558,0.11156153396488983,0.002,0.004,0.0052,0.0065
22,1763350628.1993582,-0.00641198720770058,0.05361936581851379,0.4014642418476643,0.06055517768882486,0.00014147504870615397,0.05120432126868846,0.08430797593444683,0.021538735239352222,0.034,-0.357,0.104,0.987,0.013,0.005,0.162,-0.379,0.053,0.059,0.0,0.0,-0.108,0.111,-0.331,0.107,0.987,0.006,-0.013,0.157,-0.359,-0.113,0.217,-0.2,-0.2,-0.1,-0.035235919118442476,-0.3430299378113199,0.12292010259519316,0.9803967845476428,-0.005685275013960076,0.016832173651151743,0.1962307326257439,-0.3100451486141983,0.08846297668706093,0.14936225227440386,0.0,0.0,-0.1077164013682878,0.044878072850459375,-0.3432481003689036,0.10873092921360071,0.9787856966234094,-0.004748194844112167,0.016793091287458747,0.2041421240610583,-0.24829163193591558,0.15645161156541804,0.08102056975221873,0.0,0.0,-0.10710527621212954,0.0,0.0,0.18487394957983191,1.0,0.0,0.0,0.0,24.87823311068035,0.0998823723896338,0.08,100.0,100.0,0.5,55.0,0.08,-0.033285483866570244,0.1338491640948905,0.0042,0.0022,0.0057,0.0122
23,1763350628.2613306,-0.01067590422676699,0.05441399818841284,0.37764657528436096,0.06004434274860346,-0.02372408029821977,0.024080424031437883,0.03146075787635707,0.02015401693220234,0.014,-0.357,0.135,0.987,0.012,0.01,0.159,-0.338,0.026,0.256,0.0,0.0,-0.1,0.087,-0.339,0.123,0.988,0.005,-0.011,0.154,-0.401,-0.137,0.301,-0.1,-0.1,-0.1,-0.04652494393969273,-0.34803775683751964,0.19471880784419912,0.980867848899751,-0.004572247002844526,0.016841847482136737,0.19389097381133763,-0.2642617065165451,0.06599682931749144,0.3373361537026818,0.0,0.0,-0.10673339943725463,0.023294324843087338,-0.3402668874982287,0.12305887486524852,0.9801048518506713,-0.005707777816030584,0.018672202855104014,0.19751771943730667,-0.2436824645794219,0.14543657934251356,0.12951216850626873,0.0,0.0,-0.10749130253606909,0.0,0.0,0.19327731092436973,1.0,0.0,0.0,0.0,24.91117413149042,0.09986365318449549,0.08,100.0,100.0,0.5,55.0,0.08,-0.04354804601940232,0.15423906127723272,0.0037,0.0015,0.0079,0.0068
24,1763350628.3350518,-0.018802343144700136,0.05096031350562893,0.4064087844983848,0.058923020467226486,-0.044635658674703343,0.0031368259067352557,0.2854285118017544,0.01691001712384145,0.001,-0.361,0.125,0.988,0.012,0.008,0.157,-0.3,-0.022,0.036,0.0,0.0,-0.094,0.065,-0.347,0.14,0.989,0.005,-0.01,0.15,-0.365,-0.135,0.273,-0.0,0.0,-0.1,-0.051428034960879374,-0.36116092184433846,0.1405626173772077,0.9820717102914223,-0.0055167083617804705,0.018729543932258116,0.18749380245283212,-0.22292330247013703,0.021589093073594214,0.07268647218461184,0.0,0.0,-0.10553807518624402,0.004142158588551558,-0.34014483253452343,0.1262465498299717,0.981863576915595,-0.0067441885870660615,0.019341570995176343,0.18847900646558585,-0.23146032397599994,0.13002845118868006,0.15357236520971418,0.0,0.0,-0.10755894188464493,0.0,0.0,0.20168067226890757,1.0,0.0,0.0,0.0,24.8795501281274,0.09989423586770235,0.08,100.0,100.0,0.5,55.0,0.08,-0.05881925563844302,0.17326673842442952,0.0036,0.0019,0.0045,0.0165
25,1763350628.3968673,-0.018881896739472555,0.06122778397837983,0.3894220687581913,0.05749812066038969,-0.007448646653124643,0.07044746992836531,0.06746971548592703,0.014971633641025956,-0.048,-0.365,0.16,0.988,0.012,0.012,0.151,-0.365,-0.023,0.207,0.0,0.0,-0.102,0.039,-0.357,0.16,0.989,0.002,-0.01,0.146,-0.418,-0.166,0.275,-0.2,0.2,-0.1,-0.11319605901531885,-0.3651664214490728,0.20189293725271978,0.9837795857528706,-0.006541699213028249,0.01941099223804967,0.17820815415589433,-0.2852686958927472,0.02487088591633086,0.22715600114005982,0.0,0.0,-0.1046870456026673,-0.01996959394057872,-0.34069142022484944,0.14039392931332376,0.9829431961000558,-0.007277926837755898,0.021698053091597422,0.18247986056983342,-0.23158362771167715,0.11753133512915956,0.17511973699225306,0.0,0.0,-0.10733360969078282,0.0,0.0,0.21008403361344538,1.0,0.0,0.0,0.0,24.887165610414456,0.0998763728268408,0.08,100.0,100.0,0.5,55.0,0.08,-0.06944951194598363,0.1997660730576642,0.0011,0.0011,0.0028,0.0174
26,1763350628.4679947,-0.01640215119872202,0.0656762967570597,0.3864102024945678,0.05591174143195406,0.005318016426450446,0.04520298288529176,0.13097394446620422,0.01362989910546801,-0.076,-0.364,0.18,0.989,0.012,0.014,0.146,-0.364,-0.006,0.236,0.0,0.0,-0.118,0.018,-0.366,0.174,0.99,0.005,-0.006,0.142,-0.345,-0.148,0.263,-0.1,-0.6,-0.1,-0.14087128808509353,-0.36024226705856444,0.2254791353325769,0.9848790634529608,-0.007040322505788846,0.02177630790643793,0.17172494473720923,-0.28354056187587173,0.04771318284508299,0.23529165683853676,0.0,0.0,-0.103913724542772,-0.04435561898995462,-0.3406629998766486,0.15726985426091084,0.9839001568923543,-0.00879861656953538,0.022443235149162737,0.1770857611715351,-0.2316956367433712,0.11012715680950752,0.16218465160918483,0.0,0.0,-0.10675767255130533,0.0,0.0,0.2184873949579832,1.0,0.0,0.0,0.0,24.90496004404155,0.0998315179694165,0.08,100.0,100.0,0.5,55.0,0.08,-0.07705271948973727,0.22446150355090913,0.0028,0.0023,0.0055,0.0146
27,1763350628.5438576,-0.031617695193395454,0.07028548127342649,0.3793374770650217,0.05409434059391058,-0.08222852667288791,0.04767453386573135,0.10954019878773216,0.01187989884676539,-0.083,-0.37,0.187,0.989,0.01,0.015,0.146,-0.345,-0.143,0.281,0.0,0.0,-0.055,-0.004,-0.375,0.186,0.99,0.007,0.006,0.138,-0.351,-0.165,0.203,-0.2,-0.3,-0.0,-0.14380764890747344,-0.3927379708537465,0.24760097355242058,0.9853644423701369,-0.008608251765892272,0.022516937159243678,0.16874774444445434,-0.26069446186966744,-0.08239411352044405,0.2999126129042549,0.0,0.0,-0.09615053030249608,-0.06641290953020915,-0.3472055113007956,0.17418192381049954,0.9857453543832357,-0.010720903989091427,0.02070660254598021,0.16662051236425984,-0.22595140642258849,0.0859984580833306,0.2101711603660593,0.0,0.0,-0.10498485134020903,0.0,0.0,0.226890756302521,1.0,0.0,0.0,0.0,24.920596166545927,0.09978013626936824,0.08,100.0,100.0,0.5,55.0,0.08,-0.09836027367600153,0.25528278538368193,0.0024,0.0016,0.0084,0.0232
28,1763350628.5892339,-0.029929201577939147,0.06763099799906856,0.40562131782611904,0.052056642371461695,-0.0034141676202417495,0.013084639105745276,0.27367075770487,0.010096886610472049,-0.111,-0.375,0.198,0.99,0.009,0.014,0.142,-0.325,-0.079,0.082,0.0,0.0,-0.085,-0.026,-0.385,0.198,0.991,0.003,0.004,0.135,-0.332,-0.148,0.149,0.2,0.6,-0.2,-0.1675876706902483,-0.3847836365247341,0.21216659342155347,0.9872665099624673,-0.010525990051852492,0.020806362122408925,0.15735671938366383,-0.23682901398626058,-0.01540918898009403,0.051727005122578926,0.0,0.0,-0.09582757796469227,-0.08813530482783234,-0.3513598457408575,0.18316823122542852,0.9867488786356615,-0.011987995156974473,0.02366388770367864,0.16007173049020357,-0.21972006810807906,0.07600884141553106,0.1863328109306205,0.0,0.0,-0.10287840015019092,0.0,0.0,0.23529411764705882,1.0,0.0,0.0,0.0,24.895442259537738,0.09986085740729958,0.08,100.0,100.0,0.5,55.0,0.08,-0.1116979235412818,0.2779049462524301,0.0012,0.0015,0.0041,0.0066
29,1763350628.6579182,-0.03459073292985044,0.0689531154016714,0.39848275455941995,0.049974010705447616,-0.03453110735128361,0.03197221126266492,0.11641517785129893,0.00910808255922777,-0.132,-0.383,0.21,0.99,0.009,0.016,0.14,-0.324,-0.121,0.133,0.0,0.0,-0.08,-0.046,-0.394,0.206,0.991,-0.001,0.01,0.131,-0.314,-0.14,0.111,0.1,0.6,-0.2,-0.1875926789397555,-0.40057900998213813,0.23411021477437485,0.9881508317164962,-0.011774334696620028,0.023770920293247504,0.15117619577453573,-0.22833414555079912,-0.048438633536350105,0.1374700545899204,0.0,0.0,-0.09222354710818322,-0.10966178870391552,-0.35781461582793406,0.19427296592110457,0.9878010084280412,-0.011726057489302609,0.025764516028959395,0.15312693113262585,-0.21127630652064733,0.061809582733549626,0.17224859113340074,0.0,0.0,-0.10033059747356347,0.0,0.0,0.24369747899159663,1.0,0.0,0.0,0.0,24.885444199991195,0.09989088758942187,0.08,100.0,100.0,0.5,55.0,0.08,-0.1279564470820784,0.3030400065959632,0.0019,0.0018,0.0059,0.007
30,1763350628.7362041,-0.03875091430923038,0.07273544036560282,0.3913852119140345,0.047960589825814144,-0.033772431745593606,0.04476904309528388,0.11394331973285549,0.008673149616375476,-0.155,-0.394,0.225,0.99,0.006,0.019,0.138,-0.335,-0.141,0.176,0.0,0.0,-0.072,-0.065,-0.403,0.212,0.992,-0.003,-0.005,0.13,-0.326,-0.154,0.098,-0.0,-0.1,-0.1,-0.2123355330238082,-0.41459039744426235,0.2599266727908921,0.9890661344281727,-0.011506772727796502,0.025863195700449974,0.14473033896478935,-0.23651087070587698,-0.0600940575615465,0.19740792183034558,0.0,0.0,-0.08821262589833308,-0.1316653525912958,-0.3658085845103836,0.20757355155241133,0.9885431079588706,-0.01644101329485919,0.02717531025708106,0.1475592060878841,-0.20483817286491598,0.04943909085812909,0.15570145146331363,0.0,0.0,-0.09733482135187728,0.0,0.0,0.25210084033613445,1.0,0.0,0.0,0.0,24.88865283026283,0.09986467898731881,0.08,100.0,100.0,0.5,55.0,0.08,-0.14472236080483183,0.33006856079182145,0.002,0.0018,0.0064,0.0179
31,1763350628.7960923,-0.03312236710274799,0.0673145110170166,0.4077479358114591,0.04616574068035689,0.013611143166450596,0.0001711433941699106,0.22858307395488545,0.009010975457394028,-0.183,-0.401,0.221,0.991,0.005,0.018,0.134,-0.289,-0.08,0.009,0.0,0.0,-0.083,-0.084,-0.412,0.218,0.992,-0.006,0.0,0.126,-0.312,-0.154,0.128,-0.5,-0.7,0.0,-0.2307761550647268,-0.40842468650130037,0.22910676650427242,0.9897848342297461,-0.016204875336192373,0.02731677911227486,0.1389862494028233,-0.18879225318743675,0.008011869657772229,0.05324065951276209,0.0,0.0,-0.08583421380026196,-0.1521343714243224,-0.37135499743979244,0.21090344475828515,0.9890639901795302,-0.017278597517945873,0.0272987503472796,0.14390500904220235,-0.19120705639548136,0.05236270688181658,0.16055873291483858,0.0,0.0,-0.09402186867984318,0.0,0.0,0.26050420168067223,1.0,0.0,0.0,0.0,24.854432243829848,0.10000894213321185,0.08,100.0,100.0,0.5,55.0,0.08,-0.1564614066762835,0.34857843603513966,0.0018,0.0016,0.0049,0.0132
32,1763350628.863255,-0.03335483396957238,0.08236270784173226,0.4008722881831068,0.044771480847965485,-0.013583221997652453,0.10048392575495951,0.11852723778753572,0.010340853593176843,-0.192,-0.404,0.224,0.991,0.005,0.019,0.133,-0.415,-0.128,0.102,0.0,0.0,-0.073,-0.101,-0.421,0.222,0.992,-0.005,0.0,0.124,-0.27,-0.129,0.077,-0.1,-0.2,-0.1,-0.2650673323457489,-0.42061577518254106,0.24678788894519857,0.9901939450249316,-0.01705756271441473,0.0274374061630117,0.1359123965400233,-0.3141371182026703,-0.03566650580080754,0.14281150965059627,0.0,0.0,-0.08197686326344826,-0.17703472291066066,-0.37869126240027984,0.2188541276712306,0.9890885087775995,-0.01947915759550778,0.027722839200274428,0.14337338808213243,-0.1988186690847732,0.049482386635379454,0.16018511085697143,0.0,0.0,-0.09045621812586944,0.0,0.0,0.2689075630252101,1.0,0.0,0.0,0.0,24.839246927142742,0.10005882678256298,0.08,100.0,100.0,0.5,55.0,0.08,-0.17014708968769232,0.3816505983774359,0.0033,0.0038,0.004,0.0109
33,1763350628.92734,-0.03530984212908434,0.07952430487776022,0.4169800941345999,0.043554005116170344,-0.022283103536149453,0.016694000620789455,0.2308661378261308,0.010701926659011377,-0.222,-0.417,0.221,0.991,0.003,0.017,0.13,-0.333,-0.127,-0.042,0.0,0.0,-0.07,-0.118,-0.428,0.226,0.993,-0.004,0.001,0.122,-0.239,-0.114,0.104,-0.5,-0.9,0.0,-0.27852645682506255,-0.43287247531773465,0.21590133837952027,0.990171929875381,-0.019263313614512723,0.02787325138091769,0.1356891885630856,-0.22942556981506854,-0.03173896535935107,0.004174976230561237,0.0,0.0,-0.07926028341213742,-0.19882032234516628,-0.38655617251355195,0.21965738715496574,0.9894644083136408,-0.021303056927620075,0.028608939577628566,0.140313552525474,-0.19297374248497443,0.04826039149722857,0.12768859505857688,0.0,0.0,-0.08691057688730398,0.0,0.0,0.2773109243697479,1.0,0.0,0.0,0.0,24.801216495502835,0.10022528304161044,0.08,100.0,100.0,0.5,55.0,0.08,-0.1855319207148277,0.4059586990697025,0.0023,0.0016,0.0056,0.0099
34,1763350629.0068047,-0.0344011441493377,0.07228640943608197,0.3890364232812158,0.042402989282125284,-0.008697700899673404,-0.006367862879231252,0.016649181033554557,0.010577672748338564,-0.235,-0.42,0.245,0.992,0.003,0.022,0.127,-0.267,-0.089,0.17,0.0,0.0,-0.081,-0.134,-0.435,0.23,0.993,-0.004,0.009,0.116,-0.244,-0.116,0.078,-0.1,-0.2,0.0,-0.2777849958414986,-0.4281258173672145,0.2863525085809577,0.9905551281997929,-0.02107353090967755,0.028778428609232458,0.13239428363367642,-0.1557379276901826,0.008153809859495941,0.2568110526747279,0.0,0.0,-0.07808838121311443,-0.216930292171692,-0.392461140778322,0.2307456310999495,0.9901767870628354,-0.019665334352817036,0.02728397951795075,0.13571584081593457,-0.17653620416126717,0.05362907679908768,0.16010886813865255,0.0,0.0,-0.08367718729452032,0.0,0.0,0.2857142857142857,1.0,0.0,0.0,0.0,24.801992363120156,0.10020811422926502,0.08,100.0,100.0,0.5,55.0,0.08,-0.19870800596517593,0.42463353023176315,0.0032,0.0047,0.0094,0.0148
35,1763350629.0614176,-0.036082996389702096,0.06462064725857568,0.4442682137462196,0.04115136565617252,-0.021309690257823588,-0.011221407349000616,0.4220476110554746,0.009643002851033167,-0.25,-0.428,0.217,0.992,0.004,0.018,0.125,-0.24,-0.103,-0.28,0.0,0.0,-0.079,-0.148,-0.442,0.237,0.993,-0.007,-0.002,0.116,-0.201,-0.099,0.098,-0.2,-0.4,-0.0,-0.28674990836742653,-0.43909423588000823,0.16780912137605297,0.9912034559726528,-0.019452305424864105,0.0274362666411056,0.12800221855235655,-0.12672158013188467,-0.008722790648636295,-0.2267485192156099,0.0,0.0,-0.0760168704334253,-0.23344651937176072,-0.39903487721724573,0.21938522314192316,0.9905214441602248,-0.019972064883507435,0.031717735413890474,0.13214526303748517,-0.15728475299627,0.05487881315473036,0.10466852762387863,0.0,0.0,-0.0809454754254014,0.0,0.0,0.29411764705882354,1.0,0.0,0.0,0.0,24.721383093933213,0.10059065862581777,0.08,100.0,100.0,0.5,55.0,0.08,-0.21348996431331757,0.43954570312785674,0.0032,0.0026,0.0082,0.0062
36,1763350629.1245255,-0.043991258585655356,0.0608186672530547,0.39692780316403126,0.03988855319835318,-0.0530724346259046,0.005222842694360949,-0.0701014727561094,0.00911769983196794,-0.258,-0.436,0.241,0.992,0.004,0.022,0.124,-0.196,-0.137,0.105,0.0,0.0,-0.055,-0.162,-0.448,0.243,0.994,0.002,0.015,0.112,-0.207,-0.091,0.119,0.2,0.4,-0.2,-0.2855038128335648,-0.4537208251541121,0.27059930143698147,0.9913938729129039,-0.019756749929646995,0.031852298939228654,0.12543241461144092,-0.08029478727114042,-0.039794286190199826,0.231927396104775,0.0,0.0,-0.07201997640559424,-0.24694623612372502,-0.407266953905805,0.22668628133914295,0.9913539822609696,-0.01977903861082332,0.03148749218348739,0.12583564408760903,-0.12918717794875256,0.051999591046617145,0.14186277486838736,0.0,0.0,-0.07846336908213329,0.0,0.0,0.3025210084033613,1.0,0.0,0.0,0.0,24.71223479602574,0.10061715397859407,0.08,100.0,100.0,0.5,55.0,0.08,-0.23184209718469226,0.4576825894195711,0.0019,0.0018,0.0048,0.0082
37,1763350629.208231,-0.04370185139773086,0.06556550436213654,0.39230252365155854,0.038727221695924,-0.015049686029998281,0.04654118576530469,0.1257215286241482,0.009151549937236523,-0.272,-0.44,0.253,0.992,0.004,0.023,0.123,-0.233,-0.112,0.17,0.0,0.0,-0.056,-0.174,-0.454,0.252,0.994,-0.001,0.005,0.112,-0.181,-0.091,0.144,0.1,0.0,-0.0,-0.3077143164558606,-0.4531707244108121,0.2938585776229335,0.9921719021160805,-0.01956840507075357,0.031618824382960944,0.11921511699019248,-0.1285382895299711,-0.0193379452056097,0.2461291883874327,0.0,0.0,-0.07007390050934112,-0.2616295284296679,-0.41401431340568595,0.23882816185513017,0.9918399536195959,-0.019269340882437463,0.0297063245471228,0.12247339787780608,-0.11537888992103618,0.05105290659775941,0.13387910906091946,0.0,0.0,-0.07624956425800368,0.0,0.0,0.31092436974789917,1.0,0.0,0.0,0.0,24.717503304706828,0.10057403370435848,0.08,100.0,100.0,0.5,55.0,0.08,-0.2469694194166284,0.47914663027653914,0.0049,0.0051,0.0075,0.016
38,1763350629.2581604,-0.04355479388889129,0.06379295977166735,0.40493604082947404,0.037622514494967105,-0.015652906729951212,0.015724341183455226,0.2102810322589123,0.008999172131187007,-0.288,-0.446,0.259,0.993,0.004,0.021,0.12,-0.193,-0.105,0.036,0.0,0.0,-0.039,-0.185,-0.459,0.265,0.994,-0.005,0.005,0.107,-0.171,-0.075,0.183,0.2,0.2,-0.2,-0.3162157747193737,-0.45738833886177976,0.28170774227687545,0.992546807720526,-0.019093348427301326,0.029819746175583667,0.11660643750518594,-0.09590989463914427,-0.010052599682269816,0.12605537843144468,0.0,0.0,-0.06671813172740457,-0.2744651443489088,-0.42050632903126345,0.24246448748124463,0.9923282472633685,-0.019148957034140393,0.026870612444899557,0.11914670500920974,-0.09582500934952005,0.054642043077507,0.2034350950648811,0.0,0.0,-0.0739477498515729,0.0,0.0,0.31932773109243695,1.0,0.0,0.0,0.0,24.68260913957699,0.10072139836195251,0.08,100.0,100.0,0.5,55.0,0.08,-0.26203429509177995,0.4967526367448628,0.0017,0.0016,0.0044,0.0081
39,1763350629.3311586,-0.04663872564969928,0.0667164016112521,0.424363649718388,0.0365442074257681,-0.03175270651237416,0.038539569112299,0.2489890597556226,0.00871690758961766,-0.297,-0.453,0.255,0.993,0.002,0.018,0.119,-0.205,-0.134,-0.038,0.0,0.0,-0.038,-0.195,-0.464,0.276,0.994,-0.005,0.003,0.106,-0.149,-0.075,0.173,-0.1,-0.5,-0.1,-0.32916204969006696,-0.47061149407734065,0.24676278019612544,0.9929961478643969,-0.018994321958340478,0.02698014273502368,0.11344574896314744,-0.11653828352619998,-0.039831301902994345,-0.02380027210105501,0.0,0.0,-0.06480474850930078,-0.2870675525256543,-0.42819737137185065,0.245127773875761,0.9927181121001448,-0.021124645718991513,0.024407102690791934,0.11605512737407292,-0.08794561267844711,0.05044999638608866,0.1615080264644538,0.0,0.0,-0.07168359700224995,0.0,0.0,0.3277310924369748,1.0,0.0,0.0,0.0,24.64149382213187,0.10091537432663726,0.08,100.0,100.0,0.5,55.0,0.08,-0.279140645138073,0.5168269896181221,0.0018,0.0037,0.0081,0.0097
40,1763350629.3983855,-0.03852886618123755,0.061003433968675996,0.4042929591421775,0.035501568913737014,0.023059775223671412,-0.0035461876086609473,0.05878291576334248,0.008490885224507581,-0.308,-0.453,0.273,0.993,0.002,0.018,0.115,-0.146,-0.039,0.094,0.0,0.0,-0.073,-0.205,-0.467,0.287,0.995,-0.005,0.008,0.102,-0.141,-0.063,0.16,0.0,0.3,-0.0,-0.3283827513695354,-0.45119111016961366,0.29454534225505086,0.9934953792447416,-0.02095570714412881,0.02455230450693535,0.10920152975501407,-0.055635462337937085,0.059901964210786925,0.1642592793958779,0.0,0.0,-0.06597204218383972,-0.2969118504430994,-0.43123248403001224,0.25409982340890486,0.9929468236114942,-0.021839559052146594,0.025125662814794805,0.11379077382797377,-0.07347455266924532,0.06248364911991318,0.1478457755431566,0.0,0.0,-0.06973039385258199,0.0,0.0,0.3361344537815126,1.0,0.0,0.0,0.0,24.630518791767805,0.1009611312945272,0.08,100.0,100.0,0.5,55.0,0.08,-0.2889003917253252,0.528963215775438,0.0027,0.0021,0.0073,0.0119
41,1763350629.4741662,-0.04248315597471097,0.06018045806638294,0.386383162638173,0.0345010712635916,-0.034219773785331205,0.01876140822678822,0.062060877158293726,0.008310600091924351,-0.317,-0.462,0.296,0.993,0.002,0.021,0.114,-0.136,-0.087,0.223,0.0,0.0,-0.052,-0.214,-0.47,0.299,0.995,-0.01,-0.007,0.104,-0.134,-0.04,0.201,-0.2,-0.3,0.1,-0.33508226811665287,-0.4693515896081147,0.3491531870017378,0.9936128777441438,-0.021688134933247293,0.025256485792608186,0.10782014612087278,-0.045187094519228546,0.01261411754333803,0.30516057665961943,0.0,0.0,-0.06250447464099841,-0.30591125564458205,-0.4366521383142199,0.2693063322002873,0.9933779425572908,-0.021610303580738045,0.02433396288048619,0.1101867336403225,-0.05818194253908605,0.06651783644581237,0.17696381660585453,0.0,0.0,-0.06769418205591665,0.0,0.0,0.3445378151260504,1.0,0.0,0.0,0.0,24.638238487360034,0.10090336596240515,0.08,100.0,100.0,0.5,55.0,0.08,-0.30374452568637716,0.5450773720110874,0.0019,0.0034,0.012,0.0156
42,1763350629.527575,-0.044134502757418134,0.06189856002866745,0.4157503317490902,0.033532900524401964,-0.0241879174040524,0.031158181586316135,0.29172953154390063,0.008097048027898655,-0.323,-0.466,0.288,0.993,0.001,0.021,0.113,-0.156,-0.095,-0.009,0.0,0.0,-0.049,-0.222,-0.472,0.313,0.995,-0.009,-0.001,0.101,-0.123,-0.034,0.221,0.0,-0.0,0.0,-0.3451495457158352,-0.4750779422523924,0.2957176236122277,0.993998635466626,-0.021469196903488686,0.024458547680509802,0.1044392920320946,-0.06854527423941457,-2.4521679309027003e-05,0.04008899581406108,0.0,0.0,-0.06060793481411373,-0.3154112835726961,-0.44223505195120355,0.27227940525454386,0.9935482676421717,-0.022687711449917918,0.02497719287180057,0.10827394631512159,-0.047195949195863784,0.07095625660904215,0.19582754132052693,0.0,0.0,-0.06572612948627211,0.0,0.0,0.3529411764705882,1.0,0.0,0.0,0.0,24.59800520131663,0.10110759362638123,0.08,100.0,100.0,0.5,55.0,0.08,-0.31968404748255835,0.5619622577964435,0.0019,0.0018,0.0062,0.0097
43,1763350629.5957282,-0.02949674684514734,0.06354373854260781,0.4247062955971795,0.032821015100539114,0.056638341027322195,0.03143785258045212,0.20068619364635537,0.009015410577336506,-0.333,-0.462,0.297,0.994,0.0,0.019,0.109,-0.181,0.032,-0.056,0.0,0.0,-0.114,-0.23,-0.474,0.325,0.995,-0.002,0.007,0.098,-0.136,-0.014,0.219,-0.2,-0.4,-0.2,-0.36071196680005174,-0.44646207069145183,0.2870519531133006,0.9943880049359545,-0.022485828440944072,0.02515909247000561,0.10026915390538796,-0.09615816271348186,0.12351265146396401,-0.01996170033557046,0.0,0.0,-0.06446343090161473,-0.3259667261272287,-0.44129571937055356,0.2746485674307734,0.9935166153804327,-0.020877061801499733,0.023939789991232113,0.1091593775574111,-0.04423897108133201,0.09144096210366616,0.1675932330932699,0.0,0.0,-0.06415066478103656,0.0,0.0,0.36134453781512604,1.0,0.0,0.0,0.0,24.556159149449748,0.1013436210818313,0.08,100.0,100.0,0.5,55.0,0.08,-0.3251130548648929,0.576020752090563,0.0027,0.0025,0.0109,0.0048
44,1763350629.660425,-0.028628945015469854,0.05947649715768265,0.385934258149553,0.03228347791646085,-0.006722270918542841,0.003492695028852112,-0.03459532638919049,0.009620194742310854,-0.337,-0.463,0.324,0.994,0.001,0.021,0.107,-0.116,0.02,0.259,0.0,0.0,-0.081,-0.237,-0.475,0.339,0.995,-0.009,-0.006,0.095,-0.086,-0.01,0.231,-0.4,-0.6,0.1,-0.3518947282307446,-0.44987806212692505,0.37754597540554197,0.994229761891842,-0.02071523832585632,0.024079953392623293,0.10246079891452839,-0.03023508593502162,0.11100117452596864,0.3264147468329106,0.0,0.0,-0.06042656206124192,-0.332931149808201,-0.44075030495170436,0.2930106510836909,0.9937526251989449,-0.02111197464925327,0.022947765141924308,0.107160648148495,-0.03300783934007224,0.10465209213974012,0.16482069513802255,0.0,0.0,-0.06232982276538313,0.0,0.0,0.36974789915966383,1.0,0.0,0.0,0.0,24.573183193699457,0.1012296670211283,0.08,100.0,100.0,0.5,55.0,0.08,-0.33329801756924765,0.588926950035679,0.0027,0.0024,0.0039,0.0097
45,1763350629.7323747,-0.027618846518980337,0.056237743936354646,0.3704388393707194,0.03168483125647463,-0.0056853618983536275,0.006109920327491018,0.06724825291191452,0.009113070918741754,-0.342,-0.462,0.341,0.994,0.001,0.022,0.105,-0.096,0.037,0.369,0.0,0.0,-0.081,-0.244,-0.474,0.355,0.996,-0.005,-0.001,0.093,-0.104,0.003,0.27,0.1,0.0,-0.0,-0.35249723410983436,-0.4454342577406145,0.42496656933521126,0.9944435233683796,-0.02095884705125654,0.023087705145415912,0.10054731936796554,-0.00960220364296947,0.12135398594384927,0.42897482675267484,0.0,0.0,-0.059447671612506026,-0.3386981405515909,-0.4392450785226227,0.31518467584848736,0.9939720166918992,-0.021451231328702285,0.02296580926758387,0.10503354851001934,-0.018704152380026304,0.12105259207929264,0.23020211267988128,0.0,0.0,-0.06058325084572637,0.0,0.0,0.37815126050420167,1.0,0.0,0.0,0.0,24.597999753025697,0.10106765599522266,0.08,100.0,100.0,0.5,55.0,0.08,-0.34160302925221153,0.6015263777836456,0.0017,0.0055,0.0107,0.0049
46,1763350629.7885714,-0.030826940711979202,0.05731721694351744,0.3809122442122722,0.03105570116261678,-0.02639753840961194,0.026486519011946943,0.19128158897178388,0.008736161251888723,-0.351,-0.463,0.365,0.994,0.003,0.025,0.102,-0.106,0.014,0.326,0.0,0.0,-0.073,-0.25,-0.474,0.371,0.996,0.001,0.011,0.088,-0.099,0.007,0.223,0.4,0.9,-0.3,-0.36359058533208344,-0.452289822166426,0.4341814147833368,0.9946132159836244,-0.02130630496583887,0.023100326611007246,0.09877736010786797,-0.023131693474722517,0.0856913042484994,0.3034707232017407,0.0,0.0,-0.05782272472115091,-0.34490676687410926,-0.43856908939385497,0.3365576522262574,0.9942845781383308,-0.016841005374737133,0.023786613633448635,0.10270713327759919,-0.006783282766226303,0.12907239906121873,0.2883946608901908,0.0,0.0,-0.05912602365812488,0.0,0.0,0.38655462184873945,1.0,0.0,0.0,0.0,24.604162086176675,0.10100796811574614,0.08,100.0,100.0,0.5,55.0,0.08,-0.3523696591045065,0.6169754034586395,0.0023,0.0018,0.0045,0.0053
47,1763350629.8599946,-0.03993396902670722,0.053037167514883736,0.43055375881908414,0.030354215881642346,-0.057095244340632303,9.370921065051524e-05,0.39104966461366175,0.00813846153110913,-0.352,-0.466,0.352,0.995,0.003,0.02,0.101,-0.066,-0.038,-0.034,0.0,0.0,-0.048,-0.255,-0.474,0.383,0.996,-0.001,0.002,0.089,-0.083,0.012,0.147,0.1,0.2,-0.0,-0.3573069962071345,-0.46719243910828984,0.3362103927454125,0.9948161618232648,-0.01671440555089673,0.023875742862977934,0.0974237225990099,0.0116674396982954,0.024072968012264065,-0.11933835713293023,0.0,0.0,-0.05473472712559796,-0.34869132453666196,-0.44027015678524517,0.34139286922805556,0.9946491957659355,-0.014819873167859649,0.022720145814615737,0.09968522305552212,0.007009826500191156,0.12197907068886588,0.21978726989781766,0.0,0.0,-0.05787081549258248,0.0,0.0,0.3949579831932773,1.0,0.0,0.0,0.0,24.55776572037092,0.10135493678709465,0.08,100.0,100.0,0.5,55.0,0.08,-0.3667634435559369,0.6291772802988772,0.0012,0.0014,0.0033,0.0128
48,1763350629.932277,-0.04070709215340107,0.057889036865408236,0.39171284750026886,0.029745275538030403,-0.018840854018484447,0.044148284570703925,-0.032746897036920075,0.008338129237556172,-0.359,-0.465,0.379,0.995,0.005,0.023,0.1,-0.102,-0.009,0.256,0.0,0.0,-0.063,-0.26,-0.473,0.391,0.996,-0.003,-0.003,0.087,-0.076,0.004,0.089,-0.0,0.0,0.0,-0.3717770205017719,-0.4607624731092494,0.4222167205726258,0.9952097867846185,-0.014688054209942413,0.02280558550168446,0.09392362121194772,-0.0243429067403658,0.05517074946680767,0.25748241794463345,0.0,0.0,-0.05488722354497517,-0.35401153122090095,-0.4405479065373117,0.3599493874986488,0.9949183645246036,-0.013516368387690934,0.021400671101818588,0.09745135706437527,0.011718858418777203,0.11818129691588257,0.1863703056266958,0.0,0.0,-0.056787024654180854,0.0,0.0,0.40336134453781514,1.0,0.0,0.0,0.0,24.568644897012167,0.1012447295438356,0.08,100.0,100.0,0.5,55.0,0.08,-0.37814621534089465,0.6460875954575177,0.0022,0.0016,0.0082,0.012
49,1763350630.005111,-0.03716770739290497,0.05310919604405127,0.38745693769120393,0.02908825468973003,0.0024317642449551216,-0.0021908152822567514,0.12561276876727612,0.00786937408525956,-0.362,-0.462,0.399,0.995,0.006,0.023,0.096,-0.048,0.027,0.23,0.0,0.0,-0.068,-0.265,-0.472,0.399,0.996,-0.004,-0.006,0.086,-0.068,0.014,0.137,-0.2,-0.6,0.1,-0.3639039383154962,-0.45005472575089217,0.4474505135097122,0.9954760687869452,-0.01338985557904188,0.021480053667819018,0.0915790125219157,0.027825528719222156,0.09582331428206035,0.26116580147279744,0.0,0.0,-0.054283622371219045,-0.35673890209223047,-0.43910024912214407,0.37648472399747507,0.9951357286086032,-0.013946296736468326,0.02124537600238457,0.0951788655767676,0.02378887202610886,0.12047389883956064,0.17502276650811685,0.0,0.0,-0.05571290867192433,0.0,0.0,0.4117647058823529,1.0,0.0,0.0,0.0,24.57762430830289,0.10115997302843552,0.08,100.0,100.0,0.5,55.0,0.08,-0.38661709059958926,0.6573437615066252,0.0026,0.0021,0.0055,0.0204
50,1763350630.0790071,-0.0390826360656805,0.050501073129562896,0.3687204032784982,0.0283885255216402,-0.023512533636217033,0.006875333944077369,0.051613679570672824,0.00740944966819961,-0.364,-0.464,0.412,0.995,0.005,0.024,0.095,-0.028,0.004,0.383,0.0,0.0,-0.06,-0.269,-0.471,0.409,0.997,-0.007,-0.01,0.083,-0.093,0.018,0.154,-0.2,0.1,-0.1,-0.3619495128682842,-0.45584884040004336,0.4975052638158012,0.9956471746535636,-0.013828519732304742,0.021322223996515555,0.08967072214626262,0.045849453202154715,0.07733366796706155,0.4182192485906803,0.0,0.0,-0.052556426429299995,-0.35830296487006247,-0.4389692559057475,0.39801714552139444,0.9953800674008167,-0.016433190486144736,0.019394785271405854,0.09258679158426289,0.03869013959742589,0.12321995703233761,0.26586427447112626,0.0,0.0,-0.05449802933068176,0.0,0.0,0.42016806722689076,1.0,0.0,0.0,0.0,24.596785614420757,0.10099382834090458,0.08,100.0,100.0,0.5,55.0,0.08,-0.39783149559066566,0.6694730210848587,0.0025,0.0043,0.0164,0.0145
51,1763350630.126831,-0.06341954433636218,0.052048385422502924,0.4025843415223258,0.027660015179719857,-0.13634052987803863,0.02667446388828624,0.3075898424485751,0.0070031453610133534,-0.367,-0.48,0.413,0.995,0.004,0.024,0.096,-0.016,-0.193,0.186,0.0,0.0,0.014,-0.274,-0.47,0.415,0.997,-0.003,-0.003,0.081,-0.073,0.019,0.088,0.1,-0.1,-0.1,-0.3633092559590081,-0.5114332650296093,0.44453636238495825,0.9956309311995436,-0.01637978967896602,0.019439905744388208,0.08984899216714598,0.050943081298327454,-0.12239655273683195,0.1084982206438761,0.0,0.0,-0.045251016655602966,-0.35904782858968165,-0.4486264224657327,0.412186891196645,0.9957475046317491,-0.016788335272756947,0.02003336186146171,0.0883386847929153,0.05025794742728976,0.09536420814860044,0.24042472532003142,0.0,0.0,-0.05302917904220701,0.0,0.0,0.42857142857142855,1.0,0.0,0.0,0.0,24.58467434580383,0.10106365525279348,0.08,100.0,100.0,0.5,55.0,0.08,-0.42433902228060194,0.6861953835935187,0.0023,0.0017,0.0086,0.0062
52,1763350630.1936605,-0.04208962420165563,0.051484480717762564,0.40712159987609103,0.02704953238020605,0.08286727154739695,0.016698621009736743,0.17365541983969804,0.007320091694825899,-0.371,-0.47,0.422,0.995,0.004,0.023,0.092,-0.043,0.05,0.126,0.0,0.0,-0.067,-0.278,-0.469,0.418,0.997,-0.003,-0.006,0.079,-0.06,0.012,0.029,0.0,-0.1,0.0,-0.372988943475763,-0.45303133689698627,0.4405041961986981,0.9962300044268138,-0.016675054082608828,0.020127750993214177,0.08271997637238496,0.021820738647398686,0.1250275918345268,0.08521952559763524,0.0,0.0,-0.05086990541240165,-0.36121543020466645,-0.4465570075361227,0.4227594582433485,0.995828657805171,-0.016479319886318705,0.019065392492786253,0.0876939400365378,0.05514076834682535,0.10751579007270669,0.21128552263459724,0.0,0.0,-0.05210898540290963,0.0,0.0,0.4369747899159664,1.0,0.0,0.0,0.0,24.56941326384636,0.10118592120112789,0.08,100.0,100.0,0.5,55.0,0.08,-0.4298925341037207,0.6969472433482818,0.0015,0.0011,0.0041,0.0124
53,1763350630.2598386,-0.0367378698060504,0.06358603817529812,0.3928242454898123,0.026586875820858252,0.010975162902405314,0.07981446755683871,0.08118382802214094,0.007830291845838288,-0.379,-0.469,0.434,0.996,0.002,0.024,0.09,-0.129,0.014,0.234,0.0,0.0,-0.07,-0.282,-0.467,0.42,0.997,-0.012,-0.01,0.078,-0.079,0.036,0.051,-0.7,-0.4,-0.1,-0.39857249926631094,-0.45850053690377696,0.4748977955298261,0.9963101440234047,-0.016370891373001437,0.01915857746475444,0.0820429140221325,-0.06644039477634948,0.09792105602799918,0.22434058593872985,0.0,0.0,-0.050079398677844264,-0.3673938639830369,-0.4458943165603041,0.438248275019801,0.9959032276527825,-0.016932972701559818,0.01772482747914743,0.08703945126833415,0.04477826679818282,0.11172118367195018,0.17191244398752648,0.0,0.0,-0.051023068988282655,0.0,0.0,0.4453781512605042,1.0,0.0,0.0,0.0,24.577711245415788,0.10108660267603174,0.08,100.0,100.0,0.5,55.0,0.08,-0.4383529742466329,0.7171045255479784,0.0018,0.0018,0.0066,0.0084
54,1763350630.3307283,-0.0398423571047105,0.05184652038371618,0.42139468210628955,0.02584568018797074,-0.029299137670569346,-0.03485282464217291,0.2901612751410656,0.006264100268384281,-0.373,-0.471,0.417,0.996,-0.0,0.021,0.089,-0.003,-0.019,-0.059,0.0,0.0,-0.051,-0.286,-0.465,0.42,0.997,-0.002,0.006,0.075,-0.058,0.029,-0.001,0.5,0.4,-0.0,-0.36731740078014363,-0.46570209958712866,0.4104335973621693,0.9963182615050491,-0.01684581016126871,0.017807688050047534,0.08215246020588429,0.06169904606964322,0.06929430798412932,-0.022278426314879904,0.0,0.0,-0.04765627195118824,-0.3673735931007581,-0.44701930007834956,0.4365447064659741,0.9958901177974028,-0.024449291630697693,0.01714246805123335,0.08550579630261905,0.05494532830805324,0.11741662496380438,0.15499712067361782,0.0,0.0,-0.04973614872695809,0.0,0.0,0.453781512605042,1.0,0.0,0.0,0.0,24.540447417506098,0.10138027878548313,0.08,100.0,100.0,0.5,55.0,0.08,-0.45110789838936327,0.7253727621512321,0.0019,0.0017,0.0065,0.0117
55,1763350630.3912954,-0.03178737343129821,0.053332016045182576,0.399642059446456,0.025436945440602186,0.025334034452795025,0.026869923451225478,0.049259892490690814,0.007648456333646268,-0.38,-0.463,0.439,0.996,0.0,0.023,0.086,-0.049,0.049,0.125,0.0,0.0,-0.064,-0.29,-0.462,0.423,0.997,-0.0,-0.002,0.076,-0.059,0.043,0.015,0.5,0.5,0.0,-0.38321418211530833,-0.4444367844493145,0.46769602027548013,0.996330860010334,-0.024357759659591045,0.0172722788449023,0.08020714007454637,0.020707082569153143,0.13282772054194547,0.18499888770855166,0.0,0.0,-0.04765556466611558,-0.36971498877548653,-0.44427092988412664,0.4445746875819337,0.996066633541347,-0.020046285369712313,0.017223736971303964,0.08457393731657152,0.05636751604360499,0.13331289417961367,0.16680308237500036,0.0,0.0,-0.048653228487535484,0.0,0.0,0.4621848739495798,1.0,0.0,0.0,0.0,24.53219556130416,0.10142781667315713,0.08,100.0,100.0,0.5,55.0,0.08,-0.4589840544021301,0.7375859289937308,0.0019,0.0016,0.0057,0.0075
56,1763350630.4592812,-0.03083675819787307,0.05594142501898194,0.41379282444142557,0.02506809888665882,-0.007167188869611089,0.03304655088594028,0.22061959726726899,0.007694621770508988,-0.384,-0.464,0.429,0.996,0.002,0.023,0.085,-0.067,0.043,0.021,0.0,0.0,-0.056,-0.294,-0.459,0.428,0.997,-0.008,-0.007,0.073,-0.062,0.049,0.07,-0.3,-0.1,-0.0,-0.39026476104230995,-0.4476262818768296,0.4366011700369396,0.9964741869506472,-0.01996053961400781,0.017323034685014917,0.07962841244597468,0.004364201112747952,0.11799873464439263,0.06372156189045264,0.0,0.0,-0.04620907092371934,-0.3729980261181662,-0.4417237100244049,0.4472877576216546,0.9960965394414132,-0.017814350050230757,0.02107901286867947,0.0838451445321145,0.0569171838107036,0.14123483320472702,0.13699745737228028,0.0,0.0,-0.047711865301313196,0.0,0.0,0.47058823529411764,1.0,0.0,0.0,0.0,24.511225253338722,0.10156216976459681,0.08,100.0,100.0,0.5,55.0,0.08,-0.4678836990223565,0.7514114693880276,0.0018,0.0023,0.0054,0.0081
57,1763350630.5499446,-0.039805284414288086,0.05044446231390849,0.41607269959297644,0.02456091927774093,-0.056406415406277444,-0.006506779143248945,0.16657168492328944,0.006864639037907615,-0.382,-0.463,0.431,0.996,0.002,0.022,0.084,-0.009,-0.02,-0.023,0.0,0.0,-0.036,-0.297,-0.456,0.433,0.998,-0.005,-0.007,0.069,-0.055,0.043,0.094,0.1,-0.2,-0.1,-0.37649856682671684,-0.4595498437472846,0.4354844700813054,0.9964374453215611,-0.017726313682860723,0.02115310035070359,0.07969154101792048,0.06330921931127624,0.05034214293383812,0.060363019631522116,0.0,0.0,-0.04387026470865288,-0.3732996487812861,-0.441955633547721,0.4465860527781042,0.9963016636397796,-0.017335412056398092,0.018352620957321823,0.08213196589294205,0.06813383712581325,0.13938839958283722,0.15448362744599292,0.0,0.0,-0.04642703893986033,0.0,0.0,0.4789915966386554,1.0,0.0,0.0,0.0,24.479879599565972,0.10175107610276139,0.08,100.0,100.0,0.5,55.0,0.08,-0.48247632530927087,0.7622641913686568,0.0032,0.0068,0.0087,0.023
58,1763350630.6112049,-0.04118867135499039,0.055463951404913586,0.4090109314196777,0.024321522299285258,-0.02184391635886955,0.044014118822741186,0.12071842148087242,0.008013359836874477,-0.385,-0.457,0.435,0.996,0.002,0.022,0.082,-0.058,-0.007,0.072,0.0,0.0,-0.025,-0.3,-0.453,0.44,0.997,-0.007,-0.015,0.069,-0.058,0.042,0.093,0.0,-0.2,-0.1,-0.38967937519859996,-0.45184373967050745,0.4533615016164354,0.9966004940537775,-0.017266975003147365,0.01841702422784214,0.07842270107945981,0.012059191986532838,0.05800460776766549,0.1361646318517732,0.0,0.0,-0.04219518098665289,-0.3757076410157199,-0.441093576835223,0.4515532489207345,0.9964532034394171,-0.014485045071333233,0.01833921330335049,0.08083854328239304,0.06785628896897487,0.13634503723600258,0.14086252296973553,0.0,0.0,-0.04546838232606699,0.0,0.0,0.48739495798319327,1.0,0.0,0.0,0.0,24.46629395826815,0.10181494784684739,0.08,100.0,100.0,0.5,55.0,0.08,-0.49518112184936625,0.7777616212865449,0.0059,0.0069,0.0086,0.014
59,1763350630.6728046,-0.03680116865695999,0.04859351631107705,0.4275460166100627,0.02393451943273836,0.006491761732030647,-0.013553193692340107,0.2460545252343043,0.007185556529497473,-0.387,-0.45,0.442,0.997,0.004,0.022,0.079,0.004,0.038,-0.119,0.0,0.0,-0.044,-0.304,-0.449,0.449,0.998,-0.002,-0.007,0.068,-0.052,0.053,0.123,0.3,0.1,-0.0,-0.3791053724658203,-0.43601290601168374,0.4273654378604981,0.9967972763195831,-0.01440468666273108,0.018402398687477683,0.0764790601835324,0.07390706556846935,0.10375953312525203,-0.033436177854744946,0.0,0.0,-0.04329446517236309,-0.37545199911752347,-0.4378946619014047,0.4474538925934762,0.9965688778248571,-0.01336053632089124,0.01914886142672376,0.07940584944563706,0.07808848215280702,0.13904560511339847,0.12980269490017993,0.0,0.0,-0.04478483165540673,0.0,0.0,0.49579831932773105,1.0,0.0,0.0,0.0,24.424384759036943,0.1020406382590795,0.08,100.0,100.0,0.5,55.0,0.08,-0.5036354806088582,0.786504506411569,0.0033,0.002,0.0143,0.0114
60,1763350630.7277305,-0.037789052246187976,0.045071955042364144,0.42059421222731297,0.02345551306460534,-0.018739856192499918,0.0006147622730893268,0.1255707343150246,0.0065804129466117784,-0.387,-0.446,0.454,0.997,0.003,0.023,0.077,0.02,0.019,-0.06,0.0,0.0,-0.051,-0.308,-0.446,0.46,0.998,-0.003,-0.004,0.065,-0.053,0.05,0.162,0.1,0.2,-0.1,-0.3761114528645915,-0.4354763595445346,0.4506439019374499,0.9969226825993637,-0.013272545975005363,0.019209954400338698,0.07483302809700329,0.08855965618465421,0.0881202101651024,0.04464136645554492,0.0,0.0,-0.04328441019117777,-0.3742778727519519,-0.4354523691261601,0.44701462097411176,0.9967029627831606,-0.015384480184878127,0.017357812585785958,0.07775106488625891,0.08842243257047036,0.1393755897437539,0.12908475810044623,0.0,0.0,-0.043994703509991795,0.0,0.0,0.5042016806722689,1.0,0.0,0.0,0.0,24.392571726849123,0.10218995660039058,0.08,100.0,100.0,0.5,55.0,0.08,-0.5139123719327953,0.7955896463439435,0.0032,0.0023,0.0055,0.0081
61,1763350630.7970858,-0.03335947472400097,0.045249134970433424,0.3951336866986896,0.023052246983166887,0.00797699301861457,0.01778788278123293,0.03042020194212565,0.006779486992034758,-0.387,-0.443,0.467,0.997,0.003,0.024,0.076,0.015,0.06,0.166,0.0,0.0,-0.054,-0.311,-0.443,0.473,0.998,-0.003,-0.008,0.064,-0.044,0.049,0.266,-0.2,-0.9,0.1,-0.3773196450008275,-0.4239989710074395,0.5089157892063363,0.9970545535163611,-0.015303403603396165,0.017429335227533448,0.0731043187778113,0.08015008050793225,0.1295117327538714,0.26854960876618955,0.0,0.0,-0.04282596614452199,-0.37322643267957484,-0.43115653264332043,0.457808386890451,0.9967651420613335,-0.016426782978105636,0.01838015340633318,0.07649563604023091,0.09567148824014757,0.1468999969247566,0.14829303714762007,0.0,0.0,-0.04347245120590592,0.0,0.0,0.5126050420168067,1.0,0.0,0.0,0.0,24.394795193600828,0.10216865735016527,0.08,100.0,100.0,0.5,55.0,0.08,-0.5217506287037879,0.8057566152497958,0.0019,0.0016,0.0081,0.0108
62,1763350630.871518,-0.03539933138245765,0.04375822281648506,0.40911089100066855,0.022649324507399187,-0.022709086313783773,0.00951386484417071,0.21806115402190376,0.006629980239849095,-0.384,-0.441,0.467,0.997,0.004,0.021,0.074,0.029,0.029,0.055,0.0,0.0,-0.038,-0.314,-0.44,0.491,0.998,-0.0,-0.005,0.061,-0.055,0.049,0.299,0.2,0.1,-0.0,-0.37181266501677246,-0.42829073326223,0.4898100930233955,0.9970650367982306,-0.016352650980051318,0.01844613900453828,0.07248201953790245,0.0890446580911559,0.09493045781115671,0.1324706722391753,0.0,0.0,-0.040802993271195284,-0.37127642176990727,-0.42825974639488834,0.46264562577903745,0.9969401060843682,-0.01510421258496096,0.016478117333103802,0.07490500178114433,0.10433533344702348,0.14938642512014152,0.18001511024353561,0.0,0.0,-0.0427622064576315,0.0,0.0,0.5210084033613445,1.0,0.0,0.0,0.0,24.373294237536946,0.10225141111999549,0.08,100.0,100.0,0.5,55.0,0.08,-0.5322904588151839,0.8156275272155953,0.0029,0.0025,0.0132,0.0108
63,1763350630.931948,-0.03787986551223872,0.04668869725405088,0.4032849051198093,0.022253078376537314,-0.02567741991732698,0.031061705744010987,0.12428665472095417,0.006512266035965346,-0.384,-0.441,0.483,0.997,0.004,0.022,0.073,0.012,0.02,0.145,0.0,0.0,-0.037,-0.317,-0.437,0.51,0.998,-0.003,-0.011,0.061,-0.044,0.041,0.322,-0.3,-0.4,0.0,-0.3759666958878301,-0.43069451855190105,0.5170161194785258,0.9972275018473701,-0.0150391696707117,0.016537501754218333,0.07097636205525276,0.06665859580970059,0.08118748048084574,0.18832629050576158,0.0,0.0,-0.040053716587988016,-0.3700077947697934,-0.4259010937001592,0.47316913493438334,0.9970799728567082,-0.014902201658955274,0.014744091750998691,0.07343067391914772,0.10668444992428058,0.1485578030850687,0.20455068031268647,0.0,0.0,-0.041956340407360106,0.0,0.0,0.5294117647058824,1.0,0.0,0.0,0.0,24.36259184155156,0.10228729560958426,0.08,100.0,100.0,0.5,55.0,0.08,-0.5436476845298195,0.8278043047854798,0.0019,0.0017,0.0089,0.0116
64,1763350631.0086567,-0.030187533996014055,0.046505662866160986,0.3944936778082773,0.021884688544758377,0.024256708014033818,0.016593089530819578,0.10727570286226885,0.006502955232306799,-0.383,-0.433,0.499,0.997,0.004,0.021,0.071,0.02,0.094,0.244,0.0,0.0,-0.057,-0.321,-0.435,0.527,0.998,0.004,-0.005,0.059,-0.071,0.042,0.283,0.4,0.5,-0.0,-0.3738121459217424,-0.40838668836904063,0.5476516012968836,0.9974091811131053,-0.014833795847093628,0.014812911820867126,0.06881469011365718,0.07178973758996766,0.15231844417194734,0.2569045465702819,0.0,0.0,-0.04108556491349603,-0.3683558400143061,-0.4198544916223352,0.4895990718902807,0.9971918601063042,-0.013493474915717969,0.014310483578078568,0.07226015729424672,0.10771272978150669,0.1564041590919508,0.1997901639436336,0.0,0.0,-0.0413133850980988,0.0,0.0,0.5378151260504201,1.0,0.0,0.0,0.0,24.369258967026273,0.10224349368842843,0.08,100.0,100.0,0.5,55.0,0.08,-0.5491052165966067,0.8380506052711475,0.0028,0.007,0.0107,0.013
65,1763350631.0578752,-0.020491106524031112,0.05835025949199492,0.35509715654143714,0.021564714479328277,0.037161812111409454,0.07666260670398001,-0.04904747715609737,0.006606887877133863,-0.391,-0.426,0.541,0.997,0.005,0.026,0.069,-0.073,0.146,0.564,0.0,0.0,-0.083,-0.324,-0.432,0.546,0.998,-0.002,-0.012,0.058,-0.052,0.034,0.284,-0.2,-0.2,-0.0,-0.4004278286426755,-0.39098636371079454,0.6564924611452069,0.9975767143028542,-0.013414023171382697,0.014384984806984484,0.06673706073226526,-0.021242324694822824,0.203129590978412,0.5737749235881261,0.0,0.0,-0.04265234608213866,-0.37143267861094875,-0.4113148655187187,0.5214647839570212,0.9972478680240887,-0.013771523586454204,0.013345418629577544,0.07161658090916359,0.09495492123963864,0.17086498033389969,0.27031298386969715,0.0,0.0,-0.04075647985398096,0.0,0.0,0.5462184873949579,1.0,0.0,0.0,0.0,24.416358453335828,0.10197233791376147,0.08,100.0,100.0,0.5,55.0,0.08,-0.5510224974343767,0.856126693535647,0.0019,0.0017,0.0053,0.0077
66,1763350631.1318827,-0.02513314720617849,0.059610248548500874,0.38057333014598055,0.021108429834002674,-0.03089436835724855,0.02818129259202793,0.26054230172575576,0.0058053447031200574,-0.393,-0.425,0.559,0.997,0.005,0.026,0.067,-0.047,0.082,0.387,0.0,0.0,-0.061,-0.328,-0.43,0.564,0.998,-0.0,-0.01,0.056,-0.058,0.03,0.256,0.0,0.1,-0.1,-0.3973356921155347,-0.4030054962975735,0.6336643059506395,0.9975727588107705,-0.013708786747087014,0.013409855562750529,0.06693904554426788,0.004958330365699919,0.13293863752828347,0.30246693205432795,0.0,0.0,-0.04026576555278912,-0.37352692040719954,-0.4058964566718796,0.5459252940112583,0.9973174855071176,-0.014401386253008922,0.013799119808137339,0.0704273914629289,0.08740000553919691,0.1739435033986789,0.29329137403776884,0.0,0.0,-0.04002217170893527,0.0,0.0,0.5546218487394958,1.0,0.0,0.0,0.0,24.430649070935676,0.10186077767318319,0.08,100.0,100.0,0.5,55.0,0.08,-0.5587436408717754,0.8716892597938776,0.0018,0.0019,0.0077,0.0125
67,1763350631.190798,-0.028740394570281075,0.057886342133715366,0.38977765077713966,0.020672729257397653,-0.027461167022829858,0.01373431113176031,0.1887366019605387,0.005737158304725901,-0.394,-0.422,0.573,0.998,0.006,0.025,0.066,-0.03,0.071,0.339,0.0,0.0,-0.059,-0.331,-0.429,0.577,0.998,0.001,-0.014,0.055,-0.047,0.019,0.169,0.0,-0.2,0.0,-0.394665963307803,-0.4030398866356404,0.630393503486329,0.997629299137116,-0.014338094963241212,0.01386487166593184,0.06586323610102357,0.028228228543125112,0.11447316597311581,0.22771267289167554,0.0,0.0,-0.039414988332128566,-0.3749391508702252,-0.40104001103199755,0.5680918062513884,0.9974404097180958,-0.012033520735110503,0.01394929075943717,0.06908864398309977,0.083568814265292,0.17341825843904946,0.2929229290139105,0.0,0.0,-0.03933287676723285,0.0,0.0,0.5630252100840336,1.0,0.0,0.0,0.0,24.43699558957739,0.10179361723497879,0.08,100.0,100.0,0.5,55.0,0.08,-0.5674746307776556,0.8851246446294042,0.002,0.0017,0.0057,0.0066
68,1763350631.2701216,-0.03386365005803043,0.06492428328310693,0.4139655689026066,0.020359671645683995,-0.03639392540260221,0.05689708404710108,0.26710620966876214,0.006186985412955837,-0.403,-0.418,0.584,0.998,0.008,0.028,0.064,-0.097,0.034,0.13,0.0,0.0,-0.042,-0.335,-0.428,0.584,0.999,0.001,-0.006,0.054,-0.063,0.014,0.1,-0.0,0.2,-0.0,-0.41634524290265074,-0.4073573702914481,0.5941728333242289,0.9977028295528008,-0.011978906829341399,0.01399621824449775,0.06518953572745607,-0.03148463581645269,0.07291674175537632,0.020624429220042824,0.0,0.0,-0.03729216036826133,-0.3799285637833291,-0.3977974890462218,0.5812364068060447,0.9975037381581869,-0.008489481166656222,0.01779524090588322,0.06780523925970468,0.07139270850831508,0.16321430100438852,0.20083697019516755,0.0,0.0,-0.03864535531140933,0.0,0.0,0.5714285714285714,1.0,0.0,0.0,0.0,24.42467761546661,0.10188530393102514,0.08,100.0,100.0,0.5,55.0,0.08,-0.5774367224097137,0.9034754462464102,0.0031,0.0032,0.0103,0.0117
69,1763350631.3190308,-0.01529599096404799,0.04995081380824834,0.3914929443620332,0.020002489680984118,0.08013942669815076,-0.05052074114312785,0.04287396563561046,0.00584896704363211,-0.399,-0.408,0.593,0.998,0.009,0.029,0.062,0.025,0.225,0.237,0.0,0.0,-0.116,-0.339,-0.428,0.587,0.999,0.005,-0.01,0.051,-0.056,-0.006,0.049,0.1,0.0,-0.1,-0.3868820729229894,-0.3590709171578028,0.6362360578486832,0.9979278561549828,-0.008372334717049153,0.017850655471526075,0.06124746542137569,0.09969830089039082,0.2674550377248977,0.23602992807886278,0.0,0.0,-0.04292016666685903,-0.3792583503298183,-0.3859533885096389,0.5962392849473425,0.9975259340038647,-0.009151805081027385,0.01944689898421625,0.06693335172672894,0.08298387104104762,0.18168232839168894,0.18678454322601498,0.0,0.0,-0.03821853642478349,0.0,0.0,0.5798319327731092,1.0,0.0,0.0,0.0,24.432202909670877,0.10181658004057459,0.08,100.0,100.0,0.5,55.0,0.08,-0.5737949411775091,0.9085957787280513,0.0014,0.0012,0.0036,0.0049
70,1763350631.4124534,-0.03407385334578862,0.05250566869151058,0.3990874432292397,0.019563067259786463,-0.09962530852022113,0.03150582959440433,0.18478234847179542,0.005303821524380761,-0.403,-0.419,0.598,0.998,0.01,0.03,0.062,-0.023,0.008,0.157,0.0,0.0,-0.045,-0.342,-0.429,0.591,0.999,0.01,0.011,0.047,-0.06,-0.009,0.054,0.4,1.2,-0.3,-0.40002124228649355,-0.41293629720177266,0.630116498874672,0.997781253899985,-0.009075315761925223,0.019482711827791876,0.0630129506485003,0.05294529772464082,0.0517552417797035,0.16366555463554486,0.0,0.0,-0.03640047660928658,-0.38075738604157033,-0.3849202493018426,0.6066034640051924,0.9976308717311468,-0.009755235376298847,0.019271345716610086,0.06531534571581045,0.08708263557310991,0.16695485728882473,0.17276883916879993,0.0,0.0,-0.037271565876258614,0.0,0.0,0.5882352941176471,1.0,0.0,0.0,0.0,24.428082614612258,0.10183180065034636,0.08,100.0,100.0,0.5,55.0,0.08,-0.5871018071544086,0.9222052794513731,0.0029,0.0033,0.0143,0.0173
71,1763350631.47777,-0.03674825124284637,0.05545235198697546,0.40808266190666076,0.019173770365594592,-0.02614968448995948,0.034423042236640805,0.1946338845980703,0.005389665751460564,-0.409,-0.414,0.602,0.998,0.01,0.032,0.059,-0.038,0.036,0.066,0.0,0.0,-0.052,-0.345,-0.43,0.595,0.999,0.007,-0.008,0.048,-0.044,-0.028,0.066,0.1,-0.3,-0.1,-0.4088986041656002,-0.40235018266655154,0.6190953877654702,0.9978931759318469,-0.009675226930121739,0.01931163811867718,0.061177283738951274,0.035735805064175195,0.0778622468301748,0.08893778939791636,0.0,0.0,-0.036320206089234405,-0.3832384407971869,-0.38269874301211043,0.6116262168392476,0.9976553410771538,-0.011611950535156613,0.021377790507783115,0.06396853209197681,0.09071767607638019,0.16080434651457998,0.18497533121619666,0.0,0.0,-0.03660484136614436,0.0,0.0,0.5966386554621849,1.0,0.0,0.0,0.0,24.40808604787614,0.10197088844513297,0.08,100.0,100.0,0.5,55.0,0.08,-0.5971083955516687,0.9365418618360479,0.0029,0.0022,0.0157,0.0156
72,1763350631.5333056,-0.04311759808632105,0.06325378694032904,0.3912332293066283,0.018870758065520365,-0.045627328433440806,0.059801806761883715,0.0687838352148355,0.005675102386726813,-0.413,-0.416,0.615,0.998,0.01,0.033,0.059,-0.079,-0.011,0.245,0.0,0.0,-0.035,-0.347,-0.432,0.599,0.999,0.001,-0.01,0.05,-0.037,-0.03,0.053,-0.4,-0.0,0.1,-0.42181670025348605,-0.4143245228377489,0.6618922014812817,0.9978718834874944,-0.011537495091713047,0.02141806548767379,0.060496750515170936,-0.010341142377709953,0.030895903693676677,0.24993420309191572,0.0,0.0,-0.0342500508725033,-0.38742930207377,-0.3828060946414532,0.6260994723344289,0.9978784899962613,-0.005861278887042248,0.017495843768221147,0.06243444612894178,0.08524307478681656,0.14509202665335239,0.17865154316746842,0.0,0.0,-0.035870944836643985,0.0,0.0,0.6050420168067226,1.0,0.0,0.0,0.0,24.416226359032578,0.10188838476354045,0.08,100.0,100.0,0.5,55.0,0.08,-0.6098126904943297,0.9551277994233409,0.0031,0.0027,0.0082,0.0115
73,1763350631.5986524,-0.04129710927350191,0.06000067287594746,0.39692196236006955,0.018466216110770782,-0.007066655218274671,0.007454599780715478,0.17515612625719168,0.005053824500822222,-0.412,-0.412,0.621,0.998,0.013,0.03,0.057,-0.029,0.027,0.181,0.0,0.0,-0.051,-0.349,-0.436,0.601,0.999,0.011,0.001,0.048,-0.046,-0.065,0.03,0.5,0.8,-0.0,-0.41116243252866774,-0.4023154166776712,0.6589640161544689,0.9981214771629847,-0.005790879107486808,0.017519271061210356,0.0584213803896124,0.03846449473723744,0.07529246535240813,0.18837780515122798,0.0,0.0,-0.035051202341623636,-0.38917822791311335,-0.38133401956483026,0.6366777622935399,0.9979365405644833,-0.01025666717486999,0.016950921358345607,0.06107477425057559,0.0861202507431675,0.13709752467257919,0.18142287601948148,0.0,0.0,-0.035177204479278315,0.0,0.0,0.6134453781512604,1.0,0.0,0.0,0.0,24.41442688652993,0.10188650323001597,0.08,100.0,100.0,0.5,55.0,0.08,-0.6186315847953586,0.9682076651655949,0.0019,0.0018,0.0125,0.0075
74,1763350631.6717284,-0.05598885747072882,0.05759905694980939,0.4152038940263158,0.0178895544400671,-0.08894515696369779,0.010492172697789945,0.24025539421625755,0.00404152268802065,-0.412,-0.427,0.612,0.998,0.01,0.029,0.057,-0.011,-0.109,0.041,0.0,0.0,-0.016,-0.352,-0.44,0.604,0.999,0.007,0.001,0.046,-0.028,-0.064,0.015,0.2,0.2,-0.0,-0.40738614733737133,-0.443432047715556,0.621806509188641,0.9980977401409605,-0.010210881155368189,0.01697854123485936,0.05838123130831428,0.059144297038156796,-0.051563582214880437,0.046721819664891764,0.0,0.0,-0.03150104985479932,-0.3900055695643054,-0.3871735541967672,0.6394847955494372,0.9980184099720975,-0.01177243446532488,0.01740349398460809,0.05931088888773838,0.08982681417970267,0.11388083713618476,0.17621530656591172,0.0,0.0,-0.03433289178132248,0.0,0.0,0.6218487394957983,1.0,0.0,0.0,0.0,24.39101125490171,0.10202728298296224,0.08,100.0,100.0,0.5,55.0,0.08,-0.6373441777393842,0.981364507273658,0.0028,0.0022,0.0172,0.0082
75,1763350631.7312381,-0.06371170862251241,0.05959702296724833,0.4283345810508181,0.017464399047657585,-0.059610077310441247,0.031589476443373246,0.22135489538238015,0.004582805952977602,-0.415,-0.436,0.608,0.998,0.008,0.029,0.056,-0.034,-0.137,-0.061,0.0,0.0,-0.015,-0.353,-0.444,0.606,0.999,0.008,0.001,0.045,-0.034,-0.07,0.015,-0.1,-0.1,-0.0,-0.4146959707743219,-0.45738948885465996,0.5943098952660019,0.9981702972550144,-0.011726822071962299,0.017434261102931684,0.0566973179411838,0.03848270885655972,-0.07115360097517609,-0.04105446871283358,0.0,0.0,-0.03057398356609904,-0.39195047874715,-0.3949089785288558,0.6377365014219937,0.9980259956994677,-0.014396410178894646,0.019731007020972205,0.05785795229685906,0.09022578192584893,0.0915788632905612,0.12733500272504564,0.0,0.0,-0.03367392920372226,0.0,0.0,0.6302521008403361,1.0,0.0,0.0,0.0,24.35938925972691,0.10220987040473613,0.08,100.0,100.0,0.5,55.0,0.08,-0.6564875123547489,0.9960755512992947,0.002,0.0037,0.0081,0.0095
76,1763350631.8138611,-0.06977165646353883,0.058905256785676735,0.42173164708661365,0.01700085870374314,-0.054191629938574265,0.018890052704860105,0.12761079807303422,0.004231447923299372,-0.415,-0.446,0.607,0.998,0.008,0.03,0.055,-0.02,-0.167,-0.038,0.0,0.0,-0.015,-0.355,-0.449,0.61,0.999,-0.003,-0.008,0.044,-0.023,-0.076,0.053,-0.2,-0.2,-0.1,-0.4116327834413619,-0.4723968965488452,0.6039433033125626,0.998171072901037,-0.014345768988740402,0.01976785714796447,0.05529864337840547,0.053764430393123216,-0.08803877006988356,0.04634377828840565,0.0,0.0,-0.029832120275313893,-0.3931387461281911,-0.40451594964616805,0.6359404382005466,0.9981117800390694,-0.014498745350340327,0.019389393299209388,0.05645097304736859,0.09394789124173113,0.06990192985963195,0.10099549912259582,0.0,0.0,-0.03296800673429093,0.0,0.0,0.6386554621848739,1.0,0.0,0.0,0.0,24.33537454398245,0.10232001429063348,0.08,100.0,100.0,0.5,55.0,0.08,-0.6767475677354617,1.0097744218702536,0.0029,0.0168,0.0098,0.0098
77,1763350631.8607728,-0.06753353845303858,0.05256140901756685,0.419408720639079,0.016485746453261008,-0.014973781121325795,-0.009629767545920629,0.14653473541980702,0.0037997607614929994,-0.412,-0.454,0.604,0.998,0.005,0.029,0.054,0.027,-0.132,-0.042,0.0,0.0,-0.029,-0.356,-0.454,0.616,0.999,-0.003,-0.002,0.043,-0.014,-0.07,0.13,-0.3,-0.1,0.0,-0.3992775370689599,-0.4718924592103715,0.6069110578416038,0.9982777467043493,-0.014440110054429479,0.019433100906993867,0.05343573940389967,0.09966204470258691,-0.03815623725732911,0.07685277652193398,0.0,0.0,-0.030247042588827863,-0.39191998625039864,-0.41297560104563896,0.6329532665021431,0.9981127184190157,-0.019262103157172163,0.01845513120103458,0.055311670057211965,0.10391686924753098,0.06017159541701988,0.1056627546224636,0.0,0.0,-0.032124209961051496,0.0,0.0,0.6470588235294117,1.0,0.0,0.0,0.0,24.310233856772392,0.10241145805992201,0.08,100.0,100.0,0.5,55.0,0.08,-0.693705877914439,1.0192295894135504,0.0017,0.0016,0.0094,0.0057
78,1763350631.9311092,-0.07561511949712607,0.05579670971016325,0.4097208124462962,0.016274193207372036,-0.06573298214032694,0.03588703184456951,0.10883872927574069,0.005124388690528003,-0.414,-0.469,0.612,0.998,0.003,0.03,0.055,-0.003,-0.214,0.054,0.0,0.0,0.003,-0.357,-0.458,0.627,0.999,-0.002,0.002,0.043,-0.009,-0.067,0.172,0.2,0.3,-0.0,-0.40744306555073706,-0.5016797530848662,0.6353844350163992,0.9982105541704976,-0.01922889013768662,0.01848973417217567,0.053516997831933026,0.06658667323952848,-0.10767104096489996,0.16988375175677922,0.0,0.0,-0.02676386150925511,-0.3920605557865267,-0.4257056160808543,0.6348308910401226,0.9980749146365132,-0.022948485243403854,0.018614308536740207,0.05452833498328102,0.10791399704280616,0.04544108374589322,0.14000183327057972,0.0,0.0,-0.03120817299333907,0.0,0.0,0.6554621848739496,1.0,0.0,0.0,0.0,24.294141148760225,0.10244523098048113,0.08,100.0,100.0,0.5,55.0,0.08,-0.7173233251600831,1.0323328359395225,0.0019,0.0018,0.0082,0.0112
79,1763350631.9988327,-0.0753256403746116,0.06804334315730198,0.39287723312532624,0.016406289729074965,-0.02690827419884992,0.08215693337700487,0.06942740806251102,0.006763305061279165,-0.422,-0.478,0.632,0.998,0.001,0.034,0.054,-0.085,-0.192,0.231,0.0,0.0,-0.006,-0.357,-0.462,0.643,0.999,-0.006,-0.003,0.041,-0.004,-0.062,0.249,0.0,-0.2,-0.0,-0.4322613039772225,-0.5054371349474662,0.6868538780131033,0.9981861055492843,-0.022909742383667057,0.018661970988662818,0.0524535340190276,-0.020189709905293993,-0.07934693410887407,0.30581745336138444,0.0,0.0,-0.027042055172189248,-0.39624405859497175,-0.437498867454147,0.6467129621889787,0.9980166570414144,-0.026205949149558032,0.018106283973330594,0.05429698866168899,0.0983659067863134,0.03931351303036858,0.18080304639481498,0.0,0.0,-0.030383000491999657,0.0,0.0,0.6638655462184874,1.0,0.0,0.0,0.0,24.299266347475967,0.10240656445610066,0.08,100.0,100.0,0.5,55.0,0.08,-0.7387292754249272,1.051548097530478,0.0029,0.0061,0.0083,0.0069
80,1763350632.0588534,-0.07053290339535703,0.06900433174781168,0.387579440808857,0.016246080332402595,-0.004283430244206507,0.030321196636536693,0.12084000083965066,0.0053513116650412695,-0.423,-0.483,0.651,0.998,-0.001,0.036,0.054,-0.055,-0.152,0.305,0.0,0.0,-0.015,-0.358,-0.466,0.66,0.999,-0.012,-0.002,0.039,-0.014,-0.052,0.249,0.1,0.6,-0.1,-0.4277939297425189,-0.5019758835212706,0.7173723225703105,0.9981429533840337,-0.02616281833073385,0.01816855049653458,0.05192355264855046,0.007439002082602669,-0.03582120369983235,0.3289564704743392,0.0,0.0,-0.02781866751727197,-0.39903421177032905,-0.44717164435754786,0.663135215082249,0.9980593580601744,-0.026584413986816154,0.015956397217078637,0.054001667653330025,0.09271530846474248,0.04163368305824749,0.22398810855082857,0.0,0.0,-0.029545847325486742,0.0,0.0,0.6722689075630252,1.0,0.0,0.0,0.0,24.309629816455644,0.10235002363905792,0.08,100.0,100.0,0.5,55.0,0.08,-0.7570640884800152,1.0670544850482984,0.0029,0.0014,0.0052,0.0063
81,1763350632.1385038,-0.07131541138009806,0.06137420158533493,0.4060607316418619,0.015798167639713825,-0.030362378696964037,-0.012274026406954346,0.23774874446834615,0.003852716661207131,-0.42,-0.5,0.662,0.998,-0.003,0.034,0.054,0.006,-0.166,0.18,0.0,0.0,-0.006,-0.358,-0.468,0.677,0.999,-0.014,-0.006,0.038,-0.006,-0.032,0.26,-0.3,-0.2,0.1,-0.41265289618381124,-0.5215044718809574,0.697649031861818,0.9981676253766879,-0.02655175195042513,0.01601068854030696,0.051962043557702245,0.07141191048418134,-0.048405741470998666,0.1546779215738097,0.0,0.0,-0.026907852951960017,-0.398863055140785,-0.4579953323582466,0.6746726273671615,0.9979931541029309,-0.02942065625620255,0.016252885807009395,0.05366500770597654,0.09532839417317682,0.04231084953252206,0.22796661507456562,0.0,0.0,-0.028983499793901198,0.0,0.0,0.680672268907563,1.0,0.0,0.0,0.0,24.299936418441217,0.10236775954932054,0.08,100.0,100.0,0.5,55.0,0.08,-0.7768356528380689,1.076925137324286,0.0028,0.002,0.0084,0.0173
82,1763350632.1973324,-0.06910064607006158,0.05168722044505147,0.4285221702644323,0.015381962875620629,-0.015669452717354447,-0.025419580106916695,0.2645799674785501,0.0038432890444266964,-0.413,-0.51,0.649,0.998,-0.005,0.03,0.053,0.049,-0.144,0.005,0.0,0.0,-0.016,-0.358,-0.47,0.691,0.999,-0.015,-0.007,0.037,-0.003,-0.024,0.215,0.1,-0.1,-0.1,-0.3963697437590313,-0.5269914409844773,0.6455781394479264,0.9981191773074468,-0.029381532310499583,0.01632350669091623,0.051267695281769464,0.1204915809849233,-0.025195292753325695,-0.016340619833133674,0.0,0.0,-0.027193563369521643,-0.39633643657931383,-0.46779459518344324,0.6771743077343769,0.9979133502186759,-0.03039388756999637,0.020151226980118335,0.053283065836311434,0.10566925312389469,0.046677391994400075,0.18023144128608254,0.0,0.0,-0.028978440119399398,0.0,0.0,0.6890756302521008,1.0,0.0,0.0,0.0,24.270277075388954,0.10249385297280146,0.08,100.0,100.0,0.5,55.0,0.08,-0.7945620820391792,1.0830731516016083,0.0027,0.0023,0.0067,0.0108
83,1763350632.272596,-0.08563969064427679,0.06657153014014035,0.41917393308527345,0.015702201655081138,-0.10860796514734916,0.09380425614233874,0.11395462795336828,0.007369429975660281,-0.421,-0.528,0.667,0.998,-0.004,0.033,0.054,-0.085,-0.283,0.05,0.0,0.0,0.041,-0.358,-0.47,0.705,0.999,-0.015,-0.002,0.035,0.018,-0.006,0.234,-0.3,-0.5,0.2,-0.43060637503395255,-0.5726991884808228,0.6760216490319708,0.9979279388701581,-0.030388354895442705,0.020159569369667913,0.053009135740326924,-0.012264056817741287,-0.16234424833364577,0.09321335345788366,0.0,0.0,-0.02175285929584022,-0.4002176311473813,-0.48409155126916587,0.6819881911925365,0.9979055849798916,-0.029210575215397206,0.021468690710666326,0.053575004252878054,0.09748230491332383,0.0299386390617837,0.14086808738117612,0.0,0.0,-0.028495210132838324,0.0,0.0,0.6974789915966386,1.0,0.0,0.0,0.0,24.252796404067606,0.10253387972101465,0.08,100.0,100.0,0.5,55.0,0.08,-0.8231837671359842,1.1007285609315212,0.0065,0.0023,0.0066,0.0155
84,1763350632.3252335,-0.07660795819760048,0.0786329928069297,0.35971120790802424,0.016233866009717806,0.013043778241777824,0.08527163713649943,-0.14012340097926834,0.008546647393838758,-0.429,-0.527,0.715,0.998,-0.006,0.039,0.053,-0.128,-0.132,0.5,0.0,0.0,-0.007,-0.357,-0.469,0.721,0.999,-0.015,-0.004,0.035,0.013,0.017,0.268,-0.2,-0.4,0.1,-0.4473733511207691,-0.5412181054218577,0.8219427258838554,0.9980106931160097,-0.02916759863588544,0.021527042877750813,0.05157997713122136,-0.05779378746319651,-0.007792572861627937,0.5824262576608017,0.0,0.0,-0.025947060103940246,-0.4063779786637017,-0.49289467382836616,0.7085744351898241,0.9979347384410598,-0.029120900641257972,0.019386959094661795,0.05387371135792855,0.08478641335543823,0.03898356014103413,0.20276271493194914,0.0,0.0,-0.028015059983110564,0.0,0.0,0.7058823529411764,1.0,0.0,0.0,0.0,24.296279885632618,0.10231465646020478,0.08,100.0,100.0,0.5,55.0,0.08,-0.8399842356568387,1.1210579933280729,0.0012,0.0011,0.0051,0.01
85,1763350632.4067488,-0.06891407103152569,0.06240951786068906,0.4097206920383527,0.015841803970672516,0.009741451506273743,-0.05163000242860455,0.3849391236171514,0.004127389558417726,-0.422,-0.531,0.7,0.998,-0.005,0.035,0.053,0.013,-0.111,0.106,0.0,0.0,-0.005,-0.356,-0.468,0.74,0.999,-0.018,-0.003,0.034,0.015,0.024,0.29,-0.1,0.1,0.0,-0.41272261859257425,-0.5407481247138508,0.7298158816678695,0.9980369977844895,-0.02908337654178677,0.0194432056519689,0.0519448747830509,0.08059304632880589,0.011758935241199104,0.10449219256558971,0.0,0.0,-0.026463608140913787,-0.40567180501351946,-0.5003048943142698,0.7153407010351163,0.9980550856215384,-0.028003728045386884,0.016001564194261405,0.053345920405223714,0.09228378212748034,0.050826294372867016,0.23197215802733015,0.0,0.0,-0.027393551485114152,0.0,0.0,0.7142857142857143,1.0,0.0,0.0,0.0,24.27458986394599,0.10239538804456565,0.08,100.0,100.0,0.5,55.0,0.08,-0.8544610422358911,1.128913724128664,0.0029,0.0046,0.0113,0.0133
86,1763350632.4690988,-0.06209276999642768,0.06517997342973621,0.39295527196533386,0.015794489146949406,0.00826372853866792,0.037255847042994145,0.06981815914928813,0.005704102370386644,-0.428,-0.533,0.732,0.998,-0.007,0.038,0.052,-0.046,-0.067,0.296,0.0,0.0,-0.022,-0.355,-0.465,0.757,0.999,-0.021,-0.004,0.034,0.014,0.05,0.233,-0.0,0.0,-0.0,-0.43031366439271446,-0.5340015697271022,0.7879949905213838,0.9981899968055865,-0.027962160686748533,0.0160740912910034,0.05075895424612481,0.027418058654894217,0.05669375070775832,0.265784610752459,0.0,0.0,-0.02766903885174625,-0.4079167905747244,-0.5052487592300613,0.733260784503598,0.9978358244047246,-0.03313889799857562,0.01921635607134399,0.053443546227050755,0.08956589094918684,0.06896879831575417,0.2640252866280511,0.0,0.0,-0.027647173778913008,0.0,0.0,0.7226890756302521,1.0,0.0,0.0,0.0,24.2777412970718,0.10234874141808402,0.08,100.0,100.0,0.5,55.0,0.08,-0.8670913194878399,1.1416830938235978,0.0046,0.0043,0.0073,0.0115
87,1763350632.5469913,-0.057057111522843054,0.046653820524114,0.4261345569645311,0.015395394991759022,0.00189350361926275,-0.06818827449195997,0.3132546519829869,0.003927462654154097,-0.411,-0.536,0.722,0.998,-0.008,0.036,0.051,0.09,-0.041,0.038,0.0,0.0,-0.012,-0.354,-0.461,0.768,0.999,-0.015,-0.003,0.031,0.023,0.062,0.185,0.3,0.1,-0.0,-0.38556627147004324,-0.5323321718310413,0.7181954157759689,0.9979526430077995,-0.033095917716230994,0.019290285942441227,0.05121589023464246,0.16545033318784724,0.07537120400380619,-0.03039432933930515,0.0,0.0,-0.02671154649589994,-0.40291261149603597,-0.5084860507691188,0.7399229601432868,0.9978135575438543,-0.03178493700603907,0.024068265572072443,0.05271186539624435,0.10857204846030893,0.08423715385484232,0.16004650101272788,0.0,0.0,-0.028279500326932085,0.0,0.0,0.7310924369747899,1.0,0.0,0.0,0.0,24.257512940154825,0.10246435552123898,0.08,100.0,100.0,0.5,55.0,0.08,-0.8779861022638086,1.1439988247472221,0.006,0.0043,0.0116,0.0164
88,1763350632.6078665,-0.04873356983774959,0.043749859371489536,0.3967181094329274,0.015109373831180481,0.020221291604401143,0.002975376933420426,0.012718221203680623,0.00434316731901693,-0.41,-0.531,0.741,0.998,-0.008,0.038,0.05,0.057,0.028,0.192,0.0,0.0,-0.042,-0.352,-0.457,0.78,0.999,-0.014,-0.005,0.03,0.051,0.082,0.208,0.0,-0.4,-0.0,-0.3906603747707008,-0.5135604016191738,0.7831572988151785,0.9979819266399996,-0.031705410537987075,0.024172930536932792,0.04942176111581506,0.1324288705399443,0.14068505311180635,0.24968184704365393,0.0,0.0,-0.02866541978827284,-0.3992930667035273,-0.5078901833490319,0.7507038276403345,0.9980147155110388,-0.028991742377609896,0.020548879375542624,0.05199855818905048,0.12401421436391408,0.11093723458065609,0.18642474447758142,0.0,0.0,-0.028144843369130684,0.0,0.0,0.7394957983193277,1.0,0.0,0.0,0.0,24.25695210898599,0.10244975422824495,0.08,100.0,100.0,0.5,55.0,0.08,-0.8855892901759274,1.1502537621960953,0.0029,0.0021,0.0104,0.0179
89,1763350632.6629686,-0.03745958946142504,0.0578746550326662,0.3802320800543741,0.015147454527081395,0.03809481319246663,0.08703017557019183,0.06633914414458088,0.005856418666197255,-0.42,-0.52,0.773,0.998,-0.005,0.042,0.047,-0.049,0.102,0.343,0.0,0.0,-0.055,-0.35,-0.451,0.791,1.0,-0.011,-0.002,0.029,0.036,0.093,0.195,0.0,-0.1,-0.0,-0.42285191356270807,-0.4891710584255345,0.8426089833795514,0.9982026913181541,-0.028914480860524006,0.02065745304355534,0.04825566780714854,0.014136150770562877,0.19960965606321784,0.35784652387353566,0.0,0.0,-0.029290925400079503,-0.40096283163249047,-0.5027279239699614,0.7709013020970075,0.9980934092081685,-0.026204238859464206,0.020613522588672457,0.051941958448811165,0.11848239948314851,0.13928197942655282,0.19343721359114405,0.0,0.0,-0.02816083374931507,0.0,0.0,0.7478991596638656,1.0,0.0,0.0,0.0,24.2784678524347,0.10230213840729206,0.08,100.0,100.0,0.5,55.0,0.08,-0.889557424307902,1.164549973455467,0.0019,0.0017,0.01,0.0082
90,1763350632.7280934,-0.036839381586668066,0.05132385089859788,0.40523543561546693,0.014973825807673554,-0.010946306674249486,-0.011051025033091761,0.2676038078258546,0.004812151850616321,-0.413,-0.516,0.768,0.998,-0.006,0.038,0.046,0.046,0.09,0.127,0.0,0.0,-0.043,-0.347,-0.444,0.807,0.999,-0.012,-0.01,0.028,0.043,0.103,0.231,-0.1,-0.2,0.0,-0.39788607175305946,-0.48859400834349487,0.7990196314032401,0.9982582630079146,-0.026136548009665413,0.020699282737718684,0.04867094501552036,0.10064647599409039,0.17346391165105463,0.12766248401058028,0.0,0.0,-0.02817659769272519,-0.397917919475619,-0.4976633785278278,0.7788587655547136,0.9983164493111027,-0.02315568414137281,0.014783732221232602,0.051083486455295445,0.12614446917846933,0.16124926172758003,0.22605277157069464,0.0,0.0,-0.027659233218894668,0.0,0.0,0.7563025210084033,1.0,0.0,0.0,0.0,24.261922301226967,0.10238636570044952,0.08,100.0,100.0,0.5,55.0,0.08,-0.8951893236855487,1.171687737617737,0.0014,0.0013,0.0094,0.0073
91,1763350632.794284,-0.033629016174004836,0.034002855989636906,0.42488099714897354,0.014671868606537193,0.0022370589683156014,-0.06735853045783072,0.2501910960233328,0.0041053986721957935,-0.397,-0.501,0.78,0.998,-0.002,0.034,0.044,0.169,0.133,-0.005,0.0,0.0,-0.037,-0.344,-0.438,0.818,1.0,-0.007,-0.008,0.027,0.043,0.1,0.18,0.1,-0.1,0.0,-0.35831442337224145,-0.4670276052808942,0.7736786996101859,0.998467258927655,-0.02311059476277272,0.014854119164562977,0.04804569078545126,0.22045016322487473,0.19982214985498756,-0.037417490227175415,0.0,0.0,-0.027454756358446512,-0.3883856947569551,-0.4895035581383546,0.7829196051897895,0.9984982866144995,-0.019301827976557905,0.012479089649413714,0.04972809453612941,0.1449851931665299,0.17978737514873833,0.1810322341309193,0.0,0.0,-0.027152556527572747,0.0,0.0,0.7647058823529411,1.0,0.0,0.0,0.0,24.23329860411205,0.10257089533936874,0.08,100.0,100.0,0.5,55.0,0.08,-0.8983773304713654,1.1700585095457205,0.0016,0.0016,0.0101,0.0065
92,1763350632.8635502,-0.025587195657458584,0.04407230044455705,0.3872087533843954,0.01442449771955687,0.02759822151747946,0.06309829327071455,-0.029030844892025377,0.004265096292549833,-0.403,-0.484,0.817,0.998,-0.0,0.041,0.041,0.041,0.192,0.28,0.0,0.0,-0.058,-0.342,-0.431,0.827,1.0,0.001,0.005,0.023,0.023,0.109,0.143,0.4,0.9,-0.2,-0.38953191561381917,-0.4396234340798119,0.8689718620233192,0.9986801438737377,-0.019254240834699312,0.012552388282479775,0.04593127464610317,0.09266887463738346,0.24775799583345295,0.298012164613096,0.0,0.0,-0.02881678602217077,-0.38523134841579426,-0.47768885040653847,0.8014107079331134,0.9985648403021907,-0.01471346703182231,0.015914769655008036,0.04897441890407417,0.14316178557982684,0.1991827875751791,0.1630738979946351,0.0,0.0,-0.02712499385766739,0.0,0.0,0.7731092436974789,1.0,0.0,0.0,0.0,24.25082238438669,0.10245389746561372,0.08,100.0,100.0,0.5,55.0,0.08,-0.8988066294980377,1.1791874988831132,0.0019,0.0017,0.0092,0.0095
93,1763350632.9322002,-0.028035230485730034,0.055289380799535555,0.360381808290572,0.014252886533546802,-0.02183537251290423,0.07261251444160138,0.011068557050031031,0.0045511307147834915,-0.406,-0.478,0.851,0.998,0.001,0.045,0.041,-0.012,0.157,0.468,0.0,0.0,-0.043,-0.339,-0.426,0.84,1.0,-0.004,-0.013,0.025,0.05,0.105,0.213,-0.1,-0.4,0.0,-0.40320180499701314,-0.44139410859193473,0.9494283175530634,0.9987175538361724,-0.014662077980449408,0.01596212625447209,0.04575458069115569,0.034373516440827284,0.20326460945550218,0.4892101042101621,0.0,0.0,-0.027142020798034575,-0.3848376090547829,-0.467433692306611,0.8281893433240168,0.998653745735269,-0.012697948811041894,0.01443860874854733,0.048176600153141236,0.13623718300032803,0.20865982571333003,0.21898576706543119,0.0,0.0,-0.02683249336810071,0.0,0.0,0.7815126050420168,1.0,0.0,0.0,0.0,24.287954354996735,0.10222676051809354,0.08,100.0,100.0,0.5,55.0,0.08,-0.9028720278092618,1.1931074523618435,0.0036,0.0017,0.0068,0.011
94,1763350633.013403,-0.027228445331963915,0.06019117431532191,0.3663976213213018,0.01409170519107619,-0.006479285663318159,0.04524248537875754,0.16522224326261387,0.004538925737726995,-0.399,-0.458,0.868,0.998,0.002,0.043,0.037,-0.019,0.167,0.461,0.0,0.0,-0.053,-0.336,-0.419,0.854,1.0,-0.002,-0.006,0.023,0.044,0.1,0.216,-0.2,-0.1,-0.0,-0.39866876013784935,-0.4203907773214888,0.9617125522977717,0.9988189719459746,-0.012646452031652686,0.014483734933109473,0.04462006223869686,0.02165792141605706,0.20333967501382266,0.3996107248289289,0.0,0.0,-0.027656484165200706,-0.3842889842350598,-0.4558259936189719,0.8545402067714849,0.9987978134639391,-0.01045569968791713,0.008625014619820154,0.04710854791328108,0.12578975177572424,0.2166252058208541,0.2927607151881304,0.0,0.0,-0.026435961522147815,0.0,0.0,0.7899159663865546,1.0,0.0,0.0,0.0,24.312908612974038,0.10205507683181961,0.08,100.0,100.0,0.5,55.0,0.08,-0.9059377415541913,1.2066577665137457,0.0034,0.0025,0.0198,0.0132
95,1763350633.0784962,-0.021668319146043582,0.04972112383029986,0.40352691985877803,0.013868143477350128,0.01758996393011518,-0.029778562056864494,0.3230456006828692,0.004166580878023249,-0.391,-0.445,0.867,0.999,0.004,0.041,0.035,0.071,0.218,0.225,0.0,0.0,-0.061,-0.333,-0.413,0.862,1.0,-0.002,-0.009,0.022,0.058,0.118,0.124,0.1,-0.2,-0.1,-0.37295851354265,-0.39834086070778996,0.8981748723328814,0.9989709948180107,-0.01042257292361458,0.00866501626126333,0.04328093089523733,0.11476607634988827,0.24665764803203236,0.07260893713574366,0.0,0.0,-0.02805355212748303,-0.3795253435070498,-0.4417184988291415,0.8709636732023908,0.9988636202601304,-0.007296597442910884,0.010360335733043104,0.045944436334346535,0.1268731547491893,0.22612923262002396,0.2570219871787194,0.0,0.0,-0.026067495818847333,0.0,0.0,0.7983193277310924,1.0,0.0,0.0,0.0,24.307595266652022,0.10209186754527681,0.08,100.0,100.0,0.5,55.0,0.08,-0.905657999647517,1.2118135276880797,0.0089,0.0053,0.009,0.0114
96,1763350633.142207,-0.027703773208496416,0.05100489264598186,0.396008238346398,0.013542886867249413,-0.0383028899920305,0.025064265514772414,0.11372918738514157,0.003574270753502721,-0.392,-0.439,0.888,0.998,0.004,0.044,0.035,0.03,0.152,0.269,0.0,0.0,-0.041,-0.331,-0.408,0.863,1.0,-0.002,-0.008,0.021,0.044,0.085,0.015,-0.1,-0.2,-0.0,-0.38117296475590534,-0.40594790462415337,0.9248756614253411,0.9990003782182569,-0.007264656168694864,0.010382757894505058,0.042868023386136926,0.08293255300685623,0.1777394007451902,0.16092997129519007,0.0,0.0,-0.026045214724603975,-0.37696176219842165,-0.4308658762007079,0.8895181135949214,0.9988782843570201,-0.007001640583061678,0.013931721052250571,0.04471081768033387,0.12422505570414424,0.2226350030739016,0.1973398767797436,0.0,0.0,-0.025654697842522396,0.0,0.0,0.8067226890756303,1.0,0.0,0.0,0.0,24.317204943663032,0.10199680381099148,0.08,100.0,100.0,0.5,55.0,0.08,-0.9101120507560482,1.2210668518287155,0.0022,0.0024,0.013,0.0141
97,1763350633.194532,-0.02885110875855252,0.041536725835581254,0.4244360652783896,0.013135495891678131,-0.016125592703466696,-0.028213999309759867,0.2906422240398574,0.0030416276973621236,-0.382,-0.425,0.875,0.999,0.004,0.043,0.032,0.093,0.159,-0.04,0.0,0.0,-0.046,-0.329,-0.402,0.859,1.0,0.005,0.001,0.019,0.026,0.081,-0.06,0.4,0.7,-0.2,-0.3577329280488811,-0.39068035329449424,0.8597390262922305,0.9990178540069213,-0.006956482038432402,0.013954324776966655,0.04147543312701586,0.14970416694272776,0.18302618292739564,-0.07875660460512765,0.0,0.0,-0.025989740340864518,-0.3712425511155469,-0.41956936239771503,0.8908166577730997,0.9989015369120805,-0.006490027602598408,0.016609511208954996,0.04333270397518163,0.13469792834209907,0.22072837447455312,0.11791773934551054,0.0,0.0,-0.025343779911019944,0.0,0.0,0.8151260504201681,1.0,0.0,0.0,0.0,24.292961559583613,0.10218145915673521,0.08,100.0,100.0,0.5,55.0,0.08,-0.9134876566188486,1.225392414324547,0.0019,0.0016,0.0077,0.0077
98,1763350633.265616,-0.021755551633242012,0.04069658353447796,0.40343302006309595,0.012766901296258645,0.024658619842095365,0.01137556068282651,0.05414829840292782,0.0030828379822818637,-0.376,-0.41,0.886,0.999,0.005,0.045,0.03,0.067,0.215,0.077,0.0,0.0,-0.061,-0.327,-0.397,0.856,1.0,0.009,0.008,0.017,0.027,0.076,-0.045,0.2,0.6,-0.2,-0.3568142675825775,-0.3646634389597511,0.904501826109902,0.9990571927357114,-0.006427619935324161,0.016633761536402832,0.03958193176383401,0.1223450139046325,0.2390082073520885,0.13372738905644174,0.0,0.0,-0.02663182835486149,-0.36641738059014617,-0.40558101888212805,0.8955580349164654,0.999000302306682,-0.004455774741644471,0.014295779804870344,0.042120929980004385,0.14167706431576735,0.22641432748045892,0.12509276999720523,0.0,0.0,-0.025046815126564474,0.0,0.0,0.8235294117647058,1.0,0.0,0.0,0.0,24.285095221585888,0.10222595441644525,0.08,100.0,100.0,0.5,55.0,0.08,-0.9132755839305677,1.2318857538758965,0.0018,0.0061,0.0104,0.0058
99,1763350633.327831,-0.0318294938579847,0.04427467779463277,0.4174448381084973,0.01242198196621132,-0.05852804298617921,0.03315169012620326,0.22134647275066796,0.0030629913358603727,-0.375,-0.41,0.881,0.999,0.005,0.044,0.03,0.05,0.111,-0.032,0.0,0.0,-0.032,-0.324,-0.393,0.853,1.0,0.007,0.001,0.018,0.041,0.057,-0.01,-0.2,-0.6,0.0,-0.359837759941818,-0.3854456331336447,0.8781298416701195,0.9991084138802466,-0.00441787569477981,0.014307537283651911,0.03947346026028285,0.09807151061141364,0.1343483749448448,0.011778324733770402,0.0,0.0,-0.023593327710120238,-0.3624528543794344,-0.39703539168736657,0.8953540739137046,0.9990569110823921,-0.005522278705504208,0.014011704461231254,0.040724255603988575,0.14318200431480313,0.2154689906901794,0.09539691195305834,0.0,0.0,-0.024440246946364357,0.0,0.0,0.8319327731092436,1.0,0.0,0.0,0.0,24.264793889567077,0.10231741326898912,0.08,100.0,100.0,0.5,55.0,0.08,-0.9197141173547733,1.2408554444511422,0.002,0.0024,0.0089,0.0064
100,1763350633.4414423,-0.04371558852419856,0.04496297308375666,0.42524501415652205,0.012059188957128793,-0.07136653352781355,0.020044480618606763,0.19554269453081013,0.0028442781919166132,-0.373,-0.411,0.874,0.999,0.006,0.043,0.03,0.063,0.039,-0.118,0.0,0.0,-0.013,-0.322,-0.389,0.855,1.0,0.007,0.006,0.013,0.018,0.064,0.002,0.1,0.8,-0.2,-0.3558212414127941,-0.40078488171513543,0.8594705315667173,0.9991328916214294,-0.005495499217399631,0.014022229222263953,0.03881547959501565,0.1062350675869221,0.06265506478864524,-0.034102770622997707,0.0,0.0,-0.021424502885614264,-0.35801323385908906,-0.3925318527236589,0.8895341972870358,0.9991564576200245,-0.005728299294639356,0.010785651152823013,0.039207518572394746,0.14512426144523255,0.1967194247043411,0.10486957352679152,0.0,0.0,-0.02366683103993774,0.0,0.0,0.8403361344537815,1.0,0.0,0.0,0.0,24.229705004684785,0.10243154668623594,0.08,100.0,100.0,0.5,55.0,0.08,-0.9302432728338875,1.249439820810614,0.0053,0.0084,0.0451,0.0069
101,1763350633.4615746,-0.047483076947559766,0.04613675814020569,0.42845669293869443,0.01175168628063244,-0.035230787813380474,0.022730040188653905,0.1755252742195576,0.002984682476441532,-0.373,-0.411,0.874,0.999,0.006,0.043,0.03,0.063,0.039,-0.118,0.0,0.0,-0.013,-0.32,-0.388,0.857,1.0,0.004,-0.009,0.016,0.036,0.038,0.052,0.0,-0.3,-0.0,-0.3564467857466954,-0.4009502017114672,0.8550551885231759,0.9992280568135009,-0.005708111983306947,0.010796348511667534,0.03733827517595876,0.1030982088631365,0.06626501824534284,-0.040414287887395074,0.0,0.0,-0.020842630149821306,-0.35383877375411826,-0.38865904422730985,0.8850622226253041,0.9992325526980961,-0.0035136765698632892,0.00962394839383201,0.03780660422097802,0.1433242564816308,0.17858005186378184,0.07243542645795512,0.0,0.0,-0.022968559560521185,0.0,0.0,0.8487394957983193,1.0,0.0,0.0,0.0,24.199760592166754,0.10249331641874002,0.08,100.0,100.0,0.5,55.0,0.08,-0.9396333686953798,1.2577445058314176,0.0022,0.0018,0.007,0.0081
102,1763350633.5280569,-0.04717591799065582,0.04431279490452377,0.4154972274159722,0.011371096470514111,-0.016270359070815164,0.008181468124167545,0.09587393223839935,0.002503933304645534,-0.367,-0.408,0.878,0.999,0.006,0.042,0.029,0.08,0.049,-0.031,0.0,0.0,-0.022,-0.317,-0.385,0.866,1.0,-0.003,-0.015,0.017,0.037,0.027,0.135,-0.2,-0.4,0.1,-0.346957698808754,-0.39518386791717325,0.8824198465944377,0.9993119582549121,-0.00349286056834646,0.009631522765110326,0.03564609071143831,0.12109899338640462,0.08703601268274348,0.0883725882263943,0.0,0.0,-0.021075484909001668,-0.3488477180904039,-0.38479496435650423,0.8839549384924469,0.9992607435275684,-0.0060998882909127,0.010126122186461748,0.036581681987494695,0.14450564560811635,0.1651446225084042,0.0836097643037322,0.0,0.0,-0.02236835798763469,0.0,0.0,0.8571428571428571,1.0,0.0,0.0,0.0,24.181446594311947,0.1025039565804632,0.08,100.0,100.0,0.5,55.0,0.08,-0.9477236057957953,1.2645852600373089,0.002,0.0018,0.0077,0.0082
103,1763350633.6303713,-0.04077928340930147,0.04394536985633484,0.4162038109512721,0.011051659156616966,0.014292203660275834,0.014780172848251769,0.15934437795748885,0.0026669746069570757,-0.362,-0.4,0.876,0.999,0.007,0.041,0.028,0.07,0.081,-0.026,0.0,0.0,-0.031,-0.316,-0.383,0.875,1.0,0.005,0.006,0.011,0.011,0.032,0.164,0.3,1.0,-0.2,-0.34386628683661147,-0.37938001204348215,0.8827222782789288,0.9993474844661409,-0.006075026859517512,0.010141056964286686,0.03413002056108016,0.11114527906179236,0.1304376660691651,0.08145066329128178,0.0,0.0,-0.021237990724259952,-0.3442753294082456,-0.3795734147728053,0.8830744194215405,0.9992610428661849,-0.010524935311587701,0.010209197895090628,0.03552979348392508,0.14448228757280024,0.1627488883937134,0.1027999628591405,0.0,0.0,-0.021785635979134223,0.0,0.0,0.8655462184873949,1.0,0.0,0.0,0.0,24.160883269671583,0.10249648755085188,0.08,100.0,100.0,0.5,55.0,0.08,-0.9532218455773066,1.2717365025848943,0.0272,0.0142,0.0062,0.0057
104,1763350633.7303932,-0.03725913570504251,0.043836092855269966,0.41918440090230075,0.010728241606280862,0.002308507242806755,0.015933128690801136,0.1709793788618704,0.002527284432050847,-0.362,-0.4,0.876,0.999,0.007,0.041,0.028,0.07,0.081,-0.026,0.0,0.0,-0.031,-0.314,-0.382,0.89,1.0,-0.002,-0.009,0.015,0.022,0.025,0.235,-0.4,-0.3,0.1,-0.3439137458672805,-0.37840082320271656,0.8808729262944407,0.9993439633976218,-0.010500240122162038,0.01023459536821887,0.03311556787612937,0.11027528671945615,0.13600369110458715,0.06325953462757267,0.0,0.0,-0.02070236898719643,-0.34005416829304036,-0.37482738461197784,0.8825640948509245,0.9992604570217213,-0.01309247052136759,0.010532706180969277,0.03458595594881178,0.1444275623303645,0.16454725476455373,0.12202944169350644,0.0,0.0,-0.021234793947163138,0.0,0.0,0.8739495798319328,1.0,0.0,0.0,0.0,24.137228748954904,0.10247637793616995,0.08,100.0,100.0,0.5,55.0,0.08,-0.9591575355004612,1.2787865759752555,0.041,0.0029,0.0111,0.0177
105,1763350633.7484338,-0.03586518580438092,0.04391639946005709,0.4222772134808837,0.010398014710929356,-0.007002426386083012,0.016840067844661834,0.17265821323127747,0.0023719561255978096,-0.362,-0.4,0.876,0.999,0.007,0.041,0.028,0.07,0.081,-0.026,0.0,0.0,-0.031,-0.314,-0.382,0.89,1.0,-0.002,-0.009,0.015,0.022,0.025,0.235,-0.4,-0.3,0.1,-0.34407292365761327,-0.37826774477226915,0.8771527767153127,0.9993398392179316,-0.013067399141945756,0.010563794938968812,0.03221079117363194,0.10913402566765507,0.13452720712916003,0.04651858946065269,0.0,0.0,-0.02017007759686511,-0.3361342444057148,-0.3703986054937616,0.8828114316982607,0.9992835397458807,-0.013948759793698643,0.010034360384198733,0.0337216681799782,0.14355777479894288,0.16709565737759935,0.11629629727374631,0.0,0.0,-0.020603350466884513,0.0,0.0,0.8823529411764706,1.0,0.0,0.0,0.0,24.11444262486866,0.10245256370986992,0.08,100.0,100.0,0.5,55.0,0.08,-0.965546077711021,1.2856999938697655,0.0051,0.0015,0.0049,0.0058
106,1763350633.8063176,-0.04886375543092051,0.04776876150310918,0.40870336371325094,0.010040225452229911,-0.07844229280934081,0.0357304600127819,0.09048470621716723,0.0021103092231012834,-0.354,-0.413,0.902,0.999,0.002,0.041,0.027,0.043,-0.019,0.073,0.0,0.0,-0.013,-0.312,-0.378,0.926,1.0,0.004,-0.005,0.013,0.013,0.025,0.281,0.3,0.3,-0.0,-0.34154094679139213,-0.4116358511529476,0.9239842755389432,0.9993388303764645,-0.01393186718567407,0.010057801192259607,0.032041314169328663,0.08177052175549601,0.03002822258155671,0.15660149695644,0.0,0.0,-0.018132287948236528,-0.33307811211108845,-0.37148646756048176,0.8891230077254435,0.9993376270148803,-0.012143954250946876,0.009784286580343329,0.03288007517529004,0.13886852725134352,0.15370221310959098,0.1297713677980102,0.0,0.0,-0.019938986906013843,0.0,0.0,0.8907563025210083,1.0,0.0,0.0,0.0,24.10518314095862,0.10243515057035632,0.08,100.0,100.0,0.5,55.0,0.08,-0.9792453943577333,1.2948056478218055,0.0026,0.0068,0.0141,0.0081
107,1763350633.875953,-0.046337941181724386,0.04930859663450361,0.3927248513310315,0.009806610401160782,-0.005694837040614579,0.025612461220638125,0.07337119948137219,0.002597009289240581,-0.348,-0.404,0.932,0.999,0.003,0.042,0.024,0.037,0.044,0.202,0.0,0.0,-0.027,-0.312,-0.377,0.949,1.0,0.001,-0.008,0.011,0.006,0.021,0.366,-0.2,-0.2,0.0,-0.33674826628655175,-0.3905911481375044,0.9800247030165558,0.9994062351330648,-0.012122817914969568,0.00981046250366771,0.03072408319897991,0.07592818649520315,0.09040028586422377,0.26645803366452653,0.0,0.0,-0.01873757457400583,-0.3301444600795435,-0.36932751519078144,0.9030304291182699,0.999384527300825,-0.010640261075693113,0.009637581263889146,0.032007318902548314,0.13408365105392323,0.14970248102846467,0.16484187229418348,0.0,0.0,-0.019397172222614365,0.0,0.0,0.8991596638655461,1.0,0.0,0.0,0.0,24.111221189014397,0.10243497641339869,0.08,100.0,100.0,0.5,55.0,0.08,-0.9874984854552938,1.303781388338842,0.0021,0.0019,0.016,0.0145
108,1763350633.9358351,-0.04535706283958693,0.04959775287641498,0.39675888286829664,0.009542031357324765,-0.012472336232459358,0.01993650494749569,0.16744197693546226,0.002354583681255203,-0.348,-0.404,0.932,0.999,0.003,0.042,0.024,0.037,0.044,0.202,0.0,0.0,-0.027,-0.311,-0.377,0.973,1.0,-0.003,-0.016,0.011,0.004,0.005,0.364,0.0,-0.1,-0.1,-0.33671447494509665,-0.39064732638370664,0.977475360446823,0.9994501702593762,-0.010619794741983431,0.00966012877839204,0.02988743950436478,0.07667760423699174,0.09221335974470701,0.2193793095814564,0.0,0.0,-0.018305451836791314,-0.3275235592254536,-0.36739239762062653,0.916461763887966,0.9994214039289316,-0.009663705050301008,0.009580868279868765,0.031171736179232887,0.12987691515216965,0.14484933423894608,0.1985794195055614,0.0,0.0,-0.018831539341509242,0.0,0.0,0.907563025210084,1.0,0.0,0.0,0.0,24.111592601114904,0.10243038722567048,0.08,100.0,100.0,0.5,55.0,0.08,-0.9953395040260571,1.3123583495506763,0.0021,0.006,0.0083,0.0109
109,1763350633.9957366,-0.04912601453799544,0.04847217937348543,0.3960181696333394,0.009223718360925746,-0.03585365705688763,0.012971289814007868,0.14508101490082528,0.0019866967770016918,-0.343,-0.401,0.967,0.999,0.002,0.043,0.023,0.045,0.007,0.222,0.0,0.0,-0.022,-0.311,-0.375,0.996,1.0,0.003,0.003,0.009,-0.003,0.015,0.342,0.0,0.4,-0.1,-0.330001741997988,-0.3945961034858042,1.009828275193245,0.9994789792767973,-0.009645433778671691,0.009599262446493888,0.029267554587222324,0.08635691817697971,0.058933999013790976,0.19823628404992213,0.0,0.0,-0.017456332229634566,-0.32446597935142146,-0.3671155821551956,0.9333657713948162,0.9993918283996492,-0.013328291588279065,0.010629299133708808,0.030419532726025312,0.12771495635803654,0.13691815675344943,0.20857937725708117,0.0,0.0,-0.01820315272093236,0.0,0.0,0.9159663865546218,1.0,0.0,0.0,0.0,24.114120195721355,0.10242189164639284,0.08,100.0,100.0,0.5,55.0,0.08,-1.0055534202926024,1.3201158605657441,0.002,0.0019,0.0075,0.0094
110,1763350634.0974143,-0.054817849653059636,0.05814059739828936,0.37159723059790273,0.009133409468028398,-0.04688143102706922,0.06651915738907677,0.026402118435318506,0.0030073499208604117,-0.348,-0.404,0.997,0.999,0.002,0.046,0.023,-0.032,-0.032,0.435,0.0,0.0,-0.009,-0.311,-0.375,1.018,1.0,-0.002,-0.016,0.01,0.007,0.005,0.333,0.1,-0.3,-0.1,-0.3502041320588991,-0.4050557277542521,1.0786399586653674,0.9994334482064459,-0.013313393154138209,0.010647953768654296,0.02901994571734278,0.010798535552572755,0.022421065900711964,0.38989397745070115,0.0,0.0,-0.015883037125126807,-0.32535386153022966,-0.3688829185229999,0.9611215631274905,0.9994010167686469,-0.013424105199845984,0.011275429126044744,0.029837321920735405,0.11516253542142632,0.1259290124657585,0.22471793007858784,0.0,0.0,-0.017656637079940026,0.0,0.0,0.9243697478991596,1.0,0.0,0.0,0.0,24.146453990758193,0.10235550835474916,0.08,100.0,100.0,0.5,55.0,0.08,-1.0181424121408897,1.3329774167517376,0.0055,0.0076,0.0282,0.0126
111,1763350634.1504657,-0.05629947540764364,0.06048961710410403,0.37235377108699824,0.008961171183038146,-0.027964822392817383,0.0335478225534319,0.14313166391969095,0.0025638371255593904,-0.349,-0.406,1.023,0.999,0.002,0.047,0.023,-0.025,-0.028,0.415,0.0,0.0,-0.008,-0.311,-0.374,1.038,1.0,0.002,-0.003,0.008,0.0,0.01,0.433,0.2,0.3,-0.1,-0.34967405002632285,-0.4061522734564532,1.1011094323009702,0.9994399644228891,-0.013409038396590942,0.011293342803250946,0.02850290532526996,0.01908894347084863,0.027936471254763853,0.3362100197380059,0.0,0.0,-0.015554936712797745,-0.3261941157336848,-0.3707035088964385,0.9879423893064614,0.9994159112856413,-0.013276189682360178,0.011579989427019198,0.029282808975220953,0.1061436235493023,0.11729995742519721,0.24613482138085646,0.0,0.0,-0.01714552132151428,0.0,0.0,0.9327731092436974,1.0,0.0,0.0,0.0,24.17237038706373,0.10226837468675196,0.08,100.0,100.0,0.5,55.0,0.08,-1.0297359309655136,1.3443228817469812,0.0022,0.0076,0.0201,0.0103
112,1763350634.2213984,-0.05648628621424005,0.06091850112988418,0.37625899009432107,0.008778448992929625,-0.022046357310848412,0.024828026542939776,0.1591587591942385,0.0024468282430967028,-0.349,-0.406,1.023,0.999,0.002,0.047,0.023,-0.025,-0.028,0.415,0.0,0.0,-0.008,-0.311,-0.374,1.055,1.0,0.002,-0.008,0.008,0.003,-0.001,0.264,-0.1,-0.7,-0.1,-0.3495416790851592,-0.4059036411292642,1.0966191021740594,0.9994534874398372,-0.013260978145799334,0.011597406012920117,0.027970932711218203,0.02245340676969327,0.03161558129339489,0.2978351691611644,0.0,0.0,-0.01528469385694828,-0.3271344776213487,-0.3725659840886613,1.0131825049520662,0.9994181830772393,-0.014411473106894557,0.011292219390440766,0.028776562663343122,0.09839049468658584,0.11056998431364198,0.26169125570010043,0.0,0.0,-0.016597238724750447,0.0,0.0,0.9411764705882353,1.0,0.0,0.0,0.0,24.19491661689206,0.10215663238189035,0.08,100.0,100.0,0.5,55.0,0.08,-1.0407452795482743,1.3548391918711773,0.0051,0.0066,0.013,0.021
113,1763350634.2851245,-0.05642063964154032,0.06677569334757152,0.38582010006277606,0.008714512253255537,-0.020854124466841317,0.05213039901214324,0.18890267112764503,0.002972234673978163,-0.358,-0.409,1.041,0.999,0.002,0.05,0.022,-0.073,-0.034,0.338,0.0,0.0,-0.008,-0.312,-0.373,1.067,1.0,-0.003,-0.003,0.008,-0.005,0.017,0.217,-0.4,-0.2,-0.1,-0.3677003325577384,-0.40969793069371885,1.0929323675655067,0.9994547096550039,-0.014396796869327731,0.01131092462073312,0.027478693064975766,-0.02051494556106917,0.02988507215305319,0.19337147424471762,0.0,0.0,-0.015009990537071999,-0.33091292286916674,-0.3749113602703075,1.0354264389550427,0.99935868259534,-0.016597178098540083,0.014137438991819906,0.028405809603396746,0.08533957900212205,0.10468153727778541,0.22506640123489158,0.0,0.0,-0.016308953738206348,0.0,0.0,0.9495798319327731,1.0,0.0,0.0,0.0,24.210833785042183,0.10204921028307258,0.08,100.0,100.0,0.5,55.0,0.08,-1.051437350428032,1.3677007929602012,0.0021,0.0052,0.0199,0.0167
114,1763350634.3414521,-0.05757010456840761,0.06283523517483536,0.38677407791585394,0.008468764956810596,-0.026905064499914037,0.00533859414165851,0.14945242678893023,0.0020392056127461304,-0.357,-0.413,1.06,0.998,0.001,0.051,0.023,-0.03,-0.044,0.279,0.0,0.0,-0.002,-0.312,-0.372,1.074,1.0,-0.002,0.004,0.006,-0.019,0.018,0.095,0.4,0.7,-0.1,-0.3574230494569963,-0.41515260633611967,1.102759241002764,0.9993882470580264,-0.016582174939254058,0.014155033605260825,0.027345898050768997,0.02896045896343497,0.024390467541465295,0.16789823485433444,0.0,0.0,-0.014348544002709606,-0.3327546097497786,-0.3779383241370155,1.0540167911907186,0.9993261968177867,-0.017729450637764942,0.01572082732423619,0.028029886229214918,0.08278039724570645,0.10014425411279616,0.19212202271796514,0.0,0.0,-0.01596894010598576,0.0,0.0,0.9579831932773109,1.0,0.0,0.0,0.0,24.222863304147772,0.10195807597884475,0.08,100.0,100.0,0.5,55.0,0.08,-1.0627440948091462,1.3768826933024785,0.0025,0.0019,0.0077,0.0101
115,1763350634.3975308,-0.0616617471832334,0.06558100581131064,0.38538841162487675,0.008277404752074056,-0.04204700228728178,0.03729206637293962,0.1381119477635596,0.0022189858351212757,-0.363,-0.42,1.075,0.998,-0.0,0.052,0.022,-0.065,-0.074,0.257,0.0,0.0,-0.013,-0.313,-0.37,1.081,1.0,-0.007,0.004,0.002,-0.006,0.028,0.097,-0.2,-0.4,0.0,-0.36988557417560225,-0.42783690587392487,1.1163269078268925,0.9993657173185747,-0.017706679623681172,0.015746470346706558,0.026583551618539335,-0.0013166876638621202,-0.0031166471972163302,0.17038267698888254,0.0,0.0,-0.014939400375756404,-0.33646506556516087,-0.38264028181855675,1.0706701763216264,0.9993170080332641,-0.018166389716259092,0.01639451545197192,0.0276897021149986,0.07681676486609211,0.09293485285736004,0.16712084211525474,0.0,0.0,-0.015690775958678658,0.0,0.0,0.9663865546218487,1.0,0.0,0.0,0.0,24.234953371744755,0.10186424816009043,0.08,100.0,100.0,0.5,55.0,0.08,-1.0756662909561767,1.388081994797144,0.0028,0.0045,0.0074,0.0082
116,1763350634.5084817,-0.06306392527021275,0.06625817458503258,0.38320620442854914,0.008115495739465291,-0.0301340456286093,0.027978721047851145,0.1336096183776909,0.0022944817189839394,-0.363,-0.42,1.075,0.998,-0.0,0.052,0.022,-0.065,-0.074,0.257,0.0,0.0,-0.013,-0.312,-0.37,1.082,1.0,-0.009,-0.008,0.007,0.014,0.014,0.019,-0.1,-0.3,0.1,-0.3694182724687534,-0.4276093098282977,1.1190765897973498,0.9993555850963965,-0.018142925395876763,0.01642047838242237,0.026260553771980197,0.0017305804567554024,-0.0007801875573189843,0.18448893149877224,0.0,0.0,-0.014629138285718608,-0.34004814158552304,-0.3871351363689058,1.0853921994759825,0.9992847080496735,-0.01835343101484067,0.018518522926279653,0.027391388002271238,0.07387183744386991,0.08782833336326554,0.159854132932141,0.0,0.0,-0.015526588552477223,0.0,0.0,0.9747899159663865,1.0,0.0,0.0,0.0,24.24753027362407,0.10177270187377653,0.08,100.0,100.0,0.5,55.0,0.08,-1.0881399300774794,1.398877353648512,0.0218,0.0114,0.0208,0.0104
117,1763350634.5286298,-0.06337436039932627,0.06609187685181256,0.3832535722000208,0.007984735859423874,-0.025201147621897395,0.02401532680328714,0.1439391655180645,0.0023895115020923998,-0.363,-0.42,1.075,0.998,-0.0,0.052,0.022,-0.065,-0.074,0.257,0.0,0.0,-0.013,-0.312,-0.368,1.082,1.0,-0.009,-0.004,0.006,0.0,0.031,-0.008,0.0,0.2,-0.0,-0.36926610876475546,-0.427411429896959,1.1186885398663675,0.9993222190604256,-0.018327385513916307,0.01854429997632565,0.025986888439346007,0.002919591602578396,0.001807375560763695,0.17815785234334366,0.0,0.0,-0.01434089203648173,-0.3434059813779158,-0.39139262839291034,1.0989090609428978,0.9992982074863719,-0.018720039899787818,0.017898613238140862,0.027060899187307995,0.07212148008498717,0.08394473191435302,0.1527459019953816,0.0,0.0,-0.015179405789026159,0.0,0.0,0.9831932773109243,1.0,0.0,0.0,0.0,24.26060756716813,0.10168566476594808,0.08,100.0,100.0,0.5,55.0,0.08,-1.1002039173435354,1.4094147962652608,0.002,0.0018,0.0072,0.0073
118,1763350634.5956833,-0.0572087600583366,0.059656299298517616,0.3982722975026957,0.007857616681990991,0.0070626165552010005,-0.007393433947045017,0.2188137160883827,0.0023586800601195336,-0.364,-0.422,1.091,0.998,-0.002,0.056,0.02,-0.017,-0.025,0.106,0.0,0.0,-0.014,-0.312,-0.365,1.079,1.0,-0.011,-0.006,0.004,0.011,0.03,-0.055,-0.1,-0.1,0.1,-0.3606136609845949,-0.4192899535806222,1.1040572343522823,0.9993357227502492,-0.018694537684988806,0.017925247848850866,0.02563811587342351,0.051656428094668874,0.05378782754818733,0.025149256197381613,0.0,0.0,-0.014196924105466057,-0.3445753735125443,-0.3934770713743096,1.1059321190629459,0.9992672813401704,-0.020162956360788055,0.018705422316458033,0.026616964698864154,0.07744740750390156,0.08846411928067081,0.12373945750430103,0.0,0.0,-0.014855479632296482,0.0,0.0,0.9915966386554621,1.0,0.0,0.0,0.0,24.25656765282801,0.10169096794728741,0.08,100.0,100.0,0.5,55.0,0.08,-1.1086442063213646,1.4167026000598815,0.002,0.0027,0.0078,0.0086
119,1763350634.6642442,-0.054947646013898496,0.057482847030786606,0.3967837334167342,0.00774581597530784,-0.01014771479968575,0.01150385089828905,0.14190929113370276,0.0023876027223308674,-0.364,-0.422,1.091,0.998,-0.002,0.056,0.02,-0.017,-0.025,0.106,0.0,0.0,-0.014,-0.311,-0.363,1.073,1.0,-0.01,-0.005,0.004,0.023,0.03,-0.089,0.0,-0.2,0.0,-0.36047958131248176,-0.4189823098211935,1.1043426876137115,0.9993037712619373,-0.02013659635950821,0.018733796206277322,0.02520982166588495,0.052212464955421437,0.055779086694428874,0.04992576106028686,0.0,0.0,-0.013986493646763114,-0.345558969505333,-0.3953285473137918,1.1119573040726223,0.999253269457675,-0.021008971808088178,0.01911016529860647,0.02619786563775696,0.08255705549456466,0.09350328004212353,0.09528993473732857,0.0,0.0,-0.014558289009269459,0.0,0.0,1.0,1.0,0.0,0.0,0.0,24.256359595620335,0.10167886632173524,0.08,100.0,100.0,0.5,55.0,0.08,-1.1174508982001246,1.424299218590892,0.0031,0.0018,0.0098,0.0084
120,1763350634.731944,-0.05717701119018002,0.05940635075284413,0.3950754431338155,0.00763149020516616,-0.03175219313661948,0.03117358624683257,0.140252448616682,0.0023330521400320406,-0.368,-0.427,1.098,0.998,-0.003,0.058,0.02,-0.033,-0.046,0.094,0.0,0.0,-0.01,-0.309,-0.36,1.065,1.0,-0.008,-0.004,0.004,0.029,0.043,-0.106,-0.2,-0.3,0.0,-0.36772795356302934,-0.42812245629423773,1.1116679006794734,0.9992851823513241,-0.020985108930598136,0.019136366356861924,0.024950932225225483,0.033878164355655715,0.03307534065231363,0.06045933801661816,0.0,0.0,-0.013463802658126073,-0.3473549475266505,-0.3982224092468364,1.1169961767069663,0.99925497686883,-0.021350199816990288,0.01915695676618481,0.025819976338236475,0.08480692806666423,0.09538254464666761,0.06989360290322878,0.0,0.0,-0.01428532713779037,0.0,0.0,1.0,1.0,0.0,0.0,0.0,24.257925938394497,0.10166257320839839,0.08,100.0,100.0,0.5,55.0,0.08,-1.1279111279979324,1.4331980072066537,0.002,0.0017,0.0083,0.0117
121,1763350634.811026,-0.058457292789280815,0.06061051092076027,0.3928014850561223,0.007517839349283015,-0.027842787191821494,0.028298182371897265,0.13678350078671497,0.0022935545475215834,-0.368,-0.427,1.098,0.998,-0.003,0.058,0.02,-0.033,-0.046,0.094,0.0,0.0,-0.01,-0.308,-0.357,1.058,1.0,-0.005,0.007,0.0,0.033,0.044,-0.096,-0.2,-0.6,0.1,-0.3680379934014771,-0.4283962712130315,1.1156437685104335,0.9992860937845599,-0.021326531489768083,0.019183302097991805,0.02458623078125353,0.03048125420157863,0.029800656962280264,0.07937275289388064,0.0,0.0,-0.0132778520170428,-0.34895647192300383,-0.4008488960049962,1.1207946351894154,0.9993425282480652,-0.01942455953737391,0.017155472468598127,0.02535522600812748,0.08648368856520444,0.09705731971801293,0.07237491950279068,0.0,0.0,-0.014040431499504093,0.0,0.0,1.0,1.0,0.0,0.0,0.0,24.258948780227023,0.10165177888249886,0.08,100.0,100.0,0.5,55.0,0.08,-1.1383482481940643,1.4422459139326742,0.0027,0.0087,0.011,0.0142
122,1763350634.8838606,-0.059593931626188104,0.06171507262862317,0.3940437061964411,0.007406013957458403,-0.027604678980516717,0.028251750134599532,0.15351166259763982,0.00226006279685807,-0.368,-0.427,1.098,0.998,-0.003,0.058,0.02,-0.033,-0.046,0.094,0.0,0.0,-0.01,-0.306,-0.353,1.049,1.0,-0.004,-0.0,0.004,0.039,0.052,-0.176,0.6,0.3,0.1,-0.3685039863744009,-0.4288891192141917,1.1142380835957748,0.999372766069148,-0.019403581127766245,0.017179196379924357,0.02413401521625148,0.027601695452060933,0.026814297403282523,0.06652510685876965,0.0,0.0,-0.013093978813590512,-0.35038280455127097,-0.40322109688013497,1.1244796832967228,0.9994010163571402,-0.018076896915582678,0.015852151206218267,0.024890632863664837,0.08604697998020605,0.09652020859003207,0.06886947858924213,0.0,0.0,-0.01382495606002203,0.0,0.0,1.0,1.0,0.0,0.0,0.0,24.26033849009697,0.1016462176998301,0.08,100.0,100.0,0.5,55.0,0.08,-1.1485531397091298,1.4513311229819656,0.0031,0.0046,0.015,0.0199
123,1763350634.9350345,-0.054325922176598505,0.05592223846942528,0.41296887646512065,0.007274716630356918,0.003992322888127505,-0.005821018560255766,0.2423922411670632,0.002120768598539478,-0.361,-0.424,1.069,0.998,-0.005,0.057,0.019,0.01,-0.001,-0.051,0.0,0.0,-0.01,-0.304,-0.349,1.042,1.0,-0.008,0.007,-0.001,0.036,0.067,-0.136,-0.2,-0.5,0.0,-0.3530104592465756,-0.4169908674281683,1.0557822997362962,0.9994303826121997,-0.018057715850747537,0.015873997549926452,0.023682174977621595,0.07052754484040814,0.07186714918949919,-0.07917954900179257,0.0,0.0,-0.012911584888753743,-0.34935634557134837,-0.4032843799382186,1.119387354170591,0.9994070481834696,-0.018313358363602292,0.015985945896192004,0.02438488221120567,0.0914200181410447,0.10190836280204271,0.04203946901379377,0.0,0.0,-0.0136184995295715,0.0,0.0,1.0,1.0,0.0,0.0,0.0,24.24389415573684,0.10160506049320324,0.08,100.0,100.0,0.5,55.0,0.08,-1.1555733204397813,1.4573714383945326,0.0021,0.0032,0.0118,0.0081
124,1763350635.0093212,-0.04549140567051025,0.044634740670071615,0.42128062949474626,0.007032165056233941,0.023800361714216803,-0.03546664957073384,0.1964220938225482,0.0015152608657689557,-0.351,-0.416,1.054,0.998,-0.006,0.055,0.018,0.078,0.055,-0.134,0.0,0.0,-0.025,-0.301,-0.344,1.033,1.0,-0.008,0.01,-0.001,0.032,0.073,-0.134,0.0,0.3,-0.1,-0.3293016447629311,-0.39766387429509764,1.0249790886241237,0.9994481004522718,-0.018285419256750046,0.016017896346105346,0.022639897119818668,0.13946905269333496,0.12907118456102737,-0.12749859532852417,0.0,0.0,-0.013963573817807783,-0.3446540158722344,-0.4002538248538963,1.1095157136951048,0.9994070067541873,-0.018741806882501946,0.016389997686224563,0.023785447257948452,0.10611825358958815,0.11492363248359866,0.0035467323673216943,0.0,0.0,-0.013487832368467508,0.0,0.0,1.0,1.0,0.0,0.0,0.0,24.221169284582107,0.10151731216655911,0.08,100.0,100.0,0.5,55.0,0.08,-1.1594595096944078,1.4594251654466928,0.0044,0.0045,0.0116,0.013
125,1763350635.0788856,-0.05879577632289542,0.03698626258074491,0.4270648428902348,0.0068282475264599945,-0.08358113038836722,-0.02150436269535666,0.18690130303797253,0.0016174742472179952,-0.346,-0.424,1.044,0.998,-0.007,0.053,0.019,0.114,-0.075,-0.211,0.0,0.0,0.013,-0.298,-0.339,1.025,1.0,-0.008,-0.002,-0.001,0.049,0.072,-0.117,0.2,-0.4,-0.0,-0.3170743851826899,-0.4315807159995217,1.0038789106046289,0.9994149772722135,-0.01873627429651493,0.016396321991873603,0.02344815247744414,0.17247881973511545,-0.0030406005498925335,-0.15582382714334214,0.0,0.0,-0.010439774435853812,-0.33811118396241613,-0.4033813503963962,1.0955259837894542,0.9994113517641774,-0.018951317839188908,0.016883329276570044,0.02308139314678776,0.12434833386804181,0.10791647377769877,-0.03803726493495774,0.0,0.0,-0.013141584433798363,0.0,0.0,1.0,1.0,0.0,0.0,0.0,24.19270270683078,0.10134420587275308,0.08,100.0,100.0,0.5,55.0,0.08,-1.1720241083126384,1.4605815385352803,0.0031,0.0082,0.0161,0.0085
126,1763350635.1483283,-0.06242080831960863,0.06805812375456677,0.40637599906140154,0.007367446672299504,-0.040173576104651845,0.1692291543368886,0.05670509693967192,0.0052565885516200495,-0.352,-0.424,1.045,0.998,-0.007,0.054,0.019,-0.153,-0.066,-0.064,0.0,0.0,0.018,-0.295,-0.333,1.02,1.0,-0.002,0.005,-0.002,0.046,0.107,-0.052,0.1,0.2,-0.1,-0.37693906877627714,-0.4301246785114366,1.0409771299922819,0.999414406725454,-0.01894907662183757,0.01688584467779968,0.022948733610066926,-0.1032017614093429,0.0027768017697206568,0.04056134171943232,0.0,0.0,-0.009684778637371433,-0.34359351456254644,-0.4059990986580868,1.0877999452135647,0.9994797032243758,-0.017271537022844737,0.014741743223662666,0.02290628424929586,0.1019906331250448,0.10344701086525201,-0.022923006751485907,0.0,0.0,-0.012827645290041777,0.0,0.0,1.0,1.0,0.0,0.0,0.0,24.18287276149222,0.1012704112313871,0.08,100.0,100.0,0.5,55.0,0.08,-1.1833109908661306,1.478699701035298,0.0019,0.0047,0.0169,0.0168
127,1763350635.2192757,-0.05535534809971648,0.06929709829338611,0.4057833171484941,0.007366622616200033,0.011919497979607552,0.03171666910205925,0.1494275900834882,0.0027586722216149558,-0.351,-0.418,1.042,0.998,-0.007,0.056,0.018,-0.067,0.005,-0.051,0.0,0.0,-0.002,-0.292,-0.327,1.021,1.0,-0.011,-0.003,-0.003,0.049,0.095,0.025,-0.1,-0.1,-0.1,-0.3599717925732167,-0.410422509574523,1.0419671025493404,0.9994989435806109,-0.017258912596493998,0.014756521283503143,0.02205077769238803,-0.02402291273737304,0.07278433666724263,0.031891496366742746,0.0,0.0,-0.011891048866229326,-0.3452631566265803,-0.40496407809819934,1.081167255051274,0.9995935744218316,-0.013952500702950212,0.010659925022880106,0.02245839925789,0.09158414969551587,0.10700484441901009,0.0012951547138357958,0.0,0.0,-0.012527467585710494,0.0,0.0,1.0,1.0,0.0,0.0,0.0,24.17223259057599,0.10117635533400547,0.08,100.0,100.0,0.5,55.0,0.08,-1.1898237724153302,1.4901855644042565,0.006,0.0041,0.0188,0.015
128,1763350635.2878335,-0.04288567128208523,0.05789100773530635,0.41128319021749854,0.007100770243694317,0.04159012855076259,-0.031044040930379026,0.1796681092757076,0.0014332216185464356,-0.34,-0.402,1.034,0.998,-0.005,0.052,0.016,0.022,0.083,-0.068,0.0,0.0,-0.018,-0.289,-0.32,1.023,1.0,-0.011,0.005,-0.003,0.052,0.097,0.037,-0.0,0.2,-0.0,-0.3315621944420183,-0.37853226093429804,1.0281104284936464,0.9996252442772371,-0.013936949825442425,0.010680248448531143,0.021001541046193832,0.07012920941227395,0.15385498362639735,-0.01319560523813722,0.0,0.0,-0.01339014161537794,-0.34231296158202,-0.3994682510981102,1.0740340383698141,0.9995881515602829,-0.01714372032608804,0.007002950235824573,0.02192210760106143,0.09121117612777385,0.12203623419656956,0.026850747004004916,0.0,0.0,-0.012279663264172874,0.0,0.0,1.0,1.0,0.0,0.0,0.0,24.155769861677964,0.10101047093463142,0.08,100.0,100.0,0.5,55.0,0.08,-1.1918605873166996,1.4951233425433241,0.003,0.0101,0.0164,0.0167
129,1763350635.3290265,-0.03820909249654974,0.05328704806376822,0.4148439068639509,0.006830028863480536,0.007300767196895548,-0.0013106704569507757,0.17203477956382368,0.0013090819403164628,-0.34,-0.402,1.034,0.998,-0.005,0.052,0.016,0.022,0.083,-0.068,0.0,0.0,-0.018,-0.285,-0.313,1.028,1.0,-0.015,-0.004,-0.001,0.067,0.131,0.086,-0.2,-0.2,0.1,-0.33027042965823455,-0.378170330667294,1.0220154594732462,0.9996195466301113,-0.017133321677367207,0.007028353073403392,0.02044048767486318,0.08120181678645677,0.1527344038734396,-0.040019512269469794,0.0,0.0,-0.01316501877723098,-0.339721680823454,-0.39411414424244506,1.068488557811579,0.9994623237360357,-0.01920379336044839,0.015487677820511853,0.02159651797075311,0.09368933055097584,0.13661607371196016,0.013866295886950994,0.0,0.0,-0.012834873375288759,0.0,0.0,1.0,1.0,0.0,0.0,0.0,24.141418928325166,0.10086052497187087,0.08,100.0,100.0,0.5,55.0,0.08,-1.195122018457793,1.5002621749022116,0.0021,0.0018,0.0097,0.0074
130,1763350635.4125497,-0.046752463513446224,0.043200713642046945,0.40744888623404524,0.006448664007123458,-0.05704526477068854,-0.030449029084693324,0.1185913619244531,0.0006544365420198086,-0.333,-0.405,1.036,0.998,-0.006,0.052,0.016,0.078,0.009,-0.017,0.0,0.0,-0.004,-0.281,-0.306,1.033,1.0,-0.008,-0.004,-0.004,0.067,0.126,0.088,0.2,-0.2,-0.1,-0.3108566158815092,-0.3964155543589335,1.0357961883406221,0.9994823342373831,-0.019189112840684867,0.01550586315205444,0.020649690159644143,0.14178480565422558,0.07039380289686849,0.028582012578363566,0.0,0.0,-0.011567555478962217,-0.33438819720853546,-0.3922586033230453,1.0654000419152672,0.9994603935944597,-0.017526987844608433,0.018196979758028364,0.02099038496045713,0.1100984018008155,0.13855884383329672,0.013192908069777565,0.0,0.0,-0.012917516503264169,0.0,0.0,1.0,1.0,0.0,0.0,0.0,24.13488328082019,0.10079433649673991,0.08,100.0,100.0,0.5,55.0,0.08,-1.204157876887941,1.5028635929282712,0.002,0.0064,0.0182,0.0114
131,1763350635.4608753,-0.045260092676686986,0.04310890634622637,0.4063182902985523,0.00621089924158588,-0.01007031963374615,0.015741231136664702,0.14714035266030234,0.0012294251749834135,-0.33,-0.392,1.035,0.998,-0.008,0.055,0.015,0.049,0.05,-0.011,0.0,0.0,-0.01,-0.277,-0.297,1.041,1.0,-0.003,0.012,-0.006,0.052,0.129,0.115,0.3,0.9,-0.2,-0.31398512394430533,-0.3764364494188736,1.0377664097574546,0.9994835327844606,-0.017506360717559576,0.01821682490572472,0.01985805422177993,0.10579914437880195,0.10134660349095966,0.03525979060174859,0.0,0.0,-0.011493065028344277,-0.33013258647432664,-0.38770978960722147,1.0625649686004845,0.9995815863254838,-0.013171056525725417,0.01578541963557078,0.020346893520991893,0.12006523224211645,0.1430742988278846,0.022463060033816814,0.0,0.0,-0.012671873895733302,0.0,0.0,1.0,1.0,0.0,0.0,0.0,24.12793841244886,0.10072114275636783,0.08,100.0,100.0,0.5,55.0,0.08,-1.2102894058341704,1.5080667394743992,0.0014,0.0019,0.0092,0.0071
132,1763350635.5604887,-0.035774244918783955,0.043698313585005415,0.39723024970842935,0.00606436309688882,0.030456704035757537,0.01911287607373011,0.10692915591134214,0.0015964064921093998,-0.326,-0.377,1.045,0.998,-0.006,0.056,0.014,0.053,0.128,0.07,0.0,0.0,-0.026,-0.272,-0.289,1.05,1.0,-0.006,-0.003,-0.004,0.078,0.12,0.16,-0.0,-0.4,0.0,-0.3102053244900826,-0.3467357361505173,1.0632190077073564,0.999614443033231,-0.013144446839621628,0.01580758426690424,0.018663040381689457,0.09924224487434667,0.17438744161237293,0.10479500036220041,0.0,0.0,-0.012395122313334223,-0.32550798329398506,-0.3789013763338598,1.0643427693540064,0.9996532319509653,-0.010444524329640865,0.013860241369132715,0.0198045820634142,0.12679160165868678,0.15441195137455604,0.04683448440685284,0.0,0.0,-0.012370591761626307,0.0,0.0,1.0,1.0,0.0,0.0,0.0,24.130313478353138,0.10075798480843018,0.08,100.0,100.0,0.5,55.0,0.08,-1.2117358657675588,1.5134134670516421,0.0041,0.0025,0.0155,0.0284
133,1763350635.6162348,-0.03190998745667427,0.04325207804410427,0.39845628361099317,0.005895895872775785,0.005905945466004474,0.014155689889871318,0.15509151315347997,0.0014318000407681321,-0.321,-0.369,1.051,0.998,-0.005,0.054,0.013,0.066,0.133,0.077,0.0,0.0,-0.021,-0.268,-0.28,1.061,1.0,-0.01,-0.004,-0.005,0.062,0.132,0.159,0.1,0.4,-0.1,-0.30372616516638007,-0.3378694526453434,1.0676648636990005,0.9996812486891299,-0.010424150538827696,0.01387557079283358,0.01833593848318459,0.10327629675858907,0.17683488459167895,0.08056509243028363,0.0,0.0,-0.011677334853461271,-0.32010091102922794,-0.3697489296043045,1.067398063134577,0.9996924852257301,-0.01202280757337386,0.009975874692699803,0.01925795953294416,0.13066904468760918,0.16412605595022497,0.0562828177483338,0.0,0.0,-0.011819577688347155,0.0,0.0,1.0,1.0,0.0,0.0,0.0,24.13243372218966,0.10078945748336765,0.08,100.0,100.0,0.5,55.0,0.08,-1.213453172301935,1.5182070047994174,0.002,0.0057,0.0208,0.012
134,1763350635.6732154,-0.037339440696075775,0.04492480317505749,0.3892931444383296,0.005715755424694509,-0.03911351149326039,0.024583154921305216,0.10360541049080435,0.0013102587118845436,-0.317,-0.367,1.067,0.998,-0.006,0.054,0.013,0.061,0.078,0.158,0.0,0.0,-0.007,-0.264,-0.271,1.071,1.0,-0.009,-0.003,-0.006,0.058,0.144,0.154,0.0,0.2,-0.1,-0.3014298944606963,-0.34708599009490054,1.0981508915587872,0.9997100763669522,-0.012013462923340585,0.009987126034067326,0.018322042259311624,0.0935426993015688,0.11666047352538061,0.14795326443399992,0.0,0.0,-0.010235716910775508,-0.3149125077662486,-0.36329739800909167,1.0751200566793653,0.9997202130078436,-0.011646169289325022,0.008667918260233673,0.01867430420309881,0.13049007482178146,0.16505004823323918,0.07607348940017217,0.0,0.0,-0.01130278870728106,0.0,0.0,1.0,1.0,0.0,0.0,0.0,24.143928614762128,0.10092286352405125,0.08,100.0,100.0,0.5,55.0,0.08,-1.219126934413918,1.5236795326362444,0.0027,0.0022,0.0148,0.0101
135,1763350635.7288682,-0.028963389669542993,0.04713247929721737,0.38347146112889,0.005640884390171041,0.027877964871635515,0.02788518180144592,0.11687651261717566,0.001769053111643102,-0.311,-0.347,1.087,0.998,-0.005,0.055,0.012,0.045,0.159,0.212,0.0,0.0,-0.019,-0.259,-0.262,1.082,1.0,-0.006,-0.007,-0.005,0.077,0.142,0.147,0.1,-0.1,0.1,-0.298878170828242,-0.3117425816754594,1.1260778794536372,0.9997446606288414,-0.011634382633071623,0.008683732309841836,0.01731610458623115,0.07586572929363859,0.1904980900512857,0.1724967066553814,0.0,0.0,-0.010959416581518317,-0.3103479641124358,-0.35228470482390717,1.0867157852556055,0.9997633337902714,-0.008679689891771529,0.008243939410480077,0.01816526506664242,0.12711241236292928,0.17542031417233234,0.08697875134857869,0.0,0.0,-0.011004731311792772,0.0,0.0,1.0,1.0,0.0,0.0,0.0,24.162539427136558,0.10111732798783206,0.08,100.0,100.0,0.5,55.0,0.08,-1.2198279852780975,1.5297808810403128,0.002,0.0024,0.0101,0.0061
136,1763350635.796951,-0.027016947666907626,0.04798733418386534,0.38486582851291173,0.005481935059429673,-0.001129061112901765,0.02194895416969638,0.15077363484344228,0.0013205849926072948,-0.311,-0.347,1.087,0.998,-0.005,0.055,0.012,0.045,0.159,0.212,0.0,0.0,-0.019,-0.255,-0.254,1.09,1.0,-0.006,-0.002,-0.007,0.052,0.151,0.137,-0.2,0.4,-0.0,-0.29894816255238676,-0.31239441447033,1.1249537452027005,0.9997867929026706,-0.008668627740012941,0.008255570648117888,0.016824659989775156,0.07591237731408264,0.18536518660879486,0.1525368484250347,0.0,0.0,-0.01079103076002491,-0.3061823721089671,-0.3418643175465033,1.0975514623878542,0.9997915250798978,-0.006577713516190718,0.00784728079140833,0.0176652270716259,0.12375028722774929,0.1811215028066455,0.10012689245890324,0.0,0.0,-0.010703657634813724,0.0,0.0,1.0,1.0,0.0,0.0,0.0,24.178695026586215,0.10127109339619918,0.08,100.0,100.0,0.5,55.0,0.08,-1.221051849559452,1.53567962165971,0.0029,0.0029,0.0081,0.008
137,1763350635.87579,-0.02711130292127194,0.048263690193764475,0.38691367992176406,0.005307586725380056,-0.010603131646911953,0.019377030368445198,0.15456394273660326,0.0011839839770380394,-0.311,-0.347,1.087,0.998,-0.005,0.055,0.012,0.045,0.159,0.212,0.0,0.0,-0.019,-0.251,-0.245,1.096,1.0,-0.007,-0.006,-0.006,0.061,0.134,0.078,0.1,0.2,-0.0,-0.29890500830101147,-0.3127258513761401,1.1214607264267016,0.999814067528011,-0.006567303531459888,0.007855994860357202,0.016339652449595125,0.07719793840521205,0.18107978349208093,0.13204536857181287,0.0,0.0,-0.010558729968180872,-0.30238957450150666,-0.33212316275027304,1.108063556388121,0.9997905250300173,-0.007508266413159054,0.008151098860004502,0.017207311906450633,0.12051562848065071,0.18494326253915538,0.09618622097853434,0.0,0.0,-0.010391364515283105,0.0,0.0,1.0,1.0,0.0,0.0,0.0,24.194952801160316,0.10140881362308318,0.08,100.0,100.0,0.5,55.0,0.08,-1.2227121470546611,1.5413613846009113,0.002,0.0025,0.0173,0.0127
138,1763350635.9451652,-0.027576228213128613,0.04817971083761787,0.386828077655269,0.005139422669571414,-0.012491365054760353,0.017678987041928693,0.1446646186381858,0.0011495247429743186,-0.311,-0.347,1.087,0.998,-0.005,0.055,0.012,0.045,0.159,0.212,0.0,0.0,-0.019,-0.248,-0.236,1.098,1.0,0.003,0.014,-0.011,0.046,0.132,0.028,0.3,0.6,-0.1,-0.29869483269992514,-0.31319650723837483,1.1206455194217206,0.9998122462584802,-0.00749756276879976,0.008160945391585874,0.015895211682001645,0.07925287576943461,0.17640066441499427,0.13230650047829426,0.0,0.0,-0.010295965463761199,-0.29894858925937695,-0.32299172415041166,1.1178170264167924,0.9998077302457277,-0.004971511445276756,0.008922208627851085,0.016738602332248362,0.11813678117735632,0.18671921643791406,0.08526676183061378,0.0,0.0,-0.010198899220181303,0.0,0.0,1.0,1.0,0.0,0.0,0.0,24.21236708028764,0.10154193708298795,0.08,100.0,100.0,0.5,55.0,0.08,-1.2246754571358105,1.5468717734474473,0.0021,0.0059,0.0142,0.0144
139,1763350636.0148346,-0.01507411291095216,0.03463064772188112,0.3930540885068693,0.004943907270981162,0.05216949093095902,-0.04967792401457706,0.17619058337872723,0.0009497065081380214,-0.3,-0.33,1.09,0.998,-0.004,0.054,0.01,0.145,0.264,0.14,0.0,0.0,-0.046,-0.244,-0.228,1.1,1.0,-0.003,0.002,-0.009,0.049,0.131,0.012,0.0,0.3,-0.1,-0.26748007084498887,-0.2757259010090905,1.110510161474986,0.9998433330683262,-0.004951132708112428,0.008933533329880033,0.014456402940248128,0.18085276719406237,0.27762552476194907,0.06991539530363343,0.0,0.0,-0.012280796817721422,-0.290718419059522,-0.30872654701271157,1.123648455057831,0.9998143405826898,-0.0038172688970718248,0.009606615961867161,0.016261173178150446,0.13120515079420142,0.20129764176297313,0.06954945027617129,0.0,0.0,-0.010072167579478689,0.0,0.0,1.0,1.0,0.0,0.0,0.0,24.221829172413724,0.10160736417889957,0.08,100.0,100.0,0.5,55.0,0.08,-1.2209917904702208,1.546139459613694,0.0029,0.0028,0.0174,0.0169
140,1763350636.0769603,-0.011192577827630942,0.029971370670961506,0.39177011881293555,0.004699501449392885,0.013754883074999044,-0.01030989235889266,0.14097543472040766,0.0006319361186765547,-0.3,-0.33,1.09,0.998,-0.004,0.054,0.01,0.145,0.264,0.14,0.0,0.0,-0.046,-0.24,-0.22,1.099,1.0,-0.004,-0.007,-0.008,0.06,0.122,-0.013,-0.1,-0.4,0.0,-0.2673842537099703,-0.27596276396971814,1.111472344421705,0.9998485810293894,-0.0037955183037765997,0.009615230256059898,0.013998442822157824,0.17921280370775156,0.2737251318129635,0.08519123690837144,0.0,0.0,-0.011974749369676015,-0.28285829625158676,-0.2952405402276379,1.128708766728115,0.9998199462803823,-0.0033895711927651555,0.009938994759994511,0.015805132400058125,0.1426534182148475,0.21244986144949404,0.0590913521306984,0.0,0.0,-0.009840780785843937,0.0,0.0,1.0,1.0,0.0,0.0,0.0,24.232511923680743,0.10167947489649243,0.08,100.0,100.0,0.5,55.0,0.08,-1.2182438236765216,1.5463552175088022,0.0021,0.0018,0.0143,0.0176
141,1763350636.128403,-0.010669008434226485,0.02907778104924349,0.3907262221993708,0.004447209446555423,-0.001579369718339314,0.0067713158930204805,0.14169431148702727,0.0005008530293350301,-0.3,-0.33,1.09,0.998,-0.004,0.054,0.01,0.145,0.264,0.14,0.0,0.0,-0.046,-0.236,-0.212,1.096,1.0,-0.002,-0.012,-0.009,0.056,0.112,-0.033,-0.0,-0.3,0.0,-0.2677284303265231,-0.27641531916204326,1.1124963198098365,0.9998528647190464,-0.0033672822602592413,0.009946568246876168,0.013563779097519992,0.1724120071488179,0.266391218780881,0.09314033758314047,0.0,0.0,-0.011603663115523218,-0.2753663100753695,-0.2825446562215262,1.1332110288492911,0.9998261279635307,-0.003305293182441925,0.010030843189440723,0.015367858124686034,0.15234359040200535,0.2212194567736117,0.04959673133693142,0.0,0.0,-0.009573758785557926,0.0,0.0,1.0,1.0,0.0,0.0,0.0,24.24431543009456,0.10176005008276057,0.08,100.0,100.0,0.5,55.0,0.08,-1.2162537669568714,1.5473791283732694,0.0023,0.0017,0.0084,0.0081
142,1763350636.2171512,-0.01586542692771795,0.033938301771137214,0.39258982047601687,0.0042633442677137085,-0.02998297063029226,0.03520677150293491,0.15584032470799464,0.0007483776482497062,-0.285,-0.294,1.105,0.999,-0.002,0.054,0.008,0.102,0.204,0.1,0.0,0.0,-0.032,-0.233,-0.205,1.092,1.0,0.0,-0.011,-0.01,0.054,0.104,-0.059,-0.0,-0.3,0.0,-0.2622810905163253,-0.2533864745856527,1.1211789224883346,0.999850852525534,-0.003288203694570324,0.010036458268535792,0.013664915874241842,0.11991831927434932,0.19707422072776395,0.06096263383546061,0.0,0.0,-0.010029985179389855,-0.2689116693513541,-0.2704633820916829,1.1363979740887333,0.9998734367262508,0.0008925144787217397,0.00576119850338028,0.014802788215265933,0.1526626202382073,0.21883717937825875,0.046794790130389424,0.0,0.0,-0.009195922243979332,0.0,0.0,1.0,1.0,0.0,0.0,0.0,24.250799925600557,0.10180735226269455,0.08,100.0,100.0,0.5,55.0,0.08,-1.2172124463510199,1.5512795020387922,0.0073,0.0024,0.0167,0.0155
143,1763350636.2916303,-0.016509088549734242,0.039755890990654096,0.39640225645601557,0.004175197444280391,-0.009167843207975703,0.04181480926176086,0.16628336257850007,0.001158019983226052,-0.276,-0.255,1.11,0.999,0.001,0.052,0.005,0.074,0.2,0.062,0.0,0.0,-0.03,-0.23,-0.198,1.087,1.0,0.0,-0.009,-0.01,0.045,0.098,-0.074,-0.2,-0.3,0.1,-0.2599057899068206,-0.21616238828179712,1.1180326925613169,0.9998958786363419,0.0009017475223374805,0.005759760558915391,0.01320014756613889,0.08500381955883503,0.186747847164572,0.02251318959638734,0.0,0.0,-0.009532564552215463,-0.2634197926686483,-0.25656560727342986,1.1380760036508961,0.9998891838132566,0.003388265572378411,0.0030057354371362155,0.014181160183588237,0.14535307651539808,0.2137232978898499,0.036000807239988546,0.0,0.0,-0.008775132461467086,0.0,0.0,1.0,1.0,0.0,0.0,0.0,24.253354857535577,0.10182890998638434,0.08,100.0,100.0,0.5,55.0,0.08,-1.217379667957854,1.5565388452745563,0.0076,0.0139,0.0119,0.0103
144,1763350636.3323913,-0.009314015230656617,0.039459175950241725,0.3964448656450444,0.004043373286239759,0.029784458389237788,0.01342488391943345,0.14886389211615036,0.000906578251401985,-0.268,-0.235,1.113,0.999,0.002,0.052,0.002,0.092,0.254,0.053,0.0,0.0,-0.049,-0.228,-0.193,1.081,1.0,0.002,-0.01,-0.011,0.033,0.083,-0.1,0.1,-0.0,-0.1,-0.24869232702970498,-0.18569700408694642,1.1195835622321706,0.9999188850000398,0.0033951015448440945,0.0029980117756971017,0.011904143445469039,0.10254102058975942,0.2398558242809767,0.022718112915985352,0.0,0.0,-0.010929699120535902,-0.2570906211665172,-0.23998417355119706,1.1392845118103716,0.9998971511867968,0.004416985996121888,0.0017164170624913075,0.013536291800400833,0.13963311827026156,0.21529581915746657,0.02426592307035169,0.0,0.0,-0.00843362469280339,0.0,0.0,1.0,1.0,0.0,0.0,0.0,24.25654248014235,0.101854265757988,0.08,100.0,100.0,0.5,55.0,0.08,-1.2142457606836503,1.5600880339330736,0.0042,0.0018,0.008,0.0078
145,1763350636.4563632,-0.029750296339836686,0.03993766658449258,0.4126448772741116,0.0038820718774544454,-0.10567416125739656,0.017189644152594875,0.2296668827622278,0.0007097579384133451,-0.26,-0.231,1.1,0.999,0.002,0.05,0.002,0.083,0.061,-0.093,0.0,0.0,-0.006,-0.227,-0.188,1.075,1.0,0.0,-0.01,-0.01,0.024,0.078,-0.098,-0.2,-0.2,0.1,-0.2422467681004773,-0.2201632312459066,1.078963653286761,0.9999062096360737,0.004418163462536427,0.0017133839151387777,0.01284975012978816,0.09725331941144776,0.04718970110902045,-0.11060462706341172,0.0,0.0,-0.007125310927345328,-0.25115148405133275,-0.23260111459406116,1.1327911434640325,0.9999086105841296,0.0035511841689253067,0.0026121431081048228,0.012780308255147381,0.1335092009058024,0.18935933125894763,-0.0032935452972527104,0.0,0.0,-0.007911524241285913,0.0,0.0,1.0,1.0,0.0,0.0,0.0,24.241818359053774,0.10174628194781353,0.08,100.0,100.0,0.5,55.0,0.08,-1.221528368845652,1.5641847796843171,0.055,0.0018,0.0076,0.0143
146,1763350636.4772935,-0.03668995339845222,0.039699652229033745,0.41024489969957284,0.0037620873709407875,-0.045854646420516426,0.013786553191890535,0.14274194110509808,0.0008558544214771291,-0.26,-0.231,1.1,0.999,0.002,0.05,0.002,0.083,0.061,-0.093,0.0,0.0,-0.006,-0.225,-0.183,1.067,1.0,0.006,0.001,-0.013,0.005,0.075,-0.108,0.3,1.1,-0.2,-0.24172688101927886,-0.2201258048714411,1.0808394013985618,0.9999169967025281,0.003552943797577212,0.0026097492197724404,0.012106424111920316,0.1015999680852244,0.04925890477840079,-0.07561337797060176,0.0,0.0,-0.006885137345086064,-0.24580109569764808,-0.22625782945575956,1.1261955886329786,0.9999111973770543,0.0032280735495985547,0.00456309754868935,0.012097728791193613,0.1297364819723652,0.16746252498185116,-0.02109088030285735,0.0,0.0,-0.00761235263108732,0.0,0.0,1.0,1.0,0.0,0.0,0.0,24.230013259623327,0.10165010153730315,0.08,100.0,100.0,0.5,55.0,0.08,-1.2276880121970108,1.5679775530722582,0.0019,0.0013,0.0081,0.0083
147,1763350636.653847,-0.04184524762692446,0.03963240292414583,0.4123268708942015,0.0036255170169234184,-0.03953520366678077,0.01455112306144811,0.16425169336048312,0.0007279309940159483,-0.256,-0.231,1.092,0.999,0.001,0.049,0.002,0.076,0.03,-0.121,0.0,0.0,-0.006,-0.225,-0.179,1.061,1.0,0.002,-0.009,-0.012,0.007,0.066,-0.122,0.1,0.2,-0.1,-0.23878285726868448,-0.22609637995119575,1.0698197370833338,0.9999189380996304,0.003231074124987959,0.004560973369721191,0.01144005732621279,0.09686494969575082,0.026089542758502306,-0.0832020970954814,0.0,0.0,-0.006673741508970556,-0.24092998944725427,-0.22209042802137538,1.1179758221309644,0.9999070713281658,0.00544240215253513,0.005045446231713414,0.01143557777565365,0.12674562506549264,0.14290181371191724,-0.04125068750567047,0.0,0.0,-0.007343060253673065,0.0,0.0,1.0,1.0,0.0,0.0,0.0,24.217063483684345,0.10153025853034134,0.08,100.0,100.0,0.5,55.0,0.08,-1.234355948305541,1.5719913479037817,0.0345,0.0195,0.0501,0.0328
148,1763350636.6783943,-0.042584680056349994,0.039482441888343316,0.4099968009915407,0.003495642420344256,-0.01938913000722433,0.014112345917542117,0.14297222707202134,0.0007101958984504712,-0.256,-0.231,1.092,0.999,0.001,0.049,0.002,0.076,0.03,-0.121,0.0,0.0,-0.006,-0.224,-0.173,1.05,1.0,-0.007,-0.012,-0.012,-0.002,0.05,-0.051,-0.2,-0.1,0.0,-0.2386562456941826,-0.2248878019966928,1.0740449129156662,0.9999142051232225,0.005445639374558865,0.00504195206931643,0.010793800254188694,0.09755869168887704,0.03981267240629165,-0.0582710953914242,0.0,0.0,-0.006453976781134495,-0.23648582529103962,-0.21879116610851465,1.1095694165766397,0.9999264670375527,-0.0003739332158341081,0.005350662560149713,0.010876171289360524,0.1245966517325873,0.12402650542264324,-0.03226416847890513,0.0,0.0,-0.00705970262244917,0.0,0.0,1.0,1.0,0.0,0.0,0.0,24.2030019939269,0.10138283692450957,0.08,100.0,100.0,0.5,55.0,0.08,-1.2400462372894763,1.575812885751201,0.002,0.003,0.0115,0.0069
149,1763350636.7921312,-0.040267745678617586,0.04638197715872371,0.4119008873005715,0.003452506201425393,-0.004384583132469188,0.049303592060030745,0.16326923191698192,0.0010951848130347803,-0.257,-0.225,1.069,0.999,-0.001,0.05,0.002,0.018,0.026,-0.107,0.0,0.0,-0.006,-0.225,-0.17,1.048,1.0,-0.003,-0.015,-0.014,-0.015,0.031,-0.026,0.0,-0.4,-0.2,-0.2512581838279924,-0.2180484885536918,1.0526192871619917,0.9999330977553591,-0.0003705741479067665,0.005350896250479455,0.010248443661810531,0.03938736335563383,0.04932520373031381,-0.05462243581358945,0.0,0.0,-0.006243541626841838,-0.23496588427677353,-0.21587798237802744,1.1010111083101395,0.9999242553418599,-0.004109541740015307,0.005268439475760207,0.010336285174282133,0.11438863851394174,0.11283664895288,-0.030984809190288,0.0,0.0,-0.006823491322791323,0.0,0.0,1.0,1.0,0.0,0.0,0.0,24.190181256507902,0.10124349707690436,0.08,100.0,100.0,0.5,55.0,0.08,-1.2451370163524436,1.5826858266663395,0.0444,0.0196,0.0099,0.0095
150,1763350636.819851,-0.03807651696104245,0.04871733434922499,0.41192834391743255,0.0033161144590686882,-0.004144261041605899,0.029070027387027773,0.1546001158220193,0.0006127311137509975,-0.257,-0.225,1.069,0.999,-0.001,0.05,0.002,0.018,0.026,-0.107,0.0,0.0,-0.006,-0.225,-0.166,1.05,1.0,-0.01,-0.011,-0.012,-0.019,0.053,0.042,-0.3,-0.0,-0.0,-0.2512668372311837,-0.2169945160723711,1.0528874541262803,0.9999304199268847,-0.004106302570822475,0.005270964524594454,0.009721651969781064,0.040591243172315626,0.0570208429733453,-0.05204432389909864,0.0,0.0,-0.00613308623566636,-0.23375138769528472,-0.2134382411947528,1.0930450178526179,0.999912654225101,-0.007094960611216814,0.005209729324813351,0.009859217758068124,0.10546540055078109,0.10685357731241837,-0.026004532532500613,0.0,0.0,-0.006581152204348597,0.0,0.0,1.0,1.0,0.0,0.0,0.0,24.176849488330287,0.10108927542847038,0.08,100.0,100.0,0.5,55.0,0.08,-1.2500666924346695,1.5888786894342632,0.0019,0.0025,0.0103,0.0112
151,1763350636.8648307,-0.05181697058743401,0.04580331186342849,0.410573773922346,0.003057754218837352,-0.08298096199234868,0.0036988879519768147,0.14770027899360466,-4.825827900592093e-05,-0.25,-0.236,1.057,0.999,-0.005,0.048,0.002,0.044,-0.094,-0.078,0.0,0.0,0.015,-0.226,-0.163,1.052,1.0,-0.011,-0.009,-0.016,-0.026,0.061,0.065,-0.1,0.3,-0.2,-0.23887912526480293,-0.25147636497909504,1.0461050344480323,0.9999110076697159,-0.0070958233274303235,0.0052085542157525744,0.010024818962005154,0.07026566795712784,-0.060314745104722796,-0.025931888092525546,0.0,0.0,-0.004185319565161058,-0.23115193965833428,-0.21726071923593074,1.0862165552646281,0.9999075429161528,-0.008247763977273993,0.005200795218105501,0.009477960638050375,0.10159414351169395,0.08642368864104885,-0.0224383870009587,0.0,0.0,-0.006249576108952374,0.0,0.0,1.0,1.0,0.0,0.0,0.0,24.167184737310563,0.10097886583329138,0.08,100.0,100.0,0.5,55.0,0.08,-1.2621789219331725,1.592768520842535,0.002,0.0025,0.0104,0.0082
152,1763350636.9385002,-0.05663564937213023,0.052109765995884086,0.39274614022926346,0.00305125794777663,-0.04352475789376891,0.04870851261106371,0.06482699675546735,0.0011141764767603941,-0.253,-0.24,1.066,0.999,-0.006,0.051,0.003,-0.017,-0.091,0.077,0.0,0.0,0.011,-0.228,-0.159,1.057,1.0,-0.01,-0.012,-0.015,-0.025,0.061,0.078,0.1,-0.1,-0.1,-0.2535481154549188,-0.25480900964802994,1.0862638761165049,0.9999072395014883,-0.008247930184116401,0.005200531627000179,0.00950991645535514,0.013714269250721703,-0.05513802965909171,0.12619620509752322,0.0,0.0,-0.004169839873091644,-0.23168315245407786,-0.22134470482421997,1.087353117173728,0.999898995764657,-0.008062299006049012,0.007268448968780604,0.00917427126018761,0.09086581827862111,0.06973562536722247,0.0062392248593058485,0.0,0.0,-0.006093701536070805,0.0,0.0,1.0,1.0,0.0,0.0,0.0,24.176882811868406,0.10111662237264019,0.08,100.0,100.0,0.5,55.0,0.08,-1.272975052095368,1.5999329437582446,0.002,0.0044,0.0125,0.0105
153,1763350637.000784,-0.04755878053787495,0.05653266080425032,0.4009976756657699,0.0030974760192856174,0.024145975656727617,0.04165563629028769,0.18853747976850554,0.0013753120879611705,-0.26,-0.237,1.069,0.999,-0.008,0.052,0.002,-0.04,-0.011,0.02,0.0,0.0,-0.001,-0.229,-0.154,1.064,1.0,-0.016,-0.008,-0.014,-0.017,0.078,0.131,-0.3,-0.1,0.0,-0.26472339189024174,-0.23556783448479607,1.0766775763931566,0.9999024897691786,-0.008059470252726086,0.0072715854474887385,0.008785211307821577,-0.006329005652554533,0.030341057867512726,0.03493044277646466,0.0,0.0,-0.0050614961154426255,-0.2339144770588405,-0.22178633744148912,1.0866538393400516,0.999896299971418,-0.007557694289558645,0.008522003717973554,0.008811697516625198,0.0800312533659803,0.06647004373992813,0.022624650924007762,0.0,0.0,-0.00593151179649805,0.0,0.0,1.0,1.0,0.0,0.0,0.0,24.17552298304659,0.1011102467229262,0.08,100.0,100.0,0.5,55.0,0.08,-1.2779121788706171,1.6080825992310765,0.0019,0.0077,0.0094,0.0071
154,1763350637.0769048,-0.047730052388132396,0.06428300016612074,0.3869137168302424,0.002993483313137823,-0.018690901952990384,0.0599514446109459,0.0799543341970264,0.0006415899764931335,-0.267,-0.24,1.084,0.998,-0.009,0.055,0.002,-0.088,-0.04,0.157,0.0,0.0,-0.0,-0.23,-0.149,1.071,1.0,-0.014,-0.01,-0.015,-0.025,0.089,0.121,-0.1,-0.0,-0.1,-0.2811532312082812,-0.2434992605744309,1.1156883608878059,0.9998992420539032,-0.007554792447693822,0.00852457631884722,0.008471272022924855,-0.05082261800371081,0.008647431307662101,0.1533648537412773,0.0,0.0,-0.004996091379774276,-0.23874172149630501,-0.22378746104372704,1.0934572155266276,0.999863334605244,-0.011721070562848256,0.00793298076356733,0.008543795008516018,0.06401036760613375,0.061815868490496334,0.054160650350521665,0.0,0.0,-0.005578218601330871,0.0,0.0,1.0,1.0,0.0,0.0,0.0,24.190454913225977,0.10129190892675106,0.08,100.0,100.0,0.5,55.0,0.08,-1.2846246616945938,1.6182168007628714,0.002,0.0019,0.0146,0.0165
155,1763350637.1887414,-0.0550169769480629,0.058556407510189534,0.40584573189752626,0.0026867342260596372,-0.054333392445202175,-0.004526838217360709,0.2397527191477601,-0.00041118919296424464,-0.265,-0.249,1.078,0.998,-0.012,0.054,0.003,-0.027,-0.105,0.019,0.0,0.0,0.018,-0.232,-0.143,1.077,1.0,-0.018,0.001,-0.015,-0.019,0.098,0.098,-0.1,0.0,0.0,-0.2665542664493208,-0.26484394825272195,1.078050322235527,0.9998605696958225,-0.011723590356265103,0.007929256465324172,0.008861460862131496,0.015923864086388156,-0.054100688495413156,-0.022216703434172223,0.0,0.0,-0.003389964752906152,-0.24077585696030945,-0.22921620180748847,1.094296296363223,0.9998128906977091,-0.014334830071084784,0.009944830338482568,0.008354435412585414,0.05950589553174504,0.05147619463982371,0.03300802083619017,0.0,0.0,-0.0053764857941124905,0.0,0.0,1.0,1.0,0.0,0.0,0.0,24.187326733404895,0.10126808770064616,0.08,100.0,100.0,0.5,55.0,0.08,-1.295210725187433,1.6237510449345123,0.0283,0.0216,0.0203,0.0098
156,1763350637.2150207,-0.057446549598389025,0.05572359313675106,0.40402790722369936,0.0025917374800949527,-0.03277922960715418,0.007794580949128646,0.14310302609243766,0.0005325416049489415,-0.265,-0.249,1.078,0.998,-0.012,0.054,0.003,-0.027,-0.105,0.019,0.0,0.0,0.018,-0.232,-0.135,1.082,1.0,-0.018,-0.004,-0.015,-0.014,0.11,0.072,-0.1,-0.1,-0.0,-0.26568863641398355,-0.26488908147742224,1.079663927324565,0.9998101102521931,-0.014338075642813662,0.009940150425875536,0.00868080836497618,0.0239437850593649,-0.05350903275117369,0.007711507669803807,0.0,0.0,-0.003002783719297858,-0.24278202518762004,-0.23441323677252945,1.094366831827181,0.9998184045140344,-0.012423727370650256,0.01194475909855886,0.008132141372840738,0.05828752139487924,0.04335920996116599,0.031913457575052845,0.0,0.0,-0.005343406084870575,0.0,0.0,1.0,1.0,0.0,0.0,0.0,24.184314184175413,0.1012465824633796,0.08,100.0,100.0,0.5,55.0,0.08,-1.3051542099257667,1.6291310993014279,0.002,0.0019,0.0097,0.0115
157,1763350637.265097,-0.038042471464850146,0.061530441163296146,0.3932672131307162,0.002809526325685248,0.07547793456829857,0.04993058755900714,0.09770699474397178,0.002060845782987084,-0.284,-0.231,1.106,0.998,-0.012,0.061,0.002,-0.078,0.056,0.088,0.0,0.0,-0.008,-0.233,-0.128,1.085,1.0,-0.017,0.002,-0.016,-0.002,0.155,0.069,-0.2,-0.2,0.0,-0.2942348513306171,-0.21478439174300654,1.1202170839217431,0.9998231390672032,-0.012416502349265328,0.01195226928719135,0.007527570265447956,-0.023580825811874984,0.10952530318849722,0.07749895055909253,0.0,0.0,-0.0049489125383765705,-0.2482988658593887,-0.2311250762979995,1.0999487194354196,0.9997807460261406,-0.012348808716412127,0.014928752536116597,0.007943497114903303,0.05165217489747642,0.05827570255024627,0.017271954088663825,0.0,0.0,-0.005321099473046054,0.0,0.0,1.0,1.0,0.0,0.0,0.0,24.194816822676234,0.10134901448490934,0.08,100.0,100.0,0.5,55.0,0.08,-1.3050919470820235,1.6378021228801345,0.0046,0.0019,0.0088,0.0085
158,1763350637.3288684,-0.031045964029627202,0.06314533829294688,0.3909685981733454,0.00274242372524636,0.02071661037679593,0.03114840108448977,0.13598213013716454,0.000718059369937529,-0.284,-0.231,1.106,0.998,-0.012,0.061,0.002,-0.078,0.056,0.088,0.0,0.0,-0.008,-0.233,-0.119,1.088,1.0,-0.019,-0.005,-0.015,0.007,0.167,0.073,-0.4,-0.4,0.1,-0.2940280709072641,-0.21421477937711833,1.1252724275037216,0.9997852552916152,-0.012340005480171517,0.01493603005314601,0.007354085427887673,-0.02314792730747679,0.11058631264548632,0.0890027465044618,0.0,0.0,-0.0051300582184298504,-0.2535305818109577,-0.2278513725070972,1.10425684670997,0.9997648333300244,-0.014569332044042734,0.01405831934891067,0.007770216049969358,0.04800146397011149,0.07313015710489121,0.038217137514159734,0.0,0.0,-0.004971903846325019,0.0,0.0,1.0,1.0,0.0,0.0,0.0,24.20197754333477,0.10141766471055394,0.08,100.0,100.0,0.5,55.0,0.08,-1.3060936416065816,1.6460804695240496,0.002,0.0017,0.0092,0.0081
159,1763350637.3953733,-0.031178177210962377,0.04739631807603463,0.40793126670716734,0.0025528255224677044,-0.012303302417786075,-0.055065599224706135,0.23142656698411418,8.041788307410407e-05,-0.282,-0.227,1.103,0.998,-0.015,0.061,0.003,0.055,0.036,-0.041,0.0,0.0,0.002,-0.232,-0.109,1.091,1.0,-0.019,0.002,-0.017,0.007,0.161,0.044,-0.1,0.2,-0.0,-0.26565845052746007,-0.21438876564357037,1.0934898116939222,0.9997665853146044,-0.014566114508179993,0.014061653077078637,0.007541426207976841,0.10975488427353837,0.08285207312510323,-0.0659346413287815,0.0,0.0,-0.004283627574755834,-0.2525828396139926,-0.22511926415053093,1.1029086094240288,0.9997573091297035,-0.015885633090185758,0.013307895750818833,0.007474584519803678,0.06249509631542447,0.08486495168258003,0.030941434969981578,0.0,0.0,-0.00471613724090644,0.0,0.0,1.0,1.0,0.0,0.0,0.0,24.190966227820716,0.10133064058012331,0.08,100.0,100.0,0.5,55.0,0.08,-1.3090997929892005,1.64692864254552,0.0018,0.0016,0.009,0.0085
160,1763350637.4924252,-0.015318388650586559,0.046138440667191194,0.4056008914205185,0.002390197077368522,0.06760712634776822,0.011484232234295844,0.1413223485819432,0.00014416734542947458,-0.283,-0.211,1.104,0.998,-0.014,0.061,0.001,0.021,0.17,-0.018,0.0,0.0,-0.026,-0.231,-0.1,1.092,1.0,-0.018,0.0,-0.016,0.029,0.173,0.013,0.1,-0.2,0.1,-0.2732744679671127,-0.1729283369600796,1.0965717239730408,0.9997659367983138,-0.015868845454788356,0.013327909510598783,0.00621435353028351,0.07593553824263011,0.20387236299789732,-0.03271795592914586,0.0,0.0,-0.006419580787907479,-0.2529852865369306,-0.21534013733678958,1.1028974975375516,0.9998092595337523,-0.010440528045430535,0.014881108916987719,0.007140904851847432,0.07027997173883295,0.11097773705777766,0.01092252771258503,0.0,0.0,-0.005007165899663853,0.0,0.0,1.0,1.0,0.0,0.0,0.0,24.18665667490194,0.10129815698609698,0.08,100.0,100.0,0.5,55.0,0.08,-1.3049770713964581,1.650575839368812,0.0171,0.0016,0.0184,0.0124
161,1763350637.5329502,-0.007677185663379684,0.05091797264751671,0.39901991074569987,0.002232880660487215,0.03246161919206442,0.04119957515182425,0.11919543090860135,0.00010974181960666005,-0.285,-0.2,1.106,0.998,-0.013,0.062,0.001,-0.017,0.199,0.019,0.0,0.0,-0.021,-0.229,-0.087,1.092,1.0,-0.012,-0.004,-0.017,0.032,0.179,0.013,0.2,-0.2,0.0,-0.28292143992596935,-0.1575277858024447,1.1085385033315247,0.9998162694874014,-0.010424742602383167,0.014892171438065385,0.006080726916194794,0.03323558384974603,0.2194887548415604,0.025472442122122758,0.0,0.0,-0.005729227072569216,-0.25499723542279606,-0.20368017549818523,1.1042931746531504,0.9998291173707223,-0.006833992381679271,0.0157314173317609,0.006896021646128083,0.07290307584034315,0.13249849738798547,-0.002340213015324106,0.0,0.0,-0.004993431122205136,0.0,0.0,1.0,1.0,0.0,0.0,0.0,24.18977578504261,0.10132464487636157,0.08,100.0,100.0,0.5,55.0,0.08,-1.3005491663420303,1.656624742473554,0.002,0.0034,0.0073,0.0118
162,1763350637.6105716,-0.0006074043944991961,0.04467983002886072,0.3931687721293939,0.0021748385799964217,0.032469961720635064,-0.012096473350461146,0.12037677344810742,0.0005471198452287381,-0.278,-0.167,1.112,0.998,-0.011,0.061,-0.002,0.051,0.232,0.049,0.0,0.0,-0.03,-0.227,-0.075,1.096,1.0,-0.01,-0.001,-0.018,0.036,0.186,0.054,0.0,-0.0,-0.0,-0.2631094870773378,-0.11904747784453326,1.1246653330297771,0.9998376270780309,-0.006812432651267434,0.015740765690106157,0.005526168277714393,0.09421865556582935,0.23871451629276697,0.06702919815044056,0.0,0.0,-0.0062182719756484406,-0.25331411709439666,-0.18860448520635165,1.1066373144361654,0.9999009801526094,-0.005572602848956137,0.011157566183426955,0.00651802916539906,0.08333573671968851,0.15432913527052775,0.018732820651032878,0.0,0.0,-0.004825523409358453,0.0,0.0,1.0,1.0,0.0,0.0,0.0,24.194600821809818,0.10136267023905049,0.08,100.0,100.0,0.5,55.0,0.08,-1.2951901460903543,1.6591740342070527,0.0036,0.0038,0.0149,0.0126
163,1763350637.694008,0.019627851657330532,0.04827350882263061,0.3883394998127122,0.0020257206708454096,0.10094850361121145,0.03472333022967217,0.12329192796511415,6.99749217436006e-05,-0.279,-0.144,1.12,0.998,-0.008,0.061,-0.003,0.014,0.382,0.112,0.0,0.0,-0.046,-0.224,-0.063,1.098,1.0,-0.009,-0.004,-0.018,0.05,0.188,0.044,-0.0,-0.1,0.1,-0.272310991621295,-0.0676451605854813,1.1423580140220986,0.9999117476276119,-0.005550936647452727,0.011168361025043606,0.004577310416090861,0.051598550312316534,0.37250897888445794,0.09976371052070829,0.0,0.0,-0.007419731726372258,-0.2531908889104021,-0.16601606612921468,1.1126997940795897,0.9999355548360543,-0.0002062698493303783,0.009473449802979674,0.006252789480848984,0.08342100950421165,0.19025997191290103,0.0385778741562965,0.0,0.0,-0.004670898090171801,0.0,0.0,1.0,1.0,0.0,0.0,0.0,24.206137297351358,0.10144798852774958,0.08,100.0,100.0,0.5,55.0,0.08,-1.2829217883875406,1.6639328437115084,0.0095,0.005,0.0153,0.0217
164,1763350637.7548108,0.021226065734137278,0.0402670462668684,0.39118133217009643,0.0019755834545869084,0.015351514755532675,-0.021929746970324588,0.15983647421668834,0.0005089591702745245,-0.274,-0.133,1.123,0.998,-0.007,0.061,-0.004,0.093,0.352,0.105,0.0,0.0,-0.053,-0.221,-0.051,1.099,1.0,0.002,-0.0,-0.018,0.043,0.206,-0.009,0.6,0.4,-0.0,-0.25174476986236644,-0.06436448610241337,1.1409334756141702,0.9999468274955311,-0.00018557621266087617,0.009473877764126623,0.004068584913997314,0.12828896920511024,0.3243759352588783,0.0651622500754961,0.0,0.0,-0.007794102726538518,-0.24933300005526665,-0.1448348935014617,1.1187460213468596,0.9999209396818814,0.0039047005376942386,0.010397497585630723,0.005895739425282409,0.09435621404607919,0.21117801768116884,0.044548557465031405,0.0,0.0,-0.004483820621160238,0.0,0.0,1.0,1.0,0.0,0.0,0.0,24.215651479397792,0.10151015537377626,0.08,100.0,100.0,0.5,55.0,0.08,-1.2742373382539531,1.6644318642717602,0.002,0.0084,0.0229,0.0117
165,1763350637.8061984,0.02092473866160767,0.04303981025344168,0.4011873248748198,0.0016652855108985946,0.006453139287653457,0.028963962282942016,0.19672296308740272,-0.00081064592297148,-0.274,-0.109,1.12,0.998,-0.005,0.06,-0.006,0.047,0.354,0.029,0.0,0.0,-0.049,-0.218,-0.04,1.1,1.0,0.004,-0.006,-0.02,0.05,0.165,-0.01,0.3,-0.1,-0.0,-0.26117171027817687,-0.041748407827056896,1.120821911794241,0.99993084072956,0.0039257805663222255,0.010389556741139304,0.003867701584032657,0.07956753954522217,0.30737133916988785,-0.019153984801609732,0.0,0.0,-0.0073467649358162105,-0.24749277162589095,-0.12291159510070979,1.1210103419196602,0.9999193329370681,0.007677097658401061,0.008480821106972418,0.005519552842716766,0.096388990682073,0.22534671082077057,0.030814742436272646,0.0,0.0,-0.004346481436566465,0.0,0.0,1.0,1.0,0.0,0.0,0.0,24.21536894836099,0.10150605302621214,0.08,100.0,100.0,0.5,55.0,0.08,-1.2661499708677069,1.6677861064744577,0.002,0.0064,0.0112,0.0117
166,1763350637.8734138,0.032240269665266885,0.04270565272087426,0.4048261371617325,0.001611458924850664,0.06442443201639891,0.01446914118220351,0.16863930826262052,0.00035534913634731953,-0.267,-0.065,1.117,0.998,0.001,0.059,-0.009,0.059,0.443,-0.008,0.0,0.0,-0.053,-0.215,-0.029,1.099,1.0,0.005,-0.008,-0.02,0.053,0.163,-0.011,0.0,-0.3,-0.0,-0.2520839483996116,0.01801424306162512,1.1104005054760258,0.9999289170073242,0.007695384345650908,0.008464231499540103,0.003361365415205948,0.08837639118874414,0.37904427481764974,-0.03875904844100756,0.0,0.0,-0.0072815262783389595,-0.24472802943510552,-0.09516405630954874,1.1211138122923514,0.999827550223073,0.015336384660314855,0.009135867917906855,0.005118694937769509,0.09939358964416593,0.24461510773492534,0.007087864111001482,0.0,0.0,-0.004145337656363122,0.0,0.0,1.0,1.0,0.0,0.0,0.0,24.213032443579102,0.10148560233762333,0.08,100.0,100.0,0.5,55.0,0.08,-1.2540610186441945,1.6702129895969593,0.0029,0.0025,0.0184,0.0082
167,1763350637.9604409,0.027191581697226436,0.03605497265696223,0.4121787086653039,0.0015921087223071087,-0.01315333871572718,-0.017238780549232308,0.18857265895350628,0.0005075460841012229,-0.259,-0.049,1.108,0.998,0.004,0.057,-0.01,0.11,0.381,-0.093,0.0,0.0,-0.047,-0.212,-0.02,1.097,1.0,0.008,-0.007,-0.021,0.07,0.163,-0.017,-0.1,-0.2,0.1,-0.23418286026923268,0.020055857958627465,1.0875185552031301,0.9998355405882121,0.015353912505458443,0.009106379513138434,0.0031973425864446074,0.13716279871544032,0.3037159064396515,-0.0938832804582015,0.0,0.0,-0.00660887109741068,-0.23929966469467104,-0.07053440089147181,1.1162920279149684,0.9997957142538354,0.018452206276673506,0.006759412203388454,0.004728233269487925,0.10829921567990271,0.24634389389003536,-0.019917420834421683,0.0,0.0,-0.003998096245021105,0.0,0.0,1.0,1.0,0.0,0.0,0.0,24.201899703426257,0.1014078135459351,0.08,100.0,100.0,0.5,55.0,0.08,-1.2460176398754987,1.6700877007013837,0.0045,0.0092,0.0218,0.0166
168,1763350638.0124667,0.033613664851078,0.047487249547426766,0.3910006100313122,0.0011308346109246141,0.042307258905717696,0.0706819991986835,0.04867652257953038,-0.0017093297860473066,-0.266,-0.016,1.123,0.998,0.007,0.059,-0.013,0.006,0.432,0.064,0.0,0.0,-0.067,-0.208,-0.012,1.096,1.0,0.013,-0.004,-0.021,0.049,0.111,-0.003,0.1,0.1,-0.0,-0.26219861905192166,0.06221501280838783,1.1373218608270337,0.999804703342074,0.0184699568041849,0.0067107574433717945,0.002093228428783463,0.030645712237528103,0.34481876638700715,0.09376490832169743,0.0,0.0,-0.008199111607499029,-0.23907140674661495,-0.04303646348573839,1.1190654231369628,0.9997750299971122,0.019664142478422113,0.006753583491041475,0.0041952359756226715,0.10002307888561567,0.25264792465808167,-0.005078665926584109,0.0,0.0,-0.003681110749122905,0.0,0.0,1.0,1.0,0.0,0.0,0.0,24.21188546087163,0.10147606273539872,0.08,100.0,100.0,0.5,55.0,0.08,-1.2349904275858918,1.675950420049051,0.0018,0.0052,0.0216,0.0088
169,1763350638.063249,0.0303283380102733,0.03989882664272521,0.4034167725191756,0.0011868901723371887,-0.0038215098848692827,-0.020134395943222742,0.20870604120105907,0.0007043407861596027,-0.253,0.008,1.113,0.998,0.009,0.056,-0.015,0.095,0.384,-0.035,0.0,0.0,-0.053,-0.205,-0.006,1.096,1.0,0.016,-0.006,-0.021,0.045,0.084,0.01,0.2,0.1,-0.0,-0.2315910914628969,0.0757188382261051,1.108476363703743,0.9997816590825814,0.01967835742319353,0.006712051736034009,0.0020844118352637384,0.11817144544755662,0.29097541005273125,-0.027173660721743417,0.0,0.0,-0.006482352171444671,-0.23424772382362513,-0.017669195274292025,1.1167892105206119,0.999684864934324,0.023937353357817267,0.00663044185960291,0.0036347181750378352,0.10581144069306016,0.24793256452567577,-0.0029144283781407897,0.0,0.0,-0.0034693524435833512,0.0,0.0,1.0,1.0,0.0,0.0,0.0,24.206690670217704,0.10143269292702133,0.08,100.0,100.0,0.5,55.0,0.08,-1.2267853813380192,1.6766517243794516,0.002,0.0028,0.0106,0.0066
170,1763350638.1697721,0.03591948540754952,0.030025159310670194,0.4010925110152573,0.001169544851084579,0.039328863740233616,-0.03440627666925311,0.13965998217509878,0.00035835720836339534,-0.242,0.031,1.114,0.998,0.011,0.056,-0.017,0.151,0.433,-0.004,0.0,0.0,-0.076,-0.202,-0.003,1.096,1.0,0.016,-0.008,-0.021,0.06,0.058,0.012,-0.0,-0.1,0.0,-0.20957601564010522,0.10798279919834262,1.1144658587543914,0.9996912261976024,0.023956702463655128,0.006560186895087713,0.000701867867713618,0.17387045834025402,0.3353615982718074,0.002563516035514617,0.0,0.0,-0.008317770983259642,-0.22642749123783731,0.009533473652795901,1.1159712533694033,0.9997034483780273,0.023700427577066013,0.004572512939613975,0.0032244626160709508,0.11760039914874229,0.24828611788266686,0.01424536052637004,0.0,0.0,-0.003473223116796239,0.0,0.0,1.0,1.0,0.0,0.0,0.0,24.20350249202785,0.10140014682975627,0.08,100.0,100.0,0.5,55.0,0.08,-1.2161551746589558,1.6744641118398973,0.0237,0.0121,0.0163,0.007
171,1763350638.1982102,0.023885751924287307,0.039247247375626605,0.40228594478701574,0.0007839498564446593,-0.04669886038848,0.05736987506628337,0.15637686048951355,-0.0014893956540428797,-0.24,0.057,1.115,0.998,0.014,0.057,-0.019,0.048,0.3,0.001,0.0,0.0,-0.05,-0.199,-0.001,1.094,0.999,0.024,-0.005,-0.023,0.048,0.022,-0.047,0.7,0.0,-0.1,-0.22809096194066775,0.10726057016871943,1.112156560886932,0.999707846574871,0.023709338751288028,0.004526079749116289,0.0012662364375493633,0.06892164317448578,0.20019129458930401,-0.013000848086336815,0.0,0.0,-0.006071211889575878,-0.22326244880961116,0.030968166798477186,1.1164366698278216,0.9996344451064478,0.0259235065633975,0.007320648985454545,0.002314316878364476,0.11331557966086522,0.23029312204980634,-0.006182006725315818,0.0,0.0,-0.0028237966350586315,0.0,0.0,1.0,1.0,0.0,0.0,0.0,24.20408508883514,0.10140464751874924,0.08,100.0,100.0,0.5,55.0,0.08,-1.2111883710447668,1.6788225729427046,0.0019,0.0037,0.0106,0.0072
172,1763350638.2649543,0.0076227872124218395,0.03229284523084078,0.40770381717015813,0.0007165694751246435,-0.07235766658771958,-0.020054292958069184,0.17794659121084275,-4.29207104333322e-05,-0.233,0.061,1.11,0.998,0.014,0.056,-0.02,0.129,0.203,-0.072,0.0,0.0,-0.031,-0.195,-0.001,1.096,0.999,0.023,-0.019,-0.023,0.062,-0.013,0.013,0.3,-0.7,0.0,-0.20516741754865642,0.09138418494290822,1.0967133710014827,0.9996365677014714,0.025932710458341487,0.007287977935928221,0.0010547131890206467,0.1459877101154348,0.10128470396667193,-0.06092158129180671,0.0,0.0,-0.00404621358149182,-0.21641238532681,0.04663063775836926,1.1124875039254214,0.9996523334326736,0.025698063867416694,0.005672254166429747,0.001627055238351922,0.12172918377843385,0.19844951603547575,-0.00951345891499214,0.0,0.0,-0.0025959643061911905,0.0,0.0,1.0,1.0,0.0,0.0,0.0,24.19460739576735,0.10133509248233905,0.08,100.0,100.0,0.5,55.0,0.08,-1.2104619794528355,1.678848283854375,0.0021,0.0018,0.0117,0.0081
173,1763350638.3762996,0.0027511430981987314,0.03068179285859468,0.40784306517148444,0.0006462838735943326,-0.021499675366457346,0.004054555100334822,0.15358517144544098,-8.271445447981268e-05,-0.233,0.061,1.11,0.998,0.014,0.056,-0.02,0.129,0.203,-0.072,0.0,0.0,-0.031,-0.193,-0.003,1.096,1.0,0.017,-0.008,-0.021,0.071,-0.055,0.039,-0.3,0.0,0.1,-0.20586210439837474,0.09151858183980974,1.096042959306515,0.999653582281504,0.02570507528134119,0.005640395255918624,0.0003879148024192962,0.14138204812125088,0.10764202861394764,-0.05603334153142969,0.0,0.0,-0.0038328108299618157,-0.20985505300170967,0.060551993503852375,1.1089059881979666,0.9996179774199341,0.027531936813891208,0.002205212587357399,0.0010142542090317724,0.12551172247080802,0.16985362496397607,-0.018818334372765252,0.0,0.0,-0.0024656312254338836,0.0,0.0,1.0,1.0,0.0,0.0,0.0,24.186501893303454,0.10127292799864884,0.08,100.0,100.0,0.5,55.0,0.08,-1.2083567788879694,1.6791422058623946,0.0264,0.0181,0.0093,0.0129
174,1763350638.478538,-0.006507849447088395,0.03696906779240046,0.4053721152859345,0.0005076461297596297,-0.04526328406461111,0.04294204699100191,0.14058640001155667,-0.00045083226657563995,-0.231,0.065,1.107,0.998,0.014,0.054,-0.02,0.078,0.126,-0.058,0.0,0.0,-0.018,-0.19,-0.006,1.097,1.0,0.015,-0.009,-0.021,0.057,-0.078,0.011,-0.4,-0.1,0.1,-0.21427447113354237,0.08107717317928423,1.0972017934868885,0.999618453740833,0.027533556915707944,0.0021848914959348605,0.00027646610360976834,0.08768267560964145,0.044138432394158884,-0.03089361732121665,0.0,0.0,-0.0025825956349877495,-0.2057797488639567,0.06984719150277224,1.1057717264647824,0.9996972114219286,0.024292482203411677,0.003916024129086903,0.00015980812624704567,0.12075503166269526,0.13511372504070243,-0.022486728185889183,0.0,0.0,-0.0019017023600007934,0.0,0.0,1.0,1.0,0.0,0.0,0.0,24.181132630730122,0.10123342649754384,0.08,100.0,100.0,0.5,55.0,0.08,-1.2083925532491018,1.6823754663080046,0.0176,0.0117,0.0587,0.0078
175,1763350638.4967191,-0.01915079320707326,0.038219467017258715,0.39941918206868465,0.0003214026686549418,-0.06565516234258247,0.020115396546441445,0.12224987714597628,-0.0007408500068635789,-0.225,0.06,1.109,0.998,0.015,0.054,-0.02,0.082,0.029,-0.013,0.0,0.0,-0.009,-0.185,-0.015,1.101,1.0,0.019,-0.009,-0.021,0.049,-0.109,0.036,0.2,-0.0,0.0,-0.20770157128714017,0.058454244879053395,1.1095237527697068,0.9996971950056145,0.024294052570388816,0.003906270125048773,-0.00024158088420419378,0.0899176250752924,-0.035431063013721315,0.017407838433809587,0.0,0.0,-0.0016457077574585943,-0.20144915992256376,0.07318579716989793,1.1047904738445413,0.9998274787034044,0.018460017926627256,0.0019800954538212712,-0.0005654995457036564,0.11707060354664045,0.09621718750112374,-0.01052834229372987,0.0,0.0,-0.0016008027716615414,0.0,0.0,1.0,1.0,0.0,0.0,0.0,24.181180416317932,0.10123824030632991,0.08,100.0,100.0,0.5,55.0,0.08,-1.2119219174166573,1.6851107009848285,0.002,0.002,0.0067,0.006
176,1763350638.5509112,-0.04414078470614946,0.044823181846328074,0.3893208240584969,0.0001722855160763769,-0.13213150494803347,0.04735087427681881,0.09929040322481808,-0.0006250597621472214,-0.223,0.035,1.119,0.998,0.012,0.054,-0.018,0.032,-0.153,0.079,0.0,0.0,0.016,-0.184,-0.02,1.105,1.0,0.011,-0.011,-0.022,0.033,-0.127,0.073,-0.3,0.1,-0.0,-0.21594843585551327,-0.0012084220320814159,1.1368328105949261,0.9998276379155879,0.01845897005415335,0.00198984029447428,-3.768658174678298e-05,0.04000853567304879,-0.19970749796646672,0.09179766085004826,0.0,0.0,0.0007211979329805086,-0.19947662433929353,0.06585345138354311,1.1089123082174905,0.9998801926367861,0.015396300957142487,0.0008581115873335368,-0.0013483078151194927,0.1051310589992457,0.04123849287790075,0.012259657582964706,0.0,0.0,-0.001278329296948988,0.0,0.0,1.0,1.0,0.0,0.0,0.0,24.192550416923236,0.1013397728164952,0.08,100.0,100.0,0.5,55.0,0.08,-1.2230689740355314,1.6899420536156442,0.0021,0.0041,0.0171,0.0197
177,1763350638.6513708,-0.05258041110812667,0.04553749046474156,0.3920579560811236,-2.9935253568432558e-05,-0.058750926274692056,0.020380236284440446,0.15968096913507,-0.0009464967796954059,-0.22,0.023,1.123,0.998,0.011,0.055,-0.018,0.041,-0.164,0.075,0.0,0.0,0.009,-0.182,-0.029,1.109,1.0,0.008,-0.005,-0.022,0.032,-0.149,0.08,-0.2,0.3,0.0,-0.21088980316314604,-0.013677386171781668,1.1377918233700137,0.9998805409025553,0.015396052026510424,0.0008625663198890753,-0.0010590022447489922,0.05289131397236833,-0.1894627801721442,0.05653034590901675,0.0,0.0,0.00039040888842236223,-0.1972946846261639,0.05660158246155847,1.1133161658905655,0.9999308903921815,0.01132235123512321,0.0024204180330078553,-0.002039700603792811,0.09668369994620671,-0.003521731783157702,0.027488634717496283,0.0,0.0,-0.0010197772315659345,0.0,0.0,1.0,1.0,0.0,0.0,0.0,24.200864323670427,0.10140976178993917,0.08,100.0,100.0,0.5,55.0,0.08,-1.2326648864646048,1.6934984821244345,0.0167,0.0107,0.0393,0.0075
178,1763350638.7448728,-0.05219086713389786,0.044929086660899606,0.394497199980927,-0.00018080410572374924,-0.01776993429440349,0.014034539905068342,0.15921795302943823,-0.0007655699808647456,-0.22,0.023,1.123,0.998,0.011,0.055,-0.018,0.041,-0.164,0.075,0.0,0.0,0.009,-0.18,-0.038,1.112,1.0,0.003,-0.007,-0.023,0.034,-0.15,0.054,-0.2,-0.2,-0.0,-0.21036835477859522,-0.01128712469503951,1.134631359351493,0.9999314731653682,0.011321602445212537,0.0024239181130069733,-0.0017305815180319625,0.05853693493283774,-0.16322091988156656,0.03713029936219388,0.0,0.0,0.0007003174464314277,-0.19544538938164546,0.047104397109409495,1.117801819048321,0.9999740414344533,0.0059019984593586105,0.0031866720807108553,-0.002632107992080604,0.09065030560470921,-0.03602079234016857,0.031500904110304886,0.0,0.0,-0.0007129814433867294,0.0,0.0,1.0,1.0,0.0,0.0,0.0,24.208196419940677,0.10146540763926463,0.08,100.0,100.0,0.5,55.0,0.08,-1.2403896377553245,1.696595477360579,0.0019,0.0018,0.0212,0.0676
179,1763350638.8969014,-0.05625659782265148,0.04749155115243141,0.39492976820894127,-0.0002536633962858076,-0.039900228618979745,0.029660729955496366,0.15009929113291898,-0.0004320979924566978,-0.221,0.008,1.128,0.998,0.009,0.055,-0.017,0.013,-0.219,0.074,0.0,0.0,0.023,-0.177,-0.052,1.115,1.0,-0.006,-0.006,-0.022,0.029,-0.141,0.031,-0.3,-0.1,0.0,-0.21638809507951712,-0.03443987532081865,1.137462391936045,0.9999759015785024,0.005899316073368037,0.0031916351030083293,-0.00179103252260815,0.03544576705767097,-0.19355006279243725,0.030838259136216784,0.0,0.0,0.0021335655907344805,-0.1951468236964541,0.03408636203987159,1.1225869388876717,0.9999727087151117,-0.003745509275272611,0.0055428498697634755,-0.003135251274241141,0.08322521368435222,-0.06328787474510213,0.020004348605159747,0.0,0.0,-0.0003697799990228453,0.0,0.0,1.0,1.0,0.0,0.0,0.0,24.21711862583613,0.10152769647882097,0.08,100.0,100.0,0.5,55.0,0.08,-1.2500817298806821,1.7005539681413246,0.0188,0.0126,0.0696,0.0426
180,1763350638.9177148,-0.06699698711522922,0.03820618244772982,0.40670918518305704,-0.0005889880685659712,-0.07479817064638294,-0.02861751184134615,0.2069957479489315,-0.0017717471350079956,-0.217,-0.003,1.124,0.998,0.008,0.054,-0.016,0.088,-0.321,-0.042,0.0,0.0,0.032,-0.172,-0.071,1.113,1.0,-0.008,-0.008,-0.021,0.055,-0.142,-0.027,0.1,-0.7,0.1,-0.19692569418273817,-0.06361873644639034,1.1121745235906222,0.9999757300107729,-0.0037520979964010917,0.005538391917812702,-0.0019461153645022892,0.11402154105494255,-0.27862258692141073,-0.07075886101122535,0.0,0.0,0.003048445349426633,-0.19150794428411436,0.016264877281252213,1.1213012386721022,0.9999272446272855,-0.009433958162031365,0.006695549167914031,-0.0034169440764841084,0.0894001803164329,-0.09299129343036933,0.0004126716957806873,0.0,0.0,3.303098464705996e-05,0.0,0.0,1.0,1.0,0.0,0.0,0.0,24.211832184585308,0.10150287007609134,0.08,100.0,100.0,0.5,55.0,0.08,-1.2650147428022342,1.6997884667953205,0.0017,0.0016,0.0084,0.0079
181,1763350638.9364367,-0.09135004364372343,0.04582460106298043,0.39392458859658497,-0.00033246948252049134,-0.14688915281068188,0.05241941149415176,0.08859296151128576,0.0010617224045151598,-0.225,-0.063,1.138,0.998,-0.0,0.058,-0.012,0.001,-0.466,0.052,0.0,0.0,0.057,-0.171,-0.073,1.113,1.0,-0.012,-0.005,-0.022,0.037,-0.121,-0.009,-0.2,-0.1,-0.0,-0.22209675383035146,-0.1514167112079139,1.1460896158402583,0.9999322447271333,-0.009448148100754089,0.006675510671786042,-0.0012946079304932646,0.027723565334410324,-0.41157811950877676,0.04669900064954145,0.0,0.0,0.005575082982776192,-0.1923139630870959,-0.011480535637755567,1.1248579882033451,0.9999038539959095,-0.011437686409492833,0.006934861188497445,-0.003656472893546757,0.08284296144104332,-0.13701388435479142,0.0006228517685681143,0.0,0.0,0.0004728996686122598,0.0,0.0,1.0,1.0,0.0,0.0,0.0,24.22091868649942,0.1015673457475574,0.08,100.0,100.0,0.5,55.0,0.08,-1.2869347836419833,1.7029642025080343,0.0018,0.0016,0.0065,0.0076
182,1763350638.9954247,-0.08236998545284624,0.04203998027050539,0.39485903810247214,-0.00047628002980883567,0.010644024587989579,-0.0017388785637575573,0.15239396825315527,-0.0008437287923869054,-0.218,-0.13,1.146,0.998,-0.009,0.062,-0.008,0.051,-0.294,0.03,0.0,0.0,0.035,-0.169,-0.08,1.11,1.0,-0.014,-0.004,-0.022,0.047,-0.103,-0.057,0.2,-0.1,0.1,-0.20509570264975036,-0.18290040887733983,1.151148583881377,0.9999078297413561,-0.011446890744335558,0.006919657678879083,-0.0023278856985884337,0.07681697407482299,-0.22447927546678714,0.020473095529703954,0.0,0.0,0.0035508828513043456,-0.1905673403581952,-0.03566326250816635,1.127780311360128,0.9998638835521765,-0.013984599741342382,0.0079133617678728,-0.0037448689650123913,0.08518602144769252,-0.14979393600871557,-0.0017680862803764602,0.0,0.0,0.0006265626524630119,0.0,0.0,1.0,1.0,0.0,0.0,0.0,24.22662316791553,0.10160713759188218,0.08,100.0,100.0,0.5,55.0,0.08,-1.2976287243628986,1.7044028214078395,0.0017,0.0016,0.0088,0.0081
183,1763350639.0941179,-0.07725810568578378,0.03987524292447004,0.4092454558015889,-0.0005822995981042112,-0.005329345709504968,0.0049413058712627946,0.22000422778401102,-0.0007087028526551911,-0.215,-0.149,1.133,0.998,-0.011,0.06,-0.007,0.055,-0.291,-0.088,0.0,0.0,0.032,-0.166,-0.086,1.108,0.999,-0.023,-0.006,-0.021,0.04,-0.083,-0.035,-0.4,0.0,0.0,-0.2014998154454152,-0.19942033798576286,1.11589130060398,0.999867726806801,-0.013994301928312962,0.007896191356217276,-0.0025176508505976494,0.07967932014875959,-0.2025917766208512,-0.09555378969443588,0.0,0.0,0.0034284979971098734,-0.18847941699192644,-0.059651711088045255,1.123994650437081,0.9998090822653182,-0.018409280407459726,0.005317134826089169,-0.0038243289480477016,0.08692691454703066,-0.15566247349574353,-0.001976201472115406,0.0,0.0,0.0010592911423800365,0.0,0.0,1.0,1.0,0.0,0.0,0.0,24.214255678700198,0.10154001538571829,0.08,100.0,100.0,0.5,55.0,0.08,-1.307726384055754,1.7056560901013256,0.0029,0.0039,0.0261,0.02
184,1763350639.1297452,-0.08071121165033845,0.046044889169396405,0.4024714404591172,-0.0005049585930834049,-0.04623731945494226,0.04580144732130803,0.11959696921323737,0.00016834267581495232,-0.218,-0.179,1.137,0.998,-0.014,0.062,-0.005,0.004,-0.329,-0.02,0.0,0.0,0.039,-0.163,-0.09,1.104,0.999,-0.026,-0.006,-0.023,0.049,-0.056,-0.041,-0.1,-0.1,-0.1,-0.21479314858350676,-0.23505454601673853,1.130082274363385,0.9998136386078821,-0.018417110052993124,0.005289951339590044,-0.002348302746278746,0.027747476097522844,-0.22648923712879823,-0.02538828740289257,0.0,0.0,0.004138358964553993,-0.1889273516560104,-0.08596095948645925,1.1241750261653567,0.9995872882102806,-0.027617744062847692,0.006990985792833361,-0.0036931800579780246,0.08059871867018227,-0.1595859094310685,-0.016081470853082362,0.0,0.0,0.0009274638832942011,0.0,0.0,1.0,1.0,0.0,0.0,0.0,24.214080129153295,0.10154601954840412,0.08,100.0,100.0,0.5,55.0,0.08,-1.3201063795796684,1.709153215167308,0.0022,0.0018,0.0102,0.0076
185,1763350639.2037427,-0.08009932795710671,0.04803668626945326,0.40035070069089795,-0.0005269498770924939,-0.02720728590271828,0.027225818938807926,0.1403230913310724,-0.00029931589245172117,-0.218,-0.179,1.137,0.998,-0.014,0.062,-0.005,0.004,-0.329,-0.02,0.0,0.0,0.039,-0.159,-0.091,1.102,0.999,-0.028,-0.008,-0.021,0.051,-0.017,-0.039,-0.0,0.0,0.0,-0.21478583896643177,-0.2340486492413228,1.1329639122701334,0.9995916794034972,-0.027628123502952736,0.0069498533209088305,-0.002204721710219356,0.02779048911414487,-0.22164278273539012,-0.010441368971760932,0.0,0.0,0.004113389280795552,-0.189448083668938,-0.11040179511665368,1.1239840610828498,0.9995876404530916,-0.027815001798097143,0.006129625866364576,-0.003647247610357356,0.07560103548766564,-0.15717404997745205,-0.024133123388223078,0.0,0.0,0.0010823880217215923,0.0,0.0,1.0,1.0,0.0,0.0,0.0,24.21489967397712,0.1015578370682566,0.08,100.0,100.0,0.5,55.0,0.08,-1.3322500532596984,1.7122993298958613,0.002,0.0053,0.0114,0.0105
186,1763350639.2811341,-0.07804942398442025,0.04938084822155681,0.3844695591231732,-0.0006273093221285804,-0.01978772812048262,0.024734567111562716,0.07072580492046343,-0.0006994034290901177,-0.219,-0.194,1.149,0.998,-0.018,0.065,-0.005,0.001,-0.296,0.104,0.0,0.0,0.019,-0.156,-0.091,1.099,0.999,-0.029,-0.004,-0.02,0.06,0.016,-0.021,-0.4,-0.1,0.0,-0.21643374257286935,-0.24244059935308504,1.1722689734773781,0.999590116543292,-0.027819637189127663,0.006108553425734939,-0.002890029528973334,0.026236768335309527,-0.18882748574404978,0.1190718155168615,0.0,0.0,0.0024487049411177834,-0.190219156097059,-0.13269390133863335,1.129596071382861,0.9996208636207701,-0.026796343328414508,0.00520668840163654,-0.0036021374459958237,0.0701143547746051,-0.14947992615546699,0.009807792312165914,0.0,0.0,0.001153956969271061,0.0,0.0,1.0,1.0,0.0,0.0,0.0,24.229277489344003,0.10166025080739734,0.08,100.0,100.0,0.5,55.0,0.08,-1.3426129939932396,1.7156270114436394,0.0038,0.0034,0.0146,0.0176
187,1763350639.342502,-0.06746739199975883,0.04611664117899143,0.3971510759007012,-0.0007363534194218301,0.023641625929149562,0.0021967828702568887,0.20758366855883048,-0.0007804614822644667,-0.212,-0.209,1.142,0.998,-0.021,0.064,-0.004,0.024,-0.207,0.024,0.0,0.0,0.014,-0.153,-0.089,1.098,0.999,-0.027,-0.001,-0.023,0.05,0.042,-0.001,-0.1,-0.1,-0.1,-0.2045706943311595,-0.23982063701835285,1.1457276127926528,0.9996227622081322,-0.026799320074056752,0.005191345052513889,-0.0030297946297127977,0.05216024787215648,-0.10243635196691254,-0.005796857968466374,0.0,0.0,0.0021398645571905992,-0.18957319927709348,-0.15047894630866027,1.1316501595429758,0.9995871744652746,-0.027687302134591866,0.006838631831893162,-0.0034823928130238583,0.06932943659720327,-0.13062760280230973,0.013389862834978132,0.0,0.0,0.0010540484106393308,0.0,0.0,1.0,1.0,0.0,0.0,0.0,24.230932305471757,0.10167471252064605,0.08,100.0,100.0,0.5,55.0,0.08,-1.348299474903033,1.7179825048925708,0.002,0.004,0.0187,0.0099
188,1763350639.4193192,-0.05400489760782263,0.04883211363159878,0.41501399003894274,-0.0006036456817920732,0.042012199959771526,0.030871102705158464,0.2382462241539705,0.0003874061558655972,-0.211,-0.218,1.127,0.998,-0.02,0.063,-0.003,-0.014,-0.122,-0.117,0.0,0.0,0.027,-0.148,-0.085,1.094,0.999,-0.024,0.0,-0.022,0.079,0.12,-0.108,0.0,1.0,-0.1,-0.21079214297841795,-0.23197077930841734,1.1003918789334115,0.9995902981598451,-0.027694518468740496,0.006809348838835417,-0.002425332943660171,0.016845943014407675,-0.020516149805239525,-0.14732453652834562,0.0,0.0,0.0033960865615544054,-0.1905643071238472,-0.1635999031303759,1.1263546013741363,0.999579832104309,-0.027732697828949618,0.007770636784725718,-0.0032670973982290583,0.06475693011871507,-0.10169992525255006,-0.005909587794941766,0.0,0.0,0.001113949374928023,0.0,0.0,1.0,1.0,0.0,0.0,0.0,24.214105061404688,0.10158364079971752,0.08,100.0,100.0,0.5,55.0,0.08,-1.350183802991607,1.7224159015246971,0.0021,0.0018,0.0255,0.0138
189,1763350639.470614,-0.0358779827204849,0.03453402428463328,0.41661968763271784,-0.0007421120722217859,0.07038273783375512,-0.053178404122977974,0.1636587342334791,-0.0009186990828205911,-0.203,-0.214,1.121,0.998,-0.02,0.063,-0.003,0.108,-0.003,-0.143,0.0,0.0,0.005,-0.144,-0.078,1.089,0.999,-0.027,-0.005,-0.021,0.065,0.112,-0.064,-0.1,-0.0,0.1,-0.17824720613790215,-0.20477364162122502,1.0880061244110095,0.9995806430941746,-0.02773470520499914,0.0077634690766276,-0.0030087583027652823,0.14019268798483567,0.09017673912872408,-0.14468021606665524,0.0,0.0,0.001448883709903421,-0.1857777832292211,-0.16977532373245835,1.1199589616201935,0.9995876510534496,-0.027173028836512434,0.008682777594187202,-0.0032808137020128047,0.07878384161508485,-0.061160589319489804,-0.05146763608151767,0.0,0.0,0.0011467683833792854,0.0,0.0,1.0,1.0,0.0,0.0,0.0,24.20085076168299,0.1015010367554684,0.08,100.0,100.0,0.5,55.0,0.08,-1.347204465386304,1.7212649748285687,0.0075,0.0025,0.0112,0.0081
190,1763350639.5436969,-0.023348352655248858,0.023959596169715817,0.4353338580390783,-0.0009676860612980706,0.049193906805998396,-0.03992188146784986,0.24980323489407194,-0.0014061619724645927,-0.194,-0.208,1.096,0.998,-0.02,0.058,-0.003,0.149,0.058,-0.342,0.0,0.0,-0.009,-0.139,-0.07,1.086,0.999,-0.025,-0.006,-0.023,0.071,0.123,-0.05,0.1,-0.1,-0.0,-0.16096368254221952,-0.18751535539234943,1.0310787397882197,0.9995867874463913,-0.027170827363890954,0.008689664162767778,-0.0035341533219413242,0.17938418803866646,0.13612960371938979,-0.28397890872055015,0.0,0.0,0.00040634348329121817,-0.17866092854789192,-0.17162943506795336,1.1022290312295147,0.9996787582830091,-0.02378630072685814,0.0080623939465122,-0.003404399994660226,0.09709220859152992,-0.018597181162168262,-0.09513078522921074,0.0,0.0,0.001204593436578347,0.0,0.0,1.0,1.0,0.0,0.0,0.0,24.164394338469634,0.10123246008352758,0.08,100.0,100.0,0.5,55.0,0.08,-1.3428181314365657,1.7187515889547156,0.0021,0.0074,0.0185,0.0079
191,1763350639.6401663,0.0010863719370828168,0.029794957263254485,0.3915937256054844,-0.0014492250649358988,0.11341799071594005,0.038161654031336784,-0.05545046540331504,-0.002770577291175917,-0.194,-0.173,1.123,0.998,-0.02,0.064,-0.008,0.078,0.233,-0.011,0.0,0.0,-0.056,-0.135,-0.062,1.085,1.0,-0.017,-0.001,-0.023,0.076,0.162,0.006,0.1,0.1,-0.1,-0.17550087092271388,-0.11943967572584596,1.1294099750119375,0.9996700929336374,-0.02377034321397039,0.008109320681002848,-0.005377266557993867,0.10011461277585611,0.28866786085992896,0.10131937915362756,0.0,0.0,-0.003242743454721603,-0.174769921426643,-0.16239626659645515,1.1011305236987539,0.9997822880777424,-0.018690182830705296,0.008615142401788692,-0.0034398885426445143,0.103090435289952,0.04013510047466699,-0.0589590866359358,0.0,0.0,0.0008299035963000174,0.0,0.0,1.0,1.0,0.0,0.0,0.0,24.173340276878413,0.10130380719132062,0.08,100.0,100.0,0.5,55.0,0.08,-1.3317650016237446,1.7211377902627998,0.0275,0.0019,0.0179,0.0069
192,1763350639.6775177,0.005467923523794581,0.03340011992411296,0.3941191948228369,-0.0017393927897116964,0.02231514740996489,0.02919892227801278,0.1594749931888194,-0.0019942980232299516,-0.194,-0.173,1.123,0.998,-0.02,0.064,-0.008,0.078,0.233,-0.011,0.0,0.0,-0.056,-0.13,-0.052,1.088,1.0,-0.019,-0.008,-0.023,0.08,0.167,0.063,0.1,-0.1,-0.1,-0.1767263009922358,-0.12209551264821361,1.1300784713620216,0.9997737061977374,-0.018673390713785987,0.008651479185583216,-0.0053844946645006065,0.08791752582170921,0.2598373026955986,0.049126754303583216,0.0,0.0,-0.0025779851851135123,-0.17097282388369844,-0.15262679735324616,1.1008095368523858,0.9999194062265838,-0.011426603060046083,0.0042329230722735,-0.003563166604133152,0.10545020658345548,0.08270363911157035,-0.028808641108196916,0.0,0.0,0.0008502409661435527,0.0,0.0,1.0,1.0,0.0,0.0,0.0,24.177572245167834,0.10133591432748325,0.08,100.0,100.0,0.5,55.0,0.08,-1.3235052624072243,1.7233482157156463,0.0019,0.0051,0.0196,0.0079
193,1763350639.7356756,0.01302096899533348,0.01844861654976835,0.4251491806322861,-0.0014428112154436317,0.03981569867911745,-0.06223247190018069,0.3029446271058098,0.0008306355751984372,-0.164,-0.135,1.089,0.998,-0.014,0.056,-0.009,0.208,0.297,-0.229,0.0,0.0,-0.03,-0.123,-0.038,1.097,1.0,-0.01,-0.011,-0.024,0.104,0.207,0.153,0.1,-0.5,0.0,-0.12204614861272423,-0.07421316311173465,1.0506254896728555,0.9999155581760518,-0.011422565507385891,0.004243806364234597,-0.004515708388197124,0.20983968441425782,0.2944787234746797,-0.2001847179332405,0.0,0.0,0.00013056757616689208,-0.1595611206870695,-0.13714319017082155,1.0884732864216964,0.9999786572891042,-0.005263607976903186,-8.478487394195821e-05,-0.003869393863517937,0.12170188096458744,0.1220923501576396,-0.0050324390086047555,0.0,0.0,0.0012175250997750733,0.0,0.0,1.0,1.0,0.0,0.0,0.0,24.14446549052869,0.1010394081870906,0.08,100.0,100.0,0.5,55.0,0.08,-1.3134933658382435,1.71855768108969,0.002,0.0018,0.0095,0.0144
194,1763350639.8049345,0.029377491536162748,0.03088966384215064,0.3856251919766932,-0.0019237995640431593,0.08666547607739639,0.06912346766807456,-0.03818900054085657,-0.0029459959487890012,-0.168,-0.106,1.118,0.998,-0.011,0.058,-0.011,0.069,0.417,0.15,0.0,0.0,-0.049,-0.118,-0.026,1.103,1.0,0.002,-0.003,-0.023,0.082,0.182,0.073,0.7,0.6,0.0,-0.1542433983448258,-0.02428667754170787,1.1434836093946765,0.9999710886383503,-0.005263738255570868,-7.626916944587104e-05,-0.005487178694305275,0.06669289454935182,0.38690086898759307,0.15594044851405212,0.0,0.0,-0.0016466764768837028,-0.15491871874133498,-0.11463547062336873,1.0975469541421137,0.9999820927735317,0.004550770851532836,1.260633871982318e-05,-0.003886445420296663,0.11343196404912334,0.16361346996351922,-0.0049946549022023105,0.0,0.0,0.0018074021928458682,0.0,0.0,1.0,1.0,0.0,0.0,0.0,24.169808342183593,0.10123854263387905,0.08,100.0,100.0,0.5,55.0,0.08,-1.2999433801647318,1.721272828063807,0.0021,0.0017,0.0119,0.0146
195,1763350639.8953474,0.03290437196085901,0.03488333928152081,0.3918808865727056,-0.0019172246055164065,0.02865096144954236,0.03155200113765737,0.17588791997132158,-0.0006885500438824223,-0.162,-0.076,1.117,0.998,-0.008,0.056,-0.012,0.074,0.416,0.073,0.0,0.0,-0.038,-0.112,-0.014,1.112,1.0,0.002,-0.015,-0.025,0.082,0.171,0.151,0.0,-0.5,-0.0,-0.14745443832208507,0.003146535186686201,1.1329938575638725,0.9999766790769957,0.004550782744588226,7.118602030801702e-06,-0.005092310662192504,0.06888851605850753,0.3654289929430962,0.0728816740434251,0.0,0.0,-0.00023553940495342767,-0.15013015384511844,-0.09076449010457902,1.1021603879888933,0.9999486972755784,0.009281710908284288,0.0008439427260349339,-0.003967419837087649,0.10779574383138829,0.19186680863544836,-0.0022762405847655647,0.0,0.0,0.002368569678221967,0.0,0.0,1.0,1.0,0.0,0.0,0.0,24.18254403020482,0.101329414195206,0.08,100.0,100.0,0.5,55.0,0.08,-1.288130543248164,1.7231033015846864,0.002,0.0051,0.0237,0.0224
196,1763350639.9374616,0.04322891311652747,0.028168782419130733,0.38496782841850075,-0.0016946206284195555,0.0639618452636644,-0.020491532081380083,0.11239004169374056,0.00039406065841560264,-0.146,-0.019,1.129,0.998,0.001,0.054,-0.016,0.134,0.473,0.132,0.0,0.0,-0.06,-0.108,-0.003,1.122,1.0,0.008,-0.01,-0.024,0.069,0.161,0.139,0.1,0.1,0.0,-0.11993526923279851,0.06965338536734002,1.1588158791912242,0.9999387127547988,0.009283387110801658,0.000825300224641009,-0.005975645368181271,0.12796361108930607,0.4035839683240872,0.1282006260018923,0.0,0.0,-0.001977162381394963,-0.14196548792679728,-0.06138959409497147,1.1091287916861186,0.99989131271706,0.013670017059934987,-0.0036255655886286917,-0.004165172349141401,0.10938008416830301,0.21983448074465542,0.058249284016143696,0.0,0.0,0.002107741369475393,0.0,0.0,1.0,1.0,0.0,0.0,0.0,24.19532350588089,0.10140261190475452,0.08,100.0,100.0,0.5,55.0,0.08,-1.2746642025996011,1.7213806304652384,0.002,0.0017,0.0122,0.0132
197,1763350640.0040126,0.054908725561159055,0.02891237421378034,0.39170873428183584,-0.0018815993483413194,0.07460990464185574,0.014281252380422037,0.17806746497361348,-0.0015703763352661521,-0.142,0.01,1.136,0.998,0.004,0.054,-0.019,0.11,0.546,0.136,0.0,0.0,-0.079,-0.104,0.006,1.128,1.0,0.012,-0.012,-0.025,0.068,0.133,0.102,0.2,-0.3,-0.0,-0.12056560867212414,0.11156697261869099,1.1548587023286687,0.9998765484887993,0.01366024570128064,-0.0036622096658992425,-0.00684643628975679,0.10624105382428921,0.46029663058355885,0.05860686289395025,0.0,0.0,-0.003750494544375946,-0.13514672349717347,-0.028325781274838892,1.1185952978072742,0.9997771735135613,0.02059126108120538,-0.0010478033602996605,-0.004528288466759775,0.10688638272728236,0.2498772858358577,0.04019177417314484,0.0,0.0,0.0025119246993997478,0.0,0.0,1.0,1.0,0.0,0.0,0.0,24.210991546881395,0.10147181379377367,0.08,100.0,100.0,0.5,55.0,0.08,-1.2594175606109892,1.720705902348733,0.0021,0.0019,0.0159,0.0095
198,1763350640.0637538,0.055497655955305245,0.034526532436824665,0.40088129207795686,-0.002216344123279229,0.023535424056165564,0.038912931445389265,0.19275356433629326,-0.0023793236303175425,-0.141,0.038,1.133,0.998,0.007,0.054,-0.021,0.06,0.527,0.037,0.0,0.0,-0.076,-0.1,0.013,1.133,1.0,0.015,-0.012,-0.024,0.062,0.109,0.076,-0.0,-0.3,0.0,-0.12913808259733578,0.13390240085176786,1.1347748985462207,0.9997621490193204,0.020588487041225387,-0.0011009660074284724,-0.007109673935849054,0.05774333931199402,0.4228031894954434,-0.016871288544732424,0.0,0.0,-0.003372475389352072,-0.13097024569961094,0.004196651726746107,1.1220661299511254,0.9996953341432702,0.024171188494958914,0.0006187239529721262,-0.004960818439183801,0.09973725212384855,0.26662910970752435,0.029077357823593542,0.0,0.0,0.002607592144553399,0.0,0.0,1.0,1.0,0.0,0.0,0.0,24.212765046589578,0.10147188217682149,0.08,100.0,100.0,0.5,55.0,0.08,-1.2460643580531836,1.722447153039843,0.0022,0.0017,0.0102,0.008
199,1763350640.1531315,0.047376730760834054,0.029839243227840567,0.4059539816606717,-0.002043793846842566,-0.01979300498911647,-0.01048899638111127,0.17569393244280784,3.1622335953605514e-05,-0.131,0.063,1.128,0.998,0.01,0.052,-0.022,0.107,0.461,-0.014,0.0,0.0,-0.056,-0.096,0.019,1.134,0.999,0.028,-0.013,-0.026,0.056,0.074,-0.027,0.7,-0.1,-0.0,-0.10985235018176148,0.14404929202450975,1.119134868080675,0.9996844781348183,0.024172289053061506,0.0005741206528756295,-0.006805512745366755,0.10442969981367671,0.33970848009913424,-0.05218589566444566,0.0,0.0,-0.001274945150100092,-0.12446693840371265,0.03372893866891908,1.1226970731661121,0.9995633951563007,0.029048532065422905,-0.0008796103608844491,-0.0053318040161005565,0.10014887393112143,0.26750566405730314,-0.0005359689989699759,0.0,0.0,0.002485829819246041,0.0,0.0,1.0,1.0,0.0,0.0,0.0,24.210895632168768,0.10145876051588042,0.08,100.0,100.0,0.5,55.0,0.08,-1.2363002626515744,1.7217425284295864,0.0045,0.0038,0.021,0.0153
200,1763350640.2246225,0.03690497000145308,0.023177398450198235,0.40104990256405887,-0.0018453964024378387,-0.03459252976159208,-0.022119507677771447,0.12771234763968778,0.00022556452945767414,-0.122,0.082,1.129,0.998,0.014,0.052,-0.024,0.144,0.399,-0.005,0.0,0.0,-0.05,-0.093,0.022,1.135,0.999,0.024,-0.015,-0.025,0.054,0.044,0.021,0.0,-0.1,0.0,-0.09351369350551136,0.1488099213484511,1.1259358500734264,0.9995535706482491,0.029047085612328084,-0.0009261463021362434,-0.006933143211634643,0.14178380198192428,0.26447766596604605,-0.007393996771713782,0.0,0.0,-0.0008264384357317484,-0.11619093071780386,0.05995031464285529,1.1229995155379129,0.9993863085527405,0.03454255303580763,-0.0009241079123324565,-0.005741457276810091,0.10481776592695988,0.2528666624493616,-0.01257390504952823,0.0,0.0,0.0027165913078734615,0.0,0.0,1.0,1.0,0.0,0.0,0.0,24.212022743968735,0.10145645574014159,0.08,100.0,100.0,0.5,55.0,0.08,-1.2290501362098487,1.719404969863307,0.0037,0.0068,0.0217,0.0178
201,1763350640.262519,0.037571514248651273,0.033812652698532425,0.39805395613312283,-0.0022672207764700874,0.01717208498653583,0.0618677956604953,0.13541398130684212,-0.002801145521075431,-0.122,0.121,1.131,0.998,0.02,0.052,-0.028,0.037,0.419,0.007,0.0,0.0,-0.071,-0.091,0.023,1.135,0.999,0.028,-0.01,-0.025,0.039,-0.004,0.007,-0.1,0.1,0.0,-0.11475687057119395,0.19089609029083965,1.133248514079889,0.9993699179941083,0.03454026879498676,-0.0010058713810829965,-0.008107099529662622,0.03388639720063788,0.2829613692511605,0.01645226029450656,0.0,0.0,-0.002832714900203725,-0.11303137133627612,0.08774413015747917,1.1235220432186608,0.999305549296051,0.03668973080202325,0.000585784795562338,-0.006476083381657267,0.09445079182074173,0.23891090066391368,-0.008035779373250021,0.0,0.0,0.003066776973973603,0.0,0.0,1.0,1.0,0.0,0.0,0.0,24.213963689575152,0.10146042680309686,0.08,100.0,100.0,0.5,55.0,0.08,-1.2198062990874003,1.7222596465938669,0.0021,0.0019,0.0094,0.0078
202,1763350640.352702,0.02005003471348097,0.03888365889726574,0.3976287177227657,-0.0025172297921556694,-0.07351807983260727,0.03803477575561626,0.14714404149813495,-0.002100252869604195,-0.121,0.129,1.131,0.998,0.022,0.052,-0.028,0.023,0.261,0.007,0.0,0.0,-0.044,-0.088,0.02,1.137,0.999,0.026,-0.015,-0.027,0.034,-0.053,0.021,-0.0,-0.2,-0.1,-0.11676120839313038,0.16774758558764044,1.1333376991716713,0.9992955863190346,0.036690509315988766,0.0005348049036677572,-0.007864583469285542,0.018179430660115632,0.13226484975452626,0.009411465094005768,0.0,0.0,-0.00018096647796301938,-0.11082312468085788,0.10703372992753735,1.1240173595545233,0.9993611225790298,0.03502142706528559,-0.0005135039150829554,-0.007112147187823965,0.08345675291703898,0.2033646821782744,0.0020503677982284104,0.0,0.0,0.0030883287619081373,0.0,0.0,1.0,1.0,0.0,0.0,0.0,24.214670947457137,0.10146426685539611,0.08,100.0,100.0,0.5,55.0,0.08,-1.2164310794383828,1.725652204393573,0.0021,0.0055,0.0162,0.0201
203,1763350640.4012938,0.002718872720344701,0.03432697831234356,0.3990899504210908,-0.002486570952393285,-0.07913704694812598,-0.008202030838136198,0.15641693263766293,-0.0007906669732464544,-0.116,0.131,1.131,0.998,0.022,0.051,-0.029,0.072,0.152,0.003,0.0,0.0,-0.032,-0.087,0.016,1.137,0.999,0.03,-0.001,-0.028,0.006,-0.077,-0.012,0.2,0.8,-0.1,-0.10222759576559566,0.14913075801609438,1.1304631605424504,0.9993540383909365,0.03502093180072919,-0.0005462378315321766,-0.008046235875644106,0.06856946457398269,0.03565294672022896,-0.008482490526297775,0.0,0.0,0.0012356400358221192,-0.10649698057807651,0.1196387299584987,1.1246502032413872,0.9994736261139434,0.03141939886101972,-0.0027494601530443003,-0.007598193648758817,0.07892515701669837,0.16063890178813367,0.001323510455480242,0.0,0.0,0.0029547592168611037,0.0,0.0,1.0,1.0,0.0,0.0,0.0,24.215172585780387,0.1014672608313329,0.08,100.0,100.0,0.5,55.0,0.08,-1.2164743179888593,1.726291441189848,0.0031,0.0046,0.0108,0.008
204,1763350640.479935,-0.02144475222271378,0.031220112821499037,0.4055264787812458,-0.002395552931973888,-0.11979854744516312,-0.0026617105870937793,0.18184137320868426,-0.0004773740050504937,-0.109,0.123,1.127,0.998,0.022,0.05,-0.029,0.076,-0.013,-0.055,0.0,0.0,-0.012,-0.086,0.008,1.136,0.999,0.028,-0.012,-0.026,0.02,-0.125,-0.021,0.1,0.0,0.0,-0.09396281211864398,0.10936455538217495,1.1143958550084048,0.9994723413048832,0.03141893856292693,-0.0027547151395468043,-0.007765359657737559,0.07764812131308929,-0.11292454398934035,-0.06598637228237542,0.0,0.0,0.003028161021282544,-0.10193999779441751,0.12283631402223887,1.1224586422878302,0.9994961781426402,0.030673901541951425,-7.107118120566232e-05,-0.008154544213962847,0.07625562749893632,0.10258073404870538,-0.011155371261039444,0.0,0.0,0.0035181355543895056,0.0,0.0,1.0,1.0,0.0,0.0,0.0,24.209476232919766,0.10145154895031515,0.08,100.0,100.0,0.5,55.0,0.08,-1.2221316972030893,1.7265547261388257,0.002,0.0045,0.0167,0.0151
205,1763350640.5522254,-0.02709618958077801,0.029413433366598945,0.404821900420988,-0.002351542701922695,-0.03629896887383883,0.002674145033561696,0.14854953774167778,-0.0006782811992342478,-0.109,0.123,1.127,0.998,0.022,0.05,-0.029,0.076,-0.013,-0.055,0.0,0.0,-0.012,-0.085,-0.001,1.137,0.999,0.024,-0.006,-0.027,0.012,-0.146,-0.009,-0.0,0.0,0.0,-0.09331925128947102,0.11129301488604193,1.1150818504322462,0.999494858937582,0.030673889762543413,-7.598521871117513e-05,-0.008314665983964964,0.08091277388766319,-0.08838728950515118,-0.05095128791653628,0.0,0.0,0.0029340313162792746,-0.09780738546857287,0.12460493596746951,1.1201875665350745,0.9996523050796418,0.02480626253954311,0.002201124639935256,-0.008664487180286213,0.07659866111201032,0.056665551406347936,-0.021654342540047153,0.0,0.0,0.0039818030404709095,0.0,0.0,1.0,1.0,0.0,0.0,0.0,24.205195583778963,0.10143814647211002,0.08,100.0,100.0,0.5,55.0,0.08,-1.2256100780065164,1.7267890644706219,0.002,0.0097,0.021,0.0116
206,1763350640.6266332,-0.039170641702573804,0.03861671868439166,0.39389076806420803,-0.0022262929242128668,-0.07053333170177072,0.05704646410143819,0.0971525508739706,-0.0002555796246718681,-0.116,0.104,1.136,0.998,0.02,0.053,-0.028,-0.005,-0.12,0.025,0.0,0.0,0.005,-0.084,-0.014,1.137,0.999,0.02,-0.017,-0.027,0.012,-0.194,-0.027,0.4,-0.2,-0.0,-0.11647790000698537,0.0737778502423548,1.1415382834362549,0.9996561409938053,0.024805259255314495,0.0022124023453939106,-0.008210003807067962,-0.001340857347251444,-0.16567244985303764,0.03951859294992486,0.0,0.0,0.004262801430661013,-0.09793847540002737,0.11928753072947229,1.1220292463772616,0.9997993546113957,0.017708168487802517,0.0014449333461516063,-0.00925113263711411,0.0658369431764961,0.008748959449193707,-0.01627805526842701,0.0,0.0,0.004184975068922704,0.0,0.0,1.0,1.0,0.0,0.0,0.0,24.212699042354235,0.10147491891997046,0.08,100.0,100.0,0.5,55.0,0.08,-1.2322372265845192,1.7306263765130516,0.0021,0.0018,0.0303,0.0179
207,1763350640.6797438,-0.0563155006552178,0.03902603565804638,0.39959020946880625,-0.002394834322074816,-0.10041328540168515,0.016527854374920468,0.17620624504706897,-0.0016775668358895695,-0.113,0.079,1.132,0.998,0.017,0.052,-0.027,0.017,-0.249,-0.022,0.0,0.0,0.017,-0.085,-0.027,1.137,1.0,0.009,-0.008,-0.027,-0.009,-0.2,0.0,-0.2,0.5,0.0,-0.10937029619263997,0.02604049085035077,1.1293787335356915,0.9998071500998608,0.017706882827188988,0.001460604022801083,-0.008366334061423335,0.019651946883618574,-0.26684798951117544,-0.017103854827999004,0.0,0.0,0.0050940105142165855,-0.09708067154765035,0.10595241270691981,1.1213133944044207,0.9999205253183069,0.008016903857583732,0.0005054833842355041,-0.009716830051403865,0.05890530614903801,-0.04185691171570985,-0.007927675355490535,0.0,0.0,0.004232401601398402,0.0,0.0,1.0,1.0,0.0,0.0,0.0,24.212395211998256,0.10147863544343587,0.08,100.0,100.0,0.5,55.0,0.08,-1.2438885096215662,1.7324304236140018,0.0054,0.0058,0.0121,0.0078
208,1763350640.7514257,-0.05828808080350689,0.03908649490378387,0.40120706226084096,-0.0024251276503618174,-0.03098121348715211,0.01493705960045484,0.157930592510976,-0.00104952951221306,-0.113,0.079,1.132,0.998,0.017,0.052,-0.027,0.017,-0.249,-0.022,0.0,0.0,0.017,-0.085,-0.04,1.138,1.0,0.008,0.003,-0.029,-0.022,-0.203,-0.0,-0.1,0.6,-0.1,-0.10934635124894633,0.02860213126040839,1.1273402766844218,0.999928696517351,0.008016455489679058,0.0005125449204446537,-0.00883604097988325,0.022393045120572344,-0.24193240321235662,-0.026732745737894015,0.0,0.0,0.005245637315004393,-0.0964055413944126,0.09257385024198363,1.1208453417042754,0.9999438619489203,0.002961269543988433,-0.0003086607712821706,-0.010169000044002088,0.05202658880180787,-0.07687972943264462,-0.003144415553484354,0.0,0.0,0.0042189307388759405,0.0,0.0,1.0,1.0,0.0,0.0,0.0,24.21108673246561,0.10147738107812442,0.08,100.0,100.0,0.5,55.0,0.08,-1.2537721478670611,1.7337736857210035,0.0042,0.0044,0.0206,0.0134
209,1763350640.8081455,-0.08128745462864796,0.03800814200196497,0.39363731744014424,-0.0025035724874783766,-0.13685489942702045,0.009265671079824516,0.11260392424433123,-0.0013016470544684757,-0.112,0.035,1.14,0.998,0.012,0.054,-0.023,0.02,-0.437,0.052,0.0,0.0,0.05,-0.086,-0.054,1.137,1.0,0.001,-0.007,-0.026,-0.0,-0.222,-0.023,-0.1,-0.1,0.1,-0.10724002551178649,-0.05071505391600864,1.1479853074100488,0.9999629478570066,0.002961908800028225,-0.0003024649470555721,-0.008077036854061663,0.030141454649869438,-0.4075368346101304,0.040330722522049486,0.0,0.0,0.0080849846037619,-0.09573159194668729,0.06816483818157128,1.1246262023785398,0.999938518933453,-0.0026362752535506752,0.0023806959605004218,-0.0105043178123796,0.04794665879016266,-0.12892365779680745,-0.005861029107333654,0.0,0.0,0.004236657588164536,0.0,0.0,1.0,1.0,0.0,0.0,0.0,24.222111538998863,0.10152644282274112,0.08,100.0,100.0,0.5,55.0,0.08,-1.2719242509213011,1.7338616803432023,0.0024,0.0036,0.0175,0.0101
210,1763350640.8834796,-0.09989900553154099,0.041970861481994165,0.39374028893503227,-0.002343083846152613,-0.12354055000020821,0.03406665065088278,0.14812885151449418,-0.00013639647617557336,-0.12,-0.046,1.145,0.998,0.002,0.056,-0.018,-0.019,-0.495,0.043,0.0,0.0,0.055,-0.087,-0.068,1.137,1.0,-0.006,-0.005,-0.027,-0.022,-0.252,-0.014,-0.1,0.0,-0.1,-0.12252536462733457,-0.14102863100419571,1.1531476796799618,0.9999599394083398,-0.0026417165156642757,0.002374656674067496,-0.008215955087537918,-0.005463847012665252,-0.44335052758368515,0.032153669572185295,0.0,0.0,0.008634910174559286,-0.09745011532406778,0.03597420815069151,1.1278255236839683,0.9998857320670828,-0.010098936072260298,0.0032723115319116826,-0.010762261663822319,0.040694071299160056,-0.17717321402266595,0.0023599759852009983,0.0,0.0,0.004493819238270211,0.0,0.0,1.0,1.0,0.0,0.0,0.0,24.2304704825927,0.10156543503449679,0.08,100.0,100.0,0.5,55.0,0.08,-1.2917520258872635,1.7353039622189455,0.0043,0.0034,0.0168,0.0155
211,1763350640.9485629,-0.11777318705964313,0.0410847323861969,0.39969491621106834,-0.002407517074035873,-0.1268330347148385,0.011308427576761478,0.17742574473081785,-0.0012008225817235268,-0.12,-0.091,1.144,0.998,-0.002,0.056,-0.015,-0.004,-0.595,0.009,0.0,0.0,0.08,-0.088,-0.081,1.136,1.0,-0.015,-0.01,-0.026,-0.019,-0.197,-0.006,-0.4,-0.0,0.0,-0.1193499618037298,-0.2038418089168746,1.1443182880981524,0.999915091693707,-0.010109372826940188,0.003239924937310398,-0.007557305777334537,0.01133296927510723,-0.5184091465037742,-0.012246697175161853,0.0,0.0,0.01056626917520176,-0.09853556901647305,-0.002406752329088019,1.1293497371032617,0.9998439357046816,-0.013344626645617152,0.003777217281551488,-0.010943390876208454,0.037379512851527755,-0.22794865047576285,0.005956697470649944,0.0,0.0,0.00473378102258977,0.0,0.0,1.0,1.0,0.0,0.0,0.0,24.233025282147754,0.10158137177438509,0.08,100.0,100.0,0.5,55.0,0.08,-1.3148884859959902,1.7352631558059177,0.0036,0.0021,0.0152,0.0164
212,1763350641.0138903,-0.1190271239061162,0.048467791752080255,0.3828850813605241,-0.0020739625528039267,-0.05043462937973149,0.052322071474240624,0.06583641932642949,0.0007649537033962812,-0.127,-0.142,1.163,0.998,-0.01,0.061,-0.012,-0.066,-0.539,0.156,0.0,0.0,0.055,-0.089,-0.093,1.133,0.999,-0.019,-0.005,-0.027,-0.025,-0.174,-0.059,-0.1,0.2,-0.1,-0.1385650797860072,-0.2409397773526569,1.1904718180169285,0.9998663491596474,-0.013353230545719394,0.00374668716279236,-0.008656638346100138,-0.04818924169545424,-0.43209296905844247,0.12928924815999748,0.0,0.0,0.008504164034083508,-0.10277246186481301,-0.04045495658145257,1.1388745803042801,0.9996837220974089,-0.022305433986304576,0.0036585187390370285,-0.011024455940744927,0.025838911309046697,-0.2577908920547602,0.01748977454507945,0.0,0.0,0.0048128112146490236,0.0,0.0,1.0,1.0,0.0,0.0,0.0,24.255418248496472,0.1016636949296135,0.08,100.0,100.0,0.5,55.0,0.08,-1.333127043324325,1.7382326732611197,0.0021,0.0018,0.0266,0.0089
213,1763350641.093675,-0.12311081573484339,0.047036785255505524,0.39091794621173964,-0.0023485744630836573,-0.06505363060842947,0.011020389424156438,0.18374622976627436,-0.0021507955087001233,-0.127,-0.174,1.165,0.998,-0.013,0.061,-0.01,-0.037,-0.597,0.092,0.0,0.0,0.069,-0.09,-0.103,1.129,0.999,-0.026,-0.006,-0.026,-0.015,-0.145,-0.045,-0.2,-0.2,0.0,-0.13247185550524646,-0.28123264553628097,1.1801829606986856,0.9997105632173429,-0.022315542963026992,0.003596343552356013,-0.008238485721411509,-0.015801275444277292,-0.462043105475355,0.04666885061481671,0.0,0.0,0.009281684535023916,-0.10569394788429819,-0.08124993151351351,1.1451877416573448,0.9994339019326003,-0.03137793231005223,0.005087426500244756,-0.011019034591467912,0.021017197286689514,-0.2819909359933107,0.019930713296217123,0.0,0.0,0.004714817263603037,0.0,0.0,1.0,1.0,0.0,0.0,0.0,24.26743315356525,0.10170465964727997,0.08,100.0,100.0,0.5,55.0,0.08,-1.3535230708341133,1.7389661410430621,0.0021,0.0063,0.0243,0.0184
214,1763350641.1634004,-0.13033756885698625,0.04629762157405092,0.40465313845656165,-0.0024273123626427752,-0.08230032151128053,0.013942976063541595,0.21527019105351247,-0.001274404921451961,-0.13,-0.222,1.156,0.998,-0.02,0.062,-0.007,-0.04,-0.65,-0.014,0.0,0.0,0.077,-0.092,-0.11,1.125,0.999,-0.035,-0.003,-0.025,-0.012,-0.109,-0.086,-0.3,-0.1,0.1,-0.13565084294941795,-0.33709881627682897,1.149273773835168,0.9994630630339182,-0.03139342950399644,0.004990904570037245,-0.00794538145142519,-0.014187362426622718,-0.49281036817935475,-0.060453188307750635,0.0,0.0,0.010175629753834667,-0.10884088181967383,-0.12547138383488543,1.145599211786674,0.9990950209016674,-0.04073335518222114,0.005383790471005002,-0.010997626346643677,0.017485774104677214,-0.3007850601146637,0.01581609362656605,0.0,0.0,0.00481701898870627,0.0,0.0,1.0,1.0,0.0,0.0,0.0,24.26347680685368,0.10170449503645373,0.08,100.0,100.0,0.5,55.0,0.08,-1.376243016238209,1.7391407165924098,0.0022,0.0055,0.0239,0.0204
215,1763350641.2336268,-0.10930137283684072,0.05633052632274366,0.3912831044998272,-0.0019435091152309285,0.05630439177935783,0.06752613183373275,0.0848947571375383,0.0015087741010681936,-0.14,-0.234,1.166,0.998,-0.024,0.065,-0.007,-0.122,-0.456,0.09,0.0,0.0,0.029,-0.093,-0.114,1.117,0.999,-0.037,-0.007,-0.026,-0.017,-0.063,-0.13,-0.2,-0.5,-0.1,-0.1615352660213769,-0.3086475626475207,1.176895137334466,0.9991085908506667,-0.040740384183697013,0.005330339651601567,-0.009686705536891972,-0.09161655257577533,-0.28220827095569656,0.05008536459376229,0.0,0.0,0.006288646498808541,-0.11611120998959612,-0.15939586423946572,1.1516991094590432,0.9989309869584585,-0.04432739700545671,0.007664372874003136,-0.010640608881485936,0.00407790247666848,-0.2829996909932161,-0.0019119739861773281,0.0,0.0,0.004239889452935233,0.0,0.0,1.0,1.0,0.0,0.0,0.0,24.277259620793373,0.10174059222883076,0.08,100.0,100.0,0.5,55.0,0.08,-1.3879269133220697,1.7442411825156818,0.0047,0.0072,0.0215,0.0232
216,1763350641.2813904,-0.09504404913938547,0.049016366085458174,0.41319863891800784,-0.002342482218278561,0.030298603673461003,-0.015446853815398547,0.25630883627833856,-0.0027236814334497582,-0.137,-0.259,1.143,0.998,-0.026,0.062,-0.005,-0.042,-0.413,-0.117,0.0,0.0,0.037,-0.094,-0.115,1.11,0.999,-0.041,-0.006,-0.026,-0.011,-0.004,-0.105,-0.4,-0.3,0.1,-0.14215608163051896,-0.3235802519632176,1.1175198945325642,0.9989468779450782,-0.04433972483294232,0.007592729322851241,-0.009026311924037298,-0.007922877817039802,-0.23214174507044189,-0.1381284592579765,0.0,0.0,0.0064705462170328,-0.11947831538824137,-0.19054682405549206,1.1459557678158656,0.9987900429764665,-0.047386797424471945,0.008031798561960443,-0.010413053960314242,0.005632116617577907,-0.2565288575294492,-0.030541846020182697,0.0,0.0,0.004403676016975688,0.0,0.0,1.0,1.0,0.0,0.0,0.0,24.263911325530067,0.10171471678624228,0.08,100.0,100.0,0.5,55.0,0.08,-1.3981699323997516,1.7454127803653925,0.0036,0.0017,0.0177,0.0147
217,1763350641.3408496,-0.07960714775210674,0.04385140409339073,0.414698729845354,-0.0025977589237661494,0.04154298850912411,-0.007443672678290436,0.16244994423098408,-0.0021548143592923993,-0.137,-0.277,1.129,0.998,-0.029,0.063,-0.005,-0.021,-0.312,-0.147,0.0,0.0,0.023,-0.094,-0.112,1.1,0.999,-0.041,0.002,-0.026,-0.003,0.044,-0.161,0.1,0.1,0.0,-0.13760572159437115,-0.3208511183751196,1.099972344591874,0.9988008107719134,-0.04739553326226411,0.007980086783580075,-0.009323199187011603,0.01721136464393424,-0.13356929171048745,-0.12862200674720628,0.0,0.0,0.005604257888127152,-0.12168427822948139,-0.21597631760778457,1.1374647205009492,0.9986268192107094,-0.050757116492585366,0.008056185397993545,-0.010163117400310435,0.010538734255170153,-0.21337893591487098,-0.03977618878779211,0.0,0.0,0.004452265946644847,0.0,0.0,1.0,1.0,0.0,0.0,0.0,24.247243969600433,0.10166910797808824,0.08,100.0,100.0,0.5,55.0,0.08,-1.4047200777832638,1.7462358946725864,0.0042,0.002,0.0146,0.009
218,1763350641.409358,-0.07443734667143916,0.05383099954964453,0.3811633783052627,-0.002467280522458324,-0.004003675003702134,0.06634225381629053,-0.01216473400844885,-0.0003217675898731828,-0.145,-0.286,1.145,0.997,-0.031,0.067,-0.004,-0.111,-0.277,0.137,0.0,0.0,0.029,-0.094,-0.106,1.092,0.999,-0.04,-0.005,-0.026,-0.001,0.106,-0.122,0.0,-0.1,0.0,-0.16322563643984642,-0.3242710132365639,1.1718311007050728,0.9986392567852812,-0.050767609187862925,0.007989796940920536,-0.008857076805165277,-0.07201980541644028,-0.11651948289358875,0.16321529290012032,0.0,0.0,0.0064662312076161485,-0.12810294845738296,-0.23776032777032438,1.143465549310967,0.9988770230032267,-0.045089146476200805,0.010999143119988062,-0.00952263812632806,0.003312924792850617,-0.1746486478295078,-0.03189428744739031,0.0,0.0,0.003929143453305424,0.0,0.0,1.0,1.0,0.0,0.0,0.0,24.2714354448577,0.10177711711039375,0.08,100.0,100.0,0.5,55.0,0.08,-1.4116661968726767,1.7514655646073276,0.0021,0.0043,0.0148,0.0136
219,1763350641.4887133,-0.07596337410557924,0.056995250407715185,0.38009921957514214,-0.002512293595441706,-0.03554414217249001,0.03600787912146998,0.1376154732138708,-0.001150295560838781,-0.145,-0.286,1.145,0.997,-0.031,0.067,-0.004,-0.111,-0.277,0.137,0.0,0.0,0.029,-0.094,-0.099,1.086,0.999,-0.032,-0.004,-0.027,0.005,0.132,-0.091,0.1,-0.2,-0.1,-0.1632675375352853,-0.32618473829314204,1.1772656540753779,0.9988888976962146,-0.04510385975106579,0.010938652333923958,-0.008182773363303263,-0.07395015136594922,-0.14021899027742332,0.1448112382084917,0.0,0.0,0.006474671451856373,-0.13417247627112652,-0.25714517058637115,1.1484770541664355,0.9991495834245824,-0.03908370941678094,0.0094666764751002,-0.009107998530078926,-0.0014346933554971082,-0.14375471521330338,0.01384747300174444,0.0,0.0,0.0042483882252213065,0.0,0.0,1.0,1.0,0.0,0.0,0.0,24.288460086212343,0.10186013915894972,0.08,100.0,100.0,0.5,55.0,0.08,-1.4198057408602143,1.7563543145079688,0.0021,0.0018,0.0157,0.0235
220,1763350641.5428252,-0.022604658344189302,0.044294080272011,0.4180433433855822,-0.002300461521876337,0.23830731351735754,-0.04213263177562776,0.33225782639287843,0.00011705026953620233,-0.138,-0.242,1.106,0.998,-0.026,0.062,-0.008,0.002,0.17,-0.146,0.0,0.0,-0.035,-0.093,-0.085,1.079,0.999,-0.03,-0.003,-0.027,0.017,0.184,-0.08,-0.1,-0.2,0.0,-0.13408093747031968,-0.19549670643294756,1.0760675123075225,0.9991399918317704,-0.039074238229338316,0.009505693665193611,-0.010105563673069574,0.03875316013692359,0.28420198486216824,-0.18908267995659517,0.0,0.0,0.001147118561294752,-0.1345292365894378,-0.2519441683837285,1.1388329169484233,0.999415685739633,-0.03214169894263034,0.0075018371543784925,-0.008883733785396097,0.00860635820928737,-0.05921894841817184,0.010466601763750551,0.0,0.0,0.004306859422036472,0.0,0.0,1.0,1.0,0.0,0.0,0.0,24.26570613995833,0.1017802985069993,0.08,100.0,100.0,0.5,55.0,0.08,-1.406995594288316,1.7575743752031152,0.0034,0.0037,0.0138,0.0119
221,1763350641.65246,0.00328862546870292,0.0377284637862025,0.4135421066222539,-0.0024686946697330793,0.12098967218539011,-0.016217802327038355,0.13426006995295142,-0.001703838809987339,-0.135,-0.22,1.104,0.998,-0.025,0.062,-0.009,0.025,0.238,-0.086,0.0,0.0,-0.028,-0.092,-0.074,1.072,0.999,-0.028,0.003,-0.028,0.016,0.202,-0.126,0.0,0.2,-0.1,-0.12630812917921339,-0.16222111487407417,1.0782828075066533,0.9994087065519405,-0.032136035950771816,0.007526059060371523,-0.009636954735184597,0.06354937350886711,0.328682756113439,-0.11561884604154253,0.0,0.0,0.0014727967464493769,-0.1334887363961665,-0.24090627895012645,1.1332340133026895,0.9995133874947192,-0.028245514708636545,0.010058968998896394,-0.008602107901826824,0.020175737980677476,0.014077621194920856,-0.03826156147719305,0.0,0.0,0.004165984775266106,0.0,0.0,1.0,1.0,0.0,0.0,0.0,24.259506818837437,0.10175181415181211,0.08,100.0,100.0,0.5,55.0,0.08,-1.3949861996978685,1.7580645915145854,0.0443,0.0023,0.0086,0.0108
222,1763350641.772803,0.007710435810462492,0.03544250395546603,0.4082093480852149,-0.002755461223999568,0.02334228625956146,0.0027183747661435713,0.12841449729815047,-0.0023595932724823497,-0.135,-0.22,1.104,0.998,-0.025,0.062,-0.009,0.025,0.238,-0.086,0.0,0.0,-0.028,-0.09,-0.056,1.06,0.999,-0.017,0.002,-0.028,0.022,0.243,-0.162,0.5,0.5,-0.0,-0.12601339120746702,-0.1642621307202141,1.0858287242505336,0.9995065833059461,-0.02823788550506181,0.010080366098489781,-0.009359378697185516,0.06077896980279776,0.2949241252290657,-0.05561214442231399,0.0,0.0,0.0016093158234629435,-0.13232898023749332,-0.2293085301082009,1.1269904555805041,0.9995271590124553,-0.02718586979507137,0.011694113051179672,-0.008344734862265809,0.03236820657908591,0.07433973817872556,-0.07415508591413185,0.0,0.0,0.004179312784286218,0.0,0.0,1.0,1.0,0.0,0.0,0.0,24.258344930748606,0.10173924501539716,0.08,100.0,100.0,0.5,55.0,0.08,-1.3865607569322895,1.7588741519913338,0.014,0.0105,0.0753,0.0194
223,1763350641.795451,0.005087058341479638,0.042643253971920536,0.3950627011974466,-0.0030721702613631095,-0.01022547391599084,0.04929468906557224,0.08734527109311369,-0.002616843145817548,-0.141,-0.204,1.108,0.998,-0.023,0.064,-0.009,-0.032,0.234,-0.017,0.0,0.0,-0.017,-0.085,-0.026,1.048,1.0,-0.001,0.005,-0.03,0.028,0.264,-0.08,0.3,0.5,-0.1,-0.14406797702846405,-0.1532437037599726,1.1134017378644079,0.9995241510055203,-0.0271817400248818,0.011703709061151667,-0.008697572082239086,-0.005178932335684715,0.2470187509663566,0.056757486872998926,0.0,0.0,0.002890384116657671,-0.1338557816816409,-0.21617357957141953,1.1228213179116766,0.9998857137436997,-0.00982535951317164,0.008054225713586214,-0.008194584177594888,0.03421801868442919,0.1170312890368937,-0.03280837973506397,0.0,0.0,0.00398235937674457,0.0,0.0,1.0,1.0,0.0,0.0,0.0,24.261039802668385,0.10175058957538193,0.08,100.0,100.0,0.5,55.0,0.08,-1.3806612598003312,1.7623932611184514,0.0019,0.0018,0.0094,0.0082
224,1763350641.8218827,0.025324554132959122,0.04399783303326825,0.41483939686646615,-0.0028731031908722647,0.10309512583545227,0.022764115546208715,0.24703199129414044,-0.00015672849555693974,-0.14,-0.175,1.096,0.998,-0.02,0.064,-0.011,-0.008,0.457,-0.149,0.0,0.0,-0.04,-0.084,-0.021,1.047,1.0,-0.003,-0.001,-0.028,0.049,0.255,-0.061,-0.0,-0.2,0.1,-0.13951964567809977,-0.0846760209355754,1.070879344723168,0.9998754912693302,-0.009815972043680832,0.008065663906098629,-0.00935915153778565,0.010031486295923524,0.43232524727684213,-0.1219130758334881,0.0,0.0,0.001463396649624864,-0.13408209180285663,-0.19140179660094378,1.113392721533491,0.9999499109143042,0.0029708192584008398,0.005116642180590372,-0.008072785653339088,0.03497486322843484,0.1679116050859575,-0.03119149649224113,0.0,0.0,0.004017537276110715,0.0,0.0,1.0,1.0,0.0,0.0,0.0,24.24513121229507,0.10164720277462187,0.08,100.0,100.0,0.5,55.0,0.08,-1.3665450125549476,1.7642847757715447,0.0019,0.0017,0.0091,0.0124
225,1763350641.8637414,0.05884825015409279,0.03578410541841269,0.4146850776614526,-0.0025439160652028837,0.17711518790552802,-0.024569450686802205,0.15479317779985693,0.0005685219317698065,-0.124,-0.055,1.082,0.998,-0.004,0.06,-0.018,0.065,0.635,-0.12,0.0,0.0,-0.059,-0.081,-0.006,1.044,1.0,0.002,-0.007,-0.029,0.056,0.244,-0.048,0.1,-0.4,-0.0,-0.1094378697511581,0.06827779375386125,1.0599480191767316,0.9999334060407759,0.0029802073096522295,0.005111179772007373,-0.009908465543289145,0.08158014570836729,0.5874609189946373,-0.0866555016838649,0.0,0.0,-0.00021755268859081803,-0.1299392432416511,-0.1509909344986604,1.105037552286286,0.9999198334452164,0.008869749394231696,0.003559717635932005,-0.008305578783357453,0.04404699631627269,0.2312866643747486,-0.03397784138811299,0.0,0.0,0.004237954496537863,0.0,0.0,1.0,1.0,0.0,0.0,0.0,24.234674546099832,0.10156246014005361,0.08,100.0,100.0,0.5,55.0,0.08,-1.346680997358688,1.7623818220329153,0.0021,0.0019,0.0111,0.0071
226,1763350641.9483058,0.06911324429882515,0.026511950663068447,0.4246223916590984,-0.002451277699294297,0.07339306453144656,-0.032941734244816466,0.2051934741112738,-0.0004907766949081488,-0.115,-0.024,1.069,0.998,-0.001,0.056,-0.02,0.115,0.641,-0.197,0.0,0.0,-0.067,-0.079,0.01,1.04,1.0,0.011,-0.0,-0.029,0.041,0.24,-0.053,0.4,0.3,0.0,-0.09026896443136957,0.09869492094926799,1.0315407339178162,0.9998998704252727,0.008877312784074694,0.0035408137055969067,-0.010435759654134777,0.1321106064863597,0.5685903117747304,-0.15195517362653446,0.0,0.0,-0.0013030421885522067,-0.12314763236118315,-0.10977758397955684,1.0932276060106592,0.9998882105877723,0.010965862770995486,0.005261598671843843,-0.008696652268935337,0.059181642423626335,0.28283405228272795,-0.06761944835558761,0.0,0.0,0.004612913619972222,0.0,0.0,1.0,1.0,0.0,0.0,0.0,24.21702177381217,0.1014326114255002,0.08,100.0,100.0,0.5,55.0,0.08,-1.3293942527286107,1.7586356964352583,0.0027,0.0036,0.0179,0.0162
227,1763350642.013493,0.08938795757091625,0.027571007714509904,0.3978263136138018,-0.003142964691362174,0.12729103297251487,0.015237266755857948,0.025253006645679085,-0.004377664097574745,-0.11,0.041,1.067,0.998,0.006,0.057,-0.025,0.081,0.751,0.024,0.0,0.0,-0.105,-0.075,0.024,1.04,0.999,0.02,-0.009,-0.029,0.06,0.212,0.011,0.2,-0.2,0.0,-0.09201682631790224,0.18258218851354152,1.0797636727078905,0.9998509928008343,0.01098449115444493,0.005222597148332877,-0.012249801153079958,0.09386716532643492,0.6422148188957149,0.11485748357057948,0.0,0.0,-0.004745368293783487,-0.11765430514795414,-0.06096603290698905,1.0905949029232533,0.9997658336873116,0.01865721376771138,0.005962020593724059,-0.009200025890219184,0.0690017796607046,0.33743646613548794,-0.030907555092391195,0.0,0.0,0.004303240631117455,0.0,0.0,1.0,1.0,0.0,0.0,0.0,24.226820280636055,0.10147246184493354,0.08,100.0,100.0,0.5,55.0,0.08,-1.309760727823262,1.7569836550088067,0.0049,0.0037,0.0148,0.0149
228,1763350642.0767996,0.09764704463518634,0.02537970970277818,0.4176054214788056,-0.003473772380138135,0.07481591941044405,-0.0006173621657173953,0.24808040693019465,-0.002832650203140623,-0.103,0.083,1.054,0.998,0.012,0.054,-0.028,0.109,0.798,-0.117,0.0,0.0,-0.107,-0.072,0.035,1.041,0.999,0.029,-0.011,-0.029,0.061,0.19,0.016,0.4,-0.0,0.1,-0.08022611583597769,0.2299138488309584,1.0380995026563853,0.9997258140905109,0.01867874978165215,0.00589420238272309,-0.012831965006625947,0.11268975910230437,0.653575413702462,-0.06401205442355902,0.0,0.0,-0.004176236788915767,-0.11061718315588061,-0.009405129361025475,1.0817796129372612,0.9994277440684332,0.032164883383277026,0.003578523722535203,-0.009838639702205413,0.08003894549187959,0.37909259092448105,-0.024516920751705907,0.0,0.0,0.003806736558473864,0.0,0.0,1.0,1.0,0.0,0.0,0.0,24.213623375025108,0.10136656163337099,0.08,100.0,100.0,0.5,55.0,0.08,-1.290406625523796,1.754087173712814,0.002,0.0073,0.0171,0.008
229,1763350642.1300077,0.07953776649296233,0.025839764864998623,0.43069212244100874,-0.003660577182533265,-0.05392874897292515,0.01181766694964404,0.2220355378655674,-0.002236688654527451,-0.1,0.102,1.042,0.998,0.017,0.051,-0.029,0.104,0.669,-0.226,0.0,0.0,-0.077,-0.069,0.043,1.044,0.999,0.039,-0.006,-0.031,0.039,0.126,0.055,0.3,0.4,-0.1,-0.079299703765679,0.2193900123107798,1.0033895691699843,0.9994000617170578,0.032173718552986404,0.0034981980455336937,-0.01233414305287219,0.09886692381732043,0.488749749031268,-0.16483992458848054,0.0,0.0,-0.0010454846417384711,-0.10382464385904087,0.035207360440659086,1.0678002414026613,0.9991363626375894,0.04023255351533296,-0.00016563484748194476,-0.010384751227668711,0.08490723423166438,0.3824051124726766,-0.019576424769621924,0.0,0.0,0.0036793646003844037,0.0,0.0,1.0,1.0,0.0,0.0,0.0,24.181920591701417,0.10117954949065693,0.08,100.0,100.0,0.5,55.0,0.08,-1.277462255797856,1.7519184241889427,0.002,0.0018,0.0087,0.0096
230,1763350642.2364178,0.057238152865968,0.01908486716507786,0.43572910273422955,-0.003420372541582764,-0.08167140570011078,-0.024084576675229327,0.18669444738148233,-0.00017169323869747118,-0.086,0.129,1.024,0.998,0.02,0.047,-0.032,0.161,0.549,-0.257,0.0,0.0,-0.077,-0.066,0.047,1.047,0.998,0.047,-0.011,-0.029,0.039,0.045,0.102,-0.3,-0.4,0.0,-0.05465878186412525,0.21958803342240044,0.9750000434672537,0.9991080511481956,0.04023202963348551,-0.00026379696202794603,-0.012822493267221274,0.14991911362013868,0.34469024774858004,-0.18889135441533608,0.0,0.0,-0.0006099865270875861,-0.09396166400454886,0.07357724316767637,1.0530651293139888,0.9986840648634142,0.05008456743093622,-0.0011455794876036264,-0.01097097720267153,0.09469257921205973,0.36114246763767166,-0.0665771875891567,0.0,0.0,0.004444257834081701,0.0,0.0,1.0,1.0,0.0,0.0,0.0,24.152258462744452,0.10100847203023043,0.08,100.0,100.0,0.5,55.0,0.08,-1.2693046608189316,1.7476711432055425,0.002,0.008,0.0411,0.0102
231,1763350642.2604825,0.05590024227253072,0.021448873394102425,0.4265426037917591,-0.003647468108467406,0.014774754357551517,0.018976856332027014,0.11746591881298399,-0.002418117537516746,-0.078,0.2,1.012,0.998,0.031,0.042,-0.037,0.123,0.571,-0.215,0.0,0.0,-0.08,-0.064,0.046,1.055,0.998,0.042,-0.018,-0.03,0.036,-0.02,0.128,-0.2,-0.0,0.1,-0.05471378326474531,0.29242689626235546,0.9801743477310574,0.9986530665623844,0.05008150453422338,-0.0012724585238743332,-0.0135009776845827,0.10726317983664463,0.3574449455878686,-0.08204570262810033,0.0,0.0,-0.0010538098995547759,-0.08563609860355305,0.11509100586940221,1.03884028120534,0.9983164418775734,0.05674124287939552,-0.0025490428219216233,-0.011756513687958917,0.09620455511568657,0.33585155425773244,-0.06495764107984606,0.0,0.0,0.005019445614598168,0.0,0.0,1.0,1.0,0.0,0.0,0.0,24.12817535464691,0.10085411931618482,0.08,100.0,100.0,0.5,55.0,0.08,-1.259046196140565,1.745196167960961,0.0019,0.0017,0.0083,0.0074
232,1763350642.344372,0.03335589731536448,0.02015349501687115,0.4134017217515496,-0.0035894529676228776,-0.09175913393363219,0.0015664356366320194,0.0942490662208621,-0.0010777248364526365,-0.071,0.208,1.011,0.998,0.035,0.041,-0.037,0.136,0.369,-0.116,0.0,0.0,-0.044,-0.063,0.04,1.066,0.998,0.049,-0.008,-0.032,0.009,-0.108,0.201,0.2,0.4,-0.1,-0.04554216056870893,0.26041198348630945,1.0019433298270985,0.9983014545158051,0.05673811070845842,-0.0026178342272305676,-0.012966867348032894,0.11627695471579796,0.16855826487025694,0.021143582184422142,0.0,0.0,0.0021628485296145542,-0.07683491590658978,0.14499017986214902,1.0297633262553045,0.9985123138397366,0.053039830277046715,-0.0028676492662935422,-0.01231714667782834,0.09792933283889385,0.280257006456026,-0.0332476215950806,0.0,0.0,0.005602329168245942,0.0,0.0,1.0,1.0,0.0,0.0,0.0,24.114545706865464,0.10076498432748732,0.08,100.0,100.0,0.5,55.0,0.08,-1.254865240174446,1.742888088077938,0.0021,0.0021,0.0182,0.0092
233,1763350642.4050345,0.029018065407595536,0.020205466158824806,0.4163280666663365,-0.0036190053928244785,-0.009180698045583066,0.007817416341094991,0.16965737023076538,-0.0014938069888665838,-0.071,0.208,1.011,0.998,0.035,0.041,-0.037,0.136,0.369,-0.116,0.0,0.0,-0.044,-0.062,0.03,1.083,0.998,0.043,-0.013,-0.031,-0.001,-0.158,0.263,-0.0,0.2,-0.1,-0.04596717971549818,0.2629322834931679,1.0005725243354333,0.9984965792794173,0.05303629995368288,-0.002932216798835518,-0.013532707015602904,0.11338166612541682,0.1953349785208472,-0.01232416340637318,0.0,0.0,0.0021298248125841837,-0.06861893693007315,0.1715015382655483,1.0218406722224573,0.9988738449728337,0.04539333419614395,-0.005141157810378038,-0.012808416612270524,0.0973996857219714,0.2382710862219946,-0.00033845762843009303,0.0,0.0,0.005544072018856615,0.0,0.0,1.0,1.0,0.0,0.0,0.0,24.095566086149987,0.10065845859872806,0.08,100.0,100.0,0.5,55.0,0.08,-1.249224973977575,1.7406214883889968,0.0021,0.0018,0.0095,0.0171
234,1763350642.509136,-0.007909205551201698,0.031743279568328474,0.37745454986118165,-0.0037325311606256698,-0.17375458026613788,0.06526611685707766,-0.038244559025898,-0.0019247558613151388,-0.067,0.188,1.053,0.998,0.034,0.043,-0.036,0.03,0.035,0.215,0.0,0.0,-0.009,-0.062,0.02,1.097,0.999,0.04,-0.013,-0.031,-0.024,-0.292,0.36,0.3,1.5,-0.3,-0.06335441821832234,0.1788337300580164,1.1031783209228294,0.9988748263211256,0.045393729148419215,-0.005137669420464787,-0.012731655385974415,0.006285286702107647,-0.11267976029408548,0.280777196602985,0.0,0.0,0.0051179701115763475,-0.06527285642061344,0.17938656372798573,1.033123331431301,0.9990274911942275,0.041706423569048474,-0.005172776421294869,-0.013337483096225672,0.08050940126597131,0.15954113223883892,0.061005149320334434,0.0,0.0,0.005989305498046962,0.0,0.0,1.0,1.0,0.0,0.0,0.0,24.120984421162806,0.100766119092211,0.08,100.0,100.0,0.5,55.0,0.08,-1.253877296025194,1.7435283976601412,0.0289,0.02,0.0117,0.0068
235,1763350642.5310876,-0.01720475729536062,0.03565757276725076,0.3834266333230322,-0.0037675006307609123,-0.04944371080249525,0.03147519583273461,0.171405873507196,-0.0015745465359108394,-0.067,0.188,1.053,0.998,0.034,0.043,-0.036,0.03,0.035,0.215,0.0,0.0,-0.009,-0.063,0.002,1.118,0.999,0.043,-0.009,-0.029,-0.013,-0.272,0.276,0.5,0.7,0.1,-0.06331369916841674,0.18178846157545323,1.0984061810395558,0.9990284892497114,0.041706811625932705,-0.005169646682758029,-0.013262514264407282,0.009240098965536691,-0.07917368812320377,0.19809744339850133,0.0,0.0,0.005244687119404983,-0.062495846783497254,0.1850444513732752,1.0449250768726739,0.9993356326497608,0.03322064173252708,-0.005665698656810906,-0.013877396661893875,0.06599303805693109,0.10090875178893671,0.09477214946173318,0.0,0.0,0.0060775374408617725,0.0,0.0,1.0,1.0,0.0,0.0,0.0,24.140334794487575,0.10079813415108003,0.08,100.0,100.0,0.5,55.0,0.08,-1.2562556593150604,1.745510484612016,0.002,0.0018,0.0091,0.0081
236,1763350642.6023135,-0.059267732412569656,0.039085831979153204,0.37895048220648986,-0.003961074535619481,-0.2167666595718054,0.030512885847231254,0.12140423191342545,-0.002380682260828189,-0.069,0.138,1.097,0.998,0.028,0.045,-0.034,0.002,-0.298,0.249,0.0,0.0,0.019,-0.065,-0.023,1.145,0.999,0.038,-0.018,-0.031,-0.026,-0.339,0.374,-0.2,-0.5,-0.1,-0.07053074284819996,0.06837789992978151,1.1442323717778724,0.9993504031695896,0.03322690236796454,-0.005628866441874518,-0.012769514727983374,-0.011858377417973402,-0.3777115410662417,0.19100707313866844,0.0,0.0,0.007675474069651304,-0.061543282009215224,0.17117501315631078,1.0611159668524,0.9994440947517588,0.029565380025811203,-0.00582639105638309,-0.014263342421219748,0.04912766747599368,0.007879500687030729,0.1381836188573771,0.0,0.0,0.006297732021605551,0.0,0.0,1.0,1.0,0.0,0.0,0.0,24.16159583988666,0.10077968215404048,0.08,100.0,100.0,0.5,55.0,0.08,-1.2709221562313577,1.7476030333237476,0.0021,0.0018,0.012,0.0119
237,1763350642.6667883,-0.07597491968270216,0.03961622719500821,0.37617773344270666,-0.003984113171239003,-0.10576133600537618,0.01730916307145748,0.12824268700851776,-0.0016005961289549098,-0.069,0.119,1.116,0.998,0.027,0.045,-0.033,-0.002,-0.34,0.315,0.0,0.0,0.022,-0.067,-0.046,1.167,0.999,0.023,-0.008,-0.03,-0.043,-0.339,0.292,-0.4,0.4,0.0,-0.07030082324221403,0.04501124110251068,1.166213956385701,0.9994608746369085,0.029572520570019883,-0.005790039373638798,-0.013034628541438772,-0.0056833057350099995,-0.3786488285991717,0.1968012642573546,0.0,0.0,0.008180948057372076,-0.06121424823588068,0.15315535589668428,1.082215135992453,0.9997495137035113,0.016683430105823863,-0.002138244759747882,-0.014764854176186339,0.03714795688098824,-0.065004228205568,0.12235838971355964,0.0,0.0,0.006536872006645475,0.0,0.0,1.0,1.0,0.0,0.0,0.0,24.194648041826515,0.10064175524367486,0.08,100.0,100.0,0.5,55.0,0.08,-1.2841877760414762,1.7489911563422424,0.0022,0.0017,0.0124,0.0091
238,1763350642.7402642,-0.11355803990104663,0.04529928771787114,0.37113444282880115,-0.0037783875891615327,-0.21640619597273567,0.04327138781244266,0.11585019697148723,-0.0004654145288272766,-0.077,0.061,1.139,0.998,0.022,0.048,-0.029,-0.061,-0.62,0.336,0.0,0.0,0.067,-0.07,-0.071,1.183,0.999,0.01,-0.014,-0.029,-0.039,-0.379,0.247,-0.3,-0.3,0.0,-0.08909635604648576,-0.06512187376826917,1.1959386850178915,0.9997880009317502,0.016689538521254533,-0.0020900322236894484,-0.011876205713360559,-0.05603092830457777,-0.6169920228598694,0.22686608367027822,0.0,0.0,0.01204372336718807,-0.06425836326409898,0.1188090930741133,1.1037007986245424,0.9998273404348776,0.010490661069492776,7.192802519641582e-05,-0.015337215379710455,0.021538827187794825,-0.1590918395583175,0.13078136474291066,0.0,0.0,0.006879973115800052,0.0,0.0,1.0,1.0,0.0,0.0,0.0,24.231301694276002,0.10041984948539665,0.08,100.0,100.0,0.5,55.0,0.08,-1.3078634930441853,1.7514024560970467,0.002,0.0041,0.0137,0.0126
239,1763350642.8260736,-0.1550204437079759,0.0574771790059465,0.36517731181869395,-0.0034971993351660333,-0.24989628399753888,0.07787668933457849,0.10938976101026443,-1.0954075958077803e-05,-0.096,-0.052,1.179,0.998,0.01,0.054,-0.021,-0.148,-1.03,0.384,0.0,0.0,0.14,-0.073,-0.096,1.195,0.999,0.0,-0.013,-0.029,-0.041,-0.368,0.167,-0.3,-0.4,0.0,-0.12477109646455545,-0.25575991047761104,1.2434046469293842,0.9998972709677515,0.010490097531304738,0.00013037292469762388,-0.009766696879055462,-0.1363058580238346,-0.9817392600784179,0.25335728757019804,0.0,0.0,0.017952418519749814,-0.07247235524948283,0.059236208638242284,1.1289451942628452,0.9998566585993789,-0.004401680123098018,0.002114577844814845,-0.016211601620975263,-0.002251429534994659,-0.2893878560117146,0.13779155549374394,0.0,0.0,0.00760479916851363,0.0,0.0,1.0,1.0,0.0,0.0,0.0,24.277023168860847,0.10007277547630385,0.08,100.0,100.0,0.5,55.0,0.08,-1.348023223127838,1.7547961584942018,0.0053,0.0038,0.0253,0.0153
240,1763350642.8734372,-0.18804167525456328,0.06155007923241143,0.35055345100088814,-0.0036596039700378157,-0.22323882412342785,0.0419184432595546,0.06382218784298098,-0.0021234729250461746,-0.101,-0.084,1.201,0.998,0.005,0.058,-0.02,-0.15,-1.01,0.527,0.0,0.0,0.099,-0.076,-0.121,1.202,1.0,-0.006,-0.01,-0.028,-0.04,-0.368,0.067,-0.0,0.1,-0.0,-0.12948349186561323,-0.279136307519106,1.292059920525292,0.9999141453616683,-0.004410213216402954,0.002096722860495083,-0.012159592027556152,-0.12944294094730163,-0.9122767114684539,0.3719782091952162,0.0,0.0,0.014116617964532865,-0.08099298872542868,-5.05125669302553e-05,1.1602983223824672,0.9997345756061577,-0.015047357531900197,0.0032730269799741392,-0.017136004880687384,-0.021154358750622174,-0.3855316444187402,0.1607622792605192,0.0,0.0,0.0077234875012440005,0.0,0.0,1.0,1.0,0.0,0.0,0.0,24.338149670753428,0.09942580933011552,0.08,100.0,100.0,0.5,55.0,0.08,-1.3826021276785745,1.7570946165688517,0.0031,0.003,0.0132,0.0127
241,1763350642.9419444,-0.1954657939943888,0.06517696075106895,0.3608534664225969,-0.003644354555292774,-0.10763622191958902,0.04121568730544182,0.18295762123387632,-0.0012961044150389706,-0.115,-0.153,1.229,0.998,-0.003,0.063,-0.016,-0.177,-0.994,0.462,0.0,0.0,0.099,-0.079,-0.144,1.203,0.999,-0.027,-0.007,-0.028,-0.048,-0.353,-0.002,-0.6,0.0,0.0,-0.14786921796363237,-0.33973476050319973,1.304055522961996,0.9997955340076268,-0.015060430204902683,0.003212338143428728,-0.013105514263084012,-0.14499325240847613,-0.843002372188941,0.2640065121590412,0.0,0.0,0.014180767330330198,-0.09146838198132048,-0.06144968036379771,1.1890180891714728,0.9993081435645617,-0.03200491827082676,0.005955756160498384,-0.017984670711018166,-0.03924407171222169,-0.45369896147811306,0.16432064362395168,0.0,0.0,0.007539656545422919,0.0,0.0,1.0,1.0,0.0,0.0,0.0,24.38747340980717,0.09879524881525241,0.08,100.0,100.0,0.5,55.0,0.08,-1.413815412852657,1.7596035602247309,0.002,0.002,0.0173,0.0122
242,1763350643.0042078,-0.19999586509645856,0.0868568486502457,0.36212090272316655,-0.003326923052062297,-0.09595002825824461,0.1328407997775346,0.14165723141132194,0.0002205245579175912,-0.14,-0.23,1.253,0.998,-0.012,0.069,-0.01,-0.351,-1.316,0.491,0.0,0.0,0.158,-0.081,-0.164,1.197,0.999,-0.04,0.002,-0.027,-0.045,-0.293,-0.111,-0.6,0.2,0.0,-0.20631155626054778,-0.47523485814679606,1.3301042402221446,0.9994002968212935,-0.0320411581297913,0.00575760459456223,-0.011800885074643953,-0.30629704080352604,-1.1091198161913975,0.2776447114025973,0.0,0.0,0.019124848399948078,-0.11079635976998367,-0.13925654208870755,1.218749676422488,0.9983102695279727,-0.05353830002646963,0.01146260997716746,-0.01946444856073807,-0.07563549657682671,-0.5445303210352228,0.16227099243277848,0.0,0.0,0.007459511615527959,0.0,0.0,1.0,1.0,0.0,0.0,0.0,24.441465175357592,0.09800845928585933,0.08,100.0,100.0,0.5,55.0,0.08,-1.459467309642413,1.765501415579091,0.0021,0.0026,0.0138,0.0111
243,1763350643.084868,-0.19999268100253303,0.07968763807755122,0.3967487100866459,-0.005928805699923104,-0.0749825289415444,-0.003274734619630286,0.3089343753385844,-0.014257009383827401,-0.152,-0.328,1.241,0.997,-0.025,0.072,-0.003,-0.248,-1.259,0.174,0.0,0.0,0.149,-0.084,-0.181,1.183,0.998,-0.048,0.001,-0.028,-0.027,-0.268,-0.244,-0.2,-0.6,0.0,-0.19624908638005653,-0.5563608511853773,1.2529961439392274,0.9984072253723404,-0.05360458042618481,0.011148540467057684,-0.013611441036564954,-0.18730846054408012,-1.0070441431698953,-0.038167506292999344,0.0,0.0,0.01802761600490123,-0.12594606286978666,-0.2181752922162604,1.23182311928625,0.9968929854484608,-0.07438740566347532,0.01564411632522231,-0.020643426719304046,-0.08829057697418743,-0.5997675090270134,0.09133716510653711,0.0,0.0,0.0076290984072654305,0.0,0.0,1.0,1.0,0.0,0.0,0.0,24.456896167655206,0.09780328890192694,0.08,100.0,100.0,0.5,55.0,0.08,-1.499306990095259,1.7662650317097646,0.002,0.0021,0.0229,0.0135
244,1763350643.140249,-0.1999996377384397,0.07513724609537101,0.3907577790569229,-0.006452007823355854,-0.07503203905548315,0.007130904368180729,0.11882611113387709,-0.004839312754634915,-0.152,-0.328,1.241,0.997,-0.025,0.072,-0.003,-0.248,-1.259,0.174,0.0,0.0,0.149,-0.085,-0.194,1.163,0.998,-0.06,0.008,-0.027,-0.011,-0.182,-0.338,-0.5,-0.1,0.1,-0.19440222969681273,-0.5515802463997503,1.258292261301352,0.9969974574744038,-0.07447843891677855,0.01520482270397175,-0.014759583077949001,-0.1670409447506433,-0.9641678605984495,0.04503847629049038,0.0,0.0,0.02095910599018143,-0.1402893713338509,-0.29263256929170123,1.2422496379655223,0.9957672387108467,-0.0871492377802972,0.019234144667837346,-0.021969623196256605,-0.09422033512742777,-0.6279436917240293,0.047624788020379595,0.0,0.0,0.007659293770997327,0.0,0.0,1.0,1.0,0.0,0.0,0.0,24.476051915617244,0.09749935842330919,0.08,100.0,100.0,0.5,55.0,0.08,-1.536464810769611,1.766499490010985,0.0021,0.0023,0.0162,0.0083
245,1763350643.2016468,-0.17119124544953818,0.05742505985551484,0.42332657652062267,-0.0071588853934268,0.06904209729259275,-0.06038446391351676,0.309378154464845,-0.005953890784113172,-0.168,-0.44,1.204,0.996,-0.041,0.079,0.001,-0.135,-0.864,-0.182,0.0,0.0,0.078,-0.085,-0.202,1.138,0.998,-0.062,0.014,-0.029,-0.01,-0.104,-0.404,-0.1,0.8,-0.1,-0.1855818149794497,-0.5812146337367262,1.1562310783529424,0.9958364097018598,-0.08721436441836874,0.018936647166012708,-0.018571568197642094,-0.03784766361275509,-0.5444474856316073,-0.2619726325309597,0.0,0.0,0.01645618065586949,-0.1502327168447013,-0.3536602873745277,1.2329865365467447,0.9953053361836072,-0.09037869931830408,0.026960118322160134,-0.021728564011998144,-0.07683818438044228,-0.5843279120922258,-0.04233345291225038,0.0,0.0,0.00697663095781969,0.0,0.0,1.0,1.0,0.0,0.0,0.0,24.455470104955282,0.09780535968606391,0.08,100.0,100.0,0.5,55.0,0.08,-1.5532980064254385,1.7660174709401513,0.0031,0.0027,0.0126,0.0087
246,1763350643.2710545,-0.1366084855583498,0.04364383484199914,0.4301587311403042,-0.007393160340138286,0.10871708241236487,-0.047371727621760354,0.1929082392936414,-0.003855956756092472,-0.169,-0.469,1.173,0.996,-0.046,0.079,0.003,-0.076,-0.652,-0.325,0.0,0.0,0.062,-0.084,-0.205,1.112,0.997,-0.065,0.007,-0.027,0.025,-0.022,-0.404,-0.0,-0.3,-0.0,-0.17358246076854628,-0.5655748016149066,1.1073228561118855,0.9953660878416192,-0.09045923683723288,0.026688644424899266,-0.018740168207806,0.025372953378231672,-0.3173759780384388,-0.297107419617543,0.0,0.0,0.01651480685078911,-0.1567364110002582,-0.40259504270972357,1.2133815415636484,0.9953078944262874,-0.09040144746032669,0.026851583372669994,-0.02165100598514177,-0.046562576689943874,-0.5025829803729437,-0.08567539228516581,0.0,0.0,0.009694832286739712,0.0,0.0,1.0,1.0,0.0,0.0,0.0,24.41995126028882,0.09818842356124803,0.08,100.0,100.0,0.5,55.0,0.08,-1.5621470146008374,1.7653691623073464,0.0028,0.0018,0.0125,0.0103
247,1763350643.336093,-0.0763938374454343,0.018275075779687545,0.454536934313282,-0.00844744955858188,0.24984505848019628,-0.11047735724580837,0.28320054004250356,-0.008043881219769825,-0.154,-0.458,1.129,0.996,-0.046,0.073,0.001,0.107,-0.219,-0.594,0.0,0.0,-0.022,-0.08,-0.201,1.088,0.997,-0.066,0.004,-0.027,0.042,0.081,-0.353,0.1,0.1,-0.0,-0.12269986306165039,-0.4686318545790521,1.0131560891947033,0.9953071518611395,-0.0904005272025979,0.026854681417473814,-0.021685115206636987,0.19615101443715707,0.09964893047819545,-0.5125114007599301,0.0,0.0,0.009981921531318669,-0.15326813333737807,-0.42684521346210913,1.1799707797436338,0.9956459175886764,-0.08727235956519165,0.024930092789221744,-0.02124223430921359,0.004311714038600756,-0.36951436680862093,-0.17785934440363158,0.0,0.0,0.010633712790251241,0.0,0.0,1.0,1.0,0.0,0.0,0.0,24.36124719047714,0.09854606564308842,0.08,100.0,100.0,0.5,55.0,0.08,-1.5538094430345462,1.7610846973771206,0.002,0.0106,0.0102,0.0054
248,1763350643.412006,-0.0640373989090296,0.03106480187426691,0.42320957752936866,-0.008501782533926892,0.0331345036399856,0.07080178389027963,0.013814566447914057,-0.003439458461193267,-0.161,-0.469,1.123,0.996,-0.048,0.076,0.002,-0.042,-0.255,-0.37,0.0,0.0,0.017,-0.076,-0.191,1.068,0.998,-0.058,0.003,-0.026,0.074,0.16,-0.287,0.4,-0.1,0.0,-0.16135022220858775,-0.4889090985153256,1.0638732105754047,0.9956758012062823,-0.08730857815412607,0.024802952470626617,-0.01979203429848824,0.02123856818725222,0.025021796717132665,-0.1795908380038584,0.0,0.0,0.014648708154522273,-0.15586503210059174,-0.4491858888633307,1.1556648219025665,0.9965434881515134,-0.07826573796000445,0.018625738102284854,-0.020703438471315293,0.02370144786407738,-0.2598380883218774,-0.17155984021544174,0.0,0.0,0.01197016518724714,0.0,0.0,1.0,1.0,0.0,0.0,0.0,24.331601490962445,0.09853529262459247,0.08,100.0,100.0,0.5,55.0,0.08,-1.5535722973478123,1.763406460316559,0.0021,0.0019,0.0216,0.0118
249,1763350643.481201,-0.03436848593255893,0.02481393107703561,0.422160328551198,-0.008252306494651848,0.1243305402914672,-0.019605053283306407,0.15345734668266,-0.001940788253847376,-0.143,-0.443,1.094,0.996,-0.047,0.071,0.0,0.086,0.019,-0.358,0.0,0.0,-0.011,-0.071,-0.176,1.054,0.999,-0.041,-0.003,-0.026,0.089,0.242,-0.197,0.8,-0.2,0.1,-0.12085687350301605,-0.41383351135429475,1.0410423117139043,0.9965534485708109,-0.07827479575377146,0.01858763589013801,-0.020218315541741843,0.11972954344365296,0.23185161933873202,-0.17893219938740124,0.0,0.0,0.01273364133383641,-0.15101634487280238,-0.45389775402424215,1.1316984285059313,0.997656401801151,-0.06418207466124559,0.012021481841482388,-0.020441360319055323,0.051349326909571516,-0.13797263377098234,-0.15887970552947583,0.0,0.0,0.012559705278930574,0.0,0.0,1.0,1.0,0.0,0.0,0.0,24.30371507171597,0.09837595195259842,0.08,100.0,100.0,0.5,55.0,0.08,-1.5452613753130116,1.7619119759397452,0.0021,0.0068,0.0134,0.0175
250,1763350643.5505917,0.017690670537821425,0.01850559426798062,0.41039863529197074,-0.008508229311881905,0.2474076001271922,-0.02223645989138661,0.09950165691056297,-0.004374229021644733,-0.128,-0.386,1.086,0.997,-0.04,0.067,-0.005,0.157,0.473,-0.245,0.0,0.0,-0.084,-0.065,-0.158,1.049,0.999,-0.035,-0.001,-0.025,0.084,0.303,-0.096,0.4,0.6,0.1,-0.0945687718681903,-0.27333560183211364,1.0570348284791324,0.9976104716872077,-0.06415625495855735,0.012158523067353882,-0.022571930500961727,0.16909971995716372,0.6163344533338462,-0.0794587516013996,0.0,0.0,0.006493266841480014,-0.14169460334840797,-0.4320727163626137,1.1135388169721838,0.9989303605240608,-0.04148942453922591,0.0014092427437743288,-0.020366062691710273,0.07495912156443148,0.013709189672183208,-0.09173125444245711,0.0,0.0,0.013651347859044864,0.0,0.0,1.0,1.0,0.0,0.0,0.0,24.28793379909105,0.09818086984927683,0.08,100.0,100.0,0.5,55.0,0.08,-1.522501797767841,1.7588996524055045,0.0187,0.0042,0.0095,0.008
251,1763350643.6827593,0.0625251185190105,0.013958786595386291,0.4088285789441012,-0.008520968683439238,0.23080624135762848,-0.0157944405124789,0.14604920649514103,-0.003254282849742378,-0.108,-0.309,1.081,0.998,-0.03,0.062,-0.009,0.201,0.702,-0.15,0.0,0.0,-0.083,-0.063,-0.151,1.048,0.999,-0.033,-0.003,-0.028,0.081,0.305,-0.054,0.3,0.1,-0.2,-0.06742686631941802,-0.15783567027619988,1.0603868910687864,0.9988852549970021,-0.04148636470946296,0.0014966151477348764,-0.022469735999050996,0.1993284658872435,0.7754866241238659,-0.06445041505316443,0.0,0.0,0.00676521548361425,-0.1292638478431545,-0.39345156069087944,1.1026638384440732,0.9992972510541263,-0.03147098908372762,0.002027385289057202,-0.02026007380658322,0.09659798475424432,0.15450893786238118,-0.07539706656968355,0.0,0.0,0.014002373249630789,0.0,0.0,1.0,1.0,0.0,0.0,0.0,24.28671766112094,0.0980684956112994,0.08,100.0,100.0,0.5,55.0,0.08,-1.4964439805574625,1.7542146619152488,0.0155,0.0114,0.0629,0.0102
252,1763350643.7131193,0.047785108621489866,0.019361296886086562,0.3944652935754491,-0.008262577963795382,-0.0502531300429743,0.03224709642677122,0.08149429026077792,-0.0019034096580704267,-0.106,-0.3,1.086,0.998,-0.026,0.063,-0.007,0.134,0.497,0.007,0.0,0.0,0.012,-0.051,-0.104,1.048,1.0,-0.007,-0.012,-0.026,0.087,0.343,0.034,0.2,-0.3,0.0,-0.07967785108892873,-0.1956956104785872,1.0953541330848893,0.9993241301453937,-0.0314737434312843,0.001984167190555611,-0.018887812582032516,0.12177117107276718,0.5027598655201367,0.07408637649790054,0.0,0.0,0.014784898788250686,-0.11998539236681226,-0.3627632841626922,1.0998573763251496,0.9996610137573749,-0.016873118597661996,-0.000876994069160907,-0.019808743619155172,0.10361455927606375,0.23213174141166298,-0.032771632775328456,0.0,0.0,0.014307138761906167,0.0,0.0,1.0,1.0,0.0,0.0,0.0,24.297592996694426,0.0981327266801297,0.08,100.0,100.0,0.5,55.0,0.08,-1.4841847200118428,1.752665738585247,0.0022,0.0018,0.0192,0.0058
253,1763350643.818861,0.04400006594111126,0.011908721485360709,0.40181328484456175,-0.007398168134537817,-0.001005797668834324,-0.030002390671346794,0.1846644414363563,0.0012235824098645568,-0.094,-0.274,1.084,0.998,-0.023,0.061,-0.008,0.22,0.58,-0.017,0.0,0.0,-0.011,-0.048,-0.092,1.05,1.0,-0.0,-0.013,-0.026,0.089,0.349,0.046,0.2,-0.5,0.1,-0.05178832782368924,-0.16073935559673777,1.0842405681956635,0.9996716025294246,-0.01687264082231308,-0.0008861385271641261,-0.019266962564043446,0.1974614908481781,0.5185118509979595,0.002534800957015854,0.0,0.0,0.012606352043521434,-0.10660016676691023,-0.32718419219883155,1.0970615264861836,0.9997794554464051,0.004681542939713338,-0.004149579423673711,-0.020047558794026595,0.11888059125510214,0.2899811602522081,-0.018027182337190154,0.0,0.0,0.014670413729339827,0.0,0.0,1.0,1.0,0.0,0.0,0.0,24.30392724248442,0.09813231621342079,0.08,100.0,100.0,0.5,55.0,0.08,-1.4715892038029224,1.7472326999618453,0.005,0.0105,0.0507,0.0383
254,1763350643.8448765,0.06485081835999988,0.015671231781618895,0.38335031711065737,-0.007551886457839003,0.12075378682235981,0.023278322038301193,0.058365143147188894,-0.0035429046669576154,-0.088,-0.228,1.099,0.998,-0.017,0.062,-0.01,0.177,0.798,0.156,0.0,0.0,-0.043,-0.041,-0.059,1.054,0.999,0.017,-0.015,-0.026,0.077,0.344,0.049,0.1,-0.2,0.1,-0.05532394062680003,-0.07746925999877441,1.1312789542898747,0.9997659994179906,0.004678801816419289,-0.004152669894468812,-0.020707741404040556,0.14736031675884753,0.6922408272147371,0.16237137601736487,0.0,0.0,0.00882017491917057,-0.09519775624830541,-0.28021457594849974,1.1033342139957187,0.9994072875459528,0.026684418996699637,-0.0073812240825880315,-0.020458076984226234,0.12263270475605033,0.3495788008841141,0.019261985052755677,0.0,0.0,0.014644727125120554,0.0,0.0,1.0,1.0,0.0,0.0,0.0,24.334009836288757,0.09832235982383876,0.08,100.0,100.0,0.5,55.0,0.08,-1.4536324819958393,1.7434878736643007,0.002,0.0018,0.0093,0.0116
255,1763350643.8682377,0.0891898501718443,0.00837921072048067,0.42387064870909613,-0.007304706881239612,0.146014215944222,-0.03058339338758403,0.3463580269086901,-0.0015960595386926661,-0.071,-0.169,1.077,0.998,-0.009,0.055,-0.014,0.261,0.975,-0.148,0.0,0.0,-0.078,-0.04,-0.052,1.054,0.999,0.024,-0.008,-0.027,0.061,0.297,0.015,0.5,0.3,0.0,-0.02198038852499426,0.01413543872166029,1.0453263586346453,0.999364572121056,0.026669669253354927,-0.007434341131899794,-0.022447968797864076,0.22759095045681255,0.850036655785227,-0.1800474574823552,0.0,0.0,0.005738426765685454,-0.07962808608223285,-0.2237161457236751,1.0950855347986401,0.999231884377438,0.031575126961187985,-0.007096906635744983,-0.022097206092684354,0.13772026979318838,0.41808840062308616,-0.015572515729354013,0.0,0.0,0.014162114784332172,0.0,0.0,1.0,1.0,0.0,0.0,0.0,24.324656856158352,0.09816906328683656,0.08,100.0,100.0,0.5,55.0,0.08,-1.4320906809813263,1.735751400313071,0.0016,0.0015,0.0104,0.0084
256,1763350643.9304879,0.11604161952560837,0.004361013708741819,0.44121549885692807,-0.00783728888472944,0.16770504058326202,-0.016948781038514,0.24567574400507075,-0.005402175097913996,-0.04,-0.017,1.048,0.999,0.012,0.044,-0.024,0.273,1.067,-0.277,0.0,0.0,-0.118,-0.036,-0.032,1.056,0.999,0.029,-0.017,-0.027,0.052,0.239,0.013,0.5,-0.3,0.0,0.01089266224822135,0.18288150739827536,0.9923649813072069,0.999148440034055,0.03155009894942732,-0.007207356151389111,-0.025593750235220057,0.2328179495972566,0.9158496707472735,-0.2473536732084217,0.0,0.0,0.0020316060383940592,-0.062015087004487435,-0.15469285797273957,1.0786996801698976,0.9990682418994441,0.034462784584487906,-0.009859442569715294,-0.024036553389602724,0.1509387202289094,0.4897376434245321,-0.049405916872584145,0.0,0.0,0.012788905745049685,0.0,0.0,1.0,1.0,0.0,0.0,0.0,24.299226420541704,0.09792318127049866,0.08,100.0,100.0,0.5,55.0,0.08,-1.4090855309658978,1.7282172921936152,0.0023,0.0019,0.01,0.0084
257,1763350643.99585,0.12135612377231637,0.00475160565114985,0.43877972531094295,-0.008419561264243083,0.07008812855564314,0.0035883398528183397,0.15327694434142225,-0.0058503452293417624,-0.04,-0.017,1.048,0.999,0.012,0.044,-0.024,0.273,1.067,-0.277,0.0,0.0,-0.118,-0.033,-0.018,1.059,0.999,0.035,-0.023,-0.026,0.046,0.203,0.051,0.2,-0.5,0.1,0.010172853495845192,0.17974732276476724,0.994629189722063,0.9989784107649273,0.03442821631755061,-0.009979481464198074,-0.027518043107714253,0.22318535821823776,0.8747661688167451,-0.18614061980413327,0.0,0.0,0.002623397913259191,-0.04547643200007482,-0.08914312367695856,1.063512689068323,0.9986954395867047,0.04303718295785678,-0.009752795822856935,-0.025692465926968416,0.15975467434222934,0.5424016257338138,-0.10964875407686554,0.0,0.0,0.012524049870157455,0.0,0.0,1.0,1.0,0.0,0.0,0.0,24.28092248076148,0.0977131271510685,0.08,100.0,100.0,0.5,55.0,0.08,-1.3892545735987742,1.7218160070167996,0.0021,0.0018,0.0095,0.0078
258,1763350644.107596,0.11723466308318037,0.005907561805687888,0.4313023526930789,-0.00889237932015572,0.024901242968938572,0.007561632891871391,0.12715553390228337,-0.005521425753654334,-0.04,-0.017,1.048,0.999,0.012,0.044,-0.024,0.273,1.067,-0.277,0.0,0.0,-0.118,-0.032,-0.01,1.063,0.998,0.048,-0.021,-0.027,0.021,0.135,0.111,0.4,-0.5,0.0,0.008953420939940934,0.17432647303202273,1.0093224917903119,0.9986004903350265,0.043003155089215886,-0.009901757201791065,-0.02915037837377786,0.21206690116381163,0.8263868029309508,-0.09902934134328441,0.0,0.0,0.0034431489966166295,-0.029927844607430608,-0.02707437200589361,1.0471799892533304,0.9980929344414575,0.05404822131311412,-0.012508893413804175,-0.02707049272715909,0.16274974421393412,0.5678673929906216,-0.09254398378272723,0.0,0.0,0.012096823741999194,0.0,0.0,1.0,1.0,0.0,0.0,0.0,24.258320603895477,0.09743670384079361,0.08,100.0,100.0,0.5,55.0,0.08,-1.371216405500906,1.715929055269691,0.0325,0.0112,0.0115,0.0069
259,1763350644.1296759,0.11003903678675062,0.007576818457683432,0.4328229032558429,-0.009271122379826196,0.00798486717404387,0.010561618937110677,0.1693411350737242,-0.005228357543410771,-0.04,-0.017,1.048,0.999,0.012,0.044,-0.024,0.273,1.067,-0.277,0.0,0.0,-0.118,-0.033,-0.005,1.072,0.998,0.064,-0.011,-0.026,-0.012,0.072,0.152,0.8,0.8,0.1,0.007875691883630796,0.16992915361347874,1.0111559000283328,0.9979952558749169,0.05400543288565455,-0.012692354406584283,-0.030459589780725098,0.20461111079825503,0.7943362088557155,-0.10493218417061512,0.0,0.0,0.004280029751799517,-0.015414421542188306,0.031201164157977603,1.0321291067302714,0.9972174501914298,0.06724048398039259,-0.01510926452347373,-0.02842154945363677,0.16044089380271515,0.5717458192796036,-0.06044394285956117,0.0,0.0,0.012576933153667121,0.0,0.0,1.0,1.0,0.0,0.0,0.0,24.229376482305625,0.09709854877436577,0.08,100.0,100.0,0.5,55.0,0.08,-1.3543284312717272,1.7101513513135926,0.0019,0.0017,0.0096,0.0076
260,1763350644.2235801,0.07957830230956789,0.020322961593223762,0.42127097495672156,-0.009861215360235353,-0.11103903359088214,0.06657202259933294,0.10454894722533459,-0.006427135794480605,-0.01,0.172,1.026,0.998,0.04,0.033,-0.034,0.141,0.734,-0.127,0.0,0.0,-0.07,-0.035,-0.007,1.094,0.997,0.066,-0.017,-0.026,-0.031,-0.056,0.284,0.3,0.3,0.1,0.011035345926736636,0.2899283929388739,1.015654489664388,0.9971712930968801,0.06721652420772832,-0.015215499787703708,-0.02999732759994273,0.0704820230798482,0.44679604221040575,0.020147015512851044,0.0,0.0,0.008971486003620644,-0.005533958137537747,0.08509935674117014,1.0240708028807333,0.996879277161237,0.07168789965928285,-0.01563129874862622,-0.029124119014340033,0.13740919549543493,0.5200306569956652,-0.022161938053601025,0.0,0.0,0.013582801850216441,0.0,0.0,1.0,1.0,0.0,0.0,0.0,24.214368390277336,0.09694300988848817,0.08,100.0,100.0,0.5,55.0,0.08,-1.345947740705487,1.709823571183234,0.0026,0.004,0.0315,0.0109
261,1763350644.2774506,0.04644427371832917,0.025052715791712307,0.4282069758154746,-0.009811031445463296,-0.13582827959010554,0.03126988158990164,0.19265661990253546,-0.0034470361862279763,-0.003,0.194,1.015,0.998,0.044,0.028,-0.035,0.12,0.534,-0.148,0.0,0.0,-0.045,-0.038,-0.016,1.119,0.997,0.062,-0.024,-0.027,-0.062,-0.154,0.387,-0.3,-0.2,-0.0,0.014024880091050585,0.27208068088945414,0.9978967809861925,0.996861187060391,0.071678277995497,-0.015675360338073947,-0.029736867259685468,0.05491728185229207,0.25811075538553907,-0.03111306212251693,0.0,0.0,0.011934384374858534,0.0027206658065490664,0.12704778468186673,1.015815736134156,0.9969060085847687,0.07131740527852896,-0.015217782220070957,-0.029336953765268032,0.11437204033460192,0.4436577492559978,-0.004877718898042525,0.0,0.0,0.014590568249065766,0.0,0.0,1.0,1.0,0.0,0.0,0.0,24.192476477105718,0.09676177605156239,0.08,100.0,100.0,0.5,55.0,0.08,-1.3424672131161706,1.7096096038527187,0.0023,0.0026,0.0159,0.0137
262,1763350644.3559923,0.02291093534546299,0.02805183845297787,0.40483549634258686,-0.009767375707669567,-0.10025008921995748,0.024390381728219918,0.04372021856636402,-0.0034608581030800873,-0.001,0.202,1.025,0.998,0.046,0.029,-0.036,0.089,0.383,0.073,0.0,0.0,-0.052,-0.043,-0.031,1.144,0.998,0.059,-0.021,-0.024,-0.075,-0.242,0.377,0.1,0.2,0.2,0.010577915871582117,0.2517113696431743,1.0507935926154397,0.9968813135418257,0.07130474894768006,-0.015276975121658655,-0.03016444131364887,0.034912762898383166,0.13559983870292974,0.18595059098018754,0.0,0.0,0.011528450729309357,0.008703284365647235,0.15853341111548017,1.018912817973386,0.9971323222548749,0.06832546017097248,-0.01429389792352804,-0.02923094061396012,0.09047675636752393,0.3557230790333993,0.04560870302368197,0.0,0.0,0.015355215374829579,0.0,0.0,1.0,1.0,0.0,0.0,0.0,24.19689650699421,0.09678957467211675,0.08,100.0,100.0,0.5,55.0,0.08,-1.340823635072534,1.7098295246531336,0.003,0.012,0.0192,0.0137
263,1763350644.4163527,-0.028765458948211555,0.04430601451301526,0.38242340702252187,-0.00962379576699532,-0.24979037071382415,0.09179031972005368,0.03975286452814462,-0.002944866187004863,-0.016,0.174,1.063,0.998,0.045,0.031,-0.033,-0.074,-0.111,0.273,0.0,0.0,0.028,-0.05,-0.05,1.172,0.998,0.056,-0.01,-0.026,-0.108,-0.326,0.471,-0.6,-0.0,-0.0,-0.03539853375339544,0.12913711277425943,1.1254308367967967,0.9971922259229208,0.06835570092633085,-0.014148575062294996,-0.027110524404134605,-0.11171231357807557,-0.3096982086898955,0.33603957080399766,0.0,0.0,0.018235519740069702,0.005519228384199366,0.162417833572458,1.034822069476225,0.9979793972876233,0.05595135154300677,-0.009308633417071461,-0.028634213693575654,0.05051191585007459,0.21691483664718228,0.10147904576541653,0.0,0.0,0.016688663210180178,0.0,0.0,1.0,1.0,0.0,0.0,0.0,24.22656197545259,0.09689167355190677,0.08,100.0,100.0,0.5,55.0,0.08,-1.352755235717168,1.7155825712733155,0.0031,0.0067,0.0224,0.0096
264,1763350644.4627192,-0.07645311083228473,0.05662833295150392,0.377261383896655,-0.009395170989202695,-0.24922530652594524,0.07822634763482403,0.11759866200411154,-0.0024657995236601043,-0.031,0.128,1.093,0.998,0.042,0.032,-0.029,-0.153,-0.393,0.356,0.0,0.0,0.072,-0.057,-0.075,1.203,0.999,0.043,-0.02,-0.024,-0.114,-0.411,0.49,-0.5,-0.5,0.1,-0.0644768486667531,0.032391160425831796,1.169594122960439,0.9980791600124255,0.05598564682203793,-0.00910009590611976,-0.024915576519692166,-0.17289295102858915,-0.5303095543960387,0.3589575414894957,0.0,0.0,0.02171090694943479,-0.0027019867398087438,0.14774080918571506,1.0561736320671216,0.9986785550394667,0.04261827212600687,-0.006221644703141022,-0.028037790969765802,0.009820061342787793,0.07132258328821164,0.17743034875724953,0.0,0.0,0.017319328688483245,0.0,0.0,1.0,1.0,0.0,0.0,0.0,24.260365544137986,0.09687963232951455,0.08,100.0,100.0,0.5,55.0,0.08,-1.3719434021763808,1.722470813550983,0.0021,0.0019,0.0094,0.0081
265,1763350644.538819,-0.1056709467339473,0.0792901017145986,0.3638609791778973,-0.008460009808027477,-0.17475909607041956,0.13454446867228737,0.07447099536745702,0.001152616784925078,-0.048,0.11,1.12,0.998,0.039,0.036,-0.028,-0.314,-0.462,0.569,0.0,0.0,0.051,-0.065,-0.102,1.23,0.999,0.03,-0.015,-0.022,-0.122,-0.422,0.37,-0.3,0.2,0.1,-0.11199557766251089,0.007083628265708661,1.2281814253085146,0.9987567091976745,0.0426363890821019,-0.006096253592011976,-0.025099997028157666,-0.31425831432203993,-0.5301745355622769,0.4884244497886007,0.0,0.0,0.019631103840533223,-0.019213074567903245,0.1270359005123094,1.0892573871658464,0.9990734025509087,0.03197256740809368,-0.004390712916478697,-0.028474776360314508,-0.04463951943792617,-0.044949417098853583,0.23510047745312243,0.0,0.0,0.01744900996162774,0.0,0.0,1.0,1.0,0.0,0.0,0.0,24.318754310729133,0.096563303417875,0.08,100.0,100.0,0.5,55.0,0.08,-1.3898946096391214,1.73365921063257,0.0029,0.0039,0.0151,0.0087
266,1763350644.6083229,-0.14697583844921613,0.08041678216218631,0.3760781275685234,-0.00984857560716703,-0.24615106360157435,0.035367190380912995,0.197533609144842,-0.010115332673708075,-0.064,0.037,1.15,0.999,0.032,0.038,-0.022,-0.287,-0.811,0.524,0.0,0.0,0.12,-0.073,-0.131,1.253,1.0,0.009,-0.01,-0.022,-0.133,-0.437,0.339,-0.6,0.1,0.0,-0.12045584899852259,-0.12882695725742432,1.2426787519719258,0.9992133008340407,0.031995939295066216,-0.004217024449355882,-0.023048991512882828,-0.2630306366936991,-0.8099311603167099,0.38562851577331037,0.0,0.0,0.024218720388031113,-0.03561107603305598,0.08519543553519143,1.1215676192051542,0.9994942760428497,0.013429495691671178,0.001907717250197368,-0.02876110946991621,-0.0820264821141456,-0.17719688955724175,0.2484481485988918,0.0,0.0,0.017685006406110534,0.0,0.0,1.0,1.0,0.0,0.0,0.0,24.37138148990459,0.09605451718066703,0.08,100.0,100.0,0.5,55.0,0.08,-1.4198831529531357,1.7404243433973483,0.0029,0.0034,0.016,0.0112
267,1763350644.6633925,-0.18570075477299647,0.08200179141490892,0.3715881759822386,-0.01043177877736987,-0.2487405210373578,0.03808133957443295,0.11857953990677206,-0.006609231703701833,-0.089,-0.058,1.194,0.999,0.02,0.046,-0.015,-0.317,-1.087,0.578,0.0,0.0,0.147,-0.082,-0.159,1.269,1.0,-0.006,-0.006,-0.02,-0.131,-0.435,0.241,-0.5,0.3,0.1,-0.1487531948689522,-0.2720793017051175,1.2954552146624283,0.9996577841699619,0.013417019562815163,0.001993571089866256,-0.022367919187145483,-0.2656932490659259,-1.0176203049969936,0.4392635886158843,0.0,0.0,0.027761520614204352,-0.054662117924209865,0.02510595042467345,1.15722915043376,0.9995047652887818,-0.0066700811498153064,0.008398982024282239,-0.029583632018867146,-0.1122471432440062,-0.31219862213604616,0.26558457347868747,0.0,0.0,0.017683264998771146,0.0,0.0,1.0,1.0,0.0,0.0,0.0,24.433008192323793,0.09521846779823769,0.08,100.0,100.0,0.5,55.0,0.08,-1.4594538868240228,1.7454949956903634,0.0021,0.002,0.0097,0.0082
268,1763350644.7467375,-0.19999136799704242,0.09354057491769634,0.3649480777880628,-0.01124014993947214,-0.14109084916010362,0.08844458929452789,0.10614507502246076,-0.007953772852025044,-0.142,-0.215,1.275,0.998,-0.001,0.065,-0.006,-0.409,-1.281,0.618,0.0,0.0,0.144,-0.091,-0.187,1.28,1.0,-0.016,0.005,-0.018,-0.121,-0.424,0.123,-0.2,0.4,0.2,-0.217375556291309,-0.46147657903256534,1.3828142501604068,0.9996716593545313,-0.006722988929861963,0.008356692015282793,-0.023271024940230443,-0.3345204450178919,-1.1471670300824506,0.4698962605518911,0.0,0.0,0.02853110255566694,-0.08083507109621005,-0.05299318271525309,1.1984828941394434,0.9990538402328005,-0.023394749877607354,0.018957032786570835,-0.03138058161008313,-0.14524268351056058,-0.4446966921368845,0.2678475213240785,0.0,0.0,0.016630095706999314,0.0,0.0,1.0,1.0,0.0,0.0,0.0,24.50321147196577,0.09401973891774809,0.08,100.0,100.0,0.5,55.0,0.08,-1.505468529374151,1.751776260478639,0.0031,0.0026,0.0178,0.0148
269,1763350644.8361874,-0.19999599795285755,0.09441917520646295,0.36766385897406123,-0.01256775658870242,-0.0750199127779666,0.039470717037969255,0.15043443510051574,-0.010853089473453453,-0.142,-0.215,1.275,0.998,-0.001,0.065,-0.006,-0.409,-1.281,0.618,0.0,0.0,0.144,-0.098,-0.213,1.285,0.999,-0.034,0.01,-0.02,-0.107,-0.379,0.059,-0.4,0.1,0.1,-0.21503356760423928,-0.45489599742483305,1.38565215255093,0.9992352727415863,-0.023516392479759552,0.018805921903614298,-0.024943662424366728,-0.3154076600240134,-1.0866368806593814,0.47246554787605954,0.0,0.0,0.02991053848789281,-0.10582455926362055,-0.1281262663305598,1.2361587630014632,0.9981118769034519,-0.04512779644666965,0.024649683863048506,-0.03359399139114373,-0.16452368519118715,-0.5387733203586893,0.2911448128575571,0.0,0.0,0.017954758756623588,0.0,0.0,1.0,1.0,0.0,0.0,0.0,24.566678263041446,0.09267393003694424,0.08,100.0,100.0,0.5,55.0,0.08,-1.5476609244534993,1.7565737727546227,0.0033,0.0072,0.0345,0.0158
270,1763350644.8730168,-0.19999858098243706,0.09866468307235421,0.4034574433206103,-0.015738721140729883,-0.07501141438021922,0.05663473003187998,0.3168418688480181,-0.02056773148090072,-0.189,-0.396,1.303,0.997,-0.022,0.075,0.007,-0.458,-1.525,0.337,0.0,0.0,0.189,-0.105,-0.234,1.286,0.998,-0.05,0.014,-0.019,-0.1,-0.33,-0.006,-0.4,0.3,-0.0,-0.27019937390971566,-0.6785391843386125,1.3549253082792505,0.9983532489880232,-0.04532788935434356,0.02427977292646438,-0.025429614790200394,-0.34885830373770027,-1.2801202592981098,0.1789443807408789,0.0,0.0,0.03554631057142255,-0.13500604470799457,-0.22352841001906432,1.2612603489121292,0.9964056637035109,-0.0698531795148549,0.03043282254909404,-0.03701526661969345,-0.1853682546255954,-0.6437412723803689,0.2609443441484723,0.0,0.0,0.019201719701251074,0.0,0.0,1.0209378268645999,1.0,0.0,0.0,0.0,24.59533233938508,0.0923296956857953,0.08,100.0,100.0,0.5,55.0,0.08,-1.600074919373011,1.7604627697920772,0.0032,0.0033,0.0134,0.0117
271,1763350644.9361982,-0.1999994781384278,0.08002510663339002,0.42510916098158474,-0.016850797963787918,-0.07500395364836754,-0.05619862604268803,0.2595551295501014,-0.011462404543063895,-0.208,-0.484,1.301,0.996,-0.034,0.081,0.011,-0.309,-1.175,0.086,0.0,0.0,0.116,-0.109,-0.252,1.28,0.998,-0.061,0.008,-0.016,-0.066,-0.249,-0.104,-0.5,-0.3,0.0,-0.2571182324336668,-0.69147848010768,1.3035155025412326,0.9965995064492571,-0.0700245944649483,0.03003630381153326,-0.0313655921107525,-0.1763085700081893,-0.8851846553105963,-0.009146065676417896,0.0,0.0,0.033692105666359475,-0.15762703880759035,-0.30603706759333316,1.2731101405457539,0.9951161200102909,-0.08348695459895936,0.036215205582809704,-0.03823996590022473,-0.1734720810004457,-0.6631769480452735,0.1868345165881769,0.0,0.0,0.020255738365986573,0.0,0.0,1.0418389216661577,1.0,0.0,0.0,0.0,24.59017478026934,0.09286706668416826,0.08,100.0,100.0,0.5,55.0,0.08,-1.6313133303786571,1.7613966740280276,0.0023,0.0018,0.0138,0.0099
272,1763350645.027215,-0.18071514589963927,0.0638523826760968,0.43018033289078994,-0.015864431838656955,0.02142185689203221,-0.05085420479894477,0.1847717949141201,-0.0013872186107656555,-0.219,-0.522,1.289,0.996,-0.039,0.083,0.012,-0.237,-0.868,-0.046,0.0,0.0,0.07,-0.113,-0.264,1.269,0.998,-0.064,0.012,-0.016,-0.047,-0.169,-0.151,-0.3,-0.1,0.0,-0.2518020678285016,-0.6644217183562717,1.2736092468122586,0.9952684273818008,-0.08363882391433552,0.03586307066943165,-0.03404621496353626,-0.08938059635788947,-0.5453981219641124,-0.037540368295834764,0.0,0.0,0.03237979705270502,-0.17613002088503243,-0.372830211618816,1.2761066121326283,0.9947963216186346,-0.08689595497206071,0.03719915327253629,-0.03802097446586634,-0.14638013988379478,-0.6205622669547238,0.10794865788514665,0.0,0.0,0.021915073796304137,0.0,0.0,1.0626666167821521,1.0,0.0,0.0,0.0,24.572151839699945,0.09366857271882668,0.08,100.0,100.0,0.5,55.0,0.08,-1.6469312699459617,1.7627769960960489,0.0029,0.0028,0.0236,0.0232
273,1763350645.075769,-0.14157163399923464,0.05949315481916567,0.42154788568716106,-0.014337035177637172,0.12794937978965853,0.0021485042188805967,0.11815538881590212,0.0016878213656025527,-0.226,-0.532,1.286,0.995,-0.041,0.085,0.012,-0.226,-0.597,-0.073,0.0,0.0,0.024,-0.114,-0.271,1.26,0.998,-0.068,0.007,-0.015,-0.016,-0.076,-0.123,-0.1,-0.1,-0.0,-0.25564294298232715,-0.6173094573690519,1.2793378568861529,0.9948958397229881,-0.08699658603512665,0.036963198088542835,-0.035321156651367355,-0.07988632351885037,-0.2572552095562781,0.036294332688368666,0.0,0.0,0.02817078996448332,-0.19284982700393402,-0.42326196559174933,1.275200204508379,0.9948896121481576,-0.08637767010275195,0.037658708856346576,-0.03626815951466889,-0.11450948393128599,-0.5286688074751785,0.09265623864288518,0.0,0.0,0.025894837801949757,0.0,0.0,1.083384373358051,1.0,0.0,0.0,0.0,24.54962435581433,0.09447684493451544,0.08,100.0,100.0,0.5,55.0,0.08,-1.6522377220790732,1.7666276040389577,0.002,0.0017,0.0214,0.0083
274,1763350645.1588333,-0.11680997865713408,0.045984221837994894,0.4376135905464823,-0.013520976040151836,0.07071891396078991,-0.0452347318486668,0.23840898142929162,-0.0012960925041872633,-0.232,-0.573,1.269,0.995,-0.047,0.085,0.017,-0.098,-0.487,-0.225,0.0,0.0,0.077,-0.114,-0.27,1.256,0.998,-0.068,0.012,-0.014,0.025,0.021,-0.075,0.2,-0.4,0.1,-0.2376701446148577,-0.6361976746477545,1.2374908822183326,0.9950462922404767,-0.08655042437851022,0.037259955515361376,-0.0316795841729833,0.026105972591862023,-0.16228282816317816,-0.09269160784174976,0.0,0.0,0.030546955513999306,-0.20266749639818657,-0.4666266627295113,1.2658014757172849,0.9951044819566351,-0.08670526844052995,0.031899784318636715,-0.035095158852708516,-0.07069675649531787,-0.4295898064216023,0.08441616935448434,0.0,0.0,0.028618132415779866,0.0,0.0,1.1039558454088796,1.0,0.0,0.0,0.0,24.505911379630632,0.09590268827658034,0.08,100.0,100.0,0.5,55.0,0.08,-1.6562424440847776,1.766697721626994,0.0059,0.007,0.023,0.0145
275,1763350645.2072058,-0.058084193625584396,0.025546558978170958,0.4362102384083294,-0.013468922183830638,0.24982518316132304,-0.08494423110987159,0.15708833576416603,-0.004810096733450956,-0.22,-0.56,1.251,0.996,-0.048,0.079,0.016,0.085,0.017,-0.237,0.0,0.0,-0.014,-0.112,-0.263,1.257,0.998,-0.063,0.009,-0.013,0.038,0.123,0.022,0.2,-0.2,-0.1,-0.19166220549609894,-0.5250680391473733,1.2173211187102821,0.9951434092080526,-0.08674117095205583,0.031802029444457286,-0.03397344985212,0.1848245573920349,0.3063713987157557,-0.08261509503729296,0.0,0.0,0.021271401154035995,-0.20204781985573433,-0.4821729394716554,1.2552768861665347,0.996156943722818,-0.07771862337437853,0.02339413473294401,-0.032922234336424494,-0.014858905862571797,-0.2707836467435341,0.07962605868349748,0.0,0.0,0.028030796952753012,0.0,0.0,1.1243449435824273,1.0,0.0,0.0,0.0,24.461541989505935,0.09728676388135318,0.08,100.0,100.0,0.5,55.0,0.08,-1.6422021720311006,1.763998966798445,0.0027,0.0032,0.0123,0.0144
276,1763350645.2702296,-0.0399588056524908,0.023734682143364834,0.4387869331008535,-0.013184469880205791,0.06884536725587387,0.0005205754427835066,0.1764623128657439,-0.003628584300812244,-0.22,-0.56,1.251,0.996,-0.048,0.079,0.016,0.085,0.017,-0.237,0.0,0.0,-0.014,-0.108,-0.25,1.262,0.998,-0.054,0.004,-0.013,0.055,0.229,0.118,0.1,-0.1,-0.0,-0.19467286260984115,-0.5306623132367744,1.2179544485531273,0.9961898111586696,-0.07774230245105436,0.023315324761204268,-0.03191222625488064,0.15319867830740524,0.24468195195958053,-0.06968097695142217,0.0,0.0,0.020742754570230486,-0.20037534485293246,-0.4933550643781105,1.2455900416330727,0.9972623554436698,-0.06416627868802634,0.019247727170844473,-0.03130508094592148,0.024048169679302466,-0.15268181947268536,0.06196593298284969,0.0,0.0,0.026160043836274124,0.0,0.0,1.144515898472236,1.0,0.0,0.0,0.0,24.420227115227835,0.09848950800053966,0.08,100.0,100.0,0.5,55.0,0.08,-1.6342732750234112,1.7617367124415082,0.0021,0.002,0.016,0.0089
277,1763350645.331793,-0.043792158194387185,0.02664248399130827,0.43771294618015244,-0.01261446483966736,-0.03415131482916592,0.023439515043479,0.15917516530931447,-0.0020941510023850213,-0.22,-0.56,1.251,0.996,-0.048,0.079,0.016,0.085,0.017,-0.237,0.0,0.0,-0.014,-0.104,-0.232,1.273,0.999,-0.039,-0.006,-0.013,0.069,0.281,0.177,0.4,-0.5,-0.0,-0.19738843449009755,-0.5363307126768861,1.2231763656382935,0.997292368483564,-0.06418499233153382,0.01918523081210317,-0.030333899230574637,0.12399748207882462,0.1806745727579927,-0.03611203487712996,0.0,0.0,0.020322856978298748,-0.19802319472404303,-0.5013894406239516,1.235723517844211,0.9980517450562388,-0.05299491538331759,0.013251915108200549,-0.03014365405315547,0.051985977284384866,-0.06308245067564533,0.07579193205157221,0.0,0.0,0.02465621624920929,0.0,0.0,1.1644333233692916,1.0,0.0,0.0,0.0,24.37622201602525,0.0996397959058839,0.08,100.0,100.0,0.5,55.0,0.08,-1.6305673368965006,1.7599275748021062,0.0022,0.0018,0.0098,0.0101
278,1763350645.4045792,-0.025339349837086342,0.033989444899024876,0.4056104862676591,-0.011825995324099281,0.07584198246360896,0.04672573603532364,0.0036300552550904835,-0.0007880767370348617,-0.216,-0.527,1.274,0.996,-0.044,0.081,0.013,0.072,0.243,0.045,0.0,0.0,-0.037,-0.099,-0.211,1.29,1.0,-0.027,-0.002,-0.013,0.072,0.351,0.281,0.6,0.4,-0.0,-0.19912086597486794,-0.46517323965012175,1.3016205039698947,0.9980550849242313,-0.05299638605068568,0.013246032465860593,-0.030032867767920295,0.0861089058086051,0.34611001511838085,0.2369280081164748,0.0,0.0,0.01765273523481566,-0.19540618586373334,-0.49459524192325377,1.241090844706753,0.9991321949132622,-0.03017345245656584,0.0038187508803526303,-0.028457635115591788,0.06343750304876779,0.0264049303231405,0.12429567480153572,0.0,0.0,0.02397014736902765,0.0,0.0,1.184062276342339,1.0,0.0,0.0,0.0,24.36882297036049,0.09990677902306239,0.08,100.0,100.0,0.5,55.0,0.08,-1.621200350531428,1.7602879520013055,0.002,0.002,0.0155,0.0104
279,1763350645.4654295,0.015855212718508066,0.028318397994900876,0.4100108074489583,-0.010676855266505894,0.19647055658906465,-0.015609192683485701,0.17410553825686814,0.0013109520414296971,-0.179,-0.403,1.278,0.998,-0.023,0.066,0.009,0.157,0.521,0.036,0.0,0.0,-0.037,-0.094,-0.188,1.312,1.0,-0.019,-0.006,-0.012,0.068,0.347,0.331,0.4,0.2,0.1,-0.14719211139622848,-0.2912218891413496,1.3027883161007419,0.9991338686770204,-0.030173677240234502,0.0038169743563440375,-0.028398809324616126,0.15858071212857286,0.5793061527870814,0.17176713267158783,0.0,0.0,0.016497074037597332,-0.18635494237724043,-0.4655047513640564,1.2467374425042883,0.9994645909579676,-0.018140097183764844,0.00015718846246818205,-0.027229461749607158,0.07957713748747314,0.12686425140073487,0.16969711079717598,0.0,0.0,0.023338940307196507,0.0,0.0,1.2033683215379,1.0,0.0,0.0,0.0,24.357882265749215,0.10036808490444966,0.08,100.0,100.0,0.5,55.0,0.08,-1.6032641021578438,1.7573944833393849,0.002,0.0018,0.0114,0.0089
280,1763350645.5296617,0.06024289867225567,0.02305873262085062,0.4057617405570177,-0.010116844223698475,0.22788413453817857,-0.01567892762216348,0.13250871833365602,-0.0012037655109026096,-0.162,-0.326,1.294,0.998,-0.015,0.061,0.005,0.192,0.776,0.127,0.0,0.0,-0.063,-0.091,-0.164,1.337,1.0,-0.011,-0.002,-0.013,0.056,0.361,0.368,0.3,0.2,0.0,-0.12364367147049511,-0.1662959773803952,1.3308784070060153,0.9994374159868997,-0.018139934365204412,0.00017497221277256873,-0.02820928377998393,0.19093465377948476,0.799660499971693,0.2142978353164889,0.0,0.0,0.012633354565409352,-0.17488852350880754,-0.4201211016545839,1.2579740591463175,0.9995340185767998,-0.015149628951210605,-0.0005227197397426528,-0.026494550655328,0.09716529152278414,0.24337139156514226,0.2193765618075271,0.0,0.0,0.02231797096529939,0.0,0.0,1.2223175895924636,1.0,0.0,0.0,0.0,24.356573641535032,0.10069534494109982,0.08,100.0,100.0,0.5,55.0,0.08,-1.5795913203766407,1.7538028738182652,0.0019,0.0016,0.0095,0.0074
281,1763350645.6293192,0.09130835056069624,0.02745022730704475,0.35583359142161625,-0.010291340150209763,0.17791834644429866,0.03060449816378965,-0.09748009296812563,-0.004666296216443361,-0.158,-0.294,1.33,0.998,-0.015,0.066,0.003,0.144,0.894,0.63,0.0,0.0,-0.102,-0.087,-0.143,1.358,1.0,0.001,-0.009,-0.011,0.06,0.356,0.348,0.6,0.2,0.1,-0.12928174674852,-0.11434752846937885,1.4578118298482674,0.9994643190347731,-0.015150894084991914,-0.0004846665978094856,-0.029005007896426238,0.13950398459243682,0.8704157300019214,0.654222224269906,0.0,0.0,0.008226166947577402,-0.16567700799471177,-0.3682490656794884,1.2949103314108596,0.999649238407899,-0.0071193629252927215,0.0009389016784414452,-0.025491827821553525,0.10552966623137018,0.35191939041436066,0.28228180335692205,0.0,0.0,0.020866434669702835,0.0,0.0,1.2408768370508576,1.0,0.0,0.0,0.0,24.421508106914395,0.09923300959135906,0.08,100.0,100.0,0.5,55.0,0.08,-1.5574386218982854,1.7532019866081734,0.0291,0.0017,0.0153,0.0075
282,1763350645.668942,0.10867016995557593,0.03505166761199807,0.39078137625599957,-0.010281789609177297,0.1210497284346595,0.04830103676490839,0.3081765209550226,-0.003811499851166326,-0.157,-0.203,1.363,0.998,-0.002,0.063,0.001,0.102,0.993,0.35,0.0,0.0,-0.07,-0.083,-0.117,1.386,1.0,0.017,-0.008,-0.013,0.043,0.359,0.365,0.6,0.5,-0.1,-0.13721091492405704,-0.00905683968560475,1.434574374074037,0.9996121419852867,-0.0071180263801232865,0.0009489811777278295,-0.026907224508732883,0.0920534107638327,0.9141800344704787,0.29708143291324857,0.0,0.0,0.01077862009567965,-0.1586419361439075,-0.3069579260612882,1.3199679473405708,0.9996522317743447,0.008847173180131467,-0.001026189728857016,-0.024821159721753177,0.10608515576133766,0.4473934693040293,0.311876158213544,0.0,0.0,0.01917958981662137,0.0,0.0,1.2590135046865651,1.0,0.0,0.0,0.0,24.43934163434271,0.09900576235825977,0.08,100.0,100.0,0.5,55.0,0.08,-1.534561428142664,1.7540510562957408,0.0021,0.0021,0.0143,0.0093
283,1763350645.7579052,0.12021494140738923,0.03926367421137508,0.3905809759440199,-0.009782402972579329,0.0984751709924075,0.034204408351384344,0.14554101453610171,-0.0013587379204516475,-0.152,-0.129,1.391,0.998,0.006,0.064,-0.002,0.092,1.053,0.391,0.0,0.0,-0.066,-0.08,-0.096,1.408,0.999,0.03,-0.002,-0.013,0.034,0.32,0.3,0.6,0.7,-0.1,-0.13494737990283392,0.0706062683549044,1.4622705891421965,0.9996196000954208,0.008845850752951929,-0.0010375273949872203,-0.026102290444177445,0.07796942659320787,0.9107831804559565,0.31189710615763366,0.0,0.0,0.01111716070148712,-0.1520599881306758,-0.24005006322709113,1.347654386500311,0.9992728847392615,0.028863986172150254,-0.003724386753773014,-0.024631302654080936,0.10241818186196906,0.5194490834256413,0.335201491825339,0.0,0.0,0.0180048829543759,0.0,0.0,1.276695774621672,1.0,0.0,0.0,0.0,24.45974433444002,0.09863826477538808,0.08,100.0,100.0,0.5,55.0,0.08,-1.5129527760895563,1.7549533293191073,0.0022,0.0068,0.021,0.0178
284,1763350645.8650997,0.12637025365988838,0.03517061949567904,0.42194610311978176,-0.008854772239934064,0.07585716429026675,-0.005741395749214572,0.30329350185781667,0.0009697525485090853,-0.137,-0.03,1.385,0.998,0.019,0.057,-0.006,0.132,1.112,0.155,0.0,0.0,-0.077,-0.078,-0.08,1.421,0.999,0.041,-0.007,-0.013,0.032,0.271,0.225,0.4,0.2,-0.1,-0.11205644472117537,0.17571474529294379,1.4013046187175544,0.9992300750994124,0.02885768576264835,-0.003772893698741606,-0.026310763242158933,0.1196487372329611,0.9177170194899711,0.054546456830167046,0.0,0.0,0.009652422959621047,-0.14315742594286238,-0.1667176281132568,1.3641849310482659,0.9985691402318839,0.04706627591997863,-0.0035743271398450582,-0.025132887479910628,0.10446130820149341,0.5775357177182374,0.2398255950248162,0.0,0.0,0.01773773244008882,0.0,0.0,1.2938926261462367,1.0,0.0,0.0,0.0,24.45824233770201,0.09906364821025103,0.08,100.0,100.0,0.5,55.0,0.08,-1.4920559472979644,1.7539621373289427,0.0262,0.0137,0.0357,0.0121
285,1763350645.891342,0.12263298980327829,0.03351689956953079,0.41152550660170223,-0.00857219769012907,0.02870252583940769,0.004920382680138424,0.10612680607952044,-0.0019076668409503143,-0.137,-0.03,1.385,0.998,0.019,0.057,-0.006,0.132,1.112,0.155,0.0,0.0,-0.077,-0.076,-0.061,1.436,0.998,0.059,-0.002,-0.011,0.02,0.198,0.141,0.6,0.3,-0.0,-0.11175350948360714,0.16971581968448543,1.414666778980438,0.9985243125004108,0.04706004183831721,-0.0036554897967340876,-0.026854928823285638,0.12240538145638342,0.8644602798698,0.17767904253557104,0.0,0.0,0.008390644362456191,-0.13484845823208066,-0.09734721578823168,1.3765144544069392,0.9978106868872988,0.06081430101967739,-0.0014909105337788855,-0.02594669749246338,0.10592776909950716,0.6036085584779205,0.2238476480635185,0.0,0.0,0.017581487231684154,0.0,0.0,1.3105738901391553,1.0,0.0,0.0,0.0,24.45721186607019,0.09939142054785384,0.08,100.0,100.0,0.5,55.0,0.08,-1.4736799409424475,1.7529771252963169,0.0018,0.0017,0.0095,0.0121
286,1763350646.0035129,0.09655840683031776,0.045189411615628755,0.44071104572610864,-0.009085488043867355,-0.08438554368857322,0.0709313975690638,0.3002497605976703,-0.005781025902489833,-0.143,0.022,1.359,0.998,0.03,0.05,-0.005,0.021,0.963,-0.122,0.0,0.0,-0.015,-0.075,-0.054,1.446,0.998,0.057,-0.013,-0.012,0.024,0.135,0.178,0.0,-0.5,-0.0,-0.1395515637377948,0.187931848359807,1.336976491433821,0.997822846143167,0.06081499930763154,-0.0014621497681303352,-0.025474805043773606,0.013312449976919835,0.6856752160072075,-0.0749875714778626,0.0,0.0,0.012866530764885465,-0.13238944341473685,-0.034940384778777575,1.3738338540395147,0.9971981857773774,0.07002500923157602,0.00024887482818413006,-0.026309968182129,0.09210241448495952,0.5916299628514731,0.1604889802935794,0.0,0.0,0.017223054320012407,0.0,0.0,1.3267103019950528,1.0,0.0,0.0,0.0,24.420141106553988,0.10098655448636616,0.08,100.0,100.0,0.5,55.0,0.08,-1.4606691003898626,1.756062986137468,0.032,0.0222,0.0192,0.0094
287,1763350646.0285091,0.08596261306805394,0.048758079894698825,0.43447646216745917,-0.008850205218442268,-0.016769566249949894,0.03478937075121112,0.1340937243540432,-0.0022306438893248217,-0.143,0.022,1.359,0.998,0.03,0.05,-0.005,0.021,0.963,-0.122,0.0,0.0,-0.015,-0.074,-0.049,1.457,0.998,0.067,-0.001,-0.012,-0.0,0.023,0.179,-0.1,-0.0,-0.1,-0.13960663414662225,0.1848552938909571,1.3452804051968652,0.9972092781221177,0.07002489712845276,0.00027863724090965923,-0.025886130854234902,0.014581579918336524,0.6661097828849851,0.009272298622557575,0.0,0.0,0.013251968355353793,-0.13032994433170444,0.02287801234283939,1.3693548694107667,0.9967108929827365,0.07648136383055429,-0.0005037693823051773,-0.026790726242188742,0.07976656709742876,0.5645758540162698,0.15495151567332416,0.0,0.0,0.016073669168120315,0.0,0.0,1.3422735529643444,1.0,0.0,0.0,0.0,24.382687413628634,0.10244339122812317,0.08,100.0,100.0,0.5,55.0,0.08,-1.4477351337809128,1.7586827299943597,0.002,0.0017,0.0087,0.0112
288,1763350646.0653238,0.04512623260511931,0.0474142989897854,0.43406947335881935,-0.008766615951259927,-0.17194592241415302,0.011565375435944958,0.16089372926959797,-0.0029008806210041563,-0.137,0.118,1.32,0.998,0.051,0.038,-0.005,0.019,0.592,-0.113,0.0,0.0,0.004,-0.074,-0.051,1.466,0.998,0.069,-0.006,-0.011,0.015,-0.063,0.196,-0.3,-0.8,0.1,-0.13380828794713762,0.20652711388452696,1.3083887146635846,0.9967405676938341,0.07648188487082233,-0.0004172332422586508,-0.025662967801899365,0.018541224072252997,0.30336795428137736,0.027133803454669474,0.0,0.0,0.01473042517907306,-0.12842901175194013,0.06711697067784504,1.363225752206114,0.996792011237908,0.07562259484420032,-0.0009881165404976634,-0.026190324683335393,0.06788449150108992,0.4868366088109028,0.12489333226652263,0.0,0.0,0.015498100233761086,0.0,0.0,1.3572363398164018,1.0,0.0,0.0,0.0,24.346654192809346,0.10368651678170286,0.08,100.0,100.0,0.5,55.0,0.08,-1.4443054863900349,1.7607481366054232,0.0021,0.0019,0.0105,0.0096
289,1763350646.173767,0.03499834335047442,0.0460537839372449,0.4310940516713123,-0.008348818016354074,-0.03371710904630472,0.01097778685846703,0.1478989440720217,-0.0011984913071932117,-0.137,0.118,1.32,0.998,0.051,0.038,-0.005,0.019,0.592,-0.113,0.0,0.0,0.004,-0.074,-0.06,1.48,0.998,0.068,-0.004,-0.012,-0.015,-0.152,0.225,-0.2,0.5,-0.1,-0.13282989520789779,0.20798223498845192,1.3159996566397694,0.996821422143908,0.07562367941535102,-0.0009012973715121852,-0.025045940384205694,0.028392169113026753,0.33029446731314394,0.0663711742438876,0.0,0.0,0.014638411487513507,-0.1269401530042506,0.10660369598733901,1.3561108306803213,0.9973568444507007,0.06776309252486554,0.002815996635187791,-0.026068338684272857,0.059750419440622315,0.4176891611579612,0.148251395946227,0.0,0.0,0.01589465251043135,0.0,0.0,1.3715724127386972,1.0,0.0,0.0,0.0,24.306527921856667,0.10492617805302569,0.08,100.0,100.0,0.5,55.0,0.08,-1.4390061281206112,1.7625829331175666,0.0054,0.0043,0.0234,0.031
290,1763350646.291548,0.03807338423495607,0.04424756625008208,0.4342946842533392,-0.007913161410460784,0.02849958317883615,0.008239080540652748,0.17766343228687662,-0.0009525237266663239,-0.137,0.118,1.32,0.998,0.051,0.038,-0.005,0.019,0.592,-0.113,0.0,0.0,0.004,-0.074,-0.06,1.48,0.998,0.068,-0.004,-0.012,-0.015,-0.152,0.225,-0.2,0.5,-0.1,-0.13175884181163305,0.2120673835106503,1.3129377115931584,0.9973854062615868,0.06775989717227099,0.0028918645864111875,-0.02495164986181929,0.03626000030671352,0.37426414922607837,0.04393237812414508,0.0,0.0,0.01406914428984398,-0.12575851427721246,0.1417323586350906,1.3502546513085587,0.9977261052993708,0.06204138398412579,0.005184008776687713,-0.025818821245100845,0.05645419439920206,0.3667773022171193,0.1521508151114394,0.0,0.0,0.01570452570444198,0.0,0.0,1.3852566213878947,1.0,0.0,0.0,0.0,24.264806450847207,0.10609793437082432,0.08,100.0,100.0,0.5,55.0,0.08,-1.4320577504179743,1.764417652621551,0.0151,0.0112,0.0692,0.0189
291,1763350646.3331497,0.007843346690736018,0.050121693846692655,0.42483999503370645,-0.007737091016246324,-0.13687266863299175,0.04596347532683366,0.11558706049683865,-0.0020870835578504976,-0.141,0.117,1.321,0.998,0.054,0.037,-0.003,-0.051,0.285,-0.038,0.0,0.0,0.06,-0.075,-0.108,1.538,0.999,0.047,-0.004,-0.008,0.001,-0.385,0.419,0.1,0.2,0.1,-0.1491951370745393,0.15412190284824973,1.3286551525710257,0.9978022971265774,0.06202479101845416,0.005378900703638648,-0.022684104021602754,-0.030114531748786044,0.10552009575840951,0.11949914627626787,0.0,0.0,0.01810416861280178,-0.1280637857993256,0.15979306131521395,1.3483362585488543,0.9985996132945603,0.046132945413768535,0.005861436497095332,-0.025223148843778395,0.045717342622589065,0.2905342894211078,0.16752496187771965,0.0,0.0,0.015827854232546026,0.0,0.0,1.3982649590120981,1.0,0.0,0.0,0.0,24.23302675981579,0.1070148897702358,0.08,100.0,100.0,0.5,55.0,0.08,-1.4339768296444964,1.7684371454475682,0.002,0.0017,0.0111,0.0253
292,1763350646.4477277,-0.011891742710780563,0.04116089938771579,0.4206264011400588,-0.007562198684394559,-0.0957341919985569,-0.026008337102374598,0.13824702866940158,-0.002026947471833541,-0.128,0.118,1.327,0.998,0.055,0.037,-0.004,0.027,0.147,0.004,0.0,0.0,0.021,-0.075,-0.124,1.555,0.999,0.052,0.008,-0.01,-0.015,-0.388,0.438,0.2,0.6,-0.1,-0.12049011271488995,0.13143564609574046,1.342207110877921,0.998640284000191,0.046123107472633575,0.0059383539324564414,-0.023557972783298544,0.049197883589217006,0.0018171666971893482,0.14326175783772788,0.0,0.0,0.014425605602325763,-0.12612087404117744,0.16909999020920594,1.3492294710625892,0.9989789641677574,0.03767591141125115,0.006018258254201317,-0.024193706149152835,0.049076943368162984,0.21950876428687485,0.18279158862566958,0.0,0.0,0.015228146903326929,0.0,0.0,1.4105746045668521,1.0,0.0,0.0,0.0,24.206018340458726,0.10780482496949058,0.08,100.0,100.0,0.5,55.0,0.08,-1.438470427876345,1.7690108341589734,0.0236,0.017,0.0566,0.0063
293,1763350646.4690363,-0.06082614584417243,0.05237696919182841,0.3958757446103203,-0.007276174060368977,-0.24913141918350204,0.07151568629095649,0.033981617778829694,-0.001405701386520051,-0.143,0.071,1.354,0.998,0.046,0.041,-0.001,-0.099,-0.288,0.211,0.0,0.0,0.046,-0.075,-0.174,1.614,0.999,0.034,-0.002,-0.01,-0.011,-0.462,0.525,-0.1,0.4,-0.1,-0.16053198188981063,7.585907079268699e-05,1.40919053969923,0.9990374643151209,0.03766042706718676,0.0061144064470571025,-0.021643732620112998,-0.07543208544492916,-0.4014634177490216,0.3279654006919578,0.0,0.0,0.016205102822786633,-0.13071630817425361,0.15435835858621194,1.3614267322589877,0.9990467270080139,0.03607607313165017,0.005378936533383656,-0.023983770423865687,0.0329844477377058,0.10029198780321848,0.2317287056300787,0.0,0.0,0.014646577928349695,0.0,0.0,1.4221639627510076,1.0,0.0,0.0,0.0,24.208601611279445,0.1079872384023468,0.08,100.0,100.0,0.5,55.0,0.08,-1.4569837212614143,1.7734156141109045,0.0019,0.0018,0.0095,0.0068
294,1763350646.5291796,-0.10626418500185006,0.0791909308193632,0.3198850116095433,-0.00981904112139188,-0.25000000047995274,0.15371117158460956,-0.23150026077501457,-0.015442900577752872,-0.189,-0.132,1.482,0.998,0.032,0.049,0.011,-0.28,-1.096,0.76,0.0,0.0,0.129,-0.076,-0.212,1.655,0.999,0.033,0.005,-0.01,-0.002,-0.519,0.562,0.1,0.2,-0.0,-0.24255725402549752,-0.3609130502788034,1.6409510315088016,0.9991648873339837,0.03604553206646436,0.0055799309024244185,-0.018414991393901833,-0.254566065964627,-1.1652880031741246,0.7978233675872703,0.0,0.0,0.022751801498823884,-0.1463989124445153,0.08891187772932181,1.4076418180929358,0.9992795929311884,0.02764213135282607,0.007148360238174823,-0.02500217333466591,-0.007901317209621977,-0.11601147436402781,0.34060574018956297,0.0,0.0,0.014665973063161633,0.0,0.0,1.4330127018922194,1.0,0.0,0.0,0.0,24.292116106275124,0.10629679377561278,0.08,100.0,100.0,0.5,55.0,0.08,-1.502984086319874,1.7819798041873982,0.002,0.0018,0.0099,0.0074
295,1763350646.6005018,-0.14828626106823406,0.0735070086658287,0.3570781405064399,-0.013755793249220846,-0.24995944970761383,0.0012769882895887139,0.3059225238380616,-0.023365901059666787,-0.192,-0.186,1.502,0.998,0.028,0.048,0.015,-0.165,-1.066,0.566,0.0,0.0,0.122,-0.076,-0.247,1.695,1.0,0.014,0.001,-0.009,-0.01,-0.535,0.601,-0.7,-0.1,-0.0,-0.22242408352143406,-0.40439576160287866,1.6135893655985576,0.9993989955204392,0.027603513555409378,0.007296061897896681,-0.01965861828602462,-0.13405759935918649,-1.0843350580883973,0.4279665276655994,0.0,0.0,0.025026251469623763,-0.15698552714981748,0.0213251438141967,1.4452443415431733,0.9994907957536977,0.018838138572864475,0.005220635793142631,-0.02521941118790864,-0.026082963268059357,-0.2867940497549553,0.4025100101005475,0.0,0.0,0.014483299421678085,0.0,0.0,1.4431017896156075,1.0,0.0,0.0,0.0,24.333350060657974,0.10555756113028372,0.08,100.0,100.0,0.5,55.0,0.08,-1.5413145587245567,1.7851023812538585,0.0021,0.0056,0.0101,0.0074
296,1763350646.669109,-0.18714501635235678,0.07095417951286505,0.3823704617523718,-0.013972009560718607,-0.2499011243212014,0.014800982484867609,0.26036590891957495,-0.006239504025946625,-0.2,-0.247,1.521,0.998,0.023,0.047,0.018,-0.171,-1.167,0.479,0.0,0.0,0.127,-0.076,-0.281,1.724,1.0,-0.0,-0.006,-0.006,0.007,-0.551,0.446,-0.6,-0.4,0.1,-0.23059889289912827,-0.47944165229458385,1.597337587047106,0.9996185681394428,0.01880800431744267,0.005328177603096985,-0.019508657767134688,-0.12398188617212827,-1.1183581987449978,0.25245161076455197,0.0,0.0,0.030875614847537335,-0.16804394084661625,-0.05358307693104936,1.4792999679543883,0.9996299044422905,0.0002625814685771182,0.00893116159438486,-0.025694737753955966,-0.04142112587428885,-0.4310889155756964,0.40444588775312934,0.0,0.0,0.014131368325078334,0.0,0.0,1.4524135262330098,1.0,0.0,0.0,0.0,24.36052079621353,0.10517858520188499,0.08,100.0,100.0,0.5,55.0,0.08,-1.5785824183612547,1.7874911458202716,0.0021,0.0062,0.0109,0.0082
297,1763350646.7520363,-0.1999993479236339,0.08639885261010327,0.38553745194491607,-0.015143179210145564,-0.13445103898851962,0.1038311828035154,0.15922387411986014,-0.01109535183240425,-0.242,-0.432,1.579,0.998,0.0,0.061,0.025,-0.31,-1.48,0.465,0.0,0.0,0.118,-0.076,-0.318,1.744,1.0,-0.02,0.009,-0.007,0.001,-0.532,0.272,-0.6,-0.0,0.0,-0.2983628749490998,-0.7199440845912295,1.639805354728849,0.9997602094535534,0.00021163199842948492,0.00893251411137402,-0.019992223411481127,-0.24468229211615405,-1.3561816113988994,0.22821550727568565,0.0,0.0,0.03208786003388676,-0.18771954695170445,-0.15286496511871708,1.5163915343391228,0.9992306136605925,-0.020530290336653517,0.019476927273507486,-0.027153953784872384,-0.07095319572308177,-0.5868627276423392,0.2877492737136121,0.0,0.0,0.01695838188885495,0.0,0.0,1.4609315757942505,1.0,0.0,0.0,0.0,24.40663968728434,0.10406187646901024,0.08,100.0,100.0,0.5,55.0,0.08,-1.6241118740717138,1.7931103118223355,0.002,0.002,0.0178,0.0221
298,1763350646.8030899,-0.19999997337785852,0.09338433706884225,0.3766891919264752,-0.030959983571741134,-0.07500288274248586,0.06732699202248357,0.1003352443871394,-0.08476271401178244,-0.252,-0.504,1.592,0.997,-0.006,0.065,0.031,-0.329,-1.901,0.437,0.0,0.0,0.215,-0.075,-0.35,1.755,0.999,-0.036,0.004,-0.005,0.026,-0.581,0.216,-0.8,-0.7,0.1,-0.3100182436047944,-0.8682839472730466,1.6654535815571272,0.9994432338449087,-0.02071412067995747,0.01928130498127518,-0.017674241265366767,-0.246710646205937,-1.7045831435672487,0.32401542651781357,0.0,0.0,0.042152495221865836,-0.20816349116087243,-0.2712609282177836,1.546777762648263,0.9983238002424802,-0.04359130474360886,0.023251798535336588,-0.030145345992949345,-0.09103830424040502,-0.7607989251960423,0.26028532723661285,0.0,0.0,0.022796494283009856,0.0,0.0,1.4686409947459458,1.0,0.0,0.0,0.0,24.457149804570268,0.10290967642776044,0.08,100.0,100.0,0.5,55.0,0.08,-1.6821329691606333,1.7964815515562567,0.0021,0.0027,0.0158,0.0077
299,1763350646.8742502,-0.19999997646663203,0.0880381308996505,0.3921993033725995,-0.04125383484412212,-0.07500000546056466,0.00828809555485708,0.21880900420304988,-0.06307925020130785,-0.267,-0.624,1.602,0.997,-0.017,0.067,0.038,-0.278,-1.869,0.295,0.0,0.0,0.208,-0.074,-0.379,1.764,0.999,-0.049,0.01,-0.003,0.026,-0.432,0.13,-0.4,-0.1,0.1,-0.31315128767350475,-0.9747271807573767,1.6528990684820555,0.9985671534143096,-0.04381247071280968,0.0228323322159006,-0.020561909873955803,-0.17890323176327885,-1.6183293390797817,0.2025607611094944,0.0,0.0,0.06037953680955897,-0.22650571125861968,-0.3922125166688365,1.5684010576376424,0.9967853919385115,-0.06828269313458193,0.025965528232183104,-0.0328960116108383,-0.09604252229599451,-0.8840239887202391,0.24847634468328242,0.0,0.0,0.024887899531803204,0.0,0.0,1.4755282581475768,1.0,0.0,0.0,0.0,24.484948323985293,0.10250108634910438,0.08,100.0,100.0,0.5,55.0,0.08,-1.7338369828782496,1.7976943230733762,0.0014,0.0017,0.0144,0.0113
300,1763350646.9677527,-0.19999995086173,0.07217786809290266,0.4542015254395384,-0.042187132282487244,-0.07499986315047674,-0.046287014946370254,0.45708584909941924,-0.020136675258371386,-0.276,-0.742,1.552,0.997,-0.027,0.061,0.047,-0.203,-1.803,-0.22,0.0,0.0,0.226,-0.072,-0.401,1.768,0.998,-0.058,0.016,-0.001,0.034,-0.359,0.064,-0.4,0.1,0.1,-0.3052397226890985,-1.0745779948264669,1.4996911618713837,0.9970924491831188,-0.06857055034814324,0.025195524662934315,-0.02167747549697913,-0.08642099436358858,-1.5138157004011503,-0.2918737100412454,0.0,0.0,0.07944043321810844,-0.2411874398183467,-0.512854768849675,1.5620425853640416,0.9952711820998581,-0.0844112551844898,0.03312619628841854,-0.03482340016700319,-0.083364520739408,-0.9620946444376373,0.16130737018061936,0.0,0.0,0.02722678878373713,0.0,0.0,1.481581283398829,1.0,0.0,0.0,0.0,24.44544361313924,0.10460541885853211,0.08,100.0,100.0,0.5,55.0,0.08,-1.7780817498992074,1.7966151284947696,0.0106,0.008,0.0289,0.0106
301,1763350646.9965935,-0.19999836929345946,0.06182766837369681,0.4792350909016305,-0.034886282012740265,-0.07499207373179623,-0.024684298061190792,0.2954933993502877,0.020684076742802242,-0.305,-0.862,1.526,0.996,-0.036,0.063,0.057,-0.161,-1.484,-0.495,0.0,0.0,0.226,-0.069,-0.421,1.769,0.998,-0.065,0.014,0.002,0.055,-0.274,0.005,-0.2,0.1,0.1,-0.3240224900914614,-1.127400984979611,1.4222337932093763,0.9956302252745124,-0.08482090347793773,0.03206273874057333,-0.022312544396905436,-0.02932952031726309,-1.154937217749465,-0.44184904427834754,0.0,0.0,0.08630098216331931,-0.2549061620139078,-0.621557199070633,1.5410195949781063,0.9947140691037475,-0.08952380477094425,0.036674479985804455,-0.03441499127080842,-0.06090149444998866,-0.9707630130104951,0.029517299788995074,0.0,0.0,0.04649876826950137,0.0,0.0,1.4867894514365803,1.0,0.0,0.0,0.0,24.37836223664114,0.10720551848747052,0.08,100.0,100.0,0.5,55.0,0.08,-1.8053050673600237,1.7968213150828098,0.0022,0.0019,0.0097,0.0083
302,1763350647.0713952,-0.19999943687790983,0.05790522340673122,0.46516588107284473,-0.028228449903697196,-0.07500472640729917,0.0035731508053083727,0.10936710994418279,0.020206804790437703,-0.305,-0.862,1.526,0.996,-0.036,0.063,0.057,-0.161,-1.484,-0.495,0.0,0.0,0.226,-0.064,-0.434,1.771,0.997,-0.07,0.013,0.003,0.089,-0.166,0.06,-0.3,-0.3,0.1,-0.32320762166222655,-1.1236075839531048,1.4387886703497053,0.9950748028522777,-0.08998871449462109,0.035518451071251476,-0.021601102416438304,-0.02857668409058898,-1.1193574807602225,-0.27508604499264877,0.0,0.0,0.07905777068166585,-0.2672256134130116,-0.7226245666032031,1.5187207920284589,0.9944688189593216,-0.09260685352455411,0.03637927597927144,-0.033649473653502744,-0.03748354251603347,-0.9650060627173717,-0.0582149531548639,0.0,0.0,0.06413270954079196,0.0,0.0,1.4911436253643444,1.0,0.0,0.0,0.0,24.32177198000453,0.10873048538326768,0.08,100.0,100.0,0.5,55.0,0.08,-1.830840595181735,1.7978744032089973,0.0021,0.0019,0.0178,0.0083
303,1763350647.1313658,-0.1999993660228948,0.05619683268572898,0.46326911902084184,-0.02305793322160158,-0.07499943455414122,0.013172505172513012,0.16495339514230195,0.0152669146965916,-0.31,-0.909,1.499,0.995,-0.042,0.061,0.06,-0.147,-1.295,-0.578,0.0,0.0,0.185,-0.058,-0.438,1.782,0.997,-0.072,0.009,0.006,0.085,-0.049,0.204,0.1,0.2,0.0,-0.325508045498029,-1.1285688086182952,1.4153856957453321,0.994775927051741,-0.09299696709843226,0.03537011663802266,-0.02283361377126005,-0.023182704056289406,-0.9066588654454489,-0.25293665093271617,0.0,0.0,0.0651589125465095,-0.27795374525520355,-0.8117965715184727,1.4893148755262224,0.9947291492783766,-0.09264340631729132,0.030398112237752566,-0.03173442317464436,-0.011736113127417059,-0.9099049574631971,-0.05178693812383135,0.0,0.0,0.07092422712369545,0.0,0.0,1.4946361664814942,1.0,0.0,0.0,0.0,24.247092202641436,0.109883066393187,0.08,100.0,100.0,0.5,55.0,0.08,-1.8490033703034865,1.8001687102632102,0.0021,0.002,0.0104,0.0091
304,1763350647.2040918,-0.19999523789544846,0.0721460418484945,0.4189050478595726,-0.01718714496741584,-0.07497912162135371,0.10081985807097597,-0.04809443617353064,0.020707216312828094,-0.34,-0.97,1.516,0.995,-0.044,0.063,0.068,-0.222,-0.954,-0.203,0.0,0.0,0.17,-0.05,-0.435,1.805,0.997,-0.074,0.007,0.009,0.138,0.087,0.437,-0.1,-0.2,0.2,-0.37264970799428326,-1.1209847770483827,1.5081121094965522,0.994986176297718,-0.09292858839518886,0.029514800025873537,-0.02226349062381793,-0.11721274678723975,-0.5661378230586511,0.10661955739690751,0.0,0.0,0.05449413129260204,-0.2926413611123979,-0.8831757739937679,1.479621597243928,0.9954311292704666,-0.0887144308848913,0.02283382584698157,-0.02693015093316553,-0.008513679428777891,-0.8042520542906455,0.03304623009190923,0.0,0.0,0.06517068329592987,0.0,0.0,1.4972609476841368,1.0,0.0,0.0,0.0,24.211087194932286,0.11008709244429891,0.08,100.0,100.0,0.5,55.0,0.08,-1.8566839701817017,1.8081251030223529,0.0024,0.0034,0.0131,0.0106
305,1763350647.2844977,-0.19667314848416018,0.06658576159630127,0.3975239793316442,-0.014060498826361248,-0.058387767154351754,-0.0007466355677807606,0.05018405030769711,0.009188051342492006,-0.336,-1.009,1.539,0.994,-0.046,0.062,0.073,-0.09,-0.675,0.018,0.0,0.0,0.135,-0.043,-0.423,1.839,0.997,-0.077,0.008,0.008,0.124,0.236,0.601,-0.0,0.4,-0.1,-0.34483243556434556,-1.1064041092900354,1.5668936093263666,0.9956067446514231,-0.08888505661776351,0.022160337544753526,-0.019379787268071366,-0.004030704650384526,-0.31268675203745694,0.20782736635649796,0.0,0.0,0.04220666751632049,-0.30018015297985995,-0.9380206495901555,1.4841761445594435,0.9959737770742733,-0.08510590926641391,0.017898645440653563,-0.02174530017572543,0.003286526628959136,-0.6792264366354831,0.11049628211887128,0.0,0.0,0.05600423543795309,0.0,0.0,1.499013364214136,1.0,0.0,0.0,0.0,24.19781815987211,0.11010930490102594,0.08,100.0,100.0,0.5,55.0,0.08,-1.857307941425429,1.8122358690588212,0.0021,0.0104,0.0173,0.011
306,1763350647.336643,-0.1963356858720289,0.06659367009512313,0.4068166914657504,-0.011169037518036311,-0.07206511762090378,0.025009203092722282,0.19553505291989787,0.00918461948173921,-0.336,-1.009,1.539,0.994,-0.046,0.062,0.073,-0.09,-0.675,0.018,0.0,0.0,0.135,-0.034,-0.405,1.877,0.997,-0.078,0.009,0.01,0.137,0.326,0.626,-0.1,0.2,0.1,-0.3462004805972079,-1.108690432777052,1.5578694449293247,0.9961020354888489,-0.085229633969122,0.017299907345497294,-0.014743052407791042,-0.013248254382988432,-0.33710588808277236,0.09812497746502959,0.0,0.0,0.036025338210165465,-0.3069440309701308,-0.9864563113544607,1.4896811802821524,0.9961861861682577,-0.08418023074829951,0.015278643028746073,-0.017127005164491147,0.008608946536278007,-0.5735109710913582,0.1760513167718588,0.0,0.0,0.047135272173172774,0.0,0.0,1.4998903417374227,1.0,0.0,0.0,0.0,24.173003495399556,0.1101326683247013,0.08,100.0,100.0,0.5,55.0,0.08,-1.8617665685953277,1.8158535761021504,0.0018,0.0018,0.0147,0.01
307,1763350647.397266,-0.14285848895288145,0.06400821893906934,0.3649604948294921,-0.008385847768989017,0.1937601023937266,0.012045370505402254,-0.05672472388163501,0.009727559675972853,-0.335,-1.004,1.611,0.994,-0.05,0.064,0.076,-0.041,-0.158,0.353,0.0,0.0,0.06,-0.025,-0.38,1.916,0.997,-0.079,0.007,0.01,0.143,0.41,0.591,-0.1,-0.1,0.1,-0.3357441209172553,-1.0032651002570243,1.6803312204677516,0.9962441740324205,-0.08423779141848928,0.014958030571298308,-0.013334073826983478,0.03393943707986664,0.16167758034536434,0.33788294186084894,0.0,0.0,0.024610010647577434,-0.31099708327378095,-1.0063499116292278,1.5174379621491612,0.9965147504225683,-0.08067547310382861,0.018075251825462706,-0.011095291846811408,0.01643335857330384,-0.4175572129798275,0.2130219641982395,0.0,0.0,0.03697857649933537,0.0,0.0,1.4998903417374227,1.0,0.0,0.0,0.0,24.198689233625643,0.11006340181015184,0.08,100.0,100.0,0.5,55.0,0.08,-1.8512795364598857,1.8197784633841654,0.0018,0.0015,0.0109,0.0084
308,1763350647.4879372,-0.12446059466028273,0.05974005304713673,0.33567500400728234,-0.006352875322153209,0.03841753810566301,0.0026622526424879417,-0.009567268549989377,0.007020169320808165,-0.333,-1.009,1.669,0.993,-0.047,0.067,0.08,-0.003,-0.118,0.603,0.0,0.0,0.092,-0.016,-0.349,1.951,0.997,-0.078,0.009,0.01,0.143,0.499,0.542,0.0,0.1,-0.0,-0.3266135870662099,-1.00214858548268,1.78299988014294,0.9965556901966721,-0.08075898080776163,0.017698409758282112,-0.006442798115263817,0.06425442473246175,0.17144363809909285,0.5014455275764049,0.0,0.0,0.022791442703108136,-0.31283557905202997,-1.0203830560998393,1.5593345381565271,0.9967980077089054,-0.07797902178625628,0.01656130894191234,-0.006223104928074829,0.02838862557755646,-0.28515134905187656,0.25735093908726153,0.0,0.0,0.030077151377869614,0.0,0.0,1.499013364214136,1.0,0.0,0.0,0.0,24.254212108380404,0.10963354467327222,0.08,100.0,100.0,0.5,55.0,0.08,-1.8457998755198284,1.8223886306173671,0.0019,0.0121,0.0145,0.0181
309,1763350647.5662127,-0.0651260502088341,0.005259549412900889,0.41049937853915647,-0.05587611983146575,0.24999999925963706,-0.24999999827850292,0.4999999991621018,-0.24999855079237018,0.0,0.0,0.0,1.0,-0.0,-0.0,-0.0,4.963,14.988,-24.58,0.0,0.0,-2.327,-0.006,-0.312,1.983,0.997,-0.07,0.008,0.009,0.168,0.642,0.484,0.4,0.2,-0.0,1.0012625720041586,3.024562001867062,-4.872728314907497,0.992734516155528,-0.0763077098900263,0.023068120945375595,-0.09012866159462819,5.048217554141705,15.225229721581881,-24.228321613449182,0.0,0.0,-0.18346199444929992,-0.07790584988133148,-0.31618046923482923,0.3767039842649853,0.9821606007283635,-0.1787611294571633,0.044407941734023314,-0.03785429543720127,0.778578081561364,1.9645815385421261,-3.299764581758055,0.0,0.0,0.012649579425998677,0.0,0.0,1.4972609476841368,1.0,0.0,0.0,0.0,21.403931261197187,0.1563978309472742,0.08,100.0,100.0,0.5,55.0,0.08,-1.199976885419917,1.6533052774987456,0.0027,0.0042,0.0389,0.0125
310,1763350647.603432,-0.010241624237192964,-0.04513377563923824,0.4797119104589843,-0.101685120391686,0.24999986102989286,-0.2499942942308578,0.49999992655132336,-0.24999854773790095,0.0,0.0,0.0,1.0,-0.0,-0.0,-0.0,2.482,7.494,-12.29,0.0,0.0,-1.163,0.004,-0.271,2.005,0.998,-0.063,0.006,0.01,0.156,0.626,0.297,0.2,-0.1,0.0,0.5085489749184294,1.5332420114400749,-2.4661993028401414,0.9797944788844523,-0.1767978812535125,0.05167316400339719,-0.07794339262369607,2.5835037827194287,7.781265164054965,-12.294638421802373,0.0,0.0,-0.028985261397564663,0.0481772098668152,0.06047308386078254,-0.24184440480824704,0.9836866664484045,-0.1643035978406442,0.045481787482675284,-0.057413212726914166,1.0618898059830406,2.845569472770646,-4.687673976964749,0.0,0.0,0.007935598798596254,0.0,0.0,1.4946361664814942,1.0,0.0,0.0,0.0,20.417825226652095,0.029460241848478508,0.08,100.0,100.0,0.5,55.0,0.08,-0.9774907687066231,1.5962128253961627,0.0024,0.0023,0.0146,0.0096
311,1763350647.6656377,0.04052649675598989,0.00825122564444751,0.5437335168734935,-0.14405870716400193,0.24999999587696692,0.24999984055371438,0.4999999984946644,-0.24999985400846175,0.0,0.0,0.0,1.0,-0.0,-0.0,-0.0,1.241,3.747,-6.145,0.0,0.0,-0.582,0.015,-0.227,2.02,0.999,-0.044,-0.005,0.014,0.161,0.686,0.219,0.7,-0.3,0.2,0.25803683269907846,0.7789540070399309,-1.2689176706173109,0.9826075715278841,-0.16353217933168782,0.04818185943929594,-0.07360771100961291,1.3012702618816123,3.9915657166479783,-6.3815617639777,0.0,0.0,0.08981070659988886,0.11730200665643048,0.2683082871205459,-0.5735262973037842,0.990878678581318,-0.11431723648132726,0.03394482528342725,-0.06275956192239529,1.1156311764533584,3.0530165448722326,-5.06424147552795,0.0,0.0,0.0067724081157895626,0.0,0.0,1.4911436253643444,1.0,0.0,0.0,0.0,20.3008119071339,0.01,0.08,100.0,100.0,0.5,55.0,0.08,-0.9499572443912294,1.5916348031675023,0.0017,0.0032,0.0118,0.0067
312,1763350647.7325547,0.08748687991966808,-0.042367248799301094,0.5999999316635052,-0.14216291925225225,0.24999935210188715,-0.24999816260207516,0.48523214277761906,-0.04454307562775228,0.0,0.0,0.0,1.0,-0.0,-0.0,-0.0,0.62,1.874,-3.072,0.0,0.0,-0.291,0.025,-0.179,2.042,0.999,-0.025,-0.02,0.02,0.147,0.728,0.388,0.5,-0.5,0.2,0.12762915257332502,0.39723129933531415,-0.623773516214529,0.9908681879077571,-0.11431156825533695,0.033963908539146985,-0.06292497494753252,0.6173154645010382,2.03383030579272,-3.0315330340229427,0.0,0.0,0.18662599288331944,0.15574967067776962,0.38831930974353834,-0.7558627226636403,0.9977913165369972,-0.040742344919339174,0.0011824028915789443,-0.0524514241679054,1.048842092754324,2.9489338684287754,-4.735756820413114,0.0,0.0,0.06570126989224072,0.0,0.0,1.48678945143658,1.0,0.0,0.0,0.0,20.527126854156734,0.11407071473587413,0.08,100.0,100.0,0.5,55.0,0.08,-1.001225529294119,1.609801539735047,0.0023,0.0039,0.0116,0.0069
313,1763350647.8188758,0.12548508078746845,-0.008940239482307134,0.5999997611057679,-0.10140447920897613,0.22279858430887736,0.15124732828523188,0.22499912158512836,0.15048110549678606,0.0,0.0,0.0,1.0,-0.0,-0.0,-0.0,0.31,0.937,-1.536,0.0,0.0,-0.145,0.032,-0.13,2.082,0.999,-0.006,-0.02,0.029,0.103,0.758,0.706,0.5,0.1,0.2,0.05589124389578428,0.19281077110940326,-0.2831087621620681,0.9982300826768208,-0.040751469653929784,0.0008089914519060897,-0.043305488022921744,0.22892024752448942,0.9333143650705631,-1.1802344635082749,0.0,0.0,0.21603257467001827,0.17695153072484765,0.4605362092848121,-0.8510913909189546,0.9991921780425805,0.007467781619492987,-0.023663712922731676,-0.03161095169269951,0.8879499233886725,2.6465890467719833,-4.013479829440449,0.0,0.0,0.1368096610870787,0.0,0.0,1.481581283398829,1.0,0.0,0.0,0.0,20.83747095879608,0.3001147854918785,0.08,100.0,100.0,0.5,55.0,0.08,-1.0755724247349503,1.6331011369441195,0.0048,0.013,0.0138,0.0126
314,1763350647.9013107,0.06721288062804306,0.014584462858428224,0.5999321586563029,-0.0700434082710675,-0.24430409550182636,0.1142709218978116,0.22466189816733714,0.11877867498617711,0.0,0.0,0.0,1.0,-0.0,-0.0,-0.0,0.155,0.468,-0.768,0.0,0.0,-0.073,0.037,-0.083,2.152,0.999,0.015,-0.028,0.036,0.079,0.806,1.346,0.6,-0.6,0.3,0.02063608625505406,0.08211505132768306,-0.10384464372108067,0.999514398262091,0.007769386158648811,-0.023566410637254284,-0.01884750899095734,0.04118736003128218,0.30656245215672256,-0.2296242184851243,0.0,0.0,0.1784243674180945,0.1861302534968371,0.502228874168164,-0.8923265123347615,0.9994654600878625,0.028588882857141767,-0.010716436474657897,-0.011688791965910505,0.7067897591621515,2.238858985693501,-3.153635777220046,0.0,0.0,0.20947509518752697,0.0,0.0,1.4755282581475768,1.0,0.0,0.0,0.0,21.12323192271015,0.4857723566983311,0.08,100.0,100.0,0.5,55.0,0.08,-1.148058069813322,1.6537444693703192,0.0103,0.0036,0.0175,0.0232
315,1763350647.9560053,0.012189077513654223,0.02992170014877477,0.598986806684722,-0.04698359873882146,-0.24991418533642812,0.0821553600236433,0.22024779963820926,0.0890327695595799,0.0,0.0,0.0,1.0,-0.0,-0.0,-0.0,0.078,0.234,-0.384,0.0,0.0,-0.036,0.039,-0.045,2.241,0.998,0.037,-0.022,0.041,0.013,0.721,1.765,1.1,0.5,0.1,0.004767883406137997,0.024239535640341894,-0.01440286588575265,0.9995336817059678,0.02870702177545928,-0.010395822936067105,-0.0005028932075235168,-0.025911615257405995,-0.013106415488654244,0.22502886104800413,0.0,0.0,0.12935795032381275,0.18789911340984197,0.5220386226738417,-0.8992683004658434,0.9989378034191941,0.040321356488344104,-0.021482987650215772,0.005994526886753246,0.5411341387115264,1.8084616533819453,-2.3229695177053546,0.0,0.0,0.23165176881850158,0.0,0.0,1.4686409947459458,1.0,0.0,0.0,0.0,21.35348863866122,0.5,0.08,100.0,100.0,0.5,55.0,0.08,-1.2100080671257696,1.6701791958886414,0.0051,0.0037,0.02,0.0191
316,1763350648.0282917,-0.03440892814004456,0.03846856480205064,0.5769034557656181,-0.029786483293747678,-0.22841912420087357,0.0539549608221699,0.11420329791125197,0.06836672769831086,0.0,0.0,0.0,1.0,-0.0,-0.0,-0.0,0.039,0.117,-0.192,0.0,0.0,-0.018,0.037,-0.005,2.394,0.998,0.038,-0.021,0.048,-0.033,0.507,2.201,0.0,0.1,0.2,-0.0007341520719523261,-0.0027903893020333314,0.022791398295675287,0.9988607186964104,0.04048760392349581,-0.02116800595175603,0.013781658022573983,-0.029537263585704847,-0.12726761730003538,0.4142081614847623,0.0,0.0,0.08733561338692927,0.18448481818371315,0.5257750424088424,-0.8824876531530363,0.9984337092586804,0.05122339500196028,-0.013053631594904733,0.01832743087861606,0.4057574109774331,1.4071253458004482,-1.6616565287817846,0.0,0.0,0.19418048916115158,0.0,0.0,1.4609315757942505,1.0,0.0,0.0,0.0,21.533926116187136,0.5,0.08,100.0,100.0,0.5,55.0,0.08,-1.2593661796198123,1.6830129477898865,0.0123,0.0037,0.0157,0.0207
317,1763350648.0682116,-0.05343308452052745,0.03834634501939533,0.5571237873677801,-0.017718620461148575,-0.10802412995493119,0.013814612887492424,0.11744045392291658,0.049169382927840156,0.0,0.0,0.0,1.0,-0.0,-0.0,-0.0,0.01,0.029,-0.048,0.0,0.0,-0.005,0.032,0.022,2.563,0.998,0.027,-0.021,0.05,-0.072,0.424,2.861,-0.5,-0.3,0.2,-0.0017897520161834937,-0.015410118516313005,0.05152111152270463,0.9983174990313924,0.051294580283563665,-0.012771042513255783,0.023831442137720565,-0.015447905671945216,-0.139764535830699,0.5335373886369609,0.0,0.0,0.05724718909670397,0.17765434483641693,0.5161500473880006,-0.8496783499117988,0.9989354669939174,0.037634214690415085,-0.0061792149759021435,0.02595025950855144,0.3122869367244317,1.073831910055286,-1.1236376333504778,0.0,0.0,0.1484419597717365,0.0,0.0,1.45241352623301,1.0,0.0,0.0,0.0,21.677926302304904,0.5,0.08,100.0,100.0,0.5,55.0,0.08,-1.299947860866702,1.6942496135346095,0.0043,0.003,0.0137,0.0058
318,1763350648.1588402,-0.04529763825228783,0.03350036455251003,0.5546295284966489,-0.008877669133910172,0.020639824646000317,-0.00985002295215327,0.19645012590726163,0.0375602739632613,0.0,0.0,0.0,1.0,-0.0,-0.0,-0.0,0.01,0.029,-0.048,0.0,0.0,-0.005,0.028,0.044,2.758,0.998,0.027,-0.008,0.061,-0.086,0.369,3.581,-0.0,0.4,0.3,0.0012049774609911319,-0.005588414509328654,0.04906866363164221,0.9988386333020564,0.037655588693117824,-0.006047598966317597,0.02944261894257577,0.008767107122285803,-0.0432865209390716,0.4897323572336946,0.0,0.0,0.034963492007006616,0.1699938183378309,0.4998016254019681,-0.8106930683390189,0.9993050397573002,0.02141309637395178,-0.0016189684849764608,0.030467946441879362,0.2501819567245016,0.8354045290900982,-0.6984727458551019,0.0,0.0,0.10710333359927782,0.0,0.0,1.4431017896156075,1.0,0.0,0.0,0.0,21.778591460033194,0.5,0.08,100.0,100.0,0.5,55.0,0.08,-1.333849684407074,1.7042999002211054,0.0027,0.0056,0.0183,0.0244
319,1763350648.2159934,-0.03439259664815156,0.030780927633482832,0.5507702904866812,-0.002523085997463357,0.0375385936760734,-0.0010345478879447492,0.18868988313640478,0.028443789757017758,0.0,0.0,0.0,1.0,-0.0,-0.0,-0.0,0.002,0.007,-0.012,0.0,0.0,-0.001,0.018,0.062,2.979,0.998,0.005,-0.019,0.055,-0.146,0.309,3.926,-0.5,-0.0,-0.1,0.0009771536880189323,-0.0014638296056660987,0.04861547359218587,0.9992364374034507,0.021416565579801154,-0.0015724102650295562,0.03264047196326067,0.00925534695535423,0.0037296909353977214,0.47373388692575946,0.0,0.0,0.019110531353968663,0.16172843268835382,0.4786509777365239,-0.7655233014140839,0.999442521724813,0.004796449989910112,0.0012687357286334945,0.033015604575589864,0.20488374166529094,0.6677651907852196,-0.38124980181134793,0.0,0.0,0.07309671444608151,0.0,0.0,1.4330127018922194,1.0,0.0,0.0,0.0,21.847954486713018,0.5,0.08,100.0,100.0,0.5,55.0,0.08,-1.3642100686629137,1.7137502549237014,0.0052,0.003,0.0173,0.0152
