step,timestamp,u0,u1,u2,u3,u0_rate,u1_rate,u2_rate,u3_rate,orb_pose_x,orb_pose_y,orb_pose_z,orb_pose_qw,orb_pose_qx,orb_pose_qy,orb_pose_qz,orb_pose_vx,orb_pose_vy,orb_pose_vz,orb_pose_avx,orb_pose_avy,orb_pose_avz,mot_pose_x,mot_pose_y,mot_pose_z,mot_pose_qw,mot_pose_qx,mot_pose_qy,mot_pose_qz,mot_pose_vx,mot_pose_vy,mot_pose_vz,mot_pose_avx,mot_pose_avy,mot_pose_avz,est_pose_x,est_pose_y,est_pose_z,est_pose_qw,est_pose_qx,est_pose_qy,est_pose_qz,est_pose_vx,est_pose_vy,est_pose_vz,est_pose_avx,est_pose_avy,est_pose_avz,traj_x_ref,traj_y_ref,traj_z_ref,traj_qw_ref,traj_qx_ref,traj_qy_ref,traj_qz_ref,est_param_thrust_ratio,est_param_drag_coeff_z,est_param_tau_rate,est_param_centre_rate_deg,est_param_max_rate_deg,est_param_rate_expo,est_param_angle_max_deg,est_param_tau_angle,MPC_setup_time,MPC_solve_time,Visualisation_time,UKF_update_time
0,1762746468.0317702,-0.0002317096560169341,-7.423308408214204e-05,0.09999998402668171,-0.0020322040885094226,-0.0011585482800846704,-0.00037116542041071017,0.49999992013340855,-0.010161020442547113,0.006,0.002,0.002,1.0,-0.0,0.0,0.004,0.001,0.0,0.0,-0.0,0.0,-0.0,0.007,0.004,0.1,1.0,0.0,-0.0,0.003,0.0,0.0,0.0,0.0,0.0,0.0,0.00606668141175228,0.001999955752929076,-0.019509325646015284,0.9999724922004294,0.0005350354833158198,0.00017683356879914132,-0.00958371597683327,0.0010007781157695193,-2.3471691452822885e-06,-0.6437248025738942,0.02854382249119186,0.0091443438402709,-0.7432682983845482,0.0,0.0,0.0,1.0,0.0,0.0,0.0,42.0,0.2,0.12,100.0,100.0,0.5,55.0,0.08,0.0041,0.0018,0.0014,0.0002
0,1762746468.0938294,-0.002848922872398992,0.0019123540021674962,0.19999987513883966,-0.00111928453489288,-0.01308606608191029,0.00993293543124819,0.49999945556078973,0.004564597768082714,0.006,0.002,0.002,1.0,-0.0,0.0,0.004,0.0,-0.0,-0.001,0.0,-0.0,-0.0,0.007,0.004,0.1,1.0,0.0,-0.0,0.003,0.0,0.0,0.0,0.0,0.0,0.0,0.006,0.002,0.002,1.0,-0.0,0.0,0.004,0.0,-0.0,-0.001,0.0,-0.0,-0.0,0.0,0.0,0.0,1.0,0.0,0.0,0.0,42.0,0.2,0.12,100.0,100.0,0.5,55.0,0.08,0.0014,0.0007,0.0008,0.0001
0,1762746468.166508,-0.0003693288546508652,0.0032209649071464046,0.24646732758316514,-0.0004708697089626625,0.012397970088740632,0.006543054524894541,0.23233726222162743,0.003242074129651085,0.006,0.003,0.002,1.0,-0.0,0.0,0.004,-0.0,0.001,-0.001,0.0,-0.0,-0.0,0.007,0.004,0.1,1.0,0.0,-0.0,0.003,0.0,0.0,0.0,0.0,0.0,0.0,0.006,0.003,0.002,1.0,-0.0,0.0,0.004,-0.0,0.001,-0.001,0.0,-0.0,-0.0,0.0,0.0,0.0,1.0,0.0,0.0,0.0,42.0,0.2,0.12,100.0,100.0,0.5,55.0,0.08,0.0027,0.0029,0.0021,0.0006
0,1762746468.226684,-0.002800686835881363,0.0006452493172262362,0.24448267015539077,-1.5783262599206385e-05,-0.012156789906152488,-0.012878577949600843,-0.009923287138871924,0.0022754322318172798,0.006,0.002,0.002,1.0,-0.0,0.0,0.004,-0.001,0.0,-0.0,0.0,-0.0,-0.0,0.007,0.004,0.1,1.0,0.0,-0.0,0.003,0.0,0.0,0.0,0.0,0.0,0.0,0.006,0.002,0.002,1.0,-0.0,0.0,0.004,-0.001,0.0,-0.0,0.0,-0.0,-0.0,0.0,0.0,0.0,1.0,0.0,0.0,0.0,42.0,0.2,0.12,100.0,100.0,0.5,55.0,0.08,0.0005,0.0006,0.0015,0.0001
0,1762746468.2964501,-0.0034179597227159252,2.869277545498915e-05,0.24284404086705072,0.0003150331950059086,-0.0030863644341728117,-0.003082782708856235,-0.008193146441700175,0.0016540822880255748,0.006,0.002,0.002,1.0,-0.0,0.0,0.004,-0.001,-0.0,-0.001,0.0,-0.0,0.0,0.007,0.004,0.1,1.0,0.0,-0.0,0.003,0.0,0.0,0.0,0.0,0.0,0.0,0.006,0.002,0.002,1.0,-0.0,0.0,0.004,-0.001,-0.0,-0.001,0.0,-0.0,0.0,0.0,0.0,0.0,1.0,0.0,0.0,0.0,42.0,0.2,0.12,100.0,100.0,0.5,55.0,0.08,0.0017,0.0011,0.0024,0.0004
0,1762746468.3675854,-0.00019632675686372548,0.0028865102349451264,0.24298183639127086,0.0005579210005260157,0.016108164829261,0.014289087297450686,0.0006889776211005741,0.0012144390276005359,0.006,0.003,0.002,1.0,-0.0,0.0,0.004,-0.0,0.001,-0.001,0.0,-0.0,-0.0,0.007,0.004,0.1,1.0,0.0,-0.0,0.003,0.0,0.0,0.0,0.0,0.0,0.0,0.006,0.003,0.002,1.0,-0.0,0.0,0.004,-0.0,0.001,-0.001,0.0,-0.0,-0.0,0.0,0.0,0.0,1.0,0.0,0.0,0.0,42.0,0.2,0.12,100.0,100.0,0.5,55.0,0.08,0.001,0.0026,0.0059,0.0005
0,1762746468.4326346,-0.0028245668877194385,0.0035276654450144126,0.24480982434169576,0.0007227154084381725,-0.013141200654278564,0.0032057760503464323,0.009139939752124467,0.0008239720395607838,0.006,0.002,0.002,1.0,-0.0,0.0,0.004,-0.0,-0.0,0.0,0.0,0.0,0.0,0.007,0.004,0.1,1.0,0.0,-0.0,0.003,0.0,0.0,0.0,0.0,0.0,0.0,0.006,0.002,0.002,1.0,-0.0,0.0,0.004,-0.0,-0.0,0.0,0.0,0.0,0.0,0.0,0.0,0.0,1.0,0.0,0.0,0.0,42.0,0.2,0.12,100.0,100.0,0.5,55.0,0.08,0.0018,0.0016,0.004,0.0004
0,1762746468.499664,-0.0034246195764300836,0.000667901267154207,0.24281462111648922,0.000841671720251733,-0.0030002634435532245,-0.014298820889301025,-0.009976016126032836,0.0005947815590678029,0.006,0.002,0.002,1.0,-0.0,0.0,0.004,-0.001,-0.0,-0.001,0.0,-0.0,0.0,0.007,0.004,0.1,1.0,0.0,-0.0,0.003,0.0,0.0,0.0,0.0,0.0,0.0,0.006,0.002,0.002,1.0,-0.0,0.0,0.004,-0.001,-0.0,-0.001,0.0,-0.0,0.0,0.0,0.0,0.0,1.0,0.0,0.0,0.0,42.0,0.2,0.12,100.0,100.0,0.5,55.0,0.08,0.0017,0.003,0.0036,0.0002
0,1762746468.5654054,-0.003455920496058526,0.00304570077177229,0.24482714735733316,0.0009350077501848365,-0.0001565045981422107,0.011888997523090413,0.010062631204219897,0.00046668014966551715,0.006,0.003,0.002,1.0,-0.0,0.0,0.004,-0.0,0.0,-0.0,0.0,-0.0,-0.0,0.007,0.004,0.1,1.0,0.0,-0.0,0.003,0.0,0.0,0.0,0.0,0.0,0.0,0.006,0.003,0.002,1.0,-0.0,0.0,0.004,-0.0,0.0,-0.0,0.0,-0.0,-0.0,0.0,0.0,0.0,1.0,0.0,0.0,0.0,42.0,0.2,0.12,100.0,100.0,0.5,55.0,0.08,0.0012,0.0014,0.0037,0.0004
0,1762746468.63027,-0.0035561689410836036,0.000554540716093262,0.2446511965935999,0.0009947828051203394,-0.0005012422251253871,-0.01245580027839514,-0.0008797538186662499,0.0002988752746775151,0.006,0.002,0.002,1.0,-0.0,0.0,0.004,-0.001,-0.0,0.0,0.0,0.0,0.0,0.007,0.004,0.1,1.0,0.0,-0.0,0.003,0.0,0.0,0.0,0.0,0.0,0.0,0.006,0.002,0.002,1.0,-0.0,0.0,0.004,-0.001,-0.0,0.0,0.0,0.0,0.0,0.0,0.0,0.0,1.0,0.0,0.0,0.0,42.0,0.2,0.12,100.0,100.0,0.5,55.0,0.08,0.0019,0.0022,0.0017,0.0002
0,1762746468.698817,-0.0035649686943309304,0.003020295578729774,0.24466708096315015,0.0010452529262172526,-4.399876623663703e-05,0.012328774313182559,7.94218477512057e-05,0.0002523506054845661,0.006,0.002,0.002,1.0,-0.0,0.0,0.004,-0.0,-0.0,-0.0,0.0,-0.0,0.0,0.007,0.004,0.1,1.0,0.0,-0.0,0.003,0.0,0.0,0.0,0.0,0.0,0.0,0.006,0.002,0.002,1.0,-0.0,0.0,0.004,-0.0,-0.0,-0.0,0.0,-0.0,0.0,0.0,0.0,0.0,1.0,0.0,0.0,0.0,42.0,0.2,0.12,100.0,100.0,0.5,55.0,0.08,0.0012,0.0028,0.0033,0.0002
0,1762746468.764556,-0.00023449852594114315,0.0035506925718414846,0.2428224761503572,0.001084182097710217,0.016652350841948934,0.0026519849655585546,-0.009223024063964674,0.00019464585746482304,0.006,0.003,0.002,1.0,-0.0,0.0,0.004,-0.0,0.001,-0.001,0.0,-0.0,-0.0,0.007,0.004,0.1,1.0,0.0,-0.0,0.003,0.0,0.0,0.0,0.0,0.0,0.0,0.006,0.003,0.002,1.0,-0.0,0.0,0.004,-0.0,0.001,-0.001,0.0,-0.0,-0.0,0.0,0.0,0.0,1.0,0.0,0.0,0.0,42.0,0.2,0.12,100.0,100.0,0.5,55.0,0.08,0.0022,0.0025,0.0021,0.0002
0,1762746468.826159,-0.0028508462404625862,0.0006558569522283515,0.24482763722830217,0.001101296482299829,-0.01308173857260721,-0.014474178098065664,0.010025805389724671,8.557192294806121e-05,0.006,0.002,0.002,1.0,-0.0,0.0,0.004,-0.001,-0.0,0.0,0.0,0.0,0.0,0.007,0.004,0.1,1.0,0.0,-0.0,0.003,0.0,0.0,0.0,0.0,0.0,0.0,0.006,0.002,0.002,1.0,-0.0,0.0,0.004,-0.001,-0.0,0.0,0.0,0.0,0.0,0.0,0.0,0.0,1.0,0.0,0.0,0.0,42.0,0.2,0.12,100.0,100.0,0.5,55.0,0.08,0.0004,0.0006,0.0008,0.0001
0,1762746468.8950276,-0.0034096828802733063,0.003038571583203009,0.24464909521379638,0.00112096376248003,-0.0027941831990536004,0.011913573154873288,-0.0008927100725290363,9.833640090100399e-05,0.006,0.002,0.002,1.0,-0.0,0.0,0.004,-0.0,-0.0,-0.0,0.0,-0.0,0.0,0.007,0.004,0.1,1.0,0.0,-0.0,0.003,0.0,0.0,0.0,0.0,0.0,0.0,0.006,0.002,0.002,1.0,-0.0,0.0,0.004,-0.0,-0.0,-0.0,0.0,-0.0,0.0,0.0,0.0,0.0,1.0,0.0,0.0,0.0,42.0,0.2,0.12,100.0,100.0,0.5,55.0,0.08,0.0014,0.0011,0.0015,0.0002
0,1762746468.9772372,-0.00019903134666973557,0.0035546933545364933,0.24282471427857608,0.0011385445549344359,0.01605325766801785,0.002580608856667419,-0.009121904676101637,8.790396227202911e-05,0.006,0.003,0.002,1.0,-0.0,0.0,0.004,-0.0,0.001,-0.001,0.0,-0.0,-0.0,0.007,0.004,0.1,1.0,0.0,-0.0,0.003,0.0,0.0,0.0,0.0,0.0,0.0,0.006,0.003,0.002,1.0,-0.0,0.0,0.004,-0.0,0.001,-0.001,0.0,-0.0,-0.0,0.0,0.0,0.0,1.0,0.0,0.0,0.0,42.0,0.2,0.12,100.0,100.0,0.5,55.0,0.08,0.0053,0.006,0.0074,0.0008
0,1762746469.0258944,-0.0028428998930965185,0.0006566761353162909,0.2448273422875642,0.0011403481443990572,-0.013219342732133911,-0.014490086096101012,0.010013140044940434,9.01794732310795e-06,0.006,0.002,0.002,1.0,-0.0,0.0,0.004,-0.001,0.0,0.0,0.0,0.0,0.0,0.007,0.004,0.1,1.0,0.0,-0.0,0.003,0.0,0.0,0.0,0.0,0.0,0.0,0.006,0.002,0.002,1.0,-0.0,0.0,0.004,-0.001,0.0,0.0,0.0,0.0,0.0,0.0,0.0,0.0,1.0,0.0,0.0,0.0,42.0,0.2,0.12,100.0,100.0,0.5,55.0,0.08,0.0004,0.0005,0.0009,0.0001
0,1762746469.095575,-0.0034294285671226526,2.736477068257916e-05,0.24281182062192863,0.0011451729572360912,-0.002932643370130671,-0.003146556823168557,-0.010077608328177723,2.4124064185171353e-05,0.006,0.002,0.002,1.0,-0.0,0.0,0.004,-0.001,-0.0,-0.001,0.0,-0.0,0.0,0.007,0.004,0.1,1.0,0.0,-0.0,0.003,0.0,0.0,0.0,0.0,0.0,0.0,0.006,0.002,0.002,1.0,-0.0,0.0,0.004,-0.001,-0.0,-0.001,0.0,-0.0,0.0,0.0,0.0,0.0,1.0,0.0,0.0,0.0,42.0,0.2,0.12,100.0,100.0,0.5,55.0,0.08,0.0007,0.0013,0.0028,0.0002
0,1762746469.1591938,-0.0004004023334213359,0.0027005806452396323,0.2430628699187021,0.0011517914652307154,0.015145131168506581,0.013366079372785267,0.0012552464838673227,3.309253997312223e-05,0.006,0.003,0.002,1.0,-0.0,0.0,0.004,-0.0,0.001,-0.002,0.001,-0.001,-0.0,0.007,0.004,0.1,1.0,0.0,-0.0,0.003,0.0,0.0,0.0,0.0,0.0,0.0,0.006,0.003,0.002,1.0,-0.0,0.0,0.004,-0.0,0.001,-0.002,0.001,-0.001,-0.0,0.0,0.0,0.0,1.0,0.0,0.0,0.0,42.0,0.2,0.12,100.0,100.0,0.5,55.0,0.08,0.0004,0.0006,0.0009,0.0001
0,1762746469.2315736,-0.0028734224353670706,0.003482880347992346,0.24480201412434352,0.0011490181406678332,-0.012365100509728675,0.00391149851376357,0.008695721028207079,-1.3866622814410795e-05,0.006,0.002,0.002,1.0,-0.0,0.0,0.004,-0.0,-0.0,-0.0,0.0,0.0,0.0,0.007,0.004,0.1,1.0,0.0,-0.0,0.003,0.0,0.0,0.0,0.0,0.0,0.0,0.006,0.002,0.002,1.0,-0.0,0.0,0.004,-0.0,-0.0,-0.0,0.0,0.0,0.0,0.0,0.0,0.0,1.0,0.0,0.0,0.0,42.0,0.2,0.12,100.0,100.0,0.5,55.0,0.08,0.001,0.0025,0.0035,0.0005
0,1762746469.2973185,-0.003435310301631784,0.0006572615456132739,0.24281554895845886,0.001147926712953935,-0.0028094393313235653,-0.014128094011895364,-0.00993232582942326,-5.457138569490923e-06,0.006,0.002,0.002,1.0,-0.0,0.0,0.004,-0.001,-0.0,-0.001,0.0,-0.0,0.0,0.007,0.004,0.1,1.0,0.0,-0.0,0.003,0.0,0.0,0.0,0.0,0.0,0.0,0.006,0.002,0.002,1.0,-0.0,0.0,0.004,-0.001,-0.0,-0.001,0.0,-0.0,0.0,0.0,0.0,0.0,1.0,0.0,0.0,0.0,42.000377791059584,0.19997542415284536,0.15559280226411779,100.00000007944888,110.00000007944888,0.4999999999999999,55.000005628672014,0.08192769300427687,0.0011,0.001,0.001,0.003
1,1762746469.3631427,-0.00010748430591844046,0.0031868094855090237,0.24375890228539954,0.0010877353885057769,0.016639129978566713,0.012647739699478747,0.004716766634703332,-0.00030095662224079026,0.006,0.003,0.002,1.0,-0.0,0.0,0.004,-0.0,0.001,-0.001,0.0,-0.0,-0.0,0.007,0.004,0.102,1.0,-0.0,0.0,0.003,0.0,0.0,0.074,-0.012,0.004,-0.001,0.006,0.003,0.002,1.0,-0.0,0.0,0.004,-0.0,0.001,-0.001,0.0,-0.0,-0.0,0.0,0.0,0.008403361344537815,1.0,0.0,0.0,0.0,42.0001678971473,0.19998132698991739,0.17052537499283604,99.99999980530626,110.00000007923938,0.5000000024223374,55.00000770897489,0.10574990768081258,0.001,0.0011,0.0009,0.0027
2,1762746469.4294133,0.0008026256373198967,0.00016545237712572167,0.2434671139257437,0.0012094089395003615,0.004550549716191685,-0.01510678554191651,-0.0014589417982791286,0.0006083677549729241,0.006,0.003,0.003,1.0,-0.0,0.0,0.003,0.002,0.004,0.011,-0.004,-0.004,-0.002,0.007,0.004,0.111,1.0,-0.0,0.0,0.003,0.0,0.001,0.151,-0.001,0.012,-0.001,0.006,0.003,0.003,1.0,-0.0,0.0,0.003,0.002,0.004,0.011,-0.004,-0.004,-0.002,0.0,0.0,0.01680672268907563,1.0,0.0,0.0,0.0,41.99946116521342,0.19999372973297974,0.15691466867427875,99.99999965294612,110.00000007912628,0.5000000043026125,55.00001102805401,0.15212758686314576,0.0004,0.0006,0.0012,0.0033
3,1762746469.5011485,0.0028340292185867052,-0.0023033279799863538,0.23482768092250547,0.0012982696058179565,0.010157017906334043,-0.012343901785560376,-0.04319716501619107,0.0004443033315879733,0.007,0.004,0.015,1.0,-0.001,0.001,0.003,0.009,0.013,0.123,-0.008,0.009,-0.002,0.007,0.004,0.127,1.0,-0.0,0.001,0.003,0.001,0.001,0.275,0.008,-0.001,-0.001,0.007,0.004,0.015,1.0,-0.001,0.001,0.003,0.009,0.013,0.123,-0.008,0.009,-0.002,0.0,0.0,0.025210084033613446,1.0,0.0,0.0,0.0,42.00156934740321,0.19984210433383515,0.15781994060051208,99.99999957202111,110.00000007906269,0.5000000053156556,55.000013729788606,0.21945245362910262,0.001,0.0011,0.0018,0.0066
4,1762746469.5631335,0.007485379194132888,0.006087126769294961,0.22298234431345862,0.0012428199853772727,0.023256749877730912,0.041952273746406574,-0.05922668304523427,-0.0002772481022034186,0.004,0.005,0.03,1.0,-0.0,0.001,0.003,-0.062,0.047,0.284,0.007,0.032,-0.009,0.007,0.004,0.147,1.0,0.0,0.0,0.003,0.002,0.001,0.305,0.016,-0.014,-0.001,0.004,0.005,0.03,1.0,-0.0,0.001,0.003,-0.062,0.047,0.284,0.007,0.032,-0.009,0.0,0.0,0.03361344537815126,1.0,0.0,0.0,0.0,42.01225775032138,0.19857129161454196,0.1663430637622284,99.99999946216596,110.00000007897376,0.5000000071569008,55.00000836623893,0.20840306537394665,0.0011,0.0006,0.0012,0.0029
5,1762746469.6306863,0.007728538786691405,-0.0004924913889448861,0.22301112890331004,0.0012839035173901664,0.0012157979627925863,-0.032898090791199236,0.00014392294925729028,0.00020541766006446896,0.007,0.006,0.053,1.0,0.0,0.001,0.003,0.012,0.039,0.279,0.008,-0.01,-0.006,0.007,0.004,0.168,1.0,0.001,0.0,0.003,0.002,0.001,0.301,0.031,0.019,-0.001,0.007,0.006,0.053,1.0,0.0,0.001,0.003,0.012,0.039,0.279,0.008,-0.01,-0.006,0.0,0.0,0.04201680672268907,1.0,0.0,0.0,0.0,42.02452979863962,0.19654935698271347,0.16523296735427032,99.99999942737169,110.00000007894468,0.5000000077635445,54.99998324946753,0.22472915452961326,0.0007,0.0009,0.0022,0.003
6,1762746469.698396,-0.0011533296227228002,-0.0020649295689160714,0.22212679540600513,0.0014256684783908772,-0.044409342047071025,-0.007862190899855924,-0.0044216674865244325,0.0007088248050035542,0.008,0.003,0.073,1.0,0.001,0.0,0.003,0.011,-0.014,0.276,0.026,-0.005,0.002,0.007,0.004,0.189,1.0,0.002,0.001,0.003,0.003,-0.001,0.289,0.034,0.001,-0.001,0.008,0.003,0.073,1.0,0.001,0.0,0.003,0.011,-0.014,0.276,0.026,-0.005,0.002,0.0,0.0,0.05042016806722689,1.0,0.0,0.0,0.0,42.039402363122036,0.1938264543772773,0.17955770120053563,99.99999913938828,110.00000007871124,0.5000000124871719,54.99998532674032,0.21954680310837052,0.0007,0.0011,0.002,0.0037
7,1762746469.7686086,-0.004019888934157479,0.002057839746831309,0.2153314269220715,0.0015228537885017927,-0.014332796557173393,0.0206138465787369,-0.0339768424196682,0.00048592655055457846,0.007,0.003,0.091,1.0,0.002,0.001,0.003,-0.034,-0.011,0.355,0.028,0.025,0.002,0.007,0.004,0.207,1.0,0.002,0.001,0.003,0.004,-0.004,0.255,-0.013,-0.016,-0.001,0.007,0.003,0.091,1.0,0.002,0.001,0.003,-0.034,-0.011,0.355,0.028,0.025,0.002,0.0,0.0,0.058823529411764705,1.0,0.0,0.0,0.0,42.063432025395215,0.18922607872025635,0.18123958903466353,99.99999887897383,110.00000007849162,0.5000000168070339,54.99999131492217,0.2193465666682992,0.001,0.0012,0.002,0.0069
8,1762746469.834819,5.586480331148339e-05,0.006914932685748729,0.20961024289833025,0.001514939478114108,0.02037876868734481,0.0242854646945871,-0.028605920118706357,-3.9571551938422285e-05,0.007,0.004,0.112,1.0,0.002,0.001,0.003,-0.061,0.015,0.423,0.004,0.033,-0.003,0.008,0.004,0.223,1.0,0.001,0.0,0.003,0.005,-0.007,0.215,-0.045,0.0,-0.002,0.007,0.004,0.112,1.0,0.002,0.001,0.003,-0.061,0.015,0.423,0.004,0.033,-0.003,0.0,0.0,0.06722689075630252,1.0,0.0,0.0,0.0,42.098639443854275,0.18245662564054202,0.17773049388555942,99.99999881440395,110.00000007842489,0.5000000181064432,54.99998466633425,0.21681867070382474,0.001,0.0012,0.002,0.0066
9,1762746469.8986082,-0.002511506153988873,0.0010163895608381948,0.2263829933822595,0.001503467900897558,-0.012836854786501779,-0.02949271562455267,0.08386375241964616,-5.735788608275075e-05,0.008,0.003,0.119,1.0,0.001,0.0,0.003,0.007,0.0,0.204,-0.028,-0.014,-0.002,0.008,0.003,0.233,1.0,0.0,0.001,0.003,0.005,-0.007,0.109,-0.026,0.028,-0.002,0.008,0.003,0.119,1.0,0.001,0.0,0.003,0.007,0.0,0.204,-0.028,-0.014,-0.002,0.0,0.0,0.07563025210084033,1.0,0.0,0.0,0.0,42.117691943700656,0.17898969531702044,0.17940770383522833,99.99999861880706,110.00000007825342,0.5000000216263023,54.999978649597054,0.2171653667535758,0.0004,0.0006,0.0011,0.0058
10,1762746469.965435,-0.008123194081722119,-0.0020745389369021964,0.22634308842241915,0.0016947840639076881,-0.028058439638666235,-0.015454642488701962,-0.0001995247992016974,0.0009565808150506494,0.009,0.001,0.13,1.0,0.0,0.001,0.003,0.002,-0.061,0.18,-0.029,0.02,0.01,0.008,0.003,0.24,1.0,-0.001,0.001,0.003,0.006,-0.007,0.096,-0.021,0.004,-0.002,0.009,0.001,0.13,1.0,0.0,0.001,0.003,0.002,-0.061,0.18,-0.029,0.02,0.01,0.0,0.0,0.08403361344537814,1.0,0.0,0.0,0.0,42.13535851828431,0.17618095768555636,0.1828800190172546,99.99999815891549,110.00000007784368,0.5000000299117828,54.9999879910151,0.2147310375217198,0.0007,0.0011,0.0023,0.004
11,1762746470.0348082,0.00034363348873371613,0.002671964272354936,0.22535891135094038,0.0015845662057904016,0.04233413785227917,0.02373251604628566,-0.004920885357393781,-0.0005510892905864306,0.007,0.001,0.138,1.0,-0.001,0.001,0.003,-0.043,0.004,0.193,-0.031,0.039,-0.006,0.009,0.002,0.247,1.0,-0.001,0.001,0.003,0.008,-0.006,0.102,-0.036,-0.021,-0.003,0.007,0.001,0.138,1.0,-0.001,0.001,0.003,-0.043,0.004,0.193,-0.031,0.039,-0.006,0.0,0.0,0.09243697478991596,1.0,0.0,0.0,0.0,42.15693020110711,0.17309742611018983,0.18452772044545343,99.99999807619447,110.00000007776617,0.5000000314254748,54.99997136435408,0.21671610723574858,0.0009,0.0006,0.0022,0.0069
12,1762746470.1017554,0.0015016733345905018,-0.00017743178857979134,0.2317029223379711,0.0014978413987123433,0.005790199229283937,-0.014246980304673635,0.03172005493515347,-0.0004336240353902912,0.009,-0.0,0.146,1.0,-0.002,0.001,0.003,-0.002,0.006,0.108,-0.029,-0.001,-0.006,0.01,0.002,0.253,1.0,-0.002,0.001,0.003,0.01,-0.004,0.102,0.004,-0.0,-0.003,0.009,-0.0,0.146,1.0,-0.002,0.001,0.003,-0.002,0.006,0.108,-0.029,-0.001,-0.006,0.0,0.0,0.10084033613445378,1.0,0.0,0.0,0.0,42.1689989988406,0.17153462678334055,0.1920795150679319,99.99999791114689,110.00000007761581,0.5000000344972227,54.999983924717256,0.21725156353333167,0.001,0.0011,0.0021,0.0068
13,1762746470.1635988,0.0030428381942273547,-0.003551305952621819,0.2300118911418791,0.0014431627082191962,0.007705824298184263,-0.016869370820210138,-0.008455155980460056,-0.0002733934524657355,0.01,-0.001,0.151,1.0,-0.002,0.001,0.003,0.015,0.007,0.126,-0.011,0.001,-0.005,0.01,0.002,0.26,1.0,-0.001,0.001,0.003,0.01,-0.001,0.121,0.029,-0.006,-0.002,0.01,-0.001,0.151,1.0,-0.002,0.001,0.003,0.015,0.007,0.126,-0.011,0.001,-0.005,0.0,0.0,0.1092436974789916,1.0,0.0,0.0,0.0,42.18350286432491,0.16984566490321232,0.19335597734278787,99.9999978405862,110.00000007755266,0.50000003583103,54.99998698618186,0.21776535714076214,0.0005,0.0009,0.0013,0.0036
14,1762746470.2295814,0.003385980300756144,-0.0023428087622985342,0.22663567653067773,0.0013487648392548103,0.001715710532643947,0.006042485951616423,-0.01688107305600662,-0.00047198934482192825,0.009,-0.0,0.158,1.0,-0.002,0.001,0.003,-0.006,0.028,0.174,0.009,0.017,-0.008,0.011,0.002,0.268,1.0,-0.0,0.0,0.003,0.01,-0.0,0.125,0.031,-0.023,-0.001,0.009,-0.0,0.158,1.0,-0.002,0.001,0.003,-0.006,0.028,0.174,0.009,0.017,-0.008,0.0,0.0,0.11764705882352941,1.0,0.0,0.0,0.0,42.20702412652602,0.16730723319058013,0.1950995811933661,99.99999784585735,110.00000007755675,0.5000000357464699,54.999979141103495,0.21930206729081103,0.0005,0.0006,0.0013,0.0032
15,1762746470.2959793,0.005475088310495523,-0.003261848135399744,0.23053193939187877,0.0013043666112022012,0.010445540048696892,-0.004595196865506049,0.019481314306005172,-0.0002219911402630459,0.011,0.002,0.165,1.0,-0.001,-0.0,0.003,0.016,0.037,0.126,0.026,-0.01,-0.007,0.011,0.002,0.277,1.0,0.001,-0.001,0.003,0.011,-0.0,0.14,0.026,-0.015,-0.001,0.011,0.002,0.165,1.0,-0.001,-0.0,0.003,0.016,0.037,0.126,0.026,-0.01,-0.007,0.0,0.0,0.12605042016806722,1.0,0.0,0.0,0.0,42.22411631407463,0.16556814738049586,0.19607488631397504,99.99999785131597,110.0000000775599,0.5000000357137446,54.99998370656751,0.21826690206063334,0.0004,0.0006,0.0012,0.0031
16,1762746470.3684196,-0.0020427064220738993,-0.0018237217038125347,0.22899785665924868,0.0014396659337310236,-0.03758897366284711,0.007190632157936047,-0.007670413663150313,0.0006764966126441114,0.012,-0.001,0.175,1.0,0.0,-0.001,0.003,0.009,-0.015,0.139,0.026,-0.014,0.002,0.012,0.002,0.286,1.0,0.001,-0.001,0.003,0.009,-0.002,0.161,0.024,-0.011,-0.001,0.012,-0.001,0.175,1.0,0.0,-0.001,0.003,0.009,-0.015,0.139,0.026,-0.014,0.002,0.0,0.0,0.13445378151260504,1.0,0.0,0.0,0.0,42.24365646644856,0.16370411530586715,0.1951381386156956,99.99999769060356,110.00000007741943,0.5000000385278468,54.99998663495779,0.2174411168770103,0.001,0.0011,0.0023,0.0067
17,1762746470.435873,-0.004609977166282492,-0.0038979863123761896,0.2252433664298339,0.0010594132283039755,-0.01283635372104296,-0.010371323042818273,-0.01877245114707405,-0.0019012635271352402,0.014,0.0,0.187,1.0,0.001,-0.001,0.003,0.022,-0.001,0.185,0.024,-0.005,0.0,0.013,0.001,0.297,1.0,0.001,-0.001,0.003,0.008,-0.004,0.178,-0.016,-0.001,-0.001,0.014,0.0,0.187,1.0,0.001,-0.001,0.003,0.022,-0.001,0.185,0.024,-0.005,0.0,0.0,0.0,0.14285714285714285,1.0,0.0,0.0,0.0,42.27363542803445,0.16097739348375298,0.19995872536995826,99.99999746666983,110.00000007721957,0.5000000425057951,54.99999394297606,0.21734825638595998,0.001,0.0012,0.0024,0.0072
18,1762746470.5018919,-0.005994555424651479,-0.003340752400609528,0.2278571953504914,0.0013151136394005938,-0.006922891291844939,0.002786169558833308,0.013069144603287286,0.0012785020554830903,0.014,-0.001,0.195,1.0,0.001,-0.001,0.003,0.016,-0.028,0.153,-0.002,-0.01,0.005,0.013,0.001,0.307,1.0,0.0,-0.001,0.003,0.006,-0.005,0.151,-0.038,-0.006,-0.001,0.014,-0.001,0.195,1.0,0.001,-0.001,0.003,0.016,-0.028,0.153,-0.002,-0.01,0.005,0.0,0.0,0.15126050420168066,1.0,0.0,0.0,0.0,42.29935136554014,0.1587322093480959,0.2003710399241566,99.99999723392514,110.00000007702397,0.500000046414124,54.999992057919265,0.21797867052051112,0.001,0.0011,0.0023,0.0068
19,1762746470.5679038,-0.009224400052665942,-0.002246112684822516,0.22958492036163,0.001591736845312362,-0.016149223140072316,0.0054731985789350564,0.008638625055692862,0.0013831160295588408,0.015,-0.003,0.205,1.0,0.0,-0.002,0.003,0.016,-0.057,0.123,-0.02,-0.017,0.01,0.013,0.001,0.318,1.0,-0.001,-0.002,0.003,0.004,-0.005,0.16,-0.041,-0.002,-0.001,0.015,-0.003,0.205,1.0,0.0,-0.002,0.003,0.016,-0.057,0.123,-0.02,-0.017,0.01,0.0,0.0,0.15966386554621848,1.0,0.0,0.0,0.0,42.319086182212594,0.15709380822652166,0.1988362885790932,99.99999692942976,110.00000007677208,0.5000000514991906,54.99999304776237,0.21734781340272705,0.0007,0.0009,0.0021,0.0069
20,1762746470.6355603,-0.00276967421787131,-0.007474290570998732,0.22428552660297288,0.001559471772007186,0.03227362917397316,-0.02614088943088108,-0.02649696879328555,-0.00016132536652588032,0.016,-0.003,0.214,1.0,-0.001,-0.002,0.003,0.045,-0.017,0.19,-0.039,0.007,-0.001,0.014,0.0,0.329,1.0,-0.002,-0.001,0.002,0.002,-0.003,0.169,-0.041,0.005,-0.002,0.016,-0.003,0.214,1.0,-0.001,-0.002,0.003,0.045,-0.017,0.19,-0.039,0.007,-0.001,0.0,0.0,0.1680672268907563,1.0,0.0,0.0,0.0,42.35402254259518,0.15435367384702375,0.19870309821026744,99.99999683088643,110.00000007668099,0.5000000532368024,54.99999152470708,0.2175134703579338,0.0011,0.0012,0.0024,0.0069
21,1762746470.7002044,0.0016753646476575937,-0.0006784483674952485,0.22681027498291925,0.0015009468378227408,0.022225194327644516,0.03397921101751741,0.01262374189973188,-0.0002926246709222255,0.015,-0.004,0.224,1.0,-0.003,-0.002,0.003,-0.013,-0.008,0.158,-0.041,0.006,-0.004,0.014,0.0,0.34,1.0,-0.003,-0.002,0.002,-0.0,0.001,0.177,-0.005,-0.018,-0.003,0.015,-0.004,0.224,1.0,-0.003,-0.002,0.003,-0.013,-0.008,0.158,-0.041,0.006,-0.004,0.0,0.0,0.1764705882352941,1.0,0.0,0.0,0.0,42.3842510978677,0.15206048705909259,0.20279123723221115,99.99999674814026,110.00000007661171,0.5000000546812282,54.99999984614757,0.21715130472609562,0.001,0.0012,0.0025,0.0047
22,1762746470.7632618,0.0033880922976285604,-0.0009157272601005443,0.2255277002908463,0.0014476506602788485,0.008563638249854831,-0.0011863944630264717,-0.006412873460364666,-0.00026648088771946037,0.016,-0.004,0.237,1.0,-0.003,-0.002,0.003,0.006,0.001,0.164,-0.025,-0.005,-0.005,0.014,0.001,0.351,1.0,-0.002,-0.002,0.002,-0.002,0.004,0.15,0.032,0.007,-0.002,0.016,-0.004,0.237,1.0,-0.003,-0.002,0.003,0.006,0.001,0.164,-0.025,-0.005,-0.005,0.0,0.0,0.18487394957983191,1.0,0.0,0.0,0.0,42.416645133644494,0.149724319991153,0.20751662579217733,99.99999666098321,110.0000000765364,0.5000000561346186,55.00000362895948,0.2202040069682564,0.0004,0.0006,0.0014,0.0033
23,1762746470.8337297,0.0036637063907139986,-0.006188293920456938,0.2250619275815987,0.0014419954583117193,0.0013780704654271902,-0.026362833301781966,-0.002328863546237958,-2.827600983564552e-05,0.018,-0.003,0.246,1.0,-0.003,-0.002,0.003,0.042,0.013,0.169,0.01,-0.004,-0.003,0.013,0.001,0.361,1.0,-0.001,-0.001,0.002,-0.004,0.006,0.142,0.04,0.013,-0.001,0.018,-0.003,0.246,1.0,-0.003,-0.002,0.003,0.042,0.013,0.169,0.01,-0.004,-0.003,0.0,0.0,0.19327731092436973,1.0,0.0,0.0,0.0,42.45160233047179,0.14733294112617284,0.2088392634308915,99.99999657543054,110.00000007645933,0.5000000575869838,54.99999643533111,0.22295856913331968,0.0011,0.0012,0.0024,0.0051
24,1762746470.896814,0.001611634563295895,-0.002817628566462403,0.22380753356837063,0.0014383340486353003,-0.010260359137090516,0.016853326769972678,-0.0062719700661404,-1.8307048382094947e-05,0.016,-0.002,0.26,1.0,-0.001,-0.001,0.003,-0.004,0.015,0.177,0.034,0.015,-0.003,0.013,0.001,0.371,1.0,0.0,-0.001,0.002,-0.006,0.007,0.14,0.038,-0.01,-0.001,0.016,-0.002,0.26,1.0,-0.001,-0.001,0.003,-0.004,0.015,0.177,0.034,0.015,-0.003,0.0,0.0,0.20168067226890757,1.0,0.0,0.0,0.0,42.490024369568815,0.14485044440200914,0.21045380377115744,99.9999965035198,110.0000000763965,0.500000058864757,54.99999873670867,0.22246535651381094,0.0006,0.0006,0.0016,0.0034
25,1762746470.9658344,0.00015160540035588752,0.00010707696912747033,0.22636599959834192,0.0012629452252643251,-0.0073001458147000375,0.014623527677949366,0.012792330149856267,-0.0008769441168548745,0.015,0.0,0.269,1.0,0.0,-0.001,0.002,-0.011,0.029,0.141,0.04,0.001,-0.004,0.012,0.002,0.38,1.0,0.001,-0.002,0.002,-0.008,0.006,0.13,0.016,-0.003,-0.001,0.015,0.0,0.269,1.0,0.0,-0.001,0.002,-0.011,0.029,0.141,0.04,0.001,-0.004,0.0,0.0,0.21008403361344538,1.0,0.0,0.0,0.0,42.52090552305818,0.14296784012246708,0.2127823660771308,99.99999645268707,110.00000007634807,0.5000000597854637,55.000010157886784,0.2216069062007898,0.001,0.0011,0.0022,0.0041
26,1762746471.0333612,-0.0017010665305504987,-0.0007576298671886548,0.22446827637207925,0.0007372084215771179,-0.009263359654531931,-0.004323534181580626,-0.009488616131313334,-0.002628684018436035,0.016,-0.001,0.278,1.0,0.001,-0.001,0.002,-0.001,0.004,0.16,0.028,0.004,-0.0,0.012,0.002,0.388,1.0,0.001,-0.001,0.002,-0.011,0.005,0.134,-0.007,0.016,-0.001,0.016,-0.001,0.278,1.0,0.001,-0.001,0.002,-0.001,0.004,0.16,0.028,0.004,-0.0,0.0,0.0,0.2184873949579832,1.0,0.0,0.0,0.0,42.55675119009231,0.14094717429941606,0.21448221963423797,99.99999631667669,110.00000007623042,0.5000000621355185,55.00001380696741,0.22191588154472291,0.0004,0.0006,0.0015,0.0069
27,1762746471.1018744,0.001051898945450653,-0.003506037056624262,0.22766477250758194,0.0007985133387761053,0.013764827380005756,-0.013742035947178037,0.01598248067751334,0.0003065245859949369,0.016,0.001,0.286,1.0,0.001,-0.001,0.002,0.019,0.019,0.118,0.01,-0.001,-0.002,0.011,0.002,0.396,1.0,0.001,-0.001,0.002,-0.011,0.003,0.103,-0.021,0.011,-0.001,0.016,0.001,0.286,1.0,0.001,-0.001,0.002,0.019,0.019,0.118,0.01,-0.001,-0.002,0.0,0.0,0.226890756302521,1.0,0.0,0.0,0.0,42.582717571886235,0.13956404712822792,0.2158206098561118,99.99999625020101,110.00000007617457,0.500000063251693,55.00001120940471,0.22327210630440603,0.001,0.0011,0.0022,0.0068
28,1762746471.168305,0.0020248162788530422,-0.0035027788657275125,0.2310342246871497,0.0008393252726614606,0.004864586667011947,1.629095448374635e-05,0.016847260897838726,0.00020405966942677658,0.016,0.001,0.292,1.0,0.0,-0.001,0.002,0.017,0.006,0.07,-0.013,-0.009,-0.002,0.01,0.003,0.404,1.0,0.0,-0.001,0.002,-0.013,0.002,0.112,-0.009,-0.007,-0.001,0.016,0.001,0.292,1.0,0.0,-0.001,0.002,0.017,0.006,0.07,-0.013,-0.009,-0.002,0.0,0.0,0.23529411764705882,1.0,0.0,0.0,0.0,42.5948309820701,0.13893858233911507,0.2157768309517572,99.99999621884363,110.00000007614697,0.5000000637766617,55.00000609435998,0.22328543856290994,0.0004,0.0011,0.0025,0.0069
29,1762746471.230036,0.0006688576885736462,-0.004671186808493971,0.228751884449912,0.0008926294867350526,-0.00677979295139698,-0.005842039713832293,-0.01141170118618845,0.00026652107036795943,0.016,0.001,0.299,1.0,0.0,-0.001,0.002,0.023,-0.006,0.097,-0.014,-0.004,-0.001,0.009,0.003,0.412,1.0,0.0,-0.001,0.002,-0.014,0.002,0.13,0.004,-0.011,-0.001,0.016,0.001,0.299,1.0,0.0,-0.001,0.002,0.023,-0.006,0.097,-0.014,-0.004,-0.001,0.0,0.0,0.24369747899159663,1.0,0.0,0.0,0.0,42.612155190730064,0.13811762412735898,0.21571987129218592,99.99999617153698,110.0000000761124,0.5000000645335992,54.999998511604744,0.22326896212903596,0.0004,0.0006,0.0013,0.0037
30,1762746471.3017402,0.0027931153862433386,0.0009577453753088746,0.22266066789570815,0.0009050728714973272,0.01062128848834846,0.028144660919014228,-0.03045608277101921,6.2216923811373e-05,0.013,0.002,0.308,1.0,-0.0,-0.001,0.002,-0.024,0.011,0.179,-0.014,0.012,-0.002,0.008,0.003,0.421,1.0,0.0,-0.002,0.002,-0.015,0.002,0.141,0.003,-0.013,-0.001,0.013,0.002,0.308,1.0,-0.0,-0.001,0.002,-0.024,0.011,0.179,-0.014,0.012,-0.002,0.0,0.0,0.25210084033613445,1.0,0.0,0.0,0.0,42.6517552811602,0.1363656683729957,0.2159239786452522,99.99999613042684,110.000000076076,0.5000000652061302,55.00000221046881,0.22358591040468587,0.0007,0.0012,0.0025,0.0067
31,1762746471.3689578,0.00028624579032327175,0.004753181591941308,0.2243823799003426,0.0004667237854131509,-0.012534347979600333,0.018977181083162167,0.008608560023172255,-0.002191745430420882,0.011,0.001,0.319,1.0,-0.0,-0.002,0.002,-0.027,-0.005,0.158,-0.002,-0.003,-0.0,0.007,0.003,0.43,1.0,0.001,-0.002,0.002,-0.018,0.001,0.124,0.01,0.016,-0.001,0.011,0.001,0.319,1.0,-0.0,-0.002,0.002,-0.027,-0.005,0.158,-0.002,-0.003,-0.0,0.0,0.0,0.26050420168067223,1.0,0.0,0.0,0.0,42.68789748499267,0.1347804647590627,0.2165793136806841,99.99999605297828,110.00000007601523,0.5000000664130353,55.000004522129515,0.22353856925476256,0.001,0.0011,0.0024,0.007
32,1762746471.4326239,-0.003570860691170197,0.0039707832837784255,0.22768983839606363,0.00014778075904313675,-0.019285532407467342,-0.003911991540814411,0.016537292478605282,-0.0015947151318500704,0.011,-0.0,0.325,1.0,0.0,-0.002,0.002,-0.012,-0.006,0.112,0.012,-0.008,-0.0,0.006,0.003,0.438,1.0,0.001,-0.0,0.002,-0.021,0.001,0.119,-0.002,0.044,-0.0,0.011,-0.0,0.325,1.0,0.0,-0.002,0.002,-0.012,-0.006,0.112,0.012,-0.008,-0.0,0.0,0.0,0.2689075630252101,1.0,0.0,0.0,0.0,42.71131357334446,0.1337783653666748,0.21799512781619892,99.99999596603823,110.00000007594413,0.5000000677674777,54.999997375361765,0.22556218005098191,0.0007,0.001,0.0015,0.0055
33,1762746471.5015473,-0.0025982599330348407,0.004176820527644124,0.22793858435739303,0.00033530303868126176,0.004863003790676781,0.0010301862193284996,0.0012437298066470103,0.0009376113981906247,0.009,0.0,0.334,1.0,0.0,-0.001,0.002,-0.032,0.003,0.102,-0.001,0.026,-0.004,0.005,0.003,0.446,1.0,0.0,0.001,0.002,-0.019,-0.0,0.109,-0.023,0.031,-0.0,0.009,0.0,0.334,1.0,0.0,-0.001,0.002,-0.032,0.003,0.102,-0.001,0.026,-0.004,0.0,0.0,0.2773109243697479,1.0,0.0,0.0,0.0,42.730687984325414,0.13297827797132092,0.21846158827521997,99.99999595731992,110.00000007593096,0.5000000679851831,55.00000108681197,0.22620503574409812,0.0004,0.0012,0.0024,0.0069
34,1762746471.56929,-0.002135659246605949,0.005762837461017042,0.22702480913049528,0.0005680509610363854,0.002313003432144459,0.007930084666864588,-0.004568876134488949,0.0011637396117756182,0.006,-0.001,0.343,1.0,-0.0,0.001,0.002,-0.052,-0.016,0.112,-0.016,0.033,0.001,0.004,0.003,0.453,1.0,-0.001,0.002,0.002,-0.016,0.0,0.109,-0.02,0.017,-0.0,0.006,-0.001,0.343,1.0,-0.0,0.001,0.002,-0.052,-0.016,0.112,-0.016,0.033,0.001,0.0,0.0,0.2857142857142857,1.0,0.0,0.0,0.0,42.752147573157835,0.1321221470044228,0.21860433262459691,99.99999591394311,110.0000000758993,0.5000000686463615,55.000014351435944,0.22514595669460777,0.0011,0.0012,0.0026,0.007
35,1762746471.630443,-0.0001094151354381523,0.002087598803556379,0.2321664655015013,0.0007344894213057271,0.010131220555838982,-0.018376193287303316,0.02570828185503008,0.000832192301346709,0.006,-0.001,0.345,1.0,-0.001,0.001,0.002,-0.013,-0.01,0.051,-0.022,0.006,0.001,0.002,0.003,0.461,1.0,-0.001,0.002,0.002,-0.014,0.001,0.107,-0.009,0.014,-0.001,0.006,-0.001,0.345,1.0,-0.001,0.001,0.002,-0.013,-0.01,0.051,-0.022,0.006,0.001,0.0,0.0,0.29411764705882354,1.0,0.0,0.0,0.0,42.75583707980621,0.13194434505289349,0.21861215898122743,99.99999586777194,110.00000007586273,0.5000000693216341,55.00001436472645,0.22475981752912547,0.0004,0.0007,0.0014,0.004
36,1762746471.6993494,0.00015004655441289779,0.002114183652701458,0.22534752846144612,0.00034049222027079864,0.0012973084492552498,0.00013292424572539097,-0.03409468520027574,-0.0019699860051746424,0.004,-0.001,0.355,1.0,-0.002,0.002,0.002,-0.031,-0.013,0.133,-0.015,0.025,0.0,0.002,0.003,0.47,1.0,-0.001,0.002,0.002,-0.012,0.003,0.149,0.007,-0.008,-0.001,0.004,-0.001,0.355,1.0,-0.002,0.002,0.002,-0.031,-0.013,0.133,-0.015,0.025,0.0,0.0,0.0,0.3025210084033613,1.0,0.0,0.0,0.0,42.77981697890361,0.1310139716325855,0.22040274120086342,99.99999579393699,110.00000007580596,0.5000000704818051,55.00002618861381,0.22498528024957917,0.001,0.0012,0.0029,0.0035
37,1762746471.76916,0.00039037933645445793,0.0022581641920413733,0.22719904836784252,0.000453355457681,0.0012016639102078008,0.0007199026966995764,0.009257599531982085,0.0005643161870510067,0.003,0.0,0.364,1.0,-0.002,0.002,0.002,-0.01,0.007,0.115,-0.003,-0.0,-0.005,0.001,0.004,0.48,1.0,-0.001,0.002,0.002,-0.009,0.004,0.137,0.011,-0.013,-0.0,0.003,0.0,0.364,1.0,-0.002,0.002,0.002,-0.01,0.007,0.115,-0.003,-0.0,-0.005,0.0,0.0,0.31092436974789917,1.0,0.0,0.0,0.0,42.800168274938116,0.13018919335280008,0.220912181499702,99.9999957903908,110.00000007579753,0.5000000706710995,55.00002820151796,0.22544099823508595,0.001,0.0012,0.0026,0.007
38,1762746471.8321946,-0.001114137337566887,0.0012593276716852278,0.2247687565739475,0.0006103693905615558,-0.007522583370106725,-0.0049941826017807275,-0.012151458969475197,0.0007850696644027789,0.002,0.0,0.372,1.0,-0.001,0.002,0.002,-0.012,0.002,0.144,0.001,-0.003,-0.001,0.0,0.004,0.489,1.0,-0.0,0.001,0.002,-0.007,0.004,0.13,0.009,-0.01,-0.0,0.002,0.0,0.372,1.0,-0.001,0.002,0.002,-0.012,0.002,0.144,0.001,-0.003,-0.001,0.0,0.0,0.31932773109243695,1.0,0.0,0.0,0.0,42.82785850289714,0.1290674886941603,0.22102986730057153,99.9999957570378,110.00000007577235,0.5000000711924389,55.00002879516235,0.22578606759818506,0.0007,0.0009,0.0023,0.0042
39,1762746471.896159,-0.0016490606048927565,0.0005979278529003142,0.22539498885829842,0.000783840567263801,-0.002674616336629346,-0.003306999093924568,0.0031311614217545726,0.0008673558835112258,0.002,0.0,0.382,1.0,-0.001,0.001,0.002,0.001,0.004,0.135,0.007,-0.017,0.002,-0.0,0.004,0.499,1.0,-0.0,0.001,0.002,-0.006,0.005,0.132,0.002,-0.011,-0.001,0.002,0.0,0.382,1.0,-0.001,0.001,0.002,0.001,0.004,0.135,0.007,-0.017,0.002,0.0,0.0,0.3277310924369748,1.0,0.0,0.0,0.0,42.853732042162136,0.12799451470046216,0.22125695465254547,99.99999569855476,110.0000000757308,0.5000000720057475,55.00002858964545,0.22548823783764463,0.0004,0.0006,0.0014,0.003
40,1762746471.9659111,0.0022246342874403875,-9.010776376478522e-05,0.2244374063487893,0.0007879002353093424,0.01936847446166572,-0.0034401780833254983,-0.004787912547545629,2.0298340227706767e-05,0.002,0.002,0.393,1.0,-0.001,0.001,0.002,0.002,0.017,0.142,0.007,-0.012,-0.004,-0.0,0.004,0.507,1.0,-0.0,0.001,0.002,-0.005,0.006,0.132,-0.007,-0.008,-0.001,0.002,0.002,0.393,1.0,-0.001,0.001,0.002,0.002,0.017,0.142,0.007,-0.012,-0.004,0.0,0.0,0.3361344537815126,1.0,0.0,0.0,0.0,42.88160807420598,0.12683102244540084,0.22169317944997446,99.99999568974239,110.00000007571687,0.5000000722470376,55.00002884201258,0.2255569581472783,0.0011,0.0013,0.0028,0.0034
41,1762746472.0348241,0.003391656404346006,-0.00043486106275145994,0.225234080025389,0.0008533240620624739,0.005835110584528094,-0.0017237664949333736,0.003983368382998597,0.0003271191337656573,0.003,0.003,0.402,1.0,-0.001,0.0,0.002,0.004,0.014,0.13,0.001,-0.006,-0.001,-0.001,0.005,0.515,1.0,-0.0,0.0,0.002,-0.004,0.006,0.111,0.009,-0.008,-0.001,0.003,0.003,0.402,1.0,-0.001,0.0,0.002,0.004,0.014,0.13,0.001,-0.006,-0.001,0.0,0.0,0.3445378151260504,1.0,0.0,0.0,0.0,42.906546001421425,0.12578442188125644,0.22203736638106802,99.99999564693928,110.00000007568269,0.5000000728994826,55.00002853146691,0.2260519356999071,0.0007,0.0009,0.0023,0.0068
42,1762746472.0968707,0.0038790186151455826,0.001563677493976059,0.22925302203715334,0.0008572929868297242,0.0024368110539978835,0.009992692783637593,0.020094710058821616,1.9844623836251816e-05,0.002,0.004,0.406,1.0,-0.001,-0.0,0.002,-0.004,0.018,0.079,0.009,-0.019,-0.003,-0.001,0.005,0.522,1.0,0.0,0.0,0.002,-0.004,0.006,0.106,0.018,-0.006,-0.001,0.002,0.004,0.406,1.0,-0.001,-0.0,0.002,-0.004,0.018,0.079,0.009,-0.019,-0.003,0.0,0.0,0.3529411764705882,1.0,0.0,0.0,0.0,42.91653199169422,0.12535745379129035,0.2224013864217185,99.99999562983888,110.00000007566743,0.5000000732255174,55.00002892424595,0.2262457207326367,0.0005,0.0008,0.0016,0.0033
43,1762746472.1638288,0.00022211418888846242,0.0015809883394507394,0.22994762142822922,0.0004206569798658435,-0.0182845221312856,8.655422737340176e-05,0.003472996955379416,-0.0021831800348194033,0.002,0.003,0.411,1.0,-0.0,-0.0,0.002,0.001,-0.003,0.068,0.011,-0.021,0.0,-0.001,0.006,0.529,1.0,0.001,0.0,0.002,-0.003,0.005,0.106,0.018,0.006,-0.001,0.002,0.003,0.411,1.0,-0.0,-0.0,0.002,0.001,-0.003,0.068,0.011,-0.021,0.0,0.0,0.0,0.36134453781512604,1.0,0.0,0.0,0.0,42.92112605902185,0.12515310658214032,0.22301951589087468,99.99999557588701,110.00000007562967,0.500000074023612,55.000030855159494,0.22615155428946898,0.0009,0.0007,0.0015,0.0032
44,1762746472.2308939,0.0012100265706440731,-0.00017051126240845427,0.22650954074096374,0.0005886655059470463,0.004939561908778053,-0.008757498009295967,-0.017190403436327495,0.0008400426304060135,0.002,0.004,0.42,1.0,0.0,-0.0,0.002,0.015,0.014,0.112,0.018,-0.0,-0.001,-0.001,0.006,0.537,1.0,0.001,0.001,0.002,-0.003,0.004,0.129,-0.002,0.008,-0.0,0.002,0.004,0.42,1.0,0.0,-0.0,0.002,0.015,0.014,0.112,0.018,-0.0,-0.001,0.0,0.0,0.36974789915966383,1.0,0.0,0.0,0.0,42.93679780507196,0.12449629697766591,0.22424925963109646,99.99999552853181,110.00000007559035,0.5000000747887767,55.00003617304954,0.22623566176936444,0.0005,0.0007,0.0024,0.0034
45,1762746472.2998426,-0.0006898918679817704,0.0042238030088050755,0.2218624933460812,0.00022304754964298275,-0.009499592193129217,0.021971571356067646,-0.023235236974412498,-0.0018280897815203176,-0.001,0.005,0.432,1.0,0.001,0.001,0.002,-0.044,-0.005,0.173,0.002,0.026,-0.0,-0.002,0.006,0.546,1.0,0.001,0.001,0.002,-0.002,0.002,0.126,-0.007,-0.003,-0.001,-0.001,0.005,0.432,1.0,0.001,0.001,0.002,-0.044,-0.005,0.173,0.002,0.026,-0.0,0.0,0.0,0.37815126050420167,1.0,0.0,0.0,0.0,42.97041291386063,0.12305822375080448,0.22393274319534504,99.99999549343697,110.00000007556633,0.5000000752743005,55.00002855020956,0.22637081156186964,0.0007,0.0009,0.0023,0.0053
46,1762746472.3694365,-0.0004611090064901265,0.0016134720253750045,0.22621167653658542,-3.8017686617316225e-05,0.0011439143074582197,-0.013051654917150355,0.02174591595252084,-0.001305326181301495,-0.0,0.004,0.438,1.0,0.001,0.001,0.002,0.006,-0.003,0.122,-0.007,0.003,0.0,-0.002,0.006,0.554,1.0,0.001,0.001,0.002,-0.001,0.002,0.108,-0.015,0.012,-0.0,-0.0,0.004,0.438,1.0,0.001,0.001,0.002,0.006,-0.003,0.122,-0.007,0.003,0.0,0.0,0.0,0.38655462184873945,1.0,0.0,0.0,0.0,42.99120714798303,0.12213819215430119,0.22438885587036572,99.9999954503216,110.00000007553339,0.5000000759232627,55.00002981850977,0.22685501396405744,0.0011,0.0012,0.0029,0.0069
47,1762746472.4297776,0.0011610192177091895,-0.001605985439652441,0.22276382532898004,0.00021751740380413268,0.008110641120996579,-0.016097287325137224,-0.017239256038026764,0.0012776754521072445,0.0,0.004,0.446,1.0,-0.0,0.001,0.002,0.016,-0.003,0.161,-0.021,0.02,-0.003,-0.002,0.006,0.56,1.0,0.0,0.001,0.002,0.0,0.001,0.09,-0.009,0.005,-0.0,0.0,0.004,0.446,1.0,-0.0,0.001,0.002,0.016,-0.003,0.161,-0.021,0.02,-0.003,0.0,0.0,0.3949579831932773,1.0,0.0,0.0,0.0,43.02174907851698,0.12080414450334988,0.2245512923464049,99.99999544037551,110.00000007552231,0.500000076130314,55.0000323536368,0.22638116527924687,0.0004,0.0006,0.0016,0.0032
48,1762746472.497677,-0.00038459037072206066,-0.001014478606167319,0.222219505040324,0.0005207345867359107,-0.00772804794215625,0.002957534167425611,-0.0027216014432801874,0.0015160859146588902,0.0,0.004,0.456,1.0,-0.001,0.001,0.002,0.002,-0.018,0.169,-0.015,0.027,0.003,-0.002,0.006,0.566,1.0,0.0,0.001,0.002,0.002,0.001,0.084,0.0,-0.02,-0.0,0.0,0.004,0.456,1.0,-0.001,0.001,0.002,0.002,-0.018,0.169,-0.015,0.027,0.003,0.0,0.0,0.40336134453781514,1.0,0.0,0.0,0.0,43.055822025025506,0.11930318530379709,0.22587762379669624,99.99999537499953,110.00000007547472,0.5000000770943319,55.00003068787094,0.22635773697643283,0.0004,0.0007,0.0024,0.0034
49,1762746472.5694084,0.0005181669978636869,0.002060882645496545,0.2291129578883764,0.000177049494035361,0.004513786842928737,0.01537680625831932,0.03446726424026186,-0.0017184254635027488,-0.001,0.004,0.459,1.0,-0.001,0.0,0.002,-0.012,-0.005,0.082,-0.006,-0.008,0.0,-0.001,0.006,0.57,1.0,0.0,0.0,0.002,0.002,0.001,0.05,-0.0,-0.016,-0.001,-0.001,0.004,0.459,1.0,-0.001,0.0,0.002,-0.012,-0.005,0.082,-0.006,-0.008,0.0,0.0,0.0,0.4117647058823529,1.0,0.0,0.0,0.0,43.065519309191515,0.11887733766615521,0.22592657107048572,99.99999534495622,110.00000007545377,0.5000000775296154,55.00002922894681,0.22634611347794698,0.001,0.0012,0.0027,0.0071
50,1762746472.6363745,0.0006724977543442015,0.002354460809801944,0.22944146723125766,-7.324937039684021e-05,0.0007716537824025726,0.0014678908215269943,0.0016425467144061262,-0.0012514943221610061,0.0,0.004,0.462,1.0,-0.001,0.0,0.002,0.007,-0.002,0.074,0.002,-0.01,0.0,-0.001,0.007,0.574,1.0,0.0,0.0,0.002,0.002,0.001,0.052,0.003,0.004,-0.0,0.0,0.004,0.462,1.0,-0.001,0.0,0.002,0.007,-0.002,0.074,0.002,-0.01,0.0,0.0,0.0,0.42016806722689076,1.0,0.0,0.0,0.0,43.069719344079985,0.11869580645193292,0.22610069810961297,99.99999531506445,110.0000000754323,0.5000000779768701,55.00003023369189,0.22649571469382684,0.001,0.0012,0.0029,0.0071
51,1762746472.696849,0.0017296685903858352,0.001381489339512387,0.23251863280304144,-0.000253440479468255,0.005285854180208168,-0.004864857351447783,0.01538582785891906,-0.0009009555453570739,-0.0,0.004,0.465,1.0,-0.001,-0.0,0.002,0.016,0.006,0.039,0.004,-0.013,-0.0,-0.001,0.007,0.578,1.0,0.0,0.0,0.002,0.002,0.001,0.069,0.004,0.01,-0.0,-0.0,0.004,0.465,1.0,-0.001,-0.0,0.002,0.016,0.006,0.039,0.004,-0.013,-0.0,0.0,0.0,0.42857142857142855,1.0,0.0,0.0,0.0,43.062009190544074,0.11901369787017863,0.22619826231417575,99.99999528778876,110.00000007541162,0.5000000783894772,55.000030663239265,0.2268846258346488,0.0006,0.0007,0.0016,0.0032
52,1762746472.7640994,0.000281244086867952,-0.001099078189874351,0.23267889402478348,0.0001644134493760793,-0.007242122517589416,-0.012402837646933689,0.0008013061087103722,0.0020892696442216716,0.001,0.004,0.468,1.0,-0.0,-0.0,0.002,0.012,-0.001,0.04,0.006,-0.004,0.002,-0.001,0.007,0.584,1.0,0.0,0.001,0.002,0.003,0.0,0.118,0.009,0.005,-0.0,0.001,0.004,0.468,1.0,-0.0,-0.0,0.002,0.012,-0.001,0.04,0.006,-0.004,0.002,0.0,0.0,0.4369747899159664,1.0,0.0,0.0,0.0,43.05121740060809,0.11947512066707418,0.22612350829223907,99.99999526591523,110.00000007539224,0.5000000787141781,55.000031243437455,0.22692515469481822,0.0006,0.0007,0.0021,0.0033
53,1762746472.8363333,-0.0017079089991324237,0.0008799647754840953,0.2273668160917126,0.0005049855541173335,-0.009945765430001877,0.00989521482679223,-0.026560389665354348,0.0017028605237062711,-0.0,0.004,0.476,1.0,0.0,0.001,0.002,-0.007,-0.009,0.112,0.012,0.019,0.004,-0.001,0.007,0.592,1.0,0.001,0.0,0.002,0.004,-0.0,0.137,-0.002,-0.009,0.0,-0.0,0.004,0.476,1.0,0.0,0.001,0.002,-0.007,-0.009,0.112,0.012,0.019,0.004,0.0,0.0,0.4453781512605042,1.0,0.0,0.0,0.0,43.05867738918853,0.11913013511615349,0.2267389429466258,99.99999522635161,110.00000007535866,0.500000079299997,55.00002987504562,0.2270937230580848,0.0011,0.0012,0.0029,0.0072
54,1762746472.8977125,0.0010637476837393016,0.00045408199172685066,0.22613601369442077,0.0006511015810845761,0.013858283414358626,-0.0021294139187862235,-0.006154011986459265,0.0007305801348362131,0.0,0.005,0.483,1.0,0.0,0.001,0.002,0.005,0.01,0.137,0.004,0.008,-0.001,-0.001,0.007,0.601,1.0,0.0,0.0,0.002,0.004,-0.001,0.141,-0.014,-0.001,-0.001,0.0,0.005,0.483,1.0,0.0,0.001,0.002,0.005,0.01,0.137,0.004,0.008,-0.001,0.0,0.0,0.453781512605042,1.0,0.0,0.0,0.0,43.073611494664355,0.11837910781446064,0.2269955760631274,99.9999951990695,110.00000007533481,0.500000079721322,55.00002843066039,0.22739781445253288,0.0007,0.0006,0.002,0.0037
55,1762746472.9635627,0.001205594395945569,-0.0012897912827376616,0.22622258441898868,0.0007550190773783868,0.0007092335610313378,-0.008719366372322563,0.0004328536228396787,0.0005195874814690536,0.001,0.004,0.496,1.0,-0.001,0.0,0.002,0.012,-0.004,0.131,-0.008,-0.005,-0.001,-0.0,0.006,0.61,1.0,-0.0,0.0,0.001,0.004,-0.001,0.128,-0.002,-0.002,-0.001,0.001,0.004,0.496,1.0,-0.001,0.0,0.002,0.012,-0.004,0.131,-0.008,-0.005,-0.001,0.0,0.0,0.4621848739495798,1.0,0.0,0.0,0.0,43.08703343751789,0.11765818607344528,0.22708287050623413,99.99999517678383,110.00000007531796,0.5000000800582433,55.000029537067654,0.22744063668415204,0.0004,0.0006,0.0017,0.0036
56,1762746473.0301218,0.001534425834052817,-0.0007038728697537835,0.22408470254293314,0.0008074860419034541,0.0016441571905362392,0.00292959206491939,-0.010689409380277761,0.0002623348226253368,0.001,0.004,0.504,1.0,-0.001,0.0,0.002,-0.001,-0.003,0.159,-0.01,0.006,-0.002,0.0,0.006,0.619,1.0,0.0,0.0,0.001,0.005,-0.001,0.13,0.004,-0.007,-0.001,0.001,0.004,0.504,1.0,-0.001,0.0,0.002,-0.001,-0.003,0.159,-0.01,0.006,-0.002,0.0,0.0,0.47058823529411764,1.0,0.0,0.0,0.0,43.10810017530243,0.11645658517463181,0.2273121868802617,99.99999515675307,110.00000007530011,0.5000000803825465,55.000028495722425,0.22775594605768937,0.0004,0.0006,0.0018,0.0033
57,1762746473.1027336,0.0030753739749528513,-0.0012833554658799613,0.22594581961938376,0.0007830705041648919,0.007704740704500171,-0.0028974129806308875,0.009305585382253052,-0.0001220776886928114,0.001,0.004,0.513,1.0,-0.001,0.0,0.002,0.008,0.011,0.135,-0.002,-0.002,-0.005,0.0,0.006,0.627,1.0,0.0,-0.0,0.001,0.005,-0.001,0.125,0.01,-0.007,-0.001,0.001,0.004,0.513,1.0,-0.001,0.0,0.002,0.008,0.011,0.135,-0.002,-0.002,-0.005,0.0,0.0,0.4789915966386554,1.0,0.0,0.0,0.0,43.12309657374938,0.1155627272899759,0.22738783879165325,99.99999516867899,110.00000007530458,0.5000000802951073,55.000027865110354,0.22794642329920106,0.001,0.0012,0.0029,0.0069
58,1762746473.164368,0.0008944121662739371,-0.002373907120321304,0.226164230114191,0.0008515831065756018,-0.010904809043394569,-0.005452758272206712,0.0010920524740362144,0.00034256301205355037,0.002,0.004,0.522,1.0,-0.0,0.0,0.002,0.014,0.001,0.128,0.007,-0.002,-0.001,0.001,0.006,0.635,1.0,0.001,-0.0,0.001,0.004,-0.002,0.102,0.012,-0.004,-0.001,0.002,0.004,0.522,1.0,-0.0,0.0,0.002,0.014,0.001,0.128,0.007,-0.002,-0.001,0.0,0.0,0.48739495798319327,1.0,0.0,0.0,0.0,43.13553116934689,0.11480461004471526,0.22742708793032118,99.999995142562,110.00000007528783,0.500000080676314,55.00002787934712,0.22812010566820418,0.0007,0.0009,0.0022,0.0033
59,1762746473.2307198,0.004972380377263539,0.0014183328552635796,0.2215244835096614,0.0006140433619846264,0.020389841054948007,0.01896119987792442,-0.02319873302264821,-0.001187698722954877,0.002,0.006,0.531,1.0,0.0,0.0,0.001,0.0,0.034,0.188,0.009,0.02,-0.007,0.001,0.006,0.642,1.0,0.001,-0.001,0.001,0.003,-0.003,0.099,0.002,-0.006,-0.001,0.002,0.006,0.531,1.0,0.0,0.0,0.001,0.0,0.034,0.188,0.009,0.02,-0.007,0.0,0.0,0.49579831932773105,1.0,0.0,0.0,0.0,43.16463472719098,0.11297325651979949,0.22776804642890283,99.99999518817046,110.00000007531308,0.5000000801486048,55.000023685385756,0.22860712806630903,0.0005,0.0007,0.002,0.0036
60,1762746473.29899,-0.0003277385522250419,0.0010594643407792778,0.22960164281707063,0.000567879868700879,-0.0265005946474429,-0.0017943425724215069,0.040385796537046235,-0.00023081746641873753,0.002,0.004,0.536,1.0,0.0,-0.0,0.001,-0.001,-0.01,0.089,0.009,-0.01,-0.001,0.001,0.006,0.648,1.0,0.001,-0.0,0.001,0.004,-0.005,0.094,0.017,0.011,-0.002,0.002,0.004,0.536,1.0,0.0,-0.0,0.001,-0.001,-0.01,0.089,0.009,-0.01,-0.001,0.0,0.0,0.5042016806722689,1.0,0.0,0.0,0.0,43.167438355536255,0.11279798209765458,0.2282117964096948,99.99999516806018,110.00000007529921,0.5000000804569191,55.00002351247575,0.22890911290519933,0.0011,0.0012,0.0029,0.0031
61,1762746473.3633964,-0.001256352611431128,-0.005077321481839167,0.23020403157875843,0.0006413886678009749,-0.00464307029603043,-0.030683929113092215,0.0030119438084392734,0.0003675439955004797,0.004,0.005,0.54,1.0,0.001,-0.0,0.001,0.04,0.001,0.075,0.016,-0.008,0.004,0.001,0.006,0.653,1.0,0.001,-0.0,0.001,0.002,-0.005,0.079,-0.006,0.01,-0.001,0.004,0.005,0.54,1.0,0.001,-0.0,0.001,0.04,0.001,0.075,0.016,-0.008,0.004,0.0,0.0,0.5126050420168067,1.0,0.0,0.0,0.0,43.16295774404927,0.11308672266892963,0.22904476733931203,99.99999508123165,110.00000007523971,0.5000000816262544,55.00002563683376,0.22959238343147217,0.0004,0.0006,0.0016,0.0034
62,1762746473.433724,-0.0011896613422297455,0.0010669152406457827,0.23162897234669855,0.0005705766510981072,0.000333456346006913,0.030721183612424742,0.007124703839700599,-0.00035406008351433847,0.003,0.004,0.545,1.0,0.001,0.0,0.001,-0.007,-0.002,0.06,0.003,0.0,-0.002,0.001,0.005,0.659,1.0,0.001,-0.0,0.001,0.002,-0.007,0.101,-0.017,-0.018,-0.001,0.003,0.004,0.545,1.0,0.001,0.0,0.001,-0.007,-0.002,0.06,0.003,0.0,-0.002,0.0,0.0,0.5210084033613445,1.0,0.0,0.0,0.0,43.15241459387549,0.11377021398174539,0.23000994173983708,99.99999506259901,110.00000007522307,0.5000000819598264,55.00002260579323,0.23025459356314584,0.0011,0.0012,0.0032,0.0043
63,1762746473.4967682,-0.0006331766805510214,0.0010216369143280874,0.22996213185616365,0.0005014560028546565,0.0027824233083936223,-0.0002263916315884719,-0.008334202452674438,-0.00034560324121725336,0.004,0.004,0.551,1.0,0.0,-0.0,0.001,0.005,-0.006,0.084,-0.004,-0.0,-0.003,0.002,0.005,0.667,1.0,0.0,-0.001,0.001,0.002,-0.007,0.12,-0.016,0.003,-0.001,0.004,0.004,0.551,1.0,0.0,-0.0,0.001,0.005,-0.006,0.084,-0.004,-0.0,-0.003,0.0,0.0,0.5294117647058824,1.0,0.0,0.0,0.0,43.14642266006123,0.11417079338225268,0.230123210628394,99.99999507024849,110.00000007522422,0.5000000819074323,55.00002246786285,0.23046198255120912,0.0005,0.0006,0.0017,0.0033
64,1762746473.5681474,-0.00023980398341024546,-0.00031274084218648824,0.22823250887077218,0.0004951339969025792,0.00196686348570388,-0.00667188878257288,-0.00864811492695746,-3.161002976038589e-05,0.004,0.002,0.562,1.0,-0.001,-0.0,0.001,0.003,-0.014,0.107,-0.017,-0.002,-0.001,0.002,0.004,0.676,1.0,-0.0,-0.0,0.001,0.001,-0.008,0.157,-0.011,0.012,-0.001,0.004,0.002,0.562,1.0,-0.001,-0.0,0.001,0.003,-0.014,0.107,-0.017,-0.002,-0.001,0.0,0.0,0.5378151260504201,1.0,0.0,0.0,0.0,43.14627600305174,0.11419084775581828,0.23031822813800823,99.99999505795051,110.00000007521508,0.5000000820960897,55.000024023771836,0.2303260064394954,0.0011,0.0012,0.0032,0.0053
65,1762746473.6302629,-0.0011114701284767286,0.0001572895871915826,0.22658780804320225,-8.486184236140165e-06,-0.004358330725332416,0.0023501521468903544,-0.008223504137849705,-0.0025181009056935966,0.004,0.001,0.57,1.0,-0.001,0.0,0.001,-0.007,-0.019,0.132,-0.015,0.007,-0.0,0.002,0.004,0.686,1.0,-0.0,0.0,0.001,0.001,-0.007,0.154,-0.001,0.005,-0.0,0.004,0.001,0.57,1.0,-0.001,0.0,0.001,-0.007,-0.019,0.132,-0.015,0.007,-0.0,0.0,0.0,0.5462184873949579,1.0,0.0,0.0,0.0,43.152955898199004,0.11372186131497412,0.2305701970279518,99.99999503633823,110.00000007520323,0.5000000823937036,55.00002661670729,0.23001638069095448,0.0006,0.0006,0.0019,0.0032
66,1762746473.7113228,-0.0019846425981965383,0.00016197264010066702,0.2281001068874891,4.160546533422678e-05,-0.004365862348599047,2.3415264545421964e-05,0.007561494221434238,0.0002504582478518346,0.003,0.0,0.58,1.0,-0.001,0.0,0.001,0.001,-0.006,0.112,-0.009,-0.007,-0.005,0.002,0.003,0.697,1.0,-0.0,0.0,0.001,0.001,-0.007,0.146,-0.001,0.001,-0.0,0.003,0.0,0.58,1.0,-0.001,0.0,0.001,0.001,-0.006,0.112,-0.009,-0.007,-0.005,0.0,0.0,0.5546218487394958,1.0,0.0,0.0,0.0,43.15431513770833,0.11363370023623755,0.23058050337665162,99.99999505694032,110.00000007521768,0.5000000821813958,55.00002688533335,0.2300173015585502,0.0009,0.0006,0.0159,0.0032
67,1762746473.7699225,-0.002615467313140041,0.0003557556988999939,0.22475362479481623,-0.0003357223840533431,-0.003154123574717514,0.0009689152939966341,-0.016732410463364437,-0.0018866392469378494,0.003,-0.0,0.588,1.0,-0.001,0.0,0.001,-0.006,-0.006,0.155,-0.004,0.005,-0.0,0.002,0.003,0.707,1.0,-0.001,0.0,0.001,0.001,-0.006,0.162,-0.005,-0.0,-0.0,0.003,-0.0,0.588,1.0,-0.001,0.0,0.001,-0.006,-0.006,0.155,-0.004,0.005,-0.0,0.0,0.0,0.5630252100840336,1.0,0.0,0.0,0.0,43.16697183494816,0.11267822733193873,0.23060422899652894,99.9999950438837,110.00000007520967,0.5000000823644134,55.00002699844822,0.2299952875838412,0.0011,0.0012,0.0031,0.0073
68,1762746473.8308852,-0.0022464430026986415,0.000975205289198376,0.22389636246211048,-6.76691825301915e-06,0.0018451215522069984,0.0030972479514919105,-0.004286311663528645,0.0016447773290016196,0.002,-0.001,0.6,1.0,-0.001,0.001,0.001,-0.013,-0.016,0.166,-0.005,0.004,0.004,0.002,0.002,0.717,1.0,-0.001,0.0,0.001,0.001,-0.005,0.144,-0.009,-0.001,-0.0,0.002,-0.001,0.6,1.0,-0.001,0.001,0.001,-0.013,-0.016,0.166,-0.005,0.004,0.004,0.0,0.0,0.5714285714285714,1.0,0.0,0.0,0.0,43.18402576068871,0.11135339425112509,0.2306311556351673,99.99999502446958,110.00000007519967,0.5000000826278772,55.000027705129774,0.23000097658798568,0.0005,0.0007,0.0021,0.0036
69,1762746473.8966525,-0.0028949775663453825,0.001889156588227599,0.2243128107353551,0.00019025134991316738,-0.003242672818233705,0.0045697564951461146,0.002082241366222961,0.0009850913408309325,0.003,-0.002,0.608,1.0,-0.001,0.001,0.001,-0.005,-0.021,0.161,-0.006,-0.0,0.002,0.002,0.002,0.726,1.0,-0.001,0.0,0.001,0.001,-0.004,0.121,-0.004,0.003,-0.0,0.003,-0.002,0.608,1.0,-0.001,0.001,0.001,-0.005,-0.021,0.161,-0.006,-0.0,0.002,0.0,0.0,0.5798319327731092,1.0,0.0,0.0,0.0,43.20042240730309,0.11006208724444778,0.23066333510667283,99.9999950086623,110.00000007519088,0.5000000828466936,55.00002848809145,0.23008799495247165,0.0005,0.0007,0.0017,0.0031
70,1762746473.9642665,0.0009743995593492964,0.0010953935930660588,0.2290370452088684,0.00027077222172204845,0.019346885628473393,-0.003968814975807701,0.02362117236756655,0.0004026043590444055,0.003,-0.002,0.616,1.0,-0.002,0.0,0.001,0.002,0.004,0.097,-0.002,-0.015,-0.001,0.002,0.002,0.735,1.0,-0.001,0.0,0.001,0.002,-0.003,0.127,-0.005,0.009,-0.0,0.003,-0.002,0.616,1.0,-0.002,0.0,0.001,0.002,0.004,0.097,-0.002,-0.015,-0.001,0.0,0.0,0.5882352941176471,1.0,0.0,0.0,0.0,43.199238272444035,0.11016454987433215,0.23067930807070652,99.99999499879796,110.00000007518547,0.5000000829916638,55.000026082497186,0.2302257163925059,0.0011,0.0008,0.0018,0.0032
71,1762746474.0318754,0.003023318562611778,-0.0007926124963436873,0.22634187585831783,0.00021870284411137995,0.010244595016312405,-0.00944003044704873,-0.013475846752752926,-0.0002603468880533425,0.003,-0.002,0.624,1.0,-0.002,0.001,0.001,-0.003,0.007,0.127,-0.009,0.01,-0.006,0.002,0.002,0.743,1.0,-0.001,0.001,0.001,0.002,-0.001,0.137,0.014,0.003,0.0,0.003,-0.002,0.624,1.0,-0.002,0.001,0.001,-0.003,0.007,0.127,-0.009,0.01,-0.006,0.0,0.0,0.5966386554621849,1.0,0.0,0.0,0.0,43.20461383479658,0.10975487081245568,0.23122255757789678,99.99999499316732,110.00000007517458,0.5000000831520208,55.00002741979936,0.2305936434400671,0.0011,0.0012,0.0021,0.0033
72,1762746474.0981765,-0.0011233895457674007,0.0003513928264258289,0.22937887767969614,0.0003731428513190089,-0.020733540541895894,0.00572002661384758,0.01518500910689156,0.0007722000360381448,0.003,-0.002,0.632,1.0,-0.001,0.001,0.001,-0.007,-0.013,0.091,0.008,-0.006,0.003,0.002,0.002,0.751,1.0,-0.0,0.0,0.001,0.003,-0.0,0.115,0.023,-0.008,0.0,0.003,-0.002,0.632,1.0,-0.001,0.001,0.001,-0.007,-0.013,0.091,0.008,-0.006,0.003,0.0,0.0,0.6050420168067226,1.0,0.0,0.0,0.0,43.20038816822728,0.11008641776344798,0.23146421032052336,99.99999496305126,110.00000007515288,0.5000000835514575,55.00002612700131,0.23128233492957326,0.0008,0.0008,0.0024,0.0036
73,1762746474.1633425,0.0003403789664628413,0.0009092429940727583,0.22622745947174352,0.00046314584723689846,0.007318842561151211,0.002789250838234648,-0.015757091039763197,0.0004500149795894475,0.002,-0.002,0.643,1.0,-0.001,0.001,0.001,0.001,0.011,0.126,0.02,-0.0,0.002,0.003,0.002,0.76,1.0,0.0,0.0,0.001,0.003,-0.0,0.136,0.006,-0.006,0.0,0.002,-0.002,0.643,1.0,-0.001,0.001,0.001,0.001,0.011,0.126,0.02,-0.0,0.002,0.0,0.0,0.6134453781512604,1.0,0.0,0.0,0.0,43.2046482995932,0.1097718929138771,0.23194053159090225,99.99999493705461,110.00000007513633,0.5000000839036801,55.000027638431504,0.230850681823372,0.0005,0.0006,0.0018,0.0031
74,1762746474.2364256,-0.0014089758775573857,-0.0026066586019631985,0.2247557789255105,0.00054974066271214,-0.008746774220101132,-0.017579507980179782,-0.007358402731165175,0.00043297407737620796,0.004,-0.001,0.653,1.0,-0.0,0.001,0.001,0.012,-0.004,0.148,0.012,0.003,0.003,0.003,0.002,0.77,1.0,0.0,0.0,0.001,0.003,-0.0,0.125,-0.0,0.001,0.0,0.004,-0.001,0.653,1.0,-0.0,0.001,0.001,0.012,-0.004,0.148,0.012,0.003,0.003,0.0,0.0,0.6218487394957983,1.0,0.0,0.0,0.0,43.21591781299259,0.10892489259103848,0.23210994733169982,99.99999490589079,110.00000007511395,0.5000000842871208,55.000028422449276,0.23073368173719477,0.001,0.0012,0.0033,0.007
75,1762746474.2973888,-0.0015295009628938658,-0.001487867374602352,0.22747181759239168,0.0005275627868348131,-0.0006026254266824006,0.005593956136804233,0.013580193334406021,-0.00011088937938663444,0.003,-0.0,0.659,1.0,-0.0,0.001,0.001,0.003,0.01,0.116,0.007,-0.008,-0.001,0.003,0.001,0.778,1.0,0.0,-0.0,0.001,0.004,-0.001,0.132,-0.007,-0.014,-0.001,0.003,-0.0,0.659,1.0,-0.0,0.001,0.001,0.003,0.01,0.116,0.007,-0.008,-0.001,0.0,0.0,0.6302521008403361,1.0,0.0,0.0,0.0,43.2188562555422,0.10870863356767316,0.23252672089103327,99.99999488917179,110.00000007510133,0.5000000845459046,55.000029109545835,0.23083374577568816,0.0008,0.0009,0.0019,0.0031
76,1762746474.3634984,-0.001632233617578489,-0.003370985287509105,0.22559721206960082,0.0005738762509797478,-0.0005136632734231155,-0.009415589564533764,-0.009373027613954376,0.0002315673207246728,0.004,-0.002,0.67,1.0,-0.001,0.001,0.001,0.017,-0.014,0.134,-0.006,-0.006,0.002,0.003,0.001,0.787,1.0,-0.0,-0.0,0.001,0.004,-0.001,0.137,-0.012,-0.007,-0.001,0.004,-0.002,0.67,1.0,-0.001,0.001,0.001,0.017,-0.014,0.134,-0.006,-0.006,0.002,0.0,0.0,0.6386554621848739,1.0,0.0,0.0,0.0,43.226105094505925,0.10818065962344704,0.23253931577999795,99.99999485853054,110.00000007508318,0.5000000849171603,55.000028574170926,0.23091204691974657,0.0005,0.0006,0.0019,0.0031
77,1762746474.4433324,0.0024889080137305924,-0.002364601755875023,0.22648286616880905,0.0004319006314403765,0.02060570815654541,0.005031917658170411,0.004428270496041057,-0.0007098780976968568,0.005,-0.001,0.678,1.0,-0.001,0.0,0.001,0.011,0.015,0.125,-0.004,-0.008,-0.006,0.004,0.001,0.795,1.0,-0.001,-0.001,0.001,0.002,-0.0,0.112,-0.009,-0.01,-0.001,0.005,-0.001,0.678,1.0,-0.001,0.0,0.001,0.011,0.015,0.125,-0.004,-0.008,-0.006,0.0,0.0,0.6470588235294117,1.0,0.0,0.0,0.0,43.23144193670184,0.10779832416371928,0.23261228322949876,99.99999488748192,110.00000007509563,0.5000000846258732,55.00002890139903,0.23101265106059993,0.0016,0.0018,0.005,0.0109
78,1762746474.5002124,-0.00024882394543732783,-0.0022148660174172805,0.22708645446595158,0.0005078609186801148,-0.0136886597958396,0.0007486786922887107,0.003017941485712714,0.0003798014361986917,0.006,-0.003,0.687,1.0,-0.001,-0.0,0.001,0.014,-0.013,0.115,-0.008,-0.013,0.002,0.004,0.001,0.803,1.0,-0.001,-0.001,0.001,0.001,0.001,0.121,0.01,-0.005,-0.0,0.006,-0.003,0.687,1.0,-0.001,-0.0,0.001,0.014,-0.013,0.115,-0.008,-0.013,0.002,0.0,0.0,0.6554621848739496,1.0,0.0,0.0,0.0,43.233803528471796,0.10763270391604357,0.23314422366856102,99.99999484564935,110.00000007506712,0.5000000851754006,55.00002761736548,0.23121389922271723,0.0007,0.0011,0.0032,0.0047
79,1762746474.5703573,-0.0009065192514105008,-0.0011018499953944127,0.22707908938855798,0.0005412278990623548,-0.003288476529865866,0.005565080110114339,-3.682538696788773e-05,0.0001668349019111998,0.005,-0.003,0.693,1.0,-0.001,-0.0,0.001,0.005,-0.005,0.117,0.007,-0.009,0.001,0.004,0.001,0.811,1.0,-0.0,-0.001,0.001,0.0,0.001,0.117,0.008,-0.0,-0.001,0.005,-0.003,0.693,1.0,-0.001,-0.0,0.001,0.005,-0.005,0.117,0.007,-0.009,0.001,0.0,0.0,0.6638655462184874,1.0,0.0,0.0,0.0,43.23625404854341,0.10746490528861836,0.23326667583775285,99.99999481807203,110.00000007504674,0.5000000855232968,55.00002855269651,0.2311907257574273,0.0013,0.0018,0.004,0.0059
80,1762746474.6350124,-0.00431839863376701,-0.002559759459963516,0.22723963851267132,0.000586289595549474,-0.017059396911782546,-0.007289547322845515,0.0008027456205667507,0.00022530848243559602,0.007,-0.002,0.698,1.0,-0.001,-0.001,0.001,0.019,-0.0,0.119,0.013,-0.005,0.002,0.004,0.002,0.818,1.0,-0.0,-0.001,0.001,-0.001,0.002,0.138,0.0,0.006,-0.001,0.007,-0.002,0.698,1.0,-0.001,-0.001,0.001,0.019,-0.0,0.119,0.013,-0.005,0.002,0.0,0.0,0.6722689075630252,1.0,0.0,0.0,0.0,43.238805635872794,0.1072928468201878,0.2335898058045306,99.99999477571713,110.0000000750197,0.5000000860615113,55.000029520209296,0.23146698698276694,0.0007,0.001,0.0035,0.0058
81,1762746474.7040288,-0.0005642920819531839,-0.002073227770611392,0.22495048705937873,0.0005288073198955677,0.018770532759069133,0.0024326584467606214,-0.011445757266462863,-0.00028741137826953213,0.006,-0.002,0.71,1.0,-0.001,-0.0,0.001,0.001,0.003,0.145,0.003,0.01,-0.002,0.004,0.002,0.827,1.0,-0.0,-0.001,0.001,-0.002,0.002,0.122,-0.016,-0.003,-0.001,0.006,-0.002,0.71,1.0,-0.001,-0.0,0.001,0.001,0.003,0.145,0.003,0.01,-0.002,0.0,0.0,0.680672268907563,1.0,0.0,0.0,0.0,43.248502668652414,0.10665877489561722,0.2339526485832594,99.99999476510335,110.00000007501134,0.5000000862502293,55.00002696172703,0.23194385771414724,0.0013,0.0016,0.0031,0.0072
82,1762746474.7767954,-0.001285712422844016,-0.0019868372965298974,0.22526521661925422,7.1730479930452685e-06,-0.0036071017044541614,0.00043195237040747226,0.0015736477993776223,-0.0026081713595126127,0.006,-0.003,0.717,1.0,-0.001,0.0,0.001,0.002,-0.015,0.145,-0.01,0.009,-0.0,0.003,0.002,0.834,1.0,-0.001,-0.001,0.001,-0.003,0.002,0.104,-0.005,-0.001,-0.001,0.006,-0.003,0.717,1.0,-0.001,0.0,0.001,0.002,-0.015,0.145,-0.01,0.009,-0.0,0.0,0.0,0.6890756302521008,1.0,0.0,0.0,0.0,43.25891655155177,0.10599113337560034,0.2340831352350543,99.99999474352676,110.0000000749986,0.5000000865336615,55.000025921977155,0.23180902922739477,0.0016,0.0018,0.0053,0.0106
83,1762746474.8399138,0.0027561250187452487,-0.002230875286637458,0.2315787471570477,7.074227125755856e-05,0.02020918720794632,-0.0012201899505378038,0.03156765268896741,0.00031784611632256626,0.007,-0.002,0.722,1.0,-0.001,-0.001,0.001,0.02,0.016,0.064,-0.005,-0.015,-0.004,0.003,0.002,0.841,1.0,-0.001,-0.001,0.001,-0.005,0.004,0.108,0.001,0.0,-0.0,0.007,-0.002,0.722,1.0,-0.001,-0.001,0.001,0.02,0.016,0.064,-0.005,-0.015,-0.004,0.0,0.0,0.6974789915966386,1.0,0.0,0.0,0.0,43.24658825301818,0.10675414372246639,0.23405688978960137,99.99999475748498,110.00000007500554,0.5000000863949183,55.00002634651278,0.2320858850731695,0.0009,0.0019,0.0051,0.0079
84,1762746474.9000459,0.0037702955783085685,-0.0011177070015582031,0.22901086058872064,0.00013523233278296587,0.005070852797816597,0.005565841425396274,-0.012839432841635552,0.00032245030762703653,0.007,-0.002,0.73,1.0,-0.001,-0.001,0.001,0.006,0.017,0.091,-0.001,-0.004,-0.003,0.003,0.002,0.849,1.0,-0.0,-0.001,0.001,-0.007,0.005,0.147,0.024,0.001,-0.0,0.007,-0.002,0.73,1.0,-0.001,-0.001,0.001,0.006,0.017,0.091,-0.001,-0.004,-0.003,0.0,0.0,0.7058823529411764,1.0,0.0,0.0,0.0,43.23891450046682,0.10720565609782388,0.23451657113323846,99.99999475188882,110.0000000749971,0.5000000865296162,55.00002585712474,0.2325165575961474,0.0011,0.001,0.0027,0.0045
85,1762746474.9670434,0.0039459107556654585,0.0025974831587585283,0.2294452574208462,0.00020270877333477904,0.0008780758867844526,0.018575950801583654,0.0021719841606278097,0.0003373822027590659,0.006,-0.001,0.738,1.0,-0.001,-0.001,0.001,-0.014,0.022,0.09,0.012,-0.009,-0.002,0.002,0.003,0.858,1.0,0.0,-0.001,0.001,-0.007,0.004,0.131,0.025,0.005,-0.0,0.006,-0.001,0.738,1.0,-0.001,-0.001,0.001,-0.014,0.022,0.09,0.012,-0.009,-0.002,0.0,0.0,0.7142857142857143,1.0,0.0,0.0,0.0,43.23077217979166,0.10768218156138784,0.23468680922401552,99.99999474489219,110.00000007499217,0.5000000866525781,55.00002711556136,0.2328042028094793,0.0009,0.0012,0.0032,0.0044
86,1762746475.0348828,0.001180108581405619,0.0044098406986297885,0.2259280217233507,0.00024918270185146304,-0.013829010871299199,0.009061787699356302,-0.017586178487477528,0.00023236964258342021,0.003,0.0,0.749,1.0,0.0,-0.0,0.001,-0.03,0.025,0.134,0.021,0.008,-0.002,0.002,0.003,0.867,1.0,0.001,-0.0,0.001,-0.01,0.004,0.172,0.024,0.026,-0.0,0.003,0.0,0.749,1.0,0.0,-0.0,0.001,-0.03,0.025,0.134,0.021,0.008,-0.002,0.0,0.0,0.7226890756302521,1.0,0.0,0.0,0.0,43.234324429732986,0.10747258491085811,0.2349573562561049,99.99999473731467,110.00000007498572,0.5000000867868634,55.000030595900114,0.23282581755329582,0.0016,0.0012,0.0034,0.0046
87,1762746475.099473,0.0022959289533687434,0.000695988594606599,0.22635427575632078,0.0002963434308480385,0.00557910185981562,-0.018569260520115947,0.002131270164850395,0.00023580364498287733,0.004,0.002,0.756,1.0,0.001,0.0,0.001,-0.002,0.033,0.135,0.032,0.008,-0.002,0.001,0.003,0.877,1.0,0.001,0.0,0.001,-0.009,0.002,0.164,-0.0,0.029,0.0,0.004,0.002,0.756,1.0,0.001,0.0,0.001,-0.002,0.033,0.135,0.032,0.008,-0.002,0.0,0.0,0.7310924369747899,1.0,0.0,0.0,0.0,43.239056111648324,0.10718960400065047,0.23586628238091192,99.99999471743737,110.0000000749743,0.5000000871244062,55.00003164493277,0.23328137937371637,0.0007,0.0009,0.0026,0.0045
88,1762746475.1751292,5.159588155787638e-05,0.0003666349015941197,0.22605554758611227,0.0004108128530441743,-0.011221665359054335,-0.0016467684650623982,-0.0014936408510425932,0.0005723471109806789,0.002,0.002,0.766,1.0,0.001,0.001,0.001,-0.015,0.005,0.136,0.012,0.018,0.002,0.001,0.003,0.887,1.0,0.001,0.001,0.001,-0.008,-0.0,0.152,-0.005,0.007,-0.0,0.002,0.002,0.766,1.0,0.001,0.001,0.001,-0.015,0.005,0.136,0.012,0.018,0.002,0.0,0.0,0.7394957983193277,1.0,0.0,0.0,0.0,43.244171982851725,0.10688813962302453,0.23648262813101484,99.99999468666427,110.00000007495407,0.500000087537998,55.00003677980082,0.2329279443911017,0.0008,0.0013,0.0052,0.0105
89,1762746475.2352438,-0.0009977147073931582,0.001647964569327661,0.22646927162760655,0.00046794757626274723,-0.005246552944755174,0.006406648338667706,0.0020686202074714248,0.00028567361609286484,0.001,0.001,0.776,1.0,0.001,0.001,0.001,-0.019,-0.005,0.129,-0.004,0.008,0.001,0.0,0.003,0.897,1.0,0.001,0.001,0.001,-0.006,-0.002,0.148,-0.014,-0.009,-0.0,0.001,0.001,0.776,1.0,0.001,0.001,0.001,-0.019,-0.005,0.129,-0.004,0.008,0.001,0.0,0.0,0.7478991596638656,1.0,0.0,0.0,0.0,43.24769172355422,0.10668155932794336,0.2370122962491478,99.99999465789693,110.00000007493442,0.5000000879303693,55.00004041727402,0.23290983225275366,0.0006,0.0009,0.0042,0.0056
90,1762746475.2995305,-0.0016807307868168487,0.0011675139903872265,0.22647001524229185,0.0005518125768047528,-0.0034150803971184527,-0.002402252894702172,3.718073426330331e-06,0.00041932500271002753,0.001,0.001,0.783,1.0,0.001,0.001,0.001,-0.009,-0.008,0.13,-0.005,-0.001,0.003,-0.0,0.003,0.906,1.0,0.0,0.001,0.001,-0.005,-0.003,0.143,-0.018,-0.002,0.0,0.001,0.001,0.783,1.0,0.001,0.001,0.001,-0.009,-0.008,0.13,-0.005,-0.001,0.003,0.0,0.0,0.7563025210084033,1.0,0.0,0.0,0.0,43.25140375495355,0.10646876593647757,0.23716641026557625,99.99999461975939,110.00000007491168,0.5000000883918596,55.00004070084174,0.23305433032495199,0.0006,0.001,0.0028,0.0044
91,1762746475.3732643,-0.0025466825902919618,-8.639838651239859e-05,0.22603778129369778,0.0005055781104576539,-0.0043297590173755635,-0.0062695618844981265,-0.0021611697429704127,-0.00023117233173549484,0.001,0.0,0.79,1.0,0.0,0.001,0.001,-0.001,-0.006,0.137,-0.012,-0.002,-0.002,-0.0,0.003,0.915,1.0,-0.0,0.001,0.001,-0.003,-0.002,0.104,-0.014,-0.002,-0.001,0.001,0.0,0.79,1.0,0.0,0.001,0.001,-0.001,-0.006,0.137,-0.012,-0.002,-0.002,0.0,0.0,0.7647058823529411,1.0,0.0,0.0,0.0,43.25702047606796,0.10615658305367878,0.23718811173870774,99.99999461626608,110.00000007490611,0.5000000884585669,55.00004039246503,0.23303610940123795,0.0007,0.0011,0.0042,0.0099
92,1762746475.4301093,-0.002345710782035864,-0.0009566081119498691,0.22523075601820752,0.0005367595519229716,0.0010048590412804889,-0.004351048627187352,-0.0040351263774514035,0.00015590720732658867,0.001,-0.001,0.804,1.0,-0.001,0.001,0.001,0.002,-0.022,0.142,-0.015,-0.001,0.001,-0.001,0.002,0.924,1.0,-0.001,0.001,0.001,-0.003,-0.003,0.145,-0.018,-0.008,-0.001,0.001,-0.001,0.804,1.0,-0.001,0.001,0.001,0.002,-0.022,0.142,-0.015,-0.001,0.001,0.0,0.0,0.7731092436974789,1.0,0.0,0.0,0.0,43.264619477106834,0.10574220237618984,0.23736628316950237,99.9999945884031,110.00000007489025,0.5000000888080343,55.00004139606552,0.2329180389210821,0.0004,0.0006,0.0018,0.0034
93,1762746475.4965954,-0.0015338916063023953,0.0016431138376565636,0.22558719489250498,1.032279202139194e-05,0.004059095878667345,0.012998609748032163,0.001782194371487349,-0.002632183799507899,0.0,-0.001,0.811,1.0,-0.001,0.001,0.001,-0.001,-0.016,0.14,-0.013,-0.005,0.0,-0.001,0.002,0.933,1.0,-0.001,0.0,0.001,-0.003,-0.001,0.118,-0.007,-0.011,-0.001,0.0,-0.001,0.811,1.0,-0.001,0.001,0.001,-0.001,-0.016,0.14,-0.013,-0.005,0.0,0.0,0.0,0.7815126050420168,1.0,0.0,0.0,0.0,43.27214243056691,0.10534426774963733,0.23754998628446847,99.99999456722239,110.0000000748757,0.5000000890843604,55.00004256045305,0.23286312595332764,0.0004,0.0006,0.0019,0.003
94,1762746475.5642464,-0.0001166196780034187,0.00475629745444057,0.22727619248498648,1.4181313206806457e-05,0.007086359641494884,0.01556591808392003,0.008444987962407502,1.9292605927072586e-05,-0.001,-0.002,0.817,1.0,-0.001,0.001,0.001,-0.029,-0.007,0.119,-0.012,-0.007,-0.007,-0.001,0.002,0.941,1.0,-0.001,0.0,0.001,-0.003,0.0,0.115,-0.001,0.005,-0.0,-0.001,-0.002,0.817,1.0,-0.001,0.001,0.001,-0.029,-0.007,0.119,-0.012,-0.007,-0.007,0.0,0.0,0.7899159663865546,1.0,0.0,0.0,0.0,43.27376913548629,0.10525908641104602,0.2379166703969004,99.9999945884426,110.0000000748847,0.5000000889007855,55.00004460775984,0.23284277558925906,0.0006,0.0009,0.0023,0.0032
95,1762746475.632507,-0.007239906121542301,0.0017447940515604417,0.22549617215059292,0.00033379969740610863,-0.035616432217694415,-0.01505751701440064,-0.008900101671967918,0.0015980919209965109,0.0,-0.004,0.826,1.0,-0.002,0.0,0.001,0.01,-0.059,0.141,-0.008,0.004,0.009,-0.001,0.002,0.948,1.0,-0.001,0.001,0.001,-0.002,0.002,0.122,0.011,0.024,-0.0,0.0,-0.004,0.826,1.0,-0.002,0.0,0.001,0.01,-0.059,0.141,-0.008,0.004,0.009,0.0,0.0,0.7983193277310924,1.0,0.0,0.0,0.0,43.2809655901812,0.10490849355475697,0.23909834733746554,99.99999451705388,110.0000000748405,0.5000000898381292,55.000046223044016,0.2330776590363895,0.0009,0.0011,0.0032,0.0032
96,1762746475.7029512,-0.002922495598323454,-0.000785176721499972,0.2282916494777395,0.00044604678138169396,0.021587052616094234,-0.012649853865302069,0.013977386635732714,0.0005612354198779267,-0.001,-0.002,0.834,1.0,-0.001,0.001,0.001,0.001,-0.006,0.107,0.006,0.008,0.003,-0.001,0.002,0.956,1.0,-0.001,0.001,0.001,-0.001,0.003,0.107,-0.017,0.008,-0.0,-0.001,-0.002,0.834,1.0,-0.001,0.001,0.001,0.001,-0.006,0.107,0.006,0.008,0.003,0.0,0.0,0.8067226890756303,1.0,0.0,0.0,0.0,43.27913757445656,0.1049888366704589,0.23944959249114828,99.9999944786955,110.00000007481827,0.5000000903324496,55.0000397568774,0.23369858370581448,0.001,0.0011,0.0035,0.0066
97,1762746475.7635062,0.00045427113261616633,8.257472669068828e-06,0.22657334540042734,0.00044981453426773155,0.01688383365469811,0.0039671709708452045,-0.008591520386560898,1.8838764430188066e-05,-0.002,-0.002,0.842,1.0,-0.002,0.001,0.001,-0.014,-0.004,0.126,-0.01,0.019,-0.001,-0.001,0.003,0.963,1.0,-0.002,0.001,0.001,0.001,0.005,0.113,-0.008,-0.013,-0.0,-0.002,-0.002,0.842,1.0,-0.002,0.001,0.001,-0.014,-0.004,0.126,-0.01,0.019,-0.001,0.0,0.0,0.8151260504201681,1.0,0.0,0.0,0.0,43.28141376334179,0.10488345164657643,0.23984550635107807,99.99999445926548,110.0000000748057,0.5000000906194694,55.000039823663386,0.23412861453034126,0.0004,0.0006,0.0021,0.003
98,1762746475.8335414,0.0017460306787672015,-0.0006349254274043115,0.2276122218927819,0.00043371137186374285,0.006458797730755176,-0.003215914500366902,0.005194382461772741,-8.051581201994351e-05,-0.001,-0.002,0.85,1.0,-0.002,0.001,0.001,0.002,-0.002,0.117,-0.01,-0.003,-0.002,-0.001,0.003,0.971,1.0,-0.002,0.001,0.001,0.002,0.008,0.133,0.014,-0.015,-0.0,-0.001,-0.002,0.85,1.0,-0.002,0.001,0.001,0.002,-0.002,0.117,-0.01,-0.003,-0.002,0.0,0.0,0.8235294117647058,1.0,0.0,0.0,0.0,43.281410929656026,0.10487910217927778,0.24053764624253476,99.99999444130364,110.00000007479098,0.5000000909180722,55.000041614877084,0.23462719567398813,0.001,0.0012,0.0037,0.0036
99,1762746475.8979888,0.00047034917268529825,0.00022235667938926376,0.22685733255623164,0.00048765087167768745,-0.006378407530409516,0.004286410533967876,-0.0037744466827512924,0.000269697499069723,-0.001,-0.003,0.857,1.0,-0.002,0.001,0.001,-0.002,-0.005,0.129,0.005,-0.009,0.001,-0.001,0.004,0.979,1.0,-0.001,0.0,0.001,0.002,0.008,0.115,0.025,-0.012,-0.0,-0.001,-0.003,0.857,1.0,-0.002,0.001,0.001,-0.002,-0.005,0.129,0.005,-0.009,0.001,0.0,0.0,0.8319327731092436,1.0,0.0,0.0,0.0,43.28403395359196,0.10476689852693394,0.24084039709939864,99.99999440908354,110.00000007476694,0.5000000913378654,55.00004108834416,0.2352200240235048,0.0004,0.0007,0.0023,0.0038
100,1762746475.9635513,0.0021963897351662282,0.0021395269412512177,0.22617935587250854,0.0005267766078161643,0.008630202812404647,0.009585851309309768,-0.003389883418615566,0.00019562868069238429,0.0,-0.001,0.866,1.0,-0.001,0.0,0.001,0.002,0.017,0.137,0.013,-0.004,0.001,-0.001,0.004,0.987,1.0,-0.0,-0.0,0.001,0.002,0.009,0.117,0.014,-0.004,0.0,0.0,-0.001,0.866,1.0,-0.001,0.0,0.001,0.002,0.017,0.137,0.013,-0.004,0.001,0.0,0.0,0.8403361344537815,1.0,0.0,0.0,0.0,43.28882624222951,0.10457128908875794,0.24092444036692084,99.99999438452882,110.00000007474964,0.5000000916341087,55.00004278865566,0.23493588745747654,0.0004,0.0006,0.0021,0.003
101,1762746476.0303311,0.0026841693044898462,-6.901594362661648e-05,0.227617911425189,0.0005571142490221502,0.0024388978466180914,-0.011042714424389168,0.0071927777634023735,0.00015168820602992958,0.001,0.001,0.874,1.0,-0.0,0.0,0.001,0.008,0.023,0.122,0.018,-0.007,0.001,-0.001,0.005,0.994,1.0,0.0,0.0,0.001,0.002,0.01,0.12,0.014,0.01,-0.001,0.001,0.001,0.874,1.0,-0.0,0.0,0.001,0.008,0.023,0.122,0.018,-0.007,0.001,0.0,0.0,0.8487394957983193,1.0,0.0,0.0,0.0,43.28948636669535,0.10454499098750779,0.24134851537470864,99.99999435331863,110.00000007473035,0.5000000920357989,55.00004604597771,0.2346347449765659,0.0004,0.0006,0.0021,0.0032
102,1762746476.0979936,0.0021164359109006187,-0.0007841326732711208,0.22942185950945393,1.3309727946325266e-05,-0.0028386669679461352,-0.003575583648222522,0.009019740421324635,-0.0027190226053791246,0.001,0.001,0.879,1.0,-0.0,0.0,0.001,0.007,0.015,0.102,0.012,-0.004,0.0,-0.001,0.005,1.002,1.0,0.001,0.0,0.001,0.002,0.009,0.119,0.014,0.003,-0.001,0.001,0.001,0.879,1.0,-0.0,0.0,0.001,0.007,0.015,0.102,0.012,-0.004,0.0,0.0,0.0,0.8571428571428571,1.0,0.0,0.0,0.0,43.28346334682273,0.10478269911189148,0.2414380611648463,99.99999433340805,110.00000007471849,0.5000000922853209,55.00004761803501,0.2345454727079239,0.0009,0.0006,0.0023,0.0035
103,1762746476.1657162,0.0029827669166250827,-0.001255401376850565,0.22712739501277543,9.715658437598233e-05,0.0043316550286223235,-0.002356343517897221,-0.011472322483392288,0.0004192342821482855,0.001,0.003,0.886,1.0,0.0,0.001,0.001,-0.005,0.022,0.13,0.014,0.014,-0.003,-0.001,0.006,1.01,1.0,0.001,0.0,0.001,0.002,0.007,0.122,0.005,-0.005,-0.0,0.001,0.003,0.886,1.0,0.0,0.001,0.001,-0.005,0.022,0.13,0.014,0.014,-0.003,0.0,0.0,0.8655462184873949,1.0,0.0,0.0,0.0,43.28377739159316,0.10477299387709661,0.24178273696246486,99.9999943314326,110.00000007471424,0.5000000923578841,55.00004889186133,0.23442906679164502,0.0011,0.0007,0.0032,0.0035
104,1762746476.2368422,-0.0009655323897208058,0.003346884431432725,0.22880027503914419,0.00034297022287308463,-0.019741496531729436,0.02301142904141645,0.008364400131843776,0.0012290681924855115,-0.0,0.002,0.895,1.0,0.0,0.001,0.001,-0.014,-0.006,0.113,0.015,-0.003,0.006,-0.0,0.006,1.019,1.0,0.001,-0.0,0.001,0.002,0.006,0.13,0.004,-0.007,-0.0,-0.0,0.002,0.895,1.0,0.0,0.001,0.001,-0.014,-0.006,0.113,0.015,-0.003,0.006,0.0,0.0,0.8739495798319328,1.0,0.0,0.0,0.0,43.27950143099841,0.1049410019289484,0.2418650692116288,99.99999428802388,110.00000007468834,0.5000000928678171,55.000048477470834,0.23435647924228886,0.001,0.0011,0.0037,0.0067
105,1762746476.302532,0.00039102818522282435,0.0006782751454828019,0.22645812272733792,0.00042385814060147956,0.006782802874718151,-0.013343046429749615,-0.01171076155903136,0.00040443958864197466,0.001,0.004,0.905,1.0,0.0,0.0,0.001,0.001,0.006,0.141,0.007,0.001,0.001,-0.0,0.007,1.028,1.0,0.001,0.0,0.001,0.002,0.004,0.151,-0.015,0.014,-0.0,0.001,0.004,0.905,1.0,0.0,0.0,0.001,0.001,0.006,0.141,0.007,0.001,0.001,0.0,0.0,0.8823529411764706,1.0,0.0,0.0,0.0,43.28208169588385,0.10483755983923583,0.24274471322464536,99.99999424973859,110.00000007465495,0.5000000934065938,55.000050590046705,0.2348550897736103,0.0011,0.0012,0.0039,0.0057
106,1762746476.3686626,0.0017300095896840687,-0.003290321483683911,0.22570181073216095,0.0004161864248935182,0.006694907022306222,-0.019842983145833566,-0.0037815599758849543,-3.835857853980688e-05,0.002,0.004,0.912,1.0,0.0,0.001,0.001,0.014,0.008,0.152,-0.002,0.009,-0.002,-0.0,0.007,1.038,1.0,0.001,0.0,0.001,0.003,0.003,0.149,-0.014,0.008,-0.0,0.002,0.004,0.912,1.0,0.0,0.001,0.001,0.014,0.008,0.152,-0.002,0.009,-0.002,0.0,0.0,0.8907563025210083,1.0,0.0,0.0,0.0,43.28806538432855,0.1045968065148192,0.24283319483267596,99.99999424340132,110.00000007465738,0.5000000935093519,55.000052164570874,0.23495762645512958,0.0006,0.0008,0.0032,0.0068
107,1762746476.4307156,0.001808822886953135,0.0015590962157792593,0.22765510183562124,-9.518114938323393e-05,0.0003940664863453303,0.02424708849731585,0.00976645551730149,-0.0025568378713837605,0.0,0.004,0.922,1.0,-0.0,0.001,0.001,-0.009,0.003,0.124,-0.007,0.003,0.0,0.0,0.007,1.047,1.0,0.0,0.0,0.001,0.003,0.003,0.138,-0.001,-0.016,0.0,0.0,0.004,0.922,1.0,-0.0,0.001,0.001,-0.009,0.003,0.124,-0.007,0.003,0.0,0.0,0.0,0.8991596638655461,1.0,0.0,0.0,0.0,43.28664463358871,0.10465510953670698,0.24326967761241053,99.99999421977569,110.00000007463925,0.5000000938326282,55.000049745135286,0.23506788424527922,0.0005,0.0006,0.0025,0.0031
108,1762746476.5032716,0.0030826118363544226,0.005092433667960795,0.22493398532333148,-0.0004608750024495028,0.006368944747006439,0.017666687260907678,-0.013605582561448858,-0.0018284692653313442,0.0,0.003,0.934,1.0,-0.001,0.001,0.001,-0.009,0.004,0.15,-0.014,0.0,0.0,0.0,0.007,1.056,1.0,0.0,0.0,0.001,0.004,0.002,0.15,0.006,0.004,-0.0,0.0,0.003,0.934,1.0,-0.001,0.001,0.001,-0.009,0.004,0.15,-0.014,0.0,0.0,0.0,0.0,0.907563025210084,1.0,0.0,0.0,0.0,43.29213460445918,0.10442911883023535,0.2434265356721172,99.9999942061642,110.0000000746305,0.5000000940139758,55.00004836285637,0.2349433691493105,0.001,0.0011,0.0037,0.0067
109,1762746476.569914,0.005064806202442884,0.0005631247312888089,0.22728307955641994,-0.0002858288521659089,0.00991097183044231,-0.022646544683359922,0.01174547116544214,0.0008752307514179696,0.001,0.004,0.94,1.0,-0.001,0.001,0.001,0.003,0.021,0.119,-0.002,-0.003,-0.005,0.001,0.007,1.065,1.0,0.001,0.001,0.001,0.004,0.001,0.136,0.011,0.025,-0.0,0.001,0.004,0.94,1.0,-0.001,0.001,0.001,0.003,0.021,0.119,-0.002,-0.003,-0.005,0.0,0.0,0.9159663865546218,1.0,0.0,0.0,0.0,43.29001343206371,0.1045145359570927,0.2439728035415362,99.99999418185196,110.00000007461394,0.5000000943769554,55.00004473411032,0.2357790413642168,0.001,0.0011,0.0037,0.0067
110,1762746476.636802,0.0012289005293808085,0.004075511556755522,0.22561384598350706,-0.0006054284799007124,-0.01917952836531038,0.01756193412733357,-0.0083461678645643,-0.0015979981386740174,0.0,0.003,0.95,1.0,-0.0,0.001,0.001,-0.023,-0.002,0.128,0.003,0.013,0.0,0.001,0.008,1.073,1.0,0.001,0.001,0.001,0.005,0.0,0.131,0.018,0.005,0.0,0.0,0.003,0.95,1.0,-0.0,0.001,0.001,-0.023,-0.002,0.128,0.003,0.013,0.0,0.0,0.0,0.9243697478991596,1.0,0.0,0.0,0.0,43.29021621642721,0.10450511648536814,0.24437271472087105,99.99999416582632,110.00000007460262,0.5000000946067309,55.0000429856493,0.23577138894908867,0.001,0.0011,0.0038,0.0069
111,1762746476.6970959,0.0015470657602747397,0.001852473985390071,0.22522122193416672,-0.00023790961984637943,0.0015908261544696576,-0.011115187856827255,-0.0019631202467017324,0.0018375943002716642,-0.001,0.005,0.959,1.0,0.0,0.002,0.001,-0.019,0.012,0.124,0.013,0.013,0.002,0.001,0.007,1.082,1.0,0.001,0.001,0.001,0.006,-0.001,0.113,-0.001,0.009,0.001,-0.001,0.005,0.959,1.0,0.0,0.002,0.001,-0.019,0.012,0.124,0.013,0.013,0.002,0.0,0.0,0.9327731092436974,1.0,0.0,0.0,0.0,43.29060628275095,0.10448731925550778,0.24448898008823575,99.99999415809094,110.00000007459455,0.5000000947193314,55.00004227008211,0.23596661143663217,0.0005,0.0006,0.0022,0.0032
112,1762746476.7672377,-0.0014592662139629223,-0.0031231171933056258,0.222026687707324,9.016332251996005e-05,-0.01503165987118831,-0.02487795589347848,-0.01597267113421342,0.0016403647118316978,-0.001,0.004,0.967,1.0,0.0,0.002,0.001,0.007,-0.014,0.159,0.002,0.02,0.005,0.002,0.007,1.089,1.0,0.001,0.001,0.001,0.008,-0.003,0.109,-0.005,-0.0,0.0,-0.001,0.004,0.967,1.0,0.0,0.002,0.001,0.007,-0.014,0.159,0.002,0.02,0.005,0.0,0.0,0.9411764705882353,1.0,0.0,0.0,0.0,43.30222569860472,0.10406432869362191,0.24481483027511083,99.99999416083871,110.00000007459433,0.5000000947253834,55.00004596600332,0.23575830219438437,0.001,0.0011,0.0037,0.004
113,1762746476.832343,-0.0029638432955565322,-0.003231053108768764,0.22437137116753966,0.00034716533198199834,-0.007522885407968048,-0.0005396795773156913,0.011723417301078311,0.0012850100473101914,-0.001,0.003,0.974,1.0,0.0,0.002,0.001,0.003,-0.019,0.116,-0.001,0.009,0.006,0.002,0.007,1.096,1.0,0.001,0.001,0.001,0.009,-0.005,0.082,-0.017,-0.025,0.0,-0.001,0.003,0.974,1.0,0.0,0.002,0.001,0.003,-0.019,0.116,-0.001,0.009,0.006,0.0,0.0,0.9495798319327731,1.0,0.0,0.0,0.0,43.30459927449856,0.10398504406146038,0.24608109507489256,99.9999941366678,110.0000000745704,0.5000000951382307,55.000046097998805,0.23676307387904205,0.0007,0.0009,0.0035,0.0033
114,1762746476.8972418,-0.00091851025023679,-0.004660112207334102,0.22350821256444345,0.00035456638156946174,0.010226665226598711,-0.007145295492826689,-0.004315793015481028,3.7005247937317055e-05,0.001,0.003,0.981,1.0,-0.0,0.002,0.001,0.021,-0.006,0.107,-0.008,-0.009,-0.002,0.003,0.007,1.101,1.0,0.0,-0.0,0.001,0.01,-0.006,0.07,-0.026,-0.028,0.0,0.001,0.003,0.981,1.0,-0.0,0.002,0.001,0.021,-0.006,0.107,-0.008,-0.009,-0.002,0.0,0.0,0.9579831932773109,1.0,0.0,0.0,0.0,43.30583693359746,0.1039522063713359,0.24640948028783444,99.99999411413991,110.00000007455431,0.5000000954596909,55.00004433633369,0.2376188137605012,0.0006,0.0006,0.0023,0.0031
115,1762746476.9642916,-0.0007911323098204548,-0.006143733106272248,0.22696905442528778,-0.00014635949387573717,0.0006368897020816791,-0.0074181044946907285,0.017304209304221652,-0.0025046293772259948,0.003,0.002,0.983,1.0,-0.001,0.001,0.001,0.043,-0.02,0.06,-0.021,-0.029,-0.0,0.004,0.006,1.105,1.0,-0.0,-0.001,0.001,0.012,-0.007,0.07,-0.018,-0.038,0.0,0.003,0.002,0.983,1.0,-0.001,0.001,0.001,0.043,-0.02,0.06,-0.021,-0.029,-0.0,0.0,0.0,0.9663865546218487,1.0,0.0,0.0,0.0,43.29619755935351,0.10417722134298621,0.2467366130927128,99.9999941010436,110.00000007454669,0.5000000956385151,55.000051620246026,0.23692253175002317,0.0005,0.0006,0.0026,0.0033
116,1762746477.035778,0.0007244566988578811,-0.004921392715433633,0.22580595001105985,-6.833971228257168e-05,0.00757794504339168,0.006111701954193074,-0.005815522071139583,0.0003900989079658275,0.005,0.001,0.988,1.0,-0.001,-0.0,0.001,0.035,-0.008,0.06,-0.018,-0.029,-0.005,0.004,0.006,1.109,1.0,-0.001,-0.002,0.001,0.007,-0.004,0.05,-0.003,-0.023,0.0,0.005,0.001,0.988,1.0,-0.001,-0.0,0.001,0.035,-0.008,0.06,-0.018,-0.029,-0.005,0.0,0.0,0.9747899159663865,1.0,0.0,0.0,0.0,43.28712311189458,0.10431602161752225,0.24720404239476865,99.99999408663518,110.00000007453754,0.5000000958550631,55.00005700824741,0.23653704990146363,0.001,0.0012,0.0044,0.0051
117,1762746477.0978117,-0.0021838213633100347,-0.003406104066823336,0.22730450774389316,0.00015828490949183353,-0.014541390310839581,0.007576443243051486,0.0074927886641665345,0.001133123108872026,0.007,-0.001,0.992,1.0,-0.002,-0.001,0.001,0.034,-0.028,0.032,-0.007,-0.035,0.002,0.004,0.006,1.112,1.0,-0.001,-0.002,0.001,0.004,-0.004,0.045,0.009,-0.01,-0.0,0.007,-0.001,0.992,1.0,-0.002,-0.001,0.001,0.034,-0.028,0.032,-0.007,-0.035,0.002,0.0,0.0,0.9831932773109243,1.0,0.0,0.0,0.0,43.27216434456468,0.10442376866726649,0.24826874599671397,99.99999406268333,110.00000007452013,0.5000000962252784,55.000067541772175,0.23609918054338366,0.0008,0.0007,0.0024,0.0032
118,1762746477.1646235,-0.0008118377384925192,-0.0045036033414637185,0.22673631151290552,0.00028663403520524347,0.0068599181240875775,-0.00548749637320191,-0.002840981154938156,0.0006417456285670497,0.011,-0.001,0.995,1.0,-0.002,-0.002,0.001,0.04,-0.008,0.035,0.003,-0.022,0.001,0.005,0.005,1.115,1.0,-0.0,-0.002,0.001,0.001,-0.003,0.041,-0.0,0.006,0.0,0.011,-0.001,0.995,1.0,-0.002,-0.002,0.001,0.04,-0.008,0.035,0.003,-0.022,0.001,0.0,0.0,0.9915966386554621,1.0,0.0,0.0,0.0,43.25925266975751,0.1044078275799893,0.2490750566178838,99.99999403826149,110.00000007450159,0.5000000965877325,55.000071709318384,0.23621506867035952,0.0005,0.0006,0.0027,0.0036
119,1762746477.234467,-0.0027250444487618474,7.459261234442523e-05,0.22281361989149726,0.00032268037588055384,-0.00956603355134664,0.02289097976904072,-0.01961345810704135,0.00018023170337655198,0.01,-0.001,0.999,1.0,-0.002,-0.002,0.001,-0.012,0.0,0.084,0.001,0.012,-0.002,0.005,0.005,1.118,1.0,-0.0,-0.002,0.001,-0.002,-0.002,0.043,-0.001,0.002,0.0,0.01,-0.001,0.999,1.0,-0.002,-0.002,0.001,-0.012,0.0,0.084,0.001,0.012,-0.002,0.0,0.0,1.0,1.0,0.0,0.0,0.0,43.26229199717293,0.1044534812031936,0.24866895584419635,99.99999404369078,110.00000007450541,0.5000000964962127,55.00006871368428,0.2358917698537105,0.001,0.0011,0.0038,0.0045
120,1762746477.297257,0.0003070691959359043,0.0019750569512191262,0.2242019386573665,0.0003687008909459727,0.015160568223488756,0.009502321694373508,0.006941593829346377,0.00023010257532709425,0.009,-0.002,1.003,1.0,-0.002,-0.001,0.001,-0.018,-0.003,0.066,-0.005,0.009,-0.001,0.004,0.005,1.121,1.0,-0.001,-0.002,0.001,-0.005,-0.002,0.026,-0.009,0.022,0.0,0.009,-0.002,1.003,1.0,-0.002,-0.001,0.001,-0.018,-0.003,0.066,-0.005,0.009,-0.001,0.0,0.0,1.0,1.0,0.0,0.0,0.0,43.263787611440975,0.10449850381817637,0.24896006522446287,99.99999403377714,110.00000007449832,0.500000096644615,55.00007033622572,0.23582731552700617,0.0004,0.0006,0.0022,0.0031
121,1762746477.366039,0.0003711518952470303,0.0018721088540194007,0.22650920583188236,0.0004415616267254832,0.000320413496555632,-0.0005147404859986273,0.011536335872579125,0.0003643036788975522,0.008,-0.002,1.005,1.0,-0.002,-0.001,0.001,-0.014,-0.007,0.031,-0.002,0.011,0.001,0.004,0.005,1.122,1.0,-0.001,-0.001,0.001,-0.006,-0.001,0.009,0.003,0.03,-0.0,0.008,-0.002,1.005,1.0,-0.002,-0.001,0.001,-0.014,-0.007,0.031,-0.002,0.011,0.001,0.0,0.0,1.0,1.0,0.0,0.0,0.0,43.25700363270749,0.10433342715661037,0.2493886269205297,99.99999400799565,110.00000007448381,0.5000000969947732,55.00007147576978,0.23648496030551083,0.001,0.0012,0.0032,0.0033
122,1762746477.4364917,0.0009349737253638148,0.002225415309137173,0.22698201169904716,0.0005146056964235429,0.0028191091505839223,0.0017665322755888602,0.0023640293358239634,0.00036522034849029834,0.006,-0.002,1.005,1.0,-0.002,-0.0,0.001,-0.028,-0.004,0.022,-0.003,0.027,0.002,0.004,0.005,1.122,1.0,-0.001,0.0,0.001,-0.006,0.0,0.005,0.007,0.023,0.0,0.006,-0.002,1.005,1.0,-0.002,-0.0,0.001,-0.028,-0.004,0.022,-0.003,0.027,0.002,0.0,0.0,1.0,1.0,0.0,0.0,0.0,43.24832956556264,0.10404531351813029,0.24953964648206295,99.99999398745037,110.00000007447058,0.5000000972346655,55.000074951771595,0.23604311735331668,0.0007,0.0009,0.0038,0.007
123,1762746477.4983442,0.0031948955988062733,-0.00010082750537195474,0.23056851595912567,0.00043419686593784544,0.011299609367212292,-0.011631214072545639,0.017932521300392416,-0.0004020441524284873,0.005,-0.0,1.005,1.0,-0.002,0.001,0.001,-0.015,0.028,-0.0,0.005,0.025,-0.004,0.003,0.005,1.123,1.0,-0.0,0.001,0.001,-0.007,0.001,0.006,0.011,0.015,-0.001,0.005,-0.0,1.005,1.0,-0.002,0.001,0.001,-0.015,0.028,-0.0,0.005,0.025,-0.004,0.0,0.0,1.0,1.0,0.0,0.0,0.0,43.23409750440837,0.10342893906388113,0.2498654638252202,99.99999400316364,110.00000007447932,0.5000000970854165,55.000077199856364,0.2353885000399491,0.0006,0.0007,0.0027,0.0037
124,1762746477.5709226,0.0037892069419281633,0.0014471621581836306,0.22773252067050992,0.0004203409775450168,0.0029715567156094486,0.007739948317777925,-0.01417997644307867,-6.927944196414361e-05,0.001,0.001,1.006,1.0,-0.001,0.002,0.001,-0.03,0.02,0.007,0.01,0.021,-0.002,0.003,0.005,1.124,1.0,0.0,0.001,0.001,-0.005,0.001,0.023,0.016,-0.003,-0.0,0.001,0.001,1.006,1.0,-0.001,0.002,0.001,-0.03,0.02,0.007,0.01,0.021,-0.002,0.0,0.0,1.0,1.0,0.0,0.0,0.0,43.22012626932227,0.10271417179473312,0.250864122048013,99.99999399291859,110.0000000744654,0.5000000972902297,55.00008287540563,0.23479846042269062,0.0011,0.0012,0.0042,0.0071
125,1762746477.6352148,0.002789578692626441,-0.002054109901418604,0.22926302896526904,0.0004147588184502265,-0.004998141246508615,-0.01750636029801117,0.007652541473795465,-2.7910795473951245e-05,0.002,0.001,1.006,1.0,-0.001,0.001,0.001,0.012,0.013,-0.008,0.012,-0.001,-0.002,0.002,0.005,1.126,1.0,0.001,0.001,0.001,-0.004,-0.0,0.03,0.019,-0.004,-0.0,0.002,0.001,1.006,1.0,-0.001,0.001,0.001,0.012,0.013,-0.008,0.012,-0.001,-0.002,0.0,0.0,1.0,1.0,0.0,0.0,0.0,43.20322669115729,0.10173974401547992,0.25067092179721845,99.9999939964901,110.00000007446552,0.5000000972497104,55.00007907081641,0.23501183008869284,0.001,0.0012,0.004,0.005
126,1762746477.6974094,0.0009730374547602255,-0.001429467684787541,0.224743895303567,0.0004974161563051356,-0.009082706189331076,0.0031232110831553132,-0.022595668308510217,0.0004132866892745459,0.001,0.001,1.011,1.0,-0.0,0.002,0.001,-0.007,0.009,0.045,0.016,0.006,0.002,0.002,0.005,1.128,1.0,0.001,0.0,0.001,-0.004,-0.002,0.045,0.01,-0.017,-0.0,0.001,0.001,1.011,1.0,-0.0,0.002,0.001,-0.007,0.009,0.045,0.016,0.006,0.002,0.0,0.0,1.0,1.0,0.0,0.0,0.0,43.20241676850616,0.10170689634844989,0.25154033655680125,99.99999395510292,110.00000007443548,0.5000000977983828,55.000082611540236,0.23508295289028874,0.0005,0.0006,0.0024,0.0031
127,1762746477.7670112,0.0022425126954211147,0.004502103163476755,0.22504277749008017,0.00048253041109649225,0.006347376203304443,0.029657854241321478,0.0014944109325657116,-7.442872604321676e-05,0.0,0.003,1.015,1.0,0.0,0.002,0.001,0.0,0.021,0.043,0.017,-0.007,-0.001,0.002,0.005,1.131,1.0,0.001,-0.0,0.001,-0.003,-0.004,0.032,-0.005,-0.011,-0.0,0.0,0.003,1.015,1.0,0.0,0.002,0.001,0.0,0.021,0.043,0.017,-0.007,-0.001,0.0,0.0,1.0,1.0,0.0,0.0,0.0,43.204039603455314,0.10183483639258623,0.2522734742980038,99.99999393676481,110.00000007442439,0.5000000980832665,55.00008502489346,0.23516880533076726,0.001,0.0011,0.0033,0.0042
128,1762746477.8353484,0.0015169128844633806,-0.0010556838085469386,0.22525000615552632,0.00048435191526711904,-0.0036279990547886695,-0.027788934860118467,0.0010361433272306096,9.107520853134175e-06,0.002,0.003,1.017,1.0,0.0,0.001,0.001,0.017,0.006,0.037,0.003,-0.011,-0.001,0.002,0.005,1.133,1.0,0.001,0.0,0.001,-0.003,-0.005,0.02,-0.006,0.02,-0.0,0.002,0.003,1.017,1.0,0.0,0.001,0.001,0.017,0.006,0.037,0.003,-0.011,-0.001,0.0,0.0,1.0,1.0,0.0,0.0,0.0,43.20553438310296,0.10196446971001724,0.252707630648797,99.9999939217944,110.00000007441432,0.5000000983032383,55.000079454865464,0.23520944925990409,0.001,0.0011,0.0044,0.0048
129,1762746477.899761,-0.00026600052730878796,0.00347036658971447,0.22558009546428998,0.00047879250896414103,-0.008914567058860843,0.022630251991307044,0.0016504465438183613,-2.7797031514890007e-05,0.0,0.002,1.019,1.0,-0.0,0.001,0.001,-0.019,-0.008,0.03,-0.004,0.006,-0.001,0.001,0.004,1.134,1.0,0.001,0.0,0.001,-0.003,-0.006,0.013,-0.004,0.0,0.0,0.0,0.002,1.019,1.0,-0.0,0.001,0.001,-0.019,-0.008,0.03,-0.004,0.006,-0.001,0.0,0.0,1.0,1.0,0.0,0.0,0.0,43.20647381468497,0.10205764221131945,0.2527277672743394,99.99999391453119,110.00000007440532,0.5000000983990286,55.000081838694456,0.23536015785900158,0.0006,0.0007,0.0039,0.004
130,1762746477.9697218,-0.0004802713834907617,0.0008705603943822077,0.22565775035508873,0.0004738770735734864,-0.0010713542809098683,-0.012999030976661309,0.00038827445399380314,-2.4577176953273193e-05,-0.001,0.001,1.021,1.0,-0.0,0.002,0.001,-0.012,-0.007,0.026,-0.007,0.009,-0.001,0.001,0.004,1.134,1.0,0.001,0.001,0.001,-0.002,-0.006,0.004,-0.007,0.007,0.0,-0.001,0.001,1.021,1.0,-0.0,0.002,0.001,-0.012,-0.007,0.026,-0.007,0.009,-0.001,0.0,0.0,1.0,1.0,0.0,0.0,0.0,43.20752578658358,0.10216355454892932,0.25278249961026,99.99999390641439,110.00000007440201,0.5000000985068112,55.000082588035646,0.23545391142991007,0.0009,0.0011,0.0041,0.0062
131,1762746478.0310295,-3.351529182971048e-05,3.2559152647209364e-05,0.22729846078214752,0.00042507912195277804,0.0022337804583052556,-0.004190006208674989,0.00820355213529401,-0.000243989758103542,-0.001,0.001,1.021,1.0,-0.0,0.002,0.001,-0.01,-0.002,0.004,-0.004,0.006,-0.003,0.001,0.003,1.134,1.0,0.0,0.001,0.001,-0.002,-0.009,-0.003,-0.011,0.001,0.0,-0.001,0.001,1.021,1.0,-0.0,0.002,0.001,-0.01,-0.002,0.004,-0.004,0.006,-0.003,0.0,0.0,1.0,1.0,0.0,0.0,0.0,43.203147780834875,0.1017775727893543,0.2527781445075063,99.99999391474373,110.00000007440606,0.5000000984308718,55.00008312634919,0.23569095966967618,0.0008,0.0007,0.0023,0.0032
132,1762746478.1037283,-0.0011991044396436551,-0.0026566092259486676,0.2271462727669881,-0.00011085475362682638,-0.005827945739069724,-0.013445841892979383,-0.0007609400757969762,-0.002679669377898022,-0.0,-0.001,1.021,1.0,-0.001,0.002,0.001,0.021,-0.021,0.004,-0.017,0.005,-0.0,0.001,0.003,1.134,1.0,0.0,0.001,0.001,-0.001,-0.009,-0.0,-0.007,-0.007,0.0,-0.0,-0.001,1.021,1.0,-0.001,0.002,0.001,0.021,-0.021,0.004,-0.017,0.005,-0.0,0.0,0.0,1.0,1.0,0.0,0.0,0.0,43.19899424368915,0.10139418328426343,0.2530356640525429,99.99999389606354,110.00000007439407,0.5000000986649175,55.00008447945898,0.23524389891741695,0.001,0.0012,0.0043,0.0065
133,1762746478.1705968,-0.0012197985490781397,0.0004700799473189004,0.22822855397837893,5.390405147152541e-05,-0.0001034705471724233,0.015633445866337838,0.005411406056954198,0.000823794025491759,-0.001,-0.002,1.02,1.0,-0.001,0.002,0.001,-0.014,-0.014,-0.008,-0.009,-0.005,-0.001,0.001,0.002,1.134,1.0,-0.0,0.0,0.001,-0.0,-0.009,0.0,-0.007,-0.02,0.0,-0.001,-0.002,1.02,1.0,-0.001,0.002,0.001,-0.014,-0.014,-0.008,-0.009,-0.005,-0.001,0.0,0.0,1.0,1.0,0.0,0.0,0.0,43.19178120191629,0.10068708715408739,0.25312962637361114,99.99999388810087,110.00000007438841,0.500000098778149,55.000084738389596,0.23557543553958127,0.001,0.0012,0.0042,0.0069
134,1762746478.236889,-0.0008622116688070333,0.0010779658965387167,0.22767261977130251,0.00014716320907630885,0.0017879344013555323,0.0030394297460990824,-0.0027796710353821495,0.00046629578802391726,0.0,-0.002,1.02,1.0,-0.001,0.001,0.001,0.011,-0.01,-0.002,-0.006,-0.014,-0.002,0.001,0.001,1.134,1.0,-0.0,-0.0,0.001,-0.0,-0.009,0.006,-0.006,-0.006,-0.0,0.0,-0.002,1.02,1.0,-0.001,0.001,0.001,0.011,-0.01,-0.002,-0.006,-0.014,-0.002,0.0,0.0,1.0,1.0,0.0,0.0,0.0,43.18629242912598,0.10013442024864758,0.25334446985903786,99.99999388374228,110.00000007438553,0.5000000988534119,55.000085617230624,0.23532103015662828,0.001,0.0011,0.0041,0.0066
135,1762746478.297851,0.0007346611353126877,-0.0028474160723505493,0.22690806384870954,0.0002101575429571687,0.007984364020598603,-0.019626909844446327,-0.003822779612964673,0.0003149716694042992,0.001,-0.003,1.021,1.0,-0.002,0.001,0.001,0.022,-0.005,0.008,-0.008,-0.009,-0.002,0.001,0.001,1.135,1.0,-0.0,-0.0,0.001,-0.001,-0.008,0.009,-0.003,0.006,-0.0,0.001,-0.003,1.021,1.0,-0.002,0.001,0.001,0.022,-0.005,0.008,-0.008,-0.009,-0.002,0.0,0.0,1.0,1.0,0.0,0.0,0.0,43.184320304907665,0.09993997041852479,0.253766106826906,99.99999387448182,110.00000007437659,0.5000000990041981,55.00008687061002,0.23510725754824996,0.0006,0.0007,0.0024,0.0034
136,1762746478.370508,0.002508866060803716,-0.0008143547283284789,0.22722597834081476,0.00025437958809263275,0.008871024627455142,0.010165306720110352,0.0015895724605262055,0.0002211102256773205,0.001,-0.005,1.021,1.0,-0.002,0.001,0.001,-0.004,-0.004,0.005,-0.0,-0.002,-0.002,0.001,0.0,1.136,1.0,-0.0,-0.0,0.001,-0.001,-0.008,0.011,0.007,-0.01,0.0,0.001,-0.005,1.021,1.0,-0.002,0.001,0.001,-0.004,-0.004,0.005,-0.0,-0.002,-0.002,0.0,0.0,1.0,1.0,0.0,0.0,0.0,43.18215096233051,0.09972073170229916,0.2538421567439508,99.99999386899889,110.00000007436925,0.5000000990887279,55.0000861453993,0.235293770530231,0.001,0.0011,0.0043,0.0064
137,1762746478.4304266,0.00039032609397911516,0.00031819002192159376,0.22742652256335424,-0.00023378297743377674,-0.010592699834123004,0.005662723751250361,0.001002721112697563,-0.0024408128276320468,0.001,-0.005,1.022,1.0,-0.002,0.001,0.001,-0.006,-0.009,0.001,-0.001,-0.005,0.0,0.001,-0.0,1.136,1.0,0.0,-0.001,0.001,-0.002,-0.007,0.011,0.018,-0.003,-0.0,0.001,-0.005,1.022,1.0,-0.002,0.001,0.001,-0.006,-0.009,0.001,-0.001,-0.005,0.0,0.0,0.0,1.0,1.0,0.0,0.0,0.0,43.17917236436533,0.09940301302764822,0.25412963301721014,99.99999385097422,110.00000007436195,0.5000000993305762,55.00008651651966,0.23559231748558876,0.0004,0.0006,0.0024,0.003
138,1762746478.4975367,0.0035994745205614135,-0.0016115923878070168,0.22640940800673176,-0.00013306170382157623,0.01604574213291149,-0.00964891204864305,-0.0050855727831123085,0.0005036063680610024,0.001,-0.004,1.023,1.0,-0.001,0.001,0.001,0.009,0.028,0.013,0.011,-0.004,-0.005,0.001,-0.001,1.137,1.0,0.0,-0.001,0.001,-0.002,-0.007,0.013,0.004,0.004,0.0,0.001,-0.004,1.023,1.0,-0.001,0.001,0.001,0.009,0.028,0.013,0.011,-0.004,-0.005,0.0,0.0,1.0,1.0,0.0,0.0,0.0,43.180123886555236,0.09951883667158772,0.2542310190005362,99.9999938497353,110.00000007436255,0.5000000993640318,55.00008502551835,0.23541594483391542,0.0005,0.0007,0.0027,0.003
139,1762746478.5640635,0.00233479428970982,0.0002730133961512534,0.22606092395353358,-1.5782923448103405e-05,-0.006323401154257967,0.00942302891979135,-0.0017424202659909653,0.0005863939018673643,0.001,-0.004,1.024,1.0,-0.001,0.001,0.001,-0.011,0.011,0.018,0.008,0.002,-0.003,0.001,-0.001,1.138,1.0,0.001,-0.0,0.001,-0.003,-0.007,0.01,0.012,-0.002,0.0,0.001,-0.004,1.024,1.0,-0.001,0.001,0.001,-0.011,0.011,0.018,0.008,0.002,-0.003,0.0,0.0,1.0,1.0,0.0,0.0,0.0,43.18344994614283,0.09990090633022741,0.2542155359771732,99.99999384281357,110.00000007435622,0.5000000994509225,55.000083234831536,0.2355056177806468,0.0005,0.0006,0.0025,0.0031
140,1762746478.63283,0.0015814275221343985,0.0026669286686838763,0.22683299106494648,6.937528068332976e-05,-0.003766833837877106,0.011969576362663116,0.003860335557064485,0.0004257910206571658,0.0,-0.003,1.024,1.0,-0.0,0.001,0.001,-0.007,0.014,0.008,0.011,-0.002,-0.003,0.0,-0.002,1.139,1.0,0.001,-0.0,0.001,-0.004,-0.01,0.007,0.006,0.004,0.0,0.0,-0.003,1.024,1.0,-0.0,0.001,0.001,-0.007,0.014,0.008,0.011,-0.002,-0.003,0.0,0.0,1.0,1.0,0.0,0.0,0.0,43.18449341920217,0.10002850076922902,0.25430622129402236,99.99999383487354,110.00000007435368,0.5000000995552415,55.00008281398928,0.23544786365880574,0.0006,0.0006,0.0028,0.0049
141,1762746478.6984358,-0.0015231037099534936,0.004027725138223483,0.22581244762533162,0.00017375090727545685,-0.015522656160439461,0.006803982347698032,-0.005102717198074187,0.0005218781329606355,-0.0,-0.003,1.026,1.0,-0.0,0.001,0.001,-0.014,-0.007,0.018,0.009,0.003,-0.001,0.0,-0.003,1.139,1.0,0.001,-0.0,0.001,-0.004,-0.012,0.008,0.0,0.02,-0.0,-0.0,-0.003,1.026,1.0,-0.0,0.001,0.001,-0.014,-0.007,0.018,0.009,0.003,-0.001,0.0,0.0,1.0,1.0,0.0,0.0,0.0,43.18883116200103,0.10052382335918682,0.2545530406991909,99.99999382208131,110.00000007434664,0.5000000997316936,55.00008330878324,0.23559295016428,0.0005,0.0007,0.0031,0.0034
142,1762746478.76401,-0.002508160732464345,0.003049268655571189,0.22718819787078107,0.00029731639070026625,-0.004925285112554259,-0.0048922824132614715,0.006878751227247309,0.0006178274171240469,-0.002,-0.004,1.025,1.0,-0.0,0.001,0.001,-0.02,-0.009,0.002,0.005,0.008,0.001,-0.0,-0.003,1.139,1.0,0.001,0.001,0.001,-0.004,-0.012,0.003,-0.018,0.022,-0.0,-0.002,-0.004,1.025,1.0,-0.0,0.001,0.001,-0.02,-0.009,0.002,0.005,0.008,0.001,0.0,0.0,1.0,1.0,0.0,0.0,0.0,43.18919461798913,0.10057241819093343,0.25513739794038925,99.99999379949142,110.00000007433304,0.5000001000524137,55.00008255283992,0.23610371348974493,0.0005,0.0006,0.0024,0.0031
143,1762746478.83596,-0.003330121255035679,0.0017850701568616388,0.22782763540961185,-0.00021015177327977452,-0.00410980261285667,-0.0063209924935477505,0.003197187694153881,-0.002537340819900203,-0.004,-0.005,1.025,1.0,-0.001,0.002,0.001,-0.02,-0.025,-0.008,-0.011,0.014,0.0,-0.0,-0.004,1.14,1.0,0.0,0.001,0.001,-0.002,-0.013,0.003,-0.025,0.012,-0.0,-0.004,-0.005,1.025,1.0,-0.001,0.002,0.001,-0.02,-0.025,-0.008,-0.011,0.014,0.0,0.0,0.0,1.0,1.0,0.0,0.0,0.0,43.18645734088341,0.10026887361975553,0.2553272081776587,99.99999378712853,110.00000007432442,0.5000001002155761,55.00008360668772,0.23619220207582836,0.001,0.0011,0.0046,0.0052
144,1762746478.898207,-0.0026524880436277396,0.0038232864083805845,0.22771568756852542,-2.0756939680529273e-05,0.0033881660570396965,0.010191081257594724,-0.0005597392054320768,0.0009469741679962258,-0.006,-0.007,1.025,1.0,-0.001,0.002,0.001,-0.037,-0.026,-0.007,-0.026,0.018,-0.001,-0.0,-0.005,1.14,1.0,-0.001,0.001,0.001,-0.0,-0.012,0.008,-0.019,-0.0,0.0,-0.006,-0.007,1.025,1.0,-0.001,0.002,0.001,-0.037,-0.026,-0.007,-0.026,0.018,-0.001,0.0,0.0,1.0,1.0,0.0,0.0,0.0,43.18384057116196,0.09997895134225858,0.25571144343691254,99.99999377809779,110.00000007431892,0.5000001003489785,55.00008708341406,0.23581909429104025,0.0006,0.0007,0.003,0.0033
145,1762746478.9640722,-0.003831369667413309,-0.00027691331441205254,0.2259614665672784,0.00018831746932015573,-0.005894408118927844,-0.020500998613963185,-0.008771105006235081,0.0010453720450034247,-0.005,-0.01,1.026,1.0,-0.002,0.003,0.001,-0.007,-0.039,0.015,-0.028,0.011,0.003,-0.0,-0.006,1.141,1.0,-0.001,0.002,0.001,0.001,-0.011,0.011,-0.011,0.004,-0.0,-0.005,-0.01,1.026,1.0,-0.002,0.003,0.001,-0.007,-0.039,0.015,-0.028,0.011,0.003,0.0,0.0,1.0,1.0,0.0,0.0,0.0,43.18782864552537,0.10042643737684578,0.2559180208604331,99.99999376923452,110.00000007431598,0.5000001004625962,55.00009150561197,0.2354035043638376,0.0004,0.0006,0.0026,0.0031
146,1762746479.0375636,-0.003613087361669357,-0.001214331879435949,0.22535343541165537,0.0003454931632815608,0.001091411528719761,-0.004687092825119485,-0.003040155778115208,0.0007858784698070255,-0.006,-0.012,1.027,1.0,-0.003,0.003,0.001,-0.007,-0.032,0.024,-0.016,0.009,0.003,-0.0,-0.007,1.141,1.0,-0.002,0.001,0.001,0.004,-0.01,0.008,-0.01,-0.013,0.0,-0.006,-0.012,1.027,1.0,-0.003,0.003,0.001,-0.007,-0.032,0.024,-0.016,0.009,0.003,0.0,0.0,1.0,1.0,0.0,0.0,0.0,43.195402755270436,0.101261250222145,0.2565349373017084,99.99999374702107,110.0000000743025,0.5000001007713337,55.00009451604244,0.23558634564913736,0.001,0.0012,0.0045,0.0068
147,1762746479.0983953,-0.0012569179580369642,-0.0045931644740082435,0.22616057105212928,0.0002937814396247962,0.01178084701816196,-0.016894162972861473,0.00403567820236962,-0.00025855861828382256,-0.004,-0.013,1.028,1.0,-0.003,0.003,0.001,0.022,-0.014,0.012,-0.012,-0.007,-0.004,0.0,-0.007,1.142,1.0,-0.002,0.001,0.001,0.005,-0.008,0.0,-0.006,-0.022,0.0,-0.004,-0.013,1.028,1.0,-0.003,0.003,0.001,0.022,-0.014,0.012,-0.012,-0.007,-0.004,0.0,0.0,1.0,1.0,0.0,0.0,0.0,43.200245640005306,0.10178873325146374,0.2567779287258838,99.99999374514104,110.0000000743019,0.5000001008270242,55.000096842433294,0.2355649603710902,0.0009,0.0006,0.0028,0.0035
148,1762746479.1639454,-0.003390956087449689,-0.005191390123549241,0.22785290933396152,0.000478720774228093,-0.010670190647063624,-0.0029911282477049876,0.008461691409161084,0.0009246966730164841,-0.003,-0.014,1.027,1.0,-0.003,0.002,0.001,0.032,-0.028,-0.01,-0.004,-0.022,0.005,0.0,-0.008,1.141,1.0,-0.002,-0.0,0.001,0.005,-0.005,-0.006,0.011,-0.035,0.0,-0.003,-0.014,1.027,1.0,-0.003,0.002,0.001,0.032,-0.028,-0.01,-0.004,-0.022,0.005,0.0,0.0,1.0,1.0,0.0,0.0,0.0,43.198728680899414,0.10162752283347774,0.25721489984842727,99.99999371301148,110.00000007428017,0.5000001012205707,55.00009942087114,0.23578785300942523,0.0004,0.0006,0.0025,0.0031
149,1762746479.231758,-0.0019679440535559883,-0.005536215684559316,0.22596964859801194,0.0005168973561056547,0.007115060169468502,-0.0017241278050503695,-0.009416303679748045,0.00019088290938780857,0.001,-0.014,1.028,1.0,-0.003,0.001,0.001,0.039,-0.01,0.011,0.004,-0.028,0.001,0.001,-0.008,1.141,1.0,-0.001,-0.001,0.001,0.004,-0.003,0.0,0.005,-0.029,0.0,0.001,-0.014,1.028,1.0,-0.003,0.001,0.001,0.039,-0.01,0.011,0.004,-0.028,0.001,0.0,0.0,1.0,1.0,0.0,0.0,0.0,43.20290776113215,0.10207186241280293,0.25729768321231844,99.99999369958452,110.0000000742762,0.5000001013744855,55.000101454933386,0.23553441129882274,0.0007,0.0009,0.0029,0.0032
150,1762746479.3000956,-0.0014026049573912579,-0.0026374236819923496,0.225448036312739,0.0005955947449691759,0.0028266954808236536,0.01449396001283483,-0.002608061426364658,0.00039348694431760596,0.002,-0.014,1.03,1.0,-0.002,-0.0,0.001,0.021,0.003,0.018,0.018,-0.026,0.003,0.001,-0.008,1.141,1.0,-0.001,-0.002,0.001,0.002,-0.001,-0.004,0.006,-0.021,-0.001,0.002,-0.014,1.03,1.0,-0.002,-0.0,0.001,0.021,0.003,0.018,0.018,-0.026,0.003,0.0,0.0,1.0,1.0,0.0,0.0,0.0,43.21005974597061,0.1028166403992413,0.25732408319555317,99.99999367255707,110.00000007426138,0.5000001016702171,55.0001028865261,0.23502328757956653,0.0008,0.0012,0.0043,0.0032
151,1762746479.371247,-0.00012518085246366077,-0.001917397805332909,0.22636123110174033,0.0006506253489283514,0.006387120524637985,0.0036001293832972027,0.0045659739450066164,0.0002751530197958777,0.002,-0.014,1.03,1.0,-0.002,-0.0,0.001,0.023,0.008,0.006,0.013,-0.028,0.003,0.001,-0.008,1.141,1.0,-0.001,-0.002,0.001,-0.001,0.0,-0.011,0.008,0.001,-0.001,0.002,-0.014,1.03,1.0,-0.002,-0.0,0.001,0.023,0.008,0.006,0.013,-0.028,0.003,0.0,0.0,1.0,1.0,0.0,0.0,0.0,43.21430796697659,0.10325169523893879,0.25831453013515376,99.99999362647227,110.00000007423222,0.5000001022665022,55.00010992287924,0.23436404861953583,0.001,0.0012,0.0047,0.007
152,1762746479.4328117,0.002119407715559412,0.0019818704767660712,0.22662043649975197,0.0005961013508213727,0.011222942840115362,0.0194963414104949,0.001296026990058174,-0.0002726199905348937,0.004,-0.012,1.029,1.0,-0.002,-0.001,0.001,-0.007,0.021,0.002,0.015,-0.014,-0.001,0.001,-0.008,1.14,1.0,-0.001,-0.002,0.001,-0.004,0.001,-0.014,0.011,0.013,-0.001,0.004,-0.012,1.029,1.0,-0.002,-0.001,0.001,-0.007,0.021,0.002,0.015,-0.014,-0.001,0.0,0.0,1.0,1.0,0.0,0.0,0.0,43.217328261795636,0.10355668527021526,0.25907451450619995,99.9999936087526,110.00000007421669,0.5000001025303614,55.00011563034962,0.23397363533187274,0.0008,0.0006,0.0037,0.0036
153,1762746479.497903,0.00034719641999120124,0.0031411104854360506,0.2263523521805832,0.0006278813413760867,-0.008861056477841054,0.005796200043349897,-0.0013404215958438086,0.00015889995277357043,0.003,-0.012,1.029,1.0,-0.002,-0.001,0.001,-0.019,0.004,0.005,0.015,0.009,0.002,0.0,-0.008,1.139,1.0,-0.0,-0.001,0.0,-0.006,0.002,-0.018,0.018,0.033,-0.001,0.003,-0.012,1.029,1.0,-0.002,-0.001,0.001,-0.019,0.004,0.005,0.015,0.009,0.002,0.0,0.0,1.0,1.0,0.0,0.0,0.0,43.221246108700335,0.10394427185250599,0.2596412017693731,99.99999355973901,110.0000000741856,0.5000001031552839,55.000116496501334,0.23439008126425076,0.0005,0.0007,0.0026,0.0036
154,1762746479.5644176,-5.518642040146433e-05,0.0023254460680299073,0.22761980968022455,0.0006284911148393732,-0.0020119142019633276,-0.004078322087030716,0.006337287498206973,3.0488673164323664e-06,0.001,-0.011,1.028,1.0,-0.001,0.0,0.001,-0.021,0.01,-0.01,0.017,0.021,0.001,0.0,-0.008,1.137,1.0,0.0,-0.0,0.0,-0.007,0.002,-0.019,0.006,0.032,-0.001,0.001,-0.011,1.028,1.0,-0.001,0.0,0.001,-0.021,0.01,-0.01,0.017,0.021,0.001,0.0,0.0,1.0,1.0,0.0,0.0,0.0,43.22092278689072,0.1039131164221186,0.25998036591325835,99.99999352593589,110.00000007416286,0.500000103577622,55.00011850737666,0.2342960051323873,0.0005,0.0007,0.0027,0.0032
155,1762746479.638549,0.0014644621305603467,0.003951321734237983,0.2274239531849586,0.0005600738392532677,0.007598242754809054,0.008129378331040377,-0.000979282476329655,-0.00034208637793052706,-0.003,-0.01,1.027,1.0,-0.001,0.002,0.001,-0.046,0.017,-0.008,0.01,0.032,-0.002,-0.0,-0.008,1.136,1.0,0.0,0.001,0.0,-0.006,0.001,-0.015,-0.0,0.015,-0.001,-0.003,-0.01,1.027,1.0,-0.001,0.002,0.001,-0.046,0.017,-0.008,0.01,0.032,-0.002,0.0,0.0,1.0,1.0,0.0,0.0,0.0,43.22059011809628,0.10388277392849711,0.2603768568238126,99.99999352689187,110.00000007416256,0.5000001035815067,55.000124222422265,0.2331794095748361,0.0011,0.0012,0.0051,0.007
156,1762746479.7036595,5.039235469996451e-06,0.0031916931262959206,0.22906590258725698,0.0005760730863998848,-0.0072971144754517495,-0.003798143039710311,0.008209747011491903,7.999623573308581e-05,-0.005,-0.011,1.024,1.0,-0.001,0.002,0.001,-0.031,0.001,-0.025,0.004,0.021,0.001,-0.001,-0.008,1.135,1.0,0.0,0.001,0.0,-0.005,0.001,-0.012,0.001,0.014,-0.001,-0.005,-0.011,1.024,1.0,-0.001,0.002,0.001,-0.031,0.001,-0.025,0.004,0.021,0.001,0.0,0.0,1.0,1.0,0.0,0.0,0.0,43.214923721283114,0.10336000632505306,0.2604916658369306,99.99999349587036,110.00000007414428,0.5000001039510436,55.00012518791915,0.23296250099473081,0.0007,0.0012,0.0047,0.0064
157,1762746479.7709672,0.0004603271810891395,0.0017406123209108243,0.228604387733505,0.00054417266940716,0.0022764397280957143,-0.007255404026925483,-0.0023075742687598375,-0.0001595020849636241,-0.006,-0.01,1.024,1.0,-0.001,0.003,0.001,-0.024,0.006,-0.021,0.003,0.016,-0.001,-0.001,-0.007,1.135,1.0,0.0,0.002,0.0,-0.003,0.001,-0.002,-0.002,0.005,-0.001,-0.006,-0.01,1.024,1.0,-0.001,0.003,0.001,-0.024,0.006,-0.021,0.003,0.016,-0.001,0.0,0.0,1.0,1.0,0.0,0.0,0.0,43.2093340226292,0.1028604987423594,0.26084396041707314,99.99999348266775,110.00000007413875,0.5000001041323513,55.000128058048006,0.23274753747403115,0.001,0.0011,0.0047,0.0067
158,1762746479.8315873,0.0008698428883710948,0.0009941745995968544,0.22733742551747363,0.0004968648009592039,0.0020475785364097764,-0.0037321886065698516,-0.006334811080157044,-0.00023653934223978013,-0.007,-0.01,1.024,1.0,-0.001,0.003,0.001,-0.018,0.004,-0.004,-0.004,0.01,-0.002,-0.001,-0.007,1.135,1.0,0.0,0.002,0.0,-0.001,0.001,0.007,-0.003,-0.004,-0.001,-0.007,-0.01,1.024,1.0,-0.001,0.003,0.001,-0.018,0.004,-0.004,-0.004,0.01,-0.002,0.0,0.0,1.0,1.0,0.0,0.0,0.0,43.208275941331436,0.10276928714496464,0.26126973739915943,99.99999347818448,110.00000007413404,0.5000001042206673,55.00013042029577,0.23263182617614003,0.0005,0.0006,0.003,0.0032
159,1762746479.8977566,0.0033788860475307382,0.0010490404969487077,0.22655342516199284,0.0002631974024457021,0.012545215795798216,0.0002743294867592642,-0.003920001777404017,-0.0011683369925675092,-0.008,-0.01,1.024,1.0,-0.001,0.003,0.0,-0.015,0.009,0.008,-0.0,0.002,-0.004,-0.001,-0.007,1.135,1.0,0.0,0.001,0.0,0.001,0.0,0.012,0.002,-0.011,-0.0,-0.008,-0.01,1.024,1.0,-0.001,0.003,0.0,-0.015,0.009,0.008,-0.0,0.002,-0.004,0.0,0.0,1.0,1.0,0.0,0.0,0.0,43.21087919250586,0.1029805978420356,0.261633464811486,99.9999935031919,110.00000007414901,0.5000001039670142,55.000132756255354,0.23276066965706113,0.0004,0.0007,0.0028,0.0032
160,1762746479.9692276,0.000870935224533268,-0.0019239713188385337,0.22676498470159723,0.00014008598940987252,-0.012539754114987351,-0.014865059078936205,0.001057797698022004,-0.0006155570651791475,-0.006,-0.01,1.024,1.0,-0.001,0.003,0.0,0.008,0.001,0.006,0.001,-0.005,-0.002,-0.001,-0.007,1.136,1.0,0.0,0.001,0.0,0.002,0.0,0.009,0.011,-0.01,-0.0,-0.006,-0.01,1.024,1.0,-0.001,0.003,0.0,0.008,0.001,0.006,0.001,-0.005,-0.002,0.0,0.0,1.0,1.0,0.0,0.0,0.0,43.21319158276902,0.10315909873131913,0.26171852935797135,99.99999351395685,110.00000007415905,0.5000001038515018,55.000131560472354,0.2327244443791056,0.001,0.0012,0.0047,0.0049
161,1762746480.0376189,-0.00019884346784736413,-0.002208209490033006,0.22611225149878655,0.00012508814382691008,-0.005348893461903159,-0.0014211908559723608,-0.0032636660140533055,-7.498922791481221e-05,-0.006,-0.009,1.025,1.0,-0.0,0.002,0.0,0.011,0.006,0.013,0.007,-0.009,0.001,-0.001,-0.007,1.137,1.0,0.001,0.0,0.0,0.003,-0.001,0.01,0.004,-0.02,-0.0,-0.006,-0.009,1.025,1.0,-0.0,0.002,0.0,0.011,0.006,0.013,0.007,-0.009,0.001,0.0,0.0,1.0,1.0,0.0,0.0,0.0,43.21759579717472,0.10348470589142383,0.26187763762860017,99.99999349883547,110.00000007415164,0.5000001040404397,55.00013266715468,0.23296998335604796,0.0011,0.0013,0.005,0.0063
162,1762746480.1020203,-0.002638941261227881,-0.0062508908006251775,0.22905370041008294,0.0003377874102522807,-0.012200488966902585,-0.020213406552960857,0.014707244556481697,0.001063496332126853,-0.003,-0.01,1.025,1.0,-0.0,0.002,0.001,0.044,-0.01,-0.0,0.003,-0.021,0.004,-0.001,-0.007,1.137,1.0,0.001,-0.0,0.0,0.002,-0.001,0.004,-0.003,-0.012,-0.0,-0.003,-0.01,1.025,1.0,-0.0,0.002,0.001,0.044,-0.01,-0.0,0.003,-0.021,0.004,0.0,0.0,1.0,1.0,0.0,0.0,0.0,43.21862136233173,0.10355626348777065,0.2620135103653586,99.99999346313781,110.00000007413236,0.5000001044471646,55.00013374128759,0.23249946054838272,0.001,0.0011,0.0047,0.0044
163,1762746480.1711407,-0.0016248005900423637,-0.0031716886502075534,0.2252973317681155,-0.00034455896659598795,0.005070703355927587,0.015396010752088116,-0.018781843209837116,-0.003411731884241343,-0.002,-0.009,1.027,1.0,-0.0,0.001,0.0,0.014,-0.002,0.018,-0.002,-0.014,0.0,-0.001,-0.008,1.138,1.0,0.0,-0.001,0.0,0.002,-0.002,0.015,-0.02,-0.028,-0.0,-0.002,-0.009,1.027,1.0,-0.0,0.001,0.0,0.014,-0.002,0.018,-0.002,-0.014,0.0,0.0,0.0,1.0,1.0,0.0,0.0,0.0,43.22281656348488,0.10383670506072343,0.2622690881813222,99.9999934479052,110.00000007411793,0.5000001046628978,55.00013044469807,0.23361858917415293,0.001,0.0012,0.0049,0.0064
164,1762746480.2319088,-0.0015977460149671436,-9.023305903725718e-05,0.22634627654790618,-0.0002686078140960351,0.00013527287537610025,0.015407277955851482,0.0052447238989533,0.00037975576249976413,-0.0,-0.011,1.027,1.0,-0.001,0.0,0.0,0.022,-0.013,0.009,-0.013,-0.023,-0.001,-0.001,-0.008,1.139,1.0,-0.0,-0.002,0.0,0.001,-0.002,0.01,-0.017,-0.011,-0.0,-0.0,-0.011,1.027,1.0,-0.001,0.0,0.0,0.022,-0.013,0.009,-0.013,-0.023,-0.001,0.0,0.0,1.0,1.0,0.0,0.0,0.0,43.22586406160013,0.10402868431753198,0.26268784001191103,99.99999344725312,110.00000007412034,0.5000001046968467,55.00013292858957,0.23310468429995337,0.0006,0.0008,0.0032,0.0032
165,1762746480.2975852,-0.003099146567660656,-0.0020878537925525715,0.22673642570937813,-0.0001477467082902804,-0.007507002763467562,-0.009988103667576569,0.0019507458073598101,0.0006043055290287733,0.001,-0.012,1.028,1.0,-0.001,-0.0,0.0,0.025,-0.022,0.001,-0.012,-0.019,0.002,-0.001,-0.008,1.139,1.0,-0.001,-0.002,0.0,-0.001,-0.001,0.006,-0.008,0.012,-0.0,0.001,-0.012,1.028,1.0,-0.001,-0.0,0.0,0.025,-0.022,0.001,-0.012,-0.019,0.002,0.0,0.0,1.0,1.0,0.0,0.0,0.0,43.22673232753793,0.10408126750724918,0.2640673988079972,99.99999342521494,110.00000007409939,0.5000001050573003,55.00013749955662,0.2327672295724275,0.0004,0.0006,0.0028,0.0031
166,1762746480.3651788,-0.001703086795140658,-0.0010613012003373298,0.22608222879080944,-0.0006991139189864204,0.006980298862599988,0.005132762961076208,-0.003270984592843538,-0.0027568360534806994,0.001,-0.013,1.028,1.0,-0.002,0.0,0.0,0.002,-0.016,0.009,-0.016,0.001,0.0,-0.001,-0.008,1.14,1.0,-0.001,-0.001,0.0,-0.003,0.0,0.004,-0.008,0.009,-0.0,0.001,-0.013,1.028,1.0,-0.002,0.0,0.0,0.002,-0.016,0.009,-0.016,0.001,0.0,0.0,0.0,1.0,1.0,0.0,0.0,0.0,43.229995269855806,0.10426779485111486,0.2643045451359823,99.99999342140786,110.00000007409682,0.5000001051181509,55.00013884955517,0.23263010347095942,0.0005,0.0007,0.0033,0.0032
167,1762746480.4383094,-0.0028296389471488687,0.002147448044492171,0.2264271633762489,-0.0005957377648728888,-0.005632760760041054,0.0160437462241475,0.001724672927197342,0.0005168807705676578,0.0,-0.012,1.029,1.0,-0.002,0.0,0.0,-0.007,0.0,0.004,-0.012,0.008,-0.004,-0.001,-0.008,1.14,1.0,-0.001,-0.001,0.0,-0.004,0.002,-0.001,-0.001,0.008,0.001,0.0,-0.012,1.029,1.0,-0.002,0.0,0.0,-0.007,0.0,0.004,-0.012,0.008,-0.004,0.0,0.0,1.0,1.0,0.0,0.0,0.0,43.23235487211712,0.10439802581460249,0.2644136327580771,99.99999340369634,110.00000007408312,0.5000001053470999,55.000140081829116,0.2324962638268711,0.001,0.0012,0.0051,0.007
168,1762746480.4980593,-0.00037490673373634245,0.0015218308146890138,0.22794343184894672,-0.0004048671410089166,0.01227366106706263,-0.0031280861490157862,0.0075813423634890475,0.0009543531193198604,-0.001,-0.013,1.028,1.0,-0.002,0.001,0.0,-0.011,-0.001,-0.015,-0.004,0.002,0.001,-0.001,-0.008,1.14,1.0,-0.001,-0.0,0.0,-0.005,0.003,-0.003,-0.002,0.018,0.001,-0.001,-0.013,1.028,1.0,-0.002,0.001,0.0,-0.011,-0.001,-0.015,-0.004,0.002,0.001,0.0,0.0,1.0,1.0,0.0,0.0,0.0,43.22932505748936,0.10424028111151995,0.2647644742102356,99.99999339597372,110.0000000740763,0.5000001054723758,55.00014048329759,0.23296123126253415,0.0008,0.0006,0.0028,0.0031
169,1762746480.5648878,-0.00043799124811665893,0.002587147686017601,0.227094929585232,-0.0002696038974333186,-0.00031542257190158175,0.005326584356642935,-0.004242511318573526,0.0006763162178779903,-0.003,-0.013,1.028,1.0,-0.002,0.001,0.0,-0.023,-0.005,-0.006,-0.002,0.011,0.001,-0.002,-0.007,1.139,1.0,-0.001,0.0,0.0,-0.005,0.005,0.002,0.01,0.016,0.0,-0.003,-0.013,1.028,1.0,-0.002,0.001,0.0,-0.023,-0.005,-0.006,-0.002,0.011,0.001,0.0,0.0,1.0,1.0,0.0,0.0,0.0,43.22830783246839,0.10419104709256062,0.26498819432460374,99.99999339200036,110.00000007407274,0.500000105538465,55.00014171639287,0.2330554896828438,0.0004,0.0006,0.003,0.0034
170,1762746480.6315696,-0.0002849261412922784,0.003027075890665382,0.22695402491632344,7.314659672671378e-05,0.0007653255341219027,0.0021996410232389047,-0.0007045233445428059,0.0017137524708001621,-0.005,-0.013,1.028,1.0,-0.002,0.002,0.001,-0.031,0.001,-0.003,0.007,0.018,0.005,-0.002,-0.007,1.14,1.0,-0.001,0.001,0.0,-0.005,0.006,0.003,0.013,0.015,0.0,-0.005,-0.013,1.028,1.0,-0.002,0.002,0.001,-0.031,0.001,-0.003,0.007,0.018,0.005,0.0,0.0,1.0,1.0,0.0,0.0,0.0,43.228349756121254,0.10419548924495078,0.2651030910815294,99.99999340574857,110.00000007407843,0.5000001053907005,55.000143154149626,0.23278512795459308,0.0004,0.0007,0.0031,0.0033
171,1762746480.6979911,0.001669758303591479,0.0027821033358195,0.22460933650488094,2.962018732823206e-05,0.009773422224418786,-0.0012248627742294086,-0.011723442057212477,-0.00021763204699240838,-0.007,-0.011,1.029,1.0,-0.002,0.003,0.0,-0.036,0.015,0.027,0.01,0.026,-0.001,-0.002,-0.007,1.14,1.0,-0.0,0.001,0.0,-0.004,0.007,0.003,0.009,0.01,0.0,-0.007,-0.011,1.029,1.0,-0.002,0.003,0.0,-0.036,0.015,0.027,0.01,0.026,-0.001,0.0,0.0,1.0,1.0,0.0,0.0,0.0,43.237157907183125,0.1045969525441909,0.2654187682461684,99.9999933995647,110.00000007407506,0.5000001054760616,55.00014685684814,0.23212105297127508,0.0007,0.0006,0.0029,0.0031
172,1762746480.7713997,0.001782089117535048,-0.00022134906122280723,0.22754506439200772,0.00020090339426205461,0.0005616540697178448,-0.015017261985211533,0.01467863943563418,0.0008564160346691127,-0.007,-0.01,1.028,1.0,-0.001,0.003,0.001,-0.007,0.017,-0.008,0.012,0.008,0.001,-0.003,-0.006,1.14,1.0,0.0,0.001,0.0,-0.002,0.007,-0.008,0.013,0.004,0.0,-0.007,-0.01,1.028,1.0,-0.001,0.003,0.001,-0.007,0.017,-0.008,0.012,0.008,0.001,0.0,0.0,1.0,1.0,0.0,0.0,0.0,43.237009725380325,0.10459060287068714,0.26543882206094843,99.99999339453359,110.00000007407694,0.5000001055365121,55.000147551619115,0.23206227427005802,0.0011,0.0012,0.005,0.0068
173,1762746480.8386977,0.0015325142340256825,-0.001949119370224904,0.22764073867596818,-0.00029775095211460455,-0.0012478744175468267,-0.008638851545010484,0.00047837141980223855,-0.0024932717318832953,-0.007,-0.009,1.027,1.0,-0.001,0.003,0.001,0.001,0.015,-0.012,0.013,0.004,0.0,-0.003,-0.006,1.139,1.0,0.001,0.001,0.0,-0.0,0.007,-0.007,0.012,-0.012,-0.0,-0.007,-0.009,1.027,1.0,-0.001,0.003,0.001,0.001,0.015,-0.012,0.013,0.004,0.0,0.0,0.0,1.0,1.0,0.0,0.0,0.0,43.23480901484699,0.10449780546817695,0.2658202739059686,99.99999338178561,110.00000007406747,0.5000001057150391,55.0001493621532,0.2319974747694101,0.0011,0.0012,0.0053,0.007
174,1762746480.897913,0.0008872176217466785,-0.0018522625595916121,0.2254084458581766,5.5694773588734804e-05,-0.0032264830613950198,0.00048428405316645884,-0.011161464088958002,0.001767228628516697,-0.008,-0.008,1.028,1.0,-0.0,0.003,0.001,-0.003,0.014,0.016,0.011,0.005,0.005,-0.003,-0.005,1.139,1.0,0.001,0.001,0.0,0.001,0.006,-0.004,0.007,-0.023,-0.0,-0.008,-0.008,1.028,1.0,-0.0,0.003,0.001,-0.003,0.014,0.016,0.011,0.005,0.005,0.0,0.0,1.0,1.0,0.0,0.0,0.0,43.24045186610292,0.10472312146867,0.26659750969697715,99.99999337112057,110.00000007405916,0.5000001059108444,55.00015105105788,0.2324154517019513,0.0008,0.0007,0.0028,0.0031
175,1762746480.9642043,-0.00038492502831817023,-0.003838572004019309,0.22461609606720143,-0.0004043538239919094,-0.0063607132503242444,-0.009931547222138482,-0.0039617489548758504,-0.002300242987903221,-0.005,-0.008,1.028,1.0,-0.0,0.002,0.001,0.021,0.003,0.029,0.005,-0.007,-0.0,-0.003,-0.005,1.138,1.0,0.001,-0.0,0.0,0.001,0.005,-0.011,-0.001,-0.021,-0.0,-0.005,-0.008,1.028,1.0,-0.0,0.002,0.001,0.021,0.003,0.029,0.005,-0.007,-0.0,0.0,0.0,1.0,1.0,0.0,0.0,0.0,43.25069698673855,0.10511141488168642,0.2667541885774625,99.9999933617077,110.00000007405349,0.5000001060360806,55.00015083195759,0.23254471142275734,0.0004,0.0006,0.0028,0.0031
176,1762746481.0318582,-0.00038636389057842776,-0.001243073318995425,0.2275648295554337,-9.191747973753779e-05,-7.194311301287996e-06,0.01297749342511942,0.014743667441161418,0.001562181721271858,-0.005,-0.007,1.027,1.0,-0.0,0.001,0.001,0.011,0.004,-0.008,0.003,-0.02,0.002,-0.002,-0.005,1.137,1.0,0.001,-0.001,0.0,0.001,0.004,-0.024,-0.008,-0.022,0.0,-0.005,-0.007,1.027,1.0,-0.0,0.001,0.001,0.011,0.004,-0.008,0.003,-0.02,0.002,0.0,0.0,1.0,1.0,0.0,0.0,0.0,43.25099544681805,0.10511859363844811,0.2669638878533161,99.9999933568895,110.00000007404977,0.5000001061109097,55.0001514025411,0.23254689830980899,0.0006,0.0006,0.003,0.0036
177,1762746481.1044414,0.001815198683487694,-0.004680178081909426,0.2275739072280571,-1.3039670531293096e-05,0.011007812870330608,-0.017185523814570003,4.538836311705156e-05,0.0003943890460312233,-0.003,-0.007,1.026,1.0,-0.0,0.001,0.001,0.041,0.013,-0.011,-0.008,-0.023,-0.004,-0.002,-0.004,1.136,1.0,0.0,-0.001,0.0,-0.001,0.003,-0.022,-0.009,-0.001,0.0,-0.003,-0.007,1.026,1.0,-0.0,0.001,0.001,0.041,0.013,-0.011,-0.008,-0.023,-0.004,0.0,0.0,1.0,1.0,0.0,0.0,0.0,43.24941484854214,0.10505833079649717,0.2673384954444891,99.99999333640481,110.00000007403708,0.5000001063674644,55.000153258399486,0.2320452675973776,0.0007,0.001,0.0051,0.007
178,1762746481.1716945,0.0008497131613887765,-0.002321949616756812,0.22807311300996252,-0.0004553884579871542,-0.004827427610494588,0.011791142325763072,0.0024960289095271957,-0.0022117439372793058,-0.002,-0.007,1.025,1.0,-0.001,0.0,0.001,0.014,-0.003,-0.016,-0.008,-0.01,-0.0,-0.003,-0.004,1.134,1.0,0.0,-0.001,0.0,-0.002,0.002,-0.018,0.002,-0.011,0.0,-0.002,-0.007,1.025,1.0,-0.001,0.0,0.001,0.014,-0.003,-0.016,-0.008,-0.01,-0.0,0.0,0.0,1.0,1.0,0.0,0.0,0.0,43.24601183206813,0.10493716112850587,0.26733343375444507,99.9999933304065,110.00000007403428,0.5000001064381497,55.00015142376217,0.23205650571359338,0.0011,0.0012,0.0051,0.0069
179,1762746481.236259,0.0010655173667580352,-0.00019542802858254224,0.2278076873788222,-0.00019941003577995681,0.0010790210268462937,0.010632607940871345,-0.0013271281557014904,0.001279892111035987,-0.002,-0.007,1.024,1.0,-0.001,0.0,0.001,0.002,0.004,-0.012,-0.002,-0.007,-0.001,-0.003,-0.004,1.133,1.0,0.0,-0.002,0.0,-0.004,0.002,-0.013,0.002,0.001,0.0,-0.002,-0.007,1.024,1.0,-0.001,0.0,0.001,0.002,0.004,-0.012,-0.002,-0.007,-0.001,0.0,0.0,1.0,1.0,0.0,0.0,0.0,43.24312920568749,0.1048386423123326,0.26743477004868055,99.9999933175342,110.00000007402419,0.5000001065943831,55.00015188393316,0.23199704842162538,0.001,0.0012,0.0044,0.0056
180,1762746481.2989576,-0.0005697150838743054,7.918897102106228e-05,0.22841949124021865,3.2985245659486836e-05,-0.008176162253161702,0.0013730849980180238,0.003059019306982072,0.0011619764071972181,-0.002,-0.008,1.023,1.0,-0.001,-0.0,0.001,0.005,-0.007,-0.018,-0.002,-0.008,0.001,-0.003,-0.004,1.133,1.0,0.0,-0.001,0.0,-0.006,0.001,-0.006,0.001,0.015,0.0,-0.002,-0.008,1.023,1.0,-0.001,-0.0,0.001,0.005,-0.007,-0.018,-0.002,-0.008,0.001,0.0,0.0,1.0,1.0,0.0,0.0,0.0,43.23816587677183,0.10468148201472074,0.2679860971725922,99.9999933047929,110.00000007401258,0.5000001067897514,55.000152984083186,0.23209121796990265,0.0005,0.0009,0.0033,0.0036
181,1762746481.3658824,-0.0006948714393396557,0.0005655544279739882,0.22918232188905,0.00024748978577158814,-0.0006257817773267522,0.0024318272847646295,0.0038141532441564575,0.0010725227005605065,-0.003,-0.007,1.022,1.0,-0.001,0.0,0.001,-0.003,-0.002,-0.027,0.004,0.002,0.003,-0.004,-0.004,1.133,1.0,0.0,-0.001,0.0,-0.007,0.001,0.003,-0.008,0.014,-0.0,-0.003,-0.007,1.022,1.0,-0.001,0.0,0.001,-0.003,-0.002,-0.027,0.004,0.002,0.003,0.0,0.0,1.0,1.0,0.0,0.0,0.0,43.22991129521498,0.1044421653639193,0.26822941116230903,99.99999330132862,110.00000007401232,0.500000106857988,55.00015366057918,0.23237686635901808,0.0004,0.0006,0.0036,0.0039
182,1762746481.433286,-0.0019486577008100843,0.0017474949223929876,0.22608509149945716,0.00037782571875887147,-0.006268931307352143,0.005909702472094996,-0.015486151947964212,0.0006516796649364169,-0.005,-0.008,1.024,1.0,-0.001,0.001,0.001,-0.022,-0.014,0.01,-0.004,0.018,0.002,-0.004,-0.004,1.133,1.0,0.0,-0.0,0.0,-0.008,0.001,0.014,-0.009,0.014,-0.0,-0.005,-0.008,1.024,1.0,-0.001,0.001,0.001,-0.022,-0.014,0.01,-0.004,0.018,0.002,0.0,0.0,1.0,1.0,0.0,0.0,0.0,43.23157902022144,0.10448655815196482,0.2682057775119012,99.99999330006172,110.00000007401086,0.5000001068650597,55.000154708781714,0.23206758904685806,0.0005,0.0006,0.0043,0.0038
183,1762746481.5041742,-0.00037292220402447,0.0033343834003924117,0.22633248076628007,0.000353922137348358,0.00787867748392807,0.007934442389997118,0.001236946334114615,-0.00011951790705256736,-0.007,-0.008,1.024,1.0,-0.001,0.002,0.001,-0.032,-0.005,0.011,-0.011,0.015,-0.003,-0.005,-0.004,1.134,1.0,-0.0,0.0,0.0,-0.007,0.001,0.01,-0.011,0.013,-0.0,-0.007,-0.008,1.024,1.0,-0.001,0.002,0.001,-0.032,-0.005,0.011,-0.011,0.015,-0.003,0.0,0.0,1.0,1.0,0.0,0.0,0.0,43.23449126896416,0.10455353210544535,0.268256644802133,99.99999329954674,110.00000007401124,0.5000001068783512,55.00015647586669,0.2318603072928028,0.0011,0.0012,0.0052,0.0061
184,1762746481.5654018,-0.0016707076942370776,0.0014817119966647036,0.22904642926808844,-0.00019877996473797668,-0.006488927451063037,-0.00926335701863854,0.01356974250904177,-0.0027635105104316733,-0.007,-0.009,1.024,1.0,-0.001,0.002,0.001,-0.014,-0.015,-0.0,-0.009,0.01,0.0,-0.005,-0.004,1.135,1.0,-0.001,0.001,0.0,-0.007,0.001,0.008,-0.0,0.013,-0.0,-0.007,-0.009,1.024,1.0,-0.001,0.002,0.001,-0.014,-0.015,-0.0,-0.009,0.01,0.0,0.0,0.0,1.0,1.0,0.0,0.0,0.0,43.23437376258015,0.10454997447848871,0.268366021383762,99.99999329067913,110.00000007400378,0.5000001069920323,55.00015653739783,0.2319749534318402,0.0006,0.0006,0.0035,0.0033
185,1762746481.638409,-0.00016962950217909271,0.0040238552251153515,0.22517243202565404,-1.3911714458180466e-05,0.007505390960289925,0.012710716142253236,-0.01936998621217205,0.0009243412513989806,-0.011,-0.009,1.025,1.0,-0.002,0.003,0.001,-0.043,-0.008,0.021,-0.011,0.022,-0.001,-0.006,-0.004,1.135,1.0,-0.001,0.001,0.0,-0.006,0.002,0.019,-0.004,0.0,-0.0,-0.011,-0.009,1.025,1.0,-0.002,0.003,0.001,-0.043,-0.008,0.021,-0.011,0.022,-0.001,0.0,0.0,1.0,1.0,0.0,0.0,0.0,43.23828327777344,0.10462219931745155,0.2688702294119235,99.99999328193248,110.00000007399466,0.5000001071268789,55.000161539955016,0.23151210971586011,0.0011,0.0012,0.0051,0.007
186,1762746481.698519,0.0005504219250195005,0.0011539984043037591,0.22620492622775132,9.17540968346395e-05,0.003600257135992967,-0.014349284104057962,0.005162471010486358,0.0005283290564640998,-0.011,-0.009,1.026,1.0,-0.002,0.003,0.001,-0.012,-0.001,0.011,-0.002,0.009,-0.002,-0.006,-0.003,1.137,1.0,-0.001,0.001,0.0,-0.005,0.003,0.011,0.004,0.009,-0.0,-0.011,-0.009,1.026,1.0,-0.002,0.003,0.001,-0.012,-0.001,0.011,-0.002,0.009,-0.002,0.0,0.0,1.0,1.0,0.0,0.0,0.0,43.24088163644189,0.10466308828560486,0.2688893990342071,99.99999327789496,110.00000007399159,0.500000107178967,55.00016141360975,0.23155990885417801,0.0007,0.0011,0.0029,0.0031
187,1762746481.764831,0.003380783938293623,-1.2539671239831076e-05,0.22674840571407892,0.00019278245330889017,0.014151810066370611,-0.00583269037771795,0.002717397431637864,0.0005051417823712533,-0.011,-0.009,1.026,1.0,-0.002,0.003,0.001,-0.006,0.004,0.002,-0.0,0.002,-0.001,-0.006,-0.003,1.137,1.0,-0.0,0.001,0.0,-0.003,0.004,0.005,0.011,-0.004,0.0,-0.011,-0.009,1.026,1.0,-0.002,0.003,0.001,-0.006,0.004,0.002,-0.0,0.002,-0.001,0.0,0.0,1.0,1.0,0.0,0.0,0.0,43.241033846364935,0.10466461610051438,0.26905012420495533,99.9999932716872,110.00000007398712,0.5000001072662161,55.000162055615704,0.23158064765766734,0.0005,0.0007,0.003,0.0033
188,1762746481.8383546,0.002062193884460899,0.0007251352524650211,0.22654960538060515,0.0002686991752345996,-0.00659295026916362,0.00368837461852426,-0.0009940016673686777,0.00037958360962854704,-0.012,-0.008,1.026,1.0,-0.001,0.003,0.001,-0.011,0.015,0.004,0.013,-0.001,-0.001,-0.006,-0.003,1.137,1.0,0.0,0.001,0.0,-0.002,0.004,0.002,0.018,-0.012,0.0,-0.012,-0.008,1.026,1.0,-0.001,0.003,0.001,-0.011,0.015,0.004,0.013,-0.001,-0.001,0.0,0.0,1.0,1.0,0.0,0.0,0.0,43.24182105077601,0.1046732910952472,0.2693780199435388,99.99999326155168,110.00000007397904,0.5000001074165448,55.00016275413053,0.2318285130362904,0.001,0.0012,0.0051,0.0071
189,1762746481.9050395,0.002216230909437327,3.8459977162053766e-05,0.2279795337148477,-0.0002574134888504054,0.0007701851248821381,-0.003433376376514837,0.007149641671212826,-0.002630563320425025,-0.01,-0.006,1.025,1.0,-0.001,0.002,0.001,0.006,0.021,-0.013,0.019,-0.014,0.0,-0.006,-0.003,1.137,1.0,0.001,0.001,0.0,-0.001,0.003,-0.0,0.011,-0.006,0.0,-0.01,-0.006,1.025,1.0,-0.001,0.002,0.001,0.006,0.021,-0.013,0.019,-0.014,0.0,0.0,0.0,1.0,1.0,0.0,0.0,0.0,43.23792432942208,0.10462639116478231,0.2693171771440012,99.9999932595571,110.00000007397823,0.5000001074283428,55.000162504685534,0.23144853734694273,0.0011,0.0012,0.0051,0.007
190,1762746481.9682746,-0.0003003437236637702,-0.0022236353850620914,0.22785274351434648,8.851641790151159e-05,-0.012582873165505486,-0.011310476811120726,-0.0006339510025060698,0.0017296495337595847,-0.009,-0.006,1.025,1.0,-0.0,0.002,0.001,0.021,0.006,-0.013,0.016,-0.016,0.005,-0.006,-0.003,1.137,1.0,0.001,0.0,0.0,-0.0,0.002,0.005,0.005,-0.006,-0.0,-0.009,-0.006,1.025,1.0,-0.0,0.002,0.001,0.021,0.006,-0.013,0.016,-0.016,0.005,0.0,0.0,1.0,1.0,0.0,0.0,0.0,43.23348603560704,0.10457874133141015,0.2693759637129737,99.99999325626995,110.00000007397982,0.5000001074576168,55.000163063772916,0.23093195726204938,0.0009,0.0007,0.0032,0.006
191,1762746482.034736,0.0013306288595612403,-0.00260510744041157,0.22732975663619456,0.00018984068141093802,0.008154862916125051,-0.0019073602767473912,-0.002614934390759474,0.0005066213175471322,-0.009,-0.005,1.026,1.0,-0.0,0.002,0.001,0.015,0.018,-0.007,0.009,-0.009,-0.001,-0.006,-0.002,1.138,1.0,0.001,-0.0,0.0,0.0,0.001,0.012,-0.008,-0.014,-0.0,-0.009,-0.005,1.026,1.0,-0.0,0.002,0.001,0.015,0.018,-0.007,0.009,-0.009,-0.001,0.0,0.0,1.0,1.0,0.0,0.0,0.0,43.230684706832605,0.104553622867576,0.26979024346421265,99.99999324556414,110.00000007397237,0.5000001076178305,55.00016349420747,0.23099794292654727,0.0007,0.0009,0.0049,0.0041
192,1762746482.0978577,0.0032197757739787125,-0.0018400578414274893,0.22724276005970115,8.826863199676817e-05,0.009445734572087361,0.0038252479949204016,-0.0004349828824670532,-0.0005078602470708493,-0.008,-0.005,1.026,1.0,-0.0,0.001,0.001,0.016,0.024,-0.005,0.002,-0.014,-0.008,-0.006,-0.002,1.139,1.0,0.001,-0.001,0.0,-0.0,-0.0,0.013,-0.005,-0.014,0.0,-0.008,-0.005,1.026,1.0,-0.0,0.001,0.001,0.016,0.024,-0.005,0.002,-0.014,-0.008,0.0,0.0,1.0,1.0,0.0,0.0,0.0,43.228585625944355,0.10453813444917899,0.26996704629522544,99.99999325058002,110.00000007396858,0.5000001075953916,55.00016364366159,0.23099724830867835,0.0004,0.0006,0.0029,0.0033
193,1762746482.1671278,0.0006343346506392537,-0.0009709184826270053,0.22556512678631382,0.00026561568893084046,-0.012927205616697295,0.004345696794002421,-0.008388166366936607,0.0008867352846703613,-0.008,-0.005,1.028,1.0,-0.0,0.001,0.001,0.012,-0.002,0.015,-0.005,-0.015,0.002,-0.006,-0.003,1.14,1.0,0.001,-0.001,0.0,-0.001,-0.001,0.016,0.005,-0.008,-0.0,-0.008,-0.005,1.028,1.0,-0.0,0.001,0.001,0.012,-0.002,0.015,-0.005,-0.015,0.002,0.0,0.0,1.0,1.0,0.0,0.0,0.0,43.23241914297139,0.10457180797632934,0.2700851837551866,99.99999324235073,110.00000007396058,0.5000001076923827,55.00016394153714,0.2308450787033048,0.0011,0.0012,0.0043,0.0032
194,1762746482.2318573,0.002321508111155856,-0.0005786524891414186,0.2265447957095285,0.00027040696180398357,0.00843586730258301,0.001961329967427935,0.004898344616073386,2.395636436571544e-05,-0.006,-0.006,1.028,1.0,-0.0,0.0,0.001,0.014,0.004,0.004,0.0,-0.014,-0.003,-0.007,-0.003,1.141,1.0,0.001,-0.001,0.0,-0.002,-0.002,0.009,-0.0,0.003,0.0,-0.006,-0.006,1.028,1.0,-0.0,0.0,0.001,0.014,0.004,0.004,0.0,-0.014,-0.003,0.0,0.0,1.0,1.0,0.0,0.0,0.0,43.233985535795426,0.10458578687765908,0.2704974155647596,99.99999323925073,110.00000007396065,0.5000001077683253,55.000166090162374,0.2307263678904472,0.0006,0.0006,0.0034,0.0033
195,1762746482.3050358,-0.0011908409363750316,-0.0003723314994965503,0.22649895066891532,-0.0002574839958923928,-0.017561745237654434,0.0010316049482243417,-0.00022922520306607307,-0.002639454788481881,-0.006,-0.006,1.029,1.0,-0.0,0.0,0.001,0.008,-0.008,0.002,0.002,-0.005,0.0,-0.007,-0.003,1.141,1.0,0.001,-0.001,0.0,-0.003,-0.003,0.006,0.001,0.005,0.0,-0.006,-0.006,1.029,1.0,-0.0,0.0,0.001,0.008,-0.008,0.002,0.002,-0.005,0.0,0.0,0.0,1.0,1.0,0.0,0.0,0.0,43.235054781919416,0.10459725531812783,0.2707206088890607,99.99999323058735,110.0000000739575,0.5000001078844936,55.00016770588246,0.23069842398456789,0.0012,0.0012,0.005,0.0069
196,1762746482.3712902,-0.002257099706065765,0.00037345829638670783,0.2261763058909106,1.6295813352349114e-05,-0.00533129384845367,0.003728948979416291,-0.001613223890023568,0.0013688990462237096,-0.007,-0.007,1.03,1.0,-0.0,0.001,0.001,-0.005,-0.01,0.005,-0.002,0.003,0.002,-0.007,-0.003,1.142,1.0,0.001,-0.001,0.0,-0.005,-0.004,0.004,-0.011,0.01,0.0,-0.007,-0.007,1.03,1.0,-0.0,0.001,0.001,-0.005,-0.01,0.005,-0.002,0.003,0.002,0.0,0.0,1.0,1.0,0.0,0.0,0.0,43.23728831725552,0.10461670584272256,0.27085155687130263,99.99999322259546,110.00000007395316,0.5000001079860749,55.00016833240596,0.23080557489302794,0.001,0.0012,0.0053,0.0061
197,1762746482.4369357,-0.0016430295477211276,0.0026954030504359387,0.22476028432281794,-0.00044139118026162227,0.003070350791723189,0.011609723770246152,-0.007080107840463189,-0.0022884349680698567,-0.008,-0.007,1.031,1.0,-0.0,0.001,0.001,-0.023,-0.005,0.023,-0.004,0.012,0.0,-0.007,-0.003,1.142,1.0,0.0,-0.0,0.0,-0.005,-0.004,-0.001,-0.016,0.007,-0.0,-0.008,-0.007,1.031,1.0,-0.0,0.001,0.001,-0.023,-0.005,0.023,-0.004,0.012,0.0,0.0,0.0,1.0,1.0,0.0,0.0,0.0,43.24511822188067,0.10467286386861223,0.27090072462628023,99.99999321821083,110.00000007395091,0.5000001080433277,55.00016716875796,0.23096206619641074,0.0014,0.0009,0.0049,0.0057
198,1762746482.5025783,-0.0006948922616520075,0.003572133108230238,0.22692216219833192,-0.00021421747914095337,0.004740686430345599,0.004383650288971498,0.010809389377569662,0.0011358685056033443,-0.01,-0.008,1.03,1.0,-0.001,0.001,0.001,-0.022,-0.01,-0.003,-0.015,0.008,-0.002,-0.008,-0.004,1.141,1.0,-0.0,0.0,0.0,-0.005,-0.004,-0.012,-0.014,0.018,-0.0,-0.01,-0.008,1.03,1.0,-0.001,0.001,0.001,-0.022,-0.01,-0.003,-0.015,0.008,-0.002,0.0,0.0,1.0,1.0,0.0,0.0,0.0,43.24640499456609,0.10468417588396649,0.2710290347091222,99.99999320907585,110.00000007394235,0.5000001081617675,55.00016762433586,0.2310094248362447,0.0009,0.0016,0.0045,0.0046
199,1762746482.5708141,-0.0002143243961263031,0.0016113439020418808,0.22717272002029976,-7.974702787466755e-05,0.002402839327628521,-0.009803946030941786,0.0012527891098391714,0.0006723522563314289,-0.01,-0.009,1.029,1.0,-0.002,0.002,0.001,-0.015,-0.012,-0.008,-0.014,0.015,-0.003,-0.008,-0.004,1.14,1.0,-0.001,0.001,0.0,-0.004,-0.004,-0.012,-0.005,0.021,-0.0,-0.01,-0.009,1.029,1.0,-0.002,0.002,0.001,-0.015,-0.012,-0.008,-0.014,0.015,-0.003,0.0,0.0,1.0,1.0,0.0,0.0,0.0,43.245721614151485,0.10468009844779591,0.2712393671506873,99.99999319635482,110.00000007393592,0.5000001083222504,55.00016891708274,0.23091780527290104,0.0008,0.001,0.0057,0.0059
200,1762746482.6351042,-0.001297297245144267,0.0015499165129527358,0.22636176609918812,-0.0005180389948436725,-0.005414864245089819,-0.00030713694544572817,-0.004054769605558105,-0.0021914598348450245,-0.012,-0.009,1.03,1.0,-0.002,0.002,0.001,-0.02,-0.015,0.001,-0.005,0.021,0.0,-0.008,-0.004,1.14,1.0,-0.001,0.001,0.0,-0.003,-0.003,-0.013,0.006,0.006,-0.0,-0.012,-0.009,1.03,1.0,-0.002,0.002,0.001,-0.02,-0.015,0.001,-0.005,0.021,0.0,0.0,0.0,1.0,1.0,0.0,0.0,0.0,43.24752034993401,0.10469782278324796,0.2717002264897427,99.99999318835432,110.00000007392873,0.500000108444281,55.00017175803652,0.23055908595662827,0.001,0.0011,0.0042,0.0045
201,1762746482.7049968,-0.001309479268543426,-0.004174526194873087,0.22618773704998804,-0.00020967876241615878,-6.091011699579517e-05,-0.028622213539129113,-0.0008701452460002704,0.0015418011621375685,-0.012,-0.01,1.03,1.0,-0.002,0.003,0.001,0.017,-0.012,0.004,-0.004,0.014,0.001,-0.008,-0.004,1.139,1.0,-0.001,0.001,0.0,-0.001,-0.002,-0.013,0.003,-0.002,0.001,-0.012,-0.01,1.03,1.0,-0.002,0.003,0.001,0.017,-0.012,0.004,-0.004,0.014,0.001,0.0,0.0,1.0,1.0,0.0,0.0,0.0,43.250499002879444,0.10472624152903859,0.2719207266287798,99.99999318467063,110.00000007392914,0.5000001085021459,55.000173994378045,0.2304210023190484,0.0016,0.0018,0.0061,0.0047
202,1762746482.7752686,0.0003508830033856732,-0.0029491140820717236,0.22729650894322087,-3.0699606257615045e-05,0.008301811359645497,0.006127060564006815,0.005543859466164073,0.0008948957807927187,-0.012,-0.01,1.029,1.0,-0.002,0.003,0.001,0.003,0.001,-0.009,-0.001,0.004,-0.001,-0.008,-0.004,1.138,1.0,-0.0,0.001,0.0,0.0,-0.001,-0.018,0.001,-0.03,0.0,-0.012,-0.01,1.029,1.0,-0.002,0.003,0.001,0.003,0.001,-0.009,-0.001,0.004,-0.001,0.0,0.0,1.0,1.0,0.0,0.0,0.0,43.24991255339317,0.10472019972161377,0.2729872004485272,99.99999315625742,110.0000000739068,0.500000108922329,55.00017319055494,0.2310617811417132,0.0016,0.0018,0.008,0.0064
203,1762746482.8361807,-0.0025476750389522504,-0.002989455282382336,0.2302922256141583,0.00020550477637083938,-0.014492790211689617,-0.00020170600155306265,0.01497858335468709,0.0011810219131422723,-0.01,-0.011,1.027,1.0,-0.002,0.002,0.001,0.029,-0.02,-0.046,0.001,-0.028,0.003,-0.008,-0.004,1.136,1.0,-0.0,-0.0,0.0,0.0,-0.001,-0.015,0.004,-0.025,0.0,-0.01,-0.011,1.027,1.0,-0.002,0.002,0.001,0.029,-0.02,-0.046,0.001,-0.028,0.003,0.0,0.0,1.0,1.0,0.0,0.0,0.0,43.23820057918849,0.10460494134074216,0.27285473852294084,99.99999316563463,110.0000000739123,0.5000001088048965,55.000174689278055,0.23094219594930288,0.0007,0.001,0.0049,0.0055
204,1762746482.9030688,0.0018579184135881725,-0.0022080295257707865,0.22518135199709594,0.00019066871274170375,0.02202796726270212,0.003907128783057749,-0.02555436808531194,-7.418031814567818e-05,-0.01,-0.01,1.028,1.0,-0.002,0.002,0.001,0.016,0.017,0.015,0.004,-0.019,-0.004,-0.008,-0.004,1.136,1.0,-0.0,-0.001,0.0,-0.0,-0.0,0.002,-0.008,-0.016,0.0,-0.01,-0.01,1.028,1.0,-0.002,0.002,0.001,0.016,0.017,0.015,0.004,-0.019,-0.004,0.0,0.0,1.0,1.0,0.0,0.0,0.0,43.24233266352268,0.10464777457143061,0.27288587307650286,99.99999315890668,110.00000007391105,0.5000001088844737,55.00017362498399,0.23074042925004515,0.0009,0.001,0.0049,0.0057
205,1762746482.9682937,-0.0015095556642245591,-0.00224398317319156,0.22845120414964581,0.00036965258923658134,-0.016837370389063657,-0.0001797682371038646,0.01634926076274943,0.0008949193824743881,-0.008,-0.01,1.025,1.0,-0.001,0.001,0.001,0.028,-0.013,-0.017,-0.001,-0.028,0.003,-0.008,-0.004,1.136,1.0,-0.0,-0.001,0.0,-0.002,0.001,-0.006,0.01,-0.003,0.0,-0.008,-0.01,1.025,1.0,-0.001,0.001,0.001,0.028,-0.013,-0.017,-0.001,-0.028,0.003,0.0,0.0,1.0,1.0,0.0,0.0,0.0,43.23869531783197,0.10461452759407747,0.273221324131894,99.9999931534122,110.00000007390912,0.5000001089655904,55.00017583823318,0.2305702639163322,0.0007,0.0011,0.0043,0.0049
206,1762746483.0345619,-0.0023427212297037195,0.004445797472527205,0.22870790898308496,0.000526116908085905,-0.004165827827395802,0.033448903228593826,0.0012835241671955862,0.0007823215942466184,-0.007,-0.011,1.025,1.0,-0.002,0.0,0.001,-0.0,-0.014,0.0,0.003,-0.009,0.004,-0.009,-0.004,1.136,1.0,-0.0,-0.001,0.0,-0.004,0.001,0.002,-0.002,0.003,0.0,-0.007,-0.011,1.025,1.0,-0.002,0.0,0.001,-0.0,-0.014,0.0,0.003,-0.009,0.004,0.0,0.0,1.0,1.0,0.0,0.0,0.0,43.23871041400836,0.10461451453246191,0.2733316999225779,99.99999314187171,110.00000007390395,0.500000109095552,55.00017642360812,0.23053757234616945,0.0008,0.001,0.0042,0.0046
207,1762746483.1115162,-0.003923767038983891,0.004457071858632181,0.2264362897893226,-7.680825184097444e-05,-0.007905229046400857,5.637193052488061e-05,-0.011358095968811942,-0.003014625799634397,-0.008,-0.01,1.026,1.0,-0.002,0.0,0.001,-0.004,0.0,0.003,0.001,0.0,0.0,-0.009,-0.004,1.136,1.0,-0.0,-0.001,0.0,-0.005,0.001,0.01,-0.006,0.028,-0.001,-0.008,-0.01,1.026,1.0,-0.002,0.0,0.001,-0.004,0.0,0.003,0.001,0.0,0.0,0.0,0.0,1.0,1.0,0.0,0.0,0.0,43.23816287042763,0.10460943116590107,0.27448516969857256,99.99999311580645,110.00000007388456,0.500000109494881,55.000175379713234,0.231191325929677,0.0012,0.0017,0.0075,0.0103
208,1762746483.1690872,-0.0002467442718166908,0.004944228789141064,0.22658973746511255,7.417367148213094e-05,0.018385113835836,0.0024357846525444177,0.0007672383789497114,0.0007549096166155267,-0.009,-0.01,1.026,1.0,-0.001,0.001,0.001,-0.034,0.008,0.004,0.001,0.018,-0.001,-0.009,-0.004,1.137,1.0,-0.001,0.0,0.0,-0.005,0.002,0.009,-0.013,0.028,-0.0,-0.009,-0.01,1.026,1.0,-0.001,0.001,0.001,-0.034,0.008,0.004,0.001,0.018,-0.001,0.0,0.0,1.0,1.0,0.0,0.0,0.0,43.23870136507673,0.10461174034381358,0.27505015101864005,99.99999310315413,110.00000007387507,0.500000109693819,55.000173807332395,0.23169302530481983,0.0007,0.001,0.0046,0.0053
209,1762746483.235657,-0.002023831190527871,0.003693100344569308,0.2266692813625578,0.000223368103462348,-0.0088854345935559,-0.006255642222858779,0.0003977194872261319,0.0007459721599010854,-0.012,-0.012,1.026,1.0,-0.002,0.002,0.001,-0.032,-0.02,0.003,-0.008,0.028,0.001,-0.01,-0.004,1.137,1.0,-0.001,0.001,0.0,-0.004,0.003,0.007,0.003,0.023,-0.0,-0.012,-0.012,1.026,1.0,-0.002,0.002,0.001,-0.032,-0.02,0.003,-0.008,0.028,0.001,0.0,0.0,1.0,1.0,0.0,0.0,0.0,43.23914633587114,0.1046138187810666,0.2751060607260179,99.99999309614502,110.00000007386716,0.5000001097787395,55.00017396655353,0.23173061489456884,0.0015,0.0009,0.0043,0.0047
210,1762746483.3101394,0.0013906223250018503,0.004603483462967737,0.22466341602720707,0.0002414293743490041,0.017072267577648605,0.004551915591992145,-0.010029326676753608,9.030635443328064e-05,-0.016,-0.011,1.029,1.0,-0.002,0.003,0.001,-0.047,0.006,0.026,-0.008,0.033,-0.003,-0.01,-0.004,1.138,1.0,-0.001,0.002,0.0,-0.002,0.004,0.004,0.001,0.009,-0.0,-0.016,-0.011,1.029,1.0,-0.002,0.003,0.001,-0.047,0.006,0.026,-0.008,0.033,-0.003,0.0,0.0,1.0,1.0,0.0,0.0,0.0,43.246546871610015,0.10464360122939169,0.27555835820477764,99.99999309702078,110.00000007386724,0.5000001097999931,55.0001786091032,0.23113766561570456,0.0007,0.0011,0.0072,0.0106
211,1762746483.373114,0.0012634330632468648,0.0015709871940604472,0.22580127680077133,-0.0002965078543891843,-0.0006359463087749258,-0.01516248134453645,0.0056893038678213536,-0.0026896861436909417,-0.016,-0.011,1.029,1.0,-0.002,0.004,0.001,-0.022,0.002,0.013,-0.002,0.022,0.0,-0.01,-0.003,1.138,1.0,-0.001,0.002,0.0,0.001,0.005,-0.007,0.011,0.006,-0.0,-0.016,-0.011,1.029,1.0,-0.002,0.004,0.001,-0.022,0.002,0.013,-0.002,0.022,0.0,0.0,0.0,1.0,1.0,0.0,0.0,0.0,43.251388990958645,0.10465982641968424,0.2760379134772965,99.99999308573257,110.00000007385769,0.5000001099660877,55.000180697075926,0.2311327349853335,0.0015,0.0017,0.0068,0.0055
212,1762746483.4371138,0.0023757022085086595,-0.0009476222533960337,0.22733876723936228,-0.0006817868784490492,0.005561345726308973,-0.012593047237282403,0.007687452192954715,-0.0019263951202993246,-0.017,-0.009,1.027,1.0,-0.002,0.004,0.001,-0.002,0.018,-0.007,0.014,0.009,-0.0,-0.01,-0.003,1.137,1.0,-0.0,0.002,0.0,0.003,0.006,-0.012,0.013,-0.009,-0.0,-0.017,-0.009,1.027,1.0,-0.002,0.004,0.001,-0.002,0.018,-0.007,0.014,0.009,-0.0,0.0,0.0,1.0,1.0,0.0,0.0,0.0,43.25050559058132,0.10465586769967099,0.2765591846090251,99.99999307611724,110.00000007385134,0.5000001101150898,55.000184559804424,0.23100135577841713,0.001,0.0011,0.0049,0.0062
213,1762746483.504077,0.000991366358693027,-0.004647296974771155,0.22852320273081073,-0.0002912353822359082,-0.006921679249078162,-0.018498373606875604,0.00592217745724233,0.0019527574810657043,-0.015,-0.009,1.026,1.0,-0.001,0.004,0.001,0.025,0.009,-0.023,0.011,-0.005,0.002,-0.009,-0.003,1.136,1.0,0.0,0.001,0.0,0.005,0.005,-0.009,0.012,-0.022,0.001,-0.015,-0.009,1.026,1.0,-0.001,0.004,0.001,0.025,0.009,-0.023,0.011,-0.005,0.002,0.0,0.0,1.0,1.0,0.0,0.0,0.0,43.24453024704467,0.10463115270789416,0.2770582089927923,99.99999306987284,110.00000007384503,0.5000001102225554,55.000186850012525,0.23118815534986983,0.0011,0.0011,0.0048,0.0064
214,1762746483.5646577,0.0013785847983018727,-0.0028214940769762105,0.22726876358522136,-1.2895258619321397e-05,0.0019360921980442277,0.009129014488974723,-0.006272195727946689,0.001391700618082934,-0.014,-0.007,1.026,1.0,-0.001,0.003,0.001,0.017,0.017,-0.008,0.017,-0.015,0.002,-0.009,-0.002,1.136,1.0,0.001,0.0,0.0,0.007,0.006,-0.002,0.006,-0.041,0.0,-0.014,-0.007,1.026,1.0,-0.001,0.003,0.001,0.017,0.017,-0.008,0.017,-0.015,0.002,0.0,0.0,1.0,1.0,0.0,0.0,0.0,43.242122653211766,0.1046199974218246,0.27785061848964643,99.99999305573205,110.00000007383437,0.5000001104560325,55.00018856528479,0.2319164054196148,0.0009,0.0006,0.0028,0.0031
215,1762746483.6345463,0.00012855887942713287,-0.004836999925636678,0.2270909917835082,0.00026644964310655313,-0.0062501295943737,-0.010077529243302338,-0.0008888590085657172,0.0013967245086293728,-0.01,-0.006,1.026,1.0,-0.0,0.002,0.001,0.051,0.01,-0.004,0.014,-0.034,0.005,-0.008,-0.002,1.136,1.0,0.001,-0.001,0.0,0.007,0.005,0.001,0.001,-0.025,0.0,-0.01,-0.006,1.026,1.0,-0.0,0.002,0.001,0.051,0.01,-0.004,0.014,-0.034,0.005,0.0,0.0,1.0,1.0,0.0,0.0,0.0,43.24107495823154,0.10461720907023968,0.2781325643075606,99.99999306697237,110.00000007384155,0.5000001103235691,55.000194890688235,0.23098990815749057,0.0006,0.0011,0.0049,0.0039
216,1762746483.7041037,-0.00030042233435413607,-0.002006634459701735,0.22874798947208536,0.000396771734391615,-0.0021449060689063453,0.014151827329674713,0.008284988442885671,0.0006516104564253094,-0.008,-0.006,1.026,1.0,-0.0,0.0,0.001,0.036,0.003,-0.0,0.003,-0.033,0.002,-0.008,-0.001,1.136,1.0,0.001,-0.002,0.0,0.005,0.004,0.002,-0.005,-0.018,0.0,-0.008,-0.006,1.026,1.0,-0.0,0.0,0.001,0.036,0.003,-0.0,0.003,-0.033,0.002,0.0,0.0,1.0,1.0,0.0,0.0,0.0,43.241193184926644,0.10461809913063763,0.2784843710015556,99.99999306438787,110.00000007384152,0.5000001103650143,55.00019933416811,0.23044915199302193,0.001,0.0011,0.0048,0.0065
217,1762746483.7645545,0.0016610935111470496,-0.002045527966426264,0.22775836556292378,0.0003615870975678043,0.009807579227505928,-0.00019446753362264806,-0.004948119545807782,-0.00017592318411905358,-0.006,-0.006,1.026,1.0,-0.0,-0.0,0.001,0.04,0.014,-0.014,-0.003,-0.028,-0.003,-0.008,-0.001,1.136,1.0,0.0,-0.002,0.0,0.003,0.004,0.011,-0.007,0.002,0.0,-0.006,-0.006,1.026,1.0,-0.0,-0.0,0.001,0.04,0.014,-0.014,-0.003,-0.028,-0.003,0.0,0.0,1.0,1.0,0.0,0.0,0.0,43.23554798256203,0.10460607588230979,0.2794408878922932,99.9999930553958,110.00000007383275,0.5000001105423358,55.00020647342501,0.22995762584582302,0.0006,0.0006,0.0028,0.003
218,1762746483.8325434,-0.002296492418036142,-0.00039569038129642973,0.2254770411949724,0.00039246122592556974,-0.019787929645915955,0.008249187925649173,-0.011406621839756749,0.00015437064178882746,-0.005,-0.006,1.028,1.0,-0.001,-0.0,0.001,0.019,-0.0,0.015,-0.008,-0.01,-0.001,-0.008,-0.001,1.137,1.0,0.0,-0.002,0.0,0.001,0.003,0.016,0.003,0.009,-0.0,-0.005,-0.006,1.028,1.0,-0.001,-0.0,0.001,0.019,-0.0,0.015,-0.008,-0.01,-0.001,0.0,0.0,1.0,1.0,0.0,0.0,0.0,43.23852732864905,0.10460996273233754,0.27987656974812186,99.9999930496063,110.00000007382907,0.5000001106421814,55.000208264761056,0.22981881725059036,0.0004,0.0007,0.0032,0.0042
219,1762746483.8996239,2.486939768407085e-05,0.0032790890006137137,0.22522614974926344,0.0004241571566743133,0.011606809078601062,0.018373896909550717,-0.001254457228544888,0.0001584796537437183,-0.007,-0.006,1.029,1.0,-0.001,0.0,0.001,-0.009,0.003,0.02,-0.001,0.008,-0.001,-0.008,-0.001,1.138,1.0,0.0,-0.001,0.0,-0.001,0.003,0.01,-0.01,0.017,0.0,-0.007,-0.006,1.029,1.0,-0.001,0.0,0.001,-0.009,0.003,0.02,-0.001,0.008,-0.001,0.0,0.0,1.0,1.0,0.0,0.0,0.0,43.244127137229405,0.10460991068477622,0.279976972635665,99.99999304732653,110.00000007382957,0.5000001106808578,55.00020764563734,0.22998309981629897,0.0004,0.0006,0.0032,0.0047
220,1762746483.9679615,0.0007289818955775525,0.007411501524927636,0.22550385021494143,0.0004063500398041192,0.00352056248946741,0.02066206262156961,0.0013885023283900107,-8.903558435097035e-05,-0.008,-0.006,1.03,1.0,-0.001,0.001,0.001,-0.034,0.002,0.015,-0.003,0.014,-0.002,-0.008,-0.001,1.138,1.0,-0.0,-0.0,0.0,-0.002,0.003,-0.0,-0.005,0.027,-0.0,-0.008,-0.006,1.03,1.0,-0.001,0.001,0.001,-0.034,0.002,0.015,-0.003,0.014,-0.002,0.0,0.0,1.0,1.0,0.0,0.0,0.0,43.249069730365456,0.1046086528264895,0.28030169615972766,99.99999304691049,110.00000007382766,0.5000001107198725,55.00020666215817,0.23017334830089373,0.0004,0.0006,0.0029,0.0066
221,1762746484.0311604,-0.0008923038560311185,0.006441896916531671,0.2274015976359193,0.0005352913689168418,-0.008106428758043354,-0.004848023041979824,0.009488737104889323,0.0006447066455636128,-0.009,-0.007,1.028,1.0,-0.001,0.001,0.001,-0.018,-0.011,-0.008,-0.005,0.017,0.004,-0.008,-0.0,1.138,1.0,-0.0,0.001,0.0,-0.002,0.003,-0.008,0.003,0.039,-0.0,-0.009,-0.007,1.028,1.0,-0.001,0.001,0.001,-0.018,-0.011,-0.008,-0.005,0.017,0.004,0.0,0.0,1.0,1.0,0.0,0.0,0.0,43.24776058515953,0.10460655247619637,0.2811379952584036,99.9999929978642,110.00000007379447,0.5000001113486322,55.00020275253954,0.23150445597629457,0.0005,0.0006,0.0029,0.0031
222,1762746484.0990984,0.002190754861954546,0.006662040807920615,0.2275319135843001,0.00044911402921903043,0.015415293589928322,0.0011007194569447277,0.0006515797419041169,-0.00043088669848905653,-0.012,-0.005,1.027,1.0,-0.001,0.003,0.001,-0.033,0.014,-0.011,-0.002,0.035,-0.004,-0.008,-0.0,1.138,1.0,-0.0,0.002,0.0,-0.0,0.003,-0.006,-0.002,0.026,-0.001,-0.012,-0.005,1.027,1.0,-0.001,0.003,0.001,-0.033,0.014,-0.011,-0.002,0.035,-0.004,0.0,0.0,1.0,1.0,0.0,0.0,0.0,43.24502393495348,0.10460490001942743,0.2812293434022771,99.99999301927157,110.00000007381014,0.500000111118141,55.000202505299555,0.23129597524928872,0.0006,0.0006,0.0039,0.0033
223,1762746484.1644635,0.001804595221376477,0.006890764924606803,0.22952688225479648,0.0004902777287058475,-0.0019307982028903435,0.0011436205834309391,0.009974843352481798,0.00020581849743408543,-0.013,-0.006,1.026,1.0,-0.001,0.003,0.001,-0.025,-0.008,-0.035,0.0,0.025,0.001,-0.008,-0.0,1.137,1.0,0.0,0.003,0.0,0.003,0.003,-0.003,0.008,0.017,-0.0,-0.013,-0.006,1.026,1.0,-0.001,0.003,0.001,-0.025,-0.008,-0.035,0.0,0.025,0.001,0.0,0.0,1.0,1.0,0.0,0.0,0.0,43.235174458876976,0.10459567105554936,0.28160347077539705,99.99999299974174,110.00000007379946,0.500000111362587,55.00020240797836,0.23122095869362985,0.0005,0.0006,0.003,0.003
224,1762746484.2321513,0.0036595741524405173,0.008453738420252986,0.22583961158138294,0.00035940638543185066,0.009274894655320201,0.007814867478230916,-0.018436353367067913,-0.0006543567163699843,-0.017,-0.004,1.027,1.0,-0.001,0.005,0.001,-0.04,0.019,0.009,-0.001,0.028,-0.006,-0.008,0.0,1.138,1.0,0.0,0.003,0.0,0.006,0.002,0.009,0.009,0.008,-0.0,-0.017,-0.004,1.027,1.0,-0.001,0.005,0.001,-0.04,0.019,0.009,-0.001,0.028,-0.006,0.0,0.0,1.0,1.0,0.0,0.0,0.0,43.236841858694916,0.10459741120897938,0.2824423355869808,99.99999302698838,110.00000007381294,0.5000001111298803,55.000204870169526,0.23105389353437117,0.0005,0.0011,0.0033,0.0033
225,1762746484.298935,0.0016113480664435203,0.004305258496880631,0.22735410665161956,-0.00023223160382123385,-0.010241130429984986,-0.020742399616861765,0.007572475351183046,-0.002958189946265422,-0.015,-0.004,1.026,1.0,-0.001,0.005,0.001,0.007,0.007,-0.005,0.009,0.011,0.0,-0.007,0.0,1.138,1.0,0.001,0.004,0.0,0.011,0.002,0.007,0.015,0.007,-0.0,-0.015,-0.004,1.026,1.0,-0.001,0.005,0.001,0.007,0.007,-0.005,0.009,0.011,0.0,0.0,0.0,1.0,1.0,0.0,0.0,0.0,43.23565034909449,0.10459703161192971,0.2823680612050279,99.99999301961059,110.00000007381065,0.5000001112066722,55.00020426574356,0.23110965454137158,0.0009,0.0006,0.0032,0.0036
226,1762746484.3698509,0.0007996279452353429,0.005415099581367402,0.22680904237370095,3.210722696001282e-05,-0.004058600606040889,0.005549205422433843,-0.002725321389593198,0.001321694153906233,-0.016,-0.004,1.027,1.0,-0.001,0.005,0.001,-0.003,0.007,-0.001,0.012,0.008,0.002,-0.006,0.0,1.139,1.0,0.001,0.003,0.0,0.016,0.001,0.01,0.006,-0.014,-0.0,-0.016,-0.004,1.027,1.0,-0.001,0.005,0.001,-0.003,0.007,-0.001,0.012,0.008,0.002,0.0,0.0,1.0,1.0,0.0,0.0,0.0,43.235289813261836,0.10459665026423744,0.2831052233091157,99.99999299591276,110.00000007379793,0.5000001115328603,55.000208273393696,0.2312711801100512,0.001,0.0012,0.0051,0.0052
227,1762746484.43227,0.0013092624964414854,0.004823536152781612,0.22871106899407934,-0.0004549149567115484,0.0025481727560307116,-0.0029578171429289436,0.009510133101891954,-0.002435110918357806,-0.014,-0.002,1.027,1.0,-0.0,0.005,0.001,0.009,0.016,-0.0,0.012,0.002,-0.0,-0.005,0.0,1.14,1.0,0.001,0.003,0.0,0.02,-0.001,0.011,-0.005,-0.012,-0.0,-0.014,-0.002,1.027,1.0,-0.0,0.005,0.001,0.009,0.016,-0.0,0.012,0.002,-0.0,0.0,0.0,1.0,1.0,0.0,0.0,0.0,43.23546297291954,0.10459650957008226,0.283588363025061,99.99999298317698,110.00000007379124,0.5000001117191291,55.00021139760749,0.23150452417804482,0.0005,0.0007,0.0034,0.0036
228,1762746484.5044243,0.0003762530386469012,0.0048914455320078435,0.2254159171989602,-0.00015510831593686163,-0.0046650472889729205,0.0003395468961311628,-0.016475758975595688,0.0014990332038734334,-0.011,-0.003,1.029,1.0,0.0,0.004,0.001,0.025,0.004,0.013,0.004,-0.008,0.001,-0.003,0.0,1.141,1.0,0.001,0.003,0.0,0.022,-0.002,0.018,-0.007,-0.007,0.0,-0.011,-0.003,1.029,1.0,0.0,0.004,0.001,0.025,0.004,0.013,0.004,-0.008,0.001,0.0,0.0,1.0,1.0,0.0,0.0,0.0,43.237777286982066,0.1045969023792755,0.2836943331162522,99.99999297941335,110.00000007378779,0.5000001117656447,55.00021474917143,0.231323002142987,0.0007,0.0012,0.005,0.0069
229,1762746484.565469,0.0018907379252863792,0.0035708175457089485,0.22567545907010148,-3.183904643061286e-05,0.007572424433197388,-0.006603139931494478,0.0012977093557065317,0.0006163463475312442,-0.009,-0.002,1.029,1.0,-0.0,0.004,0.001,0.037,0.013,0.014,-0.001,-0.008,-0.003,-0.002,0.0,1.142,1.0,0.001,0.002,0.0,0.028,-0.003,0.013,-0.011,-0.003,0.0,-0.009,-0.002,1.029,1.0,-0.0,0.004,0.001,0.037,0.013,0.014,-0.001,-0.008,-0.003,0.0,0.0,1.0,1.0,0.0,0.0,0.0,43.24178093934687,0.104593018669363,0.2837959865690647,99.99999297526217,110.00000007378723,0.5000001118156698,55.000219106813596,0.23098377247107152,0.0009,0.0011,0.0029,0.0031
230,1762746484.6315575,-0.002281998458254168,0.0019856961240176437,0.22506905949651826,0.0002667820910602512,-0.020863681917702735,-0.007925607108456523,-0.00303199786791615,0.0014931056874543202,-0.007,-0.005,1.031,1.0,-0.001,0.004,0.001,0.045,-0.026,0.019,-0.009,-0.003,0.006,0.0,-0.0,1.142,1.0,0.0,0.002,0.0,0.029,-0.004,0.005,-0.0,-0.005,0.0,-0.007,-0.005,1.031,1.0,-0.001,0.004,0.001,0.045,-0.026,0.019,-0.009,-0.003,0.006,0.0,0.0,1.0,1.0,0.0,0.0,0.0,43.24784694478881,0.10458724842926174,0.2838971213538346,99.99999297811594,110.00000007379082,0.5000001117810112,55.000228025368116,0.2305585805095161,0.0006,0.0007,0.003,0.0033
231,1762746484.6981874,-0.0013472570041906991,0.006114244315812334,0.22533512619937887,0.0003308095376949274,0.004673707270317345,0.020642740958973456,0.0013303335143031534,0.0003201372331733813,-0.006,-0.005,1.032,1.0,-0.001,0.004,0.001,0.019,-0.01,0.015,-0.006,-0.003,-0.001,0.002,-0.0,1.142,1.0,0.0,0.002,0.0,0.03,-0.004,-0.006,-0.011,-0.012,-0.0,-0.006,-0.005,1.032,1.0,-0.001,0.004,0.001,0.019,-0.01,0.015,-0.006,-0.003,-0.001,0.0,0.0,1.0,1.0,0.0,0.0,0.0,43.253599853555606,0.10458326947540922,0.2838217733744902,99.99999297509063,110.00000007378945,0.5000001118241214,55.00022556755091,0.2312829304222685,0.0004,0.0006,0.0029,0.0035
232,1762746484.7683082,-8.574259652388149e-05,0.002684263124344391,0.226534053282506,-0.00024223180281969346,0.0063075720383340885,-0.017149905957339714,0.005994635415635706,-0.002865206702573104,-0.003,-0.005,1.032,1.0,-0.001,0.004,0.001,0.059,-0.005,-0.002,-0.009,-0.012,-0.0,0.005,-0.001,1.141,1.0,-0.0,0.002,0.0,0.034,-0.004,-0.014,-0.01,0.006,-0.0,-0.003,-0.005,1.032,1.0,-0.001,0.004,0.001,0.059,-0.005,-0.002,-0.009,-0.012,-0.0,0.0,0.0,1.0,1.0,0.0,0.0,0.0,43.2550306448365,0.10458471580738052,0.2845399725014567,99.99999296593721,110.00000007378017,0.5000001119685805,55.00023621212301,0.23052549776760461,0.0011,0.0012,0.0051,0.0036
233,1762746484.834449,-0.0006631541840522989,0.004339965663249389,0.22705777887327167,-0.0006598334768736348,-0.0028870579376420857,0.008278512694524984,0.0026186279538281806,-0.002088008370269707,-0.001,-0.006,1.031,1.0,-0.001,0.003,0.001,0.046,-0.012,-0.009,-0.011,-0.009,0.0,0.007,-0.001,1.14,1.0,-0.0,0.002,0.0,0.035,-0.004,-0.016,-0.001,-0.002,0.0,-0.001,-0.006,1.031,1.0,-0.001,0.003,0.001,0.046,-0.012,-0.009,-0.011,-0.009,0.0,0.0,0.0,1.0,1.0,0.0,0.0,0.0,43.25429582236044,0.10458383810286423,0.28482370852528904,99.99999296277377,110.00000007377554,0.5000001120197278,55.00024219236041,0.23017983448662918,0.0005,0.0007,0.0038,0.0056
234,1762746484.8980124,-0.000839882224225188,0.006817978915994806,0.22807293705914747,-0.0002957822966193887,-0.0008836402008644457,0.012390066263727084,0.00507579092937898,0.0018202559012712304,0.002,-0.007,1.028,1.0,-0.001,0.003,0.001,0.032,-0.008,-0.019,-0.005,-0.004,0.001,0.01,-0.001,1.139,1.0,-0.0,0.002,0.0,0.041,-0.004,-0.017,-0.002,-0.0,0.001,0.002,-0.007,1.028,1.0,-0.001,0.003,0.001,0.032,-0.008,-0.019,-0.005,-0.004,0.001,0.0,0.0,1.0,1.0,0.0,0.0,0.0,43.250340229305614,0.10457231952873393,0.2849231824877719,99.9999929611317,110.00000007377663,0.5000001120444472,55.000240675092854,0.23020502328814832,0.0005,0.0006,0.0029,0.0033
235,1762746484.9660382,-0.0017011479320951854,0.004107307168817782,0.22601826517945584,-4.2327405093184626e-05,-0.004306328539349987,-0.013553358735885115,-0.010273359398458009,0.0012672744576310202,0.005,-0.008,1.029,1.0,-0.001,0.004,0.001,0.048,-0.011,0.005,-0.002,0.005,0.001,0.012,-0.002,1.138,1.0,-0.0,0.002,0.0,0.041,-0.003,-0.011,-0.001,0.014,0.0,0.005,-0.008,1.029,1.0,-0.001,0.004,0.001,0.048,-0.011,0.005,-0.002,0.005,0.001,0.0,0.0,1.0,1.0,0.0,0.0,0.0,43.25273344312868,0.10458096926076693,0.2851870298510078,99.99999295809933,110.0000000737737,0.5000001120980726,55.00024496130551,0.23021845121408943,0.001,0.0011,0.0034,0.0031
236,1762746485.0319383,-5.619296571496009e-05,0.004979506970257246,0.22828192835002617,9.91018783805757e-05,0.008224774831901125,0.004360999007197323,0.011318315852851667,0.0007071464173688017,0.007,-0.008,1.027,1.0,-0.002,0.004,0.001,0.039,-0.003,-0.019,-0.002,0.005,-0.001,0.015,-0.002,1.137,1.0,-0.001,0.002,0.0,0.041,-0.002,-0.014,-0.004,0.002,0.0,0.007,-0.008,1.027,1.0,-0.002,0.004,0.001,0.039,-0.003,-0.019,-0.002,0.005,-0.001,0.0,0.0,1.0,1.0,0.0,0.0,0.0,43.248802672599744,0.10456490326836652,0.2851441829018413,99.99999295351135,110.00000007377419,0.500000112148863,55.000242926943315,0.23023859425901877,0.0005,0.0007,0.0032,0.0035
237,1762746485.1018906,-0.00029503349652312003,0.00877414537220469,0.22721886865492186,0.00019710977546424392,-0.0011942026540408008,0.01897319200973721,-0.005315298475521592,0.0004900394854183412,0.008,-0.009,1.027,1.0,-0.002,0.004,0.001,0.017,-0.009,-0.008,-0.005,0.006,-0.001,0.019,-0.002,1.137,1.0,-0.001,0.002,0.0,0.058,-0.002,-0.008,0.004,0.0,0.0,0.008,-0.009,1.027,1.0,-0.002,0.004,0.001,0.017,-0.009,-0.008,-0.005,0.006,-0.001,0.0,0.0,1.0,1.0,0.0,0.0,0.0,43.24705048046641,0.10455663992867939,0.2851129837160675,99.99999295011442,110.00000007377209,0.5000001121902325,55.00023081131612,0.23044421915108595,0.0008,0.0012,0.0051,0.0039
238,1762746485.166161,0.0021122410714938832,0.007592813766859751,0.22795615361939534,-0.00032913172145673797,0.012036372840085014,-0.0059066580267246906,0.003686424822367415,-0.002631207484604909,0.013,-0.009,1.026,1.0,-0.002,0.004,0.001,0.053,-0.004,-0.015,0.0,0.0,-0.0,0.022,-0.002,1.136,1.0,-0.0,0.003,0.0,0.048,-0.001,-0.005,0.005,0.016,0.0,0.013,-0.009,1.026,1.0,-0.002,0.004,0.001,0.053,-0.004,-0.015,0.0,0.0,-0.0,0.0,0.0,1.0,1.0,0.0,0.0,0.0,43.24337985929712,0.10453916801359721,0.28529294256209003,99.99999294356532,110.00000007376704,0.5000001122847646,55.000233273872624,0.23083079263944076,0.0005,0.0007,0.004,0.0035
239,1762746485.2320223,0.0025211286182906965,0.006621040374654231,0.22617462837921595,-0.00014283431479937477,0.002044437733984067,-0.004858866961027601,-0.008907626200896966,0.0009314870332868157,0.015,-0.007,1.027,1.0,-0.001,0.005,0.001,0.031,0.014,0.006,0.002,0.015,-0.002,0.026,-0.002,1.136,1.0,-0.0,0.003,0.0,0.052,-0.001,-0.0,0.012,0.013,0.0,0.015,-0.007,1.027,1.0,-0.001,0.005,0.001,0.031,0.014,0.006,0.002,0.015,-0.002,0.0,0.0,1.0,1.0,0.0,0.0,0.0,43.24528516914849,0.10454747789660479,0.2854187763378258,99.99999293194973,110.00000007376096,0.5000001124301977,55.00022399503329,0.23094819718291615,0.0005,0.0007,0.0035,0.0033
240,1762746485.2978683,0.0013695516067008446,0.008087630910040514,0.22876302637564552,-8.189337371124146e-06,-0.005757885057949257,0.0073329526769314105,0.012941989982147826,0.0006732248871412533,0.016,-0.007,1.027,1.0,-0.001,0.005,0.001,0.026,0.011,0.0,0.012,0.008,-0.002,0.029,-0.002,1.136,1.0,0.0,0.004,0.0,0.059,-0.001,-0.004,0.016,0.004,0.0,0.016,-0.007,1.027,1.0,-0.001,0.005,0.001,0.026,0.011,0.0,0.012,0.008,-0.002,0.0,0.0,1.0,1.0,0.0,0.0,0.0,43.24607258511253,0.10455056568482647,0.28556046479009617,99.99999292103585,110.00000007375297,0.5000001125665221,55.00021146249632,0.23104281337037696,0.0004,0.0007,0.0029,0.0032
241,1762746485.3645601,-0.0008295157917461156,0.004812302788611226,0.22692791646221966,0.00018755092358175999,-0.010995336992234801,-0.016376640607146435,-0.009175549567129324,0.0009787013047644205,0.021,-0.007,1.027,1.0,-0.001,0.005,0.001,0.055,-0.002,-0.005,0.012,0.005,0.002,0.034,-0.002,1.136,1.0,0.001,0.004,0.0,0.066,-0.002,0.007,0.004,0.003,0.0,0.021,-0.007,1.027,1.0,-0.001,0.005,0.001,0.055,-0.002,-0.005,0.012,0.005,0.002,0.006711409395973154,0.0,1.0,1.0,0.0,0.0,0.0,43.24347058853702,0.104542222351529,0.2855680658864669,99.99999292317543,110.00000007375559,0.5000001125408366,55.00021246666163,0.23097683263480906,0.0004,0.0006,0.0029,0.0031
242,1762746485.4321043,0.00045712753293167914,0.0036451630765551844,0.22753803134928044,0.0003434779877594633,0.006433216623388973,-0.005835698560280209,0.003050574435303859,0.0007796353208885166,0.026,-0.006,1.026,1.0,-0.0,0.005,0.001,0.06,0.015,-0.009,0.011,0.001,0.002,0.038,-0.002,1.137,1.0,0.001,0.004,0.0,0.074,-0.003,0.008,-0.011,-0.012,-0.0,0.026,-0.006,1.026,1.0,-0.0,0.005,0.001,0.06,0.015,-0.009,0.011,0.001,0.002,0.013422818791946308,0.0,1.0,1.0,0.0,0.0,0.0,43.240222470474535,0.10453535450924636,0.28610358435715033,99.99999291217092,110.00000007374503,0.5000001127024278,55.00021488811474,0.23092841888892165,0.001,0.0007,0.0031,0.0033
243,1762746485.4977684,-0.00045532868211277345,0.0008389019384246492,0.22569615397240075,0.00034659371041390584,-0.004562281075222262,-0.014031305690652675,-0.009209386884398336,1.5578613272212668e-05,0.03,-0.006,1.027,1.0,-0.0,0.005,0.001,0.081,-0.003,0.013,-0.004,-0.002,-0.002,0.043,-0.003,1.137,1.0,0.0,0.003,0.0,0.074,-0.004,0.011,-0.009,-0.018,-0.0,0.03,-0.006,1.027,1.0,-0.0,0.005,0.001,0.081,-0.003,0.013,-0.004,-0.002,-0.002,0.020134228187919462,0.0,1.0,1.0,0.0,0.0,0.0,43.24320471549618,0.10453864875489145,0.2863121096497698,99.99999291031742,110.00000007374446,0.5000001127438392,55.00022518987645,0.2309890926038164,0.0007,0.0006,0.0028,0.003
244,1762746485.5686371,-0.002241053983252548,0.0023452968837852158,0.22879687333091178,0.0005751482130177685,-0.008928626505698874,0.007531974726802832,0.015503596792555079,0.001142772513019313,0.036,-0.008,1.027,1.0,-0.001,0.004,0.001,0.08,-0.019,-0.0,-0.008,-0.018,0.007,0.048,-0.003,1.138,1.0,0.0,0.002,0.0,0.07,-0.004,0.003,-0.005,-0.025,0.0,0.036,-0.008,1.027,1.0,-0.001,0.004,0.001,0.08,-0.019,-0.0,-0.008,-0.018,0.007,0.026845637583892617,0.0,1.0,1.0,0.0,0.0,0.0,43.24333786561207,0.10453856435436247,0.28638872232852164,99.9999928907202,110.00000007373417,0.5000001129538134,55.0002314920823,0.23111968061733185,0.0005,0.0006,0.0033,0.0069
245,1762746485.6348672,-0.0004745891984675825,-0.0018183555366781917,0.22415703970583253,0.000541112053838261,0.008832323923924829,-0.020818262102317037,-0.023199168125396227,-0.00017018079589753822,0.043,-0.007,1.029,1.0,-0.001,0.004,0.001,0.111,-0.006,0.029,-0.011,-0.016,-0.001,0.053,-0.003,1.138,1.0,-0.0,0.001,0.0,0.078,-0.004,0.014,-0.01,-0.016,-0.001,0.043,-0.007,1.029,1.0,-0.001,0.004,0.001,0.111,-0.006,0.029,-0.011,-0.016,-0.001,0.03355704697986577,0.0,1.0,1.0,0.0,0.0,0.0,43.249961985460764,0.10453545025184291,0.28642091837134553,99.99999289236852,110.0000000737314,0.5000001129343634,55.000252329255744,0.23093482869190535,0.0004,0.0006,0.0044,0.0055
246,1762746485.7011735,-0.0036901542759103217,-0.0007573432104624168,0.22486819937438954,0.0006207200870813581,-0.016077825387213692,0.005305061631078872,0.0035557983427849907,0.00039804016621548626,0.05,-0.01,1.028,1.0,-0.001,0.003,0.001,0.102,-0.034,0.027,-0.019,-0.019,0.003,0.059,-0.003,1.139,1.0,-0.0,0.001,0.0,0.074,-0.003,0.0,-0.001,-0.024,-0.001,0.05,-0.01,1.028,1.0,-0.001,0.003,0.001,0.102,-0.034,0.027,-0.019,-0.019,0.003,0.040268456375838924,0.0,1.0,1.0,0.0,0.0,0.0,43.25794366968408,0.1045211088852751,0.28649694823519184,99.99999287228665,110.00000007372127,0.5000001131654523,55.00026433052753,0.23094604379785763,0.001,0.0011,0.0049,0.0035
247,1762746485.7645698,-0.0008739615560151206,-0.0013914071156181115,0.22723869233522742,0.0006300951719266721,0.014080963599476002,-0.0031703195257784733,0.011852464804189429,4.6875424226570364e-05,0.057,-0.009,1.028,1.0,-0.001,0.002,0.001,0.12,0.003,-0.006,0.002,-0.03,0.001,0.064,-0.004,1.138,1.0,-0.001,-0.0,0.0,0.087,-0.003,-0.012,-0.014,-0.018,-0.001,0.057,-0.009,1.028,1.0,-0.001,0.002,0.001,0.12,0.003,-0.006,0.002,-0.03,0.001,0.04697986577181208,0.0,1.0,1.0,0.0,0.0,0.0,43.25704056778428,0.10452203619967289,0.28677350028555837,99.99999285257252,110.00000007371045,0.5000001134102922,55.000285095206074,0.23091789429271942,0.0007,0.0006,0.0029,0.0031
248,1762746485.8358564,-0.001807916074502522,0.0010501248709075606,0.22846403596839066,-3.1539991565552455e-05,-0.004669772592437004,0.012207659932628361,0.006126718165816138,-0.003308175817461122,0.063,-0.011,1.028,1.0,-0.002,0.001,0.001,0.1,-0.017,0.0,-0.006,-0.019,-0.0,0.07,-0.004,1.138,1.0,-0.001,-0.0,0.0,0.076,-0.002,-0.011,-0.002,-0.007,-0.001,0.063,-0.011,1.028,1.0,-0.002,0.001,0.001,0.1,-0.017,0.0,-0.006,-0.019,-0.0,0.053691275167785234,0.0,1.0,1.0,0.0,0.0,0.0,43.25731113544419,0.10452147054737237,0.2869720064767903,99.99999284346028,110.00000007370569,0.5000001135290391,55.00029329447176,0.23085529455866124,0.0004,0.0006,0.0039,0.0069
249,1762746485.89789,-0.001450536778646921,0.00185556692655226,0.2266385384958913,0.00016103502243297157,0.001786896479278005,0.004027210278223496,-0.00912748736249696,0.00096287506999262,0.068,-0.012,1.028,1.0,-0.002,0.001,0.001,0.099,-0.011,-0.003,-0.004,-0.017,0.001,0.075,-0.004,1.137,1.0,-0.001,-0.0,0.0,0.079,-0.001,-0.003,-0.001,0.007,-0.0,0.068,-0.012,1.028,1.0,-0.002,0.001,0.001,0.099,-0.011,-0.003,-0.004,-0.017,0.001,0.060402684563758385,0.0,1.0,1.0,0.0,0.0,0.0,43.2551901049249,0.10452355717539265,0.28756636133272123,99.99999282585671,110.00000007369884,0.5000001137776106,55.0003021515053,0.23092154726396613,0.0006,0.0006,0.0029,0.0031
250,1762746485.9652712,-0.0015216129016720628,0.006001792705105645,0.2262424236492512,0.00029987524938999906,-0.0003553806151257097,0.020731128892766924,-0.0019805742332002804,0.0006942011347851375,0.074,-0.012,1.027,1.0,-0.002,0.001,0.001,0.06,-0.011,0.006,-0.002,0.002,0.001,0.081,-0.004,1.137,1.0,-0.001,-0.0,0.0,0.077,0.001,-0.005,0.004,0.014,-0.0,0.074,-0.012,1.027,1.0,-0.002,0.001,0.001,0.06,-0.011,0.006,-0.002,0.002,0.001,0.06711409395973154,0.0,1.0,1.0,0.0,0.0,0.0,43.25624774416447,0.10452104426759844,0.28779773756566157,99.9999928155138,110.00000007369253,0.5000001139088383,55.00029109191852,0.23068003419159472,0.0007,0.0008,0.003,0.0034
251,1762746486.0366974,-0.0014465417094262003,0.006689388610280607,0.2265076832317633,-0.0002728650401696595,0.0003753559612293131,0.003437979525874815,0.0013262979125602693,-0.0028637014477982926,0.079,-0.011,1.027,1.0,-0.002,0.001,0.001,0.061,0.0,0.003,0.0,0.008,0.0,0.086,-0.004,1.136,1.0,-0.001,0.001,0.0,0.087,0.002,-0.01,0.001,0.032,-0.0,0.079,-0.011,1.027,1.0,-0.002,0.001,0.001,0.061,0.0,0.003,0.0,0.008,0.0,0.0738255033557047,0.0,1.0,1.0,0.0,0.0,0.0,43.25689119051861,0.10451820118274155,0.28842943675020427,99.99999279952728,110.00000007368067,0.5000001141441431,55.000282106280586,0.2310690346883474,0.001,0.0006,0.0037,0.0072
252,1762746486.0980487,0.003864339969893919,0.006233569268579398,0.22812475983381317,-0.00020673088891753964,0.026554408396600594,-0.002279096708506046,0.008085383010249456,0.000330670756260599,0.083,-0.01,1.025,1.0,-0.002,0.002,0.001,0.06,0.028,-0.016,0.003,0.012,-0.007,0.092,-0.004,1.136,1.0,-0.001,0.002,0.0,0.085,0.003,-0.013,0.003,0.032,-0.0,0.083,-0.01,1.025,1.0,-0.002,0.002,0.001,0.06,0.028,-0.016,0.003,0.012,-0.007,0.08053691275167785,0.0,1.0,1.0,0.0,0.0,0.0,43.25215184874812,0.10452585232819699,0.28881469970429996,99.99999280708562,110.00000007367863,0.5000001140891238,55.000273138989655,0.23145290094285556,0.0006,0.0006,0.003,0.0032
253,1762746486.1702845,0.0027083100550969177,0.0045956168367227565,0.22689086242040793,-8.288499281223203e-05,-0.005780149573985004,-0.008189762159283201,-0.006169487067025955,0.0006192294805265379,0.086,-0.01,1.026,1.0,-0.002,0.003,0.001,0.058,0.008,-0.003,0.001,0.028,-0.003,0.097,-0.003,1.135,1.0,-0.0,0.003,0.0,0.085,0.003,-0.007,0.024,0.016,0.0,0.086,-0.01,1.026,1.0,-0.002,0.003,0.001,0.058,0.008,-0.003,0.001,0.028,-0.003,0.087248322147651,0.0,1.0,1.0,0.0,0.0,0.0,43.250570094289074,0.1045278129934492,0.28939240991677045,99.99999280036009,110.00000007367522,0.50000011420292,55.00026410973845,0.23139149952975016,0.0007,0.0007,0.005,0.0066
254,1762746486.2380526,0.0014942209281140076,0.005384050304197302,0.22793125170082865,0.0001412518383319251,-0.006070445634914552,0.00394216733737273,0.005201946402103566,0.0011206841557207855,0.092,-0.008,1.024,1.0,-0.001,0.004,0.001,0.049,0.014,-0.012,0.015,0.021,0.002,0.103,-0.003,1.135,1.0,0.001,0.003,0.0,0.092,0.003,-0.006,0.022,0.001,0.0,0.092,-0.008,1.024,1.0,-0.001,0.004,0.001,0.049,0.014,-0.012,0.015,0.021,0.002,0.09395973154362416,0.0,1.0,1.0,0.0,0.0,0.0,43.2466458103173,0.10453468858055662,0.290084156127888,99.99999278923232,110.00000007366611,0.5000001143718333,55.00025517993333,0.23073538515551775,0.0007,0.0009,0.0054,0.0071
255,1762746486.2983077,0.003074107524281828,0.005735386225749026,0.22752274102087383,7.817618345308302e-05,0.0078994329808391,0.0017566796077586174,-0.0020425533997738736,-0.0003153782743942103,0.096,-0.007,1.024,1.0,-0.0,0.004,0.001,0.059,0.033,-0.008,0.017,0.006,-0.007,0.109,-0.003,1.134,1.0,0.001,0.003,0.0,0.092,0.002,0.0,0.005,-0.004,-0.0,0.096,-0.007,1.024,1.0,-0.0,0.004,0.001,0.059,0.033,-0.008,0.017,0.006,-0.007,0.10067114093959731,0.0,1.0,1.0,0.0,0.0,0.0,43.24340514364177,0.10454043239704389,0.29055582903576815,99.99999278929361,110.00000007366512,0.5000001143966194,55.00025051904697,0.2303196662443153,0.0005,0.0006,0.003,0.0032
256,1762746486.3682475,0.0029405413026792554,0.006793764839089613,0.2214982037554863,7.459108613613684e-05,-0.0006678311080128634,0.0052918930667029355,-0.03012268632693777,-1.7925486584730884e-05,0.098,-0.006,1.027,1.0,-0.0,0.004,0.001,0.052,0.025,0.069,0.012,0.012,-0.005,0.116,-0.003,1.134,1.0,0.001,0.003,0.0,0.086,0.001,0.003,0.005,-0.0,-0.0,0.098,-0.006,1.027,1.0,-0.0,0.004,0.001,0.052,0.025,0.069,0.012,0.012,-0.005,0.10738255033557047,0.0,1.0,1.0,0.0,0.0,0.0,43.26240556605438,0.10449789271667635,0.2912849551109963,99.99999278239792,110.00000007365897,0.5000001145267566,55.0002439012102,0.23013085219959573,0.0011,0.0012,0.005,0.0036
257,1762746486.4380615,0.002088078697652827,0.0028243675237858284,0.22460986979767825,-4.9850307149212686e-05,-0.004262313025132143,-0.019846986576518923,0.015558330210959979,-0.0006222069664267477,0.108,-0.005,1.029,1.0,0.0,0.004,0.0,0.083,0.016,0.032,0.007,0.007,-0.004,0.122,-0.003,1.134,1.0,0.001,0.003,0.0,0.1,-0.001,-0.024,0.004,0.006,0.0,0.108,-0.005,1.029,1.0,0.0,0.004,0.0,0.083,0.016,0.032,0.007,0.007,-0.004,0.11409395973154363,0.0,1.0,1.0,0.0,0.0,0.0,43.27376791622535,0.10447022822437262,0.2914006738249517,99.99999278729103,110.00000007366104,0.5000001144824996,55.00024502608321,0.23014305184573502,0.001,0.0011,0.005,0.0069
258,1762746486.5045598,0.002114815438965606,-0.0013333953101296765,0.22607576292980627,-0.00016477415995852051,0.00013368370656389366,-0.02078881416957752,0.007329465660640027,-0.0005746192640465393,0.111,-0.005,1.029,1.0,0.0,0.004,0.0,0.108,0.016,0.007,0.004,0.004,-0.005,0.129,-0.003,1.132,1.0,0.001,0.003,0.0,0.104,-0.002,-0.039,-0.002,-0.011,-0.0,0.111,-0.005,1.029,1.0,0.0,0.004,0.0,0.108,0.016,0.007,0.004,0.004,-0.005,0.12080536912751677,0.0,1.0,1.0,0.0,0.0,0.0,43.27796344996645,0.10446671937441553,0.2917656099498116,99.99999278563295,110.00000007365638,0.5000001145317464,55.00025456987212,0.23030392467769203,0.001,0.0011,0.0049,0.0069
259,1762746486.5648828,0.00012357751881756675,-0.00413385504598981,0.22794752488901154,8.617172621786201e-05,-0.009956189600740198,-0.014002298679300668,0.009358809796026452,0.0012547294308819126,0.121,-0.005,1.026,1.0,0.0,0.004,0.001,0.121,0.002,-0.016,0.004,-0.002,0.002,0.136,-0.003,1.129,1.0,0.001,0.002,0.0,0.11,-0.004,-0.047,-0.004,-0.033,-0.0,0.121,-0.005,1.026,1.0,0.0,0.004,0.001,0.121,0.002,-0.016,0.004,-0.002,0.002,0.12751677852348994,0.0,1.0,1.0,0.0,0.0,0.0,43.27526333971322,0.10446254405627307,0.2925544736919599,99.99999276733462,110.00000007364339,0.5000001148160047,55.000265599682955,0.23121889839319953,0.0008,0.0007,0.0029,0.003
260,1762746486.638664,0.0036593872123765045,-0.001862296240782534,0.22852523992639048,-0.0002621223392674811,0.017679048467794688,0.011357794026036379,0.0028885751868947965,-0.0017414703274267155,0.128,-0.004,1.024,1.0,0.0,0.004,0.0,0.109,0.027,-0.023,-0.001,-0.017,-0.012,0.144,-0.004,1.126,1.0,0.001,0.001,0.0,0.103,-0.005,-0.038,-0.011,-0.041,-0.0,0.128,-0.004,1.024,1.0,0.0,0.004,0.0,0.109,0.027,-0.023,-0.001,-0.017,-0.012,0.1342281879194631,0.0,1.0,1.0,0.0,0.0,0.0,43.26955681815733,0.10444668595099335,0.29319420491663706,99.99999275105436,110.00000007363226,0.5000001150779362,55.00026752045873,0.23286898316033863,0.0011,0.0012,0.0052,0.0072
261,1762746486.698581,-0.0005346724205526421,-0.004024244209247279,0.2293080649150939,-0.0003247508590618935,-0.02097029816464573,-0.010809739842323725,0.003914124943517012,-0.00031314259897206225,0.14,-0.006,1.02,1.0,0.0,0.002,0.0,0.144,-0.011,-0.029,-0.006,-0.03,-0.005,0.151,-0.004,1.123,1.0,0.001,-0.001,0.0,0.096,-0.006,-0.028,0.005,-0.021,-0.0,0.14,-0.006,1.02,1.0,0.0,0.002,0.0,0.144,-0.011,-0.029,-0.006,-0.03,-0.005,0.14093959731543623,0.0,1.0,1.0,0.0,0.0,0.0,43.26116591356293,0.10442199592287396,0.29345621596725896,99.9999927479244,110.00000007362988,0.5000001151165842,55.00028352731129,0.23229862968365958,0.0009,0.0006,0.003,0.0033
262,1762746486.7668414,0.0013965213616394154,5.990804611471015e-05,0.2295482188553268,-0.00031457914565443263,0.009655968910960287,0.020420761276809946,0.001200769701164354,5.0858567037304406e-05,0.146,-0.005,1.019,1.0,0.0,0.001,0.0,0.116,0.015,-0.031,0.002,-0.029,-0.003,0.158,-0.004,1.122,1.0,0.001,-0.001,0.0,0.11,-0.008,-0.018,-0.01,-0.018,0.0,0.146,-0.005,1.019,1.0,0.0,0.001,0.0,0.116,0.015,-0.031,0.002,-0.029,-0.003,0.1476510067114094,0.0,1.0,1.0,0.0,0.0,0.0,43.25105314177349,0.10439238894526501,0.29364264783420413,99.99999273690572,110.00000007362264,0.500000115251412,55.00028850728583,0.23244321946480725,0.0007,0.0009,0.0045,0.0034
263,1762746486.833346,-0.004146780441357566,-0.0007490765503229547,0.23079333849893421,-0.00010028580947808071,-0.027716509014984902,-0.004044922982188327,0.006225598218037106,0.0010714666808817595,0.156,-0.007,1.016,1.0,-0.0,0.0,0.0,0.133,-0.032,-0.043,-0.009,-0.029,0.005,0.165,-0.005,1.121,1.0,0.0,-0.001,0.0,0.101,-0.008,-0.002,-0.005,0.007,0.0,0.156,-0.007,1.016,1.0,-0.0,0.0,0.0,0.133,-0.032,-0.043,-0.009,-0.029,0.005,0.15436241610738255,0.0,1.0,1.0,0.0,0.0,0.0,43.2364005246604,0.10436331117266193,0.2950958548159783,99.99999274065877,110.00000007361889,0.5000001153163025,55.000306013173834,0.23167069833507456,0.0005,0.0007,0.0029,0.0053
264,1762746486.9001608,-0.0032657410518432306,0.0002727601632080425,0.2290106773300731,-0.0007251271083006567,0.0044051969475716775,0.005109183567654986,-0.008913305844305558,-0.0031242064941128804,0.165,-0.007,1.015,1.0,-0.0,0.0,0.0,0.109,-0.015,-0.02,-0.008,-0.008,0.0,0.172,-0.006,1.122,1.0,-0.0,-0.001,0.0,0.105,-0.009,0.02,-0.023,0.01,0.0,0.165,-0.007,1.015,1.0,-0.0,0.0,0.0,0.109,-0.015,-0.02,-0.008,-0.008,0.0,0.1610738255033557,0.0,1.0,1.0,0.0,0.0,0.0,43.22679728240158,0.1043596769155253,0.29570870247922587,99.99999273260994,110.00000007361292,0.5000001154580757,55.000309486258615,0.23196058275064751,0.0011,0.0011,0.0036,0.0038
265,1762746486.9657342,-0.004040453305517332,0.0010164223003987006,0.2273572491408542,-0.0011844141190045638,-0.003873561268370511,0.00371831068595329,-0.008267140946094419,-0.002296435053519535,0.172,-0.009,1.016,1.0,-0.001,0.0,0.0,0.098,-0.029,0.003,-0.014,0.004,-0.0,0.179,-0.006,1.124,1.0,-0.001,-0.001,0.0,0.097,-0.008,0.032,-0.018,0.011,0.001,0.172,-0.009,1.016,1.0,-0.001,0.0,0.0,0.098,-0.029,0.003,-0.014,0.004,-0.0,0.16778523489932887,0.0,1.0,1.0,0.0,0.0,0.0,43.223709916342315,0.10436558283262834,0.29603402554199454,99.99999272780973,110.00000007361096,0.5000001155395238,55.00031079362677,0.23195734826621148,0.0006,0.0007,0.0036,0.0034
266,1762746487.0313954,-0.0049027054714454845,-0.0016861663689569282,0.22489304297547263,-0.0007873616554854799,-0.004311260829640761,-0.013512943346778144,-0.012321030826907692,0.00198526231759542,0.178,-0.011,1.018,1.0,-0.001,0.001,0.0,0.111,-0.034,0.036,-0.017,0.009,0.003,0.186,-0.007,1.126,1.0,-0.001,-0.0,0.0,0.105,-0.007,0.039,-0.016,0.013,0.001,0.178,-0.011,1.018,1.0,-0.001,0.001,0.0,0.111,-0.034,0.036,-0.017,0.009,0.003,0.174496644295302,0.0,1.0,1.0,0.0,0.0,0.0,43.23060449834175,0.10432983763952182,0.29638219601412824,99.99999274278674,110.00000007362046,0.5000001153449746,55.00031593161207,0.2321594267629137,0.0004,0.0006,0.003,0.0033
267,1762746487.1000197,-0.003590083208281344,0.0004890993593921473,0.22576478053833904,-0.0007296727220463504,0.0065631113158207,0.010876328641745377,0.0043586878143321624,0.000288444667195648,0.185,-0.01,1.02,1.0,-0.002,0.001,0.0,0.091,0.0,0.025,-0.01,0.008,-0.006,0.193,-0.007,1.128,1.0,-0.002,-0.0,0.0,0.097,-0.005,0.027,-0.013,-0.004,0.001,0.185,-0.01,1.02,1.0,-0.002,0.001,0.0,0.091,0.0,0.025,-0.01,0.008,-0.006,0.18120805369127516,0.0,1.0,1.0,0.0,0.0,0.0,43.23566816116711,0.10429343955986509,0.29622627850965944,99.99999266884379,110.00000007357033,0.5000001163586142,55.000310839477585,0.23197063076651867,0.0004,0.001,0.0049,0.0031
268,1762746487.1677525,-0.0032745892767121823,0.002496909798841857,0.2246263012148385,-0.0004216435024489614,0.0015774696578458097,0.010039052197248547,-0.005692396617502737,0.0015401460979869448,0.191,-0.013,1.023,1.0,-0.002,0.001,0.0,0.085,-0.028,0.035,-0.018,0.003,0.004,0.2,-0.007,1.13,1.0,-0.002,-0.0,0.0,0.109,-0.003,0.024,-0.005,-0.0,0.001,0.191,-0.013,1.023,1.0,-0.002,0.001,0.0,0.085,-0.028,0.035,-0.018,0.003,0.004,0.18791946308724833,0.0,1.0,1.0,0.0,0.0,0.0,43.244036489427735,0.1042270529739839,0.2966587644054838,99.99999270168422,110.00000007359137,0.5000001159431141,55.00031309579532,0.23170699031096406,0.001,0.0012,0.005,0.0033
269,1762746487.2312481,-0.0031835332458085668,0.00423969208088041,0.22627899911743746,-1.7294810585617346e-05,0.00045528015451807647,0.008713911410192763,0.008263489512994705,0.0020217434593167204,0.195,-0.015,1.023,1.0,-0.003,0.001,0.001,0.083,-0.026,0.014,-0.009,-0.004,0.005,0.207,-0.007,1.131,1.0,-0.002,0.0,0.0,0.093,0.0,0.009,0.004,0.009,0.0,0.195,-0.015,1.023,1.0,-0.003,0.001,0.001,0.083,-0.026,0.014,-0.009,-0.004,0.005,0.19463087248322147,0.0,1.0,1.0,0.0,0.0,0.0,43.24737132946173,0.10419762021506793,0.29700674775081554,99.9999927396993,110.00000007361626,0.5000001154683325,55.000313709244885,0.23203347048477455,0.0005,0.0006,0.0029,0.0033
270,1762746487.2979891,-0.004810058303939638,0.00048091981578700545,0.22508795460681827,0.0004368408359390237,-0.008132625290655353,-0.01879386132546702,-0.005955222553095981,0.002270678232623205,0.204,-0.017,1.025,1.0,-0.003,0.001,0.001,0.104,-0.032,0.025,-0.003,0.008,0.012,0.214,-0.007,1.132,1.0,-0.002,0.001,0.0,0.112,0.003,0.007,0.008,0.022,0.0,0.204,-0.017,1.025,1.0,-0.003,0.001,0.001,0.104,-0.032,0.025,-0.003,0.008,0.012,0.20134228187919462,0.0,1.0,1.0,0.0,0.0,0.0,43.253866954271516,0.10414567606396559,0.2971605623383739,99.99999282883121,110.00000007367238,0.5000001143181448,55.00031504390363,0.23279484906548223,0.0005,0.0006,0.0028,0.0031
271,1762746487.3713658,-0.0015472549185179766,0.0023390253202291954,0.22612735677312853,-0.00019114623572741838,0.016314016927108307,0.009290527522210948,0.00519701083155129,-0.0031399353583322098,0.209,-0.016,1.026,1.0,-0.002,0.002,0.001,0.075,0.001,0.011,0.004,0.015,0.0,0.221,-0.007,1.132,1.0,-0.002,0.001,0.0,0.101,0.005,-0.003,-0.002,-0.001,0.0,0.209,-0.016,1.026,1.0,-0.002,0.002,0.001,0.075,0.001,0.011,0.004,0.015,0.0,0.2080536912751678,0.0,1.0,1.0,0.0,0.0,0.0,43.25725597843136,0.10412146156435029,0.2975626394903627,99.99999282553472,110.000000073675,0.5000001143725393,55.00031338200971,0.2321030095220459,0.001,0.0011,0.0051,0.0069
272,1762746487.436515,0.0030215974307377935,-0.0005637576216916095,0.22575362648116548,-0.00014240411237961256,0.02284426174627885,-0.01451391470960402,-0.0018686514598151554,0.00024371061673902862,0.215,-0.014,1.026,1.0,-0.002,0.002,0.001,0.101,0.024,0.014,0.002,0.013,-0.006,0.227,-0.007,1.131,1.0,-0.002,0.001,0.0,0.101,0.007,-0.009,0.006,0.0,0.0,0.215,-0.014,1.026,1.0,-0.002,0.002,0.001,0.101,0.024,0.014,0.002,0.013,-0.006,0.21476510067114093,0.0,1.0,1.0,0.0,0.0,0.0,43.26155442882934,0.10409558908329503,0.29783939169558993,99.99999279337894,110.0000000736542,0.5000001147979978,55.00031731615884,0.23166947558975443,0.0011,0.0012,0.0055,0.0047
273,1762746487.50014,0.0021790491635980225,-0.00025777011562674217,0.22660894239398294,1.6955103839815086e-05,-0.004212741335698855,0.001529937530324335,0.0042765795640872725,0.0007967960810971383,0.22,-0.014,1.026,1.0,-0.002,0.002,0.001,0.099,0.009,0.003,0.002,0.005,-0.001,0.235,-0.006,1.131,1.0,-0.001,0.001,0.0,0.111,0.01,-0.015,0.031,-0.013,0.0,0.22,-0.014,1.026,1.0,-0.002,0.002,0.001,0.099,0.009,0.003,0.002,0.005,-0.001,0.22147651006711408,0.0,1.0,1.0,0.0,0.0,0.0,43.26310977592365,0.10408618142870951,0.29858482006471265,99.99999277112681,110.00000007363764,0.5000001151272702,55.000318369244496,0.23261947745417477,0.0009,0.0013,0.0036,0.0037
274,1762746487.5713925,0.0022270617837962746,1.3752551809383248e-05,0.22801657075972623,0.00024281672689166586,0.00024006310099126222,0.0013576133371806269,0.007038141828716425,0.0011293081152592538,0.23,-0.012,1.024,1.0,-0.002,0.002,0.001,0.103,0.018,-0.014,0.015,-0.006,0.003,0.242,-0.005,1.13,1.0,-0.0,0.0,0.0,0.102,0.01,-0.016,0.026,-0.009,0.0,0.23,-0.012,1.024,1.0,-0.002,0.002,0.001,0.103,0.018,-0.014,0.015,-0.006,0.003,0.22818791946308725,0.0,1.0,1.0,0.0,0.0,0.0,43.25956303592531,0.10409776435362464,0.2987773909837774,99.99999277538099,110.00000007363897,0.5000001150835279,55.000319906592296,0.2328789118605552,0.001,0.0012,0.0053,0.0065
275,1762746487.638275,0.0029703464528189685,-0.002629446517251211,0.22812730667444323,-0.00033865618469907125,0.0037164233451134707,-0.013215995345302971,0.0005536795735849465,-0.002907364557953686,0.237,-0.009,1.023,1.0,-0.001,0.002,0.001,0.122,0.032,-0.016,0.024,-0.006,-0.0,0.249,-0.005,1.129,1.0,0.001,0.0,0.0,0.104,0.01,-0.011,0.017,-0.004,0.0,0.237,-0.009,1.023,1.0,-0.001,0.002,0.001,0.122,0.032,-0.016,0.024,-0.006,-0.0,0.2348993288590604,0.0,1.0,1.0,0.0,0.0,0.0,43.254704681839,0.1041094698958642,0.2990418740087432,99.99999277417537,110.00000007364092,0.5000001151076672,55.00032594595588,0.23244243859072206,0.001,0.0012,0.005,0.007
276,1762746487.7042956,0.0041986279365226085,-0.0028565622621561622,0.22926738311601022,-0.00025743796963587177,0.006141407418518202,-0.0011355787245247557,0.005700382207835011,0.0004060910753159977,0.245,-0.007,1.022,1.0,-0.0,0.002,0.001,0.121,0.039,-0.029,0.018,-0.011,-0.006,0.256,-0.004,1.128,1.0,0.001,-0.0,0.0,0.103,0.009,-0.005,0.011,-0.014,-0.0,0.245,-0.007,1.022,1.0,-0.0,0.002,0.001,0.121,0.039,-0.029,0.018,-0.011,-0.006,0.24161073825503354,0.0,1.0,1.0,0.0,0.0,0.0,43.245639511235375,0.10412600745172222,0.2994329326370567,99.99999275094069,110.00000007362343,0.5000001154135912,55.00033239256277,0.23223785790395465,0.0005,0.0006,0.0053,0.007
277,1762746487.765163,0.002853982540353437,-0.001997015565421651,0.22842651714686985,-0.0007068407795979715,-0.0067232269808458565,0.004297733483672557,-0.0042043298457018746,-0.0022470140498104985,0.254,-0.005,1.021,1.0,0.0,0.001,0.001,0.121,0.024,-0.018,0.015,-0.015,0.0,0.263,-0.004,1.128,1.0,0.001,-0.001,0.0,0.11,0.008,0.009,0.011,-0.015,-0.0,0.254,-0.005,1.021,1.0,0.0,0.001,0.001,0.121,0.024,-0.018,0.015,-0.015,0.0,0.2483221476510067,0.0,1.0,1.0,0.0,0.0,0.0,43.238703458901895,0.1041383362856981,0.29961736244479337,99.99999274730615,110.00000007362215,0.5000001154669999,55.000335755652884,0.23221157335569176,0.0006,0.0007,0.0031,0.0035
278,1762746487.8312376,0.0010379365784534233,-0.002698042857088983,0.22644004474755738,-0.0002779570398101648,-0.009080229809500068,-0.0035051364583366627,-0.009932361996562366,0.0021444186989390338,0.261,-0.004,1.022,1.0,0.001,0.001,0.001,0.124,0.017,0.008,0.013,-0.01,0.003,0.27,-0.003,1.129,1.0,0.002,-0.001,0.0,0.095,0.005,0.017,0.003,-0.004,0.001,0.261,-0.004,1.022,1.0,0.001,0.001,0.001,0.124,0.017,0.008,0.013,-0.01,0.003,0.2550335570469799,0.0,1.0,1.0,0.0,0.0,0.0,43.239070382944234,0.10413725266200038,0.29994708680586973,99.99999275698207,110.00000007363109,0.5000001153664244,55.00033968512153,0.23218348344287587,0.0005,0.0007,0.003,0.0031
279,1762746487.8987825,0.002057346233284002,0.0010581793776890795,0.22641545271091643,-0.00028826711399279305,0.005097048274152894,0.01878111117389031,-0.00012296018320499423,-5.1550370913140946e-05,0.268,-0.003,1.023,1.0,0.001,0.0,0.0,0.102,0.022,0.01,0.005,-0.011,-0.003,0.277,-0.003,1.13,1.0,0.002,-0.001,0.0,0.097,0.003,0.016,-0.009,-0.004,0.0,0.268,-0.003,1.023,1.0,0.001,0.0,0.0,0.102,0.022,0.01,0.005,-0.011,-0.003,0.26174496644295303,0.0,1.0,1.0,0.0,0.0,0.0,43.24072092836531,0.10413142522538121,0.3,99.99999273002598,110.00000007361167,0.500000115722896,55.00034413244363,0.23228689070474473,0.0011,0.0007,0.0032,0.0031
280,1762746487.9722946,-0.0005124479662621901,0.00088095178553627,0.22524058522548587,-7.086633188084165e-06,-0.012848970997730962,-0.0008861379607640486,-0.0058743374271527345,0.0014059024040235443,0.276,-0.003,1.025,1.0,0.001,0.0,0.001,0.104,-0.003,0.023,-0.003,-0.002,0.002,0.284,-0.003,1.131,1.0,0.001,-0.001,0.0,0.101,0.001,0.015,-0.008,0.015,0.0,0.276,-0.003,1.025,1.0,0.001,0.0,0.001,0.104,-0.003,0.023,-0.003,-0.002,0.002,0.2684563758389262,0.0,1.0,1.0,0.0,0.0,0.0,43.2464614823294,0.1041109534394823,0.3,99.99999273572143,110.00000007361322,0.5000001156727157,55.000344359459994,0.23224788877731944,0.0011,0.0012,0.0054,0.0073
281,1762746488.0316024,0.0009476527804681237,0.0016044248830557755,0.22578535082372,-0.00011090555624005492,0.007300503733651568,0.003617365487597528,0.0027238279911706983,-0.0005190946152598538,0.28,-0.003,1.025,1.0,0.0,0.001,0.0,0.089,0.004,0.017,-0.008,0.008,-0.004,0.291,-0.003,1.132,1.0,0.001,-0.0,0.0,0.091,0.0,0.004,-0.015,0.016,0.0,0.28,-0.003,1.025,1.0,0.0,0.001,0.0,0.089,0.004,0.017,-0.008,0.008,-0.004,0.2751677852348993,0.0,1.0,1.0,0.0,0.0,0.0,43.25128298379296,0.10409354703939012,0.3,99.99999271450129,110.00000007360167,0.5000001159373204,55.0003450739146,0.2323806372349388,0.0006,0.0006,0.003,0.0033
282,1762746488.1031115,-0.004391205900341144,0.0026119796101699523,0.22492863087044843,0.00019082308151246495,-0.026694293404046335,0.005037773635570885,-0.004283599766358096,0.0015086431887625991,0.286,-0.006,1.027,1.0,-0.0,0.001,0.001,0.075,-0.036,0.025,-0.013,0.022,0.005,0.297,-0.003,1.132,1.0,0.0,0.0,0.0,0.088,-0.001,-0.001,-0.007,0.015,0.0,0.286,-0.006,1.027,1.0,-0.0,0.001,0.001,0.075,-0.036,0.025,-0.013,0.022,0.005,0.28187919463087246,0.0,1.0,1.0,0.0,0.0,0.0,43.25877296734977,0.10407274575639672,0.2999187474192365,99.99999274160557,110.00000007361692,0.5000001156026981,55.00034375831771,0.2313700225518124,0.0011,0.0012,0.0051,0.0051
283,1762746488.1716936,-0.002605666172336943,0.0032447788739927716,0.22595583904643998,0.00037600668636596874,0.008927698640021004,0.0031639963191140968,0.005136040879957971,0.0009259180242675188,0.29,-0.006,1.027,1.0,-0.001,0.002,0.001,0.072,-0.016,0.012,-0.009,0.018,0.003,0.304,-0.003,1.132,1.0,-0.0,0.001,0.0,0.096,-0.001,-0.01,-0.021,0.015,-0.0,0.29,-0.006,1.027,1.0,-0.001,0.002,0.001,0.072,-0.016,0.012,-0.009,0.018,0.003,0.2885906040268456,0.0,1.0,1.0,0.0,0.0,0.0,43.263285826800036,0.10406296431075264,0.3,99.99999274444015,110.00000007361761,0.5000001155812275,55.00034308612558,0.23164679772952196,0.001,0.0012,0.0051,0.0071
284,1762746488.237727,-0.0018505929035174222,0.005011323788072959,0.2265815710519081,0.00045199650581408156,0.0037753663440976038,0.008832724570400938,0.0031286600273404187,0.00037994909724056394,0.296,-0.008,1.027,1.0,-0.001,0.002,0.001,0.062,-0.019,0.002,-0.018,0.017,0.001,0.311,-0.003,1.131,1.0,-0.001,0.001,0.0,0.113,-0.0,-0.019,-0.02,0.011,-0.0,0.296,-0.008,1.027,1.0,-0.001,0.002,0.001,0.062,-0.019,0.002,-0.018,0.017,0.001,0.2953020134228188,0.0,1.0,1.0,0.0,0.0,0.0,43.26496156136471,0.10406212577621976,0.3,99.99999274449391,110.00000007361776,0.500000115583286,55.00034385395775,0.2313025084622556,0.0007,0.0009,0.005,0.0071
285,1762746488.2986412,0.0010244364970425916,0.0034592140590320366,0.2273728713068573,0.0003743783017246713,0.014375147002800067,-0.007760548645204613,0.0039565012747458765,-0.0003880910204470514,0.3,-0.008,1.026,1.0,-0.002,0.003,0.001,0.075,-0.011,-0.008,-0.026,0.014,-0.004,0.318,-0.003,1.13,1.0,-0.001,0.002,0.0,0.108,0.001,-0.02,-0.006,0.014,-0.0,0.3,-0.008,1.026,1.0,-0.002,0.003,0.001,0.075,-0.011,-0.008,-0.026,0.014,-0.004,0.30201342281879195,0.0,1.0,1.0,0.0,0.0,0.0,43.263619262744676,0.10406192388270027,0.3,99.99999274887443,110.00000007361753,0.5000001155656074,55.0003456328609,0.230903465048402,0.0007,0.0007,0.0032,0.0033
286,1762746488.3647068,-0.00223229283177535,0.0014767626217961289,0.2282658993775542,0.0006173046675810607,-0.016283646644089707,-0.009912257186179538,0.004465140353484696,0.0012146318292819464,0.308,-0.011,1.025,1.0,-0.002,0.003,0.001,0.087,-0.027,-0.019,-0.011,0.011,0.008,0.325,-0.003,1.128,1.0,-0.001,0.002,0.0,0.102,0.003,-0.016,0.013,0.002,0.0,0.308,-0.011,1.025,1.0,-0.002,0.003,0.001,0.087,-0.027,-0.019,-0.011,0.011,0.008,0.3087248322147651,0.0,1.0,1.0,0.0,0.0,0.0,43.258691103867115,0.10405417511165169,0.3,99.99999271083225,110.00000007359351,0.500000116028977,55.00034848647184,0.23070961057817116,0.0004,0.0006,0.0029,0.0034
287,1762746488.4315124,0.0030010849995868167,-0.002204831250945577,0.2280091233981506,0.000464653478587547,0.02616688915681083,-0.018407969363708525,-0.0012838798970179106,-0.0007632559449675683,0.314,-0.009,1.024,1.0,-0.002,0.003,0.001,0.113,0.023,-0.016,0.003,0.005,-0.005,0.332,-0.002,1.127,1.0,-0.001,0.002,0.0,0.106,0.004,-0.008,0.005,-0.012,-0.001,0.314,-0.009,1.024,1.0,-0.002,0.003,0.001,0.113,0.023,-0.016,0.003,0.005,-0.005,0.31543624161073824,0.0,1.0,1.0,0.0,0.0,0.0,43.253902172510294,0.10404425537638522,0.2998673201537863,99.99999273726172,110.00000007360698,0.5000001157183802,55.00034823367647,0.23064802386434452,0.0004,0.0006,0.0029,0.0035
288,1762746488.5055864,-0.0005036846153329911,-3.562246192096753e-05,0.22811342869131915,0.000614819822882246,-0.017523848074599037,0.010846043945123045,0.0005215264658428413,0.0007508317214734946,0.321,-0.01,1.023,1.0,-0.001,0.003,0.001,0.097,-0.002,-0.015,0.01,-0.005,0.005,0.339,-0.002,1.127,1.0,-0.0,0.001,0.0,0.11,0.005,-0.002,0.02,-0.026,-0.0,0.321,-0.01,1.023,1.0,-0.001,0.003,0.001,0.097,-0.002,-0.015,0.01,-0.005,0.005,0.3221476510067114,0.0,1.0,1.0,0.0,0.0,0.0,43.24903898492847,0.1040325700943208,0.3,99.99999268762231,110.00000007357848,0.5000001163405405,55.000349212896985,0.23124290959060861,0.0011,0.0013,0.0054,0.0072
289,1762746488.5648212,-0.0013346481406250684,-0.003360578033088011,0.22755358239916146,0.0006501029171257795,-0.004154817626460385,-0.016624777855835216,-0.002799231460788332,0.00017641547121766666,0.329,-0.009,1.022,1.0,-0.001,0.003,0.001,0.132,0.003,-0.007,0.017,-0.017,0.002,0.347,-0.002,1.127,1.0,0.0,0.0,0.0,0.116,0.005,0.005,0.004,-0.015,-0.001,0.329,-0.009,1.022,1.0,-0.001,0.003,0.001,0.132,0.003,-0.007,0.017,-0.017,0.002,0.32885906040268453,0.0,1.0,1.0,0.0,0.0,0.0,43.246021933558836,0.10402767717759,0.2999482733938539,99.99999266956358,110.00000007357103,0.5000001165359789,55.000350106767044,0.23085139444212338,0.0007,0.0006,0.0028,0.0032
290,1762746488.6340673,0.003711321205918667,-0.0055229286645608645,0.22900034299171876,0.00013478891626585914,0.025229846732718674,-0.010811753157364268,0.007233802962786437,-0.0025765700042996017,0.34,-0.005,1.022,1.0,-0.001,0.002,0.0,0.141,0.035,-0.0,0.013,-0.014,-0.012,0.354,-0.002,1.128,1.0,0.0,-0.0,0.0,0.116,0.005,0.009,-0.005,-0.019,-0.001,0.34,-0.005,1.022,1.0,-0.001,0.002,0.0,0.141,0.035,-0.0,0.013,-0.014,-0.012,0.33557046979865773,0.0,1.0,1.0,0.0,0.0,0.0,43.24496137684313,0.1040266188845839,0.3,99.99999276878195,110.00000007362823,0.500000115398778,55.000349569210314,0.23072260855910232,0.0006,0.0006,0.0029,0.006
291,1762746488.7050254,-0.00025971888746883056,-0.004743994016174864,0.22657034455264136,0.00032961882241706614,-0.019855200466937492,0.0038946732419300016,-0.012149992195387097,0.0009741495307560349,0.347,-0.006,1.022,1.0,-0.001,0.002,0.001,0.133,-0.007,0.005,0.005,-0.017,0.003,0.362,-0.001,1.129,1.0,0.0,-0.001,0.0,0.096,0.004,0.017,0.013,-0.024,-0.0,0.347,-0.006,1.022,1.0,-0.001,0.002,0.001,0.133,-0.007,0.005,0.005,-0.017,0.003,0.3422818791946309,0.0,1.0,1.0,0.0,0.0,0.0,43.243537827962,0.10402585851787331,0.3,99.99999273497056,110.00000007360765,0.5000001158155433,55.00034918130377,0.23146349470735758,0.001,0.0012,0.0051,0.0069
292,1762746488.7682567,0.002732716054140004,-0.005142783596574048,0.22674814450251632,0.00047081410380387344,0.014962174708044172,-0.001993947901995921,0.0008889997493748344,0.0007059764069340365,0.357,-0.006,1.022,1.0,-0.001,0.001,0.001,0.144,0.002,0.006,-0.0,-0.022,0.003,0.369,-0.001,1.13,1.0,0.001,-0.002,0.0,0.099,0.003,0.017,0.002,-0.016,-0.0,0.357,-0.006,1.022,1.0,-0.001,0.001,0.001,0.144,0.002,0.006,-0.0,-0.022,0.003,0.348993288590604,0.0,1.0,1.0,0.0,0.0,0.0,43.24321116580349,0.1040261725532086,0.3,99.99999270558946,110.00000007359081,0.5000001161645025,55.00035144941626,0.2314573648248422,0.0011,0.0012,0.005,0.0036
293,1762746488.83239,-0.001422918882925173,-0.002112387048577468,0.2263650780270312,0.000654828149378189,-0.020778174685325883,0.015151982739982894,-0.0019153323774253241,0.0009200702278715776,0.366,-0.006,1.023,1.0,-0.0,-0.0,0.001,0.127,-0.007,0.01,0.007,-0.024,0.006,0.376,-0.001,1.131,1.0,0.001,-0.002,0.0,0.107,0.003,0.017,0.008,-0.008,-0.0,0.366,-0.006,1.023,1.0,-0.0,-0.0,0.001,0.127,-0.007,0.01,0.007,-0.024,0.006,0.35570469798657717,0.0,1.0,1.0,0.0,0.0,0.0,43.24426525361529,0.10402299700745833,0.3,99.99999264980943,110.00000007355695,0.5000001168115105,55.00035455217141,0.2312961928881722,0.0005,0.0007,0.0034,0.0037
294,1762746488.8988512,-0.0007848641309773623,0.002409088120975316,0.22906804091591804,0.0006833514620050435,0.003190273759739054,0.02260737584776392,0.01351481444443416,0.0001426165631342733,0.373,-0.005,1.023,1.0,0.0,-0.001,0.001,0.103,0.006,0.0,0.009,-0.019,0.002,0.383,-0.001,1.132,1.0,0.001,-0.002,0.0,0.094,0.002,0.013,-0.008,0.01,-0.001,0.373,-0.005,1.023,1.0,0.0,-0.001,0.001,0.103,0.006,0.0,0.009,-0.019,0.002,0.3624161073825503,0.0,1.0,1.0,0.0,0.0,0.0,43.24283762383546,0.1040271857936728,0.3,99.99999261096983,110.00000007352966,0.5000001173252967,55.00035872853534,0.2311496295210499,0.0005,0.0008,0.0038,0.0031
295,1762746488.964758,0.0029220597962739377,-0.004521679265583837,0.22391945419521903,-1.416159027155077e-05,0.018534619636256498,-0.03465383693279576,-0.025742933603495124,-0.003487565261382971,0.38,-0.005,1.025,1.0,-0.0,-0.0,0.001,0.135,0.019,0.037,-0.009,0.012,0.0,0.39,-0.001,1.133,1.0,0.0,-0.001,0.0,0.096,0.001,0.024,-0.013,0.032,-0.001,0.38,-0.005,1.025,1.0,-0.0,-0.0,0.001,0.135,0.019,0.037,-0.009,0.012,0.0,0.36912751677852346,0.0,1.0,1.0,0.0,0.0,0.0,43.25018180217521,0.10399162066724608,0.3,99.99999258737003,110.00000007351784,0.5000001176609843,55.0003598210041,0.23179705692311622,0.0005,0.0007,0.003,0.0033
296,1762746489.0360825,0.0020120134287640056,0.00023890158016898633,0.22529735136097645,2.7569406387256115e-05,-0.00455023183754966,0.02380290422876412,0.006889485828787042,0.0002086549832940347,0.385,-0.006,1.026,1.0,-0.001,0.0,0.001,0.084,0.001,0.024,-0.009,0.02,-0.004,0.396,-0.0,1.135,1.0,0.0,-0.001,0.0,0.111,0.001,0.012,0.007,-0.001,-0.0,0.385,-0.006,1.026,1.0,-0.001,0.0,0.001,0.084,0.001,0.024,-0.009,0.02,-0.004,0.37583892617449666,0.0,1.0,1.0,0.0,0.0,0.0,43.256095093495105,0.10395638512641478,0.29971839749333046,99.9999926208859,110.00000007353651,0.5000001172349794,55.00035724181292,0.23122842195844662,0.0007,0.0007,0.0034,0.0073
297,1762746489.1024075,0.001839960530654191,0.0037037628979357086,0.23307276956851125,0.00011945245823880756,-0.0008602644905490748,0.017324306588833608,0.03887709103767398,0.0004594152592577572,0.39,-0.005,1.019,1.0,-0.001,0.0,0.001,0.079,0.008,-0.07,0.002,0.006,-0.002,0.403,-0.0,1.135,1.0,0.0,-0.001,0.0,0.09,0.0,0.002,0.008,0.008,-0.0,0.39,-0.005,1.019,1.0,-0.001,0.0,0.001,0.079,0.008,-0.07,0.002,0.006,-0.002,0.3825503355704698,0.0,1.0,1.0,0.0,0.0,0.0,43.23501044320749,0.10407705083858466,0.29981987511570474,99.999992629444,110.00000007354303,0.5000001171379355,55.00035861172084,0.23114457153116205,0.0007,0.0009,0.0035,0.0067
298,1762746489.1719532,0.00036972994134761754,0.004634714520365292,0.2283514705298307,-0.0004348043235705234,-0.007351152946532868,0.004654758112147919,-0.023606495193402646,-0.0027712839090466546,0.394,-0.004,1.018,1.0,-0.0,0.0,0.001,0.082,0.007,-0.018,0.009,0.005,-0.0,0.409,-0.0,1.136,1.0,0.001,-0.0,0.0,0.101,-0.0,0.034,0.007,0.029,-0.0,0.394,-0.004,1.018,1.0,-0.0,0.0,0.001,0.082,0.007,-0.018,0.009,0.005,-0.0,0.38926174496644295,0.0,1.0,1.0,0.0,0.0,0.0,43.22529269600505,0.10412788741794522,0.3,99.99999261940135,110.000000073537,0.5000001172811064,55.00035895508178,0.2317861835866676,0.0011,0.0012,0.0052,0.0071
299,1762746489.2311575,0.000752469112349331,0.00549452706171121,0.22571205389779014,-0.00021380578058599581,0.0019136958550085674,0.004299062706729589,-0.01319708316020281,0.001104992714922638,0.399,-0.003,1.021,1.0,-0.0,0.001,0.001,0.065,0.01,0.02,0.006,0.019,-0.002,0.416,-0.0,1.139,1.0,0.001,0.001,0.0,0.097,-0.001,0.045,-0.005,0.031,-0.0,0.399,-0.003,1.021,1.0,-0.0,0.001,0.001,0.065,0.01,0.02,0.006,0.019,-0.002,0.3959731543624161,0.0,1.0,1.0,0.0,0.0,0.0,43.22749085573224,0.10411093160265007,0.3,99.9999926189713,110.00000007353782,0.5000001173006272,55.00036071130004,0.23184522296977292,0.0006,0.0006,0.0029,0.003
300,1762746489.2984552,0.00039345183673248566,0.002530115512376044,0.22308263362875444,-0.00018275841404038102,-0.0017950863780842262,-0.014822057746675828,-0.013147101345178719,0.00015523683272807422,0.403,-0.003,1.024,1.0,-0.0,0.002,0.0,0.075,-0.001,0.055,-0.006,0.034,-0.001,0.422,-0.001,1.142,1.0,0.001,0.002,0.0,0.096,-0.002,0.038,-0.004,0.021,-0.0,0.403,-0.003,1.024,1.0,-0.0,0.002,0.0,0.075,-0.001,0.055,-0.006,0.034,-0.001,0.40268456375838924,0.0,1.0,1.0,0.0,0.0,0.0,43.24106932934432,0.1039953963869522,0.3,99.99999262166645,110.00000007353607,0.5000001172771722,55.00036444893839,0.23127171143932457,0.0006,0.0007,0.0032,0.0033
301,1762746489.3714619,0.0015245968424376188,0.0017006202394909977,0.22315212886217514,-0.00032191465442256304,0.0056557250285256665,-0.004147476364425229,0.0003474761671035109,-0.0006957812019109099,0.407,-0.003,1.028,1.0,-0.0,0.003,0.0,0.075,0.007,0.052,-0.007,0.029,-0.007,0.429,-0.001,1.144,1.0,0.0,0.002,0.0,0.101,-0.003,0.018,-0.006,0.002,-0.0,0.407,-0.003,1.028,1.0,-0.0,0.003,0.0,0.075,0.007,0.052,-0.007,0.029,-0.007,0.4093959731543624,0.0,1.0,1.0,0.0,0.0,0.0,43.255845635395985,0.10386595741161418,0.3,99.99999261473006,110.00000007352797,0.500000117385255,55.00037015108517,0.2307321077205362,0.0011,0.0012,0.0052,0.0067
302,1762746489.4324822,-0.0014289791340918153,-0.0009707701930592705,0.22401199362929486,-0.0009116104410221207,-0.014767879882647168,-0.013356952162751342,0.004299323835598562,-0.0029484789329977884,0.414,-0.004,1.029,1.0,-0.0,0.004,0.0,0.096,-0.009,0.038,0.002,0.015,-0.0,0.436,-0.001,1.144,1.0,0.0,0.002,0.0,0.1,-0.003,-0.004,0.003,-0.01,0.0,0.414,-0.004,1.029,1.0,-0.0,0.004,0.0,0.096,-0.009,0.038,0.002,0.015,-0.0,0.4161073825503356,0.0,1.0,1.0,0.0,0.0,0.0,43.267847305711065,0.10377542350426086,0.3,99.99999260845641,110.00000007352106,0.5000001174994705,55.00037407112806,0.23059236270805214,0.0007,0.0008,0.0035,0.0033
303,1762746489.505919,-0.0019979621201444394,-0.0012317750728121483,0.22578982461146269,-0.00047977050768023273,-0.0028449149302631205,-0.0013050243987643875,0.008889154910838902,0.0021591996667094395,0.423,-0.004,1.03,1.0,-0.0,0.003,0.001,0.106,-0.006,0.011,0.004,-0.001,0.001,0.443,-0.001,1.143,1.0,0.0,0.001,0.0,0.095,-0.003,-0.019,-0.006,-0.022,0.001,0.423,-0.004,1.03,1.0,-0.0,0.003,0.001,0.106,-0.006,0.011,0.004,-0.001,0.001,0.4228187919463087,0.0,1.0,1.0,0.0,0.0,0.0,43.27289242244043,0.10374809334209933,0.3,99.99999259855443,110.00000007351164,0.5000001176581089,55.00037556278152,0.23096985235128778,0.0011,0.0012,0.0056,0.0073
304,1762746489.5700548,-0.0005882702581490803,-0.001914627726103494,0.22784571439638343,-0.000168889115084982,0.007048459309976796,-0.0034142632664567285,0.010279448924603715,0.0015544069629762538,0.429,-0.005,1.028,1.0,-0.001,0.003,0.001,0.122,-0.005,-0.016,-0.005,-0.018,0.001,0.45,-0.002,1.141,1.0,-0.0,0.0,0.0,0.095,-0.004,-0.025,-0.012,-0.02,0.0,0.429,-0.005,1.028,1.0,-0.001,0.003,0.001,0.122,-0.005,-0.016,-0.005,-0.018,0.001,0.42953020134228187,0.0,1.0,1.0,0.0,0.0,0.0,43.27006457225481,0.103755485380764,0.3,99.99999259945132,110.00000007350955,0.500000117646692,55.00037472050925,0.2309649514652397,0.0011,0.0012,0.0053,0.0051
305,1762746489.6365016,-0.002673629371381487,-0.0017706377064721805,0.22846570940185837,8.352357905013782e-05,-0.010426795566162031,0.0007199500981565684,0.003099975027374552,0.001262063470675599,0.438,-0.007,1.026,1.0,-0.001,0.002,0.001,0.124,-0.025,-0.024,-0.012,-0.019,0.002,0.457,-0.002,1.14,1.0,-0.0,-0.0,0.0,0.107,-0.004,-0.023,-0.008,-0.018,0.0,0.438,-0.007,1.026,1.0,-0.001,0.002,0.001,0.124,-0.025,-0.024,-0.012,-0.019,0.002,0.436241610738255,0.0,1.0,1.0,0.0,0.0,0.0,43.26405925555185,0.1037569566871275,0.3,99.9999926077043,110.00000007351392,0.5000001175500086,55.000376338941436,0.23074654270002945,0.0011,0.0013,0.0053,0.0047
306,1762746489.7009437,-0.0001880184907848562,-0.001093740125128383,0.2322915298901664,-4.569826309169518e-05,0.012428054402983155,0.0033844879067189875,0.019129102441540306,-0.0006461092107091646,0.448,-0.006,1.02,1.0,-0.001,0.001,0.0,0.128,-0.004,-0.066,-0.01,-0.027,-0.004,0.464,-0.002,1.138,1.0,-0.001,-0.001,0.0,0.102,-0.003,-0.013,-0.011,-0.01,0.0,0.448,-0.006,1.02,1.0,-0.001,0.001,0.0,0.128,-0.004,-0.066,-0.01,-0.027,-0.004,0.44295302013422816,0.0,1.0,1.0,0.0,0.0,0.0,43.244977658361826,0.1037307813053173,0.3,99.99999259465824,110.00000007350408,0.5000001177183417,55.00037672225439,0.2301808056138171,0.0007,0.0009,0.0048,0.0039
307,1762746489.7647774,0.0007599948243598941,0.0009453995361499239,0.23035034869968207,-8.55639832635582e-05,0.004740066575723753,0.010195698306391535,-0.009705905952421625,-0.00019932860085931508,0.453,-0.007,1.019,1.0,-0.002,0.0,0.0,0.117,-0.007,-0.044,-0.011,-0.021,-0.002,0.471,-0.002,1.139,1.0,-0.001,-0.001,0.0,0.1,-0.002,0.016,0.003,-0.0,0.0,0.453,-0.007,1.019,1.0,-0.002,0.0,0.0,0.117,-0.007,-0.044,-0.011,-0.021,-0.002,0.44966442953020136,0.0,1.0,1.0,0.0,0.0,0.0,43.229575037724295,0.10369998733309554,0.3,99.99999258583924,110.00000007349836,0.5000001178494917,55.00037867386924,0.22976732573230393,0.0005,0.0006,0.0029,0.0034
308,1762746489.8372521,-0.00015112713402125571,0.0016137242132293935,0.22834140833862815,-3.465157837414322e-05,-0.004555609791905748,0.003341623385397348,-0.01004470180526943,0.00025456202444707496,0.458,-0.008,1.02,1.0,-0.002,0.0,0.0,0.11,-0.011,-0.016,-0.006,-0.01,0.001,0.478,-0.002,1.14,1.0,-0.001,-0.001,0.0,0.1,-0.001,0.036,0.012,0.012,-0.0,0.458,-0.008,1.02,1.0,-0.002,0.0,0.0,0.11,-0.011,-0.016,-0.006,-0.01,0.001,0.4563758389261745,0.0,1.0,1.0,0.0,0.0,0.0,43.22173060852493,0.1036935681396155,0.3,99.99999258121032,110.00000007349509,0.5000001179467601,55.000380260344215,0.22975344201259174,0.0011,0.0013,0.0054,0.0054
309,1762746489.898356,0.0009968422594197157,0.001065198759316957,0.22562572735057712,-5.2823459950953666e-05,0.005739846967204856,-0.002742627269562183,-0.013578404940254968,-9.085940788405221e-05,0.468,-0.006,1.023,1.0,-0.001,0.001,0.0,0.1,0.008,0.019,0.003,0.003,-0.001,0.485,-0.002,1.143,1.0,-0.0,-0.0,0.0,0.104,-0.001,0.048,0.008,0.018,0.0,0.468,-0.006,1.023,1.0,-0.001,0.001,0.0,0.1,0.008,0.019,0.003,0.003,-0.001,0.46308724832214765,0.0,1.0,1.0,0.0,0.0,0.0,43.22433562592126,0.10369087401780595,0.3,99.9999925763511,110.00000007349034,0.5000001180207634,55.000379878618645,0.22979676531205998,0.0005,0.0006,0.003,0.0036
310,1762746489.9665282,0.0021724270003198824,0.00529429793541705,0.22414459364055975,-0.0007080502731349905,0.005877923704500833,0.021145495880500464,-0.007405668550086749,-0.0032761340659201847,0.471,-0.005,1.025,1.0,-0.001,0.001,0.0,0.066,0.019,0.04,0.012,0.012,-0.0,0.492,-0.002,1.146,1.0,0.0,0.0,0.0,0.097,-0.0,0.039,0.007,0.008,-0.0,0.471,-0.005,1.025,1.0,-0.001,0.001,0.0,0.066,0.019,0.04,0.012,0.012,-0.0,0.4697986577181208,0.0,1.0,1.0,0.0,0.0,0.0,43.23427148417584,0.10366697447320816,0.29972360643949686,99.99999258147062,110.00000007349512,0.5000001179422267,55.00037788826538,0.22965144667009044,0.0011,0.0012,0.0036,0.0033
311,1762746490.0319214,0.0009886999843865848,0.001422925721083641,0.22390387488802654,-0.0011835415520195132,-0.005918635079666487,-0.019356861071667043,-0.0012035937626659618,-0.0023774563944226126,0.479,-0.005,1.028,1.0,-0.001,0.002,0.0,0.095,0.007,0.041,0.01,0.014,0.0,0.499,-0.002,1.148,1.0,0.0,0.001,0.0,0.092,-0.001,0.023,0.009,0.018,0.001,0.479,-0.005,1.028,1.0,-0.001,0.002,0.0,0.095,0.007,0.041,0.01,0.014,0.0,0.47651006711409394,0.0,1.0,1.0,0.0,0.0,0.0,43.245940059639885,0.10363209978443709,0.2999485581294248,99.99999257423623,110.00000007349085,0.5000001180512286,55.000376633930564,0.22998482121361655,0.0006,0.0007,0.0033,0.0032
312,1762746490.097894,0.0012786394610996735,0.0018831716363556447,0.2237455045113277,-0.0008817711759760816,0.0014496973835654427,0.002301229576360017,-0.0007918518834944118,0.0015088518802171573,0.485,-0.004,1.031,1.0,-0.0,0.002,0.0,0.082,0.015,0.039,0.009,0.018,-0.001,0.506,-0.002,1.15,1.0,0.001,0.001,0.0,0.115,-0.001,0.01,0.004,0.001,0.001,0.485,-0.004,1.031,1.0,-0.0,0.002,0.0,0.082,0.015,0.039,0.009,0.018,-0.001,0.4832214765100671,0.0,1.0,1.0,0.0,0.0,0.0,43.25824579105587,0.10360374009860528,0.2999620080615908,99.9999925549646,110.00000007347417,0.5000001183376359,55.00037595361256,0.2297583092404988,0.0004,0.0007,0.0029,0.0033
313,1762746490.1647801,-0.002406084770036267,0.0008114977571617335,0.2247293662630697,-0.0003109486901323055,-0.018423621155679703,-0.005358369395969556,0.00491930875870999,0.00285411242921888,0.49,-0.006,1.032,1.0,-0.0,0.003,0.001,0.091,-0.011,0.024,0.007,0.011,0.007,0.513,-0.003,1.15,1.0,0.001,0.001,0.0,0.105,-0.002,-0.01,-0.0,-0.002,0.001,0.49,-0.006,1.032,1.0,-0.0,0.003,0.001,0.091,-0.011,0.024,0.007,0.011,0.007,0.4899328859060403,0.0,1.0,1.0,0.0,0.0,0.0,43.267331164668924,0.10359654680176528,0.29999334435119,99.99999262266917,110.00000007352254,0.5000001173818536,55.000376080019315,0.2296791124801448,0.0005,0.0006,0.003,0.0033
314,1762746490.2324271,-0.002839478422290188,0.0015140476310759288,0.22609125041672906,5.8552815788614576e-05,-0.0021669682612696036,0.003512749369570976,0.006809420768296953,0.0018475075296046002,0.495,-0.006,1.031,1.0,-0.0,0.002,0.001,0.096,-0.008,0.005,0.005,0.001,0.005,0.52,-0.003,1.148,1.0,0.0,0.001,0.0,0.111,-0.003,-0.024,-0.014,-0.007,0.0,0.495,-0.006,1.031,1.0,-0.0,0.002,0.001,0.096,-0.008,0.005,0.005,0.001,0.005,0.4966442953020134,0.0,1.0,1.0,0.0,0.0,0.0,43.27134997868373,0.10360215341535242,0.3,99.9999926586526,110.00000007354429,0.5000001169017005,55.000375889590664,0.22980784133836657,0.001,0.0007,0.0033,0.0034
315,1762746490.301415,-0.0035886720648973117,0.0012420503143115431,0.22702014921380492,0.00024554741918350625,-0.003745968213035617,-0.001359986583821929,0.004644493985379389,0.0009349730169744583,0.503,-0.007,1.03,1.0,-0.0,0.002,0.001,0.1,-0.019,-0.008,-0.007,-0.001,0.002,0.528,-0.003,1.147,1.0,-0.0,0.001,0.0,0.092,-0.002,-0.025,-0.017,-0.002,0.0,0.503,-0.007,1.03,1.0,-0.0,0.002,0.001,0.1,-0.019,-0.008,-0.007,-0.001,0.002,0.5033557046979865,0.0,1.0,1.0,0.0,0.0,0.0,43.271487676336754,0.10360255301106615,0.3,99.99999266634268,110.00000007354858,0.5000001168000691,55.00037554672091,0.2300036166691544,0.0007,0.0009,0.0051,0.0041
316,1762746490.3718445,-0.0018473039522242608,0.0006466427746248324,0.22982903752719117,0.00011245817866480042,0.008706840563365256,-0.0029770376984335533,0.014044441566931217,-0.0006654462025935292,0.51,-0.009,1.024,1.0,-0.001,0.002,0.001,0.119,-0.019,-0.038,-0.022,-0.0,-0.008,0.535,-0.003,1.145,1.0,-0.001,0.001,0.0,0.1,-0.002,-0.027,-0.019,-0.003,0.0,0.51,-0.009,1.024,1.0,-0.001,0.002,0.001,0.119,-0.019,-0.038,-0.022,-0.0,-0.008,0.5100671140939598,0.0,1.0,1.0,0.0,0.0,0.0,43.26233588785419,0.10354977225757324,0.2999870574040652,99.99999263021033,110.00000007352159,0.500000117341126,55.000377418642074,0.22989046772853625,0.0007,0.0012,0.0053,0.0073
317,1762746490.436253,-0.00045463255572679396,-0.0012990356182621125,0.22952680526525474,0.00020269407162598542,0.006963356982487335,-0.009728391964434722,-0.0015111613096820322,0.000451179464805925,0.519,-0.01,1.022,1.0,-0.002,0.002,0.001,0.116,-0.014,-0.035,-0.017,-0.003,-0.001,0.542,-0.003,1.143,1.0,-0.001,0.001,0.0,0.095,-0.001,-0.012,-0.005,-0.003,0.0,0.519,-0.01,1.022,1.0,-0.002,0.002,0.001,0.116,-0.014,-0.035,-0.017,-0.003,-0.001,0.5167785234899329,0.0,1.0,1.0,0.0,0.0,0.0,43.252237439848074,0.10347725668977187,0.3,99.9999926272226,110.00000007352068,0.5000001173886199,55.00037901128054,0.22976640256878147,0.001,0.0011,0.005,0.005
318,1762746490.5020087,-0.0014993057182893451,-0.0016857344921937163,0.22916629073774444,0.00037477942808216195,-0.005223365812812757,-0.0019334943696580182,-0.0018025726375514878,0.0008604267822808825,0.525,-0.011,1.02,1.0,-0.002,0.002,0.001,0.118,-0.016,-0.027,-0.006,-0.007,0.003,0.55,-0.003,1.143,1.0,-0.001,0.0,0.0,0.112,0.001,0.001,0.01,-0.011,0.0,0.525,-0.011,1.02,1.0,-0.002,0.002,0.001,0.118,-0.016,-0.027,-0.006,-0.007,0.003,0.5234899328859061,0.0,1.0,1.0,0.0,0.0,0.0,43.243457636468406,0.1034146179801352,0.3,99.99999262966281,110.00000007352287,0.5000001173353229,55.00038005882862,0.22981664255629886,0.0008,0.001,0.0042,0.0053
319,1762746490.5719717,0.0027313639005857645,-0.0023726975893241004,0.22773759069994154,0.00036856042974648843,0.021153348094375544,-0.0034348154856519214,-0.007143500189014713,-3.109499167836785e-05,0.534,-0.01,1.02,1.0,-0.002,0.001,0.001,0.125,0.002,-0.008,-0.0,-0.006,-0.002,0.557,-0.003,1.143,1.0,-0.001,-0.0,0.0,0.117,0.003,0.014,0.01,-0.016,0.0,0.534,-0.01,1.02,1.0,-0.002,0.001,0.001,0.125,0.002,-0.008,-0.0,-0.006,-0.002,0.5302013422818792,0.0,1.0,1.0,0.0,0.0,0.0,43.23947278637082,0.10339022915228416,0.3,99.9999926296041,110.00000007352384,0.5000001173576276,55.000381478497275,0.2298900344567699,0.0014,0.0015,0.0059,0.0056
320,1762746490.6357646,0.0033037372210155164,0.0004591467147749425,0.22918932926407448,0.0002801721829361369,0.0028618666021487616,0.014159221520495213,0.007258692820664718,-0.0004419412340517577,0.54,-0.009,1.019,1.0,-0.002,0.001,0.001,0.107,0.017,-0.023,0.006,-0.01,-0.005,0.565,-0.003,1.144,1.0,-0.0,-0.001,0.0,0.098,0.003,0.015,0.02,-0.01,0.0,0.54,-0.009,1.019,1.0,-0.002,0.001,0.001,0.107,0.017,-0.023,0.006,-0.01,-0.005,0.5369127516778524,0.0,1.0,1.0,0.0,0.0,0.0,43.231184163830235,0.1033486217029651,0.3,99.99999263567047,110.000000073524,0.5000001173466684,55.000381169867,0.23009807042593947,0.0006,0.001,0.0052,0.0049
321,1762746490.7063544,0.0010488995016984305,0.0024561711502188457,0.2266588157747288,0.00040326779062625025,-0.011274188596585426,0.009985122177219514,-0.012652567446728463,0.0006154780384505665,0.548,-0.008,1.02,1.0,-0.001,0.001,0.001,0.098,0.012,0.007,0.018,-0.01,0.002,0.572,-0.003,1.146,1.0,0.0,-0.001,0.0,0.114,0.003,0.029,0.023,0.003,0.0,0.548,-0.008,1.02,1.0,-0.001,0.001,0.001,0.098,0.012,0.007,0.018,-0.01,0.002,0.5436241610738255,0.0,1.0,1.0,0.0,0.0,0.0,43.230621526805734,0.10334687793686768,0.3,99.9999926261759,110.00000007351687,0.5000001174448946,55.00038101360919,0.2301048348981545,0.0015,0.0018,0.0063,0.0061
322,1762746490.7680924,0.002545494005870471,0.0007430573578401445,0.22632089385329693,0.0005023503616513602,0.0074829725208602,-0.008565568961893503,-0.001689609607159126,0.0004954128551255493,0.557,-0.006,1.02,1.0,-0.0,0.0,0.001,0.115,0.03,0.015,0.017,-0.006,0.002,0.58,-0.002,1.148,1.0,0.001,-0.0,0.0,0.099,0.002,0.025,0.006,0.014,0.0,0.557,-0.006,1.02,1.0,-0.0,0.0,0.001,0.115,0.03,0.015,0.017,-0.006,0.002,0.5503355704697986,0.0,1.0,1.0,0.0,0.0,0.0,43.233058910026635,0.10335111305011398,0.3,99.99999260921834,110.00000007350644,0.5000001176507708,55.00038375733176,0.23011588011373518,0.0008,0.001,0.0043,0.0046
323,1762746490.8360245,0.0021843079358163015,-0.000722314389038006,0.2244953398217249,0.0004633928327046233,-0.0018059303502708478,-0.007326858734390752,-0.009127770157860338,-0.00019478764473368412,0.564,-0.005,1.023,1.0,0.0,0.001,0.001,0.106,0.02,0.036,0.011,0.011,-0.002,0.587,-0.002,1.15,1.0,0.001,0.0,0.0,0.104,0.001,0.024,0.006,0.011,-0.001,0.564,-0.005,1.023,1.0,0.0,0.001,0.001,0.106,0.02,0.036,0.011,0.011,-0.002,0.5570469798657718,0.0,1.0,1.0,0.0,0.0,0.0,43.242011544885855,0.10335559812486907,0.3,99.9999926171965,110.00000007351187,0.5000001175674258,55.00038427692698,0.23007182714361832,0.0009,0.001,0.0053,0.0046
324,1762746490.9021108,0.0007250770572206225,0.0006968212964059643,0.2249135765062182,0.000458841337149068,-0.007296154392978397,0.007095678427219851,0.0020911834224665964,-2.2757477777777017e-05,0.569,-0.005,1.025,1.0,0.0,0.001,0.001,0.093,0.008,0.03,0.007,0.013,-0.001,0.594,-0.002,1.151,1.0,0.001,0.0,0.0,0.099,-0.0,0.012,0.001,-0.003,-0.0,0.569,-0.005,1.025,1.0,0.0,0.001,0.001,0.093,0.008,0.03,0.007,0.013,-0.001,0.5637583892617449,0.0,1.0,1.0,0.0,0.0,0.0,43.250498212747,0.1033529541561223,0.3,99.9999926202,110.00000007351436,0.5000001175318107,55.000383046740474,0.22991973905469343,0.001,0.0013,0.0045,0.0046
325,1762746490.9712393,0.00016762221910317883,-0.0002083792909806535,0.22471249337328825,-0.00018568589087200756,-0.002787274190587218,-0.004526002936933088,-0.0010054156646498056,-0.0032226361401053775,0.577,-0.005,1.027,1.0,0.0,0.001,0.001,0.106,0.002,0.029,-0.001,0.006,0.0,0.602,-0.002,1.151,1.0,0.001,0.0,0.0,0.105,-0.002,0.002,-0.006,0.001,-0.0,0.577,-0.005,1.027,1.0,0.0,0.001,0.001,0.106,0.002,0.029,-0.001,0.006,0.0,0.5704697986577181,0.0,1.0,1.0,0.0,0.0,0.0,43.25933321867288,0.10335159407890526,0.3,99.99999261508994,110.00000007351159,0.5000001175861144,55.00038317726065,0.22989597797427613,0.0014,0.0018,0.0057,0.0049
326,1762746491.0447628,0.0004163142142561305,0.006862429295894366,0.23321083849144356,-6.266645942183555e-05,0.0012434599757647582,0.0353540429343751,0.04249172559077662,0.0006150971572508601,0.577,-0.005,1.019,1.0,0.0,0.001,0.001,0.06,0.003,-0.071,-0.004,0.003,-0.003,0.609,-0.003,1.151,1.0,0.001,0.0,0.0,0.11,-0.003,-0.011,-0.011,-0.002,-0.0,0.577,-0.005,1.019,1.0,0.0,0.001,0.001,0.06,0.003,-0.071,-0.004,0.003,-0.003,0.5771812080536912,0.0,1.0,1.0,0.0,0.0,0.0,43.239722590053894,0.10334026709527,0.3,99.99999262556172,110.000000073514,0.5000001174838857,55.00038076391479,0.2297625082039936,0.0007,0.0016,0.0079,0.0105
327,1762746491.1018417,-0.0017607827683949393,0.007823568529371966,0.2289430027313632,0.0002291592530546238,-0.010885484913255349,0.004805696167388001,-0.021339178800401815,0.0014591285623822966,0.584,-0.005,1.018,1.0,-0.0,0.001,0.001,0.071,-0.013,-0.026,-0.005,-0.002,0.005,0.617,-0.003,1.151,1.0,0.0,0.001,0.0,0.1,-0.004,0.017,-0.009,0.027,-0.0,0.584,-0.005,1.018,1.0,-0.0,0.001,0.001,0.071,-0.013,-0.026,-0.005,-0.002,0.005,0.5838926174496644,0.0,1.0,1.0,0.0,0.0,0.0,43.22906199695938,0.1033246302163876,0.3,99.99999260074144,110.00000007350067,0.5000001177904948,55.000376030837934,0.23036275011351315,0.0013,0.0011,0.0042,0.0045
328,1762746491.1697707,-0.002491786887483128,0.0013242424555384201,0.22702292813287725,0.0004155562928696826,-0.0036550205954409432,-0.03249663036916774,-0.009600372992429938,0.000931985199075294,0.592,-0.007,1.019,1.0,-0.001,0.002,0.001,0.102,-0.021,0.004,-0.011,0.015,0.004,0.624,-0.003,1.153,1.0,0.0,0.002,0.0,0.126,-0.005,0.037,-0.016,0.04,-0.0,0.592,-0.007,1.019,1.0,-0.001,0.002,0.001,0.102,-0.021,0.004,-0.011,0.015,0.004,0.5906040268456376,0.0,1.0,1.0,0.0,0.0,0.0,43.22743373020068,0.10332410889219476,0.3,99.99999257927205,110.00000007348866,0.5000001180411794,55.00037288262756,0.23092245324951144,0.0012,0.001,0.0054,0.0047
329,1762746491.2364185,-0.001499788754368978,0.0006122281311100753,0.2238023565761854,0.00039281177993202073,0.004959990665570749,-0.0035600716221417285,-0.01610285778345912,-0.00011372256468830905,0.596,-0.007,1.022,1.0,-0.001,0.003,0.001,0.079,-0.016,0.046,-0.016,0.034,-0.002,0.632,-0.003,1.156,1.0,-0.0,0.002,0.0,0.099,-0.003,0.03,-0.011,-0.004,0.0,0.596,-0.007,1.022,1.0,-0.001,0.003,0.001,0.079,-0.016,0.046,-0.016,0.034,-0.002,0.5973154362416108,0.0,1.0,1.0,0.0,0.0,0.0,43.23851985110445,0.10330294305529225,0.3,99.99999258034481,110.00000007348773,0.5000001180735767,55.000376142769845,0.2304597054538384,0.0007,0.001,0.0047,0.0057
330,1762746491.3096533,-0.00045564888479694265,0.0011178143641699437,0.22448989197492955,0.0004056329772600898,0.005220699347860178,0.002527931165299342,0.0034376769937206337,6.410598664034555e-05,0.602,-0.009,1.025,1.0,-0.002,0.003,0.001,0.086,-0.015,0.037,-0.017,0.016,-0.001,0.64,-0.004,1.157,1.0,-0.001,0.002,0.0,0.124,-0.003,0.022,-0.004,-0.02,0.0,0.602,-0.009,1.025,1.0,-0.002,0.003,0.001,0.086,-0.015,0.037,-0.017,0.016,-0.001,0.6040268456375839,0.0,1.0,1.0,0.0,0.0,0.0,43.248848221318326,0.10327174963536477,0.3,99.9999925720133,110.00000007348444,0.5000001182251212,55.000378340974194,0.23043912543983747,0.0008,0.001,0.0077,0.0094
331,1762746491.3687558,-0.0014542674977172927,-0.003418669522035837,0.22308560780252837,0.0004071354810900922,-0.00499309306460175,-0.022682419431028902,-0.007021420862005924,7.512519150012427e-06,0.61,-0.01,1.028,1.0,-0.002,0.003,0.001,0.133,-0.021,0.05,-0.014,-0.007,-0.001,0.648,-0.004,1.158,1.0,-0.001,0.001,0.0,0.119,-0.002,0.007,0.005,-0.017,0.0,0.61,-0.01,1.028,1.0,-0.002,0.003,0.001,0.133,-0.021,0.05,-0.014,-0.007,-0.001,0.610738255033557,0.0,1.0,1.0,0.0,0.0,0.0,43.263693555646434,0.10323280455599056,0.3,99.99999257227387,110.00000007348225,0.5000001182378505,55.00038304897121,0.23010550604366142,0.0014,0.001,0.0044,0.0045
332,1762746491.4317942,-0.001557169237403342,-0.0008896339325572379,0.2261809683072121,0.0004782833601686545,-0.000514508698430246,0.012645177947392994,0.015476802523418442,0.0003557393953928113,0.62,-0.011,1.028,1.0,-0.002,0.002,0.001,0.117,-0.01,0.01,0.001,-0.019,0.001,0.656,-0.004,1.158,1.0,-0.001,0.0,0.0,0.115,-0.001,-0.013,0.003,-0.027,-0.0,0.62,-0.011,1.028,1.0,-0.002,0.002,0.001,0.117,-0.01,0.01,0.001,-0.019,0.001,0.6174496644295302,0.0,1.0,1.0,0.0,0.0,0.0,43.268491145376515,0.10322451533653998,0.3,99.99999255665452,110.00000007347082,0.5000001184245262,55.00038378562244,0.23034437941399163,0.0009,0.0008,0.003,0.0031
333,1762746491.5042286,-0.00018209092919358036,-0.006472512681451323,0.226481626423145,0.0005449823379297426,0.006875391541048808,-0.02791439374447042,0.0015032905796645993,0.0003334948888054406,0.632,-0.01,1.028,1.0,-0.002,0.002,0.001,0.157,0.002,0.001,0.006,-0.017,0.002,0.664,-0.004,1.157,1.0,-0.001,-0.0,0.0,0.121,-0.001,-0.021,-0.003,-0.015,0.0,0.632,-0.01,1.028,1.0,-0.002,0.002,0.001,0.157,0.002,0.001,0.006,-0.017,0.002,0.6241610738255033,0.0,1.0,1.0,0.0,0.0,0.0,43.27024706451094,0.10322557374573953,0.3,99.99999253712906,110.00000007346175,0.5000001186319092,55.00038851980398,0.23006378333292324,0.001,0.0011,0.0051,0.0064
334,1762746491.5656657,-0.0001383138618068424,-0.0032519851215135594,0.2292567642039146,0.0005726684746926,0.00021888533693368998,0.016102637799688818,0.013875688903847922,0.000138430683814287,0.642,-0.011,1.025,1.0,-0.002,0.001,0.001,0.131,-0.003,-0.031,0.001,-0.024,0.001,0.673,-0.004,1.155,1.0,-0.001,-0.001,0.0,0.109,-0.0,-0.021,0.003,-0.024,-0.001,0.642,-0.011,1.025,1.0,-0.002,0.001,0.001,0.131,-0.003,-0.031,0.001,-0.024,0.001,0.6308724832214765,0.0,1.0,1.0,0.0,0.0,0.0,43.26266184500985,0.10320998549703825,0.3,99.99999251684434,110.0000000734479,0.5000001188748766,55.00038940022288,0.2304169904916776,0.0005,0.0007,0.004,0.0031
335,1762746491.637739,0.0036907029498679253,-0.005846610519803143,0.22781283578013317,0.0003144835958089191,0.01914508405837384,-0.012973126991447911,-0.0072196421189072565,-0.0012909243944184052,0.65,-0.009,1.024,1.0,-0.002,0.0,0.001,0.159,0.023,-0.015,0.002,-0.023,-0.009,0.681,-0.004,1.154,1.0,-0.0,-0.002,0.0,0.116,0.0,-0.01,0.005,-0.01,-0.001,0.65,-0.009,1.024,1.0,-0.002,0.0,0.001,0.159,0.023,-0.015,0.002,-0.023,-0.009,0.6375838926174496,0.0,1.0,1.0,0.0,0.0,0.0,43.25819482079078,0.10319562032378048,0.3,99.99999258923754,110.00000007348984,0.5000001180840258,55.000395456233534,0.23013786421864546,0.001,0.0011,0.0049,0.0067
336,1762746491.697706,0.0011173907382048738,-0.004753036802422656,0.22898253046023906,-0.0002909303954111318,-0.012866561058315254,0.005467868586902435,0.005848473400529565,-0.003027069956100255,0.66,-0.009,1.022,1.0,-0.001,-0.0,0.001,0.142,0.004,-0.025,0.005,-0.019,-0.0,0.689,-0.004,1.154,1.0,0.0,-0.002,0.0,0.101,0.001,-0.003,0.018,-0.012,-0.0,0.66,-0.009,1.022,1.0,-0.001,-0.0,0.001,0.142,0.004,-0.025,0.005,-0.019,-0.0,0.6442953020134228,0.0,1.0,1.0,0.0,0.0,0.0,43.25071013602289,0.10316916840775574,0.3,99.99999257448162,110.00000007348413,0.5000001182821218,55.00039743711243,0.2305837670053161,0.0005,0.0006,0.0028,0.0031
337,1762746491.7722197,-0.00016513190838987613,-0.003861559705576379,0.22859111865501228,-1.4710014921993897e-06,-0.006412613232973751,0.00445738548423138,-0.001957059026133699,0.0014472969695946618,0.671,-0.009,1.021,1.0,-0.001,-0.001,0.001,0.139,0.006,-0.02,0.014,-0.017,0.002,0.696,-0.004,1.154,1.0,0.001,-0.002,0.0,0.102,0.0,0.007,0.008,-0.006,-0.0,0.671,-0.009,1.021,1.0,-0.001,-0.001,0.001,0.139,0.006,-0.02,0.014,-0.017,0.002,0.6510067114093959,0.0,1.0,1.0,0.0,0.0,0.0,43.24366641502422,0.10314552637513165,0.3,99.99999255779707,110.00000007346635,0.5000001184936956,55.00040129162654,0.2305626538725003,0.0011,0.0012,0.0055,0.0071
338,1762746491.832227,0.00020638919768730443,0.000742542935860336,0.2283613375658738,-0.0005206257579719207,0.0018576055303859032,0.023020513207183572,-0.001148905445692387,-0.0025957737823986064,0.676,-0.007,1.02,1.0,-0.0,-0.001,0.001,0.109,0.016,-0.015,0.016,-0.016,0.0,0.704,-0.004,1.155,1.0,0.001,-0.002,0.0,0.111,-0.001,0.017,-0.004,0.003,-0.0,0.676,-0.007,1.02,1.0,-0.0,-0.001,0.001,0.109,0.016,-0.015,0.016,-0.016,0.0,0.6577181208053691,0.0,1.0,1.0,0.0,0.0,0.0,43.237578509366344,0.1031302384579565,0.3,99.99999254952154,110.0000000734563,0.5000001186240965,55.00040557600894,0.23022769698774845,0.0006,0.0006,0.0034,0.0036
339,1762746491.9028833,-0.001256809489642021,0.0021019050366257457,0.22898119815121776,-0.0001198703547470785,-0.007315993436646626,0.00679681050382705,0.0030993029267198215,0.002003777016124211,0.684,-0.007,1.022,1.0,-0.0,-0.001,0.001,0.102,-0.003,0.0,0.003,-0.007,0.004,0.711,-0.004,1.156,1.0,0.001,-0.002,0.0,0.098,-0.001,0.024,-0.007,0.025,0.001,0.684,-0.007,1.022,1.0,-0.0,-0.001,0.001,0.102,-0.003,0.0,0.003,-0.007,0.004,0.6644295302013423,0.0,1.0,1.0,0.0,0.0,0.0,43.23558850922074,0.10312634682392727,0.3,99.99999253109077,110.00000007344516,0.5000001188980362,55.000409251666866,0.2307435458808664,0.0008,0.0012,0.005,0.0051
340,1762746491.9661334,-0.0012690586853680282,0.0016820794022541045,0.22501380730535073,0.00012133307256276119,-6.124597863003609e-05,-0.0020991281718582056,-0.019836954229335096,0.0012060171365491984,0.691,-0.008,1.024,1.0,-0.001,-0.001,0.001,0.094,-0.012,0.024,-0.009,0.014,0.002,0.719,-0.004,1.158,1.0,0.0,-0.001,0.0,0.092,-0.002,0.033,-0.009,0.028,0.0,0.691,-0.008,1.024,1.0,-0.001,-0.001,0.001,0.094,-0.012,0.024,-0.009,0.014,0.002,0.6711409395973155,0.0,1.0,1.0,0.0,0.0,0.0,43.239116222464496,0.10312321384501671,0.3,99.99999252316493,110.00000007344049,0.5000001190104821,55.00041006766369,0.23109245889179994,0.001,0.0006,0.0035,0.0037
341,1762746492.031374,-0.0023465529677771674,0.0063906575456506905,0.22524611115901916,0.0002691824863863732,-0.005387471412045696,0.023542890716982928,0.0011615192683423004,0.00073924706911806,0.693,-0.009,1.025,1.0,-0.001,0.0,0.001,0.055,-0.016,0.025,-0.005,0.019,0.001,0.726,-0.004,1.161,1.0,-0.0,0.0,0.0,0.101,-0.002,0.028,-0.008,0.022,0.0,0.693,-0.009,1.025,1.0,-0.001,0.0,0.001,0.055,-0.016,0.025,-0.005,0.019,0.001,0.6778523489932886,0.0,1.0,1.0,0.0,0.0,0.0,43.24468353710067,0.10310789301877915,0.3,99.9999925212047,110.00000007344138,0.5000001190343487,55.00041291835916,0.2305079760825541,0.0006,0.0007,0.003,0.0032
342,1762746492.1000228,-0.001988906680167569,0.0016554141143073266,0.22265423546315918,0.00039374710578204264,0.0017882314380479932,-0.023676217156716816,-0.01295937847929968,0.0006228230969783472,0.7,-0.01,1.03,1.0,-0.001,0.001,0.001,0.086,-0.014,0.053,-0.01,0.03,0.002,0.733,-0.004,1.162,1.0,-0.0,0.001,0.0,0.093,-0.002,0.016,-0.008,0.026,0.0,0.7,-0.01,1.03,1.0,-0.001,0.001,0.001,0.086,-0.014,0.053,-0.01,0.03,0.002,0.6845637583892618,0.0,1.0,1.0,0.0,0.0,0.0,43.2592159084846,0.10305604223124609,0.3,99.9999925131377,110.00000007343735,0.500000119127123,55.000412879654185,0.23063605322335512,0.0007,0.001,0.0043,0.0034
343,1762746492.1662502,-0.00013652679371761798,0.0013369465954627562,0.22263604080253208,0.0003528067580750216,0.009261899432249756,-0.0015923375942228524,-9.097330313562364e-05,-0.00020470173853510558,0.705,-0.01,1.034,1.0,-0.002,0.003,0.001,0.069,-0.005,0.051,-0.007,0.032,-0.003,0.74,-0.005,1.163,1.0,-0.001,0.002,0.0,0.088,-0.001,-0.004,-0.006,0.005,0.0,0.705,-0.01,1.034,1.0,-0.002,0.003,0.001,0.069,-0.005,0.051,-0.007,0.032,-0.003,0.6912751677852349,0.0,1.0,1.0,0.0,0.0,0.0,43.275363768717575,0.10300097599095498,0.3,99.99999251730434,110.00000007343635,0.5000001191191236,55.000418862845535,0.22967750846649362,0.0005,0.0008,0.004,0.0036
344,1762746492.2367442,-8.523548504967948e-05,-9.764737668229123e-05,0.2266216779192069,0.00042668437090069843,0.0002564565433396931,-0.007172969860725236,0.01992818558337418,0.0003693880641283845,0.71,-0.011,1.033,1.0,-0.002,0.003,0.001,0.093,-0.014,-0.002,-0.017,0.01,0.001,0.747,-0.005,1.162,1.0,-0.001,0.002,0.0,0.115,-0.0,-0.031,0.004,-0.01,0.0,0.71,-0.011,1.033,1.0,-0.002,0.003,0.001,0.093,-0.014,-0.002,-0.017,0.01,0.001,0.697986577181208,0.0,1.0,1.0,0.0,0.0,0.0,43.277635858380535,0.10299710530318154,0.3,99.99999250500025,110.00000007343115,0.5000001192797512,55.00042091225327,0.22940209202014497,0.0006,0.0006,0.005,0.0065
345,1762746492.3045254,-0.00010606999899012018,-0.000253753279712372,0.22691096872049782,0.00048469807278925486,-0.00010417256970220347,-0.0007805295151504048,0.0014464540064545693,0.00029006850944278227,0.715,-0.011,1.032,1.0,-0.002,0.003,0.001,0.097,-0.008,-0.01,-0.007,0.002,0.001,0.755,-0.005,1.159,1.0,-0.001,0.001,0.0,0.097,0.001,-0.029,0.007,-0.015,0.0,0.715,-0.011,1.032,1.0,-0.002,0.003,0.001,0.097,-0.008,-0.01,-0.007,0.002,0.001,0.7046979865771812,0.0,1.0,1.0,0.0,0.0,0.0,43.276835826212206,0.10299578849871016,0.3,99.99999248681897,110.00000007341727,0.5000001195222605,55.00042298754049,0.2294390145732079,0.001,0.0011,0.0049,0.0066
346,1762746492.3714793,-2.58145401865402e-06,-0.0021446779782032734,0.22920427722509765,-0.0001718755278873143,0.0005174427248573309,-0.009454623492454507,0.01146654252299909,-0.003282868003382846,0.728,-0.01,1.028,1.0,-0.002,0.002,0.001,0.12,0.002,-0.035,0.005,-0.012,0.0,0.763,-0.005,1.157,1.0,-0.0,0.001,0.0,0.102,0.001,-0.03,0.006,-0.012,-0.0,0.728,-0.01,1.028,1.0,-0.002,0.002,0.001,0.12,0.002,-0.035,0.005,-0.012,0.0,0.7114093959731543,0.0,1.0,1.0,0.0,0.0,0.0,43.2685663684707,0.10297136884514911,0.2999374498318721,99.99999248224194,110.00000007341275,0.5000001195647384,55.000421903673825,0.22941384958807381,0.001,0.0012,0.0051,0.0069
347,1762746492.4322171,0.0007384678899667943,-0.0005819133498278723,0.22951617999106808,-5.520990497070972e-05,0.0037052467199272412,0.007813823141877006,0.0015595138298521382,0.0005833281145830229,0.733,-0.009,1.026,1.0,-0.001,0.001,0.001,0.112,0.015,-0.039,0.007,-0.013,-0.003,0.77,-0.004,1.155,1.0,-0.0,0.0,0.0,0.103,0.001,-0.02,0.004,-0.015,-0.0,0.733,-0.009,1.026,1.0,-0.001,0.001,0.001,0.112,0.015,-0.039,0.007,-0.013,-0.003,0.7181208053691275,0.0,1.0,1.0,0.0,0.0,0.0,43.25777324053929,0.10292200670440965,0.3,99.99999248844391,110.00000007341636,0.5000001195074167,55.00042253558988,0.22956857011510462,0.001,0.0009,0.003,0.0032
348,1762746492.500107,0.0011542409289915746,-0.001473236150999327,0.23043707136211272,-0.0001751404071883758,0.0020788651951239006,-0.004456614005857274,0.004604456855223245,-0.0005996525110883305,0.74,-0.009,1.024,1.0,-0.001,0.001,0.0,0.126,0.016,-0.048,0.009,-0.02,-0.005,0.778,-0.004,1.154,1.0,0.0,-0.0,0.0,0.102,0.001,-0.007,0.005,-0.007,-0.0,0.74,-0.009,1.024,1.0,-0.001,0.001,0.0,0.126,0.016,-0.048,0.009,-0.02,-0.005,0.7248322147651006,0.0,1.0,1.0,0.0,0.0,0.0,43.24339107634264,0.10285101230425175,0.29995331729368785,99.99999250638986,110.00000007342562,0.5000001193021769,55.000421797924346,0.22919688138087396,0.001,0.0012,0.0041,0.0031
349,1762746492.5663116,0.00040934738123291395,-0.00256788545024458,0.22870179239502023,5.5494576855567526e-05,-0.003724467738793303,-0.005473246496226265,-0.008676394835462401,0.0011531749202197167,0.752,-0.008,1.022,1.0,-0.001,0.001,0.001,0.123,0.007,-0.024,0.007,-0.012,0.001,0.786,-0.004,1.154,1.0,0.0,-0.001,0.0,0.117,0.001,0.013,0.005,-0.002,-0.0,0.752,-0.008,1.022,1.0,-0.001,0.001,0.001,0.123,0.007,-0.024,0.007,-0.012,0.001,0.7315436241610738,0.0,1.0,1.0,0.0,0.0,0.0,43.23452824637014,0.1028120144297243,0.2999977926730364,99.99999250382635,110.00000007342683,0.5000001193299296,55.00042129239474,0.22908917395733402,0.0005,0.0006,0.0036,0.0041
350,1762746492.6361217,-0.0001189408184301367,-0.002636148077155262,0.22702717590197966,0.00013398026866674487,-0.002641440998315254,-0.0003413131345534094,-0.008373082465202993,0.0003924284590558869,0.758,-0.008,1.023,1.0,-0.001,0.0,0.001,0.123,0.006,-0.001,0.004,-0.006,-0.002,0.793,-0.004,1.155,1.0,0.0,-0.001,0.0,0.1,0.001,0.019,-0.001,-0.008,-0.0,0.758,-0.008,1.023,1.0,-0.001,0.0,0.001,0.123,0.006,-0.001,0.004,-0.006,-0.002,0.7382550335570469,0.0,1.0,1.0,0.0,0.0,0.0,43.2322658567357,0.10280529145649174,0.3,99.9999925048283,110.0000000734263,0.5000001193180066,55.00042070855087,0.2291399854400778,0.001,0.0012,0.0048,0.005
351,1762746492.704844,-0.0041765664719329056,-0.0011004939840545292,0.22646562351941982,0.000271166892336017,-0.02028812826751384,0.007678270465503666,-0.0028077619127991624,0.0006859331183463607,0.766,-0.008,1.023,1.0,-0.001,0.0,0.001,0.113,0.0,0.009,0.002,-0.008,0.001,0.801,-0.004,1.157,1.0,0.0,-0.001,0.0,0.11,0.001,0.023,-0.003,-0.008,-0.0,0.766,-0.008,1.023,1.0,-0.001,0.0,0.001,0.113,0.0,0.009,0.002,-0.008,0.001,0.7449664429530202,0.0,1.0,1.0,0.0,0.0,0.0,43.23334049053717,0.1028067840770176,0.3,99.99999250078325,110.00000007342591,0.5000001193623048,55.00042062145159,0.22912254571871304,0.001,0.0012,0.0051,0.0068
352,1762746492.7708833,-0.000456818390593318,0.0010069347218521596,0.22658187629546941,0.00022214371915082952,0.018598740406697935,0.010537143529533445,0.0005812638802479956,-0.0002451158659259377,0.772,-0.008,1.024,1.0,-0.001,-0.0,0.001,0.103,0.002,0.007,-0.005,-0.011,-0.005,0.808,-0.004,1.158,1.0,-0.0,-0.001,0.0,0.092,0.0,0.017,-0.017,0.003,0.0,0.772,-0.008,1.024,1.0,-0.001,-0.0,0.001,0.103,0.002,0.007,-0.005,-0.011,-0.005,0.7516778523489933,0.0,1.0,1.0,0.0,0.0,0.0,43.234266298755664,0.10280664227109035,0.3,99.99999250595914,110.00000007343024,0.500000119342525,55.00042113652608,0.2292326685945226,0.0005,0.001,0.0051,0.0069
353,1762746492.8328216,-0.0007888109338367985,-0.0005431853939606474,0.22481595607075824,0.00032816339866980775,-0.0016599627162174032,-0.007750600579064036,-0.008829601123555695,0.0005300983975948912,0.781,-0.008,1.025,1.0,-0.001,-0.0,0.001,0.109,-0.008,0.029,-0.012,0.002,0.001,0.815,-0.004,1.16,1.0,-0.001,-0.001,0.0,0.099,0.001,0.017,-0.004,0.015,-0.0,0.781,-0.008,1.025,1.0,-0.001,-0.0,0.001,0.109,-0.008,0.029,-0.012,0.002,0.001,0.7583892617449665,0.0,1.0,1.0,0.0,0.0,0.0,43.241742558535286,0.1028032595700954,0.3,99.99999249677539,110.0000000734315,0.5000001194564812,55.000421296310066,0.22926128804797838,0.0008,0.0007,0.0031,0.0042
354,1762746492.9000404,7.638356325911661e-05,0.001150678418106033,0.22508549094802627,0.00032889117928527894,0.004325972485479574,0.008469319060333401,0.0013476743863403231,3.6389030773559326e-06,0.787,-0.009,1.027,1.0,-0.002,0.0,0.001,0.091,-0.008,0.025,-0.01,0.008,-0.002,0.822,-0.004,1.161,1.0,-0.001,-0.0,0.0,0.101,0.002,0.008,-0.0,0.006,0.0,0.787,-0.009,1.027,1.0,-0.002,0.0,0.001,0.091,-0.008,0.025,-0.01,0.008,-0.002,0.7651006711409396,0.0,1.0,1.0,0.0,0.0,0.0,43.24924038647822,0.10279736428024527,0.2999665551882331,99.99999250229368,110.00000007343179,0.5000001193913454,55.000421585291484,0.22915837490451893,0.0005,0.0008,0.0047,0.0033
355,1762746492.9715598,0.001961922090015165,0.001392500342207388,0.224919857800305,0.00036883439676742524,0.00942769263378024,0.0012091096205067756,-0.0008281657386063025,0.00019971608741073166,0.791,-0.009,1.028,1.0,-0.002,0.001,0.001,0.085,0.004,0.025,-0.005,0.014,-0.001,0.83,-0.004,1.161,1.0,-0.001,-0.0,0.0,0.106,0.003,-0.002,0.005,0.009,-0.0,0.791,-0.009,1.028,1.0,-0.002,0.001,0.001,0.085,0.004,0.025,-0.005,0.014,-0.001,0.7718120805369127,0.0,1.0,1.0,0.0,0.0,0.0,43.257304220687345,0.10279486152627326,0.29995996011660214,99.99999250364361,110.0000000734345,0.5000001193720705,55.00042234992358,0.22903811020894752,0.001,0.0011,0.0049,0.0069
356,1762746493.0318549,0.001917933752011644,-0.0008517915854696725,0.22494150683012895,-0.0002499542649164273,-0.00021994169001760683,-0.0112214596383853,0.00010824514911988992,-0.0030939433084192624,0.799,-0.008,1.03,1.0,-0.002,0.001,0.001,0.102,0.006,0.022,-0.003,0.013,-0.0,0.837,-0.004,1.16,1.0,-0.0,0.0,0.0,0.102,0.003,-0.013,0.014,0.007,0.0,0.799,-0.008,1.03,1.0,-0.002,0.001,0.001,0.102,0.006,0.022,-0.003,0.013,-0.0,0.7785234899328859,0.0,1.0,1.0,0.0,0.0,0.0,43.26523738811544,0.10279967515025906,0.3,99.99999249612489,110.0000000734273,0.5000001194660144,55.00042199112703,0.22915703725363368,0.0007,0.0006,0.0033,0.0032
357,1762746493.1001458,0.004248762698155453,0.0009600252597858595,0.2271974639376293,-0.00031711227761577936,0.01165414473071904,0.009059084226277658,0.011279785537501925,-0.00033579006349676046,0.804,-0.007,1.029,1.0,-0.002,0.001,0.0,0.091,0.027,-0.007,0.012,0.005,-0.005,0.844,-0.003,1.159,1.0,0.0,0.0,0.0,0.106,0.003,-0.024,0.014,-0.004,-0.0,0.804,-0.007,1.029,1.0,-0.002,0.001,0.0,0.091,0.027,-0.007,0.012,0.005,-0.005,0.785234899328859,0.0,1.0,1.0,0.0,0.0,0.0,43.26536098570374,0.10279995612403704,0.3,99.99999251050164,110.00000007343381,0.5000001193194382,55.00042331170021,0.22908599258993365,0.0007,0.001,0.0044,0.0033
358,1762746493.1716638,0.0015614298207820947,-0.0009298031585605868,0.2272179056564124,2.952335119914631e-05,-0.013436664386866793,-0.009449142091732232,0.00010220859391570731,0.0017331781440746282,0.811,-0.007,1.028,1.0,-0.001,0.001,0.001,0.106,0.008,-0.009,0.015,0.006,0.004,0.851,-0.003,1.158,1.0,0.001,0.0,0.0,0.105,0.002,-0.024,0.017,0.001,-0.0,0.811,-0.007,1.028,1.0,-0.001,0.001,0.001,0.106,0.008,-0.009,0.015,0.006,0.004,0.7919463087248322,0.0,1.0,1.0,0.0,0.0,0.0,43.26421267202015,0.10279555931973336,0.3,99.99999250549081,110.00000007342739,0.5000001193767664,55.00042280441682,0.22916342833066072,0.0009,0.0012,0.0051,0.0071
359,1762746493.2383606,0.001106272221047996,0.0013396043086218996,0.22836886925727307,0.0001182040256907125,-0.002275787998670495,0.01134703733591243,0.005754818004303126,0.00044340337245783116,0.819,-0.005,1.026,1.0,-0.0,0.001,0.001,0.106,0.021,-0.021,0.015,-0.0,-0.001,0.859,-0.003,1.156,1.0,0.001,0.0,0.0,0.108,0.001,-0.024,0.006,-0.006,-0.0,0.819,-0.005,1.026,1.0,-0.0,0.001,0.001,0.106,0.021,-0.021,0.015,-0.0,-0.001,0.7986577181208053,0.0,1.0,1.0,0.0,0.0,0.0,43.259325953973764,0.10277203579844237,0.3,99.99999250325611,110.00000007342899,0.5000001194083649,55.00042382904474,0.22911732132330143,0.0009,0.0012,0.0052,0.007
360,1762746493.300018,3.673084098636649e-05,-0.00252369280869958,0.22829236894888544,0.0002722336553015079,-0.005347706900308148,-0.019316485586607396,-0.00038250154193819825,0.0007701481480539772,0.825,-0.005,1.025,1.0,-0.0,0.001,0.001,0.123,0.01,-0.02,0.011,-0.002,0.002,0.866,-0.003,1.154,1.0,0.001,0.0,0.0,0.096,-0.001,-0.014,-0.005,0.002,0.0,0.825,-0.005,1.025,1.0,-0.0,0.001,0.001,0.123,0.01,-0.02,0.011,-0.002,0.002,0.8053691275167785,0.0,1.0,1.0,0.0,0.0,0.0,43.25387446297412,0.10274205117418404,0.3,99.99999249769984,110.0000000734257,0.5000001194709766,55.00042395567111,0.22909466276432458,0.0011,0.0013,0.0036,0.0034
361,1762746493.3650997,0.0001746711713696467,0.01867653594336187,0.243500184100808,0.00020252473244610156,0.0006897016519164002,0.10600114376030724,0.07603907575961305,-0.0003485446142770318,0.827,-0.005,1.014,1.0,0.0,0.001,0.001,-0.028,0.011,-0.198,0.007,-0.006,-0.003,0.873,-0.003,1.154,1.0,0.001,-0.0,0.0,0.109,-0.002,-0.007,-0.012,-0.013,-0.0,0.827,-0.005,1.014,1.0,0.0,0.001,0.001,-0.028,0.011,-0.198,0.007,-0.006,-0.003,0.8120805369127516,0.0,1.0,1.0,0.0,0.0,0.0,43.19621857550259,0.10242585682957465,0.3,99.99999249634422,110.00000007342375,0.5000001195323005,55.00042941280234,0.22942971749682606,0.0008,0.0009,0.0029,0.0032
362,1762746493.4383442,-0.003549408368141984,0.008627649347473763,0.2317548783935961,0.00023446553118134232,-0.01862039769755815,-0.050244432979440534,-0.05872652853605942,0.00015970399367620357,0.836,-0.006,1.012,1.0,-0.0,0.0,0.001,0.09,-0.011,-0.064,-0.002,-0.011,0.004,0.88,-0.003,1.156,1.0,0.001,0.001,0.0,0.112,-0.003,0.086,-0.012,0.09,-0.0,0.836,-0.006,1.012,1.0,-0.0,0.0,0.001,0.09,-0.011,-0.064,-0.002,-0.011,0.004,0.8187919463087248,0.0,1.0,1.0,0.0,0.0,0.0,43.16829180702236,0.1023031565021967,0.3,99.99999241713849,110.00000007336293,0.5000001207099647,55.00040199347398,0.23375424914763232,0.001,0.0012,0.0051,0.0069
363,1762746493.4985058,-0.003342859293942124,0.003957867199771133,0.22294860018400187,0.00020602196542754403,0.0010327453709992988,-0.023348910738513154,-0.04403139104797103,-0.00014221782876899132,0.839,-0.007,1.02,1.0,-0.001,0.003,0.001,0.052,-0.011,0.059,-0.013,0.044,-0.004,0.888,-0.004,1.163,1.0,-0.0,0.004,0.0,0.104,-0.003,0.11,-0.021,0.041,0.0,0.839,-0.007,1.02,1.0,-0.001,0.003,0.001,0.052,-0.011,0.059,-0.013,0.044,-0.004,0.825503355704698,0.0,1.0,1.0,0.0,0.0,0.0,43.17794180441962,0.1022801321674953,0.3,99.99999242512233,110.0000000733666,0.5000001206452636,55.00040354839487,0.23390561371875357,0.0004,0.001,0.0032,0.0033
364,1762746493.5654008,-0.005101699020993207,0.00026163645966304546,0.21890680177441768,0.0002615006992300639,-0.008794198635255417,-0.018481153700540445,-0.020208992047920836,0.00027739366901259935,0.842,-0.008,1.028,1.0,-0.001,0.004,0.001,0.057,-0.021,0.115,-0.02,0.057,-0.001,0.895,-0.004,1.17,1.0,-0.001,0.004,0.0,0.11,-0.003,0.094,-0.017,-0.005,0.0,0.842,-0.008,1.028,1.0,-0.001,0.004,0.001,0.057,-0.021,0.115,-0.02,0.057,-0.001,0.8322147651006712,0.0,1.0,1.0,0.0,0.0,0.0,43.20768295040199,0.10204252029661709,0.3,99.99999241635841,110.00000007335784,0.5000001208121608,55.00041593705166,0.2330803617322595,0.001,0.0006,0.003,0.0033
365,1762746493.635979,-0.007566384181941934,-0.004349197264478526,0.2184072525433702,0.0002941582784323226,-0.012323425804743646,-0.023054168620707857,-0.0024977461552373945,0.00016328789601129353,0.849,-0.01,1.037,1.0,-0.002,0.005,0.001,0.098,-0.019,0.114,-0.009,0.02,-0.001,0.903,-0.004,1.176,1.0,-0.001,0.003,0.0,0.117,-0.002,0.056,-0.018,-0.038,0.0,0.849,-0.01,1.037,1.0,-0.002,0.005,0.001,0.098,-0.019,0.114,-0.009,0.02,-0.001,0.8389261744966443,0.0,1.0,1.0,0.0,0.0,0.0,43.24106657144338,0.10169445604067058,0.3,99.99999239624708,110.00000007334353,0.5000001211477683,55.00041997534019,0.23365442002608358,0.0011,0.0012,0.0053,0.0043
366,1762746493.6990705,-0.010269592464044928,-0.005902455244837788,0.22377273293760655,0.000454493641673703,-0.013516041410514965,-0.00776628990179631,0.026827401971181858,0.0008016768162069016,0.859,-0.013,1.038,1.0,-0.003,0.004,0.001,0.126,-0.03,0.04,-0.016,-0.023,0.004,0.912,-0.004,1.178,1.0,-0.002,0.002,0.0,0.128,0.0,0.012,-0.027,-0.058,0.0,0.859,-0.013,1.038,1.0,-0.003,0.004,0.001,0.126,-0.03,0.04,-0.016,-0.023,0.004,0.8456375838926175,0.0,1.0,1.0,0.0,0.0,0.0,43.25609548199667,0.10155405233132783,0.3,99.99999236191897,110.00000007331958,0.5000001215816916,55.00042092998389,0.234157175766043,0.0006,0.0007,0.0037,0.0034
367,1762746493.7655063,-0.014703019080690034,-0.00998969496371371,0.22700919173076053,0.0006240377517929259,-0.02216713308322553,-0.020436198594379607,0.016182293965770034,0.0008477205505961149,0.868,-0.015,1.037,1.0,-0.003,0.002,0.001,0.173,-0.043,-0.01,-0.019,-0.049,0.008,0.92,-0.004,1.178,1.0,-0.003,-0.0,0.0,0.128,0.004,-0.007,-0.031,-0.055,0.0,0.868,-0.015,1.037,1.0,-0.003,0.002,0.001,0.173,-0.043,-0.01,-0.019,-0.049,0.008,0.8523489932885906,0.0,1.0,1.0,0.0,0.0,0.0,43.25673123448198,0.10155314373775234,0.3,99.99999231146984,110.00000007329311,0.5000001221387527,55.00042578890587,0.23350969628950477,0.0005,0.0007,0.0031,0.0039
368,1762746493.8333824,-0.014205269100970131,-0.010068679715025989,0.23002650169920977,-9.59961807447912e-05,0.0024887498985995057,-0.00039492375656138834,0.01508654984224627,-0.0036001696626885853,0.877,-0.016,1.034,1.0,-0.004,0.001,0.001,0.171,-0.028,-0.048,-0.028,-0.061,0.0,0.929,-0.004,1.178,1.0,-0.005,-0.002,0.0,0.117,0.008,-0.007,-0.041,-0.051,-0.001,0.877,-0.016,1.034,1.0,-0.004,0.001,0.001,0.171,-0.028,-0.048,-0.028,-0.061,0.0,0.8590604026845637,0.0,1.0,1.0,0.0,0.0,0.0,43.245673267427506,0.10157996388937997,0.3,99.99999229987279,110.00000007328542,0.5000001223062547,55.000428157545194,0.23324473873755563,0.0005,0.0007,0.0038,0.0041
369,1762746493.9046452,-0.01599163716323825,-0.011319646752082017,0.23036375945656987,0.00011747571044149504,-0.008931840311340585,-0.00625483518528015,0.0016862887868004592,0.001067359455931431,0.895,-0.019,1.029,1.0,-0.006,-0.002,0.001,0.179,-0.033,-0.05,-0.033,-0.056,0.004,0.937,-0.003,1.178,1.0,-0.006,-0.004,0.0,0.106,0.014,0.007,-0.028,-0.031,-0.0,0.895,-0.019,1.029,1.0,-0.006,-0.002,0.001,0.179,-0.033,-0.05,-0.033,-0.056,0.004,0.8657718120805369,0.0,1.0,1.0,0.0,0.0,0.0,43.2320814444355,0.10157465756706156,0.3,99.99999226898257,110.00000007326487,0.5000001227275008,55.00043528289421,0.23302735999085622,0.001,0.0012,0.005,0.0067
370,1762746493.971605,-0.015367664591680442,-0.010125336242917747,0.22810062094363126,-5.983494199045779e-05,0.0031198628577890353,0.0059715525458213375,-0.011315692564693225,-0.0008865532621597639,0.903,-0.02,1.029,1.0,-0.007,-0.003,0.001,0.155,-0.014,-0.021,-0.041,-0.042,-0.008,0.944,-0.001,1.179,1.0,-0.007,-0.005,0.0,0.108,0.022,0.027,-0.024,-0.021,-0.0,0.903,-0.02,1.029,1.0,-0.007,-0.003,0.001,0.155,-0.014,-0.021,-0.041,-0.042,-0.008,0.87248322147651,0.0,1.0,1.0,0.0,0.0,0.0,43.22565696320156,0.10156407372778235,0.3,99.99999229385597,110.00000007327596,0.5000001225104302,55.00044317887744,0.23321120553951658,0.001,0.0012,0.005,0.007
371,1762746494.0389488,-0.01740575896174092,-0.011395762085223122,0.226063361860857,-5.144488563621212e-05,-0.01019047185030238,-0.0063521292115268895,-0.010186295413871293,4.195028177122833e-05,0.914,-0.02,1.029,1.0,-0.008,-0.004,0.001,0.145,-0.007,0.008,-0.027,-0.021,-0.003,0.952,0.0,1.181,1.0,-0.007,-0.005,0.0,0.092,0.028,0.031,-0.01,-0.006,-0.0,0.914,-0.02,1.029,1.0,-0.008,-0.004,0.001,0.145,-0.007,0.008,-0.027,-0.021,-0.003,0.8791946308724832,0.0,1.0,1.0,0.0,0.0,0.0,43.22776071969601,0.10156546628161157,0.3,99.99999229297129,110.00000007327483,0.5000001225643054,55.000442949965446,0.23408786793854786,0.0011,0.0012,0.0056,0.007
372,1762746494.1055872,-0.020738925108681888,-0.011988465168693431,0.22576853608886327,-0.0006552950022747776,-0.01666583073470484,-0.002963515417351542,-0.001474128859968571,-0.0030192505831928267,0.92,-0.02,1.03,1.0,-0.009,-0.005,0.001,0.139,-0.001,0.013,-0.023,-0.019,-0.0,0.959,0.003,1.183,1.0,-0.008,-0.005,0.0,0.086,0.036,0.027,-0.009,-0.003,-0.0,0.92,-0.02,1.03,1.0,-0.009,-0.005,0.001,0.139,-0.001,0.013,-0.023,-0.019,-0.0,0.8859060402684563,0.0,1.0,1.0,0.0,0.0,0.0,43.23215232195282,0.10157021493505214,0.3,99.99999227968992,110.00000007326479,0.5000001227713853,55.000442510886394,0.235077608654209,0.001,0.0012,0.0056,0.007
373,1762746494.16477,-0.026739252395350924,-0.010893299148615001,0.2289973711014712,-0.00023063544653743835,-0.030001636433345174,0.00547583010039215,0.01614417506303972,0.002123297778686696,0.929,-0.018,1.03,1.0,-0.009,-0.005,0.001,0.124,0.003,-0.029,-0.008,-0.025,0.007,0.966,0.006,1.185,1.0,-0.008,-0.005,0.0,0.082,0.046,0.023,-0.021,-0.005,0.001,0.929,-0.018,1.03,1.0,-0.009,-0.005,0.001,0.124,0.003,-0.029,-0.008,-0.025,0.007,0.8926174496644295,0.0,1.0,1.0,0.0,0.0,0.0,43.22502422554931,0.10155257466946531,0.3,99.99999227510014,110.00000007325839,0.5000001228513857,55.00043135232372,0.23623538028672547,0.0005,0.0008,0.0029,0.0032
374,1762746494.2316628,-0.027662610028054573,-0.008505410126279688,0.22599747803047784,4.467183166760022e-06,-0.004616788163518237,0.011939445111676557,-0.014999465354966827,0.0011755131485209922,0.936,-0.017,1.032,1.0,-0.01,-0.005,0.001,0.086,0.016,0.003,-0.018,-0.012,0.005,0.972,0.01,1.187,1.0,-0.01,-0.006,0.0,0.079,0.058,0.034,-0.044,-0.0,0.0,0.936,-0.017,1.032,1.0,-0.01,-0.005,0.001,0.086,0.016,0.003,-0.018,-0.012,0.005,0.8993288590604027,0.0,1.0,1.0,0.0,0.0,0.0,43.22608022397939,0.10155369005666955,0.3,99.99999226801273,110.00000007325345,0.5000001229375182,55.00041584527932,0.23665578569940104,0.0005,0.0007,0.0032,0.0034
375,1762746494.3049397,-0.030241417585876486,-0.011053633183720678,0.22518282909984638,-0.00011337245931661611,-0.01289403778910956,-0.012741115287204946,-0.004073244653157402,-0.0005891982124168807,0.941,-0.016,1.033,1.0,-0.011,-0.005,0.001,0.092,0.015,0.016,-0.037,-0.009,-0.001,0.977,0.015,1.19,1.0,-0.011,-0.005,0.0,0.067,0.065,0.028,-0.04,0.009,0.0,0.941,-0.016,1.033,1.0,-0.011,-0.005,0.001,0.092,0.015,0.016,-0.037,-0.009,-0.001,0.9060402684563759,0.0,1.0,1.0,0.0,0.0,0.0,43.231985035146884,0.10156884088404151,0.3,99.99999223966171,110.00000007323277,0.5000001233138667,55.00040466381416,0.23850648670002478,0.0011,0.0012,0.0051,0.0069
376,1762746494.367606,-0.03328278625229907,-0.013234018190175754,0.22303631979107,-0.00021206494641054155,-0.01520684333211296,-0.010901925032275373,-0.010732546543882008,-0.0004934624354696272,0.947,-0.015,1.036,1.0,-0.013,-0.005,0.001,0.077,0.018,0.041,-0.046,0.007,-0.002,0.982,0.021,1.192,1.0,-0.013,-0.005,0.0,0.071,0.089,0.022,-0.04,0.002,0.0,0.947,-0.015,1.036,1.0,-0.013,-0.005,0.001,0.077,0.018,0.041,-0.046,0.007,-0.002,0.912751677852349,0.0,1.0,1.0,0.0,0.0,0.0,43.24608073128987,0.10162323607887479,0.29982715043200453,99.9999922169924,110.00000007322018,0.5000001235628819,55.000383610447265,0.23975409559079677,0.001,0.0012,0.004,0.0039
377,1762746494.4360552,-0.031431340024948295,-0.015293002825360731,0.22335255067757612,-0.0003187442539987906,0.009257231136753873,-0.010294923175924904,0.0015811544325305665,-0.0005333965379412456,0.952,-0.011,1.039,1.0,-0.015,-0.005,0.001,0.07,0.041,0.035,-0.051,0.007,-0.004,0.987,0.027,1.192,1.0,-0.014,-0.005,0.0,0.065,0.106,0.002,-0.037,-0.01,0.0,0.952,-0.011,1.039,1.0,-0.015,-0.005,0.001,0.07,0.041,0.035,-0.051,0.007,-0.004,0.9194630872483222,0.0,1.0,1.0,0.0,0.0,0.0,43.26039928457916,0.10170133767333114,0.2998467153414499,99.99999219281652,110.00000007320237,0.5000001238250149,55.00037054733413,0.24012921487585698,0.0006,0.0007,0.0038,0.0069
378,1762746494.5016093,-0.032682072901965904,-0.01632903867591421,0.22460328966178467,-0.00025840807375631855,-0.006253664385088023,-0.005180179252767404,0.006253694921042577,0.0003016809012123601,0.958,-0.006,1.039,1.0,-0.016,-0.005,0.001,0.076,0.061,0.016,-0.039,-0.0,-0.002,0.991,0.035,1.192,1.0,-0.015,-0.006,0.0,0.063,0.133,-0.018,-0.019,-0.022,0.0,0.958,-0.006,1.039,1.0,-0.016,-0.005,0.001,0.076,0.061,0.016,-0.039,-0.0,-0.002,0.9261744966442953,0.0,1.0,1.0,0.0,0.0,0.0,43.27033177561646,0.10178186479367951,0.3,99.9999921728167,110.00000007318745,0.5000001240698856,55.00035411879983,0.24096043560325195,0.0011,0.0013,0.0051,0.0035
379,1762746494.5651796,-0.03496862833719627,-0.018825575176335995,0.22685824011833683,-0.00014876432059319523,-0.011432777176151869,-0.01248268250210892,0.011274752282760852,0.0005482187658156164,0.961,-0.002,1.038,1.0,-0.017,-0.005,0.001,0.07,0.077,-0.015,-0.032,-0.016,0.003,0.995,0.044,1.19,1.0,-0.016,-0.007,0.0,0.053,0.146,-0.032,-0.012,-0.023,-0.0,0.961,-0.002,1.038,1.0,-0.017,-0.005,0.001,0.07,0.077,-0.015,-0.032,-0.016,0.003,0.9328859060402684,0.0,1.0,1.0,0.0,0.0,0.0,43.271797097414726,0.10179487764587072,0.29998237939587874,99.99999217413593,110.00000007318725,0.5000001240754837,55.00033924606504,0.2421311983731207,0.0006,0.0007,0.0031,0.0035
380,1762746494.6320374,-0.032041993205194366,-0.02368268915214576,0.22888004558801847,-0.0008884750319017385,0.014633175660009505,-0.024285569879048827,0.010109027348408071,-0.0036985535565427167,0.967,0.008,1.034,1.0,-0.017,-0.006,0.001,0.087,0.125,-0.04,-0.015,-0.022,0.0,0.998,0.055,1.188,1.0,-0.016,-0.008,0.0,0.04,0.152,-0.03,-0.014,-0.026,-0.0,0.967,0.008,1.034,1.0,-0.017,-0.006,0.001,0.087,0.125,-0.04,-0.015,-0.022,0.0,0.9395973154362416,0.0,1.0,1.0,0.0,0.0,0.0,43.265510261925215,0.10169461331793551,0.2996767186627272,99.99999219546753,110.00000007319862,0.5000001238388417,55.000340897285035,0.242029828901036,0.0006,0.0008,0.0034,0.0033
381,1762746494.6990867,-0.03402180498886684,-0.02456074903471805,0.2285225828505426,-0.0006010777896704446,-0.009899058918362342,-0.004390299412861454,-0.0017873136873793752,0.0014369862111564698,0.97,0.014,1.032,1.0,-0.017,-0.007,0.001,0.066,0.128,-0.034,-0.018,-0.017,-0.001,1.001,0.067,1.186,1.0,-0.016,-0.009,0.0,0.031,0.177,-0.022,0.0,-0.042,0.001,0.97,0.014,1.032,1.0,-0.017,-0.007,0.001,0.066,0.128,-0.034,-0.018,-0.017,-0.001,0.9463087248322147,0.0,1.0,1.0,0.0,0.0,0.0,43.25966711082145,0.1015847461415058,0.3,99.99999217399359,110.00000007318418,0.5000001241728338,55.00032491327715,0.2432891912034225,0.0004,0.0008,0.0034,0.0037
382,1762746494.7680438,-0.03274371386539611,-0.023209842587563905,0.2310435418846968,-0.0010581466817695564,0.006390455617353628,0.006754532235770737,0.012604795170770806,-0.0022853444604955583,0.975,0.026,1.027,1.0,-0.018,-0.008,0.001,0.057,0.159,-0.059,-0.01,-0.042,-0.0,1.003,0.08,1.185,1.0,-0.016,-0.01,0.0,0.021,0.216,-0.015,-0.001,-0.042,0.001,0.975,0.026,1.027,1.0,-0.018,-0.008,0.001,0.057,0.159,-0.059,-0.01,-0.042,-0.0,0.9530201342281879,0.0,1.0,1.0,0.0,0.0,0.0,43.24592986877714,0.10131785856783164,0.2998434779380022,99.99999218857452,110.0000000731934,0.5000001240011421,55.00033845849687,0.2430450644404944,0.0007,0.001,0.005,0.0041
383,1762746494.835694,-0.03125344543765297,-0.027057840767687375,0.2303355592595708,-0.0006876440442025981,0.007451342138715731,-0.01923999090061735,-0.0035399131256299687,0.001852513187834791,0.981,0.04,1.024,1.0,-0.018,-0.01,0.001,0.074,0.183,-0.049,-0.002,-0.041,0.003,1.004,0.095,1.185,1.0,-0.016,-0.011,0.0,0.007,0.256,0.008,0.003,-0.019,0.001,0.981,0.04,1.024,1.0,-0.018,-0.01,0.001,0.074,0.183,-0.049,-0.002,-0.041,0.003,0.959731543624161,0.0,1.0,1.0,0.0,0.0,0.0,43.232888010461934,0.10106169399385559,0.29950642107022835,99.99999225092094,110.00000007322669,0.5000001232369721,55.000331554580775,0.24352671742135126,0.0011,0.0013,0.0054,0.0039
384,1762746494.8993087,-0.028228989751785595,-0.024392573502350762,0.22971465733038623,-0.0004407071096532272,0.01512227842933687,0.01332633632668305,-0.0031045096459227754,0.001234684672746855,0.982,0.052,1.023,1.0,-0.018,-0.011,0.001,0.028,0.217,-0.037,0.003,-0.035,-0.002,1.003,0.111,1.186,1.0,-0.016,-0.012,0.0,-0.009,0.254,0.028,0.011,-0.02,0.001,0.982,0.052,1.023,1.0,-0.018,-0.011,0.001,0.028,0.217,-0.037,0.003,-0.035,-0.002,0.9664429530201342,0.0,1.0,1.0,0.0,0.0,0.0,43.222553171210336,0.1008702271701813,0.29984222504407376,99.99999223631133,110.00000007321785,0.5000001234571736,55.000388739918115,0.2420323550992074,0.0011,0.001,0.0031,0.0034
385,1762746494.971417,-0.02953484488050999,-0.028806019104378806,0.22911667803186336,-2.0031975165855833e-05,-0.0065292756436219485,-0.02206722801014022,-0.0029898964926145313,0.0021033756724368564,0.985,0.069,1.022,1.0,-0.017,-0.012,0.001,0.038,0.222,0.0,0.01,-0.022,0.01,1.002,0.129,1.188,1.0,-0.015,-0.012,0.001,-0.025,0.274,0.043,0.025,-0.003,0.0,0.985,0.069,1.022,1.0,-0.017,-0.012,0.001,0.038,0.222,0.0,0.01,-0.022,0.01,0.9731543624161073,0.0,1.0,1.0,0.0,0.0,0.0,43.221882203025,0.10085879016264708,0.29986819447013535,99.99999235888612,110.00000007329284,0.5000001219468196,55.00037256397771,0.24304172088280387,0.0011,0.0012,0.0052,0.0065
386,1762746495.0321853,-0.024677677225750615,-0.02830434077007667,0.225469669879753,-2.7074649736360233e-06,0.0242858382737969,0.0025083916715107,-0.018235040760551928,8.662255096109875e-05,0.984,0.09,1.024,1.0,-0.017,-0.012,0.001,-0.001,0.266,0.02,0.016,-0.015,0.001,1.0,0.148,1.192,1.0,-0.015,-0.013,0.001,-0.041,0.29,0.054,0.014,-0.017,0.0,0.984,0.09,1.024,1.0,-0.017,-0.012,0.001,-0.001,0.266,0.02,0.016,-0.015,0.001,0.9798657718120806,0.0,1.0,1.0,0.0,0.0,0.0,43.22597807840355,0.10090842859705351,0.3,99.99999237910575,110.00000007330243,0.5000001217197775,55.00044281762828,0.24135597726185293,0.0006,0.0007,0.0035,0.0034
387,1762746495.098469,-0.02246564532752514,-0.029800981297964945,0.224183200842252,8.839177143421984e-05,0.011060159491127392,-0.007483202639441352,-0.006432345187504905,0.00045549618203927927,0.984,0.104,1.026,1.0,-0.016,-0.012,0.001,-0.013,0.284,0.041,0.016,-0.012,0.002,0.997,0.168,1.195,1.0,-0.014,-0.013,0.001,-0.056,0.3,0.046,0.025,-0.013,0.0,0.984,0.104,1.026,1.0,-0.016,-0.012,0.001,-0.013,0.284,0.041,0.016,-0.012,0.002,0.9865771812080537,0.0,1.0,1.0,0.0,0.0,0.0,43.23757634873637,0.10101202555932211,0.3,99.99999239945201,110.00000007331352,0.5000001214995216,55.000497989539646,0.2407551303081865,0.0006,0.0007,0.0031,0.0034
388,1762746495.1645806,-0.022417545752150228,-0.0296682063564495,0.21933475048094908,0.00041636793749160134,0.00024049787687454444,0.0006638747075772,-0.02424225180651441,0.0016398808302869076,0.981,0.127,1.032,1.0,-0.015,-0.012,0.002,-0.049,0.292,0.1,0.023,0.006,0.005,0.992,0.19,1.198,1.0,-0.013,-0.014,0.001,-0.078,0.345,0.033,0.038,-0.017,0.0,0.981,0.127,1.032,1.0,-0.015,-0.012,0.002,-0.049,0.292,0.1,0.023,0.006,0.005,0.9932885906040269,0.0,1.0,1.0,0.0,0.0,0.0,43.26760349473739,0.10121895064284046,0.2999639524188028,99.99999242286766,110.00000007332758,0.5000001211538851,55.00053390339673,0.23998820774391486,0.0005,0.0006,0.0029,0.0032
389,1762746495.2322772,-0.01720823613066206,-0.02891175613042634,0.22480898751099976,0.0002607009022548153,0.026046548107440844,0.0037822511301158143,0.027371185150253323,-0.0007783351761839302,0.978,0.145,1.033,1.0,-0.014,-0.013,0.001,-0.052,0.339,0.03,0.033,-0.018,-0.001,0.987,0.212,1.198,1.0,-0.012,-0.014,0.001,-0.094,0.354,-0.008,0.031,-0.013,-0.0,0.978,0.145,1.033,1.0,-0.014,-0.013,0.001,-0.052,0.339,0.03,0.033,-0.018,-0.001,1.0,0.0,1.0,1.0,0.0,0.0,0.0,43.28089520266057,0.10130029165891852,0.3,99.99999243060064,110.00000007333227,0.5000001211308486,55.000650663181695,0.23842454464765453,0.0005,0.0006,0.0036,0.0035
390,1762746495.3029892,-0.0158298164125267,-0.032876432007067094,0.2257899096193926,0.0004896075086600355,0.006892098590676798,-0.019823379383203766,0.004904610541964126,0.001144533032026101,0.975,0.17,1.033,1.0,-0.013,-0.014,0.002,-0.041,0.342,0.009,0.035,-0.015,0.004,0.98,0.235,1.197,1.0,-0.011,-0.014,0.001,-0.107,0.35,-0.021,0.038,-0.002,-0.0,0.975,0.17,1.033,1.0,-0.013,-0.014,0.002,-0.041,0.342,0.009,0.035,-0.015,0.004,1.0,0.0,1.0,1.0,0.0,0.0,0.0,43.2872267222021,0.10134908340261678,0.3,99.99999243585417,110.000000073327,0.5000001211301212,55.00067237048334,0.2392122296448251,0.0005,0.0006,0.0033,0.0078
391,1762746495.3699565,-0.009259677268536335,-0.03018717619436544,0.2275562622175762,0.00019554526846171107,0.032850695719951827,0.01344627906350828,0.008831762990917794,-0.0014703112009916222,0.968,0.2,1.032,1.0,-0.012,-0.014,0.001,-0.087,0.383,-0.016,0.037,-0.011,-0.005,0.972,0.26,1.196,1.0,-0.009,-0.015,0.001,-0.135,0.392,-0.029,0.038,-0.017,-0.0,0.968,0.2,1.032,1.0,-0.012,-0.014,0.001,-0.087,0.383,-0.016,0.037,-0.011,-0.005,0.9991169537951469,0.04201562375005714,1.0,1.0,0.0,0.0,0.0,43.28670090933984,0.10134065351810256,0.3,99.99999245144787,110.00000007332989,0.5000001210592576,55.000823715993974,0.23815684360581596,0.001,0.0012,0.0054,0.005
392,1762746495.4389281,-0.0055352370099032815,-0.028333498230862467,0.22849919879475558,0.0001733222515710014,0.018622201293165268,0.009268389817514886,0.004714682885896998,-0.00011111508445354871,0.959,0.23,1.029,1.0,-0.011,-0.014,0.001,-0.113,0.392,-0.027,0.035,-0.009,-0.002,0.963,0.285,1.194,1.0,-0.008,-0.015,0.001,-0.135,0.35,-0.023,0.048,-0.002,-0.0,0.959,0.23,1.029,1.0,-0.011,-0.014,0.001,-0.113,0.392,-0.027,0.035,-0.009,-0.002,0.9964693747217873,0.08395704402592023,1.0,1.0,0.0,0.0,0.0,43.28211078522541,0.10128663379750788,0.3,99.99999245455203,110.00000007332446,0.5000001210982108,55.00096483659908,0.23783622757384795,0.001,0.0012,0.0056,0.007
393,1762746495.5044057,-0.004213473738483348,-0.02553410132933325,0.2278936427233862,0.00028049733820116054,0.006608816357099673,0.013996984507646089,-0.0030277803568469655,0.0005358754331507954,0.951,0.25,1.028,1.0,-0.009,-0.014,0.001,-0.137,0.408,-0.019,0.046,-0.0,0.001,0.952,0.311,1.192,1.0,-0.006,-0.015,0.001,-0.164,0.386,-0.017,0.056,0.012,-0.0,0.951,0.25,1.028,1.0,-0.009,-0.014,0.001,-0.137,0.408,-0.019,0.046,-0.0,0.001,0.9920619386492268,0.12575018840358776,1.0,1.0,0.0,0.0,0.0,43.278917703728204,0.10124536296288598,0.3,99.9999924478815,110.00000007331987,0.5000001212321993,55.00111336231861,0.23764820535232847,0.0011,0.0012,0.0053,0.0061
394,1762746495.5714629,0.0025058819815833924,-0.023680401975263568,0.2290653673421641,-0.00011030985235274226,0.0335967786003337,0.009268496770348394,0.005858623093889501,-0.0019540359527695137,0.94,0.283,1.026,1.0,-0.007,-0.014,0.001,-0.161,0.46,-0.032,0.061,-0.0,-0.012,0.941,0.337,1.192,1.0,-0.004,-0.014,0.001,-0.177,0.379,-0.011,0.048,0.022,0.0,0.94,0.283,1.026,1.0,-0.007,-0.014,0.001,-0.161,0.46,-0.032,0.061,-0.0,-0.012,0.9859024295168594,0.1673212463279966,1.0,1.0,0.0,0.0,0.0,43.27184210024082,0.10115750987453068,0.3,99.99999247872209,110.00000007332655,0.5000001211191772,55.00140527175943,0.2379999760591444,0.0007,0.0012,0.0052,0.007
395,1762746495.6332655,0.0027197939916944972,-0.027134843895788928,0.2266354880483739,-5.16641340326084e-05,0.0010695600505555292,-0.017272209602626792,-0.012149396468950836,0.00029322859160066926,0.926,0.316,1.027,1.0,-0.005,-0.013,0.001,-0.185,0.442,-0.003,0.055,0.02,-0.004,0.928,0.364,1.191,1.0,-0.002,-0.013,0.001,-0.159,0.315,0.0,0.048,0.022,0.0,0.926,0.316,1.027,1.0,-0.005,-0.013,0.001,-0.185,0.442,-0.003,0.055,0.02,-0.004,0.9780017255870113,0.20859679946928297,1.0,1.0,0.0,0.0,0.0,43.271966880904834,0.10115204063284924,0.3,99.9999924792028,110.000000073322,0.5000001212061506,55.001587950862394,0.23826443149312104,0.0006,0.0006,0.0043,0.0035
396,1762746495.6980262,-0.008859887434216902,-0.02008537236893221,0.23244899499183608,0.0008412736959435771,-0.05789840712955699,0.03524735763428359,0.029067534717310863,0.004464689149880927,0.912,0.335,1.023,1.0,-0.003,-0.013,0.002,-0.255,0.372,-0.068,0.064,0.023,0.017,0.914,0.391,1.191,1.0,-0.0,-0.013,0.001,-0.221,0.406,-0.001,0.049,0.008,-0.0,0.912,0.335,1.023,1.0,-0.003,-0.013,0.002,-0.255,0.372,-0.068,0.064,0.023,0.017,0.9683737802329243,0.24950395138633757,1.0,1.0,0.0,0.0,0.0,43.25368890233737,0.10099204001913317,0.3,99.99999246031975,110.00000007332359,0.5000001211762973,55.00167991138235,0.23352034600824487,0.0005,0.0007,0.0029,0.0033
397,1762746495.7712326,-0.0058490724640541895,-0.02655127380171826,0.22710069889943527,0.0009106932835610287,0.01505407485081357,-0.03232950716393027,-0.026741480462004155,0.0003470979380872576,0.897,0.367,1.024,1.0,-0.001,-0.012,0.002,-0.219,0.408,-0.009,0.058,0.021,0.008,0.899,0.418,1.192,1.0,0.0,-0.012,0.001,-0.22,0.375,0.026,-0.021,0.027,-0.001,0.897,0.367,1.024,1.0,-0.001,-0.012,0.002,-0.219,0.408,-0.009,0.058,0.021,0.008,0.9570355972958094,0.2899704562686571,1.0,1.0,0.0,0.0,0.0,43.24914058080919,0.10095503165969223,0.3,99.99999236249533,110.00000007325427,0.5000001225682428,55.00174892830887,0.23394510171816776,0.0007,0.001,0.005,0.0072
398,1762746495.8384466,-0.001194230756862467,-0.02793207040193159,0.22465218457449018,0.0007876191457407359,0.023274208535958612,-0.006903983001066649,-0.012242571624725557,-0.0006153706891014642,0.878,0.395,1.027,1.0,-0.001,-0.011,0.002,-0.241,0.391,0.027,0.011,0.02,0.001,0.882,0.445,1.194,1.0,-0.001,-0.012,0.001,-0.247,0.396,0.031,-0.033,-0.004,-0.001,0.878,0.395,1.027,1.0,-0.001,-0.011,0.002,-0.241,0.391,0.027,0.011,0.02,0.001,0.9440072010544918,0.32992484652912146,1.0,1.0,0.0,0.0,0.0,43.25630274714921,0.10098856416081126,0.3,99.99999233218165,110.00000007323533,0.5000001229432307,55.001750528281114,0.23262074514845602,0.0008,0.0012,0.0054,0.0071
399,1762746495.9021566,0.004005170963815976,-0.028838968707648127,0.22444045334880577,0.0004937540787529509,0.025997008603392224,-0.004534491528582699,-0.0010586561284221113,-0.0014693253349389256,0.865,0.415,1.029,1.0,-0.002,-0.011,0.002,-0.247,0.389,0.031,-0.012,0.007,-0.007,0.865,0.472,1.196,1.0,-0.002,-0.012,0.001,-0.257,0.391,0.018,-0.005,-0.019,-0.001,0.865,0.415,1.029,1.0,-0.002,-0.011,0.002,-0.247,0.389,0.031,-0.012,0.007,-0.007,0.9293116008606837,0.3692965590223572,1.0,1.0,0.0,0.0,0.0,43.265937439356655,0.10101521852075981,0.3,99.99999240664089,110.00000007328931,0.500000121899985,55.00169596706456,0.23064673677079509,0.0004,0.0007,0.0053,0.0051
400,1762746495.9696486,0.006560381884344576,-0.03418751319538835,0.22194336780745447,0.000429536214679064,0.012776054602643007,-0.026742722438701093,-0.012485427706756373,-0.000321089320369434,0.855,0.433,1.033,1.0,-0.003,-0.011,0.002,-0.231,0.378,0.06,-0.02,0.004,-0.003,0.846,0.499,1.197,1.0,-0.001,-0.013,0.001,-0.28,0.404,0.005,0.029,-0.023,-0.0,0.855,0.433,1.033,1.0,-0.003,-0.011,0.002,-0.231,0.378,0.06,-0.02,0.004,-0.003,0.9129747505023434,0.408016059665773,1.0,1.0,0.0,0.0,0.0,43.284659008746175,0.10104875565498174,0.3,99.99999244110414,110.00000007331181,0.500000121438342,55.00150681976653,0.2282345987320061,0.0011,0.0012,0.0052,0.0047
401,1762746496.0328422,0.0057019332352440276,-0.035792936188462576,0.2260147655828167,0.0006791578731626551,-0.004292243245502737,-0.008027114965371122,0.020356988876811182,0.0012481082924179557,0.837,0.463,1.033,1.0,-0.002,-0.012,0.002,-0.229,0.376,0.009,0.012,-0.013,0.007,0.827,0.526,1.196,1.0,0.0,-0.014,0.001,-0.3,0.411,-0.021,0.048,-0.039,-0.0,0.837,0.463,1.033,1.0,-0.002,-0.012,0.002,-0.229,0.376,0.009,0.012,-0.013,0.007,0.8950255023668877,0.4460149662431747,1.0,1.0,0.0,0.0,0.0,43.2905998214778,0.10106305567621145,0.3,99.99999235608466,110.00000007325875,0.5000001225055217,55.00130756470057,0.22702501883004003,0.0008,0.0007,0.0036,0.0037
402,1762746496.098816,0.013940970936838562,-0.0327954525007687,0.23071206540339448,0.00044232461353132624,0.04119518850797268,0.014987418438469412,0.023486499102888855,-0.0011841662981566445,0.82,0.495,1.029,1.0,-0.001,-0.013,0.002,-0.245,0.432,-0.053,0.031,-0.04,-0.001,0.806,0.554,1.194,1.0,0.002,-0.015,0.001,-0.304,0.39,-0.027,0.035,-0.04,-0.001,0.82,0.495,1.029,1.0,-0.001,-0.013,0.002,-0.245,0.432,-0.053,0.031,-0.04,-0.001,0.8754955564852082,0.483226169174079,1.0,1.0,0.0,0.0,0.0,43.27801049934285,0.10102414893760443,0.29929141055325603,99.99999235941252,110.00000007325552,0.5000001225079577,55.001252818093036,0.22902447047037958,0.0004,0.0006,0.0031,0.004
403,1762746496.1659381,0.0159152362918265,-0.03396597146225538,0.23079723827322682,0.0005570297117034222,0.009871326774939702,-0.005852594807433425,0.0004258643491616863,0.0005735254908604795,0.807,0.516,1.026,1.0,0.001,-0.014,0.002,-0.245,0.432,-0.055,0.043,-0.038,0.002,0.784,0.581,1.193,1.0,0.003,-0.016,0.001,-0.31,0.37,-0.009,0.05,-0.014,-0.0,0.807,0.516,1.026,1.0,0.001,-0.014,0.002,-0.245,0.432,-0.055,0.043,-0.038,0.002,0.8544194045464886,0.5195839500354336,1.0,1.0,0.0,0.0,0.0,43.26221067618034,0.10096306845573413,0.29901774583622515,99.99999233082178,110.00000007323808,0.5000001229130615,55.00113622471578,0.23055015874943952,0.0007,0.0009,0.0036,0.0034
404,1762746496.2362823,0.022992600482126258,-0.028347251680576998,0.23219665675001722,0.00015978942122740742,0.035386820951498796,0.028093598908391935,0.006997092383952016,-0.001986201452380074,0.785,0.551,1.021,1.0,0.002,-0.016,0.002,-0.287,0.459,-0.067,0.041,-0.037,-0.009,0.761,0.608,1.193,1.0,0.005,-0.017,0.001,-0.299,0.331,0.01,0.045,-0.004,-0.001,0.785,0.551,1.021,1.0,0.002,-0.016,0.002,-0.287,0.459,-0.067,0.041,-0.037,-0.009,0.8318342689826936,0.5550240976264252,1.0,1.0,0.0,0.0,0.0,43.24158863229203,0.10089773487640243,0.29899210022609957,99.99999242341488,110.00000007328651,0.5000001219193344,55.001136258112716,0.23351483693255182,0.0011,0.0012,0.0057,0.0041
405,1762746496.298423,0.02338354299393164,-0.02724893245996121,0.23025440973058894,0.0002912869063642092,0.0019547125590269054,0.005491596103078944,-0.00971123509714139,0.0006574874256840089,0.761,0.584,1.019,1.0,0.004,-0.016,0.002,-0.309,0.44,-0.04,0.053,-0.017,-0.002,0.736,0.634,1.195,1.0,0.007,-0.016,0.001,-0.347,0.355,0.037,0.061,0.025,-0.0,0.761,0.584,1.019,1.0,0.004,-0.016,0.002,-0.309,0.44,-0.04,0.053,-0.017,-0.002,0.8077800372303148,0.5894840213713949,1.0,1.0,0.0,0.0,0.0,43.22668552700291,0.10088264586653088,0.2998691684042597,99.99999242108751,110.00000007327817,0.5000001220689202,55.00111759587732,0.2357548944915387,0.0007,0.0007,0.0032,0.0032
406,1762746496.3659387,0.018849521974970154,-0.02794530485090989,0.22599793111402955,0.0007664220410069562,-0.022670105094807408,-0.0034818619547433757,-0.021282393082796995,0.0023756756732137346,0.744,0.603,1.02,1.0,0.006,-0.015,0.002,-0.346,0.411,0.017,0.071,0.019,0.01,0.71,0.659,1.198,1.0,0.009,-0.015,0.001,-0.33,0.311,0.05,0.044,0.028,-0.0,0.744,0.603,1.02,1.0,0.006,-0.015,0.002,-0.346,0.411,0.017,0.071,0.019,0.01,0.7822991912854713,0.6229028618605774,1.0,1.0,0.0,0.0,0.0,43.22789572559084,0.10088018287272472,0.2993122243475871,99.99999232417468,110.00000007322494,0.5000001231604774,55.00112206472415,0.23562653095966718,0.0011,0.0009,0.0033,0.0033
407,1762746496.432742,0.020856444464081043,-0.02413796598733106,0.22448201447894933,0.0007539316249890474,0.010034612445554434,0.01903669431789415,-0.007579583175400941,-6.24520800895441e-05,0.712,0.637,1.023,1.0,0.009,-0.014,0.002,-0.392,0.423,0.038,0.069,0.033,0.003,0.683,0.684,1.202,1.0,0.01,-0.014,0.001,-0.374,0.325,0.052,0.012,0.019,-0.001,0.712,0.637,1.023,1.0,0.009,-0.014,0.002,-0.392,0.423,0.038,0.069,0.033,0.003,0.7554367326767792,0.6552215983334435,1.0,1.0,0.0,0.0,0.0,43.236901231446566,0.10082420144337867,0.2990339170781159,99.99999227295072,110.00000007319085,0.5000001237988813,55.001231668543284,0.236009516786276,0.0007,0.0007,0.0035,0.0037
408,1762746496.5017402,0.02188128964181513,-0.020688326668935168,0.2225134395068286,0.0008505454649579087,0.005124225888670425,0.017248196591979455,-0.009842874860603885,0.0004830691998443067,0.68,0.666,1.027,1.0,0.01,-0.013,0.002,-0.417,0.385,0.06,0.036,0.03,0.004,0.654,0.708,1.206,1.0,0.011,-0.013,0.001,-0.469,0.377,0.048,0.002,0.029,-0.001,0.68,0.666,1.027,1.0,0.01,-0.013,0.002,-0.417,0.385,0.06,0.036,0.03,0.004,0.7272401029884933,0.6863831529148174,1.0,1.0,0.0,0.0,0.0,43.25373962825531,0.10068512610324841,0.2991049216425976,99.99999219894491,110.00000007314962,0.5000001246868075,55.0013266521886,0.23517703361448322,0.0011,0.0012,0.0054,0.0033
409,1762746496.5716944,0.029131924774825884,-0.019567966126469633,0.2211681008870447,0.00032689814411445675,0.03625317566505378,0.005601802712327684,-0.006726693098919299,-0.0026182366042172603,0.659,0.686,1.031,1.0,0.01,-0.012,0.002,-0.431,0.392,0.075,0.003,0.025,-0.015,0.624,0.732,1.208,1.0,0.011,-0.012,0.001,-0.438,0.327,0.02,0.001,0.033,-0.001,0.659,0.686,1.031,1.0,0.01,-0.012,0.002,-0.431,0.392,0.075,0.003,0.025,-0.015,0.6977591000742853,0.7163324914196784,1.0,1.0,0.0,0.0,0.0,43.276819480684054,0.10047408495880376,0.29891064172050735,99.9999923895021,110.000000073266,0.5000001223052659,55.00137891327274,0.23616520501317376,0.001,0.0012,0.0052,0.0069
410,1762746496.6323156,0.030072156834204496,-0.01574107137875289,0.22321696881979483,0.0002945085591296907,0.004701160296893037,0.019134473738583742,0.010244339663750782,-0.00016194792492383063,0.624,0.712,1.035,1.0,0.01,-0.011,0.002,-0.463,0.361,0.043,0.004,0.026,-0.005,0.593,0.754,1.208,1.0,0.011,-0.011,0.001,-0.447,0.311,-0.011,0.028,0.029,-0.0,0.624,0.712,1.035,1.0,0.01,-0.011,0.002,-0.463,0.361,0.043,0.004,0.026,-0.005,0.6670457901096327,0.7450167205486168,1.0,1.0,0.0,0.0,0.0,43.29310702513895,0.10034602919542321,0.2988972052292258,99.99999243773472,110.00000007329791,0.5000001216993698,55.001468308420264,0.23588933398420164,0.0011,0.0008,0.003,0.0034
411,1762746496.6980705,0.026602271545431745,-0.01581527355139481,0.22426738935100604,0.0006548011542921613,-0.017349426443863773,-0.0003710108632096129,0.00525210265605612,0.0018014629758123523,0.589,0.735,1.036,1.0,0.01,-0.01,0.002,-0.468,0.32,0.024,0.017,0.034,0.005,0.561,0.775,1.207,1.0,0.012,-0.01,0.001,-0.463,0.3,-0.034,0.037,0.036,-0.0,0.589,0.735,1.036,1.0,0.01,-0.01,0.002,-0.468,0.32,0.024,0.017,0.034,0.005,0.6351544156381411,0.7723851813022901,1.0,1.0,0.0,0.0,0.0,43.3046326124671,0.10029004842176498,0.29904864520922314,99.99999235742962,110.00000007325457,0.5000001226166323,55.00153525094177,0.2340145074577329,0.0004,0.0006,0.0031,0.0032
412,1762746496.7669015,0.034899549290123316,-0.01222725763182713,0.22694318228695817,0.00030316318757877495,0.04148638872345786,0.017940079597838395,0.013378964679760531,-0.0017581898335669315,0.563,0.755,1.035,1.0,0.011,-0.009,0.002,-0.508,0.378,-0.012,0.033,0.041,-0.009,0.53,0.795,1.204,1.0,0.013,-0.009,0.001,-0.522,0.314,-0.052,0.019,0.03,-0.001,0.563,0.755,1.035,1.0,0.011,-0.009,0.002,-0.508,0.378,-0.012,0.033,0.041,-0.009,0.6021412997741994,0.7983895384498958,1.0,1.0,0.0,0.0,0.0,43.30619884256622,0.10028283519650309,0.2997146591604378,99.99999244677988,110.00000007329953,0.5000001216573491,55.00165641455283,0.23668921734662274,0.0011,0.0008,0.0038,0.0037
413,1762746496.8347473,0.03568947436582687,-0.009269341786779463,0.22931765434637416,0.00018465981570234892,0.003949625378517785,0.014789579225238339,0.011872360297079903,-0.0005925168593821299,0.524,0.78,1.03,1.0,0.012,-0.008,0.001,-0.519,0.342,-0.04,0.027,0.031,-0.004,0.496,0.814,1.201,1.0,0.014,-0.008,0.001,-0.468,0.259,-0.047,0.034,0.031,-0.0,0.524,0.78,1.03,1.0,0.012,-0.008,0.001,-0.519,0.342,-0.04,0.027,0.031,-0.004,0.5680647467311559,0.8229838658936564,1.0,1.0,0.0,0.0,0.0,43.29876767488878,0.10026576361448476,0.3,99.99999248208348,110.00000007331471,0.5000001213076187,55.001757661627146,0.2381907071316708,0.0011,0.0008,0.0047,0.0041
414,1762746496.8980646,0.030625669218872602,-0.011749865719726048,0.2306947256965518,0.0007070418951071833,-0.025319025734771308,-0.012402619664732915,0.006885356750888295,0.002611910397024171,0.486,0.802,1.027,1.0,0.014,-0.007,0.002,-0.504,0.301,-0.056,0.044,0.033,0.008,0.461,0.833,1.198,1.0,0.015,-0.006,0.001,-0.511,0.257,-0.037,0.038,0.038,-0.0,0.486,0.802,1.027,1.0,0.014,-0.007,0.002,-0.504,0.301,-0.056,0.044,0.033,0.008,0.5329849388506888,0.8461247277785513,1.0,1.0,0.0,0.0,0.0,43.28500292884682,0.10020774939188208,0.2999877708177198,99.9999923815488,110.00000007325873,0.5000001224779419,55.001804614928034,0.2378732703785746,0.0005,0.0006,0.003,0.0032
415,1762746496.9719644,0.029942770797946508,-0.014620410753123828,0.23083279287592212,0.0009986596963329375,-0.0034144921046304223,-0.014352725166988892,0.0006903358968515915,0.0014580890061287714,0.461,0.815,1.024,1.0,0.014,-0.006,0.002,-0.501,0.279,-0.056,0.035,0.033,0.008,0.427,0.849,1.196,1.0,0.016,-0.006,0.001,-0.518,0.236,-0.018,0.006,0.014,-0.001,0.461,0.815,1.024,1.0,0.014,-0.006,0.002,-0.501,0.279,-0.056,0.035,0.033,0.008,0.4969638303152295,0.867771255204052,1.0,1.0,0.0,0.0,0.0,43.26930948056686,0.10013022359660942,0.3,99.9999922467207,110.00000007317722,0.5000001240979173,55.00181409122893,0.2370790536322186,0.0011,0.0012,0.0054,0.007
416,1762746497.033827,0.030368220016808722,-0.01465890724148153,0.23087279062920618,0.0009798558839993064,0.0021272460943110756,-0.00019248244178851105,0.00019998876642037151,-9.401906166815526e-05,0.422,0.836,1.019,1.0,0.015,-0.005,0.002,-0.502,0.252,-0.05,0.021,0.021,0.002,0.392,0.864,1.195,1.0,0.016,-0.006,0.001,-0.476,0.194,0.004,-0.012,-0.012,-0.001,0.422,0.836,1.019,1.0,0.015,-0.005,0.002,-0.502,0.252,-0.05,0.021,0.021,0.002,0.4600650377311522,0.8878852184023752,1.0,1.0,0.0,0.0,0.0,43.253718802664224,0.1000655216988056,0.3,99.99999215803072,110.0000000731228,0.5000001252062496,55.001818459429344,0.2360045532924285,0.0005,0.0007,0.0036,0.0051
417,1762746497.098836,0.027401468847867552,-0.007089686426142956,0.23135990077288612,0.0006623273020134864,-0.014833755844705872,0.03784610407669285,0.0024355507183996747,-0.001587642909929101,0.382,0.85,1.018,1.0,0.015,-0.005,0.002,-0.531,0.188,-0.055,-0.007,-0.008,-0.006,0.356,0.878,1.196,1.0,0.015,-0.006,0.001,-0.508,0.184,0.026,-0.016,-0.017,-0.001,0.382,0.85,1.018,1.0,0.015,-0.005,0.002,-0.531,0.188,-0.055,-0.007,-0.008,-0.006,0.42235372777596664,0.9064310942557877,1.0,1.0,0.0,0.0,0.0,43.23581052671821,0.10002671154062807,0.3,99.99999221610565,110.00000007316983,0.5000001243264613,55.00194744758911,0.23264807908137639,0.0006,0.0008,0.0033,0.0035
418,1762746497.166937,0.028085660476033128,-0.011104097626433652,0.22457414340738888,0.0008350589250951984,0.0034209581408278407,-0.02007205600145348,-0.03392878682748626,0.000863658115408561,0.346,0.861,1.022,1.0,0.014,-0.005,0.002,-0.494,0.163,0.029,-0.015,-0.003,0.001,0.32,0.89,1.199,1.0,0.015,-0.006,0.001,-0.551,0.176,0.054,-0.025,0.022,-0.001,0.346,0.861,1.022,1.0,0.014,-0.005,0.002,-0.494,0.163,0.029,-0.015,-0.003,0.001,0.3838965021079446,0.9233761290337134,1.0,1.0,0.0,0.0,0.0,43.240808919238894,0.10002901176765999,0.29994927040053077,99.99999213620217,110.0000000731344,0.5000001251909371,55.0019489047506,0.22829154521349504,0.0005,0.0013,0.0044,0.0035
419,1762746497.2324314,0.034063268749562586,-0.006367906063722815,0.22266436142848237,0.00023055379790361556,0.029888041367647302,0.023680957813554185,-0.00954890989453253,-0.0030225256359579147,0.319,0.87,1.025,1.0,0.014,-0.005,0.001,-0.544,0.173,0.06,-0.026,0.01,-0.01,0.284,0.901,1.202,1.0,0.014,-0.005,0.001,-0.532,0.151,0.041,-0.017,0.012,-0.001,0.319,0.87,1.025,1.0,0.014,-0.005,0.001,-0.544,0.173,0.06,-0.026,0.01,-0.01,0.3447612797414372,0.9386903962388485,1.0,1.0,0.0,0.0,0.0,43.25722886676049,0.0999610761435219,0.3,99.99999226973198,110.00000007322274,0.500000123431278,55.002003416565046,0.22738020670710768,0.001,0.0011,0.003,0.0033
420,1762746497.298531,0.03277297045267952,-0.005043962743197451,0.22309389447407707,0.0005132287438977961,-0.006451491484415324,0.006619716602626825,0.0021476652279737293,0.001413374729970903,0.279,0.878,1.029,1.0,0.013,-0.005,0.002,-0.539,0.128,0.051,-0.021,0.008,0.004,0.247,0.911,1.204,1.0,0.014,-0.005,0.001,-0.531,0.132,0.018,0.015,0.025,-0.0,0.279,0.878,1.029,1.0,0.013,-0.005,0.002,-0.539,0.128,0.051,-0.021,0.008,0.004,0.3050171770956176,0.9523468494601222,1.0,1.0,0.0,0.0,0.0,43.27314775656863,0.0998737585635585,0.3,99.99999216906683,110.00000007316153,0.5000001246948406,55.00207395261734,0.22488648665399202,0.0008,0.0007,0.003,0.0033
421,1762746497.3678417,0.03903060288409629,-0.001054381218064798,0.22386315626622055,0.0001731379440307369,0.031288162157083806,0.019947907625663265,0.003846308960717409,-0.0017004539993352961,0.235,0.891,1.031,1.0,0.013,-0.004,0.001,-0.568,0.161,0.037,-0.002,0.022,-0.006,0.209,0.919,1.205,1.0,0.015,-0.004,0.001,-0.597,0.128,-0.004,0.023,0.03,-0.001,0.235,0.891,1.031,1.0,0.013,-0.004,0.001,-0.568,0.161,0.037,-0.002,0.022,-0.006,0.2647343859284996,0.9643213701391565,1.0,1.0,0.0,0.0,0.0,43.285913417490825,0.0998031560531981,0.2998697711094889,99.99999224868222,110.00000007320615,0.500000123723626,55.002082751759055,0.2260145867311802,0.0011,0.0013,0.0046,0.0033
422,1762746497.438335,0.0498871927726984,-0.0008637203118729243,0.22393071287978017,-0.0002666721150974364,0.054282949443010556,0.0009533045309593688,0.0003377830677980115,-0.002199050295640866,0.207,0.902,1.032,1.0,0.014,-0.003,0.001,-0.569,0.217,0.034,0.02,0.027,-0.015,0.171,0.927,1.204,1.0,0.016,-0.003,0.001,-0.503,0.09,-0.019,0.037,0.033,-0.0,0.207,0.902,1.032,1.0,0.014,-0.003,0.001,-0.569,0.217,0.034,0.02,0.027,-0.015,0.2239840493718048,0.9745928101658707,1.0,1.0,0.0,0.0,0.0,43.29795003064958,0.0997514935695226,0.2988378684908705,99.99999244886061,110.00000007332866,0.5000001212662102,55.00186820008212,0.2292944145278611,0.001,0.0012,0.0051,0.007
423,1762746497.5050619,0.04564381017047599,-8.859768146990627e-05,0.22910012061802507,-0.00015282706668198162,-0.021216913011112067,0.0038756131520150897,0.025847038691224726,0.0005692252420772738,0.164,0.912,1.029,1.0,0.015,-0.002,0.001,-0.572,0.157,-0.03,0.038,0.03,-0.001,0.133,0.933,1.202,1.0,0.018,-0.002,0.001,-0.535,0.076,-0.036,0.078,0.027,-0.0,0.164,0.912,1.029,1.0,0.015,-0.002,0.001,-0.572,0.157,-0.03,0.038,0.03,-0.001,0.18283813628561943,0.9831430292279966,1.0,1.0,0.0,0.0,0.0,43.292623623552764,0.09975999687177767,0.2995558418301412,99.99999245187891,110.00000007332707,0.5000001213054145,55.0017720281512,0.23131074465355486,0.0011,0.0012,0.0052,0.007
424,1762746497.5725076,0.040615326558907504,-0.005098887200630451,0.2329469500833503,0.00039909971904303305,-0.025142418057842383,-0.025051447595802724,0.01923414732662631,0.0027596339286250736,0.138,0.918,1.024,1.0,0.017,-0.001,0.002,-0.544,0.134,-0.079,0.064,0.033,0.005,0.095,0.937,1.2,1.0,0.021,-0.001,0.001,-0.549,0.053,-0.028,0.058,0.02,-0.0,0.138,0.918,1.024,1.0,0.017,-0.001,0.002,-0.544,0.134,-0.079,0.064,0.033,0.005,0.14136931415473514,0.9899569268485472,1.0,1.0,0.0,0.0,0.0,43.27091521117514,0.09975676594492906,0.29887564520342824,99.99999239877175,110.00000007329793,0.500000121933089,55.00164048967361,0.23071948629510913,0.0011,0.0013,0.0055,0.0074
425,1762746497.632051,0.03700399845236421,0.0018787259552770002,0.2336596565835278,0.0005742594177672318,-0.018056640532716453,0.03488806577953726,0.0035635325008873953,0.0008757984936209935,0.092,0.928,1.017,1.0,0.02,0.0,0.002,-0.588,0.111,-0.084,0.071,0.025,0.008,0.057,0.94,1.199,1.0,0.022,-0.001,0.001,-0.579,0.027,0.003,0.01,-0.011,-0.0,0.092,0.928,1.017,1.0,0.02,0.0,0.002,-0.588,0.111,-0.084,0.071,0.025,0.008,0.0996508207511566,0.9950224690546545,1.0,1.0,0.0,0.0,0.0,43.24460464554613,0.0997364751834135,0.2992426399274074,99.9999923620961,110.00000007326898,0.5000001224411827,55.00161787975035,0.231176905543939,0.0005,0.0007,0.0036,0.0032
426,1762746497.7013917,0.04322577157293235,0.0055992894018502114,0.23035167991975325,0.00011120256065870568,0.03110886560284071,0.018602817232866057,-0.016539883318872625,-0.0023152842855426303,0.063,0.934,1.015,1.0,0.021,0.0,0.001,-0.588,0.116,-0.038,0.035,0.014,-0.012,0.019,0.941,1.2,1.0,0.021,-0.001,0.001,-0.533,-0.002,0.037,-0.029,0.011,-0.001,0.063,0.934,1.015,1.0,0.021,0.0,0.001,-0.588,0.116,-0.038,0.035,0.014,-0.012,0.05775633478942866,0.9983307096306772,1.0,1.0,0.0,0.0,0.0,43.228817346454036,0.09975417837407086,0.3,99.99999246407533,110.00000007332441,0.5000001212909901,55.00146772665464,0.2330061308207392,0.0005,0.0007,0.0052,0.0043
427,1762746497.771685,0.03793801346586023,0.0026013068941447403,0.22672500935922787,0.0003827273734009399,-0.026438790535360558,-0.01498991253852736,-0.018133352802626835,0.0013576240637111713,0.01,0.931,1.017,1.0,0.02,0.0,0.002,-0.537,0.009,0.009,-0.01,0.002,-0.001,-0.02,0.94,1.204,1.0,0.02,0.0,0.001,-0.542,-0.029,0.058,-0.011,0.034,-0.0,0.01,0.931,1.017,1.0,0.02,0.0,0.002,-0.537,0.009,0.009,-0.01,0.002,-0.001,0.01575984580321665,0.9998758059180444,1.0,1.0,0.0,0.0,0.0,43.227168683162894,0.09976482268756282,0.29975332936678073,99.99999238716245,110.0000000732818,0.5000001221576325,55.00149943751544,0.2310667141421391,0.0011,0.0012,0.0051,0.007
428,1762746497.8327146,0.03295490266721819,0.0027764843851308596,0.22392077706076927,0.0005867396653550867,-0.024915553993210188,0.0008758874549305972,-0.014021161492293086,0.0010200614597707343,-0.019,0.929,1.021,1.0,0.019,0.001,0.002,-0.557,-0.042,0.046,-0.011,0.026,0.002,-0.058,0.937,1.208,1.0,0.02,0.001,0.001,-0.575,-0.057,0.061,-0.021,0.019,-0.0,-0.019,0.929,1.021,1.0,0.019,0.001,0.002,-0.557,-0.042,0.046,-0.011,0.026,0.002,-0.026264476527047,0.9996550291339309,1.0,1.0,0.0,0.0,0.0,43.23779668198233,0.09967794586133032,0.29953343053468917,99.99999231460852,110.00000007324006,0.5000001229745243,55.001653596724104,0.2290300285759883,0.0008,0.0007,0.0034,0.0038
429,1762746497.9057052,0.03291804837913965,0.00802877989188899,0.22287580303168822,0.0005346317548437524,-0.000184271440392732,0.02626147753379065,-0.005224870145405256,-0.00026053955255667143,-0.063,0.924,1.027,1.0,0.019,0.002,0.002,-0.578,-0.06,0.056,-0.022,0.022,-0.002,-0.096,0.932,1.212,1.0,0.019,0.002,0.001,-0.551,-0.078,0.044,-0.038,0.006,-0.001,-0.063,0.924,1.027,1.0,0.019,0.002,0.002,-0.578,-0.06,0.056,-0.022,0.022,-0.002,-0.06824241336467088,0.9976687691905392,1.0,1.0,0.0,0.0,0.0,43.25331583245293,0.09951241324361258,0.2997647581726421,99.99999231015344,110.00000007324178,0.5000001230307197,55.00179966035709,0.22838797488887747,0.0011,0.0012,0.0054,0.0072
430,1762746497.9683003,0.03321240286444622,0.01080181515148795,0.2219727295979218,0.00028651033015087443,0.001471772426532827,0.013865176297994802,-0.004515367168831847,-0.00124060712346439,-0.105,0.916,1.032,1.0,0.017,0.002,0.001,-0.561,-0.095,0.062,-0.037,0.006,-0.006,-0.134,0.926,1.214,1.0,0.018,0.002,0.001,-0.56,-0.102,0.023,-0.036,0.021,-0.001,-0.105,0.916,1.032,1.0,0.017,0.002,0.001,-0.561,-0.095,0.062,-0.037,0.006,-0.006,-0.1100998277940316,0.9939205340064791,1.0,1.0,0.0,0.0,0.0,43.2725150859845,0.09929904993982049,0.2997582248627028,99.999992337509,110.00000007326179,0.500000122695784,55.001938396822936,0.22684382423649577,0.0011,0.0012,0.0049,0.0038
431,1762746498.032821,0.04082436757628529,0.012795912296313475,0.21851465587654656,0.00010531583267257415,0.038059823559195384,0.009970485724127629,-0.0172903686068761,-0.0009059724873915016,-0.134,0.913,1.039,1.0,0.016,0.003,0.001,-0.571,-0.07,0.101,-0.034,0.017,-0.006,-0.172,0.918,1.215,1.0,0.017,0.003,0.001,-0.597,-0.132,-0.004,-0.025,0.037,-0.0,-0.134,0.913,1.039,1.0,0.016,0.003,0.001,-0.571,-0.07,0.101,-0.034,0.017,-0.006,-0.1517627957532151,0.988416943311459,1.0,1.0,0.0,0.0,0.0,43.30448683379771,0.0989718426587896,0.29964627136001637,99.99999238191069,110.0000000732834,0.5000001221814275,55.001878825157604,0.2271142292025638,0.0007,0.0009,0.0038,0.0033
432,1762746498.1050737,0.035970330686416634,0.016395102971626167,0.2244345195663417,-0.0006124885066870694,-0.024270184449343306,0.01799595337656346,0.02959931844897564,-0.0035890216967982176,-0.177,0.902,1.039,1.0,0.015,0.004,0.001,-0.58,-0.133,0.024,-0.028,0.021,0.0,-0.209,0.909,1.213,1.0,0.017,0.004,0.001,-0.608,-0.156,-0.053,0.023,0.041,-0.0,-0.177,0.902,1.039,1.0,0.015,0.004,0.001,-0.58,-0.133,0.024,-0.028,0.021,0.0,-0.19315773659074303,0.9811677169552314,1.0,1.0,0.0,0.0,0.0,43.31804948085068,0.09887435517325839,0.3,99.9999923930912,110.0000000732906,0.5000001220921195,55.001986301578604,0.22668110946218611,0.0011,0.0013,0.0054,0.0067
433,1762746498.1720831,0.032382914887321826,0.013697059104564641,0.23020286921407684,9.076497643916261e-05,-0.017937078995474042,-0.013490219335307623,0.02884174823867583,0.0035162674156311597,-0.206,0.895,1.036,1.0,0.016,0.005,0.002,-0.557,-0.143,-0.055,0.003,0.031,0.008,-0.247,0.899,1.209,1.0,0.017,0.006,0.001,-0.546,-0.163,-0.066,0.014,0.039,0.001,-0.206,0.895,1.036,1.0,0.016,0.005,0.002,-0.557,-0.143,-0.055,0.003,0.031,0.008,-0.23421154301580224,0.9721856577414404,1.0,1.0,0.0,0.0,0.0,43.3081552741971,0.09889310348240835,0.3,99.99999235029833,110.00000007327009,0.5000001225551133,55.002039117244195,0.22643101987929154,0.0011,0.0012,0.0053,0.007
434,1762746498.2325313,0.037386464881850275,0.027502730460807215,0.23115966878930486,-0.00037169010823532195,0.025017749972642247,0.06902835678121286,0.004783997876140117,-0.002312275423372423,-0.253,0.886,1.03,1.0,0.016,0.007,0.001,-0.648,-0.113,-0.066,0.016,0.043,-0.011,-0.284,0.887,1.205,1.0,0.017,0.007,0.001,-0.506,-0.175,-0.049,-0.011,0.017,0.0,-0.253,0.886,1.03,1.0,0.016,0.007,0.001,-0.648,-0.113,-0.066,0.016,0.043,-0.011,-0.2748517102124754,0.9614866288166869,1.0,1.0,0.0,0.0,0.0,43.291734523440454,0.09884871861881941,0.29941060614846243,99.99999254616439,110.00000007338264,0.5000001202911368,55.00194860822548,0.23001019273518078,0.0006,0.0007,0.0035,0.0037
435,1762746498.3023076,0.0365290492348575,0.017927418276456823,0.2310015858233134,2.809795315983219e-05,-0.004287078234963864,-0.047876560921751965,-0.000790414829957016,0.0019989403069757706,-0.29,0.874,1.026,1.0,0.016,0.007,0.001,-0.532,-0.155,-0.06,0.001,0.029,-0.003,-0.32,0.874,1.202,1.0,0.017,0.008,0.001,-0.491,-0.194,-0.028,0.002,0.062,0.0,-0.29,0.874,1.026,1.0,0.016,0.007,0.001,-0.532,-0.155,-0.06,0.001,0.029,-0.003,-0.3150064638899476,0.9490895256547462,1.0,1.0,0.0,0.0,0.0,43.27534162346403,0.09877437649555454,0.29970935094253714,99.99999247467959,110.00000007334083,0.5000001211545232,55.00186761094235,0.22979490273189224,0.0007,0.0009,0.0048,0.0052
436,1762746498.364897,0.024346300080547154,0.022089547123785507,0.2363622295262468,-6.39788740484508e-05,-0.06091374577155176,0.020810644236643423,0.026803218514667007,-0.0004603841360414148,-0.322,0.862,1.02,1.0,0.016,0.009,0.001,-0.59,-0.247,-0.121,0.01,0.059,-0.001,-0.355,0.859,1.201,1.0,0.017,0.01,0.001,-0.527,-0.235,-0.007,0.008,0.02,-0.0,-0.322,0.862,1.02,1.0,0.016,0.009,0.001,-0.59,-0.247,-0.121,0.01,0.059,-0.001,-0.35460488704253545,0.9350162426854148,1.0,1.0,0.0,0.0,0.0,43.240374176561595,0.09860215288013507,0.3,99.99999255229854,110.00000007338367,0.5000001203002836,55.002129904018645,0.2306746572671974,0.0006,0.0007,0.003,0.0032
437,1762746498.4328077,0.024463698231122807,0.02084423503025352,0.22985299501460288,0.0005267011214872605,0.0005869907528782796,-0.006226560467659955,-0.03254617255821951,0.002953399977678557,-0.362,0.843,1.017,1.0,0.016,0.011,0.002,-0.548,-0.245,-0.04,-0.001,0.037,0.006,-0.389,0.842,1.202,1.0,0.016,0.01,0.001,-0.541,-0.273,0.047,-0.051,0.013,-0.0,-0.362,0.843,1.017,1.0,0.016,0.011,0.002,-0.548,-0.245,-0.04,-0.001,0.037,0.006,-0.3935770451956726,0.9192916346269249,1.0,1.0,0.0,0.0,0.0,43.22417247839214,0.09854713476763415,0.3,99.99999254475824,110.00000007337536,0.5000001204272057,55.0022428040747,0.23110287194882162,0.0007,0.0007,0.0034,0.0041
438,1762746498.5124521,0.027545230931232723,0.020284104269662574,0.22479949528753032,2.784606135151934e-05,0.015407663500549583,-0.0028006538029547445,-0.02526749863536281,-0.0024942753006787057,-0.387,0.83,1.019,1.0,0.016,0.011,0.002,-0.523,-0.256,0.033,-0.021,0.025,-0.0,-0.423,0.825,1.206,1.0,0.015,0.01,0.001,-0.539,-0.302,0.072,-0.062,0.003,-0.001,-0.387,0.83,1.019,1.0,0.016,0.011,0.002,-0.523,-0.256,0.033,-0.021,0.025,-0.0,-0.43185410991665524,0.9019434725902137,1.0,1.0,0.0,0.0,0.0,43.2297694551224,0.09854021125669697,0.3,99.99999250124363,110.00000007334876,0.5000001209635586,55.002282349898,0.23096758990901736,0.0016,0.0018,0.0076,0.0106
439,1762746498.5689309,0.0335512974025304,0.02803961144504134,0.21895697127150748,-4.2169074772552295e-05,0.030030332356488353,0.03877753587689384,-0.02921262008011418,-0.0003500756806203583,-0.426,0.808,1.026,1.0,0.014,0.011,0.002,-0.549,-0.259,0.11,-0.041,0.021,-0.008,-0.455,0.805,1.21,1.0,0.013,0.01,0.001,-0.53,-0.325,0.064,-0.029,-0.007,-0.0,-0.426,0.808,1.026,1.0,0.014,0.011,0.002,-0.549,-0.259,0.11,-0.041,0.021,-0.008,-0.4693684803720136,0.8830023950325767,1.0,1.0,0.0,0.0,0.0,43.25957911312856,0.09839275133139179,0.3,99.9999925423256,110.00000007336799,0.5000001205067481,55.00222835208425,0.2320301023333637,0.0012,0.0009,0.0041,0.0052
440,1762746498.635503,0.03611130295058283,0.02831250664777815,0.2201912979018633,0.00012331119214923538,0.012800027740262166,0.0013644760136840503,0.006171633151779111,0.0008274013346089384,-0.45,0.793,1.03,1.0,0.012,0.011,0.002,-0.512,-0.282,0.094,-0.047,0.006,-0.004,-0.487,0.785,1.213,1.0,0.013,0.011,0.001,-0.421,-0.279,0.017,0.017,0.024,-0.0,-0.45,0.793,1.03,1.0,0.012,0.011,0.002,-0.512,-0.282,0.094,-0.047,0.006,-0.004,-0.5060539027168316,0.8625018536473203,1.0,1.0,0.0,0.0,0.0,43.28863115678183,0.0981980518204298,0.3,99.9999925164875,110.00000007335235,0.5000001208571494,55.002172336284445,0.23197753756987086,0.0008,0.0011,0.0049,0.0047
441,1762746498.7023208,0.027267260838392975,0.02514229767064559,0.22405540570248147,0.0003034575836123669,-0.044220210560949276,-0.015851044885662774,0.01932053900309094,0.0009007319573156574,-0.485,0.768,1.033,1.0,0.012,0.011,0.002,-0.47,-0.339,0.035,-0.019,0.01,0.002,-0.518,0.764,1.212,1.0,0.014,0.012,0.001,-0.445,-0.32,-0.02,0.041,0.032,0.0,-0.485,0.768,1.033,1.0,0.012,0.011,0.002,-0.47,-0.339,0.035,-0.019,0.01,0.002,-0.5418455871051587,0.84047805428498,1.0,1.0,0.0,0.0,0.0,43.30308876355248,0.09812387047473282,0.3,99.99999244980566,110.00000007330834,0.5000001217134487,55.002304631381385,0.23168277548731275,0.001,0.001,0.0048,0.0047
442,1762746498.7708795,0.031099553856293205,0.023659032752415873,0.22706219029866467,0.0005770811521473003,0.019161465089501197,-0.007416324591148594,0.015033922980915975,0.001368117842674667,-0.52,0.749,1.031,1.0,0.014,0.013,0.002,-0.471,-0.27,-0.007,0.029,0.04,0.001,-0.549,0.741,1.21,1.0,0.015,0.013,0.001,-0.419,-0.329,-0.039,0.001,0.01,-0.0,-0.52,0.749,1.031,1.0,0.014,0.013,0.002,-0.471,-0.27,-0.007,0.029,0.04,0.001,-0.5766803221148671,0.8169698930104421,1.0,1.0,0.0,0.0,0.0,43.30445422741235,0.09812407102763943,0.2995614738854803,99.999992372732,110.00000007326477,0.5000001225830379,55.002095811571344,0.23041072767529588,0.0011,0.0015,0.0052,0.0055
443,1762746498.8380227,0.028007548617912985,0.02249709050886246,0.23024027356345197,0.0008636512336769233,-0.01546002619190112,-0.005809711217767046,0.01589041632393658,0.0014328504076481143,-0.54,0.731,1.027,1.0,0.014,0.013,0.002,-0.443,-0.314,-0.048,0.024,0.026,0.009,-0.577,0.717,1.207,1.0,0.015,0.013,0.001,-0.407,-0.351,-0.041,-0.001,-0.006,-0.001,-0.54,0.731,1.027,1.0,0.014,0.013,0.002,-0.443,-0.314,-0.048,0.024,0.026,0.009,-0.6104965863848613,0.7920188874088998,1.0,1.0,0.0,0.0,0.0,43.29336118267851,0.0981138243925223,0.299638242799823,99.99999224134065,110.0000000731891,0.5000001241039408,55.002027346675426,0.2291511307249514,0.0015,0.0018,0.0059,0.0048
444,1762746498.9023175,0.029227289887292878,0.026724710185858896,0.2345109211380749,0.0006662969616420802,0.006098706346899459,0.02113809838498219,0.021353237873114543,-0.0009867713601742149,-0.574,0.706,1.022,1.0,0.014,0.013,0.002,-0.436,-0.317,-0.099,0.009,0.001,-0.005,-0.605,0.692,1.205,1.0,0.015,0.012,0.001,-0.407,-0.385,-0.027,-0.013,-0.019,-0.001,-0.574,0.706,1.022,1.0,0.014,0.013,0.002,-0.436,-0.317,-0.099,0.009,0.001,-0.005,-0.6432346572674893,0.765669103261961,1.0,1.0,0.0,0.0,0.0,43.26534567478275,0.09802772216356632,0.2997420130550467,99.99999221339813,110.00000007317695,0.5000001244021122,55.00189851976291,0.22815543780410022,0.0008,0.0011,0.0049,0.0047
445,1762746498.9785671,0.03108156340503184,0.030808387440013896,0.22894810667590287,0.00018968580852858126,0.00927136758869483,0.020418386270775024,-0.02781407231086005,-0.002383055765567494,-0.596,0.689,1.021,1.0,0.014,0.013,0.001,-0.428,-0.335,-0.031,-0.01,-0.008,-0.011,-0.632,0.666,1.205,1.0,0.014,0.012,0.001,-0.411,-0.425,0.014,-0.011,0.006,-0.001,-0.596,0.689,1.021,1.0,0.014,0.013,0.001,-0.428,-0.335,-0.031,-0.01,-0.008,-0.011,-0.6748367163042576,0.7379670767234044,1.0,1.0,0.0,0.0,0.0,43.25335875069539,0.09799271722548082,0.29964422094925286,99.99999227287562,110.00000007321431,0.5000001236377908,55.00174488107287,0.22745544085631306,0.0015,0.0017,0.0075,0.0104
446,1762746499.0358098,0.029290144463664205,0.030544892346194556,0.22742849001813045,9.401810157989984e-06,-0.008957094706838201,-0.0013174754690966975,-0.007598083288862055,-0.0009014199918529564,-0.623,0.661,1.023,1.0,0.014,0.013,0.001,-0.395,-0.358,-0.006,-0.008,-0.008,-0.006,-0.657,0.638,1.206,1.0,0.014,0.013,0.001,-0.342,-0.386,0.026,0.002,0.028,-0.0,-0.623,0.661,1.023,1.0,0.014,0.013,0.001,-0.395,-0.358,-0.006,-0.008,-0.008,-0.006,-0.7052469513385697,0.7089617321320334,1.0,1.0,0.0,0.0,0.0,43.249526212518624,0.09799199096504134,0.3,99.9999922502516,110.00000007320365,0.5000001239078968,55.001644177124945,0.22640518424506986,0.001,0.0011,0.0051,0.0046
447,1762746499.1020157,0.030610117418079043,0.03421169445925857,0.22384673756047369,-0.00020652213635003304,0.0065998647720741654,0.018334010565320042,-0.01790876228828376,-0.0010796197325401151,-0.654,0.633,1.024,1.0,0.014,0.014,0.001,-0.42,-0.347,0.044,0.005,0.03,-0.009,-0.681,0.61,1.208,1.0,0.014,0.014,0.001,-0.343,-0.421,0.031,-0.001,0.029,-0.0,-0.654,0.633,1.024,1.0,0.014,0.014,0.001,-0.42,-0.347,0.044,0.005,0.03,-0.009,-0.734411655085154,0.6787042956067721,1.0,1.0,0.0,0.0,0.0,43.25997225447059,0.0979771208639467,0.29961539015930533,99.99999227916545,110.00000007322231,0.5000001235273597,55.00138915952757,0.22655154420064505,0.001,0.001,0.0042,0.0051
448,1762746499.168803,0.03176637943726278,0.03968666686722237,0.22369563808876364,-0.0006398133105469553,0.0057813100959186806,0.027374862039819037,-0.0007554973585501149,-0.002166455870984611,-0.682,0.6,1.024,1.0,0.014,0.015,0.001,-0.432,-0.35,0.051,-0.001,0.037,-0.018,-0.704,0.58,1.21,1.0,0.014,0.015,0.001,-0.313,-0.421,0.016,0.005,0.03,-0.0,-0.682,0.6,1.024,1.0,0.014,0.015,0.001,-0.432,-0.35,0.051,-0.001,0.037,-0.018,-0.762279319982093,0.6472482045766044,1.0,1.0,0.0,0.0,0.0,43.27384493087135,0.09793053106489635,0.29901676682642214,99.9999923513906,110.00000007327131,0.5000001225857453,55.001052380568964,0.22735113259037504,0.0013,0.001,0.0045,0.0045
449,1762746499.2420018,0.018709720454214623,0.03313314319563583,0.2277521386366927,-0.0001879771528171208,-0.06528329491524076,-0.032767618357932744,0.020282502739645186,0.0022591807886491724,-0.698,0.575,1.023,1.0,0.014,0.015,0.002,-0.356,-0.446,-0.005,0.002,0.029,0.005,-0.727,0.548,1.21,1.0,0.015,0.016,0.001,-0.324,-0.48,-0.002,0.011,0.051,0.001,-0.698,0.575,1.023,1.0,0.014,0.015,0.002,-0.356,-0.446,-0.005,0.002,0.029,0.005,-0.7888007291579354,0.6146490134051379,1.0,1.0,0.0,0.0,0.0,43.27359395081613,0.09793065784317134,0.29938090862837713,99.99999234073077,110.00000007326182,0.5000001227384838,55.001145311149436,0.22745643371269073,0.001,0.0013,0.0054,0.01
450,1762746499.3107293,0.017836198861959522,0.03747885086746851,0.22734757223622437,-0.00028279472817825045,-0.004367607961275513,0.021728538359163413,-0.002022832002341642,-0.0004740878768056478,-0.728,0.545,1.022,1.0,0.014,0.017,0.001,-0.392,-0.429,-0.002,0.006,0.054,-0.01,-0.747,0.516,1.21,1.0,0.014,0.017,0.001,-0.303,-0.499,0.001,-0.044,0.011,0.0,-0.728,0.545,1.022,1.0,0.014,0.017,0.001,-0.392,-0.429,-0.002,0.006,0.054,-0.01,-0.8139290433532413,0.5809642952764631,1.0,1.0,0.0,0.0,0.0,43.2722956832362,0.09793225030668282,0.3,99.99999236638041,110.00000007327519,0.5000001224739514,55.00100177635208,0.22849000519651766,0.0012,0.0018,0.0083,0.0086
451,1762746499.3683832,0.005738985533166433,0.027679457098479618,0.22673977676952276,0.0003646800503852809,-0.06048606664396544,-0.04899696884494441,-0.003038977333508202,0.0032373738928176566,-0.743,0.519,1.022,1.0,0.014,0.018,0.002,-0.294,-0.524,0.002,-0.007,0.04,0.012,-0.767,0.482,1.21,1.0,0.012,0.017,0.001,-0.334,-0.616,0.005,-0.072,0.01,0.0,-0.743,0.519,1.022,1.0,0.014,0.018,0.002,-0.294,-0.524,0.002,-0.007,0.04,0.012,-0.8376198836430415,0.5462535405155903,1.0,1.0,0.0,0.0,0.0,43.273252981309795,0.09792816056542092,0.3,99.99999239165491,110.00000007328292,0.5000001222817044,55.00132036920829,0.22834310915642908,0.0007,0.0011,0.0043,0.0046
452,1762746499.4378076,0.005131694615513506,0.0304790567234342,0.22600536064503088,0.0006199765391629566,-0.0030364545882646497,0.013997998124772888,-0.00367208062245964,0.0012764824438883788,-0.771,0.466,1.023,1.0,0.011,0.018,0.002,-0.285,-0.533,0.012,-0.043,0.013,0.001,-0.785,0.447,1.211,1.0,0.009,0.017,0.001,-0.235,-0.483,0.002,-0.089,-0.031,-0.0,-0.771,0.466,1.023,1.0,0.011,0.018,0.002,-0.285,-0.533,0.012,-0.043,0.013,0.001,-0.8598314098141204,0.510578051523038,1.0,1.0,0.0,0.0,0.0,43.27718621418521,0.09791282517383597,0.3,99.99999238835471,110.00000007327502,0.5000001224460984,55.001557104861675,0.2293861967749275,0.0006,0.001,0.0053,0.0068
453,1762746499.4973128,0.007422535399525262,0.0337606689274066,0.22490262626569443,0.0007162544959839376,0.011454203920058777,0.01640806101986199,-0.005513671896682158,0.0004813897841049048,-0.783,0.438,1.025,1.0,0.009,0.018,0.002,-0.266,-0.543,0.026,-0.063,-0.01,-0.001,-0.801,0.411,1.211,1.0,0.006,0.016,0.001,-0.235,-0.538,-0.004,-0.089,-0.03,-0.001,-0.783,0.438,1.025,1.0,0.009,0.018,0.002,-0.266,-0.543,0.026,-0.063,-0.01,-0.001,-0.8805243942586999,0.4740008345091279,1.0,1.0,0.0,0.0,0.0,43.28556863314196,0.09788651701889355,0.3,99.99999240442433,110.00000007328201,0.5000001222886559,55.001730183252775,0.22967602729293723,0.0004,0.0006,0.0028,0.0029
454,1762746499.5649092,0.01369229925420451,0.03500724238587195,0.22195108372968989,0.0003829016983541962,0.031348819273396236,0.00623286729232678,-0.014757712680022829,-0.0016667639881487073,-0.799,0.398,1.03,1.0,0.005,0.016,0.001,-0.223,-0.538,0.06,-0.09,-0.027,-0.011,-0.816,0.375,1.21,1.0,0.004,0.015,0.001,-0.183,-0.461,-0.012,-0.042,-0.001,-0.001,-0.799,0.398,1.03,1.0,0.005,0.016,0.001,-0.223,-0.538,0.06,-0.09,-0.027,-0.011,-0.8996622912540178,0.43658648821919677,1.0,1.0,0.0,0.0,0.0,43.304765140891035,0.09784088589048723,0.2999343150159684,99.99999245639073,110.00000007331472,0.5000001216163651,55.00188157470964,0.22713928233930356,0.0006,0.0006,0.0032,0.0031
455,1762746499.63438,0.002863822506272779,0.029547869422587157,0.22501918314602115,0.0005335476014358955,-0.05414238373965864,-0.027296864816423953,0.015340497081656409,0.0007532295154084965,-0.811,0.35,1.031,1.0,0.003,0.016,0.002,-0.17,-0.611,0.02,-0.068,-0.016,0.008,-0.83,0.339,1.208,1.0,0.003,0.016,0.001,-0.216,-0.603,-0.045,0.011,0.016,-0.0,-0.811,0.35,1.031,1.0,0.003,0.016,0.002,-0.17,-0.611,0.02,-0.068,-0.016,0.008,-0.9172113015054528,0.3984010898462418,1.0,1.0,0.0,0.0,0.0,43.31524485699131,0.09782494251565481,0.3,99.99999239224266,110.00000007327391,0.5000001225491535,55.00232923498415,0.22598658450732098,0.0011,0.0009,0.0038,0.0045
456,1762746499.6984973,0.0031984313395347465,0.03077965771671507,0.22792983971971786,0.0004714270201428436,0.0016730441663098325,0.006158941470639584,0.014553282868483518,-0.00031060290646525983,-0.823,0.325,1.03,1.0,0.003,0.016,0.001,-0.182,-0.56,-0.021,-0.017,0.009,-0.002,-0.843,0.301,1.205,1.0,0.003,0.016,0.001,-0.164,-0.512,-0.05,-0.012,-0.006,-0.001,-0.823,0.325,1.03,1.0,0.003,0.016,0.001,-0.182,-0.56,-0.021,-0.017,0.009,-0.002,-0.9331404318392025,0.35951207833249027,1.0,1.0,0.0,0.0,0.0,43.31292810204478,0.09781952769682291,0.2999833608444256,99.99999237719622,110.00000007326577,0.5000001227321715,55.002434394419105,0.2264663889462756,0.0007,0.0007,0.003,0.0032
457,1762746499.7648275,-0.000640307168319823,0.037366324937874014,0.2300671179211738,0.0005073065288907541,-0.019193692539272847,0.03293333610579474,0.010686391007279713,0.0001793975437395525,-0.837,0.282,1.027,1.0,0.003,0.016,0.002,-0.187,-0.575,-0.048,-0.008,-0.011,0.001,-0.854,0.264,1.201,1.0,0.003,0.015,0.001,-0.15,-0.534,-0.047,-0.02,-0.008,-0.0,-0.837,0.282,1.027,1.0,0.003,0.016,0.002,-0.187,-0.575,-0.048,-0.008,-0.011,0.001,-0.9474215499390909,0.319988135265998,1.0,1.0,0.0,0.0,0.0,43.30144355928906,0.09777250241175191,0.29953180750272024,99.9999923933328,110.00000007327918,0.5000001225212405,55.00246970529641,0.22734388076492254,0.0006,0.0007,0.003,0.0032
458,1762746499.8315322,0.007467360084059122,0.040795229452760706,0.2287513834129388,0.00033058414911486974,0.040538336261894715,0.01714452257443342,-0.0065786725411750135,-0.0008836118988794221,-0.85,0.244,1.025,1.0,0.002,0.016,0.001,-0.176,-0.523,-0.03,-0.023,-0.004,-0.01,-0.864,0.227,1.199,1.0,0.002,0.016,0.001,-0.132,-0.543,-0.032,-0.034,0.02,-0.001,-0.85,0.244,1.025,1.0,0.002,0.016,0.001,-0.176,-0.523,-0.03,-0.023,-0.004,-0.01,-0.9600294340308396,0.27989906358261685,1.0,1.0,0.0,0.0,0.0,43.29299617143548,0.0977337314492231,0.2985877464618813,99.99999244367464,110.00000007331099,0.500000121898646,55.00230290583631,0.22612378557938081,0.0004,0.0006,0.0032,0.0033
459,1762746499.898533,0.008551257394006213,0.04107303078091481,0.22960395327435254,0.00013942981029313662,0.00541948654973545,0.0013890066407704522,0.004262849307068732,-0.0009557716941086661,-0.853,0.23,1.024,1.0,0.002,0.016,0.001,-0.156,-0.537,-0.038,-0.019,0.004,-0.004,-0.872,0.19,1.197,1.0,0.001,0.017,0.001,-0.09,-0.44,-0.017,0.003,0.034,-0.0,-0.853,0.23,1.024,1.0,0.002,0.016,0.001,-0.156,-0.537,-0.038,-0.019,0.004,-0.004,-0.9709418174260519,0.2393156642875581,1.0,1.0,0.0,0.0,0.0,43.28185883925384,0.09768174049838534,0.2992050276356377,99.99999242141111,110.00000007329622,0.5000001222040952,55.00217166102314,0.22544068313960305,0.0008,0.0006,0.003,0.0033
460,1762746499.9701872,0.004957767512093274,0.04264058529551919,0.23288520707447802,-0.00035876447422017894,-0.017967449409564695,0.007837772573021897,0.016406269000627437,-0.002490971422566578,-0.866,0.175,1.017,1.0,0.001,0.018,0.001,-0.161,-0.552,-0.071,-0.018,0.023,-0.015,-0.879,0.152,1.196,1.0,0.002,0.018,0.001,-0.088,-0.542,-0.007,0.027,0.036,-0.0,-0.866,0.175,1.017,1.0,0.001,0.018,0.001,-0.161,-0.552,-0.071,-0.018,0.023,-0.015,-0.9801394278472417,0.19830961141427728,1.0,1.0,0.0,0.0,0.0,43.25962771390524,0.09759449968980258,0.3,99.99999251167188,110.00000007334434,0.5000001212513182,55.00202912022812,0.226114866639904,0.0007,0.001,0.0039,0.0071
461,1762746500.033616,0.008543574059789727,0.041606523280910856,0.23394334332684427,-0.0002632408096797177,0.017929032738482262,-0.005170310073041603,0.005290681261831218,0.0004776183227023058,-0.873,0.148,1.013,1.0,0.001,0.019,0.001,-0.147,-0.501,-0.082,0.015,0.047,-0.006,-0.884,0.114,1.196,1.0,0.003,0.019,0.001,-0.061,-0.526,0.023,0.011,0.029,-0.0,-0.873,0.148,1.013,1.0,0.001,0.019,0.001,-0.147,-0.501,-0.082,0.015,0.047,-0.006,-0.9876060214644565,0.15695332544150634,1.0,1.0,0.0,0.0,0.0,43.23109660649147,0.09754504359471738,0.2986932783070883,99.9999924796128,110.00000007332785,0.5000001215461067,55.001742598972825,0.22319107440465835,0.0011,0.0012,0.0041,0.0032
462,1762746500.0991368,0.010575198574166068,0.03802250493347877,0.23208099261319715,-0.0003715611907647184,0.010158122571881704,-0.017920091737160436,-0.009311753568235872,-0.0005416019054250038,-0.879,0.112,1.009,1.0,0.002,0.02,0.001,-0.096,-0.485,-0.054,0.013,0.033,-0.011,-0.888,0.075,1.2,1.0,0.003,0.02,0.001,-0.035,-0.521,0.06,0.016,0.013,-0.0,-0.879,0.112,1.009,1.0,0.002,0.02,0.001,-0.096,-0.485,-0.054,0.013,0.033,-0.011,-0.9933284115833829,0.11531984539199457,1.0,1.0,0.0,0.0,0.0,43.20832128851819,0.09759511311568286,0.2986203805317413,99.99999237779355,110.00000007327272,0.5000001227160961,55.0015571630489,0.220071527190706,0.001,0.0011,0.0029,0.0032
463,1762746500.1657417,-0.0009435984270614421,0.03949726870256514,0.22980794244135389,-0.00033199209809998205,-0.05759398500613755,0.007373818845431826,-0.011365250859216202,0.00019784546332368117,-0.883,0.068,1.01,1.0,0.003,0.021,0.001,-0.081,-0.552,-0.022,0.012,0.014,0.005,-0.889,0.037,1.205,1.0,0.004,0.02,0.001,-0.011,-0.565,0.094,0.023,-0.014,0.0,-0.883,0.068,1.01,1.0,0.003,0.021,0.001,-0.081,-0.552,-0.022,0.012,0.014,0.005,-0.9972964919342662,0.07348269983884748,1.0,1.0,0.0,0.0,0.0,43.19410069826211,0.09770140617977033,0.29888809557803175,99.99999237560816,110.0000000732699,0.5000001227728315,55.0014911091967,0.2205457139599723,0.0009,0.0007,0.0033,0.0033
464,1762746500.2382424,-0.015958344672075624,0.047015686726858706,0.21894909599140222,0.0002414698213642543,-0.0750737312250709,0.03759209012146782,-0.05429423224975824,0.0028673095973211814,-0.888,0.037,1.018,1.0,0.003,0.021,0.002,-0.096,-0.623,0.116,0.02,0.011,0.021,-0.889,-0.001,1.212,1.0,0.004,0.02,0.001,0.013,-0.517,0.101,-0.027,-0.014,0.0,-0.888,0.037,1.018,1.0,0.003,0.021,0.002,-0.096,-0.623,0.116,0.02,0.011,0.021,-0.9995032545205177,0.031515777047270724,1.0,1.0,0.0,0.0,0.0,43.22009188593833,0.09734174860167417,0.29941782191991767,99.99999255642382,110.00000007337118,0.5000001207582636,55.001353600069784,0.2229018556850057,0.001,0.0012,0.0051,0.0069
465,1762746500.2981699,-0.003783544467307368,0.04194966860998238,0.22145857666000007,0.0002428873643412689,0.06087400102384127,-0.025330090584381647,0.012547403342989328,7.087714885073253e-06,-0.886,0.013,1.021,1.0,0.003,0.02,0.001,-0.01,-0.514,0.094,0.008,-0.014,-0.014,-0.887,-0.04,1.218,1.0,0.001,0.02,0.001,0.033,-0.506,0.065,-0.092,0.021,0.0,-0.886,0.013,1.021,1.0,0.003,0.02,0.001,-0.01,-0.514,0.094,0.008,-0.014,-0.014,-0.9999448019954837,-0.0105068055189361,1.0,1.0,0.0,0.0,0.0,43.245035124484446,0.09686912644992277,0.3,99.99999237530065,110.0000000732464,0.5000001231793344,55.0012249159226,0.222294003209509,0.0005,0.0007,0.003,0.0033
466,1762746500.3717844,-0.004892644154280952,0.03939177963500769,0.22017800436034807,-9.696802158390845e-05,-0.005545498434867926,-0.012789444874873471,-0.006402861498260092,-0.001699276929625887,-0.883,-0.032,1.028,1.0,0.001,0.02,0.001,0.016,-0.558,0.095,-0.024,-0.007,-0.009,-0.884,-0.079,1.222,1.0,-0.002,0.02,0.001,0.059,-0.542,0.04,-0.055,0.01,0.0,-0.883,-0.032,1.028,1.0,0.001,0.02,0.001,0.016,-0.558,0.095,-0.024,-0.007,-0.009,-0.9986203545455203,-0.052510832095665226,1.0,1.0,0.0,0.0,0.0,43.27188831509947,0.09634675819096562,0.3,99.99999235867554,110.00000007323504,0.5000001234044087,55.00122202072522,0.2222280643504751,0.001,0.0012,0.0052,0.0069
467,1762746500.434335,-0.00856840872917112,0.04735429821226712,0.22508340623466622,-0.0004719145265008506,-0.018378822874450834,0.03981259288629717,0.024527009371590837,-0.0018747325245847108,-0.884,-0.08,1.028,1.0,-0.002,0.021,0.001,-0.037,-0.599,0.032,-0.063,0.011,-0.013,-0.879,-0.118,1.224,1.0,-0.003,0.02,0.001,0.093,-0.614,0.005,-0.025,-0.013,0.0,-0.884,-0.08,1.028,1.0,-0.002,0.021,0.001,-0.037,-0.599,0.032,-0.063,0.011,-0.013,-0.995532251267216,-0.09442211969040283,1.0,1.0,0.0,0.0,0.0,43.28229557099791,0.09614231807540241,0.29937839891712076,99.99999245232158,110.00000007328705,0.5000001222684425,55.00099439532563,0.22390680828415963,0.0008,0.0012,0.0037,0.0047
468,1762746500.498851,-0.016025586587459256,0.03775813341824712,0.22753291336527207,-0.0007460064201947757,-0.03728588929144069,-0.04798082397010002,0.012247535653029122,-0.0013704594684696256,-0.874,-0.125,1.029,1.0,-0.003,0.02,0.001,0.081,-0.613,-0.012,-0.036,-0.013,-0.009,-0.872,-0.156,1.224,1.0,-0.004,0.021,0.001,0.09,-0.459,-0.007,-0.014,0.015,0.0,-0.874,-0.125,1.029,1.0,-0.003,0.02,0.001,0.081,-0.613,-0.012,-0.036,-0.013,-0.009,-0.9906859460363308,-0.1361666490962464,1.0,1.0,0.0,0.0,0.0,43.28075837846376,0.09616908032601273,0.29915743262043504,99.99999250772703,110.00000007332157,0.5000001215893867,55.001152614731424,0.2246093449402153,0.0005,0.0007,0.0035,0.0035
469,1762746500.5727682,-0.022450696575341822,0.033828822493309596,0.22583114266991067,-0.00011220350461627819,-0.032125549939412815,-0.01964655462468762,-0.008508853476807042,0.0031690145778924873,-0.867,-0.172,1.03,1.0,-0.004,0.021,0.002,0.093,-0.622,0.006,-0.028,0.009,0.011,-0.864,-0.195,1.223,1.0,-0.005,0.021,0.001,0.13,-0.529,-0.007,-0.037,-0.014,0.001,-0.867,-0.172,1.03,1.0,-0.004,0.021,0.002,0.093,-0.622,0.006,-0.028,0.009,0.011,-0.9840899978757481,-0.1776706956166664,1.0,1.0,0.0,0.0,0.0,43.28362780767671,0.09613522943320149,0.29975615668360145,99.99999264794678,110.00000007339891,0.5000001199492713,55.001255657100074,0.2264256614246454,0.0013,0.0013,0.0057,0.0071
470,1762746500.6377826,-0.01688816834338091,0.033242353912223827,0.22560024557765185,6.166383746632371e-05,0.02781264115980456,-0.002932342905428877,-0.0011544854612942942,0.0008693367104130097,-0.861,-0.198,1.03,1.0,-0.005,0.021,0.001,0.116,-0.575,0.012,-0.041,-0.001,-0.003,-0.853,-0.232,1.222,1.0,-0.006,0.02,0.001,0.172,-0.587,-0.013,-0.065,-0.043,0.0,-0.861,-0.198,1.03,1.0,-0.005,0.021,0.001,0.116,-0.575,0.012,-0.041,-0.001,-0.003,-0.9757560558394491,-0.21886095927013058,1.0,1.0,0.0,0.0,0.0,43.28885311830164,0.09608631128341878,0.3,99.99999260635703,110.00000007337125,0.5000001205107711,55.0012837215716,0.22740397696779435,0.0011,0.0008,0.005,0.0068
471,1762746500.6979475,-0.014261278348464773,0.03584722984094202,0.22603115877899918,-0.00012790664020812531,0.013134449974580686,0.013024379643590944,0.0021545660067366903,-0.0009478523883722451,-0.849,-0.239,1.029,1.0,-0.007,0.02,0.001,0.137,-0.563,0.007,-0.048,-0.028,-0.01,-0.842,-0.27,1.221,1.0,-0.008,0.018,0.001,0.183,-0.537,-0.02,-0.032,-0.041,0.0,-0.849,-0.239,1.029,1.0,-0.007,0.02,0.001,0.137,-0.563,0.007,-0.048,-0.028,-0.01,-0.9656988384392073,-0.2596646942446463,1.0,1.0,0.0,0.0,0.0,43.29296686003511,0.09606052013749235,0.3,99.99999256206185,110.00000007334461,0.5000001210540737,55.00129434562876,0.2270370965636384,0.0006,0.0006,0.003,0.0031
472,1762746500.765227,-0.018468776503389336,0.026261519887661726,0.2270869540794575,3.1732634387126056e-05,-0.021037490774622816,-0.04792854976640147,0.005278976502291744,0.0007981963729762568,-0.836,-0.27,1.029,1.0,-0.009,0.018,0.001,0.251,-0.594,-0.01,-0.051,-0.05,0.008,-0.828,-0.307,1.22,1.0,-0.009,0.017,0.001,0.198,-0.506,-0.025,0.003,-0.014,-0.0,-0.836,-0.27,1.029,1.0,-0.009,0.018,0.001,0.251,-0.594,-0.01,-0.051,-0.05,0.008,-0.9539361076503359,-0.3000098373735883,1.0,1.0,0.0,0.0,0.0,43.29330987013018,0.09606159662946749,0.3,99.99999265064393,110.00000007339193,0.5000001200894298,55.00170363938566,0.22588623566335875,0.0007,0.0007,0.0031,0.0032
473,1762746500.8346388,-0.01803538147136436,0.025393360247229255,0.22915735601438167,0.00023115529952348545,0.0021669751601248836,-0.0043407982021624065,0.010352009674620941,0.000997113325681797,-0.819,-0.311,1.028,1.0,-0.009,0.017,0.001,0.248,-0.543,-0.036,-0.019,-0.036,0.003,-0.813,-0.343,1.218,1.0,-0.008,0.016,0.001,0.224,-0.511,-0.026,-0.0,-0.043,-0.0,-0.819,-0.311,1.028,1.0,-0.009,0.017,0.001,0.248,-0.543,-0.036,-0.019,-0.036,0.003,-0.9404886375423983,-0.33982513540590753,1.0,1.0,0.0,0.0,0.0,43.285537498579906,0.09606792626589987,0.3,99.99999263770181,110.0000000733855,0.5000001202622448,55.001940804473584,0.22509260466804618,0.0011,0.0012,0.0048,0.0035
474,1762746500.8995833,-0.021881728226313405,0.02483859053843387,0.22740958866355193,0.00012714275420765852,-0.019231733774745213,-0.002773848543976906,-0.008738836754148735,-0.0005200627265791345,-0.801,-0.35,1.029,1.0,-0.009,0.016,0.001,0.271,-0.543,-0.017,-0.01,-0.037,-0.002,-0.797,-0.378,1.216,1.0,-0.009,0.014,0.001,0.255,-0.524,-0.017,-0.002,-0.047,-0.0,-0.801,-0.35,1.029,1.0,-0.009,0.016,0.001,0.271,-0.543,-0.017,-0.01,-0.037,-0.002,-0.9253801775902822,-0.37904027084595865,1.0,1.0,0.0,0.0,0.0,43.28207365512263,0.09606058771375735,0.3,99.99999263581091,110.00000007338554,0.5000001203215632,55.00215400245881,0.2250018991349707,0.0007,0.001,0.0041,0.0031
475,1762746500.968943,-0.03286511265522332,0.026663746372610958,0.22861944617627986,0.0006293433837109902,-0.054916922144549574,0.009125779170885417,0.0060492875636395434,0.0025110031475166577,-0.787,-0.378,1.028,1.0,-0.009,0.015,0.002,0.295,-0.591,-0.028,-0.004,-0.06,0.016,-0.779,-0.413,1.215,1.0,-0.009,0.013,0.001,0.237,-0.445,-0.011,-0.017,-0.028,0.0,-0.787,-0.378,1.028,1.0,-0.009,0.015,0.002,0.295,-0.591,-0.028,-0.004,-0.06,0.016,-0.9086374107304312,-0.4175859861406961,1.0,1.0,0.0,0.0,0.0,43.27551365323112,0.09603994723201899,0.3,99.99999272219918,110.00000007343765,0.5000001193127314,55.002330933260176,0.22633954551905475,0.0005,0.0009,0.0057,0.0045
476,1762746501.035756,-0.023448984660835094,0.030902199160828384,0.22369279567094458,0.0006699725678860666,0.04708063997194114,0.021192263941087124,-0.024633252526676544,0.0002031459208753823,-0.766,-0.412,1.032,1.0,-0.009,0.013,0.001,0.277,-0.487,0.031,-0.006,-0.038,-0.004,-0.761,-0.446,1.215,1.0,-0.01,0.012,0.001,0.272,-0.47,-0.004,-0.063,-0.007,-0.001,-0.766,-0.412,1.032,1.0,-0.009,0.013,0.001,0.277,-0.487,0.031,-0.006,-0.038,-0.004,-0.890289906236314,-0.4553942059949107,1.0,1.0,0.0,0.0,0.0,43.28516773210907,0.09606921503470396,0.3,99.99999267165408,110.00000007340537,0.5000001199264902,55.00230454475621,0.22485334084774083,0.0011,0.0012,0.0054,0.0041
477,1762746501.0991383,-0.022809821227123585,0.03470119728681248,0.2255921874600441,0.0004232415659796695,0.0031958171685576003,0.01899499062992049,0.00949695894549786,-0.0012336550095319856,-0.747,-0.451,1.032,1.0,-0.011,0.013,0.001,0.261,-0.506,0.012,-0.037,-0.019,-0.003,-0.741,-0.479,1.214,1.0,-0.012,0.013,0.001,0.311,-0.496,-0.021,-0.027,0.022,-0.001,-0.747,-0.451,1.032,1.0,-0.011,0.013,0.001,0.261,-0.506,0.012,-0.037,-0.019,-0.003,-0.8703700674963549,-0.49239815759849315,1.0,1.0,0.0,0.0,0.0,43.29096032902768,0.09608932467644385,0.29993896765461886,99.99999265587091,110.00000007339678,0.500000120104416,55.002164719696296,0.22430066182352149,0.0008,0.001,0.0033,0.0033
478,1762746501.1671007,-0.02623615608438772,0.03318910299904148,0.23006101844918905,0.00015720789970402014,-0.01713167428632068,-0.007560471438854994,0.022344154945724712,-0.0013301683313782472,-0.726,-0.49,1.028,1.0,-0.013,0.013,0.001,0.276,-0.517,-0.043,-0.04,0.005,-0.002,-0.719,-0.512,1.212,1.0,-0.012,0.014,0.001,0.27,-0.395,-0.026,0.002,0.037,-0.0,-0.726,-0.49,1.028,1.0,-0.013,0.013,0.001,0.276,-0.517,-0.043,-0.04,0.005,-0.002,-0.8489130747865549,-0.5285324885533879,1.0,1.0,0.0,0.0,0.0,43.28066498230926,0.0960351768349101,0.3,99.99999265440536,110.00000007339642,0.5000001201520176,55.002034263606106,0.22497832860789188,0.001,0.0012,0.0039,0.0034
479,1762746501.2465074,-0.028366410172546097,0.0337955229156691,0.2319432659963532,0.00025666423365309186,-0.01065127044079189,0.0030320995831381228,0.009411237735820943,0.0004972816697453586,-0.713,-0.514,1.024,1.0,-0.013,0.015,0.001,0.258,-0.492,-0.067,-0.013,0.034,0.007,-0.697,-0.542,1.211,1.0,-0.012,0.015,0.001,0.295,-0.392,-0.014,-0.001,0.024,-0.0,-0.713,-0.514,1.024,1.0,-0.013,0.015,0.001,0.258,-0.492,-0.067,-0.013,0.034,0.007,-0.8259568231388738,-0.5637333822919653,1.0,1.0,0.0,0.0,0.0,43.260961176220526,0.09591074957292792,0.29838812340496734,99.99999261032215,110.00000007337674,0.5000001205621365,55.00174723825776,0.22369652334268264,0.0006,0.0006,0.0175,0.0034
480,1762746501.3000538,-0.026961509293043865,0.032666884937147575,0.23046395219528293,0.00010880504451781561,0.00702450439751115,-0.005643189892607655,-0.007396569005351187,-0.0007392959456763814,-0.692,-0.547,1.021,1.0,-0.013,0.016,0.001,0.275,-0.445,-0.046,0.002,0.035,-0.003,-0.674,-0.572,1.21,1.0,-0.013,0.016,0.001,0.352,-0.425,0.012,-0.01,0.017,-0.0,-0.692,-0.547,1.021,1.0,-0.013,0.016,0.001,0.275,-0.445,-0.046,0.002,0.035,-0.003,-0.8015418554151024,-0.5979386707829786,1.0,1.0,0.0,0.0,0.0,43.24531077937303,0.09582065680112312,0.2974886518046779,99.99999259196751,110.00000007337293,0.5000001207243535,55.00151152538413,0.2211032203106404,0.0007,0.0012,0.004,0.0034
481,1762746501.371495,-0.026674042815904332,0.030215199171851337,0.23247475582669822,-1.501550598627079e-05,0.0014373323856976556,-0.012258428826481232,0.010054018157076449,-0.0006191027525204321,-0.676,-0.569,1.018,1.0,-0.013,0.016,0.001,0.314,-0.439,-0.065,-0.015,0.021,-0.002,-0.649,-0.6,1.212,1.0,-0.013,0.016,0.001,0.361,-0.395,0.031,-0.007,0.004,-0.0,-0.676,-0.569,1.018,1.0,-0.013,0.016,0.001,0.314,-0.439,-0.065,-0.015,0.021,-0.002,-0.7757112907044201,-0.6310879443260524,1.0,1.0,0.0,0.0,0.0,43.22348006575932,0.09573698513180154,0.29743178033480316,99.99999256497055,110.00000007335584,0.5000001210381863,55.00139085081432,0.21998061364054727,0.001,0.0011,0.0051,0.0068
482,1762746501.43353,-0.012742153491448232,0.023997107528398814,0.2290611126713748,-0.00047371681172607714,0.06965944662228048,-0.03109045821726262,-0.017068215776617268,-0.0022935065286990314,-0.647,-0.594,1.017,1.0,-0.013,0.016,0.0,0.372,-0.314,-0.025,-0.005,0.004,-0.021,-0.623,-0.627,1.215,1.0,-0.013,0.016,0.001,0.39,-0.387,0.061,-0.003,-0.015,0.0,-0.647,-0.594,1.017,1.0,-0.013,0.016,0.0,0.372,-0.314,-0.025,-0.005,0.004,-0.021,-0.7485107481711013,-0.663122658240795,1.0,1.0,0.0,0.0,0.0,43.212101519484776,0.09572972343271909,0.29810275660583163,99.99999250918277,110.0000000733247,0.500000121751549,55.00161303383753,0.2161179857664122,0.0007,0.0006,0.0035,0.0046
483,1762746501.5049767,-0.026162982647699343,0.02611600107281998,0.22325749934479136,-0.0004066373479715092,-0.06710414578125554,0.010594467722105809,-0.029018066632917214,0.0003353973187728396,-0.621,-0.627,1.023,1.0,-0.013,0.016,0.001,0.36,-0.408,0.053,-0.004,-0.001,0.005,-0.595,-0.654,1.22,1.0,-0.012,0.015,0.001,0.413,-0.373,0.074,0.057,-0.044,0.0,-0.621,-0.627,1.023,1.0,-0.013,0.016,0.001,0.36,-0.408,0.053,-0.004,-0.001,0.005,-0.7199882664868543,-0.6939862362621139,1.0,1.0,0.0,0.0,0.0,43.22310284872908,0.09569241052496917,0.3,99.9999924524145,110.00000007328434,0.5000001225410661,55.00150449834787,0.21727367828167604,0.001,0.0012,0.005,0.0069
484,1762746501.5714722,-0.033183339503078266,0.025396035427402888,0.21607798229513808,-9.62581490135451e-05,-0.03510178427689461,-0.0035998282270854375,-0.03589758524826626,0.0015518959947898201,-0.599,-0.644,1.03,1.0,-0.013,0.015,0.001,0.397,-0.394,0.146,0.023,-0.015,0.01,-0.566,-0.679,1.225,1.0,-0.011,0.014,0.001,0.397,-0.331,0.053,0.011,-0.029,0.0,-0.599,-0.644,1.03,1.0,-0.013,0.015,0.001,0.397,-0.394,0.146,0.023,-0.015,0.01,-0.6901942189900869,-0.7236241704591299,1.0,1.0,0.0,0.0,0.0,43.26394815118715,0.09542512330525278,0.3,99.99999247635822,110.00000007329486,0.5000001222693184,55.00144286049412,0.21709514872872768,0.0007,0.001,0.0054,0.0071
485,1762746501.6317418,-0.02857643592826309,0.022591784292620876,0.2173199181300796,-0.000631378370359571,0.023034517874075892,-0.014021255673910046,0.006209679174707406,-0.0026756011067301287,-0.565,-0.666,1.038,1.0,-0.011,0.014,0.001,0.432,-0.319,0.126,0.023,-0.032,-0.0,-0.536,-0.704,1.227,1.0,-0.011,0.013,0.001,0.41,-0.32,0.002,-0.036,-0.019,0.0,-0.565,-0.666,1.038,1.0,-0.011,0.014,0.001,0.432,-0.319,0.126,0.023,-0.032,-0.0,-0.6591812247219381,-0.7519841175012181,1.0,1.0,0.0,0.0,0.0,43.30458570310339,0.09513107933816735,0.3,99.9999924090972,110.00000007325495,0.5000001231283409,55.00156226632647,0.21562316947587296,0.0005,0.0008,0.0031,0.0033
486,1762746501.6988893,-0.0330140073329182,0.016094409610732652,0.22702915827531187,-0.00029917010665892634,-0.022187857023275574,-0.032486873409441105,0.0485462007261612,0.0016610413185032232,-0.54,-0.683,1.035,1.0,-0.012,0.013,0.001,0.488,-0.364,-0.004,-0.009,-0.039,0.009,-0.505,-0.727,1.225,1.0,-0.013,0.012,0.001,0.443,-0.321,-0.048,-0.034,-0.018,0.001,-0.54,-0.683,1.035,1.0,-0.012,0.013,0.001,0.488,-0.364,-0.004,-0.009,-0.039,0.009,-0.6270040554961869,-0.7790159911011677,1.0,1.0,0.0,0.0,0.0,43.31033130407473,0.09511077002011542,0.2993216037392734,99.99999251698584,110.00000007331732,0.5000001218170071,55.001713770729665,0.21614354730745539,0.0009,0.0007,0.003,0.0036
487,1762746501.7654448,-0.037549214971967323,0.02056851031692806,0.2246391236103977,-0.00020337668276037708,-0.02267603819524564,0.022370503530977023,-0.011950173324571007,0.0004789671194927464,-0.509,-0.712,1.034,1.0,-0.013,0.012,0.001,0.431,-0.378,0.017,-0.035,-0.005,-0.003,-0.473,-0.749,1.221,1.0,-0.014,0.011,0.001,0.497,-0.332,-0.056,-0.039,-0.045,0.0,-0.509,-0.712,1.034,1.0,-0.013,0.012,0.001,0.431,-0.378,0.017,-0.035,-0.005,-0.003,-0.5937195391671689,-0.8046720504721937,1.0,1.0,0.0,0.0,0.0,43.31889750206651,0.09512801088910348,0.2994752833891556,99.99999251513103,110.00000007331406,0.5000001218537008,55.001502343161214,0.21719961151002348,0.0008,0.0007,0.003,0.0037
488,1762746501.8364136,-0.034423434234968,0.010163193709524175,0.22930240464927798,-0.0003608137394940488,0.01562890368499662,-0.0520265830370194,0.023316405194401493,-0.0007871852836683587,-0.466,-0.735,1.03,1.0,-0.014,0.011,0.001,0.53,-0.328,-0.038,-0.033,-0.031,-0.005,-0.44,-0.77,1.217,1.0,-0.015,0.01,0.001,0.511,-0.314,-0.07,-0.05,-0.018,0.0,-0.466,-0.735,1.03,1.0,-0.014,0.011,0.001,0.53,-0.328,-0.038,-0.033,-0.031,-0.005,-0.5593864592665334,-0.828906984642578,1.0,1.0,0.0,0.0,0.0,43.31342545847896,0.09509334750259303,0.29958891168160945,99.9999925454313,110.0000000733307,0.5000001214983575,55.001711927492636,0.21781307290575694,0.001,0.0012,0.0053,0.0048
489,1762746501.8988779,-0.03655969125595203,0.013247960483081491,0.23236103124738477,-0.00012810383356549993,-0.010681285104920144,0.015423833867786577,0.015293132990534005,0.0011635495296427446,-0.443,-0.754,1.026,1.0,-0.016,0.01,0.001,0.498,-0.34,-0.076,-0.042,-0.028,-0.001,-0.406,-0.79,1.213,1.0,-0.017,0.009,0.001,0.528,-0.295,-0.059,-0.023,-0.051,0.0,-0.443,-0.754,1.026,1.0,-0.016,0.01,0.001,0.498,-0.34,-0.076,-0.042,-0.028,-0.001,-0.5240654511860948,-0.8516779924790325,1.0,1.0,0.0,0.0,0.0,43.29420727713806,0.09490790565778073,0.2994383273892417,99.99999258206167,110.00000007335501,0.5000001210639564,55.00164828406623,0.21846990177441347,0.0007,0.0007,0.0034,0.0034
490,1762746501.9717054,-0.05440090192165959,0.021726637400129735,0.22797031467007126,0.0005804857273595009,-0.08920605332853783,0.04239338458524122,-0.021953582886567527,0.0035429478046250036,-0.407,-0.782,1.023,1.0,-0.017,0.009,0.001,0.449,-0.42,-0.017,-0.028,-0.025,0.026,-0.371,-0.809,1.21,1.0,-0.017,0.007,0.001,0.454,-0.228,-0.023,-0.014,-0.029,0.0,-0.407,-0.782,1.023,1.0,-0.017,0.009,0.001,0.449,-0.42,-0.017,-0.028,-0.025,0.026,-0.4878188950901271,-0.8729448582774559,1.0,1.0,0.0,0.0,0.0,43.28789129283409,0.09485364154334594,0.29850286242543067,99.99999280468766,110.00000007348324,0.5000001185034186,55.00108807395956,0.21972937667102976,0.0007,0.001,0.0051,0.0074
491,1762746502.0315802,-0.036377624712319506,0.008959801495647157,0.22889566106175993,0.00045864689983338033,0.09011638604670043,-0.06383417952241288,0.0046267319584433805,-0.0006091941376306026,-0.364,-0.801,1.018,1.0,-0.018,0.008,0.001,0.552,-0.239,-0.02,-0.02,-0.023,0.002,-0.335,-0.825,1.209,1.0,-0.019,0.007,0.001,0.509,-0.229,-0.018,-0.078,0.023,-0.001,-0.364,-0.801,1.018,1.0,-0.018,0.008,0.001,0.552,-0.239,-0.02,-0.02,-0.023,0.002,-0.4507108057462303,-0.892670022787583,1.0,1.0,0.0,0.0,0.0,43.282740699359486,0.09479551421406511,0.3,99.99999275126889,110.00000007344238,0.5000001193022109,55.00132453142078,0.22142525268874358,0.0006,0.0007,0.003,0.0033
492,1762746502.1006835,-0.03551812271475708,0.009856421274595158,0.23393236884024488,0.00034081598396927217,0.0042975099878121426,0.004483098894739995,0.025183538892424785,-0.0005891545793205413,-0.328,-0.822,1.011,1.0,-0.02,0.008,0.001,0.507,-0.271,-0.076,-0.051,-0.005,-0.004,-0.3,-0.84,1.208,1.0,-0.021,0.007,0.001,0.527,-0.207,-0.008,-0.009,-0.02,-0.0,-0.328,-0.822,1.011,1.0,-0.02,0.008,0.001,0.507,-0.271,-0.076,-0.051,-0.005,-0.004,-0.4128067194693316,-0.9108186495460929,1.0,1.0,0.0,0.0,0.0,43.25918394493084,0.09458403898373398,0.3,99.99999275450764,110.00000007344555,0.5000001192645764,55.00124136880597,0.22099155990136798,0.001,0.0012,0.004,0.0037
493,1762746502.1652095,-0.03135640397999795,0.008121680443492056,0.2301606191699596,0.00019214418518645384,0.020808593673795624,-0.008673704155515502,-0.01885874835142642,-0.0007433589939140916,-0.301,-0.833,1.01,1.0,-0.021,0.008,0.001,0.524,-0.212,-0.034,-0.03,-0.004,-0.004,-0.263,-0.854,1.208,1.0,-0.02,0.006,0.001,0.473,-0.159,0.024,0.022,-0.024,-0.0,-0.301,-0.833,1.01,1.0,-0.021,0.008,0.001,0.524,-0.212,-0.034,-0.03,-0.004,-0.004,-0.37417357837850246,-0.9273586864010207,1.0,1.0,0.0,0.0,0.0,43.2445431134739,0.09448307394439064,0.3,99.99999273056007,110.00000007343188,0.5000001195793696,55.00128432316324,0.22036217923282578,0.0005,0.0007,0.0031,0.0035
494,1762746502.2388387,-0.03683431255720879,0.005248873481448698,0.2259199885315695,0.00018071545179562792,-0.027389542886054188,-0.014364034810216787,-0.021203153191950406,-5.714366695412979e-05,-0.259,-0.848,1.013,1.0,-0.02,0.007,0.001,0.55,-0.206,0.024,-0.001,-0.019,0.002,-0.226,-0.865,1.211,1.0,-0.019,0.005,0.001,0.517,-0.147,0.044,0.048,-0.027,-0.0,-0.259,-0.848,1.013,1.0,-0.02,0.007,0.001,0.55,-0.206,0.024,-0.001,-0.019,0.002,-0.3348796121709864,-0.9422609221188204,1.0,1.0,0.0,0.0,0.0,43.24665091824441,0.09448697194402494,0.3,99.999992710016,110.00000007341369,0.5000001198770242,55.00131281652839,0.22087908694626968,0.0011,0.0013,0.0053,0.0071
495,1762746502.3051534,-0.03233190484369442,0.0007819569741061554,0.2233906919575548,1.1992357771477405e-05,0.02251203856757186,-0.02233458253671271,-0.012646482870073451,-0.0008436154701207527,-0.215,-0.855,1.018,1.0,-0.019,0.005,0.001,0.584,-0.119,0.055,0.032,-0.031,-0.007,-0.189,-0.875,1.214,1.0,-0.017,0.004,0.001,0.571,-0.138,0.045,0.023,-0.034,-0.0,-0.215,-0.855,1.018,1.0,-0.019,0.005,0.001,0.584,-0.119,0.055,0.032,-0.031,-0.007,-0.29499421762224975,-0.9554990379741032,1.0,1.0,0.0,0.0,0.0,43.260037400948235,0.09446170961460987,0.29944877040841006,99.9999927391404,110.0000000734317,0.5000001195166821,55.00160848670113,0.2199903870838577,0.0011,0.0012,0.0051,0.0068
496,1762746502.371567,-0.04600465483243387,0.01405786965054302,0.22026398203175032,0.0011576570392937773,-0.06836374994369722,0.06637956338218433,-0.015633549629022296,0.005728323407611499,-0.19,-0.864,1.023,1.0,-0.018,0.005,0.002,0.478,-0.19,0.098,0.032,-0.02,0.029,-0.15,-0.883,1.216,1.0,-0.017,0.003,0.001,0.519,-0.104,0.024,0.02,-0.039,-0.0,-0.19,-0.864,1.023,1.0,-0.018,0.005,0.002,0.478,-0.19,0.098,0.032,-0.02,0.029,-0.2545878360248632,-0.9670496542309384,1.0,1.0,0.0,0.0,0.0,43.28619593185894,0.09433043641276487,0.2985470334868319,99.9999926055121,110.00000007335989,0.5000001209683825,55.001209837926204,0.21851890868448529,0.001,0.0012,0.005,0.007
497,1762746502.43833,-0.03542486028941655,0.0054229129701022,0.22229906535099037,0.0005394953283306155,0.052898972715086603,-0.04317478340220409,0.010175416596200054,-0.003090808554815809,-0.145,-0.868,1.028,1.0,-0.017,0.003,0.001,0.571,-0.071,0.064,0.027,-0.035,-0.008,-0.113,-0.89,1.217,1.0,-0.017,0.003,0.001,0.601,-0.099,-0.008,-0.041,0.025,-0.001,-0.145,-0.868,1.028,1.0,-0.017,0.003,0.001,0.571,-0.071,0.064,0.027,-0.035,-0.008,-0.21373182878267047,-0.9768923714336268,1.0,1.0,0.0,0.0,0.0,43.306805263698266,0.09421088634280105,0.3,99.99999262842955,110.00000007337945,0.5000001205836748,55.00142555631754,0.21764168228794206,0.0011,0.0013,0.0052,0.0068
498,1762746502.5053308,-0.04240466993599775,0.0057686669885276525,0.22845026104748922,0.0008441320958119984,-0.034899048232906,0.0017287700921272686,0.03075597848249436,0.0015231838374069138,-0.118,-0.875,1.026,1.0,-0.017,0.003,0.002,0.539,-0.137,-0.017,-0.007,-0.014,0.009,-0.074,-0.896,1.215,1.0,-0.018,0.003,0.001,0.522,-0.066,-0.032,-0.011,0.004,-0.001,-0.118,-0.875,1.026,1.0,-0.017,0.003,0.002,0.539,-0.137,-0.017,-0.007,-0.014,0.009,-0.17249835137995115,-0.9850098064340268,1.0,1.0,0.0,0.0,0.0,43.30393278595156,0.09422042677939753,0.2997111800223037,99.99999251281844,110.00000007329677,0.5000001221896825,55.00124018069048,0.2177915182783076,0.0007,0.0012,0.0054,0.0073
499,1762746502.566711,-0.03779518539699184,-0.002741737937396604,0.22865554558412773,0.0002648403128478723,0.023047422695029525,-0.04255202462962128,0.001026422683192405,-0.00289645891482063,-0.076,-0.881,1.024,1.0,-0.019,0.004,0.001,0.572,-0.086,-0.026,-0.02,0.004,-0.008,-0.035,-0.9,1.213,1.0,-0.019,0.003,0.001,0.551,-0.046,-0.029,-0.021,-0.003,-0.001,-0.076,-0.881,1.024,1.0,-0.019,0.004,0.001,0.572,-0.086,-0.026,-0.02,0.004,-0.008,-0.13096022594817286,-0.9913876230917973,1.0,1.0,0.0,0.0,0.0,43.296917585598926,0.09423332022319218,0.29941858910246616,99.99999260746705,110.00000007336226,0.5000001208610205,55.001244299898495,0.2179527169561271,0.0009,0.0009,0.0035,0.004
500,1762746502.6319897,-0.03851663496754692,-0.004497654759371288,0.2300810510562012,0.00020517973599867509,-0.003607247852775385,-0.008779584109873426,0.007127527360367447,-0.0002983028842459862,-0.034,-0.887,1.021,1.0,-0.019,0.004,0.001,0.558,-0.075,-0.04,-0.018,0.001,-0.002,0.005,-0.902,1.211,1.0,-0.019,0.002,0.001,0.66,-0.027,-0.025,-0.005,-0.05,-0.0,-0.034,-0.887,1.021,1.0,-0.019,0.004,0.001,0.558,-0.075,-0.04,-0.018,0.001,-0.002,-0.08919081265537408,-0.9960145575933486,1.0,1.0,0.0,0.0,0.0,43.28486655560572,0.09424542040767515,0.2995511566893092,99.9999926118952,110.00000007336554,0.5000001207893282,55.00116071168237,0.21788688908443432,0.0006,0.0007,0.0032,0.0034
501,1762746502.700101,-0.03248047515401663,-0.002825284291270165,0.23704240970348595,0.00041105111444738566,0.03018079906765149,0.008361852340505613,0.03480679323642373,0.0010293568922435526,-0.006,-0.887,1.015,1.0,-0.019,0.003,0.001,0.559,-0.009,-0.123,-0.008,-0.024,0.004,0.043,-0.903,1.21,1.0,-0.019,0.001,0.001,0.52,0.001,-0.006,0.0,-0.045,-0.0,-0.006,-0.887,1.015,1.0,-0.019,0.003,0.001,0.559,-0.009,-0.123,-0.008,-0.024,0.004,-0.04726388014532912,-0.9988824383447774,1.0,1.0,0.0,0.0,0.0,43.24772977555804,0.09428442564526839,0.2999970340143414,99.99999253309296,110.00000007331552,0.5000001218175696,55.00125213897457,0.21712635231795505,0.0011,0.0013,0.0039,0.0032
502,1762746502.7648356,-0.03579334415721247,-0.0015719853402879997,0.22956206497912363,0.0007341471974686312,-0.0165643450159792,0.006266494754910829,-0.03740172362181178,0.0016154804151062273,0.038,-0.889,1.015,1.0,-0.019,0.001,0.002,0.562,-0.026,-0.034,0.0,-0.042,0.006,0.083,-0.902,1.212,1.0,-0.018,-0.001,0.001,0.566,0.027,0.047,0.031,-0.03,-0.0,0.038,-0.889,1.015,1.0,-0.019,0.001,0.002,0.562,-0.026,-0.034,0.0,-0.042,0.006,-0.005253475255306219,-0.9999862004036565,1.0,1.0,0.0,0.0,0.0,43.231115092572416,0.0943268833269879,0.29980529812481305,99.99999244181824,110.0000000732586,0.5000001229667574,55.00117948605537,0.2171219680097156,0.0005,0.0007,0.0031,0.0032
503,1762746502.8388183,-0.03929267241171702,-0.008359045739069551,0.22484615039494316,0.000756862397885424,-0.017496641272522817,-0.033935301993907756,-0.023579572920902382,0.0001135760020839644,0.082,-0.889,1.018,1.0,-0.019,-0.0,0.002,0.599,0.011,0.034,0.023,-0.037,0.005,0.122,-0.899,1.216,1.0,-0.018,-0.001,0.001,0.547,0.048,0.062,0.017,-0.009,-0.001,0.082,-0.889,1.018,1.0,-0.019,-0.0,0.002,0.599,0.011,0.034,0.023,-0.037,0.005,0.03676620775748877,-0.9993238944241918,1.0,1.0,0.0,0.0,0.0,43.23563069107079,0.0942927287931417,0.29976827160741215,99.99999238397427,110.00000007322144,0.500000123725871,55.001206521070934,0.21776271250935905,0.0011,0.0012,0.0052,0.007
504,1762746502.8988738,-0.03311467067574965,-0.011772037459398844,0.22268096620165834,0.0005330451057776539,0.030890008679836874,-0.017064958601646467,-0.010825920966424183,-0.001119086460538851,0.126,-0.881,1.023,1.0,-0.018,-0.001,0.002,0.589,0.084,0.062,0.02,-0.023,-0.008,0.161,-0.895,1.22,1.0,-0.017,-0.002,0.001,0.516,0.065,0.051,-0.005,-0.023,-0.001,0.126,-0.881,1.023,1.0,-0.018,-0.001,0.002,0.589,0.084,0.062,0.02,-0.023,-0.008,0.07872095824983046,-0.9968966900999463,1.0,1.0,0.0,0.0,0.0,43.2509125503199,0.09412597154476968,0.3,99.99999245518943,110.00000007326783,0.5000001228494009,55.00140521393374,0.21775439129834875,0.0006,0.0007,0.0036,0.0033
505,1762746502.9649096,-0.03770371218416395,-0.012111220023798643,0.22198027031223197,0.0006349714928072612,-0.022945207542071473,-0.00169591282199898,-0.0035034794471320244,0.000509631935148036,0.154,-0.879,1.027,1.0,-0.018,-0.001,0.002,0.577,0.058,0.07,0.012,-0.022,-0.001,0.199,-0.889,1.223,1.0,-0.017,-0.003,0.001,0.594,0.097,0.034,0.011,-0.043,-0.001,0.154,-0.879,1.027,1.0,-0.018,-0.001,0.002,0.577,0.058,0.07,0.012,-0.022,-0.001,0.12053668025532233,-0.9927088740980541,1.0,1.0,0.0,0.0,0.0,43.270057971195975,0.0938745444423774,0.3,99.9999924387721,110.00000007325667,0.5000001230559834,55.00135233243523,0.2179511924420218,0.0005,0.0007,0.003,0.0034
506,1762746503.0338955,-0.03854664704154073,-0.01044041131346398,0.22276418383155516,0.00043948657386722414,-0.004214674286883936,0.008354043551673313,0.003919567596615747,-0.000977424594700185,0.183,-0.875,1.029,1.0,-0.018,-0.002,0.001,0.566,0.078,0.057,0.004,-0.032,-0.005,0.238,-0.882,1.224,1.0,-0.017,-0.004,0.001,0.558,0.113,0.006,-0.005,-0.034,-0.001,0.183,-0.875,1.029,1.0,-0.018,-0.002,0.001,0.566,0.078,0.057,0.004,-0.032,-0.005,0.16213952334472406,-0.9867678424885692,1.0,1.0,0.0,0.0,0.0,43.287225897453176,0.0936534580858462,0.2998813378366755,99.99999246689389,110.00000007327493,0.5000001227038676,55.001282257813735,0.21771185733103343,0.0005,0.0007,0.0036,0.005
507,1762746503.1009834,-0.04379871245479614,-0.014019670178962664,0.2283616764048229,0.0009758230466234539,-0.026260327066277067,-0.01789629432749342,0.027987462866338818,0.0026816823637811483,0.229,-0.867,1.029,1.0,-0.018,-0.004,0.002,0.597,0.065,-0.018,0.011,-0.049,0.018,0.276,-0.874,1.224,1.0,-0.018,-0.005,0.001,0.525,0.127,-0.015,-0.014,-0.011,-0.0,0.229,-0.867,1.029,1.0,-0.018,-0.004,0.002,0.597,0.065,-0.018,0.011,-0.049,0.018,0.2034560130526333,-0.979084087682323,1.0,1.0,0.0,0.0,0.0,43.28373141573128,0.09368556828758237,0.3,99.999992232275,110.00000007313517,0.5000001255374465,55.00111652009108,0.2184995699513328,0.0006,0.0013,0.0046,0.0038
508,1762746503.167869,-0.041851769236419284,-0.013082156828889451,0.22842222109691268,0.0007815775763225909,0.009734716091884296,0.004687566750366058,0.0003027234604489602,-0.0009712273515043151,0.27,-0.859,1.027,1.0,-0.018,-0.005,0.001,0.557,0.097,-0.024,-0.008,-0.03,-0.001,0.314,-0.864,1.223,1.0,-0.019,-0.006,0.001,0.589,0.169,-0.012,-0.037,-0.018,-0.001,0.27,-0.859,1.027,1.0,-0.018,-0.005,0.001,0.557,0.097,-0.024,-0.008,-0.03,-0.001,0.24441318064018117,-0.9696711799003568,1.0,1.0,0.0,0.0,0.0,43.27689844489505,0.09373554770974492,0.3,99.99999219628637,110.00000007311054,0.5000001260000051,55.00097682960215,0.21835002626476732,0.0011,0.0012,0.0051,0.0032
509,1762746503.2338233,-0.03971209916176073,-0.016885251541797396,0.23085039166596244,0.0006109776330188042,0.010698350373292732,-0.019015473564539743,0.012140852845248736,-0.0008529997165189326,0.313,-0.851,1.023,1.0,-0.02,-0.006,0.001,0.566,0.104,-0.049,-0.031,-0.022,0.002,0.352,-0.852,1.222,1.0,-0.02,-0.006,0.001,0.534,0.18,-0.003,-0.024,-0.009,-0.001,0.313,-0.851,1.023,1.0,-0.02,-0.006,0.001,0.566,0.104,-0.049,-0.031,-0.022,0.002,0.2849386919645683,-0.9585457432076577,1.0,1.0,0.0,0.0,0.0,43.26208074403579,0.0938214272993536,0.29972344261438494,99.99999214625271,110.00000007308111,0.5000001266395162,55.000803617235725,0.2184007782751673,0.0006,0.0009,0.0048,0.0033
510,1762746503.3049526,-0.0469621063892947,-0.010615551030194414,0.22795833142049288,0.0012401756815053988,-0.036250036137669826,0.03134850255801491,-0.014460301227347755,0.0031459902424329726,0.337,-0.847,1.022,1.0,-0.02,-0.006,0.002,0.494,0.079,-0.012,-0.023,-0.006,0.014,0.389,-0.839,1.223,1.0,-0.02,-0.007,0.001,0.513,0.2,0.017,-0.004,-0.02,-0.001,0.337,-0.847,1.022,1.0,-0.02,-0.006,0.002,0.494,0.079,-0.012,-0.023,-0.006,0.014,0.32496097522784506,-0.9457274261535233,1.0,1.0,0.0,0.0,0.0,43.25564590926533,0.0938520692879614,0.2993357724981237,99.99999181602078,110.00000007287694,0.5000001307685672,55.000385990845245,0.2164539805427777,0.0008,0.0012,0.0052,0.0071
511,1762746503.3663013,-0.03819391220952571,-0.017573372505200798,0.227360716052247,0.0006005208493867852,0.043840970898844936,-0.03478910737503193,-0.002988076841229271,-0.0031982741605930684,0.379,-0.83,1.021,1.0,-0.021,-0.006,0.001,0.539,0.171,-0.001,-0.016,-0.016,-0.004,0.425,-0.824,1.224,1.0,-0.021,-0.007,0.001,0.49,0.219,0.023,-0.022,0.007,-0.001,0.379,-0.83,1.021,1.0,-0.021,-0.006,0.001,0.539,0.171,-0.001,-0.016,-0.016,-0.004,0.3644093473793204,-0.9312388670704084,1.0,1.0,0.0,0.0,0.0,43.25341057635144,0.09386316185709598,0.29981802390954565,99.9999918406932,110.00000007289589,0.5000001304128899,55.00033816793963,0.21687436000972884,0.0006,0.0008,0.0032,0.0044
512,1762746503.43823,-0.04386168251798136,-0.018767042940174995,0.2226664749999538,0.0005570627794305848,-0.028338851542278207,-0.005968352174870975,-0.023471205261465962,-0.0002172903497810008,0.405,-0.823,1.025,1.0,-0.021,-0.006,0.001,0.525,0.136,0.06,-0.019,-0.0,-0.001,0.46,-0.807,1.226,1.0,-0.021,-0.007,0.001,0.505,0.254,0.027,0.011,-0.014,-0.001,0.405,-0.823,1.025,1.0,-0.021,-0.006,0.001,0.525,0.136,0.06,-0.019,-0.0,-0.001,0.4032141389483648,-0.9151056540925363,1.0,1.0,0.0,0.0,0.0,43.268395443525,0.09376282164452314,0.3,99.99999180859278,110.00000007287572,0.5000001308274228,54.99999679366436,0.21670396199159378,0.0009,0.0012,0.0053,0.0068
513,1762746503.4987445,-0.03835894269346455,-0.0202794613072561,0.2249909156893994,0.0003847734201894508,0.027513699122584043,-0.007562091835405521,0.011622203447228117,-0.0008614467962056705,0.443,-0.806,1.026,1.0,-0.021,-0.006,0.001,0.499,0.212,0.031,-0.002,-0.005,0.001,0.495,-0.788,1.227,1.0,-0.02,-0.008,0.001,0.519,0.292,0.006,-0.0,-0.023,-0.001,0.443,-0.806,1.026,1.0,-0.021,-0.006,0.001,0.499,0.212,0.031,-0.002,-0.005,0.001,0.44130681708712455,-0.8973562799648929,1.0,1.0,0.0,0.0,0.0,43.277987884066235,0.09369852442956167,0.3,99.99999172587327,110.00000007281949,0.5000001318924228,54.99992870026145,0.21615727352994804,0.0005,0.0008,0.0031,0.0037
514,1762746503.5649004,-0.02826204499237364,-0.02820072146108795,0.22417720205931183,7.608514069611593e-05,0.05048448850545456,-0.03960630076915925,-0.004068568150437957,-0.001543441397466674,0.484,-0.784,1.029,1.0,-0.021,-0.007,0.001,0.537,0.272,0.033,-0.0,-0.012,-0.002,0.529,-0.768,1.227,1.0,-0.02,-0.009,0.001,0.53,0.331,-0.006,0.019,-0.025,-0.0,0.484,-0.784,1.029,1.0,-0.021,-0.007,0.001,0.537,0.272,0.033,-0.0,-0.012,-0.002,0.47862010660587595,-0.8780220917224008,1.0,1.0,0.0,0.0,0.0,43.28871146543962,0.09364480955232603,0.29998682382073005,99.99999180273282,110.00000007286528,0.5000001309221346,55.00001682489039,0.2169102929126715,0.0005,0.0008,0.003,0.0033
515,1762746503.634931,-0.014690030955390385,-0.035317784610180085,0.22617125799496443,-0.0004411105961788518,0.06786007018491629,-0.035585315745460686,0.00997027967826299,-0.002585978684374839,0.523,-0.759,1.028,1.0,-0.021,-0.008,0.001,0.559,0.358,0.005,0.0,-0.023,-0.015,0.564,-0.745,1.226,1.0,-0.019,-0.01,0.001,0.457,0.315,-0.021,0.057,-0.047,-0.0,0.523,-0.759,1.028,1.0,-0.021,-0.008,0.001,0.559,0.358,0.005,0.0,-0.023,-0.015,0.5150881087872171,-0.8571372353281638,1.0,1.0,0.0,0.0,0.0,43.29293533989933,0.09363258502929225,0.3,99.99999210948788,110.00000007305783,0.5000001270683646,55.0003535562129,0.218911441371306,0.0011,0.0013,0.0049,0.0036
516,1762746503.7046375,-0.01558926483995026,-0.03614967306739072,0.22662206060715223,-0.00010654728924431949,-0.004496169422799359,-0.004159442286053156,0.002254013060938896,0.0016728165346726615,0.549,-0.742,1.028,1.0,-0.02,-0.009,0.001,0.551,0.38,-0.002,0.036,-0.045,-0.002,0.596,-0.722,1.225,1.0,-0.016,-0.012,0.001,0.422,0.318,-0.026,0.101,-0.067,-0.0,0.549,-0.742,1.028,1.0,-0.02,-0.009,0.001,0.551,0.38,-0.002,0.036,-0.045,-0.002,0.5506464177693007,-0.8347385953685361,1.0,1.0,0.0,0.0,0.0,43.29487578999179,0.09362872341960744,0.3,99.99999221733907,110.00000007312472,0.500000125828309,55.00060603549971,0.22206081917618647,0.001,0.0012,0.0055,0.0062
517,1762746503.7652879,-0.01863964694692423,-0.0330159088346874,0.22470135645068495,0.00015519837477106547,-0.015251910534869833,0.015668821163516602,-0.009603520782336346,0.0013087283200769243,0.587,-0.709,1.03,1.0,-0.016,-0.011,0.001,0.517,0.416,0.021,0.087,-0.057,-0.001,0.628,-0.697,1.222,1.0,-0.012,-0.015,0.001,0.449,0.368,-0.031,0.097,-0.064,-0.0,0.587,-0.709,1.03,1.0,-0.016,-0.011,0.001,0.517,0.416,0.021,0.087,-0.057,-0.001,0.5852322342925286,-0.8108657299115403,1.0,1.0,0.0,0.0,0.0,43.30362378538365,0.09364660102394824,0.3,99.9999923289319,110.00000007319268,0.5000001244309703,55.00092763779081,0.22211744799343727,0.0008,0.0007,0.0031,0.0033
518,1762746503.8333137,-0.01615784307308154,-0.023931466047884042,0.2322954621002859,0.0006166758612141588,0.012409019369213455,0.04542221393401677,0.03797052824800473,0.0023073874322154667,0.62,-0.673,1.023,1.0,-0.012,-0.014,0.002,0.461,0.473,-0.067,0.106,-0.072,0.006,0.658,-0.671,1.22,1.0,-0.009,-0.016,0.001,0.376,0.333,-0.039,0.043,-0.023,0.0,0.62,-0.673,1.023,1.0,-0.012,-0.014,0.002,0.461,0.473,-0.067,0.106,-0.072,0.006,0.6187844766088584,-0.7855608006436556,1.0,1.0,0.0,0.0,0.0,43.28822913997867,0.09358463433823323,0.3,99.99999234510952,110.00000007319765,0.5000001243033375,55.00147250385398,0.21908903253028325,0.0008,0.0012,0.0041,0.0032
519,1762746503.9049866,-0.019515489382711915,-0.027327165847225054,0.2282239094145194,0.0007759852251229373,-0.016788231548151872,-0.016978498996705067,-0.020357763428832477,0.0007965468195438921,0.645,-0.65,1.022,1.0,-0.01,-0.015,0.002,0.466,0.443,-0.023,0.072,-0.038,0.003,0.687,-0.644,1.218,1.0,-0.008,-0.016,0.001,0.424,0.406,-0.019,0.027,0.036,-0.001,0.645,-0.65,1.022,1.0,-0.01,-0.015,0.002,0.466,0.443,-0.023,0.072,-0.038,0.003,0.6512438883578044,-0.758868498408392,1.0,1.0,0.0,0.0,0.0,43.281157683005496,0.09353874252614432,0.3,99.99999232494157,110.00000007318202,0.5000001246556464,55.00168315499695,0.2188960666434887,0.001,0.0012,0.0051,0.007
520,1762746503.9721441,-0.018794215029839828,-0.029215603211190398,0.2274639707789132,0.0007240877273098343,0.003606371764360415,-0.009442186819826746,-0.00379969317803097,-0.00025948748906551435,0.675,-0.619,1.021,1.0,-0.009,-0.015,0.002,0.419,0.453,-0.007,0.051,0.007,-0.002,0.714,-0.618,1.217,1.0,-0.008,-0.015,0.001,0.431,0.443,-0.012,-0.006,0.038,-0.001,0.675,-0.619,1.021,1.0,-0.009,-0.015,0.002,0.419,0.453,-0.007,0.051,0.007,-0.002,0.6825531432186536,-0.7308359642781246,1.0,1.0,0.0,0.0,0.0,43.27907436763184,0.09352729132989313,0.3,99.99999230103761,110.00000007316365,0.5000001250092633,55.001872208235,0.218146455678491,0.0009,0.0013,0.0054,0.0072
521,1762746504.032767,-0.02397122062370243,-0.0282510541727665,0.22645756646254558,0.00015292131914380566,-0.025885027969313038,0.004822745192119476,-0.005032021581838086,-0.002855832040830143,0.7,-0.59,1.022,1.0,-0.009,-0.013,0.002,0.36,0.397,0.006,0.011,0.031,0.0,0.74,-0.589,1.216,1.0,-0.008,-0.014,0.001,0.359,0.395,-0.008,-0.013,0.012,-0.001,0.7,-0.59,1.022,1.0,-0.009,-0.013,0.002,0.36,0.397,0.006,0.011,0.031,0.0,0.7126569461540443,-0.7015127062986041,1.0,1.0,0.0,0.0,0.0,43.28033330679622,0.09353951029635013,0.29758276137947404,99.99999215895903,110.00000007308066,0.5000001267257953,55.00179886801841,0.21526652749282055,0.0008,0.0007,0.0036,0.0037
522,1762746504.0983088,-0.02608476435951072,-0.0322457532750367,0.22934385489514295,0.00028477037225332425,-0.01056771867904145,-0.019973495511351008,0.014431442162986667,0.0006592452655475923,0.72,-0.57,1.02,1.0,-0.009,-0.013,0.002,0.385,0.391,-0.026,-0.012,0.011,0.002,0.766,-0.56,1.215,1.0,-0.009,-0.014,0.001,0.322,0.382,-0.009,-0.029,0.004,-0.0,0.72,-0.57,1.02,1.0,-0.009,-0.013,0.002,0.385,0.391,-0.026,-0.012,0.011,0.002,0.7415021310661067,-0.6709505120531783,1.0,1.0,0.0,0.0,0.0,43.2722421449088,0.09350659842144975,0.2958672003694781,99.99999205293943,110.00000007301824,0.5000001280080121,55.001592490263754,0.2136871595578298,0.0005,0.0007,0.0031,0.0033
523,1762746504.1684432,-0.023184578592872394,-0.027784660687007374,0.23010977252636652,0.00017222354669454165,0.014500928833191616,0.022305462940146636,0.0038295881561180084,-0.0005627341277939129,0.734,-0.548,1.018,1.0,-0.01,-0.012,0.001,0.32,0.406,-0.037,-0.036,0.016,-0.004,0.79,-0.53,1.215,1.0,-0.01,-0.014,0.001,0.307,0.394,0.002,-0.035,-0.015,-0.0,0.734,-0.548,1.018,1.0,-0.01,-0.012,0.001,0.32,0.406,-0.037,-0.036,0.016,-0.004,0.7690377546927128,-0.6392033572011264,1.0,1.0,0.0,0.0,0.0,43.25985415861367,0.09346061194643097,0.2946121765531548,99.99999196244022,110.00000007296228,0.5000001291403009,55.001517762042496,0.21031723377628755,0.0011,0.0012,0.0053,0.0035
524,1762746504.2359276,-0.02639990889438692,-0.031003194915472196,0.23129385446620404,-0.0004936921511907822,-0.016076651507572596,-0.016092671142324072,0.005920409699187461,-0.0033295784894266187,0.759,-0.52,1.015,1.0,-0.011,-0.013,0.001,0.346,0.377,-0.047,-0.04,-0.009,-0.0,0.813,-0.5,1.216,1.0,-0.011,-0.014,0.001,0.292,0.407,0.017,-0.016,-0.001,-0.0,0.759,-0.52,1.015,1.0,-0.011,-0.013,0.001,0.346,0.377,-0.047,-0.04,-0.009,-0.0,0.7952151865779787,-0.6063273101516626,1.0,1.0,0.0,0.0,0.0,43.2426766453301,0.09342159235513461,0.29319437463907827,99.99999185501248,110.00000007289765,0.5000001304584325,55.001214982485344,0.2078565280504253,0.0005,0.0007,0.0035,0.0073
525,1762746504.3042603,-0.026721641445466453,-0.033200327624105554,0.2285703968018791,-0.00021451564638421316,-0.0016086627553976648,-0.010985663543166803,-0.01361728832162471,0.001395882524032845,0.784,-0.49,1.015,1.0,-0.012,-0.013,0.001,0.328,0.391,-0.013,-0.029,-0.008,0.005,0.834,-0.468,1.218,1.0,-0.012,-0.014,0.001,0.266,0.407,0.038,-0.013,-0.007,-0.0,0.784,-0.49,1.015,1.0,-0.012,-0.013,0.001,0.328,0.391,-0.013,-0.029,-0.008,0.005,0.819988194958146,-0.5723804330419425,1.0,1.0,0.0,0.0,0.0,43.233803442863426,0.09342363448417199,0.2928904313090063,99.99999173323769,110.00000007282277,0.5000001319934702,55.00095569185177,0.2061837386534048,0.0011,0.0013,0.0057,0.0053
526,1762746504.3672276,-0.02423237357429368,-0.03550422863222372,0.2263366993352575,-0.0001262572749962899,0.012446339355863869,-0.011519505040590843,-0.011168487333108173,0.00044129185693961645,0.807,-0.458,1.017,1.0,-0.013,-0.013,0.001,0.311,0.417,0.018,-0.016,-0.005,0.002,0.855,-0.436,1.221,1.0,-0.012,-0.015,0.001,0.26,0.437,0.048,-0.013,-0.015,-0.0,0.807,-0.458,1.017,1.0,-0.013,-0.013,0.001,0.311,0.417,0.018,-0.016,-0.005,0.002,0.8433130284111484,-0.5374226791939632,1.0,1.0,0.0,0.0,0.0,43.2343579279911,0.0934194360923637,0.2931163247150179,99.99999164517008,110.00000007276738,0.5000001331273364,55.0007661200119,0.2055267102279348,0.0011,0.0013,0.0039,0.0035
527,1762746504.4386663,-0.022009853406400347,-0.03646347184451581,0.22614077636069127,0.00017476079425605024,0.011112600839466665,-0.004796216061460471,-0.0009796148728312365,0.0015050903462617007,0.829,-0.426,1.019,1.0,-0.014,-0.014,0.002,0.3,0.424,0.022,-0.021,-0.02,0.003,0.874,-0.402,1.225,1.0,-0.013,-0.016,0.001,0.248,0.459,0.048,0.002,-0.026,0.0,0.829,-0.426,1.019,1.0,-0.014,-0.014,0.002,0.3,0.424,0.022,-0.021,-0.02,0.003,0.8651484931256684,-0.5015157872314542,1.0,1.0,0.0,0.0,0.0,43.23695055668728,0.09339758731522185,0.2934462113596792,99.99999156602559,110.00000007271261,0.5000001341589211,55.0005551499808,0.20453166068334314,0.0011,0.0012,0.0053,0.0071
528,1762746504.4981332,-0.021950175918179757,-0.03916167847552256,0.224723017365405,0.0006015274812968218,0.00029838744110296037,-0.01349103315503371,-0.007088794976431297,0.0021338334352038572,0.844,-0.403,1.021,1.0,-0.014,-0.014,0.002,0.292,0.435,0.039,-0.01,-0.018,0.011,0.891,-0.368,1.228,1.0,-0.012,-0.016,0.001,0.241,0.498,0.046,0.016,-0.023,-0.0,0.844,-0.403,1.021,1.0,-0.014,-0.014,0.002,0.292,0.435,0.039,-0.01,-0.018,0.011,0.8854560256532096,-0.4647231720437692,1.0,1.0,0.0,0.0,0.0,43.244894238053206,0.09331809319131772,0.29413503805079844,99.9999914825428,110.00000007265893,0.5000001352372754,55.000305796773624,0.2039033236306284,0.0006,0.0007,0.003,0.0032
529,1762746504.5716422,-0.015831888876449297,-0.04047339910594141,0.22487830979105727,0.0005680624578811301,0.03059143520865231,-0.006558603152094293,0.000776462128261195,-0.00016732511707845843,0.865,-0.365,1.023,1.0,-0.013,-0.016,0.002,0.281,0.49,0.035,0.007,-0.026,0.001,0.908,-0.332,1.231,1.0,-0.012,-0.017,0.001,0.22,0.509,0.033,0.017,-0.026,-0.001,0.865,-0.365,1.023,1.0,-0.013,-0.016,0.002,0.281,0.49,0.035,0.007,-0.026,0.001,0.9041997610147163,-0.4271098127893223,1.0,1.0,0.0,0.0,0.0,43.25311463871637,0.09322687540924042,0.2937226866961832,99.99999150812498,110.00000007267515,0.500000134884904,55.00019531905907,0.20432621616308316,0.0011,0.0012,0.0051,0.0069
530,1762746504.6321533,-0.010610028056025938,-0.0426031532865714,0.22476898882380966,0.00045296019420667274,0.026109304102116822,-0.010648770903149958,-0.0005466048362381057,-0.0005755113183722861,0.878,-0.339,1.025,1.0,-0.013,-0.016,0.002,0.268,0.523,0.033,0.014,-0.024,-0.004,0.922,-0.295,1.233,1.0,-0.011,-0.018,0.001,0.205,0.538,0.023,0.036,-0.024,-0.001,0.878,-0.339,1.025,1.0,-0.013,-0.016,0.002,0.268,0.523,0.033,0.014,-0.024,-0.004,0.9213465960414366,-0.38874213813639713,1.0,1.0,0.0,0.0,0.0,43.261627695248144,0.09313227472505198,0.29378699509497236,99.99999160595736,110.0000000727369,0.5000001336565826,55.00010975777504,0.2050158306394049,0.0006,0.0008,0.0032,0.0036
531,1762746504.698163,-0.007854560082289387,-0.04211635044020844,0.22570833321679556,-9.77990735920298e-05,0.013777339868682747,0.0024340142318147774,0.0046967219649294515,-0.002753796338993513,0.895,-0.298,1.026,1.0,-0.012,-0.017,0.002,0.24,0.537,0.019,0.027,-0.028,0.0,0.936,-0.257,1.234,1.0,-0.009,-0.019,0.001,0.181,0.551,0.011,0.055,-0.028,-0.0,0.895,-0.298,1.026,1.0,-0.012,-0.017,0.002,0.24,0.537,0.019,0.027,-0.028,0.0,0.9368662478381796,-0.34968790894397633,1.0,1.0,0.0,0.0,0.0,43.26701328656609,0.0930761459113201,0.29430900176998637,99.99999165391655,110.00000007276776,0.5000001330532731,55.00005420936326,0.20579023652189482,0.0006,0.0007,0.003,0.0032
532,1762746504.768066,-0.0030449743076766712,-0.0446628911671736,0.2258522984002415,-0.0002920488094361004,0.024047928873063576,-0.012732703634825766,0.0007198259172295886,-0.000971248679220353,0.907,-0.269,1.027,1.0,-0.011,-0.018,0.001,0.237,0.575,0.014,0.034,-0.026,-0.008,0.948,-0.219,1.235,1.0,-0.007,-0.02,0.001,0.151,0.539,0.003,0.055,-0.016,-0.0,0.907,-0.269,1.027,1.0,-0.011,-0.018,0.001,0.237,0.575,0.014,0.034,-0.026,-0.008,0.9507313072657052,-0.3100160985898043,1.0,1.0,0.0,0.0,0.0,43.27123329741875,0.09303800806214425,0.29459623546986224,99.9999918395744,110.00000007288104,0.5000001307304582,54.99999385374426,0.206981432674928,0.0011,0.0013,0.0051,0.0032
533,1762746504.8382125,-0.0014737777466503352,-0.04451354647172756,0.22673500211676484,9.151590432115932e-05,0.007855982805131681,0.0007467234772301542,0.004413518582616679,0.0019178235687862984,0.922,-0.224,1.027,1.0,-0.008,-0.019,0.002,0.209,0.596,0.002,0.061,-0.028,0.002,0.958,-0.18,1.235,1.0,-0.005,-0.021,0.001,0.125,0.535,-0.003,0.058,-0.018,-0.0,0.922,-0.224,1.027,1.0,-0.008,-0.019,0.002,0.209,0.596,0.002,0.061,-0.028,0.002,0.9629172873477992,-0.2697967711570244,1.0,1.0,0.0,0.0,0.0,43.27247088877946,0.09302895910485826,0.29442192258772004,99.99999198716293,110.00000007297494,0.5000001288445429,54.99998502380116,0.20747975561027793,0.001,0.0012,0.0051,0.0068
534,1762746504.8984685,0.0018759578437347285,-0.04268442479232451,0.22714311467599163,0.00015122330431883033,0.016748677951925316,0.009145608397015247,0.002040562796133883,0.0002985369999883552,0.933,-0.178,1.027,1.0,-0.006,-0.02,0.002,0.171,0.614,-0.005,0.061,-0.022,-0.004,0.966,-0.14,1.234,1.0,-0.003,-0.021,0.001,0.12,0.645,-0.007,0.059,-0.017,-0.0,0.933,-0.178,1.027,1.0,-0.006,-0.02,0.002,0.171,0.614,-0.005,0.061,-0.022,-0.004,0.9734026665175329,-0.2291009576945425,1.0,1.0,0.0,0.0,0.0,43.27178382959213,0.09303237153205202,0.29469111065551107,99.9999921331292,110.00000007306517,0.500000127003959,55.000050809823875,0.2078488747310463,0.0007,0.0007,0.0032,0.0032
535,1762746504.9698353,0.004115323031897483,-0.04135210479194805,0.22773779970682553,1.5123446144124083e-05,0.011196825940813771,0.006661600001882317,0.002973425154169544,-0.0006804992908735312,0.943,-0.132,1.026,1.0,-0.004,-0.02,0.001,0.137,0.615,-0.012,0.053,-0.018,-0.006,0.972,-0.101,1.234,1.0,-0.001,-0.021,0.001,0.082,0.588,-0.007,0.047,0.0,-0.0,0.943,-0.132,1.026,1.0,-0.004,-0.02,0.001,0.137,0.615,-0.012,0.053,-0.018,-0.006,0.9821689266263424,-0.188000530769619,1.0,1.0,0.0,0.0,0.0,43.26894945256555,0.09304009245324246,0.29533804140125997,99.99999224899464,110.00000007314011,0.5000001255742521,55.00012709437815,0.2084282692186776,0.0007,0.0009,0.0041,0.0068
536,1762746505.036341,0.005363631709354341,-0.04043593009506599,0.22664011579942525,-7.493539842411512e-05,0.006241543387284295,0.0045808734844102975,-0.00548841953700137,-0.0004502942228411961,0.947,-0.101,1.026,1.0,-0.003,-0.02,0.001,0.1,0.619,0.001,0.051,-0.003,-0.006,0.977,-0.06,1.234,1.0,0.0,-0.021,0.001,0.054,0.586,-0.004,0.038,0.015,0.0,0.947,-0.101,1.026,1.0,-0.003,-0.02,0.001,0.1,0.619,0.001,0.051,-0.003,-0.006,0.9892005856487877,-0.1465680775342825,1.0,1.0,0.0,0.0,0.0,43.26956487628738,0.09303945418058203,0.2960041289303611,99.99999233061295,110.00000007319024,0.5000001245770117,55.0002179779298,0.2088448955420218,0.0011,0.0012,0.0054,0.0045
537,1762746505.0998943,0.004086567873578478,-0.04021049782951474,0.2276516050048706,0.00024164662436963302,-0.006385319178879311,0.0011271613277562499,0.005057446027226747,0.0015829101139687406,0.952,-0.058,1.024,1.0,-0.001,-0.02,0.002,0.07,0.603,-0.008,0.047,0.007,0.001,0.98,-0.021,1.233,1.0,0.002,-0.02,0.001,0.027,0.567,-0.006,0.027,0.019,0.0,0.952,-0.058,1.024,1.0,-0.001,-0.02,0.002,0.07,0.603,-0.008,0.047,0.007,0.001,0.9944852250252416,-0.10487677152970748,1.0,1.0,0.0,0.0,0.0,43.267775708213236,0.09304044745370771,0.29640854897950103,99.99999233249602,110.00000007318933,0.5000001245655843,55.00026924905449,0.20889216058457605,0.0007,0.0009,0.0039,0.0037
538,1762746505.1657357,0.003443153567607041,-0.037504382772170386,0.225985331583252,0.0004896606197701192,-0.003217071529857186,0.013530575286721797,-0.00833136710809275,0.0012400699770024307,0.952,-0.014,1.026,1.0,0.0,-0.019,0.002,0.018,0.582,0.009,0.03,0.017,0.003,0.981,0.019,1.233,1.0,0.002,-0.02,0.001,0.002,0.498,-0.004,0.01,0.013,0.0,0.952,-0.014,1.026,1.0,0.0,-0.019,0.002,0.018,0.582,0.009,0.03,0.017,0.003,0.9980135115942135,-0.06300024345498023,1.0,1.0,0.0,0.0,0.0,43.27074855869645,0.0930447261786626,0.29632880739142853,99.99999225448938,110.0000000731362,0.5000001255382798,55.00037401532014,0.20800701418538556,0.0005,0.0008,0.0034,0.0037
539,1762746505.235948,0.0023968627255758564,-0.038848955086867316,0.2265688325684157,0.0005516722567209084,-0.00523145421015592,-0.006722861573484628,0.0029175049258183985,0.00031005818475394635,0.953,0.014,1.026,1.0,0.001,-0.019,0.002,0.011,0.572,0.004,0.023,0.015,-0.001,0.98,0.058,1.232,1.0,0.002,-0.019,0.001,-0.023,0.574,-0.009,-0.003,0.017,0.0,0.953,0.014,1.026,1.0,0.001,-0.019,0.002,0.011,0.572,0.004,0.023,0.015,-0.001,0.9997792140755745,-0.02101245112847572,1.0,1.0,0.0,0.0,0.0,43.272711436605164,0.09304842665477947,0.29648142723751936,99.9999921739052,110.00000007308573,0.5000001265646845,55.000360601561525,0.20745931565448328,0.0011,0.0012,0.0054,0.0042
540,1762746505.299258,0.0025047260483847637,-0.03869727534874277,0.22639039961983012,0.0006715932389090518,0.0005393166140445389,0.0007583986906227833,-0.0008921647429279544,0.0005996049109407166,0.951,0.056,1.026,1.0,0.001,-0.018,0.002,-0.019,0.556,0.005,0.012,0.016,0.003,0.977,0.097,1.232,1.0,0.002,-0.019,0.001,-0.048,0.587,-0.012,-0.012,0.008,-0.001,0.951,0.056,1.026,1.0,0.001,-0.018,0.002,-0.019,0.556,0.005,0.012,0.016,0.003,0.9997792140755745,0.021012451128475232,1.0,1.0,0.0,0.0,0.0,43.27498768783519,0.09305576743041152,0.2965705199097581,99.99999203704702,110.00000007300348,0.500000128263805,55.00034638100059,0.2064641400955839,0.0008,0.0007,0.0034,0.0036
541,1762746505.3653529,0.0052806447753458415,-0.04147340973836371,0.2250513495110833,0.0005078629519774135,0.013879593634805388,-0.013880671948104698,-0.00669525054373421,-0.0008186514346581909,0.949,0.082,1.028,1.0,0.0,-0.018,0.002,-0.022,0.55,0.021,-0.016,0.016,-0.004,0.973,0.137,1.231,1.0,0.002,-0.019,0.001,-0.072,0.581,-0.015,-0.008,0.002,-0.001,0.949,0.082,1.028,1.0,0.0,-0.018,0.002,-0.022,0.55,0.021,-0.016,0.016,-0.004,0.9980135115942136,0.06300024345497797,1.0,1.0,0.0,0.0,0.0,43.28191900462982,0.09308309907878247,0.29562329575065116,99.9999919863096,110.00000007297103,0.5000001288995743,55.00019889402509,0.20524160803630817,0.0006,0.0007,0.0035,0.0032
542,1762746505.4322872,0.006149646443777461,-0.03950600803942316,0.22669257623871028,0.0005332424459422302,0.004345008342158098,0.009837008494702764,0.008206133638134883,0.00012689746982408258,0.945,0.123,1.027,1.0,0.0,-0.018,0.002,-0.056,0.543,0.002,-0.006,0.007,-0.001,0.968,0.176,1.229,1.0,0.002,-0.019,0.001,-0.091,0.548,-0.024,0.004,-0.009,-0.001,0.945,0.123,1.027,1.0,0.0,-0.018,0.002,-0.056,0.543,0.002,-0.006,0.007,-0.001,0.9944852250252417,0.104876771529707,1.0,1.0,0.0,0.0,0.0,43.28428672291032,0.0930963686992565,0.29547141791563913,99.9999918942145,110.00000007291449,0.500000130061011,55.00011597018234,0.20399773632201698,0.001,0.0007,0.0033,0.0032
543,1762746505.504056,0.007301556791265571,-0.0395881542511771,0.228602130492207,0.0006467580363692142,0.005759551737440548,-0.00041073105876970883,0.009547771267483499,0.0005675779521349198,0.94,0.163,1.025,1.0,-0.0,-0.018,0.002,-0.065,0.536,-0.022,-0.005,-0.005,0.003,0.96,0.214,1.228,1.0,0.002,-0.019,0.001,-0.114,0.55,-0.028,0.012,-0.006,-0.001,0.94,0.163,1.025,1.0,-0.0,-0.018,0.002,-0.065,0.536,-0.022,-0.005,-0.005,0.003,0.9892005856487879,0.14656807753428114,1.0,1.0,0.0,0.0,0.0,43.27914532630073,0.09306573341412741,0.2951009915471508,99.99999176844179,110.00000007283793,0.5000001315891321,54.999974896782824,0.20292813201159032,0.0011,0.0013,0.0056,0.0054
544,1762746505.5652876,0.009551114678395,-0.03645121834565993,0.2293689250856622,-3.3540146006229656e-05,0.011247789435647146,0.015684679527585822,0.0038339729672759943,-0.0034014909118772183,0.934,0.191,1.023,1.0,-0.0,-0.018,0.002,-0.104,0.542,-0.032,-0.002,-0.009,-0.0,0.952,0.252,1.226,1.0,0.002,-0.019,0.001,-0.129,0.512,-0.019,0.015,-0.003,-0.001,0.934,0.191,1.023,1.0,-0.0,-0.018,0.002,-0.104,0.542,-0.032,-0.002,-0.009,-0.0,0.9821689266263425,0.1880005307696185,1.0,1.0,0.0,0.0,0.0,43.27017491693779,0.09300018003471165,0.29510910827723774,99.99999169504778,110.00000007279414,0.5000001325068174,54.99992744690747,0.2021264203912529,0.0005,0.0007,0.0035,0.0033
545,1762746505.6367452,0.011563536886763322,-0.03865982279944637,0.22958301987460328,-0.0005057432766383331,0.010062111041841598,-0.011043022268932208,0.0010704739447053857,-0.002361015653160518,0.926,0.232,1.02,1.0,0.001,-0.018,0.002,-0.104,0.549,-0.031,0.015,-0.007,-0.0,0.941,0.291,1.225,1.0,0.003,-0.019,0.001,-0.154,0.516,-0.007,0.023,0.016,-0.0,0.926,0.232,1.02,1.0,0.001,-0.018,0.002,-0.104,0.549,-0.031,0.015,-0.007,-0.0,0.9734026665175333,0.22910095769454117,1.0,1.0,0.0,0.0,0.0,43.260061585816686,0.0929273053377973,0.2946454122001578,99.99999166206665,110.00000007277454,0.5000001328954373,54.999785589906324,0.20207004123827424,0.0011,0.0012,0.0053,0.0051
546,1762746505.7050877,0.01623069293207444,-0.03901221821595733,0.22457531532022137,-0.0003112421574873333,0.023335780226555587,-0.0017619770825548272,-0.025038522771909533,0.0009725055957549985,0.918,0.261,1.022,1.0,0.001,-0.018,0.002,-0.147,0.578,0.031,0.034,0.027,-0.002,0.929,0.328,1.225,1.0,0.004,-0.019,0.001,-0.172,0.498,0.006,0.026,0.005,0.001,0.918,0.261,1.022,1.0,0.001,-0.018,0.002,-0.147,0.578,0.031,0.034,0.027,-0.002,0.9629172873477994,0.26979677115702394,1.0,1.0,0.0,0.0,0.0,43.26718563116405,0.09297379540485533,0.29404210684663884,99.99999172030839,110.00000007280754,0.5000001321398666,54.99975370668918,0.20288026766758493,0.0011,0.0012,0.0051,0.0069
547,1762746505.7721508,0.018248212034903375,-0.037736096674760786,0.2263629322000947,-1.967704385983103e-05,0.010087595514144683,0.006380607705982694,0.0089380843993668,0.0014578255681375117,0.9,0.318,1.022,1.0,0.003,-0.017,0.002,-0.169,0.563,0.014,0.034,0.017,0.001,0.915,0.367,1.225,1.0,0.005,-0.019,0.001,-0.218,0.558,-0.005,0.039,-0.001,0.0,0.9,0.318,1.022,1.0,0.003,-0.017,0.002,-0.169,0.563,0.014,0.034,0.017,0.001,0.9507313072657059,0.3100160985898021,1.0,1.0,0.0,0.0,0.0,43.27118642112779,0.09299338320024927,0.2938864191703267,99.99999174543613,110.00000007282578,0.5000001318162252,54.99971923605419,0.2032990332655951,0.0011,0.0012,0.0053,0.0071
548,1762746505.8381808,0.01768111337266468,-0.03731011576974657,0.22811787420644467,0.00045585373997545855,-0.0028354933111934787,0.002129904525071077,0.008774710031749925,0.0023776539191764476,0.891,0.345,1.021,1.0,0.004,-0.017,0.002,-0.18,0.547,-0.01,0.034,0.001,0.01,0.899,0.404,1.225,1.0,0.007,-0.019,0.001,-0.221,0.503,-0.008,0.037,0.001,0.0,0.891,0.345,1.021,1.0,0.004,-0.017,0.002,-0.18,0.547,-0.01,0.034,0.001,0.01,0.9368662478381797,0.34968790894397583,1.0,1.0,0.0,0.0,0.0,43.26783651867762,0.09297969874171821,0.29373855565358464,99.99999172417986,110.00000007281012,0.5000001320816727,54.999607412623455,0.20332395492061983,0.0007,0.0012,0.0052,0.0071
549,1762746505.8980708,0.02140169378331335,-0.037518212237536715,0.22812185719290873,-0.00022724008001789511,0.01860290205324336,-0.0010404823389507023,1.9914932320419867e-05,-0.003415469099966768,0.881,0.374,1.021,1.0,0.005,-0.017,0.002,-0.199,0.575,-0.012,0.055,0.006,-0.0,0.882,0.441,1.224,1.0,0.008,-0.018,0.001,-0.263,0.535,-0.004,0.028,0.007,0.0,0.881,0.374,1.021,1.0,0.005,-0.017,0.002,-0.199,0.575,-0.012,0.055,0.006,-0.0,0.9213465960414372,0.38874213813639585,1.0,1.0,0.0,0.0,0.0,43.26304919413253,0.09296134198348631,0.2929252447930529,99.99999180503622,110.00000007286705,0.500000131031577,54.99948371950949,0.2037517045279935,0.0005,0.0007,0.003,0.0032
550,1762746505.9649308,0.022953249883186724,-0.03460719808725854,0.22837954863783824,-0.0006667771944789047,0.007757780499366856,0.014555070751390843,0.0012884572246474528,-0.0021976855723050484,0.856,0.428,1.019,1.0,0.007,-0.017,0.002,-0.23,0.545,-0.013,0.035,0.004,0.0,0.864,0.476,1.224,1.0,0.009,-0.018,0.001,-0.283,0.519,0.002,0.027,0.002,0.0,0.856,0.428,1.019,1.0,0.007,-0.017,0.002,-0.23,0.545,-0.013,0.035,0.004,0.0,0.9041997610147166,0.42710981278932186,1.0,1.0,0.0,0.0,0.0,43.25764937677883,0.09294541649261114,0.29277652894953105,99.9999918236264,110.00000007287832,0.5000001307900224,54.999418773634254,0.2039833434533917,0.0005,0.0006,0.003,0.0035
551,1762746506.032058,0.026049253972708717,-0.0319412766466085,0.2285291594958707,-0.0010153806358527756,0.015480020447609965,0.013329607203250195,0.0007480542901621822,-0.0017430172068693536,0.842,0.455,1.019,1.0,0.007,-0.017,0.002,-0.258,0.545,-0.015,0.029,0.001,0.0,0.843,0.511,1.224,1.0,0.01,-0.018,0.001,-0.28,0.464,0.009,0.025,0.011,0.001,0.842,0.455,1.019,1.0,0.007,-0.017,0.002,-0.258,0.545,-0.015,0.029,0.001,0.0,0.8854560256532102,0.46472317204376795,1.0,1.0,0.0,0.0,0.0,43.25122821320304,0.09293396391783147,0.2927343154027302,99.99999185973851,110.00000007289758,0.5000001303346273,54.99936507430996,0.20444189404215501,0.0007,0.0009,0.0033,0.0032
552,1762746506.1050665,0.022917959660338393,-0.03240600131474147,0.2280390704367305,-0.0002955456922541128,-0.015656471561851612,-0.0023236233406648335,-0.0024504452957010278,0.0035991747179933134,0.828,0.481,1.019,1.0,0.008,-0.017,0.002,-0.27,0.506,-0.008,0.032,0.005,0.007,0.822,0.546,1.225,1.0,0.011,-0.017,0.001,-0.352,0.529,0.02,0.034,0.028,0.001,0.828,0.481,1.019,1.0,0.008,-0.017,0.002,-0.27,0.506,-0.008,0.032,0.005,0.007,0.8651484931256687,0.5015157872314537,1.0,1.0,0.0,0.0,0.0,43.246323081539245,0.0929328925990905,0.29280730650963666,99.99999185565902,110.0000000729001,0.5000001303137721,54.99926093765366,0.20419901298140003,0.0009,0.0012,0.0053,0.0069
553,1762746506.1661086,0.02865225207451499,-0.027914491064302965,0.22649422663038593,-0.0002789988473393389,0.028671462070882975,0.022457551252192533,-0.007724219031722688,8.273422457387002e-05,0.803,0.52,1.02,1.0,0.01,-0.016,0.002,-0.324,0.54,0.011,0.038,0.018,-0.003,0.798,0.58,1.227,1.0,0.012,-0.016,0.001,-0.327,0.448,0.023,0.011,0.021,0.0,0.803,0.52,1.02,1.0,0.01,-0.016,0.002,-0.324,0.54,0.011,0.038,0.018,-0.003,0.8433130284111496,0.5374226791939614,1.0,1.0,0.0,0.0,0.0,43.247037365155784,0.09293046981448937,0.29323634444145225,99.99999192805606,110.0000000729433,0.5000001294478209,54.99930386488878,0.20502797385050525,0.0006,0.0007,0.0031,0.004
554,1762746506.2324345,0.03152731475526656,-0.02506919854901501,0.22554513657947395,-9.825839260567827e-05,0.014375313403757821,0.01422646257643975,-0.004745450254559963,0.0009037022736683034,0.776,0.558,1.022,1.0,0.01,-0.015,0.002,-0.351,0.512,0.023,0.018,0.022,-0.002,0.773,0.612,1.229,1.0,0.012,-0.015,0.001,-0.365,0.457,0.022,0.023,0.03,0.0,0.776,0.558,1.022,1.0,0.01,-0.015,0.002,-0.351,0.512,0.023,0.018,0.022,-0.002,0.8199881949581462,0.5723804330419421,1.0,1.0,0.0,0.0,0.0,43.25201616888218,0.09291284567440866,0.293299430970103,99.99999196403945,110.00000007296988,0.5000001290079326,54.9993654770812,0.20574603617912407,0.0007,0.0007,0.0032,0.0038
555,1762746506.303455,0.028791803973891722,-0.026300374439685775,0.22528269836982798,4.0478143606283075e-05,-0.013677553906874161,-0.006155879453353807,-0.001312191048229655,0.0006936826810598069,0.759,0.58,1.023,1.0,0.011,-0.015,0.002,-0.355,0.478,0.027,0.027,0.028,-0.006,0.747,0.643,1.23,1.0,0.013,-0.014,0.001,-0.356,0.411,0.013,0.032,0.034,0.0,0.759,0.58,1.023,1.0,0.011,-0.015,0.002,-0.355,0.478,0.027,0.027,0.028,-0.006,0.7952151865779795,0.6063273101516615,1.0,1.0,0.0,0.0,0.0,43.25880005168853,0.09288158753827344,0.29331148829483966,99.99999190601869,110.00000007293333,0.5000001297380655,54.99934175973102,0.2057646729463982,0.0011,0.0009,0.0035,0.0072
556,1762746506.3652668,0.03090982374545864,-0.024456549336169506,0.22384259775564375,0.00020293521403619893,0.01059009885783458,0.009219125517581344,-0.0072005030709213595,0.0008122853521495791,0.729,0.615,1.025,1.0,0.012,-0.013,0.003,-0.396,0.485,0.043,0.041,0.045,-0.004,0.72,0.673,1.231,1.0,0.014,-0.013,0.001,-0.388,0.413,0.006,0.016,0.023,0.0,0.729,0.615,1.025,1.0,0.012,-0.013,0.003,-0.396,0.485,0.043,0.041,0.045,-0.004,0.7690377546927132,0.639203357201126,1.0,1.0,0.0,0.0,0.0,43.27099779325531,0.09282404425109161,0.29378379008875455,99.99999193706904,110.00000007294842,0.5000001293761366,54.9994132732585,0.20626241948103008,0.0007,0.0006,0.003,0.0036
557,1762746506.4325683,0.03358345929634112,-0.02259115694112687,0.22512310047502293,0.00043918513337491265,0.013368177754412385,0.009326961975213178,0.00640251359689586,0.0011812495966935686,0.698,0.65,1.027,1.0,0.013,-0.012,0.003,-0.408,0.474,0.025,0.032,0.031,-0.001,0.692,0.702,1.23,1.0,0.015,-0.012,0.001,-0.392,0.386,-0.009,0.011,0.019,0.0,0.698,0.65,1.027,1.0,0.013,-0.012,0.003,-0.408,0.474,0.025,0.032,0.031,-0.001,0.7415021310661076,0.6709505120531774,1.0,1.0,0.0,0.0,0.0,43.27927878621133,0.09278902039726261,0.29407057102572626,99.99999197883118,110.00000007297339,0.5000001288670558,54.9994348592631,0.20706288030444264,0.001,0.0006,0.0034,0.0035
558,1762746506.502974,0.030878484797569886,-0.023376358454867123,0.22612059408672133,0.000832455577865268,-0.013524872493856154,-0.003926007568701272,0.004987468058491884,0.0019663522224517764,0.668,0.68,1.027,1.0,0.013,-0.011,0.003,-0.407,0.414,0.009,0.016,0.025,0.004,0.662,0.73,1.229,1.0,0.015,-0.012,0.001,-0.406,0.369,-0.019,0.018,0.016,0.0,0.668,0.68,1.027,1.0,0.013,-0.011,0.003,-0.407,0.414,0.009,0.016,0.025,0.004,0.7126569461540446,0.7015127062986037,1.0,1.0,0.0,0.0,0.0,43.2832849783194,0.09278012700399108,0.2940130747794405,99.99999190899139,110.00000007293069,0.5000001296963762,54.99942863565007,0.20641128144210005,0.0015,0.0018,0.0045,0.0045
559,1762746506.5713718,0.03115679160774815,-0.022815077879297124,0.22716421108772783,0.0010278550801350553,0.0013915340508912667,0.0028064028778500153,0.0052180850050325195,0.0009769975113489366,0.646,0.7,1.026,1.0,0.014,-0.011,0.003,-0.421,0.407,-0.005,0.015,0.021,0.004,0.632,0.756,1.228,1.0,0.016,-0.011,0.001,-0.461,0.386,-0.028,0.005,0.01,-0.001,0.646,0.7,1.026,1.0,0.014,-0.011,0.003,-0.421,0.407,-0.005,0.015,0.021,0.004,0.6825531432186552,0.730835964278123,1.0,1.0,0.0,0.0,0.0,43.28312902640538,0.09278021386920965,0.2940525099123126,99.99999183309093,110.0000000728821,0.5000001306371714,54.99939033787185,0.20610227733527106,0.0008,0.0011,0.0071,0.005
560,1762746506.6355677,0.03191059932016168,-0.021391807856303346,0.2286556353768421,0.0011728638126408005,0.003769038562067657,0.007116350114968877,0.007457121445571329,0.0007250436625287251,0.613,0.728,1.024,1.0,0.014,-0.01,0.003,-0.435,0.386,-0.023,0.014,0.015,0.004,0.601,0.781,1.226,1.0,0.016,-0.011,0.001,-0.448,0.345,-0.026,-0.003,0.004,-0.001,0.613,0.728,1.024,1.0,0.014,-0.01,0.003,-0.435,0.386,-0.023,0.014,0.015,0.004,0.6512438883578048,0.7588684984083917,1.0,1.0,0.0,0.0,0.0,43.27737045290346,0.09277267757136425,0.29416482236646807,99.99999172817598,110.00000007281604,0.5000001320109898,54.9993645167824,0.20583668532980226,0.0007,0.0012,0.005,0.0047
561,1762746506.7121804,0.03373085976689038,-0.01858470263966522,0.22917325789264215,0.0010022601600616745,0.009101302233643476,0.014035526083190628,0.0025881125790000944,-0.0008530182628956291,0.579,0.755,1.022,1.0,0.014,-0.01,0.003,-0.449,0.362,-0.029,-0.002,0.004,-0.005,0.569,0.805,1.224,1.0,0.015,-0.011,0.001,-0.466,0.329,-0.02,-0.002,0.01,-0.001,0.579,0.755,1.022,1.0,0.014,-0.01,0.003,-0.449,0.362,-0.029,-0.002,0.004,-0.005,0.6187844766088587,0.7855608006436553,1.0,1.0,0.0,0.0,0.0,43.268899012721214,0.09275180376090299,0.29401514030901593,99.99999173900311,110.0000000728252,0.5000001317514596,54.99934558457398,0.20529672213160927,0.0016,0.0017,0.0077,0.0104
562,1762746506.770541,0.036969415629633795,-0.01535986773692445,0.22823114003460615,0.0007350537751871988,0.016192779313717053,0.01612417451370387,-0.004710589290180089,-0.001336031924372378,0.554,0.773,1.021,1.0,0.014,-0.01,0.003,-0.478,0.357,-0.016,-0.005,0.011,-0.01,0.536,0.827,1.223,1.0,0.016,-0.01,0.001,-0.577,0.374,-0.011,0.009,0.021,-0.001,0.554,0.773,1.021,1.0,0.014,-0.01,0.003,-0.478,0.357,-0.016,-0.005,0.011,-0.01,0.5852322342925297,0.8108657299115395,1.0,1.0,0.0,0.0,0.0,43.26326861086164,0.09273651331835643,0.2939245309307307,99.99999187975884,110.00000007292375,0.5000001297256504,54.99933796409933,0.2053968607517675,0.0008,0.0012,0.0044,0.0068
563,1762746506.8364434,0.0377309635253669,-0.012640518925321247,0.22957937641764697,0.0007886545860522644,0.003807739478665544,0.013596744058016023,0.00674118191520411,0.00026800405432532773,0.517,0.796,1.018,1.0,0.014,-0.009,0.003,-0.498,0.334,-0.028,0.001,0.015,-0.003,0.502,0.848,1.223,1.0,0.016,-0.009,0.001,-0.526,0.311,-0.003,0.023,0.033,-0.001,0.517,0.796,1.018,1.0,0.014,-0.009,0.003,-0.498,0.334,-0.028,0.001,0.015,-0.003,0.5506464177693011,0.8347385953685359,1.0,1.0,0.0,0.0,0.0,43.25389053337749,0.0927166734405441,0.2941391674018709,99.99999190425865,110.00000007293484,0.500000129397066,54.99936365922105,0.20560072399950202,0.0016,0.0016,0.0046,0.0045
564,1762746506.9035847,0.04193778177581724,-0.010201162465878709,0.22873701150826017,0.00033941288944786164,0.02103409125225167,0.012196782297212706,-0.004211824546934098,-0.002246208483022014,0.478,0.822,1.017,1.0,0.015,-0.008,0.002,-0.516,0.342,-0.017,0.009,0.021,-0.014,0.467,0.868,1.223,1.0,0.017,-0.008,0.001,-0.547,0.294,0.01,0.027,0.038,-0.001,0.478,0.822,1.017,1.0,0.015,-0.008,0.002,-0.516,0.342,-0.017,0.009,0.021,-0.014,0.515088108787219,0.8571372353281626,1.0,1.0,0.0,0.0,0.0,43.24632012208723,0.09270729648138606,0.2939535722240115,99.99999217655892,110.00000007311854,0.5000001257566171,54.99932468995705,0.20667524595228032,0.0011,0.0012,0.0051,0.0055
565,1762746506.976068,0.0432886205646375,-0.010183367772378469,0.22795910756250287,0.0001792798989160004,0.006754193944101327,8.897346750119661e-05,-0.0038895197287866054,-0.0008006649526593058,0.451,0.838,1.018,1.0,0.016,-0.007,0.002,-0.527,0.333,-0.006,0.026,0.031,-0.011,0.43,0.887,1.224,1.0,0.018,-0.007,0.001,-0.46,0.223,0.017,0.031,0.034,-0.0,0.451,0.838,1.018,1.0,0.016,-0.007,0.002,-0.527,0.333,-0.006,0.026,0.031,-0.011,0.47862010660587634,0.8780220917224005,1.0,1.0,0.0,0.0,0.0,43.24154407643257,0.09270902640896223,0.2934696566227997,99.99999237436687,110.00000007324715,0.5000001231605826,54.99923326666618,0.20781494191189595,0.0009,0.0011,0.0077,0.009
566,1762746507.0422723,0.04375672039604194,-0.007694281548684399,0.22791230609760835,0.00021034688648588056,0.002340499157022149,0.012445431118470346,-0.00023400732447270527,0.0001553349378494006,0.409,0.861,1.017,1.0,0.017,-0.006,0.002,-0.549,0.309,-0.003,0.026,0.038,-0.004,0.394,0.903,1.226,1.0,0.019,-0.006,0.001,-0.562,0.243,0.026,0.035,0.029,-0.0,0.409,0.861,1.017,1.0,0.017,-0.006,0.002,-0.549,0.309,-0.003,0.026,0.038,-0.004,0.44130681708712577,0.8973562799648923,1.0,1.0,0.0,0.0,0.0,43.23763421590558,0.09271757593679442,0.293156270355956,99.99999246758556,110.0000000733011,0.5000001219693205,54.99919781747055,0.20903144709928917,0.0016,0.0016,0.0076,0.0071
567,1762746507.1025965,0.03358231965611899,-0.014741608063166203,0.22822625063488575,0.0011893542221118793,-0.05087200369961471,-0.03523663257240901,0.0015697226863869403,0.004895036678129993,0.385,0.871,1.017,1.0,0.018,-0.005,0.002,-0.502,0.221,-0.007,0.031,0.028,0.022,0.357,0.918,1.227,1.0,0.02,-0.005,0.001,-0.537,0.205,0.03,0.026,0.023,0.0,0.385,0.871,1.017,1.0,0.018,-0.005,0.002,-0.502,0.221,-0.007,0.031,0.028,0.022,0.4032141389483652,0.9151056540925362,1.0,1.0,0.0,0.0,0.0,43.232600643028285,0.0927421145198129,0.2933549829329224,99.99999207403913,110.00000007305137,0.5000001269871123,54.99917358550418,0.20749581237558792,0.0008,0.0011,0.0055,0.0045
568,1762746507.1703892,0.033880524806236635,-0.010842166430466529,0.2270071499269136,0.001248579547837372,0.0014910257505881593,0.01949720816349837,-0.006095503539860754,0.000296126628627462,0.344,0.888,1.018,1.0,0.019,-0.004,0.002,-0.54,0.22,0.007,0.031,0.025,0.011,0.32,0.931,1.23,1.0,0.02,-0.005,0.001,-0.523,0.172,0.034,-0.024,-0.015,-0.001,0.344,0.888,1.018,1.0,0.019,-0.004,0.002,-0.54,0.22,0.007,0.031,0.025,0.011,0.3644093473793217,0.9312388670704079,1.0,1.0,0.0,0.0,0.0,43.23134434426247,0.09274899086875697,0.29479364047163836,99.99999180845036,110.00000007285966,0.500000130840307,54.999190204347144,0.2075328821496239,0.0011,0.001,0.0053,0.0055
569,1762746507.2457764,0.03665515152529377,-0.012635838785920924,0.22663698014043138,0.0012105943101132345,0.013873133595285674,-0.008968361777271977,-0.0018508489324111242,-0.00018992618862068817,0.32,0.897,1.019,1.0,0.019,-0.004,0.002,-0.513,0.204,0.013,0.01,0.003,0.003,0.282,0.943,1.232,1.0,0.019,-0.005,0.001,-0.523,0.147,0.035,-0.038,-0.008,-0.001,0.32,0.897,1.019,1.0,0.019,-0.004,0.002,-0.513,0.204,0.013,0.01,0.003,0.003,0.32496097522784556,0.9457274261535231,1.0,1.0,0.0,0.0,0.0,43.2320340383773,0.09273925604588304,0.29544018646716647,99.99999161761716,110.00000007272916,0.5000001335079161,54.99904180635879,0.2069387630704796,0.0009,0.002,0.008,0.0109
570,1762746507.302851,0.030633528169275885,-0.011417222219130604,0.22397641874598712,0.0016703388739541178,-0.030108116780089397,0.00609308283395159,-0.0133028069722214,0.0022987228192044174,0.28,0.907,1.023,1.0,0.018,-0.004,0.003,-0.513,0.106,0.042,-0.023,-0.011,0.016,0.244,0.953,1.235,1.0,0.018,-0.006,0.001,-0.551,0.13,0.034,-0.021,-0.01,-0.001,0.28,0.907,1.023,1.0,0.018,-0.004,0.003,-0.513,0.106,0.042,-0.023,-0.011,0.016,0.28493869196456956,0.9585457432076573,1.0,1.0,0.0,0.0,0.0,43.24237635055422,0.09264725668637024,0.2958558559074272,99.99999106394536,110.00000007232872,0.5000001415379829,54.99918132607925,0.2045285857981074,0.0011,0.0011,0.005,0.0048
571,1762746507.369605,0.03352110616973675,-0.007866509362688054,0.22223430881862674,0.0016045510041830917,0.014437890002304369,0.017753564282212735,-0.008710549636801766,-0.00032893934885512934,0.24,0.914,1.028,1.0,0.016,-0.005,0.003,-0.526,0.1,0.063,-0.033,-0.01,0.005,0.206,0.961,1.237,1.0,0.017,-0.006,0.001,-0.535,0.105,0.018,-0.028,0.0,-0.002,0.24,0.914,1.028,1.0,0.016,-0.005,0.003,-0.526,0.1,0.063,-0.033,-0.01,0.005,0.24441318064018164,0.9696711799003567,1.0,1.0,0.0,0.0,0.0,43.26051186068436,0.09246921170535514,0.2962520325133613,99.99999076371991,110.00000007210167,0.5000001461146072,54.99926266566561,0.20298327676685857,0.0016,0.0018,0.0043,0.0045
572,1762746507.436358,0.03519715473236497,-0.005526103440145022,0.2233815410206026,0.0007994255831690059,0.00838024281314111,0.01170202961271517,0.0057361610098792945,-0.0040256271050704276,0.2,0.92,1.031,1.0,0.016,-0.005,0.003,-0.531,0.088,0.046,-0.025,-0.005,-0.0,0.167,0.968,1.237,1.0,0.016,-0.005,0.001,-0.601,0.095,-0.007,-0.015,0.018,-0.002,0.2,0.92,1.031,1.0,0.016,-0.005,0.003,-0.531,0.088,0.046,-0.025,-0.005,-0.0,0.20345601305263464,0.9790840876823227,1.0,1.0,0.0,0.0,0.0,43.27567405022076,0.09233670670987852,0.29679986072372966,99.99999060091929,110.00000007198665,0.5000001484709873,54.99929548918675,0.20187442310649464,0.0009,0.0014,0.0049,0.0051
573,1762746507.4998233,0.03989173612476246,-0.0012651560520713524,0.22343306800812604,0.0004446365943493253,0.023472906961987436,0.021304736940368354,0.00025763493761721094,-0.0017739449440984038,0.157,0.927,1.034,1.0,0.015,-0.004,0.002,-0.562,0.091,0.039,-0.022,0.015,-0.009,0.127,0.973,1.236,1.0,0.016,-0.005,0.001,-0.56,0.068,-0.026,0.001,0.026,-0.001,0.157,0.927,1.034,1.0,0.015,-0.004,0.002,-0.562,0.091,0.039,-0.022,0.015,-0.009,0.16213952334472542,0.986767842488569,1.0,1.0,0.0,0.0,0.0,43.289684453688864,0.09225302610419156,0.29683252083380474,99.99999078642202,110.00000007214432,0.5000001453323053,54.9992883519214,0.20177281771057176,0.0005,0.0007,0.0031,0.0048
574,1762746507.564414,0.04619869174942308,0.004324468043075912,0.2287988330952954,4.90392502277198e-05,0.03153477812330311,0.027948120475736325,0.026828825435846682,-0.0019779867206080274,0.125,0.933,1.032,1.0,0.015,-0.003,0.002,-0.593,0.115,-0.029,-0.003,0.017,-0.013,0.087,0.978,1.233,1.0,0.017,-0.003,0.001,-0.543,0.047,-0.043,0.025,0.04,-0.0,0.125,0.933,1.032,1.0,0.015,-0.003,0.002,-0.593,0.115,-0.029,-0.003,0.017,-0.013,0.12053668025532369,0.9927088740980539,1.0,1.0,0.0,0.0,0.0,43.28482397240916,0.09226095380856889,0.29645269235467486,99.99999115503941,110.00000007242917,0.5000001396518728,54.99913418361836,0.20256518711702703,0.0005,0.0007,0.0029,0.003
575,1762746507.6355073,0.041321002626859143,0.0038944785500616766,0.23016214008845565,0.0004865845124473303,-0.024388445612819717,-0.0021499474650711788,0.006816534965801143,0.0021877263110980528,0.082,0.936,1.028,1.0,0.016,-0.002,0.002,-0.583,0.059,-0.048,0.016,0.034,0.007,0.047,0.98,1.23,1.0,0.018,-0.001,0.001,-0.585,0.029,-0.037,0.054,0.058,-0.0,0.082,0.936,1.028,1.0,0.016,-0.002,0.002,-0.583,0.059,-0.048,0.016,0.034,0.007,0.07872095824983183,0.9968966900999462,1.0,1.0,0.0,0.0,0.0,43.2728215270178,0.09223553650384504,0.2973893282209297,99.99999099986606,110.00000007229664,0.5000001422327558,54.99910553768148,0.20309669764960175,0.001,0.0011,0.005,0.0043
576,1762746507.7029445,0.0458661739360286,0.011570815680924173,0.23262340938806275,0.00048085041640347204,0.022725856545847273,0.038381685654312485,0.012306346498035385,-2.8670480219291153e-05,0.05,0.94,1.024,1.0,0.017,-0.001,0.003,-0.647,0.093,-0.075,0.036,0.056,-0.004,0.005,0.981,1.228,1.0,0.02,0.0,0.001,-0.63,0.004,-0.022,0.031,0.047,-0.0,0.05,0.94,1.024,1.0,0.017,-0.001,0.003,-0.647,0.093,-0.075,0.036,0.056,-0.004,0.03676620775749104,0.9993238944241917,1.0,1.0,0.0,0.0,0.0,43.25107222298984,0.09214228843008897,0.2956584812351916,99.99999125685423,110.00000007247402,0.5000001387057018,54.99896483208028,0.20397484513605746,0.001,0.0011,0.0048,0.0052
577,1762746507.7675438,0.045214452042944914,0.010731697203147494,0.23314446862495244,0.0007748436039870037,-0.003258609465418446,-0.004195592388883399,0.002605296184448576,0.0014699659379176588,0.004,0.943,1.019,1.0,0.018,0.002,0.003,-0.622,0.06,-0.077,0.038,0.05,-0.002,-0.035,0.981,1.228,1.0,0.021,0.002,0.001,-0.53,-0.02,0.008,0.026,0.054,0.0,0.004,0.943,1.019,1.0,0.018,0.002,0.003,-0.622,0.06,-0.077,0.038,0.05,-0.002,-0.005253475255305729,0.9999862004036565,1.0,1.0,0.0,0.0,0.0,43.22613136097434,0.09202362237449373,0.2951582757231482,99.99999135577114,110.00000007254006,0.5000001373862839,54.9988074815042,0.20469062860633977,0.001,0.0012,0.0048,0.003
578,1762746507.8379416,0.04678784574856867,0.011304899640779681,0.23130715719047212,0.0006087906786096418,0.007866968528118735,0.002866012188160936,-0.009186557172401707,-0.00083026462688681,-0.043,0.947,1.016,1.0,0.019,0.004,0.002,-0.621,0.047,-0.049,0.033,0.055,-0.008,-0.075,0.978,1.23,1.0,0.021,0.004,0.001,-0.54,-0.047,0.039,0.016,0.039,-0.001,-0.043,0.947,1.016,1.0,0.019,0.004,0.002,-0.621,0.047,-0.049,0.033,0.055,-0.008,-0.047263880145327744,0.9988824383447774,1.0,1.0,0.0,0.0,0.0,43.20697384997325,0.09196779774480565,0.29485246491261774,99.9999915526985,110.00000007267676,0.5000001346559428,54.99860373283666,0.20515978222557224,0.001,0.0007,0.0054,0.0068
579,1762746507.9045818,0.04647971304822668,0.011130040704083674,0.23234880991007278,0.0006518249227685502,-0.0015406635017099733,-0.0008742946834800203,0.005208263598003348,0.00021517122079454205,-0.073,0.947,1.013,1.0,0.02,0.005,0.002,-0.606,0.02,-0.055,0.029,0.038,-0.002,-0.114,0.974,1.233,1.0,0.022,0.005,0.001,-0.511,-0.07,0.06,0.013,0.019,-0.001,-0.073,0.947,1.013,1.0,0.02,0.005,0.002,-0.606,0.02,-0.055,0.029,0.038,-0.002,-0.08919081265537271,0.9960145575933488,1.0,1.0,0.0,0.0,0.0,43.18515364541522,0.09198166474265614,0.2948140272526148,99.99999158255925,110.00000007269851,0.5000001342625999,54.99838266586823,0.20559224662864764,0.001,0.0012,0.0049,0.0068
580,1762746507.9647539,0.037321230648039265,0.00928617205033059,0.2260688447432228,0.0011116147401502236,-0.04579241200093707,-0.009219343268765431,-0.0313998258342501,0.0022989490869083674,-0.116,0.94,1.017,1.0,0.021,0.006,0.003,-0.579,-0.065,0.019,0.023,0.034,0.007,-0.153,0.967,1.239,1.0,0.022,0.005,0.001,-0.595,-0.113,0.102,0.006,0.008,-0.001,-0.116,0.94,1.017,1.0,0.021,0.006,0.003,-0.579,-0.065,0.019,0.023,0.034,0.007,-0.1309602259481715,0.9913876230917975,1.0,1.0,0.0,0.0,0.0,43.18403665577098,0.09198927331806116,0.29501967336025614,99.99999133546108,110.00000007252683,0.5000001376399927,54.99843328197418,0.20515722113597565,0.0005,0.0006,0.003,0.0032
581,1762746508.033384,0.03739526799871364,0.008299796756087396,0.22420903182438812,0.0014238346435937648,0.0003701867533718803,-0.004931876471215957,-0.009299064594173616,0.0015610995172177056,-0.144,0.936,1.02,1.0,0.021,0.006,0.003,-0.556,-0.075,0.049,0.013,0.015,0.007,-0.192,0.959,1.246,1.0,0.022,0.005,0.001,-0.525,-0.126,0.088,-0.034,-0.008,-0.001,-0.144,0.936,1.02,1.0,0.021,0.006,0.003,-0.556,-0.075,0.049,0.013,0.015,0.007,-0.1724983513799498,0.985009806434027,1.0,1.0,0.0,0.0,0.0,43.19361795984073,0.0918926944509702,0.2960799953778244,99.99999100488817,110.00000007229357,0.5000001423228498,54.99835580208422,0.20454117515611014,0.0013,0.0009,0.0039,0.0034
582,1762746508.103019,0.031995478338217816,0.009426372430676398,0.21941956081358793,0.0014554949101818846,-0.026998948302479113,0.0056328783729450195,-0.02394735505400107,0.0001583013329405986,-0.186,0.926,1.028,1.0,0.02,0.006,0.003,-0.543,-0.152,0.103,-0.015,0.008,0.002,-0.231,0.949,1.252,1.0,0.02,0.005,0.001,-0.528,-0.154,0.075,-0.041,-0.015,-0.001,-0.186,0.926,1.028,1.0,0.02,0.006,0.003,-0.543,-0.152,0.103,-0.015,0.008,0.002,-0.2137318287826691,0.9768923714336272,1.0,1.0,0.0,0.0,0.0,43.22138266330149,0.09154859432656,0.2965813172941487,99.99999074944945,110.00000007210956,0.5000001460463729,54.99852747064961,0.20353655561969708,0.0006,0.0008,0.0034,0.0073
583,1762746508.165938,0.029945940452749623,0.008743978435873795,0.22145916887943676,0.0009531003080254787,-0.010247689427340972,-0.00341196997401301,0.010198040329244228,-0.002511973010782028,-0.226,0.913,1.035,1.0,0.019,0.005,0.002,-0.501,-0.189,0.072,-0.04,-0.016,-0.013,-0.269,0.937,1.256,1.0,0.019,0.005,0.001,-0.517,-0.174,0.038,-0.049,-0.008,-0.001,-0.226,0.913,1.035,1.0,0.019,0.005,0.002,-0.501,-0.189,0.072,-0.04,-0.016,-0.013,-0.25458783602486273,0.9670496542309385,1.0,1.0,0.0,0.0,0.0,43.24428665481484,0.09125844456894049,0.2962164016038065,99.9999908142503,110.00000007218804,0.5000001445195428,54.998715387435624,0.201161520312001,0.0005,0.0007,0.0036,0.0037
584,1762746508.2362638,0.02800174986775958,0.012036743372060002,0.2182097483854899,0.0008508490094465396,-0.00972095292495017,0.01646382468093103,-0.01624710246973421,-0.0005112564928946952,-0.265,0.895,1.043,1.0,0.016,0.005,0.002,-0.513,-0.233,0.101,-0.053,-0.006,-0.001,-0.307,0.923,1.258,1.0,0.017,0.004,0.001,-0.505,-0.191,0.009,-0.046,-0.003,-0.001,-0.265,0.895,1.043,1.0,0.016,0.005,0.002,-0.513,-0.233,0.101,-0.053,-0.006,-0.001,-0.29499421762224926,0.9554990379741034,1.0,1.0,0.0,0.0,0.0,43.27754392611698,0.09092990888426346,0.29653625660603766,99.99999065821282,110.00000007207336,0.5000001467702373,54.99899655320252,0.19955949288946848,0.0008,0.0009,0.0037,0.0068
585,1762746508.3054945,0.039416089605435405,0.027554499423890832,0.21810128641782067,0.00012245173777084353,0.05707169868837912,0.07758878025915414,-0.0005423098383461195,-0.0036419863583784804,-0.295,0.886,1.048,1.0,0.015,0.005,0.002,-0.604,-0.173,0.101,-0.05,0.004,-0.019,-0.344,0.909,1.257,1.0,0.015,0.005,0.001,-0.533,-0.222,-0.037,-0.041,0.012,-0.001,-0.295,0.886,1.048,1.0,0.015,0.005,0.002,-0.604,-0.173,0.101,-0.05,0.004,-0.019,-0.33487961217098594,0.9422609221188206,1.0,1.0,0.0,0.0,0.0,43.31323024258597,0.09072941660536177,0.2956387625261805,99.9999913017106,110.00000007255125,0.500000137204381,54.998851399289954,0.20149925994968518,0.0011,0.0012,0.0054,0.0071
586,1762746508.3713272,0.03526200213015414,0.027193277296738528,0.2258832868492703,0.00023025120733982977,-0.020770437376406364,-0.0018061106357615125,0.03891000215724809,0.0005389973478449311,-0.333,0.864,1.047,1.0,0.014,0.005,0.002,-0.553,-0.235,-0.004,-0.045,0.003,-0.003,-0.38,0.893,1.252,1.0,0.015,0.006,0.001,-0.492,-0.223,-0.079,0.015,0.076,-0.0,-0.333,0.864,1.047,1.0,0.014,0.005,0.002,-0.553,-0.235,-0.004,-0.045,0.003,-0.003,-0.374173578378502,0.9273586864010209,1.0,1.0,0.0,0.0,0.0,43.32209624504658,0.09074499102631886,0.2988325544146671,99.99999135830497,110.00000007258988,0.5000001364560613,54.998857830968106,0.20114964247917946,0.0011,0.0013,0.0052,0.0062
587,1762746508.436143,0.03124653953036821,0.02605915925640385,0.23146547669606318,0.0004422629348008084,-0.02007731299892962,-0.005670590201673386,0.027910949233964415,0.001060058637304893,-0.375,0.845,1.04,1.0,0.014,0.008,0.002,-0.559,-0.248,-0.077,-0.009,0.048,0.001,-0.416,0.875,1.246,1.0,0.016,0.009,0.001,-0.521,-0.259,-0.095,0.023,0.08,-0.0,-0.375,0.845,1.04,1.0,0.014,0.008,0.002,-0.559,-0.248,-0.077,-0.009,0.048,0.001,-0.4128067194693312,0.9108186495460932,1.0,1.0,0.0,0.0,0.0,43.30817780613254,0.09057591348659631,0.29914021315380257,99.99999137793266,110.00000007259902,0.5000001361985575,54.998889008301276,0.20178088309665174,0.0005,0.0007,0.0039,0.007
588,1762746508.4984527,0.034768137990263896,0.036007209250279025,0.23441379626948328,0.0004253911916246615,0.01760799229947843,0.049740249969375844,0.014741597867100397,-8.435871588073477e-05,-0.408,0.835,1.034,1.0,0.015,0.01,0.002,-0.64,-0.214,-0.112,0.02,0.083,-0.002,-0.453,0.856,1.24,1.0,0.016,0.011,0.001,-0.508,-0.28,-0.072,0.0,0.047,-0.0,-0.408,0.835,1.034,1.0,0.015,0.01,0.002,-0.64,-0.214,-0.112,0.02,0.083,-0.002,-0.45071080574622985,0.8926700227875832,1.0,1.0,0.0,0.0,0.0,43.280155358286976,0.09005312657338164,0.29565491788733156,99.9999917705044,110.00000007288111,0.5000001304853741,54.99865096162108,0.20386089066251842,0.0006,0.0006,0.0031,0.0032
589,1762746508.5715916,0.04263981234241313,0.037052003423998905,0.2315154905371163,0.0003122545325000984,0.039358371760746164,0.0052239708685993674,-0.014491528661834965,-0.0005656832956228157,-0.451,0.82,1.027,1.0,0.015,0.013,0.002,-0.606,-0.19,-0.068,0.009,0.069,-0.016,-0.487,0.836,1.236,1.0,0.016,0.013,0.001,-0.451,-0.277,-0.029,0.007,0.059,-0.0,-0.451,0.82,1.027,1.0,0.015,0.013,0.002,-0.606,-0.19,-0.068,0.009,0.069,-0.016,-0.48781889509012594,0.8729448582774566,1.0,1.0,0.0,0.0,0.0,43.26061900985372,0.08964000149552594,0.2936569359505249,99.99999215478556,110.00000007315249,0.5000001250769435,54.998166765274576,0.20510715053230474,0.0008,0.0013,0.0052,0.0069
590,1762746508.632437,0.039358673606398116,0.03404558083991725,0.23439334190070618,0.00032118126461745677,-0.01640569368007512,-0.015032112920408264,0.014389256817949536,4.463366058679195e-05,-0.492,0.8,1.02,1.0,0.015,0.015,0.002,-0.564,-0.244,-0.092,0.003,0.064,-0.007,-0.52,0.815,1.235,1.0,0.017,0.016,0.001,-0.462,-0.316,-0.006,0.04,0.053,-0.0,-0.492,0.8,1.02,1.0,0.015,0.015,0.002,-0.564,-0.244,-0.092,0.003,0.064,-0.007,-0.5240654511860952,0.8516779924790323,1.0,1.0,0.0,0.0,0.0,43.233262338987174,0.08905843167562444,0.29417250019193864,99.99999225043007,110.00000007321587,0.5000001237517645,54.997898396574925,0.20629637912144008,0.0007,0.0006,0.0035,0.0035
591,1762746508.6986685,0.03660789541877253,0.028067395464644714,0.23274600603515352,0.000646010316932472,-0.013753890938127955,-0.029890926876362675,-0.008236679327763351,0.0016241452615750763,-0.518,0.786,1.016,1.0,0.016,0.017,0.002,-0.519,-0.257,-0.069,0.027,0.065,0.001,-0.552,0.792,1.236,1.0,0.018,0.017,0.001,-0.402,-0.309,0.031,0.024,0.018,-0.0,-0.518,0.786,1.016,1.0,0.016,0.017,0.002,-0.519,-0.257,-0.069,0.027,0.065,0.001,-0.5593864592665322,0.8289069846425787,1.0,1.0,0.0,0.0,0.0,43.20927809757262,0.08860134659847103,0.29405994673052016,99.99999209609446,110.00000007310976,0.5000001259197736,54.997650188303616,0.2056614314840001,0.0007,0.001,0.0031,0.0032
592,1762746508.765503,0.020633135640399435,0.017515759530524897,0.2311385801389147,0.0012235003713615097,-0.07987379889186547,-0.05275817967059909,-0.008037129481194099,0.002887450272145188,-0.551,0.762,1.013,1.0,0.017,0.018,0.002,-0.414,-0.37,-0.047,0.027,0.022,0.017,-0.582,0.767,1.24,1.0,0.019,0.017,0.001,-0.434,-0.374,0.066,0.004,-0.025,-0.001,-0.551,0.762,1.013,1.0,0.017,0.018,0.002,-0.414,-0.37,-0.047,0.027,0.022,0.017,-0.5937195391671678,0.8046720504721945,1.0,1.0,0.0,0.0,0.0,43.19152477340897,0.08833481490132089,0.2943475810089354,99.9999915679948,110.0000000727488,0.5000001331419047,54.997988694458556,0.20350939460022036,0.0008,0.0008,0.0031,0.0033
593,1762746508.8378997,0.021930956423413618,0.018719816777884826,0.22944163242127857,0.0011159047488225925,0.006489103915070904,0.006020286236799618,-0.008484738588180548,-0.0005379781126945852,-0.57,0.741,1.01,1.0,0.017,0.017,0.002,-0.411,-0.353,-0.017,0.008,0.001,-0.003,-0.611,0.741,1.245,1.0,0.017,0.015,0.001,-0.396,-0.382,0.085,-0.069,-0.075,-0.001,-0.57,0.741,1.01,1.0,0.017,0.017,0.002,-0.411,-0.353,-0.017,0.008,0.001,-0.003,-0.6270040554961859,0.7790159911011686,1.0,1.0,0.0,0.0,0.0,43.18116927915777,0.0882389784878907,0.2986777904960767,99.99999129002022,110.00000007254495,0.5000001372451919,54.99803743687047,0.20258510613765757,0.0008,0.0012,0.0051,0.0068
594,1762746508.8981977,0.0284944474934957,0.02385451822564704,0.22090892185141453,0.0006501149916615472,0.032817455350410404,0.02567350723881107,-0.04266355284932029,-0.0023289487858052264,-0.599,0.714,1.019,1.0,0.016,0.015,0.002,-0.381,-0.35,0.089,-0.033,-0.052,-0.012,-0.639,0.712,1.252,1.0,0.015,0.012,0.001,-0.333,-0.353,0.088,-0.066,-0.055,-0.001,-0.599,0.714,1.019,1.0,0.016,0.015,0.002,-0.381,-0.35,0.089,-0.033,-0.052,-0.012,-0.6591812247219371,0.751984117501219,1.0,1.0,0.0,0.0,0.0,43.20179661145951,0.08830642941221369,0.29883069164385123,99.99999117748602,110.00000007246805,0.5000001388977477,54.997984358382745,0.20049328891270948,0.0005,0.0007,0.003,0.0032
595,1762746508.9649405,0.01947326225427122,0.023287380951574364,0.21399717084205733,0.0004294882848833348,-0.0451059261961224,-0.0028356863703633828,-0.03455875504678606,-0.0011031335338910623,-0.621,0.677,1.034,1.0,0.013,0.012,0.002,-0.322,-0.463,0.17,-0.07,-0.072,-0.005,-0.666,0.683,1.258,1.0,0.013,0.011,0.001,-0.398,-0.454,0.079,-0.033,-0.019,-0.001,-0.621,0.677,1.034,1.0,0.013,0.012,0.002,-0.322,-0.463,0.17,-0.07,-0.072,-0.005,-0.6901942189900859,0.7236241704591309,1.0,1.0,0.0,0.0,0.0,43.25161150367689,0.08822244397541178,0.2979412479824626,99.9999910821874,110.00000007239261,0.5000001403928823,54.99845251138646,0.19664825386531354,0.0005,0.0006,0.0031,0.0034
596,1762746509.0391111,0.016964253732243664,0.026464950500154558,0.21497078291024574,-0.00015481510221460927,-0.012545042610137773,0.015887847742900973,0.0048680603409420875,-0.00292151693548972,-0.647,0.642,1.044,1.0,0.011,0.011,0.002,-0.334,-0.465,0.153,-0.057,-0.049,-0.0,-0.691,0.653,1.261,1.0,0.012,0.01,0.001,-0.36,-0.437,0.009,-0.037,0.001,-0.0,-0.647,0.642,1.044,1.0,0.011,0.011,0.002,-0.334,-0.465,0.153,-0.057,-0.049,-0.0,-0.7199882664868533,0.6939862362621149,1.0,1.0,0.0,0.0,0.0,43.30180338079923,0.08809028288412601,0.2984640665035123,99.99999098276338,110.00000007231698,0.500000141882989,54.998734603172004,0.19481606260848727,0.0011,0.0012,0.0056,0.0071
597,1762746509.098856,0.012607401634335866,0.02369368362235061,0.22431464629696546,0.0002835394151757724,-0.02178426048953897,-0.013856334389019734,0.046719316933598515,0.002191772586951908,-0.664,0.618,1.045,1.0,0.011,0.011,0.002,-0.301,-0.49,0.023,-0.04,-0.034,0.006,-0.716,0.622,1.259,1.0,0.01,0.011,0.001,-0.339,-0.437,-0.053,-0.037,0.019,-0.0,-0.664,0.618,1.045,1.0,0.011,0.011,0.002,-0.301,-0.49,0.023,-0.04,-0.034,0.006,-0.7485107481711006,0.6631226582407956,1.0,1.0,0.0,0.0,0.0,43.3183005673239,0.08812372005585177,0.3,99.99999076648673,110.0000000721623,0.5000001450405002,54.999056137648694,0.1935393426422142,0.0005,0.0008,0.0035,0.0033
598,1762746509.167024,0.015289986138217897,0.030949006266291556,0.22616413743261216,0.00038350648397000766,0.01341292251941016,0.03627661321970474,0.009247455678233502,0.0004998353439711763,-0.682,0.594,1.044,1.0,0.01,0.011,0.002,-0.356,-0.473,-0.013,-0.035,0.001,-0.001,-0.74,0.591,1.255,1.0,0.009,0.011,0.001,-0.327,-0.448,-0.07,-0.042,0.012,-0.0,-0.682,0.594,1.044,1.0,0.01,0.011,0.002,-0.356,-0.473,-0.013,-0.035,0.001,-0.001,-0.7757112907044195,0.6310879443260532,1.0,1.0,0.0,0.0,0.0,43.322343272569135,0.08815981672903081,0.29939798620947716,99.99999082941173,110.00000007220801,0.5000001440945204,54.99905605388543,0.19455485741224657,0.0007,0.0008,0.004,0.0038
599,1762746509.234876,0.026725492178725715,0.04048052429220754,0.2292406529026119,0.00020569925795925123,0.05717753020253907,0.04765759012957993,0.015382577349998495,-0.0008890361300537817,-0.711,0.562,1.042,1.0,0.008,0.012,0.002,-0.388,-0.415,-0.051,-0.041,0.007,-0.012,-0.763,0.558,1.249,1.0,0.008,0.012,0.001,-0.358,-0.524,-0.087,-0.028,0.039,-0.0,-0.711,0.562,1.042,1.0,0.008,0.012,0.002,-0.388,-0.415,-0.051,-0.041,0.007,-0.012,-0.8015418554151018,0.5979386707829794,1.0,1.0,0.0,0.0,0.0,43.3141905234047,0.08803386316744286,0.297923054846035,99.99999098291588,110.00000007230977,0.500000142045899,54.998642173591286,0.1942931096718722,0.0011,0.0007,0.0037,0.0053
600,1762746509.2987902,0.010474727181021274,0.03438688414300792,0.22845247243616404,0.0007024207115288128,-0.08125382498852221,-0.030468200745998077,-0.003940902332239329,0.002483607267847808,-0.733,0.517,1.039,1.0,0.007,0.013,0.003,-0.32,-0.548,-0.042,-0.036,0.03,0.016,-0.785,0.524,1.244,1.0,0.008,0.014,0.001,-0.278,-0.437,-0.062,0.036,0.064,-0.0,-0.733,0.517,1.039,1.0,0.007,0.013,0.003,-0.32,-0.548,-0.042,-0.036,0.03,0.016,-0.8259568231388735,0.5637333822919658,1.0,1.0,0.0,0.0,0.0,43.30823492022836,0.08788621463617997,0.3,99.99999094581796,110.00000007229778,0.5000001423061438,54.998882706474674,0.19589812982756794,0.0007,0.0007,0.0033,0.0033
601,1762746509.3657415,0.02168083320131879,0.038811356864062244,0.23510739393592367,0.0007330871698903572,0.056030530101487556,0.02212236360527163,0.03327460749879828,0.00015333229180772225,-0.761,0.489,1.029,1.0,0.008,0.016,0.002,-0.362,-0.417,-0.111,0.007,0.057,-0.008,-0.806,0.49,1.24,1.0,0.008,0.016,0.001,-0.293,-0.503,-0.061,-0.014,0.036,-0.001,-0.761,0.489,1.029,1.0,0.008,0.016,0.002,-0.362,-0.417,-0.111,0.007,0.057,-0.008,-0.8489130747865536,0.5285324885533899,1.0,1.0,0.0,0.0,0.0,43.27983420602703,0.08721634092778778,0.29730381755156005,99.99999098123796,110.00000007231897,0.5000001419147269,54.99841460384307,0.19425177688455472,0.0006,0.0009,0.0035,0.0033
602,1762746509.436356,0.017468389560238856,0.04571859903470317,0.2335406760288915,0.0006863722770512039,-0.02106221820539968,0.03453621085320462,-0.00783358953516081,-0.00023357446419576598,-0.778,0.462,1.023,1.0,0.008,0.016,0.002,-0.363,-0.472,-0.092,0.01,0.032,0.006,-0.825,0.455,1.237,1.0,0.008,0.017,0.001,-0.251,-0.477,-0.018,0.014,0.03,-0.001,-0.778,0.462,1.023,1.0,0.008,0.016,0.002,-0.363,-0.472,-0.092,0.01,0.032,0.006,-0.8703700674963547,0.49239815759849354,1.0,1.0,0.0,0.0,0.0,43.25241840603503,0.08653503619197285,0.2967951963064179,99.99999101962268,110.00000007235518,0.5000001411672339,54.998080223794155,0.19435580472917477,0.001,0.0012,0.0053,0.0048
603,1762746509.4984024,0.018608993726815008,0.04748395918679475,0.2312764400794281,0.0006787762922429914,0.0057030208328807536,0.008826800760457925,-0.011321179747316862,-3.7979924041062684e-05,-0.803,0.428,1.02,1.0,0.008,0.018,0.002,-0.345,-0.462,-0.055,0.003,0.042,-0.003,-0.843,0.42,1.237,1.0,0.009,0.019,0.001,-0.237,-0.505,0.017,0.003,0.051,-0.001,-0.803,0.428,1.02,1.0,0.008,0.018,0.002,-0.345,-0.462,-0.055,0.003,0.042,-0.003,-0.8902899062363132,0.4553942059949123,1.0,1.0,0.0,0.0,0.0,43.2335161449411,0.08612639299200009,0.29690100018195065,99.99999106642584,110.00000007238424,0.5000001405211799,54.9976827699692,0.1943067454986905,0.0005,0.0007,0.0031,0.0034
604,1762746509.5716429,0.014494619530135418,0.051879512471336466,0.22978473865054572,0.00046157130222358663,-0.020571870983397945,0.021977766422708562,-0.0074585071444119265,-0.0010860249500970233,-0.819,0.403,1.018,1.0,0.008,0.019,0.002,-0.353,-0.497,-0.029,0.006,0.048,-0.004,-0.859,0.384,1.239,1.0,0.009,0.021,0.001,-0.224,-0.544,0.045,0.005,0.048,-0.001,-0.819,0.403,1.018,1.0,0.008,0.019,0.002,-0.353,-0.497,-0.029,0.006,0.048,-0.004,-0.9086374107304305,0.4175859861406977,1.0,1.0,0.0,0.0,0.0,43.22112626669471,0.0859208181736038,0.29726815967716724,99.99999128719406,110.0000000725423,0.500000137404023,54.997293921645294,0.19501415478220763,0.0011,0.0012,0.0047,0.0072
605,1762746509.632217,0.00263844177034492,0.04740360216038751,0.2244536641709533,0.0005747257207400219,-0.05928088879895249,-0.022379551554744775,-0.026655372397962045,0.0005657720925821761,-0.839,0.364,1.018,1.0,0.008,0.021,0.002,-0.303,-0.571,0.042,0.003,0.071,0.007,-0.873,0.346,1.243,1.0,0.009,0.022,0.001,-0.175,-0.499,0.056,-0.015,0.047,-0.0,-0.839,0.364,1.018,1.0,0.008,0.021,0.002,-0.303,-0.571,0.042,0.003,0.071,0.007,-0.9253801775902822,0.37904027084595865,1.0,1.0,0.0,0.0,0.0,43.22942451477837,0.0860242281844111,0.29762943266700753,99.99999150724497,110.00000007271409,0.5000001339753037,54.99724673979006,0.19611696250339808,0.0006,0.0007,0.003,0.0034
606,1762746509.7051363,0.009425436746541043,0.0459973127169152,0.22810928366277686,0.0007461667029653905,0.03393497488098062,-0.007031447217361586,0.018278097459117643,0.0008572049111268422,-0.855,0.328,1.016,1.0,0.008,0.023,0.002,-0.277,-0.504,0.005,-0.006,0.054,-0.006,-0.885,0.308,1.247,1.0,0.007,0.023,0.001,-0.159,-0.542,0.049,-0.063,0.015,-0.001,-0.855,0.328,1.016,1.0,0.008,0.023,0.002,-0.277,-0.504,0.005,-0.006,0.054,-0.006,-0.9404886375423978,0.33982513540590886,1.0,1.0,0.0,0.0,0.0,43.228389674973826,0.08601926683404178,0.3,99.99999151707759,110.00000007271468,0.5000001340548109,54.99692347018625,0.19591548208825738,0.001,0.0012,0.0051,0.0069
607,1762746509.7653403,0.011496799769708708,0.04747544683413616,0.22713158520651966,0.0005140448302062013,0.010356815115838327,0.007390670586104833,-0.004888492281285911,-0.0011606093637959454,-0.866,0.302,1.015,1.0,0.007,0.023,0.002,-0.253,-0.531,0.013,-0.044,0.031,-0.009,-0.895,0.27,1.25,1.0,0.005,0.024,0.001,-0.122,-0.514,0.049,-0.038,-0.007,-0.001,-0.866,0.302,1.015,1.0,0.007,0.023,0.002,-0.253,-0.531,0.013,-0.044,0.031,-0.009,-0.953936107650336,0.3000098373735879,1.0,1.0,0.0,0.0,0.0,43.22853536416604,0.08601861606966811,0.3,99.99999162636708,110.00000007278125,0.5000001327025639,54.99668366704342,0.1964892512388718,0.0006,0.0008,0.0033,0.0033
608,1762746509.831723,0.006017253904156798,0.045664735473172846,0.22013843848268835,0.00033531529359442545,-0.027397729327759558,-0.009053556804816596,-0.034965733619156565,-0.0008936476830588797,-0.875,0.256,1.021,1.0,0.005,0.023,0.002,-0.202,-0.577,0.098,-0.052,0.016,-0.005,-0.903,0.231,1.254,1.0,0.004,0.023,0.001,-0.113,-0.612,0.058,-0.011,-0.01,-0.001,-0.875,0.256,1.021,1.0,0.005,0.023,0.002,-0.202,-0.577,0.098,-0.052,0.016,-0.005,-0.965698838439207,0.2596646942446476,1.0,1.0,0.0,0.0,0.0,43.25414423370664,0.08600705985762694,0.2999998741053715,99.99999178384296,110.00000007289273,0.500000130512888,54.99665406182229,0.1974521079190819,0.0006,0.0007,0.0031,0.0032
609,1762746509.8992996,0.0059495103427484155,0.03511580776861803,0.22699855832500496,0.00037038365997291373,-0.00033871780704191473,-0.05274463852277411,0.03430059921158297,0.00017534183189244152,-0.881,0.211,1.023,1.0,0.004,0.023,0.002,-0.098,-0.548,0.01,-0.028,-0.016,-0.007,-0.91,0.192,1.256,1.0,0.004,0.023,0.001,-0.088,-0.652,0.022,-0.017,-0.012,-0.0,-0.881,0.211,1.023,1.0,0.004,0.023,0.002,-0.098,-0.548,0.01,-0.028,-0.016,-0.007,-0.975756055839449,0.21886095927013147,1.0,1.0,0.0,0.0,0.0,43.25869136844727,0.08599254868808978,0.29896309497589024,99.99999160289684,110.00000007275497,0.500000133273012,54.996842052154534,0.195647907032449,0.0006,0.0007,0.0034,0.0039
610,1762746509.9657702,0.004868901225430634,0.034872881010036896,0.221339798073554,0.0002270136437154137,-0.005403045586588905,-0.0012146337929056297,-0.028293801257254822,-0.0007168500812874998,-0.886,0.182,1.028,1.0,0.003,0.023,0.002,-0.097,-0.552,0.07,-0.016,-0.005,-0.009,-0.914,0.151,1.258,1.0,0.003,0.022,0.001,-0.044,-0.52,0.014,-0.012,-0.05,-0.0,-0.886,0.182,1.028,1.0,0.003,0.023,0.002,-0.097,-0.552,0.07,-0.016,-0.005,-0.009,-0.9840899978757479,0.17767069561666732,1.0,1.0,0.0,0.0,0.0,43.27899337777372,0.08593653845287069,0.3,99.99999147983522,110.00000007265571,0.5000001352870934,54.996875624428554,0.19594028930155483,0.0009,0.0007,0.0031,0.0035
611,1762746510.03289,-0.0026093383701501667,0.03065311596819578,0.22228501804289194,0.0004606969560389159,-0.03739119797790401,-0.02109882520920563,0.004726099846689719,0.0011684165616175108,-0.887,0.139,1.031,1.0,0.003,0.021,0.002,-0.022,-0.591,0.058,-0.014,-0.038,0.006,-0.916,0.112,1.258,1.0,0.003,0.02,0.001,-0.024,-0.565,-0.011,-0.012,-0.053,-0.0,-0.887,0.139,1.031,1.0,0.003,0.021,0.002,-0.022,-0.591,0.058,-0.014,-0.038,0.006,-0.9906859460363306,0.13616664909624734,1.0,1.0,0.0,0.0,0.0,43.299521427307475,0.08588373421454337,0.3,99.99999133823758,110.0000000725628,0.5000001371438532,54.99719721940054,0.1948567767369466,0.0011,0.0012,0.0034,0.0032
612,1762746510.1032367,0.004872644624640821,0.03104859172079118,0.21985135788175694,0.0004050538148238545,0.03740991497395493,0.0019773787629770515,-0.012168300805674943,-0.0002782157060753072,-0.886,0.102,1.038,1.0,0.003,0.019,0.002,0.002,-0.519,0.081,-0.015,-0.05,-0.011,-0.917,0.072,1.256,1.0,0.002,0.018,0.001,-0.002,-0.612,-0.038,-0.042,-0.055,0.0,-0.886,0.102,1.038,1.0,0.003,0.019,0.002,0.002,-0.519,0.081,-0.015,-0.05,-0.011,-0.9955322512672159,0.09442211969040332,1.0,1.0,0.0,0.0,0.0,43.3277294004088,0.08588701976419871,0.3,99.9999909427084,110.00000007226846,0.5000001430783001,54.997291155203094,0.19314432420951144,0.0006,0.0008,0.0044,0.0068
613,1762746510.165639,-0.0035132312996585067,0.03264300001307323,0.22365515987823587,0.00023759252219271066,-0.041929379621496635,0.007972041461410243,0.019019009982394672,-0.0008373064631557192,-0.884,0.055,1.039,1.0,0.001,0.017,0.002,0.021,-0.592,0.03,-0.027,-0.053,-0.003,-0.917,0.031,1.252,1.0,0.001,0.016,0.001,0.018,-0.582,-0.074,-0.008,-0.035,-0.0,-0.884,0.055,1.039,1.0,0.001,0.017,0.002,0.021,-0.592,0.03,-0.027,-0.053,-0.003,-0.9986203545455203,0.05251083209566571,1.0,1.0,0.0,0.0,0.0,43.34402165298902,0.08594948609695131,0.3,99.99999095417752,110.00000007227325,0.5000001430163246,54.99752322004625,0.1923808484007396,0.0007,0.0008,0.0033,0.0033
614,1762746510.2386363,-0.0001268397172092036,0.02998406167166541,0.2266452289041234,2.8010857196785366e-05,0.016931957912246512,-0.01329469170703912,0.014950345129437728,-0.001047908324979626,-0.879,0.029,1.037,1.0,0.001,0.016,0.001,0.064,-0.546,-0.013,-0.02,-0.05,-0.011,-0.915,-0.01,1.246,1.0,0.001,0.015,0.001,0.035,-0.547,-0.088,-0.026,-0.009,0.0,-0.879,0.029,1.037,1.0,0.001,0.016,0.001,0.064,-0.546,-0.013,-0.02,-0.05,-0.011,-0.9999448019954837,0.010506805518936591,1.0,1.0,0.0,0.0,0.0,43.347874919180406,0.08598128267804919,0.3,99.99999073552368,110.00000007210271,0.5000001464547991,54.997716925047925,0.19048779672744257,0.0008,0.0012,0.0053,0.0071
615,1762746510.3051362,-0.009560539207895487,0.03043670453892896,0.23054098647407412,0.00018687564627733013,-0.04716849745343141,0.0022632143363177535,0.019478787849753678,0.0007943239454027238,-0.876,-0.019,1.033,1.0,0.0,0.015,0.002,0.065,-0.605,-0.062,-0.018,-0.024,0.004,-0.911,-0.05,1.24,1.0,-0.0,0.015,0.001,0.05,-0.52,-0.088,-0.012,-0.009,0.0,-0.876,-0.019,1.033,1.0,0.0,0.015,0.002,0.065,-0.605,-0.062,-0.018,-0.024,0.004,-0.9995032545205177,-0.03151577704726979,1.0,1.0,0.0,0.0,0.0,43.33653428697608,0.08580233621216203,0.3,99.99999078571477,110.00000007214565,0.5000001456684494,54.99792455290424,0.19081370466910488,0.001,0.0012,0.0051,0.0068
616,1762746510.3653898,-0.005907241980697799,0.036228813072923034,0.23202891492649536,-2.619692347147662e-05,0.018266486135988434,0.028960542669970387,0.007439642262106099,-0.0010653628487440339,-0.874,-0.059,1.027,1.0,-0.0,0.015,0.001,0.039,-0.549,-0.077,-0.019,-0.012,-0.012,-0.907,-0.09,1.233,1.0,-0.001,0.015,0.001,0.066,-0.515,-0.071,-0.038,-0.006,0.0,-0.874,-0.059,1.027,1.0,-0.0,0.015,0.001,0.039,-0.549,-0.077,-0.019,-0.012,-0.012,-0.9972964919342664,-0.07348269983884521,1.0,1.0,0.0,0.0,0.0,43.31750932356406,0.08545513351965556,0.2990448123758552,99.9999907183281,110.00000007208484,0.50000014681764,54.99778596808955,0.190556873419738,0.0005,0.0007,0.0035,0.0033
617,1762746510.4360666,-0.01458582904777516,0.03873737170330085,0.23126742873646436,-4.116809764263764e-05,-0.04339293533538682,0.012542793151889069,-0.0038074309501550056,-7.48558708558052e-05,-0.871,-0.091,1.023,1.0,-0.001,0.015,0.001,0.05,-0.62,-0.064,-0.037,-0.002,0.005,-0.901,-0.13,1.229,1.0,-0.002,0.015,0.001,0.092,-0.567,-0.052,-0.026,0.022,-0.0,-0.871,-0.091,1.023,1.0,-0.001,0.015,0.001,0.05,-0.62,-0.064,-0.037,-0.002,0.005,-0.9933284115833829,-0.11531984539199408,1.0,1.0,0.0,0.0,0.0,43.299739081667575,0.085116621046153,0.29868024070649235,99.99999095862661,110.00000007225455,0.5000001433836727,54.99771960044012,0.1911098254723065,0.0011,0.0012,0.005,0.0048
618,1762746510.5047872,-0.01662796207358629,0.03563417144186705,0.23518037134491565,4.872717250115421e-05,-0.010210665129055642,-0.015516001307169012,0.01956471304225644,0.00044947635071895917,-0.863,-0.134,1.016,1.0,-0.003,0.015,0.001,0.092,-0.607,-0.103,-0.034,0.005,0.001,-0.894,-0.17,1.226,1.0,-0.004,0.016,0.001,0.118,-0.595,-0.029,-0.05,0.04,-0.0,-0.863,-0.134,1.016,1.0,-0.003,0.015,0.001,0.092,-0.607,-0.103,-0.034,0.005,0.001,-0.9876060214644569,-0.15695332544150412,1.0,1.0,0.0,0.0,0.0,43.26912396404391,0.0845772484315528,0.29967874799575334,99.99999108859272,110.0000000723425,0.5000001415877673,54.99774222828588,0.19191596095034083,0.0011,0.0012,0.005,0.0068
619,1762746510.565145,-0.024697823497587,0.03952203206804866,0.23382116594269137,0.00037904371985393907,-0.040349307120003536,0.019439303130908074,-0.006796027011121487,0.0016515827367639241,-0.86,-0.184,1.01,1.0,-0.004,0.017,0.002,0.06,-0.646,-0.081,-0.043,0.031,0.01,-0.885,-0.21,1.226,1.0,-0.006,0.017,0.001,0.147,-0.613,0.015,-0.055,0.02,-0.0,-0.86,-0.184,1.01,1.0,-0.004,0.017,0.002,0.06,-0.646,-0.081,-0.043,0.031,0.01,-0.9801394278472417,-0.19830961141427725,1.0,1.0,0.0,0.0,0.0,43.24033856567022,0.08418517803416976,0.29826604065207485,99.9999914688661,110.00000007261278,0.5000001361921302,54.99754563568811,0.19236497872426447,0.0005,0.0006,0.0033,0.0033
620,1762746510.6325853,-0.015010438169467778,0.036754426920770064,0.23210812636508807,0.00022948622288954584,0.04843692664059611,-0.013838025736392978,-0.008565197888016494,-0.000747787484821966,-0.854,-0.211,1.009,1.0,-0.006,0.017,0.001,0.114,-0.567,-0.054,-0.054,0.022,-0.011,-0.875,-0.25,1.228,1.0,-0.008,0.018,0.001,0.148,-0.516,0.05,-0.064,0.021,0.0,-0.854,-0.211,1.009,1.0,-0.006,0.017,0.001,0.114,-0.567,-0.054,-0.054,0.022,-0.011,-0.9709418174260523,-0.23931566428755635,1.0,1.0,0.0,0.0,0.0,43.21774089851796,0.0840208838542183,0.298260999014683,99.9999914370608,110.00000007258406,0.500000136781803,54.997436906624756,0.19204530800905928,0.001,0.001,0.0032,0.0033
621,1762746510.6986146,-0.02069056655272058,0.03211740566369447,0.22764991824176262,-0.0004983689656480929,-0.02840064191626401,-0.023185106285377913,-0.02229104061662735,-0.003639275942688193,-0.841,-0.258,1.011,1.0,-0.008,0.018,0.002,0.158,-0.613,0.003,-0.062,0.023,-0.0,-0.863,-0.288,1.233,1.0,-0.009,0.018,0.001,0.171,-0.512,0.077,-0.014,0.004,0.0,-0.841,-0.258,1.011,1.0,-0.008,0.018,0.002,0.158,-0.613,0.003,-0.062,0.023,-0.0,-0.9600294340308401,-0.2798990635826151,1.0,1.0,0.0,0.0,0.0,43.21099270662085,0.08402288817590584,0.2989385786506094,99.99999161060137,110.00000007270418,0.5000001343945888,54.9975097255352,0.19263113510915447,0.0007,0.0007,0.0031,0.0034
622,1762746510.7719984,-0.01958592647409183,0.03563254705031925,0.2248197687736819,-0.0007460520915092154,0.0055232003931437595,0.01757570693312391,-0.014150747340403672,-0.001238415629305613,-0.83,-0.299,1.015,1.0,-0.009,0.018,0.002,0.152,-0.562,0.043,-0.033,0.009,0.0,-0.849,-0.326,1.239,1.0,-0.01,0.018,0.001,0.195,-0.507,0.083,-0.011,-0.024,0.0,-0.83,-0.299,1.015,1.0,-0.009,0.018,0.002,0.152,-0.562,0.043,-0.033,0.009,0.0,-0.9474215499390913,-0.31998813526599673,1.0,1.0,0.0,0.0,0.0,43.21690439131014,0.08397194956152612,0.299293756830729,99.9999915514624,110.00000007266401,0.5000001352060485,54.99738032534184,0.19199076206588178,0.0011,0.0012,0.0054,0.0069
623,1762746510.838187,-0.028583985953004397,0.036546889390064945,0.22649304041745963,-0.00020098046898296435,-0.04499029739456287,0.004571711698728514,0.00836635821888855,0.002725358112631255,-0.819,-0.329,1.016,1.0,-0.01,0.017,0.002,0.199,-0.61,0.023,-0.021,-0.032,0.012,-0.834,-0.362,1.245,1.0,-0.01,0.017,0.001,0.238,-0.55,0.081,-0.004,-0.012,0.001,-0.819,-0.329,1.016,1.0,-0.01,0.017,0.002,0.199,-0.61,0.023,-0.021,-0.032,0.012,-0.933140431839203,-0.359512078332489,1.0,1.0,0.0,0.0,0.0,43.218808480317726,0.08394131718617942,0.29861263187637554,99.99999183526914,110.00000007285928,0.5000001312767175,54.99738848291114,0.19391480396376587,0.001,0.0012,0.0052,0.0068
624,1762746510.8984437,-0.022775962009493035,0.03398128546824538,0.21949218006536433,6.356259683296123e-05,0.029040119717556788,-0.012828019609097801,-0.03500430176047646,0.0013227153290796278,-0.8,-0.364,1.025,1.0,-0.01,0.017,0.001,0.224,-0.523,0.102,-0.008,-0.01,0.002,-0.818,-0.398,1.25,1.0,-0.011,0.017,0.001,0.25,-0.515,0.075,-0.036,0.003,0.0,-0.8,-0.364,1.025,1.0,-0.01,0.017,0.001,0.224,-0.523,0.102,-0.008,-0.01,0.002,-0.9172113015054534,-0.39840108984624056,1.0,1.0,0.0,0.0,0.0,43.24427999495938,0.08346599352117154,0.2983056504322815,99.9999916822834,110.00000007275163,0.5000001333622058,54.99736621399272,0.19325020418346228,0.0005,0.0007,0.0032,0.0034
625,1762746510.9669077,-0.015667704112110166,0.034946001552851574,0.2205093963833587,-0.000126325848610227,0.03554128948691435,0.004823580423030986,0.005086081589971758,-0.0009494422272159412,-0.789,-0.389,1.028,1.0,-0.011,0.017,0.001,0.222,-0.483,0.093,-0.023,0.006,-0.011,-0.8,-0.433,1.254,1.0,-0.012,0.017,0.001,0.279,-0.519,0.039,-0.016,-0.006,0.0,-0.789,-0.389,1.028,1.0,-0.011,0.017,0.001,0.222,-0.483,0.093,-0.023,0.006,-0.011,-0.8996622912540182,-0.43658648821919593,1.0,1.0,0.0,0.0,0.0,43.27096400641344,0.0828844896423364,0.29907312133454356,99.99999133398856,110.0000000725146,0.5000001381538058,54.997258612376,0.1915794506998497,0.0007,0.0009,0.0044,0.0035
626,1762746511.0378723,-0.017134375360070404,0.035536679495438844,0.22407478128546326,-0.00031725683457304265,-0.0073333562398011955,0.002953389712936405,0.017826924510522833,-0.000954654929814078,-0.771,-0.426,1.03,1.0,-0.012,0.017,0.001,0.239,-0.492,0.04,-0.025,-0.004,-0.006,-0.78,-0.467,1.255,1.0,-0.011,0.017,0.001,0.294,-0.495,0.002,0.027,-0.004,0.0,-0.771,-0.426,1.03,1.0,-0.012,0.017,0.001,0.239,-0.492,0.04,-0.025,-0.004,-0.006,-0.8805243942587003,-0.47400083450912706,1.0,1.0,0.0,0.0,0.0,43.284225341648785,0.08260836331165171,0.3,99.99999111345724,110.0000000723621,0.500000141178323,54.99715306589474,0.19150343855726243,0.0011,0.0012,0.0047,0.0068
627,1762746511.1047678,-0.020805512546947534,0.037761137789276325,0.2233938389045788,-0.00032219378628256556,-0.018355685934385666,0.011122291469187404,-0.0034047119044223386,-2.4684758547614555e-05,-0.753,-0.461,1.033,1.0,-0.011,0.017,0.001,0.235,-0.473,0.04,0.006,0.004,-0.001,-0.759,-0.502,1.254,1.0,-0.01,0.017,0.001,0.28,-0.427,-0.015,0.03,0.003,0.0,-0.753,-0.461,1.033,1.0,-0.011,0.017,0.001,0.235,-0.473,0.04,0.006,0.004,-0.001,-0.859831409814121,-0.5105780515230371,1.0,1.0,0.0,0.0,0.0,43.297586387257084,0.08237519569099916,0.3,99.9999908724826,110.00000007220024,0.5000001444666788,54.99693828564196,0.19096972082873745,0.0009,0.0011,0.0051,0.0068
628,1762746511.1707003,-0.019478541935349557,0.03387938923590602,0.22738709150696418,-0.0004232320348191238,0.006634853057989876,-0.01940874276685152,0.01996626301192693,-0.0005051912426827913,-0.739,-0.485,1.032,1.0,-0.01,0.017,0.001,0.29,-0.43,-0.012,0.02,-0.008,-0.007,-0.737,-0.534,1.253,1.0,-0.009,0.017,0.001,0.323,-0.452,-0.035,0.009,0.013,0.0,-0.739,-0.485,1.032,1.0,-0.01,0.017,0.001,0.29,-0.43,-0.012,0.02,-0.008,-0.007,-0.8376198836430417,-0.5462535405155898,1.0,1.0,0.0,0.0,0.0,43.29772605273391,0.08237560619448385,0.3,99.9999905483637,110.00000007198155,0.5000001488227096,54.99692486199473,0.1893259549180586,0.001,0.0011,0.005,0.0062
629,1762746511.2313848,-0.02439958782694203,0.03236257925095015,0.22903803231985856,-0.0010712196065057664,-0.024605229457962344,-0.007584049924779363,0.008254704064471874,-0.003239937858433213,-0.716,-0.518,1.029,1.0,-0.01,0.017,0.001,0.297,-0.444,-0.034,0.021,0.005,0.0,-0.713,-0.565,1.25,1.0,-0.009,0.017,0.001,0.346,-0.443,-0.034,0.003,-0.005,-0.0,-0.716,-0.518,1.029,1.0,-0.01,0.017,0.001,0.297,-0.444,-0.034,0.021,0.005,0.0,-0.8139290433532416,-0.5809642952764628,1.0,1.0,0.0,0.0,0.0,43.290123790249716,0.08244320573026137,0.3,99.99999039840814,110.00000007187833,0.5000001508681987,54.996829813841295,0.1886668403197352,0.0005,0.0006,0.003,0.0032
630,1762746511.2985032,-0.02555231086269161,0.031316872568869135,0.22797298540727642,-0.0008453381242123209,-0.005763615178747895,-0.005228533410405051,-0.00532523456291072,0.0011294074114672264,-0.692,-0.55,1.028,1.0,-0.009,0.017,0.001,0.315,-0.423,-0.021,0.008,0.003,-0.002,-0.688,-0.596,1.248,1.0,-0.01,0.017,0.001,0.369,-0.433,-0.024,-0.019,-0.019,0.001,-0.692,-0.55,1.028,1.0,-0.009,0.017,0.001,0.315,-0.423,-0.021,0.008,0.003,-0.002,-0.7888007291579358,-0.6146490134051376,1.0,1.0,0.0,0.0,0.0,43.28511254997807,0.08247196186162047,0.3,99.99999018571015,110.00000007172993,0.500000153788845,54.99673825006211,0.18810944206093844,0.0007,0.0007,0.0032,0.0033
631,1762746511.3724265,-0.031708662732347334,0.03011610310354371,0.2293284590790571,-0.0005050917229164203,-0.03078175934827862,-0.00600384732662715,0.006777368358903456,0.0017012320064795038,-0.674,-0.572,1.027,1.0,-0.01,0.017,0.001,0.347,-0.46,-0.035,-0.01,-0.017,0.008,-0.662,-0.626,1.247,1.0,-0.01,0.016,0.001,0.409,-0.442,-0.019,-0.032,-0.023,0.001,-0.674,-0.572,1.027,1.0,-0.01,0.017,0.001,0.347,-0.46,-0.035,-0.01,-0.017,0.008,-0.7622793199820933,-0.647248204576604,1.0,1.0,0.0,0.0,0.0,43.27576355684384,0.0825084328921796,0.29946326980987986,99.99999038372339,110.00000007186183,0.5000001511052037,54.99662105181513,0.18853310933636377,0.001,0.0012,0.0056,0.0073
632,1762746511.4380167,-0.032474973592698526,0.024163940689786053,0.22570254147769375,-0.00042235487522605266,-0.003831554301755944,-0.0297608120687883,-0.018129588006816855,0.00041368423845183824,-0.643,-0.604,1.028,1.0,-0.011,0.016,0.001,0.398,-0.438,0.008,-0.023,-0.015,-0.001,-0.633,-0.656,1.246,1.0,-0.012,0.015,0.001,0.383,-0.379,-0.005,-0.047,-0.018,0.001,-0.643,-0.604,1.028,1.0,-0.011,0.016,0.001,0.398,-0.438,0.008,-0.023,-0.015,-0.001,-0.7344116550851556,-0.6787042956067705,1.0,1.0,0.0,0.0,0.0,43.278126379342396,0.08250180298070423,0.29953112962146294,99.99999047482558,110.00000007192476,0.5000001498593756,54.99666234176111,0.18884282814412642,0.001,0.0012,0.005,0.0068
633,1762746511.499328,-0.03546787979967091,0.024656451214307692,0.22926754702994787,-0.00030339007533813255,-0.01496453103486184,0.0024625526226081974,0.017825027761270443,0.0005948239994396007,-0.614,-0.638,1.025,1.0,-0.013,0.015,0.001,0.398,-0.451,-0.028,-0.046,-0.024,-0.001,-0.604,-0.684,1.245,1.0,-0.014,0.014,0.001,0.391,-0.358,-0.01,-0.04,-0.035,0.0,-0.614,-0.638,1.025,1.0,-0.013,0.015,0.001,0.398,-0.451,-0.028,-0.046,-0.024,-0.001,-0.705246951338571,-0.7089617321320322,1.0,1.0,0.0,0.0,0.0,43.27081162770538,0.08251949162097132,0.29855260492129926,99.999990648252,110.0000000720445,0.5000001474643634,54.996563918917964,0.1893740998735546,0.0005,0.0009,0.0034,0.0037
634,1762746511.569043,-0.03855450656007075,0.01791783030265463,0.22900712962666442,-0.00032867653284453924,-0.015433133801999215,-0.03369310455826529,-0.0013020870164174919,-0.00012643228753203328,-0.59,-0.661,1.025,1.0,-0.014,0.014,0.001,0.469,-0.451,-0.03,-0.051,-0.037,-0.001,-0.573,-0.71,1.245,1.0,-0.015,0.013,0.001,0.441,-0.369,0.0,-0.038,-0.029,0.0,-0.59,-0.661,1.025,1.0,-0.014,0.014,0.001,0.469,-0.451,-0.03,-0.051,-0.037,-0.001,-0.6748367163042576,-0.7379670767234043,1.0,1.0,0.0,0.0,0.0,43.2618182532248,0.08253277898936386,0.29783619236405223,99.99999098767216,110.00000007227626,0.5000001428365524,54.99666585234074,0.18970176287695603,0.0011,0.0012,0.0051,0.0043
635,1762746511.6320739,-0.03790987886546872,0.021194816074272836,0.2271150550558835,-4.5320154710779784e-05,0.003223138473010135,0.016384928858091015,-0.009460372853904572,0.0014167818906687976,-0.558,-0.691,1.025,1.0,-0.015,0.013,0.001,0.438,-0.413,-0.004,-0.044,-0.031,0.001,-0.541,-0.736,1.245,1.0,-0.017,0.012,0.001,0.491,-0.377,0.012,-0.044,-0.048,0.0,-0.558,-0.691,1.025,1.0,-0.015,0.013,0.001,0.438,-0.413,-0.004,-0.044,-0.031,0.001,-0.6432346572674893,-0.765669103261961,1.0,1.0,0.0,0.0,0.0,43.259411699529885,0.08253733367871365,0.29761867683099746,99.9999910910076,110.00000007234924,0.5000001414450266,54.996549139078034,0.19034933512784524,0.0005,0.0011,0.0032,0.0033
636,1762746511.6991968,-0.03819780574735647,0.015701598426856624,0.2274891837080294,-9.185487985071319e-05,-0.0014396344094387316,-0.027466088237081073,0.0018706432607296297,-0.0002326736256996668,-0.519,-0.72,1.024,1.0,-0.017,0.011,0.001,0.5,-0.396,-0.006,-0.043,-0.045,-0.001,-0.509,-0.76,1.246,1.0,-0.018,0.011,0.001,0.509,-0.357,0.013,-0.029,-0.027,0.0,-0.519,-0.72,1.024,1.0,-0.017,0.011,0.001,0.5,-0.396,-0.006,-0.043,-0.045,-0.001,-0.6104965863848624,-0.792018887408899,1.0,1.0,0.0,0.0,0.0,43.25721777970797,0.08254322912281802,0.29795702333113533,99.99999129665929,110.00000007249159,0.5000001386644148,54.99666091815291,0.1905676659650695,0.0007,0.0007,0.0036,0.0035
637,1762746511.7652407,-0.036693431523266894,0.0072205817024836826,0.22706366779378148,-0.00026699302648041555,0.007521871120447884,-0.04240508362186471,-0.0021275795712396104,-0.0008756907331485117,-0.491,-0.737,1.024,1.0,-0.018,0.01,0.001,0.558,-0.363,-0.002,-0.035,-0.041,-0.007,-0.475,-0.782,1.247,1.0,-0.018,0.01,0.001,0.493,-0.314,0.015,-0.013,-0.031,0.0,-0.491,-0.737,1.024,1.0,-0.018,0.01,0.001,0.558,-0.363,-0.002,-0.035,-0.041,-0.007,-0.5766803221148682,-0.8169698930104413,1.0,1.0,0.0,0.0,0.0,43.256420803462774,0.08254553785185362,0.29890955432633143,99.99999148100054,110.0000000726178,0.5000001361058951,54.99696770074956,0.19119764020012603,0.0009,0.0008,0.003,0.0032
638,1762746511.831923,-0.04313697773572218,0.015270073866488144,0.2239835476394324,0.00023090363255810704,-0.03221773106227642,0.04024746082002231,-0.015400600771745557,0.0024894832951926123,-0.456,-0.764,1.026,1.0,-0.019,0.009,0.001,0.484,-0.373,0.04,-0.014,-0.031,0.008,-0.441,-0.803,1.248,1.0,-0.019,0.008,0.001,0.478,-0.276,0.014,0.001,-0.059,0.0,-0.456,-0.764,1.026,1.0,-0.019,0.009,0.001,0.484,-0.373,0.04,-0.014,-0.031,0.008,-0.54184558710516,-0.8404780542849792,1.0,1.0,0.0,0.0,0.0,43.26691545224396,0.08250258602527008,0.29863476675420897,99.99999162497218,110.00000007270799,0.500000134267141,54.9967129859328,0.1922053244053889,0.0005,0.0006,0.0034,0.0033
639,1762746511.902069,-0.04207839779757086,0.017880246582929315,0.2259521192678518,0.0006500603606336833,0.005292899690756577,0.013050863582205856,0.009842858142097108,0.0020957836403778813,-0.43,-0.78,1.026,1.0,-0.019,0.008,0.002,0.505,-0.328,0.016,-0.006,-0.054,0.008,-0.404,-0.823,1.249,1.0,-0.019,0.006,0.002,0.533,-0.279,-0.0,-0.019,-0.02,0.0,-0.43,-0.78,1.026,1.0,-0.019,0.008,0.002,0.505,-0.328,0.016,-0.006,-0.054,0.008,-0.5060539027168308,-0.8625018536473208,1.0,1.0,0.0,0.0,0.0,43.27228756408168,0.08247895242634053,0.29873661354007763,99.9999916683838,110.00000007273502,0.5000001337493594,54.996598603163406,0.19224861980504684,0.0006,0.0008,0.004,0.006
640,1762746511.9717288,-0.04651938522491931,0.01612984207037737,0.22364033418627366,0.0008122545085671165,-0.02220493713674228,-0.008752022562759724,-0.01155892540789076,0.0008109707396671657,-0.393,-0.804,1.033,1.0,-0.019,0.007,0.002,0.515,-0.338,0.036,-0.018,-0.034,0.009,-0.369,-0.841,1.248,1.0,-0.02,0.006,0.002,0.483,-0.227,-0.006,-0.016,0.015,-0.001,-0.393,-0.804,1.033,1.0,-0.019,0.007,0.002,0.515,-0.338,0.036,-0.018,-0.034,0.009,-0.469368480372016,-0.8830023950325755,1.0,1.0,0.0,0.0,0.0,43.28343132167587,0.08244156863181393,0.2994916956836887,99.99999173704911,110.00000007278514,0.5000001328303533,54.99637335023195,0.19316012755811485,0.0011,0.0012,0.0051,0.007
641,1762746512.035555,-0.03557851299027595,0.010954322109729775,0.228820292845775,0.00037349906764823343,0.05470436117321675,-0.025877599803237974,0.025899793297506538,-0.002193777204594415,-0.354,-0.821,1.031,1.0,-0.02,0.007,0.001,0.525,-0.235,-0.028,-0.016,-0.002,-0.01,-0.333,-0.857,1.247,1.0,-0.02,0.007,0.001,0.574,-0.239,-0.026,-0.034,0.016,-0.001,-0.354,-0.821,1.031,1.0,-0.02,0.007,0.001,0.525,-0.235,-0.028,-0.016,-0.002,-0.01,-0.43185410991665607,-0.9019434725902132,1.0,1.0,0.0,0.0,0.0,43.27839314367397,0.0824517492383676,0.299414594267081,99.99999168553846,110.00000007274903,0.5000001335732354,54.99646207389852,0.192389269602786,0.0006,0.0007,0.003,0.0073
642,1762746512.1004345,-0.03134338821292354,0.014634761757215451,0.2278548562726471,0.0002044113962943831,0.021175623886762068,0.01840219823742838,-0.0048271828656393494,-0.0008454383567692513,-0.33,-0.833,1.029,1.0,-0.021,0.007,0.001,0.482,-0.214,-0.02,-0.028,0.021,-0.007,-0.295,-0.871,1.246,1.0,-0.021,0.007,0.001,0.547,-0.197,-0.016,0.018,-0.013,-0.0,-0.33,-0.833,1.029,1.0,-0.021,0.007,0.001,0.482,-0.214,-0.02,-0.028,0.021,-0.007,-0.39357704519567344,-0.9192916346269244,1.0,1.0,0.0,0.0,0.0,43.27348632840945,0.08245041330984137,0.29962248198465913,99.99999149964603,110.00000007261842,0.5000001362022493,54.99632325046695,0.19063003914969692,0.0011,0.0013,0.0037,0.0034
643,1762746512.171607,-0.037614813079468346,0.009951674840067279,0.23159825762992042,6.704590014545156e-05,-0.03135712433272397,-0.02341543458574086,0.018717006786366654,-0.0006868274807446576,-0.289,-0.851,1.024,1.0,-0.021,0.007,0.001,0.532,-0.23,-0.059,-0.01,-0.005,0.002,-0.258,-0.883,1.245,1.0,-0.019,0.007,0.001,0.597,-0.185,-0.011,0.057,-0.002,-0.0,-0.289,-0.851,1.024,1.0,-0.021,0.007,0.001,0.532,-0.23,-0.059,-0.01,-0.005,0.002,-0.3546048870425361,-0.9350162426854146,1.0,1.0,0.0,0.0,0.0,43.25695779481014,0.08242741870357541,0.3,99.99999144718215,110.00000007258325,0.500000136909993,54.996215840540515,0.1918605920362221,0.0011,0.0012,0.0051,0.0068
644,1762746512.2354262,-0.03420847922424556,0.005702290497441321,0.22423128836609468,-5.671049220007881e-05,0.017031669276113933,-0.02124692171312979,-0.03683484631912877,-0.0006187819617276519,-0.248,-0.859,1.028,1.0,-0.019,0.007,0.001,0.547,-0.141,0.024,0.029,-0.003,-0.005,-0.219,-0.895,1.245,1.0,-0.018,0.006,0.001,0.503,-0.131,0.012,0.02,-0.016,-0.0,-0.248,-0.859,1.028,1.0,-0.019,0.007,0.001,0.547,-0.141,0.024,0.029,-0.003,-0.005,-0.3150064638899499,-0.9490895256547455,1.0,1.0,0.0,0.0,0.0,43.26298265386422,0.08243561457174252,0.3,99.99999138365874,110.0000000725372,0.5000001378507006,54.99638542406912,0.1905506342553877,0.0005,0.0009,0.0055,0.0046
645,1762746512.3050969,-0.03451876954629014,0.00548378914955409,0.22343163521943604,0.00013612411016555327,-0.001551451610222934,-0.0010925067394361582,-0.00399826573329308,0.0009641730118281602,-0.207,-0.868,1.031,1.0,-0.018,0.006,0.001,0.541,-0.124,0.042,0.03,-0.008,0.004,-0.181,-0.904,1.246,1.0,-0.017,0.005,0.001,0.603,-0.132,0.001,0.02,-0.038,-0.0,-0.207,-0.868,1.031,1.0,-0.018,0.006,0.001,0.541,-0.124,0.042,0.03,-0.008,0.004,-0.2748517102124776,-0.9614866288166862,1.0,1.0,0.0,0.0,0.0,43.276699517462895,0.08244020411611551,0.3,99.99999127293924,110.00000007246297,0.5000001393856522,54.99645681338368,0.1893098708495325,0.001,0.0012,0.0053,0.0069
646,1762746512.3717027,-0.04229246758748206,0.006419785141230271,0.22458849274314988,0.0006810215317921318,-0.038868490205959616,0.00467997995838091,0.005784287618569087,0.0027244871081328927,-0.18,-0.877,1.033,1.0,-0.018,0.005,0.002,0.553,-0.163,0.026,0.016,-0.033,0.016,-0.142,-0.912,1.245,1.0,-0.017,0.004,0.001,0.543,-0.098,-0.017,0.008,-0.034,-0.0,-0.18,-0.877,1.033,1.0,-0.018,0.005,0.002,0.553,-0.163,0.026,0.016,-0.033,0.016,-0.2342115430158025,-0.9721856577414403,1.0,1.0,0.0,0.0,0.0,43.28652682810427,0.08245162683784933,0.2992306728886595,99.99999121567059,110.00000007243025,0.5000001400214917,54.9962732469352,0.18972768976307924,0.0011,0.0012,0.0051,0.007
647,1762746512.438712,-0.033900967716605064,-0.001785443284356144,0.22367102944734382,0.00015236325981216666,0.041957499354385,-0.04102614212793208,-0.0045873164790301004,-0.002643291359899826,-0.134,-0.879,1.035,1.0,-0.017,0.004,0.001,0.604,-0.068,0.031,0.016,-0.033,-0.011,-0.102,-0.918,1.243,1.0,-0.017,0.003,0.001,0.686,-0.099,-0.038,-0.031,-0.023,-0.001,-0.134,-0.879,1.035,1.0,-0.017,0.004,0.001,0.604,-0.068,0.031,0.016,-0.033,-0.011,-0.1931577365907433,-0.9811677169552314,1.0,1.0,0.0,0.0,0.0,43.299295603345364,0.08248607183957764,0.3,99.99999130748014,110.00000007249048,0.5000001388902189,54.99655429245909,0.18975366087707649,0.001,0.0013,0.0052,0.0071
648,1762746512.5015445,-0.037854787984392436,-0.002084215982896415,0.22923835718494281,0.0002217655064412622,-0.01976910133893684,-0.001493863492701357,0.027836638687994904,0.0003470112331454781,-0.09,-0.888,1.031,1.0,-0.018,0.003,0.001,0.584,-0.102,-0.034,-0.012,-0.031,0.001,-0.062,-0.923,1.24,1.0,-0.018,0.002,0.001,0.541,-0.057,-0.048,-0.002,-0.039,-0.0,-0.09,-0.888,1.031,1.0,-0.018,0.003,0.001,0.584,-0.102,-0.034,-0.012,-0.031,0.001,-0.15176279575321514,-0.988416943311459,1.0,1.0,0.0,0.0,0.0,43.29359958511606,0.08245440205413745,0.29930699922238685,99.9999913280677,110.0000000725051,0.5000001385610547,54.9965025738652,0.19027018251594582,0.0005,0.0008,0.0036,0.006
649,1762746512.5652628,-0.036333310606689276,-0.008772694700684983,0.22901405973511774,-2.4320518947072256e-05,0.0076073868885157565,-0.03344239358894284,-0.0011214872491253766,-0.0012304301269416723,-0.059,-0.89,1.029,1.0,-0.018,0.002,0.001,0.631,-0.067,-0.037,-0.015,-0.032,-0.005,-0.022,-0.926,1.237,1.0,-0.018,0.001,0.001,0.542,-0.036,-0.04,-0.005,-0.035,-0.0,-0.059,-0.89,1.029,1.0,-0.018,0.002,0.001,0.631,-0.067,-0.037,-0.015,-0.032,-0.005,-0.1100998277940332,-0.993920534006479,1.0,1.0,0.0,0.0,0.0,43.2851409642811,0.08237942186349262,0.29866630208474276,99.99999147157654,110.00000007260185,0.5000001366034518,54.99660771130959,0.19129035684514825,0.0006,0.0008,0.0033,0.0033
650,1762746512.6322024,-0.049546122721318656,-0.00016272513039393768,0.22820031574143787,0.0010174071623874356,-0.06606406057314684,0.04304984785145523,-0.0040687199683991015,0.00520863840667254,-0.016,-0.897,1.027,1.0,-0.018,0.001,0.002,0.548,-0.132,-0.02,-0.006,-0.032,0.023,0.018,-0.928,1.235,1.0,-0.018,-0.001,0.002,0.546,-0.015,-0.03,0.002,-0.05,-0.0,-0.016,-0.897,1.027,1.0,-0.018,0.001,0.002,0.548,-0.132,-0.02,-0.006,-0.032,0.023,-0.06824241336467247,-0.9976687691905392,1.0,1.0,0.0,0.0,0.0,43.27952235307488,0.08233866685884908,0.297517503565965,99.99999134667381,110.00000007252883,0.5000001381009385,54.99606017472857,0.19109709150199078,0.0008,0.0007,0.0034,0.0033
651,1762746512.7050319,-0.04646568571382039,-0.0006292730415324,0.22967431457386847,0.0009694111049814452,0.015402185037491311,-0.0023327395556923146,0.00736999416215293,-0.00023998028702995307,0.013,-0.898,1.025,1.0,-0.019,-0.0,0.002,0.58,-0.061,-0.037,-0.005,-0.05,0.006,0.058,-0.929,1.233,1.0,-0.019,-0.002,0.002,0.535,0.006,-0.023,-0.048,-0.004,-0.001,0.013,-0.898,1.025,1.0,-0.019,-0.0,0.002,0.58,-0.061,-0.037,-0.005,-0.05,0.006,-0.026264476527046603,-0.9996550291339309,1.0,1.0,0.0,0.0,0.0,43.26921546791919,0.0822470448445845,0.2986311935901893,99.99999123820426,110.00000007245067,0.5000001396731993,54.99585535354687,0.19132837849077527,0.0011,0.0012,0.0048,0.0072
652,1762746512.7652614,-0.03334815555681495,-5.3687052011655145e-05,0.24178129075381893,0.0012317037326678498,0.06558765078502718,0.002877929947603726,0.06053488089975252,0.001311463138432023,0.057,-0.898,1.014,1.0,-0.019,-0.002,0.002,0.564,0.033,-0.18,-0.016,-0.042,0.01,0.097,-0.927,1.231,1.0,-0.021,-0.002,0.001,0.604,0.033,-0.013,-0.046,0.013,-0.001,0.057,-0.898,1.014,1.0,-0.019,-0.002,0.002,0.564,0.033,-0.18,-0.016,-0.042,0.01,0.015759845803216828,-0.9998758059180444,1.0,1.0,0.0,0.0,0.0,43.21666987165423,0.0817997019917358,0.3,99.9999909377368,110.00000007223495,0.5000001439138233,54.99603000294269,0.19135863277205234,0.0007,0.0008,0.0031,0.0033
653,1762746512.8323019,-0.041838627151705124,-0.000425001100636709,0.23329772361555326,0.0013683568454842334,-0.04245235797445081,-0.0018565702431252683,-0.0424178356913284,0.0006832655640819189,0.098,-0.902,1.009,1.0,-0.021,-0.002,0.002,0.53,-0.047,-0.077,-0.037,-0.001,0.013,0.137,-0.924,1.233,1.0,-0.021,-0.001,0.001,0.529,0.056,0.061,0.027,0.016,-0.001,0.098,-0.902,1.009,1.0,-0.021,-0.002,0.002,0.53,-0.047,-0.077,-0.037,-0.001,0.013,0.05775633478942729,-0.9983307096306773,1.0,1.0,0.0,0.0,0.0,43.184932865730396,0.08162273900546414,0.3,99.99999059757698,110.00000007198231,0.5000001489320484,54.99559043852118,0.18996331517179285,0.0007,0.0009,0.0034,0.0032
654,1762746512.9002311,-0.03630697304755167,-0.006190797622985852,0.22615054000767223,0.0008057375018307281,0.027658270520767244,-0.02882898261174571,-0.03573591803940521,-0.0028130967182675264,0.139,-0.896,1.013,1.0,-0.021,-0.001,0.002,0.549,0.05,0.021,-0.0,0.01,-0.003,0.176,-0.919,1.239,1.0,-0.02,-0.001,0.001,0.61,0.094,0.114,0.013,0.014,-0.001,0.139,-0.896,1.013,1.0,-0.021,-0.001,0.002,0.549,0.05,0.021,-0.0,0.01,-0.003,0.09965082075115546,-0.9950224690546546,1.0,1.0,0.0,0.0,0.0,43.18292460052065,0.08162854057130597,0.2999982996122873,99.99999056147024,110.00000007196428,0.5000001493294468,54.99559320451201,0.18950543755712962,0.0009,0.0007,0.0034,0.0045
655,1762746512.971635,-0.033431335331111374,-0.010910808233992231,0.22392644081478147,0.0005039111480231408,0.014378188582201504,-0.023600053055031902,-0.011120495964453971,-0.001509131769037937,0.168,-0.889,1.017,1.0,-0.02,-0.001,0.002,0.562,0.099,0.055,0.008,0.011,-0.006,0.215,-0.912,1.247,1.0,-0.019,-0.001,0.001,0.593,0.117,0.11,0.025,-0.018,-0.001,0.168,-0.889,1.017,1.0,-0.02,-0.001,0.002,0.562,0.099,0.055,0.008,0.011,-0.006,0.141369314154734,-0.9899569268485473,1.0,1.0,0.0,0.0,0.0,43.193486637684,0.081523139372229,0.3,99.99999062674567,110.00000007201967,0.500000148281189,54.995718763964966,0.18918162252397605,0.0011,0.0012,0.0056,0.0064
656,1762746513.039444,-0.03446900912868374,-0.012014834754018445,0.2186556254331693,0.0004743724471861992,-0.005188368987861826,-0.005520132600131077,-0.02635407690806106,-0.00014769350418470826,0.209,-0.88,1.028,1.0,-0.019,-0.001,0.002,0.55,0.111,0.115,0.017,-0.002,-0.002,0.256,-0.903,1.254,1.0,-0.018,-0.002,0.001,0.526,0.125,0.083,0.032,-0.043,-0.001,0.209,-0.88,1.028,1.0,-0.019,-0.001,0.002,0.55,0.111,0.115,0.017,-0.002,-0.002,0.18283813628561849,-0.9831430292279967,1.0,1.0,0.0,0.0,0.0,43.223580217318755,0.08106211451629898,0.3,99.99999057721459,110.00000007198545,0.5000001489680116,54.99573386379548,0.18887992508082146,0.0011,0.0012,0.0057,0.0072
657,1762746513.105663,-0.035169750625379546,-0.012255184209135076,0.21708973185306427,0.00011586900836466654,-0.0035037074834790042,-0.0012017472755831635,-0.007829467900525078,-0.0017925171941076635,0.237,-0.873,1.035,1.0,-0.019,-0.002,0.002,0.559,0.141,0.133,0.018,-0.024,-0.01,0.295,-0.893,1.258,1.0,-0.017,-0.004,0.001,0.567,0.157,0.047,0.025,-0.046,-0.0,0.237,-0.873,1.035,1.0,-0.019,-0.002,0.002,0.559,0.141,0.133,0.018,-0.024,-0.01,0.22398404937180239,-0.9745928101658713,1.0,1.0,0.0,0.0,0.0,43.26297105279043,0.08035610511640072,0.3,99.99999068666637,110.00000007206161,0.5000001474264965,54.99578392576077,0.18886394481509322,0.0009,0.0012,0.0055,0.0073
658,1762746513.1648984,-0.03294484078117567,-0.020035326841513143,0.21973383082912312,-8.924439311666941e-05,0.01112454922101937,-0.03890071316189035,0.01322049488029418,-0.0010255670074066797,0.269,-0.864,1.039,1.0,-0.018,-0.003,0.002,0.613,0.172,0.092,0.013,-0.039,-0.006,0.334,-0.882,1.26,1.0,-0.017,-0.005,0.001,0.567,0.177,-0.006,0.01,-0.031,-0.0,0.269,-0.864,1.039,1.0,-0.018,-0.003,0.002,0.613,0.172,0.092,0.013,-0.039,-0.006,0.2647343859284989,-0.9643213701391568,1.0,1.0,0.0,0.0,0.0,43.294077356537514,0.07985379206531416,0.29954064972843564,99.99999087488517,110.00000007218884,0.5000001447975833,54.99591278753557,0.18976710671802272,0.0005,0.0007,0.003,0.0033
659,1762746513.2329578,-0.03491394835868949,-0.020530565030146188,0.22295816133911528,-0.0005122485566650012,-0.009845537887569089,-0.0024761909431652226,0.016121652549960876,-0.0021150208177416587,0.326,-0.848,1.042,1.0,-0.017,-0.005,0.002,0.578,0.165,0.041,0.015,-0.039,0.0,0.372,-0.869,1.258,1.0,-0.016,-0.006,0.001,0.491,0.172,-0.041,0.007,-0.044,-0.0,0.326,-0.848,1.042,1.0,-0.017,-0.005,0.002,0.578,0.165,0.041,0.015,-0.039,0.0,0.30501717709561715,-0.9523468494601224,1.0,1.0,0.0,0.0,0.0,43.311995908936986,0.07966002275183669,0.2994743657506076,99.99999089238342,110.00000007220098,0.5000001445598663,54.99586698692187,0.19025460700084804,0.0006,0.001,0.004,0.0033
660,1762746513.2984622,-0.03161776177803971,-0.022757983910703862,0.22551426183930345,-0.0006237427592195455,0.01648093290324889,-0.011137094402788358,0.012780502500940866,-0.0005574710127727214,0.355,-0.837,1.041,1.0,-0.017,-0.006,0.002,0.586,0.214,0.002,0.001,-0.035,-0.009,0.41,-0.855,1.254,1.0,-0.016,-0.008,0.001,0.59,0.231,-0.076,-0.003,-0.049,0.001,0.355,-0.837,1.041,1.0,-0.017,-0.006,0.002,0.586,0.214,0.002,0.001,-0.035,-0.009,0.3447612797414368,-0.9386903962388488,1.0,1.0,0.0,0.0,0.0,43.3193911424795,0.07963151802598709,0.29949296523896946,99.99999099889725,110.00000007227545,0.5000001429903483,54.99595866769662,0.19108209672335158,0.0006,0.0007,0.0032,0.0033
661,1762746513.3651786,-0.03358660417694237,-0.025837608103007666,0.23132422678120446,-0.00034422387002135157,-0.0098442119945133,-0.015398120961519006,0.029049824709504977,0.001397594445990969,0.4,-0.822,1.035,1.0,-0.017,-0.008,0.002,0.597,0.201,-0.067,0.006,-0.052,-0.001,0.447,-0.839,1.249,1.0,-0.016,-0.01,0.001,0.587,0.256,-0.087,0.006,-0.042,0.001,0.4,-0.822,1.035,1.0,-0.017,-0.008,0.002,0.597,0.201,-0.067,0.006,-0.052,-0.001,0.38389650210794274,-0.9233761290337141,1.0,1.0,0.0,0.0,0.0,43.306096144252656,0.07958990463999584,0.29911267260206886,99.9999911130597,110.00000007235465,0.5000001414003478,54.99588534074666,0.19186973874942218,0.0006,0.0007,0.0031,0.0032
662,1762746513.4364917,-0.03221653072973919,-0.02551835655958068,0.23346004151256247,-6.0964920139035435e-05,0.00685036723601588,0.001596257717134928,0.010679073656789974,0.0014162947494115803,0.442,-0.805,1.027,1.0,-0.017,-0.01,0.002,0.57,0.221,-0.092,0.006,-0.048,0.001,0.485,-0.822,1.244,1.0,-0.016,-0.011,0.002,0.53,0.259,-0.058,-0.0,-0.037,0.0,0.442,-0.805,1.027,1.0,-0.017,-0.01,0.002,0.57,0.221,-0.092,0.006,-0.048,0.001,0.4223537277759648,-0.9064310942557885,1.0,1.0,0.0,0.0,0.0,43.28225081435568,0.07938402101400242,0.29897154226491507,99.9999911621838,110.00000007238899,0.5000001407571263,54.99581361628611,0.19232135515602403,0.0011,0.0012,0.0053,0.0049
663,1762746513.4987214,-0.03548380053168945,-0.023098536793292577,0.23383997464113346,0.0002891653593926123,-0.016336349009751276,0.012099098831440534,0.0018996656428549204,0.001750651397658239,0.468,-0.795,1.023,1.0,-0.017,-0.011,0.002,0.544,0.212,-0.092,-0.004,-0.047,0.006,0.52,-0.804,1.241,1.0,-0.016,-0.012,0.002,0.508,0.276,-0.022,0.005,-0.023,0.0,0.468,-0.795,1.023,1.0,-0.017,-0.011,0.002,0.544,0.212,-0.092,-0.004,-0.047,0.006,0.46006503773115215,-0.8878852184023752,1.0,1.0,0.0,0.0,0.0,43.25509023744181,0.07909665640641086,0.2986928562595214,99.99999114330993,110.00000007237136,0.5000001411305842,54.99559135222046,0.1921708095586574,0.0006,0.0008,0.0034,0.0032
664,1762746513.564971,-0.0240368586570984,-0.02005471912589185,0.23530316998464718,0.0001857196109755408,0.05723470937295528,0.015219088337003646,0.007315976717568659,-0.0005172287420853577,0.505,-0.77,1.015,1.0,-0.017,-0.012,0.002,0.5,0.302,-0.103,-0.002,-0.035,-0.005,0.554,-0.784,1.241,1.0,-0.016,-0.012,0.002,0.443,0.268,0.015,-0.006,0.001,0.0,0.505,-0.77,1.015,1.0,-0.017,-0.012,0.002,0.5,0.302,-0.103,-0.002,-0.035,-0.005,0.4969638303152296,-0.8677712552040519,1.0,1.0,0.0,0.0,0.0,43.22271339738746,0.07878268581157963,0.2994205655470463,99.99999107289617,110.00000007232461,0.5000001421157443,54.995781880631604,0.19185847958557134,0.0005,0.0007,0.0032,0.0032
665,1762746513.6337028,-0.024655589748674003,-0.022635360752853027,0.2298457290786562,0.00023858244579308538,-0.003093655457878014,-0.01290320813480588,-0.027287204529955054,0.00026431417408772295,0.541,-0.75,1.014,1.0,-0.017,-0.012,0.002,0.485,0.282,-0.031,0.003,-0.013,-0.003,0.587,-0.763,1.244,1.0,-0.015,-0.012,0.002,0.493,0.33,0.066,0.037,0.024,-0.0,0.541,-0.75,1.014,1.0,-0.017,-0.012,0.002,0.485,0.282,-0.031,0.003,-0.013,-0.003,0.5329849388506873,-0.8461247277785522,1.0,1.0,0.0,0.0,0.0,43.2077577334095,0.07869665389838998,0.3,99.99999097592085,110.00000007225925,0.500000143496021,54.99572926757921,0.19146743845038797,0.0006,0.0012,0.0041,0.0038
666,1762746513.6984153,-0.022728095942498677,-0.02475748662940539,0.2243412704242991,-0.000456104259447612,0.00963746903087663,-0.01061062938276182,-0.027522293271785306,-0.003473433526203486,0.564,-0.733,1.018,1.0,-0.016,-0.012,0.002,0.465,0.322,0.044,0.021,0.009,0.0,0.621,-0.74,1.249,1.0,-0.014,-0.011,0.002,0.435,0.319,0.079,0.037,0.009,-0.0,0.564,-0.733,1.018,1.0,-0.016,-0.012,0.002,0.465,0.322,0.044,0.021,0.009,0.0,0.5680647467311546,-0.8229838658936572,1.0,1.0,0.0,0.0,0.0,43.215442491917344,0.07869468092972977,0.29998515324284014,99.99999089836358,110.00000007220545,0.5000001445913822,54.99576865477557,0.19088951409270763,0.0005,0.0006,0.0031,0.0034
667,1762746513.7722313,-0.01681780979388238,-0.02801973645058084,0.21869914492278494,-0.0006403038538455325,0.029551430743081496,-0.016311249105877237,-0.028210627507570755,-0.0009209979719896036,0.597,-0.704,1.027,1.0,-0.015,-0.011,0.001,0.448,0.368,0.114,0.033,0.02,-0.006,0.652,-0.716,1.254,1.0,-0.013,-0.011,0.002,0.395,0.313,0.064,0.032,-0.007,-0.0,0.597,-0.704,1.027,1.0,-0.015,-0.011,0.001,0.448,0.368,0.114,0.033,0.02,-0.006,0.6021412997741983,-0.7983895384498967,1.0,1.0,0.0,0.0,0.0,43.24624058431596,0.07852416689580602,0.29995405004231845,99.99999087224911,110.00000007218966,0.5000001449394726,54.99593341146646,0.19030947258880168,0.0011,0.0012,0.0055,0.0069
668,1762746513.8358912,-0.016315036511605555,-0.027951894735736876,0.21914555752345158,-0.0006791307286781248,0.0025138664113841316,0.0003392085742197973,0.0022320630033331058,-0.00019413437416296113,0.618,-0.686,1.033,1.0,-0.014,-0.011,0.001,0.429,0.362,0.108,0.031,0.008,-0.007,0.682,-0.691,1.258,1.0,-0.011,-0.012,0.002,0.391,0.332,0.027,0.043,-0.021,0.001,0.618,-0.686,1.033,1.0,-0.014,-0.011,0.001,0.429,0.362,0.108,0.031,0.008,-0.007,0.6351544156381401,-0.7723851813022908,1.0,1.0,0.0,0.0,0.0,43.27900693674535,0.0782548165803432,0.3,99.99999076925067,110.00000007212182,0.5000001463195729,54.99594777063488,0.18975041491196354,0.0011,0.0012,0.0056,0.0039
669,1762746513.9039178,-0.012856941612057703,-0.03103642143501727,0.2211032280409804,-0.0012467402049788935,0.017290474497739256,-0.015422633496401997,0.009788352587643951,-0.002838047381503843,0.651,-0.657,1.038,1.0,-0.012,-0.011,0.001,0.437,0.385,0.073,0.043,-0.013,0.0,0.711,-0.665,1.258,1.0,-0.01,-0.012,0.002,0.413,0.374,-0.013,0.042,-0.022,0.001,0.651,-0.657,1.038,1.0,-0.012,-0.011,0.001,0.437,0.385,0.073,0.043,-0.013,0.0,0.6670457901096333,-0.7450167205486163,1.0,1.0,0.0,0.0,0.0,43.304049951519225,0.07808416904744131,0.2999550133327679,99.99999077994913,110.00000007213117,0.5000001461593465,54.99598665700819,0.18999430093404385,0.0008,0.0012,0.0054,0.0057
670,1762746513.9653392,-0.013997673683083158,-0.031904930160620563,0.22451128435318243,-0.0004602555930557158,-0.005703660355127267,-0.004342543628016438,0.01704028156101015,0.003932423059615889,0.682,-0.63,1.039,1.0,-0.011,-0.012,0.002,0.423,0.365,0.023,0.043,-0.026,0.011,0.74,-0.639,1.256,1.0,-0.008,-0.013,0.002,0.339,0.328,-0.039,0.034,-0.023,0.001,0.682,-0.63,1.039,1.0,-0.011,-0.012,0.002,0.423,0.365,0.023,0.043,-0.026,0.011,0.6977591000742847,-0.7163324914196789,1.0,1.0,0.0,0.0,0.0,43.31575297746743,0.07805091444020731,0.29954712726120314,99.99999088371199,110.00000007220723,0.5000001446080906,54.99587547201158,0.1898551551650626,0.0007,0.0009,0.0031,0.0032
671,1762746514.0343025,-0.004096485812497655,-0.03381111597047229,0.22815078953726262,-0.00045405209276265594,0.04950593935292752,-0.009530929049258624,0.018197525920400977,3.1017501465298476e-05,0.713,-0.596,1.035,1.0,-0.009,-0.013,0.002,0.412,0.434,-0.027,0.044,-0.02,-0.004,0.767,-0.611,1.252,1.0,-0.007,-0.014,0.002,0.372,0.383,-0.059,0.023,-0.024,0.0,0.713,-0.596,1.035,1.0,-0.009,-0.013,0.002,0.412,0.434,-0.027,0.044,-0.02,-0.004,0.7272401029884926,-0.6863831529148181,1.0,1.0,0.0,0.0,0.0,43.313243744638484,0.07804354027241614,0.29987434378145905,99.99999088721496,110.0000000722095,0.5000001445515334,54.996030616991234,0.19056945451078686,0.0011,0.0012,0.0045,0.0035
672,1762746514.103618,-0.00201134236514219,-0.034193878081674345,0.22929335429966682,5.1193555680212235e-05,0.010425717236777321,-0.0019138105560102467,0.005712823812021246,0.002526228242214341,0.732,-0.576,1.033,1.0,-0.008,-0.014,0.002,0.391,0.4,-0.043,0.032,-0.02,0.007,0.794,-0.583,1.248,1.0,-0.006,-0.015,0.002,0.334,0.37,-0.053,0.045,-0.022,0.0,0.732,-0.576,1.033,1.0,-0.008,-0.014,0.002,0.391,0.4,-0.043,0.032,-0.02,0.007,0.7554367326767787,-0.6552215983334442,1.0,1.0,0.0,0.0,0.0,43.30434044899908,0.07798189960104582,0.2997673263909233,99.9999909377004,110.00000007224183,0.5000001438843953,54.99595163932712,0.1907053035517581,0.0011,0.0012,0.0052,0.0054
673,1762746514.1700726,-0.0009124250890545499,-0.03287296123016995,0.23188213320177492,0.00031054677512800695,0.005494586380438211,0.006604584257521947,0.012943894510540697,0.0012967660972389736,0.751,-0.555,1.029,1.0,-0.007,-0.015,0.002,0.375,0.404,-0.072,0.041,-0.035,0.003,0.818,-0.555,1.245,1.0,-0.004,-0.016,0.002,0.338,0.401,-0.044,0.053,-0.016,0.0,0.751,-0.555,1.029,1.0,-0.007,-0.015,0.002,0.375,0.404,-0.072,0.041,-0.035,0.003,0.7822991912854709,-0.6229028618605779,1.0,1.0,0.0,0.0,0.0,43.28569815382925,0.07780073633590555,0.29938818094937053,99.99999093626774,110.00000007223858,0.5000001439084926,54.99587084767004,0.19055616945271,0.0006,0.0008,0.0041,0.0072
674,1762746514.2322066,0.0010842177446005689,-0.03303569641899048,0.23026887918747138,0.0005765968868050928,0.009983214168275592,-0.0008136759441026648,-0.008066270071517712,0.0013302505583854289,0.779,-0.522,1.026,1.0,-0.005,-0.016,0.002,0.353,0.418,-0.051,0.057,-0.027,0.006,0.842,-0.526,1.242,1.0,-0.002,-0.016,0.002,0.337,0.43,-0.019,0.045,-0.004,0.0,0.779,-0.522,1.026,1.0,-0.005,-0.016,0.002,0.353,0.418,-0.051,0.057,-0.027,0.006,0.8077800372303134,-0.5894840213713968,1.0,1.0,0.0,0.0,0.0,43.2707452944574,0.07763974878084812,0.2994130066715299,99.99999095580637,110.00000007225132,0.5000001436098864,54.9958556877277,0.19033339562941923,0.0006,0.0007,0.0032,0.0037
675,1762746514.2983131,0.011575158447561119,-0.036249885471303596,0.2293670597251912,-0.00015533526127130455,0.05245470351480275,-0.01607094526156562,-0.0045090973114008705,-0.003659660740381986,0.804,-0.488,1.023,1.0,-0.003,-0.016,0.002,0.338,0.444,-0.035,0.049,-0.015,-0.0,0.863,-0.497,1.242,1.0,-0.001,-0.016,0.002,0.288,0.394,0.002,0.032,0.002,-0.001,0.804,-0.488,1.023,1.0,-0.003,-0.016,0.002,0.338,0.444,-0.035,0.049,-0.015,-0.0,0.8318342689826934,-0.5550240976264256,1.0,1.0,0.0,0.0,0.0,43.25959939020354,0.07753362237929247,0.2996154857759605,99.99999097914909,110.00000007227005,0.5000001432629286,54.995899954653304,0.1909259246614695,0.0005,0.0007,0.0032,0.0032
676,1762746514.37179,0.01890577655713492,-0.0390075542658914,0.22857791784647982,-0.0001246351870473454,0.036653090547869006,-0.013788343972939033,-0.003945709393556832,0.0001535003711197959,0.827,-0.453,1.024,1.0,-0.002,-0.016,0.002,0.321,0.456,0.0,0.039,-0.001,-0.005,0.884,-0.468,1.243,1.0,0.001,-0.016,0.002,0.297,0.435,0.017,0.068,-0.01,-0.0,0.827,-0.453,1.024,1.0,-0.002,-0.016,0.002,0.321,0.456,0.0,0.039,-0.001,-0.005,0.8544194045464885,-0.5195839500354338,1.0,1.0,0.0,0.0,0.0,43.258142602522696,0.07752184546155648,0.29965484138109394,99.99999100402992,110.00000007228947,0.500000142901017,54.99591388105718,0.19216008759314251,0.0007,0.0013,0.0053,0.0071
677,1762746514.4382353,0.02133149689158766,-0.038261694226428986,0.2253798532013767,2.0071514104498913e-05,0.012128601672263706,0.0037293001973120197,-0.01599032322551566,0.0007235335057592214,0.848,-0.418,1.026,1.0,0.001,-0.016,0.002,0.292,0.464,0.016,0.062,-0.007,-0.002,0.903,-0.439,1.244,1.0,0.004,-0.017,0.002,0.269,0.423,0.025,0.089,-0.024,0.0,0.848,-0.418,1.026,1.0,0.001,-0.016,0.002,0.292,0.464,0.016,0.062,-0.007,-0.002,0.8754955564852082,-0.4832261691740792,1.0,1.0,0.0,0.0,0.0,43.260436247505304,0.07752905486459202,0.2999798661633403,99.99999102717054,110.00000007230828,0.500000142547936,54.9959705304073,0.19351092910076242,0.0011,0.0013,0.0059,0.0059
678,1762746514.5103786,0.030046818141398927,-0.04008044924308087,0.2253773451450979,-0.00019382694525861143,0.04357660624905634,-0.009093775083259493,-1.2540281393988526e-05,-0.0010694922968155517,0.863,-0.393,1.027,1.0,0.003,-0.017,0.001,0.296,0.496,0.018,0.084,-0.024,-0.006,0.92,-0.411,1.246,1.0,0.007,-0.018,0.002,0.262,0.442,0.02,0.085,-0.019,-0.0,0.863,-0.393,1.027,1.0,0.003,-0.017,0.001,0.296,0.496,0.018,0.084,-0.024,-0.006,0.8950255023668869,-0.4460149662431764,1.0,1.0,0.0,0.0,0.0,43.264659039720925,0.07753106118928374,0.3,99.99999111093258,110.00000007237082,0.5000001413123053,54.996038552530806,0.1959997573275263,0.0009,0.0018,0.008,0.009
679,1762746514.5705073,0.02804631160428849,-0.03824903654247179,0.22482526836672284,0.00035799489625787265,-0.010002532685552158,0.009157063503045416,-0.0027603838918755794,0.00275910920758242,0.882,-0.36,1.029,1.0,0.006,-0.018,0.002,0.262,0.456,0.023,0.082,-0.021,0.01,0.936,-0.383,1.247,1.0,0.01,-0.018,0.002,0.232,0.419,0.011,0.09,-0.018,-0.0,0.882,-0.36,1.029,1.0,0.006,-0.018,0.002,0.262,0.456,0.023,0.082,-0.021,0.01,0.9129747505023428,-0.40801605966577453,1.0,1.0,0.0,0.0,0.0,43.271152853042814,0.07752598871481817,0.3,99.99999115218341,110.0000000723984,0.5000001407463475,54.99602168165363,0.1970977717227954,0.0011,0.0011,0.0053,0.0056
680,1762746514.6356423,0.03202910747357493,-0.033687122340159636,0.22864723039244791,0.00031172280583978434,0.019913979346432194,0.02280957101156077,0.01910981012862538,-0.00023136045209044115,0.893,-0.335,1.028,1.0,0.008,-0.018,0.002,0.226,0.49,-0.025,0.094,-0.028,-0.001,0.951,-0.356,1.247,1.0,0.012,-0.019,0.002,0.21,0.409,0.0,0.061,-0.004,0.0,0.893,-0.335,1.028,1.0,0.008,-0.018,0.002,0.226,0.49,-0.025,0.094,-0.028,-0.001,0.9293116008606831,-0.3692965590223587,1.0,1.0,0.0,0.0,0.0,43.26495619565015,0.0775322866782296,0.3,99.99999120205752,110.00000007243607,0.5000001400058057,54.99617016435018,0.19932826704380716,0.0011,0.001,0.0043,0.0052
681,1762746514.7127783,0.0295851666900194,-0.03224615522100038,0.22702610999130166,0.0007183881080030947,-0.012219703917777647,0.007204835595796277,-0.008105602005731308,0.0020333265108165516,0.908,-0.302,1.028,1.0,0.011,-0.019,0.002,0.2,0.427,-0.009,0.078,-0.016,0.009,0.963,-0.33,1.247,1.0,0.014,-0.018,0.002,0.167,0.354,0.005,0.042,0.019,-0.0,0.908,-0.302,1.028,1.0,0.011,-0.019,0.002,0.2,0.427,-0.009,0.078,-0.016,0.009,0.9440072010544919,-0.32992484652912113,1.0,1.0,0.0,0.0,0.0,43.262190319101684,0.07753413138971606,0.3,99.99999116141497,110.0000000724156,0.5000001404944353,54.996207120359514,0.19945342949505407,0.0017,0.0018,0.0079,0.0107
682,1762746514.7711208,0.03004087362445977,-0.03253999439851333,0.2255002290104196,0.0008978811136765877,0.0022785346722018675,-0.0014691958875647573,-0.007629404904410031,0.0008974650283674649,0.92,-0.272,1.03,1.0,0.013,-0.018,0.002,0.172,0.413,0.011,0.057,0.009,0.005,0.975,-0.305,1.248,1.0,0.015,-0.017,0.002,0.171,0.394,0.007,0.02,0.034,-0.001,0.92,-0.272,1.03,1.0,0.013,-0.018,0.002,0.172,0.413,0.011,0.057,0.009,0.005,0.9570355972958091,-0.28997045626865836,1.0,1.0,0.0,0.0,0.0,43.26589896928125,0.07753095887574125,0.3,99.99999110425716,110.00000007237978,0.5000001412186689,54.99624931036966,0.19966392567265398,0.0011,0.0012,0.0061,0.0053
683,1762746514.836966,0.027120408899589242,-0.029325937315512793,0.22460217396886012,0.0009699941326770771,-0.014602323624352657,0.01607028541500269,-0.004490275207797547,0.00036056509500244675,0.926,-0.253,1.031,1.0,0.014,-0.017,0.002,0.125,0.371,0.022,0.035,0.025,0.002,0.985,-0.28,1.248,1.0,0.015,-0.017,0.002,0.147,0.372,-0.001,0.002,0.023,-0.001,0.926,-0.253,1.031,1.0,0.014,-0.017,0.002,0.125,0.371,0.022,0.035,0.025,0.002,0.9683737802329241,-0.24950395138633877,1.0,1.0,0.0,0.0,0.0,43.27406512941989,0.07752609422604247,0.3,99.99999103824922,110.00000007233264,0.5000001421387393,54.996363145650605,0.1981940054215339,0.0007,0.0011,0.0049,0.0059
684,1762746514.9027658,0.025213264692224988,-0.027339818203161427,0.22549195077841172,0.0010588244449204456,-0.009535721036821281,0.00993059556175682,0.004448884047757972,0.0004441515612168428,0.934,-0.229,1.032,1.0,0.014,-0.016,0.002,0.1,0.33,0.013,0.015,0.025,0.003,0.993,-0.258,1.247,1.0,0.015,-0.016,0.002,0.113,0.318,-0.014,-0.017,0.027,-0.001,0.934,-0.229,1.032,1.0,0.014,-0.016,0.002,0.1,0.33,0.013,0.015,0.025,0.003,0.978001725587011,-0.20859679946928403,1.0,1.0,0.0,0.0,0.0,43.28086750269195,0.0775297279839374,0.3,99.99999092313926,110.00000007224843,0.5000001437708573,54.9964815950097,0.19599067762112385,0.0011,0.0009,0.0051,0.0046
685,1762746514.9705222,0.023584520295206916,-0.02729605726482052,0.22617383399347826,0.0012717810013810127,-0.008143721985090368,0.00021880469170452305,0.003409416075332672,0.0010647827823028365,0.94,-0.208,1.032,1.0,0.013,-0.015,0.003,0.089,0.291,0.002,-0.011,0.026,0.002,1.0,-0.237,1.246,1.0,0.014,-0.015,0.002,0.085,0.27,-0.021,-0.025,0.027,-0.001,0.94,-0.208,1.032,1.0,0.013,-0.015,0.003,0.089,0.291,0.002,-0.011,0.026,0.002,0.9859024295168592,-0.16732124632799755,1.0,1.0,0.0,0.0,0.0,43.284748615076445,0.07753896527311892,0.3,99.9999907872881,110.00000007215192,0.5000001457381374,54.9965559613575,0.19317897700162873,0.0008,0.0017,0.0062,0.0046
686,1762746515.0358236,0.02427839108374753,-0.02690818220297502,0.22657499243829457,0.0009716501209316778,0.003469353942703061,0.0019393753092275083,0.0020057922240813617,-0.0015006544022466743,0.944,-0.194,1.031,1.0,0.013,-0.014,0.002,0.071,0.288,-0.003,-0.015,0.031,-0.008,1.006,-0.217,1.244,1.0,0.013,-0.014,0.002,0.074,0.275,-0.028,-0.027,0.021,-0.001,0.944,-0.194,1.031,1.0,0.013,-0.014,0.002,0.071,0.288,-0.003,-0.015,0.031,-0.008,0.9920619386492264,-0.12575018840359037,1.0,1.0,0.0,0.0,0.0,43.28709871510626,0.07754847343755382,0.3,99.99999084770059,110.00000007219849,0.5000001448575347,54.99661335188379,0.1917458492877076,0.0008,0.001,0.0046,0.0053
687,1762746515.1125402,0.02095021438137081,-0.02626413110424451,0.226678524828914,0.001126424467919552,-0.016640883511883593,0.003220255493652558,0.0005176619530973658,0.0007738717349393724,0.949,-0.177,1.031,1.0,0.012,-0.013,0.002,0.055,0.242,-0.004,-0.025,0.028,0.004,1.011,-0.198,1.242,1.0,0.012,-0.013,0.002,0.054,0.239,-0.028,-0.018,0.01,-0.001,0.949,-0.177,1.031,1.0,0.012,-0.013,0.002,0.055,0.242,-0.004,-0.025,0.028,0.004,0.9964693747217872,-0.08395704402592095,1.0,1.0,0.0,0.0,0.0,43.2892088072324,0.07755976184258097,0.3,99.99999063204888,110.0000000720426,0.5000001480327682,54.996676689176496,0.18926164603328496,0.0017,0.0017,0.0077,0.0106
688,1762746515.1683843,0.01935100580125736,-0.025433704341299684,0.2275310382660034,0.0012360263113777505,-0.00799604290056726,0.004152133814724103,0.004262567185446945,0.0005480092172909917,0.951,-0.165,1.03,1.0,0.011,-0.013,0.002,0.046,0.225,-0.014,-0.027,0.022,0.005,1.014,-0.181,1.24,1.0,0.011,-0.013,0.002,0.039,0.224,-0.03,-0.02,0.007,-0.001,0.951,-0.165,1.03,1.0,0.011,-0.013,0.002,0.046,0.225,-0.014,-0.027,0.022,0.005,0.9991169537951469,-0.04201562375005775,1.0,1.0,0.0,0.0,0.0,43.28820116068691,0.07754830623337661,0.3,99.99999036596212,110.00000007184951,0.5000001519537619,54.996702622180095,0.18754097016579893,0.0008,0.001,0.0046,0.0046
689,1762746515.2358665,0.020022839049438333,-0.02265109511345189,0.229138144621717,0.001114820347017128,0.0033591662409048536,0.013913046139238942,0.008035531778567964,-0.000606029821803112,0.954,-0.148,1.028,1.0,0.01,-0.013,0.002,0.025,0.222,-0.033,-0.022,0.012,-0.001,1.017,-0.164,1.238,1.0,0.011,-0.013,0.002,0.032,0.274,-0.037,-0.029,0.011,-0.001,0.954,-0.148,1.028,1.0,0.01,-0.013,0.002,0.025,0.222,-0.033,-0.022,0.012,-0.001,1.0,-4.898587196589413e-16,1.0,1.0,0.0,0.0,0.0,43.28104282660935,0.07747542683702585,0.3,99.99999026116646,110.00000007177171,0.5000001534911579,54.99673789768279,0.18698316514139324,0.001,0.0011,0.005,0.0047
690,1762746515.310648,0.014200167088262765,-0.01840154997748081,0.2299040929949959,0.0016545742857224236,-0.029113359805877828,0.02124772567985542,0.0038297418663944417,0.0026987696935264795,0.954,-0.135,1.025,1.0,0.009,-0.012,0.003,-0.005,0.164,-0.042,-0.028,0.002,0.015,1.018,-0.148,1.236,1.0,0.01,-0.012,0.002,0.012,0.235,-0.023,-0.016,0.016,-0.001,0.954,-0.135,1.025,1.0,0.009,-0.012,0.003,-0.005,0.164,-0.042,-0.028,0.002,0.015,1.0,-4.898587196589413e-16,1.0,1.0,0.0,0.0,0.0,43.27031258244501,0.07735817312753249,0.3,99.99998968730587,110.00000007133946,0.5000001620908993,54.99690346007162,0.18540239739144704,0.0017,0.0018,0.008,0.0083
691,1762746515.37076,0.01726777753494776,-0.01964615672502652,0.22846372342207202,0.0017128982606443024,0.015338052233424972,-0.006223033737728551,-0.00720184786461958,0.0002916198746093935,0.954,-0.12,1.024,1.0,0.009,-0.012,0.003,-0.001,0.194,-0.022,-0.018,0.013,0.004,1.018,-0.133,1.235,1.0,0.009,-0.011,0.002,-0.004,0.223,-0.006,-0.032,0.036,-0.002,0.954,-0.12,1.024,1.0,0.009,-0.012,0.003,-0.001,0.194,-0.022,-0.018,0.013,0.004,0.9887640449438202,-4.843546891009757e-16,1.0,1.0,0.0,0.0,0.0,43.263575464770064,0.07729432634613397,0.2998826184081426,99.99998940992751,110.00000007111731,0.500000166536671,54.99688769542637,0.18549034511475368,0.0008,0.0012,0.0049,0.0062
692,1762746515.4350019,0.021108459801623517,-0.024855481549474392,0.22718498361441647,0.0013405153008859598,0.019203411333378786,-0.026046624122239362,-0.00639369903827764,-0.0018619147987917117,0.955,-0.114,1.024,1.0,0.008,-0.011,0.002,0.017,0.204,-0.003,-0.025,0.025,-0.007,1.017,-0.119,1.235,1.0,0.008,-0.01,0.002,-0.014,0.163,0.003,-0.013,0.018,-0.002,0.955,-0.114,1.024,1.0,0.008,-0.011,0.002,0.017,0.204,-0.003,-0.025,0.025,-0.007,0.9775280898876404,-4.788506585430101e-16,1.0,1.0,0.0,0.0,0.0,43.26165107143444,0.07728507425119065,0.2989620856014267,99.99998951532973,110.00000007121697,0.5000001645159666,54.99667956889936,0.18507559656991926,0.0008,0.001,0.0045,0.0046
693,1762746515.497669,0.021508484102887967,-0.02157188559099681,0.22615938144039743,0.001096382872883533,0.0020001215063222286,0.01641797979238791,-0.005128010870095324,-0.0012206621400121347,0.951,-0.096,1.025,1.0,0.007,-0.01,0.002,-0.024,0.188,0.01,-0.018,0.024,-0.005,1.016,-0.105,1.235,1.0,0.008,-0.01,0.002,-0.027,0.174,0.005,0.01,-0.011,-0.001,0.951,-0.096,1.025,1.0,0.007,-0.01,0.002,-0.024,0.188,0.01,-0.018,0.024,-0.005,0.9662921348314607,-4.733466279850443e-16,1.0,1.0,0.0,0.0,0.0,43.26396602883605,0.07729788417428854,0.2996962741465438,99.99998957881593,110.0000000712727,0.5000001633615393,54.99660988854116,0.18501693609106765,0.0004,0.0006,0.003,0.003
694,1762746515.5655465,0.020748435134775225,-0.021560915910646385,0.2266490232425481,0.0011601017160519068,-0.0038002448405636893,5.4848401752124326e-05,0.0024482090107534097,0.00031859421584186853,0.95,-0.087,1.026,1.0,0.007,-0.01,0.002,-0.014,0.186,0.004,-0.001,0.005,0.003,1.013,-0.093,1.235,1.0,0.009,-0.01,0.002,-0.043,0.184,0.0,0.024,-0.008,-0.001,0.95,-0.087,1.026,1.0,0.007,-0.01,0.002,-0.014,0.186,0.004,-0.001,0.005,0.003,0.9550561797752809,-4.678425974270787e-16,1.0,1.0,0.0,0.0,0.0,43.26482433039224,0.07730375599087266,0.2992211330875312,99.99998938640148,110.00000007111473,0.500000166546764,54.99642760440954,0.1845536096266169,0.0006,0.0007,0.0036,0.0033
695,1762746515.6320686,0.02252691845243534,-0.02151662148523458,0.22654766092443349,0.0009900975280921025,0.00889241658830058,0.00022147212705900948,-0.0005068115905731095,-0.0008500209397990212,0.949,-0.073,1.026,1.0,0.007,-0.01,0.002,-0.017,0.193,0.005,0.001,-0.001,-0.004,1.01,-0.081,1.235,1.0,0.01,-0.011,0.002,-0.048,0.146,-0.002,0.015,-0.003,-0.001,0.949,-0.073,1.026,1.0,0.007,-0.01,0.002,-0.017,0.193,0.005,0.001,-0.001,-0.004,0.9438202247191011,-4.623385668691131e-16,1.0,1.0,0.0,0.0,0.0,43.2657845602127,0.07730955261418346,0.2983473889228707,99.99998946698469,110.00000007117812,0.5000001652418203,54.99617240540091,0.18386783200035495,0.001,0.0006,0.0032,0.0032
696,1762746515.698165,0.02129674014189631,-0.01762295916694626,0.2278843110699526,0.0009398257957686686,-0.006150891552695124,0.019468311591441592,0.006683250727595643,-0.00025135866161717004,0.945,-0.059,1.025,1.0,0.008,-0.01,0.002,-0.044,0.185,-0.011,0.018,-0.008,-0.001,1.006,-0.069,1.235,1.0,0.01,-0.011,0.002,-0.072,0.162,-0.005,0.018,-0.0,-0.001,0.945,-0.059,1.025,1.0,0.008,-0.01,0.002,-0.044,0.185,-0.011,0.018,-0.008,-0.001,0.9325842696629214,-4.568345363111475e-16,1.0,1.0,0.0,0.0,0.0,43.26233141875928,0.07730968510330674,0.2974415849853957,99.99998948392886,110.00000007119124,0.5000001650482778,54.99599588674482,0.18306921788949868,0.0005,0.0008,0.0032,0.0032
697,1762746515.7656028,0.01965398805683547,-0.016300570584261355,0.22884092273866483,0.000984453914733557,-0.008213760425304202,0.006611942913424531,0.00478305834356107,0.00022314059482444212,0.942,-0.051,1.025,1.0,0.009,-0.01,0.002,-0.056,0.173,-0.0,0.015,0.003,0.001,1.0,-0.059,1.235,1.0,0.011,-0.01,0.001,-0.078,0.134,0.0,0.004,0.017,-0.001,0.942,-0.051,1.025,1.0,0.009,-0.01,0.002,-0.056,0.173,-0.0,0.015,0.003,0.001,0.9213483146067416,-4.513305057531819e-16,1.0,1.0,0.0,0.0,0.0,43.26145893239813,0.07731212058261465,0.2970238902097392,99.9999894259404,110.00000007114778,0.5000001660094016,54.995826067766174,0.18231208189649195,0.0005,0.0007,0.003,0.0041
698,1762746515.8324215,0.020029481141911793,-0.01508754090410689,0.22610500135562073,0.00071393291828262,0.001877465425381638,0.006065148400772335,-0.013679606915220424,-0.0013526049822546848,0.937,-0.038,1.026,1.0,0.009,-0.01,0.002,-0.071,0.166,0.008,0.007,0.013,-0.01,0.994,-0.05,1.235,1.0,0.011,-0.009,0.001,-0.085,0.115,0.01,-0.006,0.025,-0.001,0.937,-0.038,1.026,1.0,0.009,-0.01,0.002,-0.071,0.166,0.008,0.007,0.013,-0.01,0.9101123595505618,-4.458264751952162e-16,1.0,1.0,0.0,0.0,0.0,43.26128293223302,0.07731445166005892,0.29680525897542614,99.99998969904291,110.00000007135468,0.5000001618730924,54.99566463087839,0.1816667307489491,0.0006,0.0008,0.0032,0.0037
699,1762746515.89903,0.014843894485717442,-0.0124707375653736,0.22515889786846432,0.0009816901726770026,-0.025927933280971784,0.013084016693666468,-0.004730517435782197,0.0013387862719719125,0.928,-0.03,1.028,1.0,0.009,-0.009,0.002,-0.097,0.12,0.021,0.002,0.023,0.006,0.987,-0.041,1.236,1.0,0.01,-0.009,0.001,-0.114,0.125,0.008,-0.01,0.029,-0.001,0.928,-0.03,1.028,1.0,0.009,-0.009,0.002,-0.097,0.12,0.021,0.002,0.023,0.006,0.898876404494382,-4.4032244463725057e-16,1.0,1.0,0.0,0.0,0.0,43.26628266021504,0.07729075436527137,0.2968112889515503,99.99998944469931,110.00000007116654,0.5000001656600548,54.99567649885255,0.18163079442141591,0.0007,0.0007,0.0035,0.0033
700,1762746515.9656453,0.01445173653342621,-0.0064544025115788484,0.22417617596350534,0.0008101966731747443,-0.0019607897614561595,0.030081675268973762,-0.004913609524795028,-0.0008574674975112916,0.921,-0.024,1.03,1.0,0.009,-0.008,0.002,-0.142,0.118,0.032,-0.008,0.028,-0.006,0.98,-0.034,1.236,1.0,0.01,-0.008,0.001,-0.108,0.097,-0.003,-0.026,0.028,-0.001,0.921,-0.024,1.03,1.0,0.009,-0.008,0.002,-0.142,0.118,0.032,-0.008,0.028,-0.006,0.8876404494382022,-4.3481841407928496e-16,1.0,1.0,0.0,0.0,0.0,43.27557731756219,0.07723329113482222,0.2969036939255733,99.99998960646069,110.00000007128463,0.5000001632649232,54.99576950744633,0.18179679412627714,0.0007,0.0008,0.0031,0.0038
701,1762746516.035867,0.014517688670842343,-0.004921389896205304,0.22697556785369088,0.0007394569803591121,0.0003297606870806685,0.007665063076867722,0.013996959450927767,-0.0003536984640781608,0.91,-0.017,1.029,1.0,0.008,-0.007,0.002,-0.142,0.104,-0.003,-0.023,0.023,-0.005,0.971,-0.027,1.235,1.0,0.009,-0.006,0.001,-0.122,0.091,-0.018,-0.031,0.048,-0.001,0.91,-0.017,1.029,1.0,0.008,-0.007,0.002,-0.142,0.104,-0.003,-0.023,0.023,-0.005,0.8764044943820225,-4.2931438352131935e-16,1.0,1.0,0.0,0.0,0.0,43.27582616433208,0.07723241763154579,0.29722622552323874,99.99998970422718,110.00000007135338,0.5000001618476431,54.9958142014731,0.1821314405716691,0.001,0.0011,0.005,0.0047
702,1762746516.104839,0.011357588105665607,-0.004158660331135995,0.22523929990350958,0.0008738137158688731,-0.01580050282588368,0.003813647825346554,-0.008681339750906474,0.0006717836775488046,0.898,-0.012,1.03,1.0,0.006,-0.006,0.002,-0.155,0.068,0.014,-0.027,0.038,0.001,0.963,-0.021,1.234,1.0,0.008,-0.004,0.001,-0.14,0.089,-0.022,-0.021,0.047,-0.001,0.898,-0.012,1.03,1.0,0.006,-0.006,0.002,-0.155,0.068,0.014,-0.027,0.038,0.001,0.8651685393258427,-4.238103529633537e-16,1.0,1.0,0.0,0.0,0.0,43.280594820006705,0.07720659365777129,0.2971918424795612,99.99998959031501,110.00000007127562,0.5000001634669395,54.99594988407819,0.18253465931476484,0.001,0.0012,0.0052,0.0067
703,1762746516.165684,0.008266701842548371,-0.003254173223904442,0.22476508824824218,0.000279179406398772,-0.015454431315586189,0.0045224355361577675,-0.0023710582763371577,-0.002973171547350505,0.889,-0.01,1.031,1.0,0.006,-0.005,0.002,-0.169,0.05,0.021,-0.028,0.047,-0.0,0.954,-0.016,1.232,1.0,0.007,-0.003,0.001,-0.13,0.072,-0.028,-0.023,0.032,-0.001,0.889,-0.01,1.031,1.0,0.006,-0.005,0.002,-0.169,0.05,0.021,-0.028,0.047,-0.0,0.8539325842696629,-4.1830632240538807e-16,1.0,1.0,0.0,0.0,0.0,43.28836698207829,0.07716898015335609,0.2971988681288824,99.99998949548221,110.00000007120657,0.5000001648134165,54.99611472840011,0.18284109368636417,0.0011,0.0009,0.0031,0.0032
704,1762746516.2322743,0.008771667888654026,-0.0041298593309388254,0.22507443722180603,0.0004333719998855695,0.0025248302305282827,-0.004378430535171918,0.001546744867819245,0.0007709629674339871,0.876,-0.006,1.032,1.0,0.005,-0.003,0.002,-0.166,0.056,0.016,-0.024,0.044,-0.003,0.944,-0.011,1.23,1.0,0.006,-0.002,0.001,-0.135,0.065,-0.039,-0.031,0.022,-0.0,0.876,-0.006,1.032,1.0,0.005,-0.003,0.002,-0.166,0.056,0.016,-0.024,0.044,-0.003,0.8426966292134832,-4.128022918474224e-16,1.0,1.0,0.0,0.0,0.0,43.295310847100446,0.07714525540754444,0.2974707749599583,99.99998949593699,110.00000007120326,0.500000164832431,54.99618486754263,0.18301797906780004,0.0007,0.0007,0.0036,0.0032
705,1762746516.3027816,0.007924380273432178,-0.004652530850306655,0.22764804842736025,0.0005989964085953937,-0.004236438076109239,-0.002613357596839146,0.012868056027770913,0.0008281220435491205,0.865,-0.003,1.03,1.0,0.004,-0.002,0.002,-0.158,0.042,-0.016,-0.027,0.024,-0.001,0.935,-0.007,1.226,1.0,0.005,-0.002,0.001,-0.124,0.052,-0.044,-0.019,0.006,-0.0,0.865,-0.003,1.03,1.0,0.004,-0.002,0.002,-0.158,0.042,-0.016,-0.027,0.024,-0.001,0.8314606741573034,-4.072982612894568e-16,1.0,1.0,0.0,0.0,0.0,43.293342349546386,0.07714756986132927,0.29756903093883064,99.99998942594554,110.00000007115136,0.50000016586439,54.996230546359946,0.1830957681176015,0.0005,0.0007,0.0041,0.0068
706,1762746516.371453,0.0070274434731208,-0.006148661246769181,0.2285008198765705,8.041993701505266e-05,-0.0044846840015568944,-0.007480651982312631,0.004263857246051295,-0.002592882357901705,0.858,-0.001,1.029,1.0,0.003,-0.002,0.002,-0.147,0.035,-0.029,-0.022,0.016,-0.0,0.925,-0.003,1.223,1.0,0.004,-0.002,0.001,-0.126,0.047,-0.043,-0.013,-0.004,-0.001,0.858,-0.001,1.029,1.0,0.003,-0.002,0.002,-0.147,0.035,-0.029,-0.022,0.016,-0.0,0.8202247191011236,-4.017942307314912e-16,1.0,1.0,0.0,0.0,0.0,43.28663898664571,0.07714171327989942,0.29771788965174406,99.99998931230382,110.0000000710677,0.5000001675222783,54.99623217336663,0.1829561993822493,0.001,0.0012,0.0051,0.0068
707,1762746516.4380448,0.007335267227955656,-0.007475923166234131,0.22975915708094846,0.00028334423441318314,0.001539118774174281,-0.006636309597324755,0.006291686021889843,0.0010146214869906523,0.848,0.002,1.025,1.0,0.003,-0.002,0.002,-0.136,0.039,-0.041,-0.019,0.005,-0.003,0.915,0.001,1.22,1.0,0.004,-0.002,0.001,-0.141,0.047,-0.039,-0.011,-0.012,-0.0,0.848,0.002,1.025,1.0,0.003,-0.002,0.002,-0.136,0.039,-0.041,-0.019,0.005,-0.003,0.8089887640449438,-3.9629020017352553e-16,1.0,1.0,0.0,0.0,0.0,43.27539676317698,0.07711966202107051,0.29786984593332766,99.99998925517978,110.00000007102,0.5000001684528333,54.99617756158166,0.18252743627988058,0.001,0.0011,0.0051,0.0068
708,1762746516.4985166,0.00699505722415626,-0.007422850157617887,0.23035696328756639,0.00048188982774997034,-0.001701050018996981,0.00026536504308121356,0.0029890310330895273,0.0009927279666839361,0.838,0.004,1.022,1.0,0.002,-0.002,0.002,-0.133,0.035,-0.046,-0.012,-0.008,-0.001,0.905,0.004,1.218,1.0,0.004,-0.002,0.001,-0.155,0.046,-0.025,-0.007,-0.016,-0.0,0.838,0.004,1.022,1.0,0.002,-0.002,0.002,-0.133,0.035,-0.046,-0.012,-0.008,-0.001,0.797752808988764,-3.907861696155599e-16,1.0,1.0,0.0,0.0,0.0,43.26128875173124,0.07709072998003527,0.2979659142360969,99.99998917241092,110.0000000709563,0.5000001697150714,54.99611881168593,0.18201619493212978,0.0006,0.0007,0.0031,0.0035
709,1762746516.5657682,0.006223239625179432,-0.009829840976444603,0.23065109922924493,0.0007350414273542955,-0.003859087994884146,-0.012034954094133583,0.0014706797083927081,0.0012657579980216256,0.833,0.006,1.019,1.0,0.002,-0.003,0.002,-0.111,0.034,-0.046,-0.003,-0.018,0.003,0.894,0.007,1.217,1.0,0.003,-0.003,0.001,-0.151,0.039,-0.004,-0.003,-0.011,-0.0,0.833,0.006,1.019,1.0,0.002,-0.003,0.002,-0.111,0.034,-0.046,-0.003,-0.018,0.003,0.7865168539325843,-3.8528213905759425e-16,1.0,1.0,0.0,0.0,0.0,43.24568945166259,0.07707945833367977,0.29799311256112926,99.99998900936002,110.00000007083686,0.500000172056964,54.996008949296666,0.18094756867897174,0.0007,0.0007,0.0035,0.0035
710,1762746516.6327906,0.007300181218053229,-0.009635478550464151,0.22897578728201495,0.0005366872185366222,0.005384707964368981,0.0009718121299022566,-0.008376559736149931,-0.000991771044088366,0.822,0.009,1.018,1.0,0.002,-0.003,0.001,-0.12,0.038,-0.023,-0.009,-0.013,-0.005,0.884,0.009,1.217,1.0,0.003,-0.003,0.001,-0.158,0.036,0.015,-0.005,-0.019,-0.001,0.822,0.009,1.018,1.0,0.002,-0.003,0.001,-0.12,0.038,-0.023,-0.009,-0.013,-0.005,0.7752808988764045,-3.7977810849962864e-16,1.0,1.0,0.0,0.0,0.0,43.23547193591715,0.07709793332212052,0.29841161099223584,99.99998900788191,110.00000007082616,0.5000001722599565,54.995906619450594,0.1802776868955849,0.0007,0.0007,0.0038,0.0035
711,1762746516.698503,0.006119990449629867,-0.007836656208128942,0.22769999785816444,0.0007165106901655569,-0.005900953842116807,0.008994111711676037,-0.006378947119252555,0.0008991173581446739,0.812,0.011,1.018,1.0,0.002,-0.004,0.002,-0.128,0.029,-0.004,-0.004,-0.016,0.001,0.873,0.012,1.219,1.0,0.003,-0.004,0.001,-0.154,0.03,0.027,0.0,-0.015,-0.001,0.812,0.011,1.018,1.0,0.002,-0.004,0.002,-0.128,0.029,-0.004,-0.004,-0.016,0.001,0.7640449438202247,-3.7427407794166303e-16,1.0,1.0,0.0,0.0,0.0,43.23061382790831,0.07712325543311281,0.29880210213284863,99.99998890572584,110.00000007075323,0.5000001737219334,54.9958393300999,0.1798128949224919,0.0006,0.0007,0.0031,0.0034
712,1762746516.7650938,0.007082783868237718,-0.007798719516059583,0.22695012699268124,0.0005504073101683801,0.0048139670930392574,0.0001896834603468036,-0.00374935432741595,-0.0008305168999858841,0.806,0.013,1.018,1.0,0.002,-0.004,0.001,-0.128,0.037,0.008,-0.004,-0.016,-0.004,0.862,0.014,1.221,1.0,0.003,-0.004,0.001,-0.162,0.026,0.031,-0.002,-0.001,-0.001,0.806,0.013,1.018,1.0,0.002,-0.004,0.001,-0.128,0.037,0.008,-0.004,-0.016,-0.004,0.752808988764045,-3.6877004738369737e-16,1.0,1.0,0.0,0.0,0.0,43.229350461212306,0.07713283824124562,0.2993687187656872,99.99998891730407,110.00000007075379,0.5000001737072817,54.99574593238378,0.17907870891023342,0.0008,0.0007,0.0031,0.0032
713,1762746516.8386707,0.005929727456541526,-0.0038366048235225596,0.2253986250777748,0.000568044190467126,-0.005765282058480963,0.01981057346268512,-0.007757509574532159,8.818440149373013e-05,0.794,0.015,1.02,1.0,0.002,-0.005,0.001,-0.157,0.026,0.027,-0.003,-0.006,0.001,0.85,0.015,1.223,1.0,0.003,-0.004,0.001,-0.163,0.022,0.031,0.002,0.005,-0.001,0.794,0.015,1.02,1.0,0.002,-0.005,0.001,-0.157,0.026,0.027,-0.003,-0.006,0.001,0.7415730337078652,-3.632660168257317e-16,1.0,1.0,0.0,0.0,0.0,43.23404575398309,0.07707643918541714,0.2995183572209141,99.999988880116,110.0000000707319,0.5000001741743191,54.99572248384965,0.17894113520746815,0.0011,0.0012,0.0052,0.0069
714,1762746516.9049728,0.005408446458736302,-0.002815580438502889,0.22521055925469452,-0.0001118206753567254,-0.0026064049890261167,0.0051051219250983545,-0.000940329115401374,-0.003399324329119256,0.786,0.016,1.022,1.0,0.002,-0.005,0.001,-0.161,0.026,0.029,0.001,-0.001,-0.0,0.838,0.017,1.225,1.0,0.003,-0.004,0.001,-0.166,0.018,0.024,-0.001,0.021,-0.001,0.786,0.016,1.022,1.0,0.002,-0.005,0.001,-0.161,0.026,0.029,0.001,-0.001,-0.0,0.7303370786516854,-3.577619862677661e-16,1.0,1.0,0.0,0.0,0.0,43.24031753673511,0.07698740124599439,0.3,99.99998885981084,110.00000007071726,0.5000001744403149,54.99568567725627,0.17871114381947367,0.001,0.0012,0.0051,0.007
715,1762746516.9650764,0.006542367507204872,-0.002193018193679863,0.2241630850336351,9.393437537030049e-05,0.005669605242342848,0.003112811224115132,-0.0052373711052970465,0.0010287752536351294,0.773,0.017,1.025,1.0,0.002,-0.004,0.001,-0.172,0.021,0.039,-0.0,0.011,0.001,0.825,0.018,1.227,1.0,0.003,-0.003,0.001,-0.181,0.015,0.015,-0.006,0.026,-0.0,0.773,0.017,1.025,1.0,0.002,-0.004,0.001,-0.172,0.021,0.039,-0.0,0.011,0.001,0.7191011235955056,-3.522579557098005e-16,1.0,1.0,0.0,0.0,0.0,43.25029518478338,0.07683750917732943,0.3,99.9999888445874,110.0000000707095,0.5000001746208308,54.995668270974306,0.17863044735501482,0.0005,0.0008,0.0032,0.0033
716,1762746517.038303,0.00496644562597507,-0.0004120556825083807,0.22393842507013434,8.396099163017568e-05,-0.007879609406149004,0.008904812555857414,-0.001123299817503907,-4.986691870062401e-05,0.758,0.018,1.028,1.0,0.001,-0.003,0.001,-0.192,0.013,0.039,-0.006,0.026,-0.005,0.813,0.019,1.227,1.0,0.003,-0.002,0.001,-0.164,0.011,-0.0,0.001,0.021,-0.0,0.758,0.018,1.028,1.0,0.001,-0.003,0.001,-0.192,0.013,0.039,-0.006,0.026,-0.005,0.7078651685393258,-3.4675392515183487e-16,1.0,1.0,0.0,0.0,0.0,43.26159177013744,0.07666950718727145,0.2996860663300396,99.99998890503365,110.00000007075141,0.5000001738315845,54.99569193910054,0.17861329622179806,0.0011,0.0012,0.0052,0.0067
717,1762746517.0990567,0.00596586068276126,0.0008694146961365046,0.22502063445521503,0.00026154213899803576,0.004997075283930948,0.006407351893224427,0.005411046925403287,0.0008879057368393004,0.743,0.019,1.029,1.0,0.001,-0.002,0.001,-0.197,0.013,0.023,0.0,0.022,0.002,0.8,0.02,1.227,1.0,0.003,-0.001,0.001,-0.182,0.008,-0.016,-0.003,0.023,-0.0,0.743,0.019,1.029,1.0,0.001,-0.002,0.001,-0.197,0.013,0.023,0.0,0.022,0.002,0.6966292134831461,-3.412498945938692e-16,1.0,1.0,0.0,0.0,0.0,43.269311197285916,0.07656509256387133,0.2996836646248556,99.99998890668837,110.00000007075516,0.5000001737417624,54.995705529561775,0.17861029694293112,0.0007,0.0006,0.0033,0.0037
718,1762746517.171851,0.003977610705844137,-1.9566446482607446e-05,0.22500417143827572,0.0003720515901234466,-0.009941249884585614,-0.00444490571309556,-8.231508469670225e-05,0.000552547255627054,0.733,0.02,1.03,1.0,0.001,-0.001,0.001,-0.197,0.008,0.02,-0.002,0.031,0.001,0.788,0.02,1.225,1.0,0.003,-0.0,0.001,-0.177,0.005,-0.025,-0.001,0.02,-0.0,0.733,0.02,1.03,1.0,0.001,-0.001,0.001,-0.197,0.008,0.02,-0.002,0.031,0.001,0.6853932584269663,-3.3574586403590354e-16,1.0,1.0,0.0,0.0,0.0,43.276542819467885,0.07648455603220876,0.2996244500765829,99.99998890505525,110.00000007075933,0.5000001737213932,54.99571711742065,0.178475293549261,0.001,0.0012,0.0053,0.007
719,1762746517.2322211,0.0038356703069937475,0.0017239554195517645,0.22688832148662372,0.0003377433581085533,-0.0007097019942519395,0.00871760933017186,0.009420750241740022,-0.00017154116007446626,0.717,0.02,1.029,1.0,0.001,-0.001,0.001,-0.204,0.011,-0.004,-0.002,0.022,-0.003,0.775,0.02,1.223,1.0,0.003,0.0,0.001,-0.196,0.002,-0.039,-0.008,0.009,-0.0,0.717,0.02,1.029,1.0,0.001,-0.001,0.001,-0.204,0.011,-0.004,-0.002,0.022,-0.003,0.6741573033707865,-3.3024183347793793e-16,1.0,1.0,0.0,0.0,0.0,43.277366979002885,0.07647757796560468,0.2997560585600085,99.99998894469091,110.00000007078982,0.5000001732023891,54.99572322244311,0.17839155007028068,0.0006,0.0009,0.0033,0.0033
720,1762746517.2979555,0.0026924362415852677,0.001028005262465991,0.2281295171843415,0.0004252279225901009,-0.005716170327042403,-0.0034797507854288667,0.006205978488588827,0.0004374228224077381,0.703,0.02,1.027,1.0,0.001,-0.0,0.001,-0.194,0.003,-0.02,-0.002,0.014,0.001,0.761,0.02,1.22,1.0,0.002,0.0,0.001,-0.201,-0.002,-0.041,-0.009,0.011,-0.0,0.703,0.02,1.027,1.0,0.001,-0.0,0.001,-0.194,0.003,-0.02,-0.002,0.014,0.001,0.6629213483146068,-3.247378029199723e-16,1.0,1.0,0.0,0.0,0.0,43.27301096385032,0.07650129844101446,0.29981013162046055,99.99998892585988,110.00000007077685,0.5000001734189228,54.99572486198654,0.17843120479477068,0.0004,0.0007,0.0029,0.0032
721,1762746517.365341,0.0014685243938010945,-0.0013844819011695963,0.2284258675187349,-0.000205892184295255,-0.0061195592389208684,-0.012062435818177937,0.0014817516719671546,-0.0031556005344267795,0.695,0.02,1.026,1.0,0.001,0.0,0.001,-0.18,-0.006,-0.024,-0.007,0.013,-0.0,0.749,0.02,1.218,1.0,0.002,0.001,0.001,-0.188,-0.004,-0.032,-0.01,0.003,-0.0,0.695,0.02,1.026,1.0,0.001,0.0,0.001,-0.18,-0.006,-0.024,-0.007,0.013,-0.0,0.651685393258427,-3.192337723620067e-16,1.0,1.0,0.0,0.0,0.0,43.2667094584011,0.07652157825914468,0.29986479357849644,99.99998888960467,110.00000007075093,0.500000173921042,54.995720245710686,0.1783782074027567,0.0006,0.0008,0.0031,0.0035
722,1762746517.4323585,0.00034479952183097363,-0.0017888095722842382,0.228845180277261,-0.0006630870335079871,-0.005618624359850604,-0.002021638355573209,0.0020965637926307528,-0.0022859742460636604,0.681,0.019,1.024,1.0,0.001,0.0,0.001,-0.178,-0.012,-0.027,-0.009,0.008,0.0,0.736,0.02,1.216,1.0,0.002,0.0,0.001,-0.154,-0.006,-0.02,-0.013,-0.008,-0.0,0.681,0.019,1.024,1.0,0.001,0.0,0.001,-0.178,-0.012,-0.027,-0.009,0.008,0.0,0.6404494382022472,-3.1372974180404104e-16,1.0,1.0,0.0,0.0,0.0,43.258846283528975,0.07653715796794267,0.3,99.9999888557848,110.00000007072909,0.5000001744074036,54.99571867402052,0.17836867884002666,0.0007,0.0008,0.0036,0.0033
723,1762746517.498732,0.0007506358592209068,-0.0004388928186159361,0.22837972662700776,-0.0003838104944977438,0.002029181686949666,0.00674958376834151,-0.0023272682512661814,0.0013963826950512165,0.672,0.018,1.023,1.0,0.0,0.0,0.001,-0.186,-0.012,-0.02,-0.013,0.001,-0.002,0.723,0.019,1.215,1.0,0.001,0.0,0.001,-0.185,-0.008,-0.012,-0.018,-0.015,0.001,0.672,0.018,1.023,1.0,0.0,0.0,0.001,-0.186,-0.012,-0.02,-0.013,0.001,-0.002,0.6292134831460674,-3.082257112460754e-16,1.0,1.0,0.0,0.0,0.0,43.25221385738346,0.07654780192244064,0.3,99.99998883449754,110.00000007071358,0.5000001747251349,54.99571805441791,0.1784482726443222,0.0007,0.0009,0.003,0.0035
724,1762746517.5701683,-0.0010234754399821354,-0.0023852955667975125,0.2296905659824911,-9.655551592450056e-05,-0.008870556496015211,-0.009732013740907881,0.006554196777416699,0.0014362748928662163,0.661,0.015,1.02,1.0,-0.001,-0.0,0.001,-0.163,-0.029,-0.032,-0.017,-0.013,0.001,0.711,0.019,1.214,1.0,0.001,-0.0,0.001,-0.18,-0.009,-0.003,-0.009,-0.003,0.0,0.661,0.015,1.02,1.0,-0.001,-0.0,0.001,-0.163,-0.029,-0.032,-0.017,-0.013,0.001,0.6179775280898876,-3.0272168068810977e-16,1.0,1.0,0.0,0.0,0.0,43.241608736619085,0.07657008379431973,0.299862706030564,99.99998879085268,110.00000007068353,0.5000001753637403,54.99572510520686,0.178240278656331,0.0007,0.0007,0.0045,0.0069
725,1762746517.6322353,-0.0020319858853619,-0.004082587552440345,0.2277016206829229,0.0003661085249158828,-0.005042552226898824,-0.00848645992821416,-0.009944726497841143,0.0023133202042019164,0.653,0.014,1.02,1.0,-0.001,-0.0,0.002,-0.161,-0.033,-0.008,-0.019,-0.005,0.005,0.698,0.018,1.214,1.0,0.0,-0.0,0.001,-0.183,-0.01,0.01,-0.011,-0.007,0.0,0.653,0.014,1.02,1.0,-0.001,-0.0,0.002,-0.161,-0.033,-0.008,-0.019,-0.005,0.005,0.6067415730337079,-2.9721765013014416e-16,1.0,1.0,0.0,0.0,0.0,43.236779437329105,0.07658508048813897,0.299946138125397,99.99998873829985,110.00000007064796,0.5000001761438799,54.99572939163275,0.1781678294047661,0.0006,0.0008,0.0034,0.0034
726,1762746517.7049239,-4.0080977168812076e-05,-0.005410090409149386,0.225443507125223,0.0002425255599173853,0.009959524540965438,-0.006637514283545202,-0.011290567788499326,-0.0006179148249924875,0.641,0.012,1.023,1.0,-0.001,-0.0,0.001,-0.159,-0.013,0.021,-0.013,0.003,-0.006,0.685,0.017,1.215,1.0,-0.0,-0.001,0.001,-0.169,-0.009,0.013,-0.011,-0.013,0.0,0.641,0.012,1.023,1.0,-0.001,-0.0,0.001,-0.159,-0.013,0.021,-0.013,0.003,-0.006,0.5955056179775281,-2.9171361957217854e-16,1.0,1.0,0.0,0.0,0.0,43.24071661524359,0.07656531863151152,0.3,99.99998871096571,110.00000007062594,0.5000001765749311,54.99571073485329,0.178233261859801,0.001,0.0012,0.005,0.0069
727,1762746517.7659278,-0.0004372265960873201,-0.002158479496409279,0.22696066159478104,0.00027976923508075805,-0.0019857280945925386,0.016258054563700528,0.007585772347790129,0.0001862183758168639,0.628,0.011,1.023,1.0,-0.001,-0.001,0.001,-0.172,-0.017,0.004,-0.009,-0.012,-0.002,0.672,0.017,1.216,1.0,-0.0,-0.001,0.001,-0.177,-0.009,0.008,-0.001,-0.016,0.0,0.628,0.011,1.023,1.0,-0.001,-0.001,0.001,-0.172,-0.017,0.004,-0.009,-0.012,-0.002,0.5842696629213483,-2.862095890142129e-16,1.0,1.0,0.0,0.0,0.0,43.24079364120124,0.07656473930232074,0.3,99.9999886941079,110.00000007061189,0.5000001768346666,54.99570632099864,0.1782554713616341,0.0011,0.0009,0.0031,0.0036
728,1762746517.8327117,-0.001138621707571722,-0.002974205036600592,0.2271812342749465,0.0005153156628170151,-0.003506975557422009,-0.004078627700956563,0.0011028634008270874,0.001177732138681285,0.62,0.01,1.023,1.0,-0.002,-0.001,0.001,-0.159,-0.024,-0.001,-0.009,-0.018,0.006,0.659,0.016,1.217,1.0,-0.0,-0.002,0.001,-0.186,-0.009,0.008,0.004,0.0,-0.0,0.62,0.01,1.023,1.0,-0.002,-0.001,0.001,-0.159,-0.024,-0.001,-0.009,-0.018,0.006,0.5730337078651686,-2.807055584562472e-16,1.0,1.0,0.0,0.0,0.0,43.23917562261469,0.0765759236112174,0.3,99.99998864433617,110.00000007057791,0.5000001774714047,54.995699206623776,0.1780617718327936,0.0007,0.0009,0.0036,0.0034
729,1762746517.8982856,0.0010510215712911776,-5.537437895314617e-05,0.229017409734327,0.00046862813590997925,0.010948216394314498,0.01459415328823723,0.00918087729690245,-0.0002334376345351787,0.606,0.009,1.023,1.0,-0.002,-0.002,0.001,-0.178,-0.001,0.0,0.003,-0.014,-0.002,0.646,0.016,1.217,1.0,-0.0,-0.002,0.001,-0.189,-0.008,0.008,0.001,0.003,-0.001,0.606,0.009,1.023,1.0,-0.002,-0.002,0.001,-0.178,-0.001,0.0,0.003,-0.014,-0.002,0.5617977528089888,-2.752015278982816e-16,1.0,1.0,0.0,0.0,0.0,43.23779849171261,0.0765860543505986,0.3,99.99998864549622,110.00000007058041,0.5000001774928126,54.995687790397135,0.17783904714803708,0.0006,0.0007,0.0031,0.0032
730,1762746517.965197,0.0024079849106657747,-0.0007688215818005945,0.22565845961704295,0.00038223517230685127,0.006784816696872986,-0.003567236014237238,-0.016794750586420076,-0.0004319648180156399,0.592,0.01,1.024,1.0,-0.002,-0.001,0.001,-0.179,0.003,0.015,0.001,0.004,-0.004,0.633,0.015,1.218,1.0,-0.0,-0.001,0.001,-0.171,-0.007,0.017,0.006,0.014,-0.0,0.592,0.01,1.024,1.0,-0.002,-0.001,0.001,-0.179,0.003,0.015,0.001,0.004,-0.004,0.550561797752809,-2.69697497340316e-16,1.0,1.0,0.0,0.0,0.0,43.238975525198846,0.07657561654931831,0.3,99.9999886637386,110.00000007059039,0.5000001773223326,54.995676420656764,0.17772257404474032,0.0007,0.0007,0.0031,0.0033
731,1762746518.034194,0.002409058916223981,0.0002617221267010362,0.2263051943703648,0.0003208766825129587,5.370027791032047e-06,0.0051527185425081536,0.003233673766609371,-0.0003067924489694625,0.578,0.01,1.025,1.0,-0.001,-0.001,0.001,-0.187,0.005,0.01,0.003,0.006,-0.004,0.619,0.014,1.219,1.0,0.0,-0.001,0.001,-0.168,-0.007,0.011,0.01,0.009,-0.0,0.578,0.01,1.025,1.0,-0.001,-0.001,0.001,-0.187,0.005,0.01,0.003,0.006,-0.004,0.5393258426966292,-2.6419346678235033e-16,1.0,1.0,0.0,0.0,0.0,43.24012470759397,0.0765635114758615,0.3,99.99998868574158,110.00000007060228,0.5000001771024597,54.995668178092586,0.17770020123477914,0.0005,0.0008,0.0041,0.0048
732,1762746518.0983107,0.00031206960135328433,-0.0005853314682701897,0.22531355244275036,0.0005710173627832779,-0.010484946574353483,-0.004235267974856129,-0.004958209638072347,0.0012507034013515953,0.569,0.01,1.026,1.0,-0.001,-0.001,0.001,-0.184,-0.004,0.021,0.015,0.013,0.007,0.606,0.014,1.22,1.0,0.001,-0.0,0.001,-0.198,-0.008,0.01,0.01,0.01,-0.0,0.569,0.01,1.026,1.0,-0.001,-0.001,0.001,-0.184,-0.004,0.021,0.015,0.013,0.007,0.5280898876404494,-2.586894362243847e-16,1.0,1.0,0.0,0.0,0.0,43.24474646683472,0.07651286701636684,0.3,99.99998861468826,110.0000000705591,0.5000001778989237,54.99566546615486,0.1776095665613578,0.0005,0.0008,0.0031,0.0032
733,1762746518.1653972,-4.287613152744005e-05,0.0002072740273962434,0.22468385508453997,0.0005375699223690456,-0.0017747286644036234,0.003963027478332165,-0.003148486791052033,-0.000167237202071161,0.553,0.01,1.028,1.0,-0.0,-0.0,0.001,-0.194,0.003,0.028,0.019,0.017,-0.001,0.592,0.013,1.22,1.0,0.001,-0.0,0.001,-0.193,-0.009,0.003,-0.002,0.002,-0.001,0.553,0.01,1.028,1.0,-0.0,-0.0,0.001,-0.194,0.003,0.028,0.019,0.017,-0.001,0.5168539325842697,-2.531854056664191e-16,1.0,1.0,0.0,0.0,0.0,43.25234360937704,0.07643073566697975,0.3,99.99998861302181,110.00000007055705,0.5000001779376044,54.99566410017856,0.17731889594521924,0.0006,0.0009,0.0033,0.0033
734,1762746518.2385523,0.00018123577129391472,-0.0004905350710029815,0.22644911163132914,0.0005127620712861599,0.0011205595141067738,-0.003489045491996124,0.008826282733945779,-0.0001240392554144295,0.54,0.01,1.028,1.0,-0.001,-0.0,0.001,-0.181,-0.007,0.005,0.001,0.005,-0.001,0.578,0.013,1.22,1.0,0.001,-0.0,0.001,-0.21,-0.01,-0.011,-0.007,0.003,-0.001,0.54,0.01,1.028,1.0,-0.001,-0.0,0.001,-0.181,-0.007,0.005,0.001,0.005,-0.001,0.5056179775280899,-2.4768137510845345e-16,1.0,1.0,0.0,0.0,0.0,43.25425005382663,0.07641206342002188,0.3,99.99998860255697,110.00000007054906,0.5000001780918769,54.99566244378362,0.17733949718129421,0.0011,0.0012,0.0052,0.0069
735,1762746518.3026192,-0.003705593338697375,0.0018158322753259624,0.22434743550708225,0.0007919427738667852,-0.019434145549956445,0.01153183673164472,-0.010508380621234294,0.0013959035129031273,0.53,0.008,1.029,1.0,-0.0,0.0,0.001,-0.198,-0.029,0.029,0.003,0.004,0.01,0.565,0.012,1.219,1.0,0.0,-0.0,0.001,-0.178,-0.009,-0.012,-0.005,0.002,-0.001,0.53,0.008,1.029,1.0,-0.0,0.0,0.001,-0.198,-0.029,0.029,0.003,0.004,0.01,0.4943820224719101,-2.4217734455048784e-16,1.0,1.0,0.0,0.0,0.0,43.262944814195116,0.07634414121735189,0.29997234067428097,99.99998846162714,110.00000007046383,0.5000001797076037,54.99567000916531,0.17739822477612074,0.0005,0.0007,0.004,0.0068
736,1762746518.3651793,-0.0024006099780198888,0.0028379087382560597,0.2264200560552366,0.0007488756656309017,0.006524916803387428,0.005110382314650486,0.01036310274077171,-0.00021533554117941724,0.52,0.008,1.028,1.0,-0.001,0.0,0.001,-0.2,-0.019,0.005,-0.003,0.002,0.001,0.551,0.011,1.218,1.0,-0.0,0.0,0.001,-0.194,-0.01,-0.026,-0.02,0.01,-0.001,0.52,0.008,1.028,1.0,-0.001,0.0,0.001,-0.2,-0.019,0.005,-0.003,0.002,0.001,0.4831460674157304,-2.3667331399252217e-16,1.0,1.0,0.0,0.0,0.0,43.26591324964138,0.07632651729373056,0.3,99.99998842173757,110.00000007044143,0.5000001802089812,54.995667206886104,0.1775103429456823,0.0006,0.0007,0.0032,0.0033
737,1762746518.435513,-0.0025622558724501454,0.004109187599169312,0.2273572842499881,2.704123638973949e-05,-0.0008082294721512813,0.006356394304566259,0.004686140973757379,-0.0036091721462058112,0.499,0.005,1.027,1.0,-0.001,0.0,0.001,-0.205,-0.024,-0.009,-0.009,0.008,0.0,0.538,0.011,1.216,1.0,-0.001,0.001,0.001,-0.203,-0.01,-0.03,-0.013,0.015,-0.001,0.499,0.005,1.027,1.0,-0.001,0.0,0.001,-0.205,-0.024,-0.009,-0.009,0.008,0.0,0.4719101123595506,-2.3116928343455656e-16,1.0,1.0,0.0,0.0,0.0,43.26449099382239,0.07633158165426401,0.3,99.99998839459138,110.00000007042885,0.5000001805547234,54.99567184019641,0.17760780720980196,0.0005,0.0007,0.003,0.0073
738,1762746518.5052314,-0.001671119411244383,0.0020815193509524923,0.22767797345964985,-0.000500635223115018,0.004455682306028811,-0.010138341241084092,0.0016034460483087018,-0.002638382297523788,0.49,0.004,1.026,1.0,-0.002,0.001,0.001,-0.196,-0.023,-0.013,-0.014,0.013,-0.0,0.524,0.01,1.214,1.0,-0.001,0.001,0.001,-0.202,-0.009,-0.027,-0.009,0.016,-0.0,0.49,0.004,1.026,1.0,-0.002,0.001,0.001,-0.196,-0.023,-0.013,-0.014,0.013,-0.0,0.4606741573033708,-2.256652528765909e-16,1.0,1.0,0.0,0.0,0.0,43.26147701530263,0.07633522300926579,0.29997372031401487,99.999988374308,110.00000007041153,0.5000001808233613,54.995674648087665,0.17762292448008807,0.001,0.0012,0.0052,0.007
739,1762746518.567585,-0.0024616544219708113,0.004012126533645655,0.2277561825794029,0.00018116227362082132,-0.003952675053632143,0.009653035913465809,0.00039104559876499594,0.003408987483679196,0.475,0.002,1.025,1.0,-0.002,0.001,0.002,-0.212,-0.026,-0.013,-0.008,0.016,0.009,0.511,0.009,1.212,1.0,-0.001,0.001,0.001,-0.177,-0.006,-0.021,-0.001,0.002,0.001,0.475,0.002,1.025,1.0,-0.002,0.001,0.002,-0.212,-0.026,-0.013,-0.008,0.016,0.009,0.449438202247191,-2.2016122231862529e-16,1.0,1.0,0.0,0.0,0.0,43.25805513942159,0.07633391748221621,0.3,99.99998829362829,110.00000007035922,0.5000001818629441,54.99567911618499,0.17767604842556806,0.0006,0.0008,0.0053,0.0035
740,1762746518.6386082,-0.00031001640808187274,0.001042368602601782,0.22903915893409843,-0.00023977001935091718,0.010758190069444692,-0.014848789655219364,0.006414881773477743,-0.002104661464858692,0.466,0.001,1.023,1.0,-0.002,0.002,0.002,-0.188,-0.008,-0.027,-0.006,0.005,0.0,0.498,0.009,1.211,1.0,-0.001,0.002,0.001,-0.2,-0.006,-0.018,0.003,0.005,0.0,0.466,0.001,1.023,1.0,-0.002,0.002,0.002,-0.188,-0.008,-0.027,-0.006,0.005,0.0,0.4382022471910112,-2.1465719176065967e-16,1.0,1.0,0.0,0.0,0.0,43.250178955965694,0.07632216720524392,0.2999771040190145,99.9999882623496,110.00000007034085,0.5000001822912321,54.99567808503265,0.17765565054617208,0.0011,0.0012,0.0053,0.0071
741,1762746518.6993468,0.002037176315531506,4.476792936546764e-05,0.22767328787172136,-0.0001903908552717745,0.011735963618066891,-0.004988003366181571,-0.00682935531188548,0.0002468958203957132,0.451,0.001,1.022,1.0,-0.002,0.002,0.001,-0.189,0.006,-0.01,-0.003,0.013,-0.006,0.484,0.009,1.21,1.0,-0.001,0.001,0.001,-0.174,-0.003,-0.006,0.01,-0.008,0.0,0.451,0.001,1.022,1.0,-0.002,0.002,0.001,-0.189,0.006,-0.01,-0.003,0.013,-0.006,0.4269662921348315,-2.0915316120269401e-16,1.0,1.0,0.0,0.0,0.0,43.24617468940448,0.07631534483480754,0.3,99.99998826620703,110.0000000703422,0.5000001822628968,54.99567641829433,0.17765644737098912,0.0008,0.0007,0.0033,0.0038
742,1762746518.7661502,0.0010525740639270567,0.001944379542613141,0.22682197569896037,-3.6688585884023586e-05,-0.004923011258022245,0.009498058066238366,-0.004256560863804783,0.0007685113469387546,0.442,0.001,1.023,1.0,-0.002,0.002,0.001,-0.2,0.002,0.002,0.012,0.004,-0.002,0.471,0.008,1.21,1.0,-0.0,0.001,0.001,-0.183,-0.003,-0.002,0.019,-0.015,0.0,0.442,0.001,1.023,1.0,-0.002,0.002,0.001,-0.2,0.002,0.002,0.012,0.004,-0.002,0.4157303370786517,-2.036491306447284e-16,1.0,1.0,0.0,0.0,0.0,43.24575585648398,0.07631540409271698,0.3,99.99998825333894,110.00000007033331,0.5000001824379854,54.995672710359635,0.17780490577868108,0.0007,0.0008,0.0039,0.0034
743,1762746518.832923,0.003591925756512534,0.0017349722032148442,0.2273697164727535,-0.00015146540997758702,0.012696758462927386,-0.0010470366969914826,0.002738703868965686,-0.0005738841204678171,0.429,0.003,1.022,1.0,-0.001,0.001,0.001,-0.185,0.028,-0.003,0.018,-0.009,-0.01,0.459,0.008,1.21,1.0,0.0,0.001,0.001,-0.196,-0.003,-0.002,0.014,-0.004,0.0,0.429,0.003,1.022,1.0,-0.001,0.001,0.001,-0.185,0.028,-0.003,0.018,-0.009,-0.01,0.4044943820224719,-1.9814510008676274e-16,1.0,1.0,0.0,0.0,0.0,43.2440919574596,0.07631499240363405,0.29995017962837595,99.99998824544998,110.00000007032695,0.5000001825365351,54.99567541762644,0.17761866984425104,0.0007,0.0008,0.0035,0.0039
744,1762746518.899928,0.005277754589481266,0.0005600421256498501,0.22716528608359451,-3.891546583807985e-05,0.008429144164843657,-0.00587465038782497,-0.001022151945794918,0.0005627497206975357,0.416,0.005,1.022,1.0,-0.001,0.001,0.001,-0.178,0.032,-0.001,0.014,-0.007,-0.003,0.446,0.008,1.21,1.0,0.001,0.001,0.001,-0.188,-0.003,0.002,0.018,0.002,0.0,0.416,0.005,1.022,1.0,-0.001,0.001,0.001,-0.178,0.032,-0.001,0.014,-0.007,-0.003,0.3932584269662922,-1.9264106952879713e-16,1.0,1.0,0.0,0.0,0.0,43.24277814768074,0.07631515043115732,0.3,99.99998822759645,110.00000007031593,0.500000182772426,54.995675024654915,0.17752932279637224,0.0006,0.0007,0.004,0.0039
745,1762746518.971851,0.0022163240523307166,0.00124813308061353,0.22689600113485175,-0.0005397181597145899,-0.015307152685752742,0.0034404547748184,-0.0013464247437137674,-0.0025040134693825496,0.407,0.005,1.022,1.0,-0.0,0.001,0.001,-0.187,0.013,0.003,0.02,-0.003,-0.0,0.433,0.008,1.21,1.0,0.001,0.001,0.001,-0.161,-0.004,0.002,0.017,-0.001,0.0,0.407,0.005,1.022,1.0,-0.0,0.001,0.001,-0.187,0.013,0.003,0.02,-0.003,-0.0,0.3820224719101124,-1.8713703897083151e-16,1.0,1.0,0.0,0.0,0.0,43.24260620087934,0.07631571463675471,0.3,99.99998821340225,110.0000000703007,0.5000001829678179,54.99567294841391,0.1775836872971786,0.0008,0.0007,0.0058,0.0072
746,1762746519.0375018,0.0024171285771687314,-0.002056802375914775,0.22675706902757461,-0.000290824866891556,0.0010040226241900766,-0.016524677282641523,-0.0006946605363856733,0.001244466464115169,0.394,0.007,1.022,1.0,0.001,0.001,0.001,-0.166,0.025,0.005,0.024,0.003,-0.002,0.42,0.007,1.21,1.0,0.002,0.001,0.001,-0.184,-0.007,0.003,0.002,-0.002,0.001,0.394,0.007,1.022,1.0,0.001,0.001,0.001,-0.166,0.025,0.005,0.024,0.003,-0.002,0.3707865168539326,-1.8163300841286585e-16,1.0,1.0,0.0,0.0,0.0,43.24310473964552,0.0763158763834308,0.3,99.99998818805345,110.0000000702846,0.5000001833020876,54.99567523334082,0.17742655273946656,0.0006,0.0008,0.0047,0.0071
747,1762746519.1064184,-0.0009382742325087972,0.001727663994581366,0.22916635622782744,-0.0007233643194764095,-0.01677701404838764,0.018922331852480705,0.01204643600126427,-0.0021626972629242673,0.381,0.006,1.019,1.0,0.001,0.001,0.001,-0.191,-0.006,-0.022,0.01,-0.011,0.0,0.407,0.007,1.21,1.0,0.002,0.0,0.001,-0.178,-0.008,0.003,-0.006,-0.014,0.0,0.381,0.006,1.019,1.0,0.001,0.001,0.001,-0.191,-0.006,-0.022,0.01,-0.011,0.0,0.3595505617977528,-1.7612897785490024e-16,1.0,1.0,0.0,0.0,0.0,43.235752770445686,0.07632401797138197,0.3,99.99998817779853,110.00000007027933,0.5000001834395454,54.99567340969492,0.17742130693107785,0.0011,0.0013,0.0056,0.0076
748,1762746519.1690853,-0.0013301422240408534,-0.00319150146955423,0.22765964128873253,-0.0003164203036144608,-0.001959339957660281,-0.024595827320677978,-0.007533574695474347,0.002034720079309743,0.374,0.006,1.02,1.0,0.001,0.001,0.001,-0.151,-0.009,-0.007,-0.003,-0.01,0.002,0.395,0.006,1.211,1.0,0.001,0.0,0.001,-0.166,-0.01,0.012,-0.018,0.002,0.001,0.374,0.006,1.02,1.0,0.001,0.001,0.001,-0.151,-0.009,-0.007,-0.003,-0.01,0.002,0.348314606741573,-1.7062494729693458e-16,1.0,1.0,0.0,0.0,0.0,43.23158886741214,0.07633020652147011,0.3,99.99998817663854,110.0000000702757,0.5000001834867607,54.99567366872535,0.17731764934822827,0.0011,0.0012,0.0034,0.006
749,1762746519.233028,-0.0018181903487564243,-0.003381039374738217,0.22742220104123148,-0.0007430162426248116,-0.0024402406235778536,-0.0009476895259199368,-0.0011872012375053658,-0.0021329796950517533,0.362,0.004,1.02,1.0,0.0,0.0,0.001,-0.157,-0.018,-0.002,-0.011,-0.008,-0.0,0.382,0.005,1.212,1.0,0.0,-0.0,0.001,-0.164,-0.01,0.016,-0.017,-0.012,0.0,0.362,0.004,1.02,1.0,0.0,0.0,0.001,-0.157,-0.018,-0.002,-0.011,-0.008,-0.0,0.3370786516853933,-1.6512091673896897e-16,1.0,1.0,0.0,0.0,0.0,43.229040029100126,0.07633726314701876,0.3,99.99998816224888,110.00000007026698,0.5000001836805074,54.99567378122689,0.17731280184956474,0.0006,0.0008,0.0037,0.0039
750,1762746519.30459,-0.0034305371177333335,-0.00133124765036878,0.22609545352943983,-0.00034552684308883765,-0.008061733844884547,0.010248958621847187,-0.006633737558958306,0.0019874469976798696,0.349,0.001,1.021,1.0,-0.001,0.0,0.001,-0.172,-0.034,0.015,-0.019,-0.006,0.001,0.369,0.005,1.213,1.0,-0.0,-0.001,0.001,-0.209,-0.013,0.024,-0.019,-0.017,0.001,0.349,0.001,1.021,1.0,-0.001,0.0,0.001,-0.172,-0.034,0.015,-0.019,-0.006,0.001,0.3258426966292135,-1.5961688618100335e-16,1.0,1.0,0.0,0.0,0.0,43.23143982127613,0.0763277669809306,0.2999756689713939,99.99998815994958,110.00000007026625,0.500000183718148,54.995673320933875,0.17723581058857166,0.0008,0.0011,0.0059,0.0062
751,1762746519.366384,-0.0037347004126470087,-0.0008174548708956178,0.2265978205456642,-0.00014196337250555705,-0.001520816474568377,0.0025689638973658106,0.0025118350811219295,0.001017817352916403,0.337,-0.0,1.022,1.0,-0.001,-0.001,0.001,-0.161,-0.018,0.009,-0.018,-0.015,-0.002,0.357,0.004,1.215,1.0,-0.001,-0.001,0.001,-0.194,-0.012,0.018,-0.016,-0.002,0.0,0.337,-0.0,1.022,1.0,-0.001,-0.001,0.001,-0.161,-0.018,0.009,-0.018,-0.015,-0.002,0.3146067415730337,-1.541128556230377e-16,1.0,1.0,0.0,0.0,0.0,43.23278275848948,0.07632092422137061,0.3,99.9999881222397,110.00000007024485,0.5000001841906816,54.99567504167902,0.17724951458278188,0.0008,0.0009,0.0037,0.0036
752,1762746519.4332519,-0.004878534134023707,-0.00034822962473198254,0.22643512909719418,0.0003170282769676474,-0.005719168606883493,0.002346126230818175,-0.0008134572423501268,0.002294958247366022,0.329,-0.003,1.022,1.0,-0.002,-0.001,0.002,-0.166,-0.04,0.01,-0.016,-0.013,0.004,0.344,0.003,1.216,1.0,-0.001,-0.001,0.001,-0.194,-0.01,0.015,-0.015,0.004,0.0,0.329,-0.003,1.022,1.0,-0.002,-0.001,0.002,-0.166,-0.04,0.01,-0.016,-0.013,0.004,0.303370786516854,-1.4860882506507208e-16,1.0,1.0,0.0,0.0,0.0,43.23447856565361,0.07631175157282202,0.3,99.9999881336238,110.00000007024907,0.5000001841056964,54.9956744062343,0.1772426626938058,0.0007,0.0008,0.0039,0.0037
753,1762746519.4988847,-0.0011027051730187953,0.0030295332117877055,0.2283351889079154,0.00030376817236891314,0.01887914480502456,0.016888814182598442,0.00950029905360596,-6.630052299367141e-05,0.314,-0.003,1.022,1.0,-0.002,-0.001,0.001,-0.196,-0.014,-0.014,-0.02,0.007,-0.003,0.331,0.002,1.217,1.0,-0.002,-0.001,0.001,-0.169,-0.007,0.011,-0.012,0.008,0.0,0.314,-0.003,1.022,1.0,-0.002,-0.001,0.001,-0.196,-0.014,-0.014,-0.02,0.007,-0.003,0.2921348314606742,-1.4310479450710642e-16,1.0,1.0,0.0,0.0,0.0,43.229538107385814,0.07633771765296136,0.2999100489830271,99.99998811396755,110.00000007023671,0.5000001843591927,54.99567358550283,0.17708805828648075,0.0005,0.0008,0.0033,0.0035
754,1762746519.571923,-0.001589154570054954,0.002639205562325862,0.22715893335623297,0.00039791109624982444,-0.0024322469851807936,-0.0019516382473092168,-0.005881277758412214,0.0004707146194045564,0.301,-0.005,1.022,1.0,-0.003,-0.0,0.001,-0.186,-0.023,-0.001,-0.013,0.006,0.001,0.318,0.002,1.218,1.0,-0.002,-0.0,0.001,-0.172,-0.005,0.018,0.006,0.019,-0.0,0.301,-0.005,1.022,1.0,-0.003,-0.0,0.001,-0.186,-0.023,-0.001,-0.013,0.006,0.001,0.2808988764044944,-1.376007639491408e-16,1.0,1.0,0.0,0.0,0.0,43.22757800991694,0.07634745529197916,0.3,99.99998810771737,110.00000007023212,0.5000001844555881,54.9956668020959,0.17710596183991023,0.0009,0.0012,0.0054,0.0071
755,1762746519.6393218,0.0011887769218742925,0.004628397014769912,0.22615786116039657,0.000331091039442973,0.013889657459646232,0.009945957262220244,-0.005005360979181949,-0.0003341002840342569,0.29,-0.004,1.023,1.0,-0.003,0.0,0.001,-0.202,0.004,0.012,0.001,0.012,-0.004,0.305,0.002,1.219,1.0,-0.002,0.001,0.001,-0.18,-0.003,0.02,0.009,0.018,0.0,0.29,-0.004,1.023,1.0,-0.003,0.0,0.001,-0.202,0.004,0.012,0.001,0.012,-0.004,0.2696629213483146,-1.320967333911752e-16,1.0,1.0,0.0,0.0,0.0,43.22968797546939,0.076335764109685,0.3,99.99998810335585,110.00000007022683,0.5000001845496779,54.99566479872096,0.17702851456034996,0.0011,0.0012,0.0057,0.0073
756,1762746519.699157,0.003234200496520981,0.0053292687588700136,0.22540846378087462,0.0002492580444228809,0.010227117873233441,0.0035043587205005064,-0.0037469868976097286,-0.00040916497510046066,0.275,-0.003,1.025,1.0,-0.002,0.001,0.001,-0.204,0.02,0.022,0.008,0.016,-0.005,0.292,0.002,1.22,1.0,-0.001,0.001,0.001,-0.197,-0.002,0.017,0.021,0.021,0.0,0.275,-0.003,1.025,1.0,-0.002,0.001,0.001,-0.204,0.02,0.022,0.008,0.016,-0.005,0.2584269662921348,-1.2659270283320953e-16,1.0,1.0,0.0,0.0,0.0,43.235341560126955,0.07630398496979376,0.3,99.9999881063051,110.0000000702261,0.500000184573391,54.99566190009393,0.1769808278311786,0.0007,0.0008,0.0034,0.0035
757,1762746519.765843,0.0018855260404467302,0.004463474402845769,0.2245296637919943,0.0004303056702430792,-0.006743372280371255,-0.004328971780121226,-0.004393999944401805,0.0009052381291009914,0.265,-0.002,1.027,1.0,-0.002,0.001,0.001,-0.199,0.011,0.033,0.019,0.027,0.004,0.279,0.001,1.221,1.0,-0.0,0.002,0.001,-0.194,-0.001,0.009,0.027,0.015,0.0,0.265,-0.002,1.027,1.0,-0.002,0.001,0.001,-0.199,0.011,0.033,0.019,0.027,0.004,0.2471910112359551,-1.2108867227524392e-16,1.0,1.0,0.0,0.0,0.0,43.24491250815603,0.07625439474455413,0.3,99.9999880818651,110.00000007021228,0.5000001848541071,54.995661089809595,0.17684173074137569,0.0007,0.0007,0.0036,0.0034
758,1762746519.8380468,0.003014710439815948,0.003008731339085264,0.22531283861269902,0.00041057969953813304,0.0056459219968460865,-0.007273715318802525,0.003915874103523838,-9.862985352473074e-05,0.25,-0.001,1.028,1.0,-0.001,0.002,0.001,-0.185,0.027,0.021,0.023,0.021,-0.002,0.267,0.001,1.221,1.0,0.001,0.002,0.001,-0.199,-0.001,-0.004,0.018,0.004,-0.0,0.25,-0.001,1.028,1.0,-0.001,0.002,0.001,-0.185,0.027,0.021,0.023,0.021,-0.002,0.2359550561797753,-1.1558464171727826e-16,1.0,1.0,0.0,0.0,0.0,43.25196314321296,0.07622593239561697,0.3,99.9999880818142,110.00000007020994,0.500000184894448,54.99566520275301,0.17656335973773396,0.0011,0.0012,0.0055,0.0062
759,1762746519.8989174,-0.0015022067454245405,0.005070368500608173,0.22728954519792122,0.000548582563715355,-0.02258458592620244,0.010308185807614549,0.009883532926110918,0.0006900143208861096,0.236,-0.0,1.027,1.0,-0.0,0.002,0.001,-0.19,0.011,-0.003,0.026,0.009,0.004,0.254,0.001,1.221,1.0,0.001,0.002,0.001,-0.175,-0.002,-0.012,0.011,-0.006,-0.0,0.236,-0.0,1.027,1.0,-0.0,0.002,0.001,-0.19,0.011,-0.003,0.026,0.009,0.004,0.2247191011235955,-1.1008061115931264e-16,1.0,1.0,0.0,0.0,0.0,43.252359018609745,0.07622522328514751,0.3,99.99998804285697,110.00000007018816,0.5000001853406241,54.99566460438018,0.17636867943116835,0.0009,0.0008,0.0033,0.0034
760,1762746519.9727643,-0.002556382207064446,0.0024244717620707738,0.22775286434750802,-0.00010975432685771504,-0.005270877308199525,-0.013229483692686995,0.002316595747934028,-0.00329168445286535,0.225,0.0,1.026,1.0,0.0,0.002,0.001,-0.158,0.006,-0.009,0.013,-0.002,0.0,0.242,0.001,1.22,1.0,0.001,0.002,0.001,-0.159,-0.003,-0.009,-0.012,0.001,-0.001,0.225,0.0,1.026,1.0,0.0,0.002,0.001,-0.158,0.006,-0.009,0.013,-0.002,0.0,0.2134831460674158,-1.0457658060134703e-16,1.0,1.0,0.0,0.0,0.0,43.250331189658475,0.07622545625140831,0.3,99.99998803322194,110.00000007018325,0.5000001854664811,54.995664748728004,0.17620296185838658,0.0011,0.0012,0.0057,0.0073
761,1762746520.0391316,-0.0026359077028530937,0.003798645209920852,0.22839104112839176,0.00018975206931309786,-0.0003976274789432364,0.006870867239250394,0.0031908839044186067,0.001497531980854064,0.217,-0.0,1.026,1.0,0.0,0.002,0.001,-0.165,-0.012,-0.019,0.0,-0.007,0.004,0.23,0.001,1.219,1.0,0.0,0.002,0.001,-0.163,-0.004,-0.004,-0.023,-0.008,-0.0,0.217,-0.0,1.026,1.0,0.0,0.002,0.001,-0.165,-0.012,-0.019,0.0,-0.007,0.004,0.202247191011236,-9.907255004338137e-17,1.0,1.0,0.0,0.0,0.0,43.244927267431855,0.07621832508088869,0.3,99.99998800714107,110.00000007016867,0.5000001857675435,54.99565999843204,0.17618996400710024,0.0011,0.0012,0.0054,0.0073
762,1762746520.0992997,-0.002145875458686791,0.005368335471016318,0.22798016341791727,0.0002666050202746242,0.0024501612208315134,0.00784845130547733,-0.0020543885523725803,0.0003842647548076318,0.208,-0.001,1.025,1.0,-0.0,0.002,0.001,-0.169,-0.016,-0.01,-0.013,-0.003,-0.001,0.218,0.0,1.219,1.0,-0.001,0.002,0.001,-0.157,-0.004,0.004,-0.02,-0.002,-0.0,0.208,-0.001,1.025,1.0,-0.0,0.002,0.001,-0.169,-0.016,-0.01,-0.013,-0.003,-0.001,0.1910112359550562,-9.356851948541576e-17,1.0,1.0,0.0,0.0,0.0,43.24140729566153,0.07621172372187482,0.3,99.99998800952966,110.00000007016888,0.5000001857481619,54.995657508158004,0.17623329753087866,0.0009,0.0008,0.0034,0.0035
763,1762746520.1657293,-0.00328233175110269,0.005779027536780033,0.22804648086482082,0.00040061700329354667,-0.0056822814620794936,0.0020534603288185765,0.00033158723451772116,0.000670059915094612,0.192,-0.005,1.025,1.0,-0.001,0.002,0.001,-0.16,-0.029,-0.008,-0.019,-0.005,0.002,0.206,0.0,1.22,1.0,-0.001,0.002,0.001,-0.175,-0.003,0.011,-0.01,0.006,-0.0,0.192,-0.005,1.025,1.0,-0.001,0.002,0.001,-0.16,-0.029,-0.008,-0.019,-0.005,0.002,0.1797752808988764,-8.80644889274501e-17,1.0,1.0,0.0,0.0,0.0,43.23809960022859,0.07620641234683916,0.29987590955487825,99.99998799724435,110.00000007016193,0.5000001858725343,54.995657395821304,0.17608866885508567,0.0007,0.0007,0.0031,0.0039
764,1762746520.2336373,-0.0007183766084655333,0.010192405853204033,0.22712882259865563,0.0003805664317673557,0.012819775713185785,0.022066891582120003,-0.004588291330825778,-0.00010025285763095497,0.183,-0.005,1.025,1.0,-0.002,0.002,0.001,-0.185,-0.011,0.001,-0.016,0.001,-0.003,0.195,-0.0,1.221,1.0,-0.001,0.002,0.001,-0.181,-0.002,0.018,-0.006,0.012,-0.0,0.183,-0.005,1.025,1.0,-0.002,0.002,0.001,-0.185,-0.011,0.001,-0.016,0.001,-0.003,0.1685393258426966,-8.256045836948448e-17,1.0,1.0,0.0,0.0,0.0,43.2368422755194,0.07620528856101332,0.29986936365458805,99.99998801185109,110.00000007017128,0.5000001857263635,54.995649048665335,0.176205568592168,0.0006,0.0008,0.0042,0.004
765,1762746520.299039,-0.0039615308121956315,0.010287082446080667,0.22606561997320754,0.0005670510856509063,-0.016215771018650495,0.0004733829643831563,-0.005316013127240383,0.0009324232694177537,0.17,-0.007,1.027,1.0,-0.002,0.002,0.001,-0.17,-0.034,0.017,-0.01,0.008,0.006,0.184,-0.0,1.222,1.0,-0.001,0.003,0.001,-0.157,-0.0,0.017,0.005,0.025,-0.0,0.17,-0.007,1.027,1.0,-0.002,0.002,0.001,-0.17,-0.034,0.017,-0.01,0.008,0.006,0.1573033707865169,-7.705642781151887e-17,1.0,1.0,0.0,0.0,0.0,43.24043957092854,0.07620392722959918,0.3,99.99998796177137,110.00000007015043,0.5000001862608714,54.995633843844864,0.17623102428629203,0.0006,0.0008,0.0034,0.0036
766,1762746520.3676507,0.002957302650077605,0.008907196404358775,0.22581208918293424,0.00029438141463423675,0.03459416731136618,-0.006899430208609452,-0.0012676539513662858,-0.0013633483550833476,0.162,-0.005,1.028,1.0,-0.003,0.003,0.001,-0.168,0.017,0.021,-0.009,0.025,-0.011,0.172,-0.0,1.223,1.0,-0.001,0.004,0.001,-0.139,0.001,0.011,-0.003,0.021,-0.001,0.162,-0.005,1.028,1.0,-0.003,0.003,0.001,-0.168,0.017,0.021,-0.009,0.025,-0.011,0.1460674157303371,-7.155239725355321e-17,1.0,1.0,0.0,0.0,0.0,43.24562981579191,0.07619712955541197,0.2998888376408516,99.99998805112345,110.00000007019939,0.5000001853082203,54.995636288864524,0.1762612306073059,0.0007,0.0008,0.0043,0.0043
767,1762746520.4366052,0.004213182038253129,0.01120415827273289,0.22641872363016288,-0.00031574038984538217,0.006279396940877624,0.01148480934187059,0.0030331722361431296,-0.0030506090223980944,0.148,-0.004,1.028,1.0,-0.002,0.004,0.001,-0.177,0.007,0.008,-0.0,0.022,-0.0,0.161,0.0,1.224,1.0,-0.001,0.004,0.001,-0.164,0.003,0.008,0.023,0.012,-0.0,0.148,-0.004,1.028,1.0,-0.002,0.004,0.001,-0.177,0.007,0.008,-0.0,0.022,-0.0,0.1348314606741573,-6.60483666955876e-17,1.0,1.0,0.0,0.0,0.0,43.2473323693518,0.07619382586960108,0.3,99.99998803215153,110.00000007018744,0.5000001855518243,54.99562308029326,0.17644036374978211,0.0012,0.0013,0.0055,0.0043
768,1762746520.4994924,0.004752999658397041,0.009307471567137729,0.22605707652299492,-0.00024276012678413203,0.002699088100719561,-0.009483433527975814,-0.0018082355358398996,0.00036490131530625023,0.137,-0.002,1.029,1.0,-0.002,0.005,0.001,-0.151,0.026,0.009,0.012,0.018,-0.006,0.151,0.0,1.224,1.0,0.0,0.005,0.001,-0.151,0.004,0.005,0.031,0.011,-0.0,0.137,-0.002,1.029,1.0,-0.002,0.005,0.001,-0.151,0.026,0.009,0.012,0.018,-0.006,0.12359550561797761,-6.054433613762193e-17,1.0,1.0,0.0,0.0,0.0,43.24950402162643,0.07619013967893373,0.3,99.99998804026319,110.00000007019129,0.5000001855182066,54.995621257038515,0.17654039903726224,0.0006,0.0008,0.0036,0.0037
769,1762746520.5661695,0.0021271899127871916,0.014161758653083913,0.22643064524330897,0.00011493013239615021,-0.013129048728049243,0.02427143542973092,0.0018678436015701523,0.0017884512959014114,0.128,-0.002,1.029,1.0,-0.001,0.005,0.001,-0.182,0.019,0.001,0.031,0.015,0.006,0.141,0.001,1.224,1.0,0.001,0.005,0.001,-0.147,0.003,0.001,0.029,-0.001,-0.0,0.128,-0.002,1.029,1.0,-0.001,0.005,0.001,-0.182,0.019,0.001,0.031,0.015,0.006,0.1123595505617978,-5.504030557965632e-17,1.0,1.0,0.0,0.0,0.0,43.24977813420724,0.07618940832327731,0.2999676522010085,99.99998800850076,110.00000007017194,0.5000001859108176,54.995603563011464,0.1767662572824757,0.0007,0.0007,0.0036,0.0038
770,1762746520.633439,0.0007026827207231242,0.015831138369777474,0.22566207823925927,0.0001442237744061886,-0.007122535960320338,0.008346898583467812,-0.0038428350202484515,0.00014646821005019194,0.118,-0.0,1.029,1.0,0.0,0.005,0.001,-0.172,0.029,0.003,0.027,0.007,-0.003,0.131,0.001,1.224,1.0,0.002,0.005,0.001,-0.156,0.001,-0.002,0.008,0.019,0.0,0.118,-0.0,1.029,1.0,0.0,0.005,0.001,-0.172,0.029,0.003,0.027,0.007,-0.003,0.101123595505618,-4.953627502169071e-17,1.0,1.0,0.0,0.0,0.0,43.25091662677816,0.07618871967761487,0.3,99.99998799433666,110.00000007015849,0.5000001861214848,54.99558257889222,0.17694568282677525,0.0008,0.0012,0.0037,0.0037
771,1762746520.7054012,0.005657063562013078,0.01145694542273757,0.22549617973649522,0.00013086552319806468,0.024771904206449768,-0.02187096473519952,-0.000829492513820201,-6.679125604061958e-05,0.112,0.002,1.029,1.0,0.0,0.005,0.001,-0.133,0.046,-0.004,0.015,0.008,-0.006,0.122,0.001,1.224,1.0,0.002,0.006,0.001,-0.121,-0.001,-0.009,-0.008,0.025,0.0,0.112,0.002,1.029,1.0,0.0,0.005,0.001,-0.133,0.046,-0.004,0.015,0.008,-0.006,0.0898876404494382,-4.4032244463725097e-17,1.0,1.0,0.0,0.0,0.0,43.25108292820234,0.07618881936380414,0.3,99.99998797918771,110.0000000701436,0.5000001863841413,54.99558181124422,0.1769419931687124,0.0007,0.001,0.0056,0.0072
772,1762746520.7700224,0.003081906880326217,0.011036884097524964,0.2247034750645551,0.0002894032122359025,-0.012875783408434305,-0.0021003066260630327,-0.003963523359700695,0.0007926884451891894,0.1,0.004,1.027,1.0,0.0,0.006,0.001,-0.14,0.009,-0.004,0.001,0.018,0.002,0.113,0.001,1.223,1.0,0.002,0.006,0.001,-0.116,-0.003,-0.016,0.008,0.0,0.0,0.1,0.004,1.027,1.0,0.0,0.006,0.001,-0.14,0.009,-0.004,0.001,0.018,0.002,0.0786516853932584,-3.8528213905759386e-17,1.0,1.0,0.0,0.0,0.0,43.252248413480025,0.07619382617837366,0.3,99.99998796515378,110.00000007013642,0.5000001865470947,54.995574201447965,0.17712338523047186,0.0009,0.0011,0.0054,0.0053
773,1762746520.8337014,-0.00032490480848399285,0.01249904149207007,0.22467842959653653,0.0004760330683047236,-0.01703405844405105,0.007310786972725531,-0.00012522734009296627,0.0009331492803441052,0.089,0.002,1.026,1.0,0.0,0.006,0.001,-0.139,-0.01,-0.011,-0.001,0.008,0.005,0.105,0.0,1.221,1.0,0.002,0.006,0.001,-0.112,-0.005,-0.029,0.001,-0.01,-0.0,0.089,0.002,1.026,1.0,0.0,0.006,0.001,-0.139,-0.01,-0.011,-0.001,0.008,0.005,0.0674157303370787,-3.3024183347793773e-17,1.0,1.0,0.0,0.0,0.0,43.25313719752003,0.07620200653293727,0.3,99.99998795016184,110.00000007012643,0.5000001866747784,54.99555926981702,0.1773174226214117,0.0005,0.0007,0.0037,0.0048
774,1762746520.9018652,-0.0001221314855144053,0.00960034899102497,0.22414628653226504,0.0005520117383367108,0.001013866614847936,-0.014493462505225504,-0.002660715321357506,0.0003798933501599359,0.082,0.003,1.024,1.0,0.001,0.006,0.001,-0.106,0.005,-0.022,0.007,-0.003,0.002,0.097,-0.0,1.219,1.0,0.002,0.006,0.001,-0.099,-0.006,-0.04,-0.013,-0.006,0.0,0.082,0.003,1.024,1.0,0.001,0.006,0.001,-0.106,0.005,-0.022,0.007,-0.003,0.002,0.0561797752808989,-2.752015278982816e-17,1.0,1.0,0.0,0.0,0.0,43.252585308073705,0.07619661723937736,0.3,99.99998792593901,110.00000007011097,0.5000001869705071,54.995567484854604,0.17729460462453897,0.0011,0.0013,0.0053,0.0034
775,1762746520.972234,-0.003152395566607198,0.013275852620110322,0.2224579909717794,0.0004030366800614265,-0.015151320405463962,0.018377518145426756,-0.008441477802428246,-0.0007448752913764218,0.076,0.003,1.023,1.0,0.0,0.006,0.001,-0.134,-0.0,-0.02,-0.002,-0.002,-0.005,0.09,-0.001,1.215,1.0,0.001,0.006,0.001,-0.088,-0.007,-0.051,-0.015,-0.01,-0.001,0.076,0.003,1.023,1.0,0.0,0.006,0.001,-0.134,-0.0,-0.02,-0.002,-0.002,-0.005,0.0449438202247191,-2.2016122231862548e-17,1.0,1.0,0.0,0.0,0.0,43.25494313603399,0.07624984140184028,0.3,99.99998796478565,110.0000000701342,0.5000001865347774,54.99553373211718,0.17787747852242153,0.0006,0.0013,0.0054,0.0075
776,1762746521.0382304,-0.00502253847460548,0.009405798134732683,0.22389459558187383,0.0005089062937967228,-0.009350714539991409,-0.019350272426888193,0.0071830230504721865,0.0005293480686764814,0.07,-0.0,1.019,1.0,-0.0,0.006,0.001,-0.093,-0.025,-0.043,-0.02,-0.01,0.003,0.084,-0.001,1.211,1.0,0.0,0.006,0.001,-0.092,-0.009,-0.081,-0.024,0.003,-0.0,0.07,-0.0,1.019,1.0,-0.0,0.006,0.001,-0.093,-0.025,-0.043,-0.02,-0.01,0.003,0.03370786516853941,-1.6512091673896936e-17,1.0,1.0,0.0,0.0,0.0,43.25426896799768,0.07623523487103252,0.3,99.99998794892487,110.00000007012574,0.5000001866796644,54.9955468414053,0.17754461060429216,0.0009,0.0012,0.0057,0.0063
777,1762746521.101031,-0.003872041346019283,0.005915454456167769,0.22596039938118337,-0.00015446224053525,0.005752485642930984,-0.017451718392824576,0.010329018996547649,-0.0033168426716598635,0.065,-0.003,1.012,1.0,-0.001,0.005,0.001,-0.072,-0.029,-0.081,-0.02,-0.007,-0.0,0.077,-0.002,1.204,1.0,-0.001,0.005,0.001,-0.082,-0.008,-0.094,-0.027,-0.009,-0.001,0.065,-0.003,1.012,1.0,-0.001,0.005,0.001,-0.072,-0.029,-0.081,-0.02,-0.007,-0.0,0.022471910112359605,-1.1008061115931225e-17,1.0,1.0,0.0,0.0,0.0,43.24486885525041,0.0758430551482959,0.3,99.99998795953684,110.0000000701342,0.5000001865352915,54.99557634457163,0.1773431624743529,0.0006,0.0008,0.0052,0.0038
778,1762746521.1672266,-0.007682553419240848,0.005863418420393451,0.22607124975448553,0.00029720965555742236,-0.01905256036610782,-0.0002601801788715899,0.0005542518665107559,0.0022583594804633615,0.06,-0.006,1.008,1.0,-0.002,0.005,0.001,-0.074,-0.062,-0.098,-0.025,-0.01,0.01,0.072,-0.002,1.197,1.0,-0.002,0.005,0.001,-0.072,-0.007,-0.094,-0.016,-0.022,-0.0,0.06,-0.006,1.008,1.0,-0.002,0.005,0.001,-0.074,-0.062,-0.098,-0.025,-0.01,0.01,0.011235955056179803,-5.5040305579656124e-18,1.0,1.0,0.0,0.0,0.0,43.23227982153606,0.07513990486496938,0.3,99.99998794317911,110.00000007012838,0.500000186632402,54.99559284966314,0.17713999144424034,0.0006,0.0008,0.0038,0.0046
779,1762746521.2382913,-0.004685118636937624,0.005789117560910718,0.2276847578243779,0.0003225010385697915,0.014987173911516119,-0.00037150429741365917,0.008067540349461697,0.0001264569150618458,0.056,-0.007,0.998,1.0,-0.002,0.004,0.001,-0.062,-0.03,-0.118,-0.018,-0.022,-0.002,0.066,-0.003,1.19,1.0,-0.002,0.004,0.001,-0.072,-0.005,-0.106,-0.023,-0.022,-0.0,0.056,-0.007,0.998,1.0,-0.002,0.004,0.001,-0.062,-0.03,-0.118,-0.018,-0.022,-0.002,0.0,0.0,1.0,1.0,0.0,0.0,0.0,43.21591559215047,0.07400780769257487,0.3,99.99998796935736,110.0000000701416,0.5000001863180003,54.99561352813642,0.17714295461966253,0.0006,0.0012,0.0053,0.0072
780,1762746521.305065,-0.0026448657014088643,0.004007676228980364,0.22457584947207154,0.0003063828892888029,0.010201264677643793,-0.008907206659651766,-0.015544541761531732,-8.059074640494267e-05,0.053,-0.009,0.993,1.0,-0.003,0.004,0.001,-0.05,-0.025,-0.086,-0.021,-0.018,-0.003,0.061,-0.003,1.182,1.0,-0.003,0.003,0.001,-0.067,-0.002,-0.102,-0.007,-0.013,-0.0,0.053,-0.009,0.993,1.0,-0.003,0.004,0.001,-0.05,-0.025,-0.086,-0.021,-0.018,-0.003,0.0,0.0,1.0,1.0,0.0,0.0,0.0,43.21002822641415,0.07353135390868439,0.3,99.99998799551497,110.00000007015656,0.5000001860301283,54.99564354700036,0.17698159574811498,0.0007,0.0008,0.0056,0.0073
781,1762746521.372361,-0.0026707785827162303,0.002146589720478,0.22775666533622532,0.0005058068864482598,-0.00012956440653683152,-0.009305432542511819,0.015904079320768896,0.0009971199857972844,0.051,-0.011,0.986,1.0,-0.004,0.003,0.001,-0.032,-0.027,-0.125,-0.012,-0.026,0.005,0.057,-0.003,1.174,1.0,-0.003,0.003,0.001,-0.076,0.002,-0.137,0.011,-0.017,-0.0,0.051,-0.011,0.986,1.0,-0.004,0.003,0.001,-0.032,-0.027,-0.125,-0.012,-0.026,0.005,0.0,0.0,0.9898876404494382,1.0,0.0,0.0,0.0,43.19616758766857,0.07217961661863938,0.3,99.99998796116743,110.0000000701363,0.5000001864002265,54.99568693802112,0.17690383404657328,0.0011,0.0012,0.0054,0.0073
782,1762746521.4328094,-0.0016021424786369916,0.004011696647114097,0.22655208231063093,0.0006048720913663445,0.005343180520396193,0.00932553463318048,-0.006022915127972093,0.0004953260245904241,0.048,-0.011,0.98,1.0,-0.003,0.002,0.001,-0.045,-0.011,-0.118,-0.002,-0.023,0.003,0.052,-0.003,1.166,1.0,-0.002,0.002,0.001,-0.06,0.005,-0.11,0.013,-0.019,-0.001,0.048,-0.011,0.98,1.0,-0.003,0.002,0.001,-0.045,-0.011,-0.118,-0.002,-0.023,0.003,0.0,0.0,0.9797752808988764,1.0,0.0,0.0,0.0,43.18506937992906,0.07093650827194968,0.3,99.99998792208427,110.00000007011357,0.5000001868462693,54.99570247502551,0.17698684427723438,0.0007,0.0009,0.0033,0.0038
783,1762746521.4998336,-0.0009375909224788104,0.006121290737712086,0.2242138552274104,0.0007781204312095688,0.003322757780790906,0.010547970452989944,-0.01169113541610246,0.0008662416992161213,0.044,-0.01,0.973,1.0,-0.003,0.002,0.001,-0.06,-0.002,-0.09,0.012,-0.011,0.007,0.048,-0.002,1.158,1.0,-0.002,0.002,0.001,-0.056,0.007,-0.107,0.014,-0.006,-0.001,0.044,-0.01,0.973,1.0,-0.003,0.002,0.001,-0.06,-0.002,-0.09,0.012,-0.011,0.007,0.0,0.0,0.9696629213483146,1.0,0.0,0.0,0.0,43.183969580264176,0.07082950412310986,0.29994495417969314,99.99998782398971,110.00000007005691,0.5000001879704274,54.9956929826168,0.1769307828069547,0.001,0.0007,0.0036,0.0037
784,1762746521.5711958,0.002864178723633211,0.0047396430461777205,0.22753866671981424,0.0006173023555582605,0.019008848230560104,-0.006908238457671826,0.016624057462019153,-0.000804090378256541,0.042,-0.007,0.963,1.0,-0.002,0.001,0.001,-0.039,0.027,-0.129,0.014,-0.017,-0.004,0.044,-0.002,1.15,1.0,-0.001,0.002,0.001,-0.057,0.009,-0.127,0.015,0.009,-0.001,0.042,-0.007,0.963,1.0,-0.002,0.001,0.001,-0.039,0.027,-0.129,0.014,-0.017,-0.004,0.0,0.0,0.9595505617977528,1.0,0.0,0.0,0.0,43.17449933799844,0.06953146477630168,0.3,99.99998783430331,110.00000007006052,0.5000001879005418,54.99571190735279,0.17685973225324916,0.0011,0.0012,0.0053,0.0062
785,1762746521.6386578,0.0070995730834441,0.008181215665274466,0.22550272796227158,0.0002717700664491349,0.021176971799054447,0.017207863095483722,-0.010179693787713207,-0.0017276614455456274,0.035,-0.005,0.955,1.0,-0.002,0.002,0.001,-0.076,0.048,-0.11,0.012,0.005,-0.012,0.04,-0.001,1.141,1.0,-0.001,0.002,0.001,-0.057,0.011,-0.131,0.027,0.008,-0.001,0.035,-0.005,0.955,1.0,-0.002,0.002,0.001,-0.076,0.048,-0.11,0.012,0.005,-0.012,0.0,0.0,0.949438202247191,1.0,0.0,0.0,0.0,43.17084402170212,0.06902279445763408,0.3,99.99998794061982,110.00000007012055,0.50000018672252,54.99567765936262,0.17648304641545004,0.0011,0.0012,0.0053,0.0071
786,1762746521.7018983,0.005516260503826682,0.0059585654480428536,0.22670020157290802,0.00026968090338636507,-0.007916562898087093,-0.011113251086158056,0.005987368053182106,-1.0445815313849622e-05,0.032,-0.002,0.945,1.0,-0.0,0.002,0.001,-0.054,0.042,-0.122,0.029,0.008,-0.003,0.036,-0.0,1.131,1.0,0.001,0.003,0.001,-0.05,0.01,-0.128,0.038,0.016,-0.0,0.032,-0.002,0.945,1.0,-0.0,0.002,0.001,-0.054,0.042,-0.122,0.029,0.008,-0.003,0.0,0.0,0.9393258426966292,1.0,0.0,0.0,0.0,43.16584939024586,0.06825322570719111,0.3,99.99998793074772,110.00000007011063,0.5000001868952385,54.99566794759326,0.1765255017381696,0.0005,0.0012,0.0051,0.0044
787,1762746521.7724085,0.002834146075917347,0.006951284569484577,0.22606861719077428,0.0003151605730211416,-0.013410572139546675,0.004963595607208611,-0.003157921910668752,0.00022739834817388254,0.028,0.0,0.939,1.0,0.0,0.003,0.001,-0.072,0.039,-0.12,0.029,0.02,-0.001,0.032,0.0,1.122,1.0,0.002,0.003,0.001,-0.05,0.009,-0.139,0.029,0.007,-0.0,0.028,0.0,0.939,1.0,0.0,0.003,0.001,-0.072,0.039,-0.12,0.029,0.02,-0.001,0.0,0.0,0.9292134831460674,1.0,0.0,0.0,0.0,43.162502813193946,0.06771048367873672,0.3,99.99998789844152,110.0000000700854,0.5000001873359353,54.99563655535823,0.1759456168403468,0.0011,0.0012,0.0055,0.0072
788,1762746521.836957,0.002650254531535801,0.007155191215104182,0.22914709530326122,0.0004092980442521882,-0.0009194577219077283,0.0010195332280980183,0.015392390562434495,0.0004706873561552326,0.025,0.001,0.931,1.0,0.001,0.003,0.001,-0.062,0.033,-0.16,0.032,0.003,0.001,0.029,0.001,1.112,1.0,0.002,0.003,0.001,-0.042,0.006,-0.132,0.004,0.004,-0.0,0.025,0.001,0.931,1.0,0.001,0.003,0.001,-0.062,0.033,-0.16,0.032,0.003,0.001,0.0,0.0,0.9191011235955056,1.0,0.0,0.0,0.0,43.14941563416869,0.06523645468382451,0.3,99.99998785292186,110.00000007005711,0.5000001879208401,54.99561554504278,0.17554321197852712,0.001,0.0013,0.0059,0.0047
789,1762746521.9007034,-0.00024962554146803866,0.005736810664381597,0.22894171762935908,0.0004962797793473138,-0.014499400365019195,-0.007091902753612934,-0.0010268883695108766,0.00043490867547562803,0.022,0.002,0.92,1.0,0.002,0.003,0.001,-0.049,0.007,-0.16,0.016,0.001,0.002,0.026,0.001,1.102,1.0,0.002,0.003,0.001,-0.044,0.003,-0.139,-0.009,0.003,-0.0,0.022,0.002,0.92,1.0,0.002,0.003,0.001,-0.049,0.007,-0.16,0.016,0.001,0.002,0.0,0.0,0.9089887640449438,1.0,0.0,0.0,0.0,43.1360269469259,0.06257040177813791,0.3,99.9999878181896,110.00000007003666,0.5000001883282608,54.99560481641045,0.1754898874984486,0.0006,0.0007,0.0033,0.0054
790,1762746521.972597,-8.23303651507339e-05,0.006245824170900064,0.22443324052180888,0.0005389438442888079,0.0008364758815865249,0.0025450675325923364,-0.022542385537750897,0.00021332032470747014,0.017,0.002,0.914,1.0,0.002,0.003,0.001,-0.056,0.005,-0.107,-0.001,0.009,0.001,0.023,0.001,1.094,1.0,0.002,0.003,0.001,-0.033,0.0,-0.106,-0.019,-0.003,-0.0,0.017,0.002,0.914,1.0,0.002,0.003,0.001,-0.056,0.005,-0.107,-0.001,0.009,0.001,0.0,0.0,0.898876404494382,1.0,0.0,0.0,0.0,43.138306835278144,0.06308757845955767,0.3,99.99998779197014,110.00000007002294,0.5000001886525277,54.995576817908514,0.17536011504231014,0.0011,0.0012,0.0055,0.0071
791,1762746522.039055,-0.0014747495379113852,0.004669285383787512,0.2243672856042223,0.0005916889705270337,-0.006962095863803256,-0.007882693935562759,-0.0003297745879327485,0.00026372563119112966,0.015,0.001,0.906,1.0,0.001,0.003,0.001,-0.041,-0.013,-0.103,-0.011,0.005,0.002,0.021,0.001,1.085,1.0,0.001,0.003,0.001,-0.033,-0.001,-0.129,-0.021,-0.004,-0.001,0.015,0.001,0.906,1.0,0.001,0.003,0.001,-0.041,-0.013,-0.103,-0.011,0.005,0.002,0.0,0.0,0.8887640449438202,1.0,0.0,0.0,0.0,43.14448312801372,0.06447496205960099,0.3,99.99998776383423,110.0000000700089,0.500000188964973,54.99556744061547,0.17528514278647425,0.0009,0.0013,0.0059,0.0068
792,1762746522.1021595,-0.004614668020847618,0.0009026183083703436,0.22665888791262068,0.0005177164927407152,-0.01569959241468116,-0.018833335377085838,0.0114580115419919,-0.000369862388931593,0.014,-0.0,0.899,1.0,0.001,0.003,0.001,-0.012,-0.021,-0.136,-0.018,-0.006,-0.002,0.019,0.001,1.075,1.0,0.0,0.003,0.001,-0.031,-0.002,-0.153,-0.019,-0.008,-0.001,0.014,-0.0,0.899,1.0,0.001,0.003,0.001,-0.012,-0.021,-0.136,-0.018,-0.006,-0.002,0.0,0.0,0.8786516853932584,1.0,0.0,0.0,0.0,43.143252516042864,0.06420089366607817,0.29992973028075914,99.99998778867003,110.00000007002048,0.5000001886679817,54.995588074764804,0.17526207334252916,0.0012,0.0009,0.0056,0.0038
793,1762746522.169877,-0.001322922492072272,0.0002751410092489055,0.22777547262906495,0.00044313010468716944,0.016458727643876726,-0.003137386495607189,0.0055829235822214066,-0.00037293194026772854,0.014,-0.001,0.887,1.0,-0.0,0.002,0.001,-0.007,-0.011,-0.151,-0.022,-0.015,-0.003,0.017,0.001,1.065,1.0,-0.001,0.002,0.001,-0.025,-0.002,-0.141,-0.026,-0.022,-0.001,0.014,-0.001,0.887,1.0,-0.0,0.002,0.001,-0.007,-0.011,-0.151,-0.022,-0.015,-0.003,0.0,0.0,0.8685393258426966,1.0,0.0,0.0,0.0,43.13812293822538,0.0630206207469774,0.3,99.9999878173889,110.0000000700339,0.5000001883420916,54.995604154724596,0.17548146137549173,0.0011,0.0013,0.0037,0.0064
794,1762746522.232697,-0.0028400245887283937,0.000984103233233609,0.2271573796932615,-0.00019388389449244534,-0.007585510483280607,0.0035448111199235174,-0.0030904646790171405,-0.0031850699958980745,0.013,-0.003,0.88,1.0,-0.001,0.002,0.001,-0.011,-0.029,-0.148,-0.02,-0.018,0.0,0.015,0.001,1.055,1.0,-0.001,0.001,0.001,-0.025,-0.001,-0.15,-0.008,-0.027,-0.0,0.013,-0.003,0.88,1.0,-0.001,0.002,0.001,-0.011,-0.029,-0.148,-0.02,-0.018,0.0,0.0,0.0,0.8584269662921349,1.0,0.0,0.0,0.0,43.13425452662467,0.06208991849247926,0.3,99.99998781544159,110.00000007003396,0.5000001883577373,54.99560989420602,0.17531600873617037,0.0006,0.0009,0.0038,0.0035
795,1762746522.299207,-0.000252127896204045,-0.0004913033436648926,0.22542338438367018,-6.885919005368568e-05,0.012939483462621741,-0.007377032884492507,-0.008669976547956653,0.0006251235221937977,0.013,-0.003,0.873,1.0,-0.001,0.001,0.001,0.008,-0.002,-0.129,-0.008,-0.025,-0.003,0.013,0.001,1.045,1.0,-0.001,0.001,0.001,-0.024,0.001,-0.151,-0.005,-0.015,-0.0,0.013,-0.003,0.873,1.0,-0.001,0.001,0.001,0.008,-0.002,-0.129,-0.008,-0.025,-0.003,0.0,0.0,0.848314606741573,1.0,0.0,0.0,0.0,43.13664165352186,0.0626594726056277,0.2999277719421767,99.99998782818744,110.00000007003936,0.5000001882218994,54.99563548933349,0.17534321956709323,0.0007,0.0008,0.0033,0.0037
796,1762746522.365767,0.0005867070791053641,0.0032831444935944093,0.2273438188582324,8.00198235552033e-05,0.004194174876547045,0.018872239186296505,0.009602172372811208,0.0007443950680444449,0.011,-0.003,0.861,1.0,-0.002,0.0,0.001,-0.016,-0.004,-0.149,-0.007,-0.027,-0.001,0.012,0.001,1.034,1.0,-0.001,0.0,0.001,-0.022,0.002,-0.149,0.01,-0.01,-0.0,0.011,-0.003,0.861,1.0,-0.002,0.0,0.001,-0.016,-0.004,-0.149,-0.007,-0.027,-0.001,0.0,0.0,0.8382022471910112,1.0,0.0,0.0,0.0,43.13481561863073,0.06221785692595545,0.3,99.99998782260604,110.00000007003221,0.5000001883095213,54.99563117352877,0.17511975273095542,0.0006,0.0008,0.0033,0.0038
797,1762746522.43496,0.0013631269700627418,0.0024997650663726996,0.22767486821979768,0.00015607465316240255,0.0038820994547868882,-0.003916897136108548,0.0016552468078265047,0.0003802741480359963,0.011,-0.002,0.85,1.0,-0.001,-0.0,0.001,-0.007,0.012,-0.155,0.011,-0.02,-0.002,0.01,0.001,1.024,1.0,-0.001,0.0,0.001,-0.021,0.003,-0.143,0.016,0.008,-0.0,0.011,-0.002,0.85,1.0,-0.001,-0.0,0.001,-0.007,0.012,-0.155,0.011,-0.02,-0.002,0.0,0.0,0.8280898876404494,1.0,0.0,0.0,0.0,43.13136583162468,0.06135570054818076,0.3,99.99998781490936,110.00000007002802,0.5000001884292231,54.995632587191615,0.175037808480009,0.0007,0.0009,0.0054,0.0041
798,1762746522.5022736,-0.0018554824923953915,0.0036458949842363433,0.22633148791340005,0.0004733477272356461,-0.016093047312290665,0.005730649589318218,-0.006716901531988137,0.001586365370366218,0.009,-0.002,0.843,1.0,-0.001,-0.0,0.001,-0.026,-0.01,-0.142,0.016,0.001,0.008,0.009,0.001,1.014,1.0,-0.0,0.001,0.001,-0.023,0.004,-0.159,0.016,0.008,-0.0,0.009,-0.002,0.843,1.0,-0.001,-0.0,0.001,-0.026,-0.01,-0.142,0.016,0.001,0.008,0.0,0.0,0.8179775280898876,1.0,0.0,0.0,0.0,43.131885506401765,0.06149593051873789,0.3,99.99998776421018,110.00000006999734,0.5000001889986081,54.99562046802365,0.17498137653596793,0.001,0.0013,0.0044,0.005
799,1762746522.5691154,-0.0012434162135917545,0.001729418543786114,0.22693117628479048,0.0005480352421055051,0.003060331394018183,-0.009582382202251145,0.002998441856952164,0.0003734375743492948,0.009,-0.0,0.832,1.0,-0.0,0.0,0.001,-0.011,0.018,-0.147,0.017,0.002,0.002,0.007,0.002,1.004,1.0,0.0,0.001,0.001,-0.024,0.004,-0.17,-0.003,0.015,0.0,0.009,-0.0,0.832,1.0,-0.0,0.0,0.001,-0.011,0.018,-0.147,0.017,0.002,0.002,0.0,0.0,0.8078651685393259,1.0,0.0,0.0,0.0,43.13198038498799,0.06152763451817956,0.3,99.99998772901064,110.0000000699788,0.5000001894171402,54.995619099402155,0.17490648006782067,0.001,0.0011,0.0045,0.005
800,1762746522.6387503,-0.0006303276762913714,0.004255839711818381,0.22748689173939404,0.0006018972014488655,0.003065442686501916,0.012632105840161334,0.0027785772730178357,0.0002693097967168019,0.006,-0.001,0.82,1.0,0.0,0.0,0.001,-0.031,0.002,-0.153,0.007,0.003,0.002,0.006,0.002,0.994,1.0,-0.0,0.001,0.0,-0.019,0.004,-0.145,-0.005,0.003,-0.001,0.006,-0.001,0.82,1.0,0.0,0.0,0.001,-0.031,0.002,-0.153,0.007,0.003,0.002,0.0,0.0,0.797752808988764,1.0,0.0,0.0,0.0,43.1306276044538,0.06120370108158605,0.3,99.99998769473038,110.0000000699601,0.5000001898186645,54.995604052371625,0.17475622726166726,0.0016,0.0012,0.0068,0.005
801,1762746522.7014277,-0.0027477433911853952,0.004317363665424978,0.22415940425373287,0.0006106249643513122,-0.01058707857447012,0.00030761976803298885,-0.01663743742830589,4.3638814512233286e-05,0.004,-0.0,0.815,1.0,-0.0,0.001,0.001,-0.037,-0.009,-0.118,-0.01,0.02,0.001,0.005,0.002,0.984,1.0,-0.0,0.001,0.0,-0.017,0.004,-0.14,-0.004,0.006,-0.001,0.004,-0.0,0.815,1.0,-0.0,0.001,0.001,-0.037,-0.009,-0.118,-0.01,0.02,0.001,0.0,0.0,0.7876404494382022,1.0,0.0,0.0,0.0,43.13913423210525,0.06342233305510867,0.29988970070383836,99.99998766965619,110.00000006994554,0.5000001901109623,54.99559055319654,0.17459603769766538,0.0008,0.0011,0.0042,0.0046
802,1762746522.7727242,-0.00037545571485740094,0.0035825756733405436,0.22532551251750962,0.00037906492525506395,0.011861438381639972,-0.0036739399604221704,0.005830541318883662,-0.0011578001954812404,0.004,0.0,0.804,1.0,-0.0,0.001,0.001,-0.027,0.019,-0.128,0.003,0.01,-0.008,0.003,0.003,0.974,1.0,-0.001,0.002,0.0,-0.016,0.005,-0.165,-0.011,0.006,-0.001,0.004,0.0,0.804,1.0,-0.0,0.001,0.001,-0.027,0.019,-0.128,0.003,0.01,-0.008,0.0,0.0,0.7775280898876404,1.0,0.0,0.0,0.0,43.14667795294877,0.06539901862418224,0.3,99.99998774253172,110.00000006998215,0.5000001892954616,54.99557805001063,0.1744434169274132,0.0016,0.0017,0.0074,0.0047
803,1762746522.8384976,0.003635895181624763,0.002877261263518046,0.22580434772182695,5.6027292924759695e-06,0.020056754482410816,-0.0035265720491124905,0.002394176021586648,-0.0018673109798129398,0.003,0.001,0.797,1.0,-0.001,0.001,0.0,-0.021,0.017,-0.14,-0.012,0.006,-0.01,0.002,0.003,0.962,1.0,-0.001,0.002,0.0,-0.013,0.005,-0.165,0.001,0.004,-0.0,0.003,0.001,0.797,1.0,-0.001,0.001,0.0,-0.021,0.017,-0.14,-0.012,0.006,-0.01,0.0,0.0,0.7674157303370787,1.0,0.0,0.0,0.0,43.151640316058156,0.06668889647862507,0.2999786521506811,99.99998785072808,110.00000007004252,0.5000001880711098,54.99557510382033,0.17439450747801397,0.0016,0.0018,0.0063,0.0047
804,1762746522.9115245,0.0009989685541420671,0.004260054281179981,0.2239386876192721,7.008414549923911e-05,-0.01318463313741348,0.006913965088309676,-0.0093283005127743,0.0003224070810338153,0.001,0.0,0.787,1.0,-0.001,0.001,0.001,-0.039,0.005,-0.118,-0.012,0.023,-0.003,0.002,0.003,0.951,1.0,-0.0,0.002,0.0,-0.011,0.006,-0.174,0.023,-0.002,-0.0,0.001,0.0,0.787,1.0,-0.001,0.001,0.001,-0.039,0.005,-0.118,-0.012,0.023,-0.003,0.0,0.0,0.7573033707865169,1.0,0.0,0.0,0.0,43.162882908415504,0.06962706379104226,0.3,99.99998785844369,110.00000007004608,0.5000001880111318,54.99554822984168,0.17440929589384205,0.0008,0.0018,0.0077,0.0105
805,1762746522.9777825,0.0026149029374498587,0.001090446297593839,0.22690506406490699,2.006107623872536e-06,0.008079671916538958,-0.01584803991793071,0.014831882228174217,-0.0003403901893768329,0.002,0.002,0.775,1.0,-0.0,0.001,0.0,-0.005,0.02,-0.152,0.008,0.002,-0.002,0.001,0.004,0.938,1.0,0.0,0.002,0.0,-0.008,0.006,-0.18,0.013,0.0,-0.0,0.002,0.002,0.775,1.0,-0.0,0.001,0.0,-0.005,0.02,-0.152,0.008,0.002,-0.002,0.0,0.0,0.747191011235955,1.0,0.0,0.0,0.0,43.16631423683115,0.07052733230050907,0.299992969700813,99.99998786818928,110.00000007005274,0.5000001879036486,54.995553952486446,0.17440690996357483,0.0008,0.0011,0.0075,0.011
806,1762746523.03591,0.0026450357106687417,0.0018356558021382693,0.22707923466312382,0.00020742971540969857,0.00015066386609441677,0.003726047522722149,0.0008708529910842712,0.0010271180389291301,0.001,0.003,0.767,1.0,0.0,0.001,0.001,-0.017,0.023,-0.161,0.021,0.005,0.002,0.0,0.004,0.926,1.0,0.001,0.002,0.0,-0.007,0.006,-0.211,0.014,-0.013,-0.0,0.001,0.003,0.767,1.0,0.0,0.001,0.001,-0.017,0.023,-0.161,0.021,0.005,0.002,0.0,0.0,0.7370786516853932,1.0,0.0,0.0,0.0,43.166968498768064,0.07069734528218602,0.3,99.99998783572953,110.00000007003537,0.5000001882994143,54.99554936047526,0.17433980845870325,0.0008,0.0011,0.0049,0.0051
807,1762746523.1020553,0.0014912492918500797,0.00420257612267828,0.22841810162659465,-0.00037303038885631683,-0.005768932094093308,0.011834601602700055,0.006694334817354068,-0.0029023005213300768,0.0,0.003,0.753,1.0,0.0,0.001,0.001,-0.014,0.01,-0.174,0.012,-0.002,0.0,0.0,0.004,0.913,1.0,0.001,0.001,0.0,-0.005,0.004,-0.192,0.009,-0.009,-0.0,0.0,0.003,0.753,1.0,0.0,0.001,0.001,-0.014,0.01,-0.174,0.012,-0.002,0.0,0.0,0.0,0.7269662921348314,1.0,0.0,0.0,0.0,43.164000504926925,0.06994637744236208,0.3,99.99998782161757,110.000000070029,0.5000001884719196,54.995545866005926,0.17436582918523627,0.0009,0.0011,0.0048,0.0045
808,1762746523.169548,0.001135896419726573,-0.0015038941194548284,0.2291281695292075,-0.00032062509923785903,-0.0017767643606175334,-0.02853235121066554,0.003550339513064282,0.0002620264480922888,0.002,0.004,0.744,1.0,0.001,0.001,0.0,0.02,0.01,-0.186,0.007,-0.01,-0.002,-0.0,0.005,0.9,1.0,0.001,0.001,0.0,-0.003,0.003,-0.172,-0.003,0.004,0.0,0.002,0.004,0.744,1.0,0.001,0.001,0.0,0.02,0.01,-0.186,0.007,-0.01,-0.002,0.0,0.0,0.7168539325842697,1.0,0.0,0.0,0.0,43.15737290450119,0.06825701518104534,0.29997724392763453,99.99998782688063,110.00000007003187,0.5000001884122705,54.99555991916089,0.1743236666204993,0.0013,0.001,0.005,0.0047
809,1762746523.2369323,-0.0008688736889515911,-0.0003227214934367331,0.22934318725047476,8.08253781547005e-05,-0.01002385054339082,0.005905863130090476,0.0010750886063363285,0.0020072523869627975,0.001,0.004,0.729,1.0,0.001,0.001,0.001,-0.003,-0.01,-0.184,-0.006,-0.003,0.006,-0.0,0.005,0.888,1.0,0.001,0.001,0.0,-0.002,0.001,-0.184,-0.008,-0.019,-0.0,0.001,0.004,0.729,1.0,0.001,0.001,0.001,-0.003,-0.01,-0.184,-0.006,-0.003,0.006,0.0,0.0,0.7067415730337079,1.0,0.0,0.0,0.0,43.15035515711828,0.06652726891073849,0.29999464212551225,99.99998782610585,110.00000007002669,0.5000001884288193,54.99555740341031,0.17440200336076933,0.001,0.0012,0.0054,0.0052
810,1762746523.3019927,0.0015983512965715516,-0.0001324260631179269,0.22799068810071724,0.00023732494218520832,0.012336124927615714,0.0009514771515940312,-0.006762495748787364,0.000782497820152539,0.001,0.005,0.718,1.0,0.001,0.0,0.001,0.004,0.001,-0.166,-0.0,-0.008,0.001,-0.001,0.005,0.877,1.0,0.001,0.0,0.0,-0.001,0.0,-0.157,-0.015,-0.013,0.0,0.001,0.005,0.718,1.0,0.001,0.0,0.001,0.004,0.001,-0.166,-0.0,-0.008,0.001,0.0,0.0,0.696629213483146,1.0,0.0,0.0,0.0,43.147425412989435,0.06582545864631617,0.3,99.99998781586413,110.00000007001886,0.5000001885541614,54.99555774440197,0.1745508453579165,0.0014,0.001,0.0042,0.0045
811,1762746523.368839,0.0007570411552201709,-0.00010506620941225249,0.2258829988735559,-0.0003463883823029816,-0.004206550706756903,0.00013679926852837228,-0.01053844613580665,-0.0029185666224409495,0.002,0.004,0.708,1.0,0.0,0.0,0.001,0.002,-0.006,-0.138,-0.012,-0.005,0.0,-0.001,0.005,0.866,1.0,0.0,0.0,0.0,-0.001,-0.0,-0.135,-0.001,-0.005,-0.0,0.002,0.004,0.708,1.0,0.0,0.0,0.001,0.002,-0.006,-0.138,-0.012,-0.005,0.0,0.0,0.0,0.6865168539325842,1.0,0.0,0.0,0.0,43.15196946807819,0.06688141432143847,0.29996265294521096,99.99998780821842,110.00000007001479,0.5000001886461336,54.995558640355014,0.17450956642576743,0.0008,0.0012,0.0047,0.0047
812,1762746523.436182,2.189392688928043e-05,-0.00011640356181677025,0.2276296849623104,-0.0003317062815033813,-0.0036757361416544505,-5.668676202258875e-05,0.008733430443772608,7.341050399800142e-05,0.002,0.003,0.7,1.0,-0.0,-0.0,0.0,0.008,-0.007,-0.16,-0.008,-0.016,-0.003,-0.001,0.005,0.856,1.0,0.0,-0.0,0.0,-0.001,-0.001,-0.147,0.001,-0.002,-0.0,0.002,0.003,0.7,1.0,-0.0,-0.0,0.0,0.008,-0.007,-0.16,-0.008,-0.016,-0.003,0.0,0.0,0.6764044943820224,1.0,0.0,0.0,0.0,43.1516336919653,0.06680255927217829,0.3,99.99998780863194,110.00000007001599,0.5000001886451098,54.995561773409065,0.1743910662415959,0.0008,0.0011,0.0047,0.0056
813,1762746523.4979663,0.00017184809203183316,0.00345826024343013,0.22564570594974678,-0.0002666650123776444,0.0007497708257127632,0.0178733190262345,-0.00991989506281797,0.00032520634562868423,0.002,0.003,0.69,1.0,-0.0,-0.0,0.0,-0.0,-0.003,-0.138,-0.005,-0.002,-0.001,-0.001,0.005,0.846,1.0,0.0,-0.0,0.0,-0.001,-0.001,-0.15,-0.003,0.0,0.0,0.002,0.003,0.69,1.0,-0.0,-0.0,0.0,-0.0,-0.003,-0.138,-0.005,-0.002,-0.001,0.0,0.0,0.6662921348314607,1.0,0.0,0.0,0.0,43.156683915082596,0.06789943547778363,0.29999233682945997,99.99998780909667,110.00000007001564,0.5000001886345615,54.99556184416618,0.17438237658580952,0.0005,0.0007,0.0031,0.003
814,1762746523.56554,-1.313541076280024e-05,0.00016785934124013665,0.22556336978059122,-0.0008650305994114437,-0.000924917513973167,-0.01645200451094997,-0.0004116808457778525,-0.0029918279351689968,0.002,0.003,0.68,1.0,-0.0,-0.0,0.0,0.004,-0.004,-0.135,-0.004,0.001,-0.0,-0.001,0.005,0.835,1.0,0.0,0.0,0.0,-0.001,-0.002,-0.163,-0.004,0.015,0.0,0.002,0.003,0.68,1.0,-0.0,-0.0,0.0,0.004,-0.004,-0.135,-0.004,0.001,-0.0,0.0,0.0,0.6561797752808989,1.0,0.0,0.0,0.0,43.163363738360474,0.06930170900802432,0.3,99.99998781138531,110.0000000700149,0.5000001886095258,54.99556008235274,0.17444689082153786,0.0005,0.0007,0.0038,0.0031
815,1762746523.6325293,0.00019849625307832988,0.0011138587168610992,0.2248268171219267,-0.00042027347763396567,0.0010581583192056502,0.004729996878104814,-0.0036827632933223216,0.0022237856088873896,0.001,0.002,0.673,1.0,-0.001,0.0,0.001,-0.018,-0.009,-0.13,-0.012,0.021,0.002,-0.001,0.004,0.824,1.0,0.0,0.0,0.0,-0.001,-0.002,-0.158,-0.003,0.001,0.001,0.001,0.002,0.673,1.0,-0.001,0.0,0.001,-0.018,-0.009,-0.13,-0.012,0.021,0.002,0.0,0.0,0.646067415730337,1.0,0.0,0.0,0.0,43.17196418305473,0.07105735591353697,0.29993579309813845,99.99998781638581,110.00000007001849,0.5000001885436323,54.995554967398974,0.17419750036472673,0.0005,0.0007,0.0036,0.0036
816,1762746523.6982453,0.00026016119773723193,0.0002625905597040145,0.22698773151133067,-0.0003324528082979212,0.0003083247232945101,-0.004256340785785424,0.010804571947019965,0.00043910334668022157,0.001,0.002,0.661,1.0,-0.001,0.001,0.0,-0.007,-0.004,-0.155,-0.002,0.007,-0.001,-0.001,0.004,0.813,1.0,0.0,0.0,0.0,0.0,-0.002,-0.163,-0.001,0.0,0.0,0.001,0.002,0.661,1.0,-0.001,0.001,0.0,-0.007,-0.004,-0.155,-0.002,0.007,-0.001,0.0,0.0,0.6359550561797752,1.0,0.0,0.0,0.0,43.17463568595066,0.07158705441126546,0.29993894193759857,99.99998780532164,110.00000007001522,0.5000001886816297,54.99555321576604,0.17414705787816961,0.0006,0.0007,0.003,0.0032
817,1762746523.7713013,0.00028047421018669553,0.0002453490529412153,0.2264729374156648,1.6351170215219205e-05,0.0001015650622473181,-8.620753381399565e-05,-0.002573970478329437,0.0017440198925657022,0.001,0.002,0.65,1.0,-0.001,0.001,0.001,-0.007,-0.004,-0.151,-0.002,0.004,0.004,-0.001,0.004,0.801,1.0,-0.0,0.0,0.0,0.001,-0.002,-0.164,-0.001,-0.004,0.0,0.001,0.002,0.65,1.0,-0.001,0.001,0.001,-0.007,-0.004,-0.151,-0.002,0.004,0.004,0.0,0.0,0.6258426966292134,1.0,0.0,0.0,0.0,43.177847378915594,0.07220404425103533,0.29997288892777807,99.99998783048564,110.00000007002839,0.5000001883845381,54.99555130596898,0.17409832963842767,0.0005,0.0011,0.0055,0.0069
818,1762746523.8327591,0.0016740746343280315,-0.0005006961042621666,0.22693243588674678,-9.748292850863616e-05,0.00696800212070668,-0.0037302257860169093,0.002297492355409823,-0.0005691704936192769,0.001,0.002,0.642,1.0,-0.001,0.001,0.0,0.013,0.006,-0.159,-0.002,-0.0,-0.004,-0.001,0.004,0.789,1.0,-0.0,0.0,0.0,0.001,-0.002,-0.169,-0.0,-0.004,0.0,0.001,0.002,0.642,1.0,-0.001,0.001,0.0,0.013,0.006,-0.159,-0.002,-0.0,-0.004,0.0,0.0,0.6157303370786517,1.0,0.0,0.0,0.0,43.17927151339194,0.07246990152757024,0.29997259269443277,99.9999878025262,110.00000007001375,0.5000001887209511,54.99555382240338,0.17414922274700897,0.0007,0.001,0.0033,0.0037
819,1762746523.8982205,-0.00012003811465616265,0.0005080408183562858,0.22767877257424704,-0.00015223502532124987,-0.00897056374492097,0.005043684613092261,0.003731683437501499,-0.00027376048406306855,0.0,0.002,0.628,1.0,-0.001,0.001,0.0,0.002,-0.013,-0.165,-0.009,0.009,-0.003,-0.001,0.004,0.777,1.0,0.0,0.0,0.0,0.001,-0.002,-0.17,0.008,-0.007,0.0,0.0,0.002,0.628,1.0,-0.001,0.001,0.0,0.002,-0.013,-0.165,-0.009,0.009,-0.003,0.0,0.0,0.6056179775280899,1.0,0.0,0.0,0.0,43.178792245183246,0.07238018616539929,0.3,99.9999877867907,110.00000007000706,0.500000188910542,54.99555081391853,0.1742310369025288,0.0007,0.0008,0.0029,0.0031
820,1762746523.9656148,-0.002275382841796539,-0.001644315246762268,0.23003820631485175,0.00020082767386920232,-0.010776723635701885,-0.01076178032559277,0.01179716870302361,0.001765313495952261,0.002,0.002,0.618,1.0,-0.0,-0.0,0.001,0.023,-0.011,-0.196,0.012,-0.021,0.006,-0.001,0.004,0.765,1.0,0.0,-0.0,0.0,0.001,-0.002,-0.172,0.001,0.002,0.0,0.002,0.002,0.618,1.0,-0.0,-0.0,0.001,0.023,-0.011,-0.196,0.012,-0.021,0.006,0.0,0.0,0.595505617977528,1.0,0.0,0.0,0.0,43.16972197696969,0.07080702700396327,0.2998984967704216,99.99998781533193,110.00000007002443,0.5000001885811595,54.99555692422964,0.17427411184366035,0.0006,0.0007,0.0037,0.0033
821,1762746524.0324152,-0.0008019025411533406,-0.0018486862692619526,0.2270307410705002,-0.000373746579887733,0.007367401503215993,-0.0010218551124984215,-0.015037326221757803,-0.002872871268784676,0.002,0.002,0.607,1.0,-0.0,0.0,0.001,0.01,0.001,-0.16,0.007,-0.002,0.0,-0.001,0.004,0.753,1.0,0.0,-0.0,0.0,0.001,-0.003,-0.148,-0.009,-0.007,0.0,0.002,0.002,0.607,1.0,-0.0,0.0,0.001,0.01,0.001,-0.16,0.007,-0.002,0.0,0.0,0.0,0.5853932584269663,1.0,0.0,0.0,0.0,43.16880308917949,0.0706570731862993,0.3,99.99998780752423,110.00000007002187,0.5000001886802592,54.995551408473304,0.17433464253715816,0.0007,0.0007,0.0032,0.0036
822,1762746524.0995126,0.0005404958759028288,0.00020872830916604697,0.22735503104484983,-9.152193337537678e-05,0.0067119920852808474,0.010287072892139999,0.0016214498717483684,0.0014111232325617804,0.002,0.002,0.594,1.0,-0.0,-0.0,0.001,-0.004,0.007,-0.157,0.005,-0.004,0.001,-0.001,0.003,0.742,1.0,-0.0,-0.0,0.0,0.001,-0.003,-0.158,-0.009,-0.009,0.0,0.002,0.002,0.594,1.0,-0.0,-0.0,0.001,-0.004,0.007,-0.157,0.005,-0.004,0.001,0.0,0.0,0.5752808988764044,1.0,0.0,0.0,0.0,43.169111262972145,0.07070226387494541,0.3,99.99998780411704,110.00000007002036,0.500000188726469,54.99554590817579,0.17434069995472543,0.0006,0.0012,0.0037,0.0034
823,1762746524.1660547,-0.0034681189770841394,0.001983297099375685,0.22665098588615729,0.0001643209760030932,-0.020043074264934835,0.008872843951048192,-0.0035202257934627713,0.00127921454689235,0.001,0.0,0.583,1.0,-0.001,-0.001,0.001,-0.007,-0.017,-0.148,-0.005,-0.007,0.003,-0.0,0.003,0.732,1.0,-0.0,-0.001,0.0,-0.0,-0.002,-0.11,0.002,0.002,0.0,0.001,0.0,0.583,1.0,-0.001,-0.001,0.001,-0.007,-0.017,-0.148,-0.005,-0.007,0.003,0.0,0.0,0.5651685393258427,1.0,0.0,0.0,0.0,43.1715646300942,0.07106161461823732,0.3,99.99998781268758,110.00000007002284,0.5000001886314116,54.99554604694845,0.17432477191418236,0.0005,0.0011,0.0037,0.0035
824,1762746524.2323282,0.002572708400641082,0.0018076599885562964,0.22649479646535248,-6.600247892188889e-05,0.030204136888626106,-0.0008781855540969433,-0.0007809471040238951,-0.0011516172746249104,0.001,0.002,0.576,1.0,-0.001,-0.0,0.0,0.003,0.019,-0.149,-0.004,0.0,-0.007,-0.001,0.003,0.721,1.0,-0.0,-0.0,0.0,-0.001,-0.002,-0.161,-0.009,0.015,0.0,0.001,0.002,0.576,1.0,-0.001,-0.0,0.0,0.003,0.019,-0.149,-0.004,0.0,-0.007,0.0,0.0,0.5550561797752809,1.0,0.0,0.0,0.0,43.17412659473974,0.07142870530215055,0.3,99.9999877983863,110.00000007001329,0.500000188810231,54.99554052180672,0.1743464011302596,0.0009,0.0008,0.0032,0.0034
825,1762746524.3004591,0.0013243253393047244,0.003479126896862582,0.22536614944055988,-0.0005204664525892505,-0.006241915306681785,0.008357334541531427,-0.005643235123962819,-0.002272319868336808,-0.0,0.001,0.566,1.0,-0.001,0.0,0.001,-0.012,-0.003,-0.136,-0.007,0.011,0.0,-0.001,0.003,0.711,1.0,-0.0,0.0,0.0,-0.001,-0.002,-0.185,0.015,0.017,0.0,-0.0,0.001,0.566,1.0,-0.001,0.0,0.001,-0.012,-0.003,-0.136,-0.007,0.011,0.0,0.0,0.0,0.544943820224719,1.0,0.0,0.0,0.0,43.18035806964401,0.07227256208548834,0.3,99.99998779294832,110.00000007001057,0.5000001888795472,54.995536985860376,0.17437762763767842,0.0011,0.0012,0.0037,0.0037
826,1762746524.367842,0.0012793469863859692,0.0021734054377650653,0.2274415053033246,-0.0004094412919255608,-0.0002248917645937768,-0.006528607295487583,0.010376779313823616,0.0005551258033184481,-0.002,0.002,0.554,1.0,-0.001,0.001,0.0,-0.016,0.003,-0.159,0.002,0.011,-0.001,-0.001,0.003,0.7,1.0,0.0,0.001,0.0,-0.0,-0.002,-0.184,0.012,0.015,0.001,-0.002,0.002,0.554,1.0,-0.001,0.001,0.0,-0.016,0.003,-0.159,0.002,0.011,-0.001,0.0,0.0,0.5348314606741573,1.0,0.0,0.0,0.0,43.18099901265938,0.07235094217508589,0.3,99.99998778815967,110.00000007000591,0.5000001889353048,54.99553256241334,0.17443398549542094,0.0011,0.0012,0.0045,0.0037
827,1762746524.4320374,0.00012848157928708331,-0.002193720234878715,0.22633232526283162,-0.0009083844226298668,-0.005754327035494428,-0.021835628363218902,-0.005545900202464805,-0.0024947156535215296,-0.001,0.001,0.55,1.0,-0.001,0.001,0.0,0.013,-0.003,-0.155,0.005,0.009,0.0,-0.001,0.003,0.689,1.0,0.0,0.001,0.0,0.0,-0.001,-0.068,0.002,0.002,0.0,-0.001,0.001,0.55,1.0,-0.001,0.001,0.0,0.013,-0.003,-0.155,0.005,0.009,0.0,0.0,0.0,0.5247191011235954,1.0,0.0,0.0,0.0,43.182489464780424,0.07255424728828944,0.299984585248351,99.99998778884336,110.00000007000699,0.5000001889224274,54.9955328825823,0.1744980293918843,0.0007,0.0007,0.0032,0.0034
828,1762746524.4987695,0.0007975392997792644,-0.0021612072449234375,0.227237540511826,-0.0005753236386314523,0.003345288602460905,0.00016256494977638907,0.004526076244971921,0.0016653039199920725,-0.001,0.002,0.534,1.0,-0.0,0.001,0.001,0.005,0.009,-0.159,0.009,0.007,-0.001,-0.0,0.003,0.678,1.0,0.0,0.001,0.0,0.002,-0.002,-0.156,-0.002,-0.017,0.001,-0.001,0.002,0.534,1.0,-0.0,0.001,0.001,0.005,0.009,-0.159,0.009,0.007,-0.001,0.0,0.0,0.5146067415730337,1.0,0.0,0.0,0.0,43.18304152459451,0.0726166499131162,0.3,99.99998776050138,110.0000000699933,0.5000001892914592,54.99552748197215,0.17449093075500133,0.0008,0.0007,0.0032,0.0032
829,1762746524.5660002,0.0004482286044867605,-0.001387129072814896,0.22503167498882198,-0.0008849363876740039,-0.00174655347646252,0.003870390860542707,-0.011029327615019962,-0.0015480637452127586,-0.001,0.002,0.525,1.0,-0.0,0.001,0.001,0.004,0.003,-0.134,0.005,-0.002,-0.0,-0.0,0.002,0.666,1.0,0.0,0.0,0.001,0.003,-0.003,-0.165,-0.0,-0.02,0.001,-0.001,0.002,0.525,1.0,-0.0,0.001,0.001,0.004,0.003,-0.134,0.005,-0.002,-0.0,0.0,0.0,0.5044943820224719,1.0,0.0,0.0,0.0,43.190102489088005,0.07341049633341362,0.3,99.99998774566549,110.00000006998374,0.5000001894799642,54.9955221120957,0.17460913718530793,0.0005,0.0007,0.0031,0.0044
830,1762746524.6341043,-0.00045272820534713806,0.0009594019501453395,0.2266314809311787,-0.000511337322834974,-0.004504784049169493,0.011732655114801175,0.007999029711783883,0.0018679953241951498,0.0,0.001,0.516,1.0,-0.0,0.0,0.001,0.014,-0.004,-0.153,0.001,-0.017,0.001,-0.0,0.002,0.655,1.0,0.0,-0.0,0.001,0.003,-0.003,-0.164,-0.003,-0.009,0.001,0.0,0.001,0.516,1.0,-0.0,0.0,0.001,0.014,-0.004,-0.153,0.001,-0.017,0.001,0.0,0.0,0.4943820224719101,1.0,0.0,0.0,0.0,43.19304830832977,0.07373144025841068,0.29997582708597925,99.99998774137285,110.00000006998368,0.500000189533222,54.995523428860636,0.17456738711546602,0.001,0.0012,0.0045,0.0034
831,1762746524.6991289,-0.0004784053401889648,-0.0005263514079512123,0.2254666132379526,-0.0008196650797501995,-0.000128385674209134,-0.007428766790482759,-0.005824338466130441,-0.001541638784576127,0.001,0.001,0.509,1.0,-0.0,-0.0,0.001,0.011,-0.004,-0.145,-0.002,-0.011,-0.0,0.0,0.002,0.643,1.0,0.0,-0.0,0.001,0.002,-0.004,-0.169,-0.004,0.006,0.001,0.001,0.001,0.509,1.0,-0.0,-0.0,0.001,0.011,-0.004,-0.145,-0.002,-0.011,-0.0,0.0,0.0,0.4842696629213482,1.0,0.0,0.0,0.0,43.19806542212455,0.07426687953297526,0.3,99.99998772446604,110.00000006997334,0.5000001897469648,54.99552277469531,0.17452256073598635,0.0012,0.0007,0.0033,0.0033
832,1762746524.7656775,2.256568115668585e-05,-0.0013752984603615992,0.22718397459800446,-0.0005218461095657474,0.002504855106728253,-0.004244735262051934,0.008586806800259281,0.0014890948509222613,0.001,0.001,0.493,1.0,-0.0,0.0,0.001,0.009,-0.001,-0.159,-0.003,-0.001,-0.001,0.0,0.002,0.63,1.0,0.0,-0.0,0.001,0.002,-0.004,-0.179,-0.003,0.001,0.001,0.001,0.001,0.493,1.0,-0.0,0.0,0.001,0.009,-0.001,-0.159,-0.003,-0.001,-0.001,0.0,0.0,0.47415730337078643,1.0,0.0,0.0,0.0,43.19960318866438,0.07441336466481749,0.3,99.99998768606598,110.00000006994914,0.5000001902364636,54.99552259088104,0.17454395669573883,0.0005,0.0007,0.003,0.0041
833,1762746524.8319466,-0.000991466209989072,0.0006375863244985494,0.2293258459840378,-0.00020978020140095506,-0.005070159455728789,0.010064423924300741,0.010709356930166685,0.0015603295408239618,0.001,0.001,0.487,1.0,-0.0,-0.0,0.001,-0.004,-0.008,-0.193,-0.001,-0.007,0.003,0.0,0.001,0.617,1.0,0.0,-0.0,0.001,0.001,-0.004,-0.17,-0.001,-0.001,0.001,0.001,0.001,0.487,1.0,-0.0,-0.0,0.001,-0.004,-0.008,-0.193,-0.001,-0.007,0.003,0.0,0.0,0.46404494382022465,1.0,0.0,0.0,0.0,43.191614287493515,0.07366446113743005,0.3,99.99998771923377,110.00000006996716,0.5000001898224566,54.99552242715085,0.1745267554351363,0.0005,0.0008,0.0033,0.0033
834,1762746524.905077,0.0018096645218173297,-0.0002350540106189937,0.22893065308400007,-0.0005667488470426829,0.01400565365903201,-0.004363201675587714,-0.0019759645001886372,-0.0017848432282086388,0.002,0.002,0.474,1.0,-0.0,-0.0,0.001,0.005,0.001,-0.188,0.0,-0.006,0.0,0.0,0.001,0.605,1.0,-0.0,-0.0,0.001,0.001,-0.004,-0.163,-0.004,0.007,0.0,0.002,0.002,0.474,1.0,-0.0,-0.0,0.001,0.005,0.001,-0.188,0.0,-0.006,0.0,0.0,0.0,0.4539325842696629,1.0,0.0,0.0,0.0,43.183684026781265,0.07295485916642153,0.3,99.99998770772231,110.00000006996252,0.5000001899657002,54.99552080082782,0.17457581236753775,0.001,0.0012,0.0057,0.0064
835,1762746524.966017,-0.002618055308765521,0.002671993582221588,0.23047639880308807,-0.000835838748715471,-0.022138599152914253,0.014535237964202906,0.007728728595439976,-0.0013454495083639402,0.001,-0.0,0.461,1.0,-0.001,-0.0,0.001,-0.015,-0.013,-0.203,-0.004,-0.009,0.0,0.001,0.001,0.594,1.0,-0.0,-0.0,0.001,0.001,-0.004,-0.168,0.008,0.004,0.001,0.001,-0.0,0.461,1.0,-0.001,-0.0,0.001,-0.015,-0.013,-0.203,-0.004,-0.009,0.0,0.0,0.0,0.4438202247191011,1.0,0.0,0.0,0.0,43.171013591052905,0.07188020019446935,0.3,99.99998769378884,110.00000006995383,0.5000001901399233,54.99551792312588,0.17457398224440165,0.0008,0.0007,0.0031,0.004
836,1762746525.0362356,-0.0012560892011087366,4.011287694814401e-05,0.2246646781086728,-0.0006560837002556699,0.006809830538283921,-0.013159403526367219,-0.029058603472076297,0.0008987752422990055,0.001,-0.0,0.455,1.0,-0.001,0.0,0.001,-0.006,0.004,-0.136,-0.006,0.021,-0.006,0.001,0.001,0.584,1.0,-0.0,0.0,0.001,0.001,-0.004,-0.132,-0.009,0.013,0.001,0.001,-0.0,0.455,1.0,-0.001,0.0,0.001,-0.006,0.004,-0.136,-0.006,0.021,-0.006,0.0,0.0,0.4337078651685393,1.0,0.0,0.0,0.0,43.17568785921079,0.07227990822604331,0.29989760425174156,99.99998757048809,110.00000006987861,0.5000001916870987,54.995519670929944,0.17448488432724626,0.0005,0.0007,0.004,0.007
837,1762746525.1024816,-0.0012395218066786568,0.0028254554710721337,0.2262518095731812,-0.00035198142454427963,8.283697215039944e-05,0.013926712970619948,0.007935657322542082,0.0015205113785569512,0.001,-0.001,0.439,1.0,-0.001,0.0,0.001,0.0,-0.01,-0.143,-0.002,0.009,0.003,0.001,0.0,0.574,1.0,-0.0,0.001,0.001,0.002,-0.004,-0.159,-0.007,0.001,0.001,0.001,-0.001,0.439,1.0,-0.001,0.0,0.001,0.0,-0.01,-0.143,-0.002,0.009,0.003,0.0,0.0,0.42359550561797743,1.0,0.0,0.0,0.0,43.18009251901097,0.07260550844595605,0.29990842575198357,99.99998760597562,110.00000006990261,0.5000001912475383,54.995519456753364,0.17447134673512302,0.0007,0.0008,0.0039,0.006
838,1762746525.1652966,0.0002675642659616302,-0.002874209309427802,0.22617344472518305,-0.00033273956497004804,0.007535430363201435,-0.028498323902499678,-0.0003918242399909601,9.620929787115806e-05,0.002,-0.0,0.432,1.0,-0.001,0.001,0.001,0.019,0.011,-0.148,-0.009,0.006,-0.008,0.001,0.0,0.563,1.0,-0.001,0.001,0.001,0.002,-0.003,-0.145,-0.002,0.007,0.0,0.002,-0.0,0.432,1.0,-0.001,0.001,0.001,0.019,0.011,-0.148,-0.009,0.006,-0.008,0.0,0.0,0.41348314606741565,1.0,0.0,0.0,0.0,43.18318816298465,0.07283419411440377,0.2998878028639539,99.99998746708638,110.0000000698212,0.5000001929350989,54.99551991492274,0.17450210623316476,0.0005,0.0008,0.0031,0.0036
839,1762746525.2378016,-0.002997594506415919,0.002933226513444933,0.22601354414791025,-7.897868484269861e-05,-0.016325793861887743,0.02903717911436367,-0.0007995028863638722,0.0012688044006367474,0.0,-0.003,0.422,1.0,-0.001,0.001,0.001,-0.019,-0.03,-0.146,-0.014,0.008,0.004,0.001,-0.0,0.553,1.0,-0.0,0.0,0.001,0.003,-0.002,-0.156,0.004,-0.017,0.0,0.0,-0.003,0.422,1.0,-0.001,0.001,0.001,-0.019,-0.03,-0.146,-0.014,0.008,0.004,0.0,0.0,0.4033707865168539,1.0,0.0,0.0,0.0,43.187122273245706,0.07310767707361855,0.3,99.99998751458388,110.000000069852,0.5000001923808495,54.9955114479558,0.1745996483078551,0.0005,0.0008,0.0051,0.0071
840,1762746525.3201978,-0.002894531585194876,-0.000504021810580943,0.2252534087055788,3.12054827771769e-05,0.0005153146061052131,-0.017186241620129376,-0.003800677211657215,0.0005509208380993774,0.001,-0.003,0.415,1.0,-0.001,0.001,0.001,0.005,-0.02,-0.142,-0.008,0.001,0.001,0.001,-0.0,0.542,1.0,-0.001,0.0,0.001,0.004,-0.002,-0.161,-0.007,0.004,0.0,0.001,-0.003,0.415,1.0,-0.001,0.001,0.001,0.005,-0.02,-0.142,-0.008,0.001,0.001,0.0,0.0,0.3932584269662921,1.0,0.0,0.0,0.0,43.19265707872233,0.07348024929407931,0.3,99.99998752108861,110.0000000698587,0.5000001923031091,54.99551136924801,0.17463175102255488,0.0006,0.0008,0.021,0.0071
841,1762746525.367947,0.000360150513267508,-0.0012285836902725656,0.22683123705566877,-0.0003230629629621983,0.016273410492311922,-0.003622809398458114,0.007889141750449889,-0.0017713422286968759,0.002,-0.002,0.402,1.0,-0.001,0.0,0.001,0.011,0.005,-0.158,-0.002,-0.008,0.0,0.002,-0.0,0.53,1.0,-0.001,0.0,0.001,0.004,-0.001,-0.171,-0.01,-0.006,0.0,0.002,-0.002,0.402,1.0,-0.001,0.0,0.001,0.011,0.005,-0.158,-0.002,-0.008,0.0,0.0,0.0,0.3831460674157303,1.0,0.0,0.0,0.0,43.194334535554724,0.07359093204575815,0.2999604889440935,99.99998751877035,110.00000006985826,0.5000001923298553,54.99551114964735,0.1746163762639978,0.001,0.0012,0.0041,0.0043
842,1762746525.4323967,0.002845176088286,-0.0030736665225407755,0.22737166832761568,-0.00023984547450385513,0.012425127875092458,-0.00922541416134105,0.002702156359734573,0.00041608744229171594,0.002,-0.002,0.391,1.0,-0.002,0.001,0.001,0.017,0.011,-0.166,-0.006,-0.003,-0.004,0.002,-0.0,0.519,1.0,-0.001,0.0,0.001,0.005,0.0,-0.19,0.005,-0.009,-0.0,0.002,-0.002,0.391,1.0,-0.002,0.001,0.001,0.017,0.011,-0.166,-0.006,-0.003,-0.004,0.0,0.0,0.37303370786516843,1.0,0.0,0.0,0.0,43.193435341532236,0.07354375365896611,0.3,99.99998747709657,110.00000006983396,0.5000001928176575,54.995510489648254,0.1746318226264797,0.0005,0.0007,0.0033,0.0038
843,1762746525.499868,0.0006526172167929207,-0.001250963646675951,0.22660378739193526,-8.91151773307213e-05,-0.010962794357465397,0.009113514379324124,-0.0038394046784021654,0.0007536514858656689,0.002,-0.003,0.38,1.0,-0.001,0.0,0.001,0.005,-0.002,-0.159,0.001,-0.006,0.002,0.002,-0.0,0.507,1.0,-0.0,-0.0,0.001,0.004,0.001,-0.16,0.021,-0.014,0.0,0.002,-0.003,0.38,1.0,-0.001,0.0,0.001,0.005,-0.002,-0.159,0.001,-0.006,0.002,0.0,0.0,0.36292134831460665,1.0,0.0,0.0,0.0,43.1941373204071,0.07358981265893566,0.3,99.99998749171637,110.0000000698437,0.5000001926531367,54.99550306523598,0.1749301277242732,0.0008,0.001,0.0039,0.0034
844,1762746525.5722723,0.0009641626168689335,-0.0005476399458769661,0.22803481074277274,-1.7357912286462983e-05,0.0015577270003800624,0.0035166185039949235,0.007155116754187537,0.0003587863252212917,0.002,-0.002,0.371,1.0,-0.001,-0.0,0.001,0.011,0.01,-0.177,0.013,-0.02,-0.001,0.002,-0.0,0.495,1.0,0.0,-0.001,0.001,0.003,0.001,-0.147,0.012,-0.003,0.0,0.002,-0.002,0.371,1.0,-0.001,-0.0,0.001,0.011,0.01,-0.177,0.013,-0.02,-0.001,0.0,0.0,0.3528089887640449,1.0,0.0,0.0,0.0,43.1902287663067,0.07338837766776071,0.3,99.99998748190336,110.00000006983656,0.5000001927686698,54.995504450581315,0.1747723010958893,0.0007,0.0013,0.0053,0.0075
845,1762746525.6388566,0.00029228290433412163,0.0028422727545327686,0.2267309510827296,-0.0003247678386457391,-0.003359398562674059,0.01694956350204867,-0.00651929830021586,-0.0015370496317963808,0.003,-0.002,0.359,1.0,-0.0,-0.001,0.001,-0.015,0.012,-0.16,0.021,-0.008,-0.0,0.002,-0.0,0.484,1.0,0.001,-0.001,0.001,0.002,0.001,-0.145,0.005,0.001,0.0,0.003,-0.002,0.359,1.0,-0.0,-0.001,0.001,-0.015,0.012,-0.16,0.021,-0.008,-0.0,0.0,0.0,0.3426966292134831,1.0,0.0,0.0,0.0,43.19037288497549,0.0734039269666437,0.3,99.99998747965316,110.00000006983385,0.500000192801083,54.995505341508824,0.1745849164161515,0.0008,0.0012,0.0055,0.0073
846,1762746525.7002487,0.0005427255455870312,0.001770657090063383,0.22566835621685047,-0.0005284924454663505,0.0012522132062645483,-0.005358078322346928,-0.005312974329395606,-0.0010186230341030567,0.003,-0.001,0.348,1.0,-0.0,-0.0,0.001,0.004,0.01,-0.15,0.012,-0.0,0.0,0.003,0.0,0.473,1.0,0.001,-0.0,0.001,0.001,0.0,-0.14,-0.002,0.017,0.0,0.003,-0.001,0.348,1.0,-0.0,-0.0,0.001,0.004,0.01,-0.15,0.012,-0.0,0.0,0.0,0.0,0.3325842696629213,1.0,0.0,0.0,0.0,43.19359186627273,0.07357045245347536,0.3,99.99998747632586,110.00000006983227,0.500000192848973,54.995499465619304,0.17462624190808865,0.0006,0.0008,0.0046,0.0036
847,1762746525.7719965,-0.0013930834240031991,-0.002444321491922168,0.22610324330294668,-0.0003897882746885397,-0.009679044847951151,-0.021074892909927756,0.0021744354304811097,0.0006935208538890539,0.004,-0.0,0.34,1.0,0.0,0.0,0.001,0.012,0.01,-0.156,0.013,0.014,-0.002,0.003,0.0,0.461,1.0,0.0,0.0,0.001,0.001,-0.0,-0.175,-0.002,0.017,0.001,0.004,-0.0,0.34,1.0,0.0,0.0,0.001,0.012,0.01,-0.156,0.013,0.014,-0.002,0.0,0.0,0.32247191011235943,1.0,0.0,0.0,0.0,43.19604630154945,0.07370264857462153,0.3,99.99998745295066,110.00000006981678,0.5000001931177155,54.995498294574844,0.17462113735799614,0.001,0.0012,0.0052,0.0072
848,1762746525.8350997,1.728835412014365e-05,-0.0036025361380046736,0.22368568080071152,-0.00027330526139674133,0.007051858890616715,-0.005791073230412527,-0.012087812511175864,0.0005824150664589919,0.004,-0.001,0.329,1.0,0.0,0.001,0.001,0.002,0.004,-0.125,0.001,0.027,-0.001,0.003,-0.0,0.449,1.0,0.0,0.0,0.001,0.002,-0.001,-0.182,-0.009,-0.008,0.0,0.004,-0.001,0.329,1.0,0.0,0.001,0.001,0.002,0.004,-0.125,0.001,0.027,-0.001,0.0,0.0,0.31235955056179765,1.0,0.0,0.0,0.0,43.207369293402486,0.0742486058865239,0.3,99.99998743751885,110.00000006980575,0.5000001932994503,54.99549179542644,0.17458091739731085,0.0009,0.0013,0.0054,0.0036
849,1762746525.900773,0.0005551656112121717,-0.0016334458166084535,0.22586338968381217,-0.00019321918276804932,0.0026893862854601414,0.009845451606981102,0.010888544415503194,0.0004004303931434604,0.004,-0.001,0.316,1.0,-0.0,0.001,0.001,-0.003,0.002,-0.158,-0.005,0.004,-0.001,0.003,-0.0,0.436,1.0,0.0,-0.0,0.001,0.002,-0.001,-0.196,-0.005,-0.023,0.0,0.004,-0.001,0.316,1.0,-0.0,0.001,0.001,-0.003,0.002,-0.158,-0.005,0.004,-0.001,0.0,0.0,0.30224719101123587,1.0,0.0,0.0,0.0,43.21077475209134,0.07440839846325638,0.3,99.99998742396212,110.0000000697954,0.5000001934535612,54.99548551803453,0.17465411973884024,0.0005,0.0008,0.0039,0.0048
850,1762746525.9712098,0.0016572392721083376,0.0007398425439606453,0.2278445502006124,-0.00022940968953558667,0.00551036830448083,0.011866441802845492,0.009905802584001047,-0.00018095253383768658,0.004,0.0,0.306,1.0,-0.0,0.0,0.001,-0.002,0.021,-0.185,-0.009,-0.017,-0.01,0.003,-0.0,0.422,1.0,0.0,-0.001,0.001,0.001,-0.001,-0.178,0.002,-0.011,0.0,0.004,0.0,0.306,1.0,-0.0,0.0,0.001,-0.002,0.021,-0.185,-0.009,-0.017,-0.01,0.0,0.0,0.2921348314606741,1.0,0.0,0.0,0.0,43.20682273863208,0.07421788871758529,0.29995480622766174,99.99998733871756,110.000000069748,0.500000194379169,54.99548780766764,0.174608127731368,0.0011,0.0013,0.0054,0.006
851,1762746526.0329666,-0.0001268815989777395,0.00048303311150916487,0.2272114092286814,-0.00013355139326512092,-0.008920604355430385,-0.001284047162257401,-0.003165704859655042,0.0004792914813523287,0.004,-0.001,0.293,1.0,-0.0,-0.0,0.001,0.002,-0.005,-0.175,-0.003,-0.012,0.001,0.003,-0.0,0.409,1.0,0.0,-0.001,0.001,0.0,-0.001,-0.172,0.008,0.008,-0.0,0.004,-0.001,0.293,1.0,-0.0,-0.0,0.001,0.002,-0.005,-0.175,-0.003,-0.012,0.001,0.0,0.0,0.2820224719101123,1.0,0.0,0.0,0.0,43.20497689506854,0.07412629579108664,0.3,99.9999873441488,110.00000006975098,0.5000001943244137,54.99548505563654,0.17459386856032252,0.0005,0.0008,0.0036,0.004
852,1762746526.099318,-0.0017912050766076327,0.0004239056715534135,0.22884774764863258,-7.226437128718448e-05,-0.008321617388149466,-0.00029563719977875687,0.00818169209975575,0.00030643510988968197,0.005,0.0,0.282,1.0,-0.0,-0.001,0.001,0.006,0.008,-0.212,0.012,-0.014,0.001,0.003,-0.0,0.395,1.0,0.0,-0.0,0.001,-0.0,-0.002,-0.198,0.001,0.01,0.0,0.005,0.0,0.282,1.0,-0.0,-0.001,0.001,0.006,0.008,-0.212,0.012,-0.014,0.001,0.0,0.0,0.2719101123595504,1.0,0.0,0.0,0.0,43.1929049259578,0.07354066889097585,0.3,99.9999873496927,110.00000006975476,0.5000001942652404,54.99548348246345,0.17472443486853936,0.0006,0.0008,0.0036,0.0037
853,1762746526.170535,-0.00307237256149859,-0.000745864319492454,0.22371945891707087,-0.00026009000210616587,-0.0064058374244547875,-0.005848849955229336,-0.02564144365780853,-0.0009391281540949068,0.004,-0.0,0.273,1.0,-0.0,0.0,0.001,-0.005,-0.003,-0.148,0.002,0.018,0.0,0.003,-0.0,0.382,1.0,0.0,-0.0,0.001,-0.001,-0.002,-0.171,-0.011,0.006,-0.0,0.004,-0.0,0.273,1.0,-0.0,0.0,0.001,-0.005,-0.003,-0.148,0.002,0.018,0.0,0.0,0.0,0.26179775280898865,1.0,0.0,0.0,0.0,43.198552495987364,0.07382176597863006,0.29998784871486894,99.99998734871653,110.0000000697568,0.5000001942759112,54.99548399770215,0.1746888157197253,0.0011,0.0012,0.0053,0.0055
854,1762746526.232509,-0.0024215647914852256,-0.0014071602208337204,0.22633797585004828,-0.00015571990645071157,0.003254038850066822,-0.0033064795067063325,0.013092584664886888,0.0005218504782772714,0.004,-0.001,0.263,1.0,-0.0,0.0,0.001,0.001,-0.009,-0.172,0.003,0.011,0.003,0.003,-0.001,0.369,1.0,-0.0,-0.0,0.001,-0.001,-0.002,-0.191,-0.016,-0.001,-0.0,0.004,-0.001,0.263,1.0,-0.0,0.0,0.001,0.001,-0.009,-0.172,0.003,0.011,0.003,0.0,0.0,0.25168539325842687,1.0,0.0,0.0,0.0,43.200077047057334,0.07390547717005211,0.3,99.99998736648394,110.0000000697673,0.5000001940889508,54.99547967920233,0.1748089340607328,0.0006,0.0009,0.0036,0.0035
