0.058,-0.372,-0.008,1.0,-0.008,-0.006,-0.004,0.001,0.002,-0.0,-0.021,-0.093,0.015
0.058,-0.372,-0.008,1.0,-0.008,-0.005,-0.005,-0.001,0.003,-0.002,0.035,-0.064,-0.05
0.058,-0.372,-0.008,1.0,-0.009,-0.003,-0.003,0.009,-0.012,0.011,-0.11,0.137,0.11
0.058,-0.372,-0.008,1.0,-0.008,-0.004,-0.005,-0.003,0.003,-0.004,0.08,-0.042,-0.029
0.058,-0.372,-0.008,1.0,-0.007,-0.004,-0.005,-0.005,0.002,0.0,0.07,0.091,-0.009
0.059,-0.372,-0.007,1.0,-0.012,0.002,-0.002,0.009,-0.016,0.025,-0.346,0.738,0.274
0.058,-0.372,-0.008,1.0,-0.008,-0.004,-0.004,-0.003,0.002,-0.002,0.014,0.051,0.011
0.058,-0.372,-0.008,1.0,-0.008,-0.003,-0.005,-0.021,0.012,-0.016,0.276,-0.219,-0.222
0.059,-0.372,-0.007,1.0,-0.012,0.002,-0.003,0.014,-0.009,0.014,-0.191,0.398,0.152
0.058,-0.372,-0.008,1.0,-0.008,-0.005,-0.004,-0.002,0.003,-0.008,0.062,-0.186,0.03
0.058,-0.372,-0.008,1.0,-0.009,-0.003,-0.003,-0.002,-0.002,-0.003,0.029,-0.003,0.098
0.058,-0.372,-0.008,1.0,-0.007,-0.006,-0.006,-0.009,0.011,-0.014,0.236,-0.293,-0.16
0.059,-0.372,-0.007,1.0,-0.013,0.001,-0.004,0.014,-0.019,0.034,-0.578,0.71,0.109
0.059,-0.372,-0.007,1.0,-0.01,0.001,-0.003,0.024,-0.01,0.014,-0.155,0.308,0.188
0.059,-0.372,-0.008,1.0,-0.01,-0.0,-0.002,0.021,-0.009,0.007,-0.103,0.252,0.222
0.059,-0.372,-0.007,1.0,-0.012,0.002,-0.002,0.01,-0.012,0.014,-0.245,0.394,0.293
0.058,-0.372,-0.008,1.0,-0.007,-0.006,-0.006,-0.009,0.012,-0.015,0.277,-0.422,-0.185
0.058,-0.372,-0.008,1.0,-0.01,-0.002,-0.005,-0.01,-0.001,0.008,-0.119,0.172,0.02
0.059,-0.372,-0.008,1.0,-0.009,-0.003,-0.004,0.021,-0.013,0.009,-0.078,0.09,0.109
0.058,-0.372,-0.007,1.0,-0.01,-0.001,-0.005,-0.015,0.003,0.002,0.031,0.217,-0.039
0.058,-0.372,-0.008,1.0,-0.008,-0.005,-0.005,-0.009,0.002,-0.007,0.063,0.047,0.093
0.059,-0.372,-0.007,1.0,-0.012,0.002,-0.002,0.001,-0.007,0.003,-0.096,0.182,0.195
0.058,-0.372,-0.007,1.0,-0.01,-0.001,-0.005,-0.018,0.012,-0.019,0.487,-0.488,-0.075
0.058,-0.372,-0.007,1.0,-0.009,-0.004,-0.006,-0.006,0.009,-0.016,0.328,-0.634,-0.25
0.058,-0.372,-0.007,1.0,-0.01,-0.004,-0.006,0.005,0.002,-0.001,0.045,-0.193,-0.066
0.059,-0.372,-0.008,1.0,-0.011,-0.011,-0.008,0.003,0.003,-0.014,-0.014,-0.928,-0.184
0.058,-0.372,-0.007,1.0,-0.01,-0.004,-0.006,-0.002,-0.004,0.01,-0.042,0.287,0.01
0.059,-0.372,-0.007,1.0,-0.014,0.005,-0.004,0.015,-0.007,0.029,-0.45,1.017,0.217
0.058,-0.372,-0.007,1.0,-0.009,-0.004,-0.006,-0.0,0.002,0.002,0.04,0.014,0.015
0.058,-0.372,-0.007,1.0,-0.009,-0.005,-0.006,0.001,0.002,0.002,0.013,0.012,-0.005
0.059,-0.371,-0.007,1.0,-0.009,-0.003,-0.006,0.005,0.002,-0.015,0.145,-0.428,-0.09
0.058,-0.371,-0.007,1.0,-0.008,0.007,-0.003,-0.006,0.0,0.005,0.049,0.206,0.097
0.058,-0.371,-0.007,1.0,-0.008,0.007,-0.003,-0.006,0.0,0.005,0.049,0.206,0.097
0.058,-0.371,-0.007,1.0,-0.008,0.002,-0.004,0.001,-0.0,0.003,0.001,-0.188,0.03
0.059,-0.371,-0.005,1.0,-0.008,0.006,-0.005,0.011,0.002,0.038,-0.153,0.225,-0.002
0.059,-0.371,-0.005,1.0,-0.008,0.006,-0.005,0.011,0.002,0.038,-0.153,0.225,-0.002
0.059,-0.37,-0.005,1.0,-0.01,0.005,-0.004,0.01,0.008,-0.003,-0.059,-0.274,-0.02
0.062,-0.369,-0.001,1.0,-0.017,0.004,-0.006,0.035,0.023,0.06,-0.236,-0.057,-0.195
0.063,-0.368,-0.0,1.0,-0.02,-0.005,-0.005,0.046,0.027,0.058,-0.258,-0.561,-0.011
0.064,-0.368,0.0,1.0,-0.02,-0.004,-0.006,0.045,0.031,0.064,-0.116,-0.261,-0.056
0.067,-0.365,0.008,0.999,-0.029,0.018,-0.008,0.036,0.057,0.174,-0.905,1.214,-0.51
0.068,-0.364,0.009,1.0,-0.013,0.006,-0.004,0.049,0.038,0.12,0.611,0.152,-0.029
0.069,-0.364,0.008,1.0,-0.017,-0.001,-0.007,0.063,0.051,0.046,-0.022,-0.508,-0.291
0.074,-0.361,0.017,1.0,-0.016,0.002,-0.008,0.097,0.06,0.14,0.083,0.496,-0.207
0.075,-0.36,0.022,1.0,-0.005,0.013,-0.004,0.054,0.038,0.267,1.199,1.241,0.43
0.075,-0.359,0.026,0.998,-0.051,0.04,-0.024,0.015,0.089,0.372,-3.731,3.918,-1.522
0.083,-0.355,0.032,1.0,-0.012,0.002,-0.01,0.095,0.064,0.157,-0.007,0.201,-0.128
0.086,-0.353,0.038,1.0,-0.008,-0.003,-0.008,0.112,0.068,0.18,0.169,-0.273,0.046
0.089,-0.352,0.042,1.0,-0.008,-0.006,-0.003,0.051,0.015,0.111,-0.36,0.093,0.41
0.094,-0.349,0.045,1.0,-0.0,-0.017,-0.007,0.112,0.068,0.122,0.308,-0.192,0.085
0.094,-0.349,0.045,1.0,-0.0,-0.017,-0.007,0.112,0.068,0.122,0.308,-0.192,0.085
0.094,-0.347,0.051,0.999,-0.032,0.012,-0.016,0.029,0.064,0.181,-2.248,1.918,-0.664
0.101,-0.343,0.052,1.0,-0.006,-0.02,-0.008,0.079,0.065,0.011,-0.385,-0.667,-0.142
0.101,-0.343,0.052,1.0,-0.006,-0.02,-0.008,0.079,0.065,0.011,-0.385,-0.667,-0.142
0.104,-0.342,0.054,1.0,-0.006,-0.028,-0.008,0.083,0.071,0.073,0.064,-0.914,-0.069
0.107,-0.339,0.059,1.0,0.004,-0.011,-0.003,0.046,0.057,0.067,0.749,0.137,0.144
0.107,-0.339,0.059,1.0,0.004,-0.011,-0.003,0.046,0.057,0.067,0.749,0.137,0.144
0.109,-0.338,0.06,0.999,0.004,-0.036,-0.009,0.082,0.029,0.038,-0.002,-1.95,-0.42
0.111,-0.336,0.064,1.0,-0.007,-0.003,-0.007,0.045,0.031,0.051,-0.265,0.653,-0.248
0.111,-0.336,0.064,1.0,-0.007,-0.003,-0.007,0.045,0.031,0.051,-0.265,0.653,-0.248
0.112,-0.335,0.065,1.0,-0.008,-0.007,-0.008,0.029,0.033,0.05,-0.166,0.162,-0.151
0.114,-0.334,0.068,1.0,-0.007,-0.004,-0.006,0.026,0.01,0.048,-0.009,0.004,-0.019
0.114,-0.334,0.068,1.0,-0.007,-0.004,-0.006,0.026,0.01,0.048,-0.009,0.004,-0.019
0.115,-0.334,0.07,1.0,-0.006,-0.008,-0.007,0.025,0.018,0.06,0.103,-0.138,-0.042
0.117,-0.333,0.076,1.0,-0.007,-0.015,-0.006,0.033,0.015,0.077,-0.208,-0.839,0.04
0.117,-0.333,0.076,1.0,-0.007,-0.015,-0.006,0.033,0.015,0.077,-0.208,-0.839,0.04
0.118,-0.334,0.079,1.0,-0.008,-0.007,-0.006,0.06,-0.021,0.163,-0.072,0.533,0.059
0.119,-0.333,0.086,1.0,-0.007,-0.008,-0.008,0.03,-0.008,0.126,-0.169,0.185,-0.102
0.119,-0.333,0.089,1.0,-0.008,-0.012,-0.008,0.005,0.007,0.125,-0.061,-0.432,-0.025
0.119,-0.333,0.091,1.0,-0.004,-0.0,-0.007,0.003,0.001,0.136,0.275,0.723,0.009
0.12,-0.333,0.101,1.0,-0.009,-0.001,-0.008,0.02,0.0,0.165,-0.301,0.204,-0.037
0.121,-0.333,0.104,1.0,-0.007,0.004,-0.006,0.02,-0.008,0.162,-0.055,0.703,0.09
0.121,-0.334,0.106,1.0,-0.007,-0.001,-0.006,0.025,-0.007,0.166,-0.014,-0.026,0.109
0.123,-0.334,0.119,1.0,-0.016,-0.0,-0.01,0.028,0.007,0.162,-0.267,-0.336,-0.264
0.124,-0.334,0.122,1.0,-0.007,-0.008,-0.01,0.076,-0.004,0.187,0.426,-0.671,-0.453
0.124,-0.335,0.124,1.0,-0.008,-0.016,-0.008,0.047,-0.019,0.186,0.126,-1.515,-0.29
0.126,-0.336,0.139,1.0,-0.004,-0.012,-0.008,0.053,-0.026,0.22,0.07,0.401,-0.084
0.126,-0.336,0.144,1.0,-0.004,-0.009,-0.007,0.013,0.001,0.235,0.045,0.101,0.034
0.127,-0.335,0.147,1.0,-0.004,-0.003,-0.008,0.045,0.001,0.217,0.376,0.172,0.029
0.128,-0.337,0.163,1.0,-0.011,-0.019,-0.004,0.053,-0.002,0.255,-0.507,-2.247,0.096
0.128,-0.337,0.163,1.0,-0.011,-0.019,-0.004,0.053,-0.002,0.255,-0.507,-2.247,0.096
0.129,-0.338,0.171,1.0,-0.01,-0.007,-0.01,0.037,-0.008,0.239,-0.273,-0.878,-0.357
0.131,-0.339,0.189,1.0,-0.011,0.007,-0.006,0.056,-0.003,0.249,0.004,0.189,-0.085
0.131,-0.339,0.189,1.0,-0.011,0.007,-0.006,0.056,-0.003,0.249,0.004,0.189,-0.085
0.132,-0.34,0.197,1.0,-0.004,0.012,-0.007,0.042,-0.008,0.276,0.416,0.331,-0.051
0.137,-0.341,0.218,1.0,-0.013,0.018,-0.01,0.079,-0.009,0.251,0.681,-0.569,-0.127
0.139,-0.342,0.223,1.0,0.002,0.005,-0.006,0.11,-0.006,0.252,1.325,-1.085,0.133
0.139,-0.343,0.225,1.0,-0.006,0.0,-0.007,0.084,-0.032,0.263,0.229,-1.172,-0.017
0.146,-0.345,0.246,1.0,-0.013,0.004,-0.008,0.106,-0.031,0.292,-0.366,-0.084,-0.008
0.146,-0.345,0.246,1.0,-0.013,0.004,-0.008,0.106,-0.031,0.292,-0.366,-0.084,-0.008
0.149,-0.345,0.256,1.0,-0.024,0.017,-0.008,0.095,-0.022,0.338,-1.058,1.02,-0.066
0.158,-0.347,0.275,1.0,-0.015,0.008,-0.011,0.161,-0.03,0.252,1.047,-0.953,0.065
0.16,-0.347,0.281,1.0,-0.013,0.008,-0.007,0.122,-0.036,0.276,0.483,-0.377,0.289
0.162,-0.347,0.284,1.0,-0.012,0.008,-0.008,0.13,-0.019,0.282,0.369,-0.267,0.11
0.171,-0.349,0.304,1.0,-0.012,0.001,-0.011,0.162,-0.055,0.263,0.037,-0.295,-0.37
0.174,-0.348,0.311,1.0,-0.018,0.005,-0.011,0.158,-0.011,0.288,0.075,-0.157,-0.146
0.176,-0.348,0.313,1.0,-0.018,0.005,-0.011,0.15,-0.004,0.278,0.057,-0.106,-0.049
0.186,-0.349,0.332,1.0,-0.017,0.004,-0.009,0.152,-0.0,0.27,-0.112,0.111,0.033
0.186,-0.349,0.332,1.0,-0.017,0.004,-0.009,0.152,-0.0,0.27,-0.112,0.111,0.033
0.19,-0.349,0.341,1.0,-0.015,0.002,-0.008,0.152,0.006,0.294,0.122,0.077,-0.061
0.2,-0.349,0.358,1.0,-0.017,-0.004,-0.004,0.122,0.0,0.211,-0.215,-0.148,0.239
0.2,-0.349,0.358,1.0,-0.017,-0.004,-0.004,0.122,0.0,0.211,-0.215,-0.148,0.239
0.206,-0.348,0.367,1.0,-0.014,-0.016,-0.009,0.17,0.02,0.23,0.282,-1.315,-0.09
0.216,-0.346,0.382,1.0,-0.014,-0.016,-0.009,0.16,0.029,0.202,-0.087,-0.873,-0.086
0.216,-0.346,0.382,1.0,-0.014,-0.016,-0.009,0.16,0.029,0.202,-0.087,-0.873,-0.086
0.22,-0.346,0.388,1.0,-0.014,-0.007,-0.01,0.141,0.012,0.201,0.076,0.388,-0.022
0.23,-0.345,0.4,1.0,-0.012,-0.0,-0.007,0.161,0.02,0.188,0.228,-0.01,-0.101
0.23,-0.345,0.4,1.0,-0.012,-0.0,-0.007,0.161,0.02,0.188,0.228,-0.01,-0.101
0.235,-0.344,0.404,1.0,-0.013,-0.01,-0.01,0.144,0.02,0.143,-0.115,-0.788,-0.171
0.245,-0.342,0.414,1.0,-0.019,0.004,-0.011,0.166,0.024,0.111,0.136,-0.229,0.047
0.245,-0.342,0.414,1.0,-0.019,0.004,-0.011,0.166,0.024,0.111,0.136,-0.229,0.047
0.25,-0.341,0.416,1.0,-0.014,-0.003,-0.007,0.173,0.031,0.06,0.455,-0.878,0.298
0.26,-0.339,0.42,1.0,-0.013,-0.004,-0.008,0.17,0.03,0.074,0.095,0.107,-0.032
0.26,-0.339,0.42,1.0,-0.013,-0.004,-0.008,0.17,0.03,0.074,0.095,0.107,-0.032
0.264,-0.339,0.421,1.0,-0.013,0.002,-0.004,0.113,0.013,0.029,-0.057,0.631,0.232
0.275,-0.336,0.423,1.0,-0.014,-0.016,-0.009,0.168,0.046,0.017,-0.185,-1.175,-0.262
0.278,-0.336,0.424,1.0,-0.028,0.006,-0.008,0.142,0.015,0.085,-1.61,1.388,0.037
0.279,-0.335,0.423,1.0,-0.009,-0.006,-0.006,0.136,0.026,0.007,0.574,-0.177,0.085
0.29,-0.333,0.422,1.0,-0.011,-0.009,-0.009,0.155,0.031,-0.047,0.208,-0.236,-0.01
0.292,-0.332,0.421,1.0,-0.013,-0.004,-0.005,0.107,0.018,-0.058,-0.152,0.164,0.423
0.293,-0.331,0.422,1.0,-0.02,0.005,-0.015,0.112,0.063,0.008,-0.841,0.847,-0.571
0.303,-0.33,0.418,1.0,-0.014,-0.005,-0.006,0.134,0.023,-0.034,0.17,0.05,0.251
0.306,-0.329,0.417,1.0,-0.007,-0.007,-0.009,0.144,0.024,-0.033,0.577,-0.218,-0.121
0.307,-0.329,0.416,1.0,-0.011,-0.008,-0.011,0.136,0.045,-0.07,0.063,-0.16,-0.234
0.315,-0.327,0.411,1.0,-0.003,-0.012,-0.006,0.128,0.025,-0.08,0.394,-0.278,0.065
0.315,-0.327,0.411,1.0,-0.003,-0.012,-0.006,0.128,0.025,-0.08,0.394,-0.278,0.065
0.319,-0.326,0.408,1.0,-0.003,-0.005,-0.005,0.104,0.007,-0.091,0.022,0.642,0.26
0.327,-0.325,0.399,1.0,-0.009,-0.019,-0.01,0.122,0.023,-0.135,0.167,-0.51,-0.097
0.327,-0.325,0.399,1.0,-0.009,-0.019,-0.01,0.122,0.023,-0.135,0.167,-0.51,-0.097
0.329,-0.324,0.397,1.0,-0.019,-0.007,-0.013,0.104,0.038,-0.084,-0.68,0.293,-0.395
0.336,-0.322,0.387,1.0,-0.018,-0.011,-0.009,0.138,0.034,-0.132,0.233,-0.923,0.145
0.336,-0.322,0.387,1.0,-0.018,-0.011,-0.009,0.138,0.034,-0.132,0.233,-0.923,0.145
0.341,-0.321,0.378,1.0,-0.012,-0.016,-0.007,0.074,0.026,-0.133,0.157,-0.062,0.221
0.342,-0.32,0.373,1.0,-0.01,-0.014,-0.006,0.044,-0.026,-0.128,0.253,0.138,0.454
0.342,-0.32,0.373,1.0,-0.01,-0.014,-0.006,0.044,-0.026,-0.128,0.253,0.138,0.454
0.344,-0.319,0.369,1.0,-0.009,-0.013,-0.009,0.06,0.032,-0.132,0.151,0.079,0.019
0.347,-0.317,0.358,1.0,-0.007,0.002,-0.006,0.027,0.03,-0.115,0.566,1.161,0.208
0.347,-0.317,0.358,1.0,-0.007,0.002,-0.006,0.027,0.03,-0.115,0.566,1.161,0.208
0.35,-0.316,0.353,1.0,-0.013,-0.012,-0.012,0.059,0.038,-0.158,-0.039,-0.239,-0.267
0.352,-0.314,0.341,1.0,-0.013,-0.016,-0.009,0.048,0.033,-0.177,0.027,-0.051,0.064
0.352,-0.314,0.341,1.0,-0.013,-0.016,-0.009,0.048,0.033,-0.177,0.027,-0.051,0.064
0.353,-0.313,0.335,1.0,-0.013,-0.021,-0.009,0.033,0.024,-0.166,0.111,-0.143,0.027
0.355,-0.311,0.321,1.0,-0.014,-0.026,-0.01,0.027,0.037,-0.213,0.241,-0.886,-0.088
0.355,-0.311,0.321,1.0,-0.014,-0.026,-0.01,0.027,0.037,-0.213,0.241,-0.886,-0.088
0.355,-0.31,0.315,1.0,-0.013,-0.021,-0.009,0.012,0.034,-0.197,0.118,0.029,0.043
0.354,-0.307,0.302,1.0,-0.009,-0.008,-0.007,-0.024,0.033,-0.183,0.527,0.686,0.24
0.354,-0.307,0.302,1.0,-0.009,-0.008,-0.007,-0.024,0.033,-0.183,0.527,0.686,0.24
0.353,-0.306,0.294,1.0,-0.021,-0.014,-0.006,-0.038,0.017,-0.248,-0.441,-0.086,0.28
0.352,-0.302,0.281,1.0,-0.014,-0.014,-0.01,-0.023,0.044,-0.212,0.271,0.162,0.023
0.352,-0.302,0.281,1.0,-0.014,-0.014,-0.01,-0.023,0.044,-0.212,0.271,0.162,0.023
0.35,-0.3,0.275,0.999,-0.033,0.004,-0.018,-0.056,0.075,-0.188,-0.671,0.663,-0.478
0.348,-0.297,0.26,1.0,-0.023,-0.006,-0.015,-0.038,0.066,-0.188,-0.342,0.424,-0.155
0.348,-0.297,0.26,1.0,-0.023,-0.006,-0.015,-0.038,0.066,-0.188,-0.342,0.424,-0.155
0.347,-0.295,0.251,1.0,-0.014,-0.02,-0.011,-0.032,0.051,-0.22,0.233,-0.376,-0.05
0.343,-0.291,0.236,1.0,-0.011,-0.016,-0.009,-0.066,0.063,-0.263,0.148,-0.094,0.032
0.341,-0.29,0.231,1.0,-0.004,-0.01,-0.006,-0.079,0.043,-0.209,0.418,0.839,0.265
0.341,-0.29,0.229,1.0,-0.007,-0.02,-0.01,-0.059,0.04,-0.228,0.003,-0.283,-0.111
0.336,-0.286,0.213,1.0,-0.01,-0.018,-0.008,-0.066,0.042,-0.259,0.1,-0.415,0.161
0.334,-0.284,0.208,1.0,-0.007,-0.018,-0.009,-0.076,0.041,-0.224,0.214,-0.403,-0.094
0.33,-0.283,0.198,1.0,-0.012,-0.017,-0.006,-0.094,0.039,-0.246,-0.216,-0.209,0.059
0.327,-0.281,0.191,1.0,-0.015,-0.016,-0.007,-0.09,0.03,-0.225,-0.354,-0.242,0.074
0.325,-0.28,0.188,1.0,-0.002,-0.011,-0.011,-0.106,0.06,-0.193,0.719,0.353,-0.341
0.324,-0.28,0.186,1.0,-0.007,-0.015,-0.009,-0.09,0.038,-0.181,0.254,-0.255,0.001
0.316,-0.277,0.175,1.0,-0.001,-0.0,-0.005,-0.132,0.026,-0.136,0.566,1.016,0.361
0.316,-0.277,0.175,1.0,-0.001,-0.0,-0.005,-0.132,0.026,-0.136,0.566,1.016,0.361
0.312,-0.276,0.17,1.0,-0.022,0.0,-0.022,-0.177,0.042,-0.096,-1.6,0.923,-1.294
0.306,-0.274,0.159,1.0,-0.008,-0.003,-0.007,-0.104,0.028,-0.116,0.151,0.394,0.219
0.306,-0.274,0.159,1.0,-0.008,-0.003,-0.007,-0.104,0.028,-0.116,0.151,0.394,0.219
0.303,-0.272,0.155,1.0,-0.024,0.0,-0.015,-0.137,0.051,-0.101,-1.424,1.282,-0.57
0.295,-0.271,0.146,1.0,-0.003,-0.007,-0.007,-0.121,0.023,-0.077,0.634,0.465,0.15
0.295,-0.271,0.146,1.0,-0.003,-0.007,-0.007,-0.121,0.023,-0.077,0.634,0.465,0.15
0.293,-0.269,0.14,1.0,0.002,-0.02,-0.013,-0.11,0.081,-0.215,0.593,-0.326,-0.304
0.284,-0.269,0.135,1.0,-0.008,-0.02,-0.012,-0.104,0.035,-0.11,0.077,-0.317,-0.184
0.284,-0.269,0.135,1.0,-0.008,-0.02,-0.012,-0.104,0.035,-0.11,0.077,-0.317,-0.184
0.28,-0.268,0.133,1.0,-0.006,-0.021,-0.01,-0.132,0.008,-0.087,0.355,-0.362,0.162
0.27,-0.268,0.13,1.0,-0.009,-0.017,-0.012,-0.14,0.005,-0.044,0.031,0.157,-0.112
0.27,-0.268,0.13,1.0,-0.009,-0.017,-0.012,-0.14,0.005,-0.044,0.031,0.157,-0.112
0.264,-0.267,0.13,1.0,-0.023,0.003,-0.018,-0.197,0.027,0.038,-1.311,1.562,-0.695
0.254,-0.267,0.13,1.0,-0.014,-0.006,-0.007,-0.162,-0.004,0.001,-0.359,0.171,0.102
0.251,-0.267,0.13,1.0,-0.01,-0.007,-0.01,-0.135,0.03,0.031,0.197,-0.03,-0.241
0.25,-0.267,0.131,1.0,-0.011,-0.009,-0.012,-0.131,0.005,0.063,0.029,-0.119,-0.279
0.238,-0.267,0.136,1.0,0.0,0.003,-0.004,-0.19,-0.003,0.101,0.503,1.053,0.543
0.238,-0.267,0.136,1.0,0.0,0.003,-0.004,-0.19,-0.003,0.101,0.503,1.053,0.543
0.234,-0.267,0.137,1.0,-0.006,-0.008,-0.005,-0.18,-0.023,0.039,0.115,-0.028,0.493
0.224,-0.268,0.145,1.0,-0.004,-0.012,-0.011,-0.141,-0.007,0.122,0.067,0.065,-0.023
0.22,-0.268,0.147,1.0,-0.0,-0.02,-0.008,-0.142,-0.046,0.055,0.991,-1.205,0.472
0.219,-0.269,0.148,1.0,-0.006,-0.013,-0.01,-0.166,-0.042,0.086,0.132,-0.225,0.169
0.207,-0.27,0.156,1.0,-0.005,-0.019,-0.01,-0.143,-0.014,0.101,0.317,-0.896,-0.079
0.204,-0.27,0.159,1.0,-0.01,-0.014,-0.013,-0.153,-0.009,0.112,-0.03,-0.205,-0.214
0.202,-0.27,0.16,1.0,-0.008,-0.011,-0.014,-0.185,-0.029,0.109,0.214,0.196,-0.271
0.19,-0.271,0.174,1.0,-0.02,0.004,-0.015,-0.174,0.001,0.194,-0.625,0.635,-0.281
0.19,-0.271,0.174,1.0,-0.02,0.004,-0.015,-0.174,0.001,0.194,-0.625,0.635,-0.281
0.186,-0.272,0.179,1.0,-0.013,-0.006,-0.016,-0.143,0.012,0.176,0.142,-0.814,-0.638
0.175,-0.273,0.193,1.0,-0.013,-0.002,-0.011,-0.142,-0.009,0.199,0.137,-0.203,0.126
0.173,-0.273,0.198,1.0,-0.011,-0.006,-0.011,-0.119,-0.007,0.184,0.327,-1.003,-0.073
0.171,-0.273,0.2,1.0,-0.01,-0.005,-0.012,-0.131,-0.003,0.198,0.317,-0.602,-0.128
0.162,-0.274,0.218,1.0,-0.006,-0.002,-0.01,-0.135,-0.013,0.27,0.273,-0.109,0.026
0.162,-0.274,0.218,1.0,-0.006,-0.002,-0.01,-0.135,-0.013,0.27,0.273,-0.109,0.026
0.158,-0.274,0.226,1.0,-0.009,-0.001,-0.011,-0.121,-0.002,0.279,0.117,0.035,-0.057
0.15,-0.275,0.247,1.0,-0.009,0.007,-0.009,-0.117,-0.023,0.296,0.194,0.252,0.165
0.15,-0.275,0.247,1.0,-0.009,0.007,-0.009,-0.117,-0.023,0.296,0.194,0.252,0.165
0.148,-0.275,0.255,1.0,-0.011,0.001,-0.014,-0.102,0.004,0.31,0.08,-0.545,-0.373
0.142,-0.276,0.278,1.0,-0.012,0.004,-0.009,-0.065,-0.002,0.335,0.409,-0.155,0.086
0.142,-0.276,0.278,1.0,-0.012,0.004,-0.009,-0.065,-0.002,0.335,0.409,-0.155,0.086
0.14,-0.276,0.289,1.0,-0.013,0.005,-0.008,-0.071,-0.002,0.36,0.169,0.37,0.267
0.137,-0.276,0.315,1.0,-0.02,0.006,-0.01,-0.042,-0.003,0.371,-0.185,-0.011,0.031
0.137,-0.276,0.315,1.0,-0.02,0.006,-0.01,-0.042,-0.003,0.371,-0.185,-0.011,0.031
0.134,-0.276,0.34,1.0,-0.016,0.0,-0.012,-0.028,0.007,0.379,-0.012,-0.299,-0.049
0.132,-0.276,0.354,1.0,-0.018,0.009,-0.006,-0.071,-0.019,0.381,-0.16,0.445,0.303
0.132,-0.276,0.354,1.0,-0.018,0.009,-0.006,-0.071,-0.019,0.381,-0.16,0.445,0.303
0.132,-0.275,0.366,1.0,-0.013,0.0,-0.01,-0.007,0.008,0.4,0.389,-0.487,0.123
0.132,-0.274,0.396,1.0,-0.018,0.006,-0.011,0.007,0.01,0.461,-0.008,-0.072,0.088
0.132,-0.274,0.407,1.0,-0.01,-0.003,-0.011,0.024,0.015,0.421,0.586,-0.812,0.115
0.131,-0.274,0.412,1.0,-0.017,0.006,-0.015,-0.009,0.022,0.487,-0.222,0.198,-0.278
0.132,-0.273,0.443,1.0,-0.009,-0.002,-0.012,0.018,0.031,0.474,0.214,-0.145,-0.067
0.132,-0.273,0.457,1.0,-0.019,0.01,-0.015,-0.002,0.017,0.534,-0.463,0.969,-0.295
0.133,-0.273,0.46,1.0,-0.012,-0.011,-0.012,0.019,0.009,0.463,0.47,-1.259,0.089
0.134,-0.272,0.494,1.0,-0.011,-0.008,-0.013,0.033,0.015,0.53,0.086,-0.786,-0.114
0.135,-0.272,0.508,1.0,-0.019,0.005,-0.014,0.041,0.027,0.588,-1.095,0.111,-0.441
0.134,-0.272,0.513,0.999,-0.018,0.016,-0.025,-0.019,0.023,0.56,-0.528,1.112,-1.168
0.137,-0.272,0.549,1.0,-0.008,0.012,-0.008,0.024,0.004,0.562,0.352,0.438,0.284
0.138,-0.271,0.562,1.0,-0.009,0.003,-0.013,0.054,0.017,0.551,0.057,-0.403,-0.29
0.139,-0.271,0.568,1.0,-0.022,0.016,-0.014,0.037,0.014,0.623,-1.119,0.952,-0.306
0.143,-0.271,0.603,1.0,-0.003,-0.009,-0.012,0.084,0.004,0.536,0.55,-0.658,0.161
0.145,-0.271,0.618,1.0,-0.008,-0.007,-0.012,0.07,0.01,0.554,-0.167,-0.389,-0.059
0.145,-0.271,0.624,1.0,-0.02,0.007,-0.016,0.055,0.006,0.616,-1.225,1.005,-0.321
0.149,-0.272,0.661,1.0,-0.009,-0.004,-0.015,0.053,0.005,0.583,-0.053,0.233,-0.223
0.15,-0.272,0.663,1.0,-0.01,-0.016,-0.013,0.059,-0.006,0.571,-0.138,-0.738,-0.056
0.153,-0.273,0.701,1.0,-0.005,-0.004,-0.01,0.086,-0.023,0.671,0.129,0.112,0.559
0.186,-0.295,0.724,1.0,-0.008,-0.005,-0.009,1.484,-1.057,0.788,-0.236,0.328,0.302
0.186,-0.295,0.724,1.0,-0.008,-0.005,-0.009,1.484,-1.057,0.788,-0.236,0.328,0.302
0.157,-0.275,0.74,1.0,-0.008,-0.006,-0.013,0.044,-0.029,0.617,-0.444,-0.101,-0.04
0.162,-0.277,0.78,1.0,-0.013,-0.013,-0.01,0.054,-0.046,0.595,-0.174,-0.186,0.297
0.162,-0.277,0.78,1.0,-0.013,-0.013,-0.01,0.054,-0.046,0.595,-0.174,-0.186,0.297
0.163,-0.278,0.798,1.0,-0.022,-0.019,-0.01,0.033,-0.026,0.528,-0.631,0.128,0.088
0.166,-0.279,0.835,1.0,-0.016,-0.024,-0.012,0.071,-0.021,0.601,-0.149,0.088,0.575
0.166,-0.279,0.835,1.0,-0.016,-0.024,-0.012,0.071,-0.021,0.601,-0.149,0.088,0.575
0.165,-0.28,0.853,1.0,-0.013,-0.016,-0.015,0.008,0.011,0.565,0.209,0.491,-0.217
0.167,-0.281,0.891,0.999,-0.008,-0.029,-0.012,0.015,-0.022,0.632,-0.203,-0.452,-0.345
0.165,-0.282,0.904,1.0,-0.014,-0.012,-0.007,-0.038,-0.04,0.563,-0.273,0.373,0.191
0.166,-0.282,0.91,1.0,-0.01,-0.011,-0.011,0.015,0.002,0.586,0.194,0.498,-0.257
0.164,-0.283,0.948,1.0,-0.009,-0.018,-0.01,-0.065,0.008,0.555,-0.049,-0.585,0.0
0.164,-0.283,0.948,1.0,-0.009,-0.018,-0.01,-0.065,0.008,0.555,-0.049,-0.585,0.0
0.163,-0.283,0.964,1.0,0.0,-0.014,-0.02,-0.052,0.014,0.556,0.501,0.02,-0.517
0.161,-0.285,1.005,0.999,-0.009,-0.029,-0.014,-0.093,-0.037,0.645,-2.018,0.133,-0.715
0.161,-0.285,1.005,0.999,-0.009,-0.029,-0.014,-0.093,-0.037,0.645,-2.018,0.133,-0.715
0.16,-0.286,1.023,1.0,-0.014,-0.01,-0.009,-0.074,-0.015,0.604,-0.865,0.599,0.309
0.157,-0.288,1.065,1.0,-0.001,-0.003,-0.016,-0.028,-0.012,0.615,0.266,0.311,-0.283
0.157,-0.288,1.079,1.0,-0.003,-0.003,-0.011,0.001,-0.033,0.639,-0.117,0.672,0.591
0.156,-0.289,1.083,1.0,-0.006,-0.007,-0.011,-0.029,-0.03,0.617,-0.398,0.062,0.368
0.154,-0.291,1.125,1.0,-0.001,-0.014,-0.012,-0.033,-0.034,0.612,0.047,-1.153,0.116
0.152,-0.292,1.135,1.0,0.003,-0.009,-0.013,-0.075,-0.026,0.492,0.495,-0.098,-0.09
0.153,-0.292,1.143,1.0,0.0,-0.004,-0.01,-0.01,-0.044,0.675,0.124,0.299,0.111
0.151,-0.296,1.182,1.0,-0.009,-0.019,-0.011,-0.034,-0.057,0.585,-0.726,-0.453,0.228
0.15,-0.298,1.193,1.0,-0.011,-0.003,-0.008,-0.047,-0.083,0.528,-0.741,0.642,0.595
0.15,-0.298,1.201,1.0,-0.009,-0.003,-0.011,-0.004,-0.055,0.564,-0.164,0.365,0.105
0.148,-0.302,1.237,1.0,-0.002,-0.003,-0.016,-0.036,-0.074,0.538,0.614,-0.359,-0.477
0.148,-0.302,1.237,1.0,-0.002,-0.003,-0.016,-0.036,-0.074,0.538,0.614,-0.359,-0.477
0.148,-0.304,1.254,1.0,-0.009,0.007,-0.01,0.014,-0.075,0.591,-0.506,0.682,0.247
0.146,-0.308,1.289,1.0,0.002,0.013,-0.025,-0.083,-0.045,0.475,0.766,1.232,-1.094
0.146,-0.308,1.289,1.0,0.002,0.013,-0.025,-0.083,-0.045,0.475,0.766,1.232,-1.094
0.148,-0.31,1.305,1.0,-0.017,-0.005,-0.013,0.046,-0.076,0.522,-1.421,-0.586,0.23
0.149,-0.315,1.34,1.0,-0.014,-0.001,-0.009,0.067,-0.074,0.511,-0.375,-0.126,0.497
0.149,-0.315,1.34,1.0,-0.014,-0.001,-0.009,0.067,-0.074,0.511,-0.375,-0.126,0.497
0.149,-0.319,1.372,1.0,-0.016,-0.011,-0.011,0.033,-0.083,0.581,-2.007,0.649,0.015
0.15,-0.321,1.387,1.0,-0.011,-0.009,-0.011,0.034,-0.059,0.508,-0.187,0.238,0.085
0.15,-0.321,1.387,1.0,-0.011,-0.009,-0.011,0.034,-0.059,0.508,-0.187,0.238,0.085
0.149,-0.321,1.398,1.0,0.008,-0.022,-0.013,0.005,-0.021,0.424,0.699,-0.358,-0.372
0.149,-0.323,1.43,0.999,0.007,-0.01,-0.029,-0.002,0.049,0.458,0.648,0.291,-1.4
0.149,-0.323,1.43,0.999,0.007,-0.01,-0.029,-0.002,0.049,0.458,0.648,0.291,-1.4
0.148,-0.327,1.44,1.0,0.006,-0.006,-0.029,-0.078,-0.038,0.334,1.213,0.39,-1.56
0.149,-0.332,1.467,1.0,-0.015,-0.008,-0.012,0.025,-0.065,0.398,-0.42,0.301,0.107
0.149,-0.333,1.474,1.0,-0.011,-0.018,-0.017,0.001,-0.044,0.336,-0.033,-0.865,-0.48
0.148,-0.334,1.477,1.0,-0.019,-0.003,-0.008,-0.039,-0.089,0.335,-0.586,0.586,0.716
0.149,-0.337,1.499,1.0,-0.022,-0.011,-0.01,0.006,-0.068,0.314,-0.459,-0.237,0.207
0.149,-0.337,1.505,0.999,-0.02,-0.024,-0.013,0.016,-0.044,0.288,0.141,-1.417,0.121
0.147,-0.338,1.506,1.0,-0.017,-0.008,-0.011,-0.052,-0.063,0.241,0.316,0.589,0.283
0.146,-0.34,1.526,1.0,-0.011,-0.003,-0.009,-0.058,-0.051,0.324,-0.746,1.269,0.059
0.147,-0.341,1.532,1.0,-0.015,-0.006,-0.01,-0.0,-0.032,0.327,-0.901,0.824,0.043
0.147,-0.341,1.534,1.0,-0.015,-0.005,-0.011,-0.0,-0.021,0.301,-0.597,0.58,-0.067
0.146,-0.342,1.549,1.0,-0.002,-0.014,-0.013,0.021,0.007,0.173,0.812,-0.833,-0.16
0.146,-0.342,1.549,1.0,-0.002,-0.014,-0.013,0.021,0.007,0.173,0.812,-0.833,-0.16
0.145,-0.344,1.556,1.0,-0.014,-0.006,-0.006,-0.035,-0.069,0.24,-0.497,0.434,0.493
0.146,-0.345,1.569,1.0,-0.014,-0.01,-0.012,0.017,-0.022,0.245,-1.014,0.627,-0.069
0.145,-0.346,1.573,1.0,-0.016,-0.007,-0.01,0.017,-0.015,0.204,-0.459,0.29,0.043
0.145,-0.346,1.574,1.0,-0.013,-0.007,-0.011,0.013,-0.023,0.207,-0.011,0.151,-0.093
0.143,-0.348,1.582,1.0,-0.008,-0.015,-0.017,-0.018,-0.03,0.112,0.252,-0.637,-0.401
0.143,-0.348,1.582,1.0,-0.008,-0.015,-0.017,-0.018,-0.03,0.112,0.252,-0.637,-0.401
0.142,-0.348,1.585,1.0,-0.007,-0.009,-0.009,-0.021,-0.018,0.111,0.262,-0.139,0.111
0.141,-0.349,1.59,1.0,-0.013,-0.005,-0.009,-0.027,-0.03,0.078,-0.442,0.389,0.097
0.141,-0.35,1.591,1.0,-0.014,-0.002,-0.009,-0.023,-0.015,0.053,-0.113,0.256,-0.008
0.14,-0.35,1.591,1.0,-0.014,-0.006,-0.009,-0.027,-0.013,0.02,-0.018,-0.14,-0.064
0.14,-0.35,1.591,1.0,-0.0,-0.015,-0.011,-0.018,-0.006,-0.039,0.791,-0.565,-0.028
0.14,-0.35,1.591,1.0,-0.0,-0.015,-0.011,-0.018,-0.006,-0.039,0.791,-0.565,-0.028
0.139,-0.351,1.592,1.0,-0.016,-0.003,-0.009,-0.04,-0.033,0.025,-0.758,0.613,0.086
0.139,-0.351,1.589,1.0,-0.001,-0.016,-0.011,-0.005,0.01,-0.045,0.352,-0.236,-0.141
0.139,-0.351,1.589,1.0,-0.001,-0.016,-0.011,-0.005,0.01,-0.045,0.352,-0.236,-0.141
0.138,-0.352,1.589,1.0,-0.004,-0.014,-0.02,-0.034,-0.019,-0.032,0.151,-0.301,-0.649
0.138,-0.352,1.587,1.0,-0.02,0.0,-0.011,0.014,0.009,-0.041,-0.385,0.25,0.222
0.138,-0.352,1.587,1.0,-0.02,0.0,-0.011,0.014,0.009,-0.041,-0.385,0.25,0.222
0.137,-0.352,1.584,1.0,-0.021,0.005,-0.008,-0.01,-0.009,-0.081,-0.34,0.274,0.229
0.137,-0.351,1.576,1.0,-0.02,0.005,-0.008,-0.033,-0.008,-0.125,-0.072,0.385,0.278
0.137,-0.351,1.576,1.0,-0.02,0.005,-0.008,-0.033,-0.008,-0.125,-0.072,0.385,0.278
0.137,-0.35,1.572,1.0,-0.017,0.002,-0.01,-0.022,0.015,-0.137,0.334,0.263,-0.011
0.139,-0.349,1.56,1.0,-0.018,-0.0,-0.009,-0.002,-0.003,-0.148,-0.717,0.393,0.04
0.139,-0.349,1.56,1.0,-0.018,-0.0,-0.009,-0.002,-0.003,-0.148,-0.717,0.393,0.04
0.139,-0.348,1.555,1.0,-0.018,0.0,-0.008,-0.016,-0.002,-0.14,-1.056,0.866,0.207
0.141,-0.346,1.54,1.0,-0.019,-0.009,-0.006,0.015,0.005,-0.219,-0.587,-0.298,0.342
0.141,-0.346,1.54,1.0,-0.019,-0.009,-0.006,0.015,0.005,-0.219,-0.587,-0.298,0.342
0.143,-0.344,1.534,1.0,-0.017,-0.003,-0.014,0.086,0.04,-0.166,-0.242,0.418,-0.326
0.144,-0.342,1.514,1.0,-0.012,-0.011,-0.011,0.02,0.024,-0.298,-0.437,-0.11,0.223
0.144,-0.342,1.514,1.0,-0.012,-0.011,-0.011,0.02,0.024,-0.298,-0.437,-0.11,0.223
0.144,-0.341,1.505,1.0,-0.008,-0.007,-0.01,0.031,0.034,-0.294,-0.35,0.0,0.122
0.145,-0.339,1.483,1.0,0.006,-0.011,-0.013,-0.001,0.039,-0.32,-0.196,0.459,-0.272
0.145,-0.339,1.483,1.0,0.006,-0.011,-0.013,-0.001,0.039,-0.32,-0.196,0.459,-0.272
0.145,-0.339,1.475,1.0,-0.008,-0.009,-0.01,0.028,0.023,-0.322,-0.943,-0.936,0.115
0.147,-0.339,1.454,1.0,-0.004,-0.013,-0.014,0.075,0.007,-0.295,-0.102,-0.837,-0.261
0.146,-0.338,1.443,1.0,0.013,-0.022,-0.018,-0.016,0.005,-0.381,0.788,-0.871,-0.701
0.147,-0.337,1.438,0.999,0.034,-0.031,-0.004,0.03,0.038,-0.452,2.435,-1.281,0.715
0.148,-0.339,1.417,1.0,-0.008,-0.003,-0.011,0.045,-0.019,-0.37,-1.005,0.021,-0.063
0.148,-0.339,1.417,1.0,-0.008,-0.003,-0.011,0.045,-0.019,-0.37,-1.005,0.021,-0.063
0.149,-0.339,1.4,0.999,0.039,-0.034,-0.001,0.059,0.021,-0.569,3.682,-2.618,0.986
0.15,-0.341,1.379,1.0,-0.012,-0.008,-0.013,0.051,-0.026,-0.375,0.119,-1.105,-0.124
0.151,-0.341,1.37,1.0,-0.013,0.004,-0.01,0.046,-0.014,-0.395,-0.009,0.048,0.048
0.15,-0.341,1.364,1.0,-0.011,0.003,-0.016,-0.002,-0.024,-0.437,0.108,0.286,-0.444
0.154,-0.342,1.337,1.0,-0.022,0.016,-0.01,0.074,-0.004,-0.366,-1.257,1.26,0.152
0.155,-0.342,1.326,1.0,-0.011,0.005,-0.013,0.057,0.008,-0.494,0.485,-0.656,0.056
0.156,-0.342,1.322,1.0,-0.024,0.011,-0.01,0.058,-0.013,-0.382,-1.094,0.401,0.002
0.16,-0.341,1.29,1.0,0.005,-0.014,-0.008,0.124,0.034,-0.577,1.739,-2.197,1.116
0.16,-0.341,1.29,1.0,0.005,-0.014,-0.008,0.124,0.034,-0.577,1.739,-2.197,1.116
0.162,-0.341,1.275,1.0,0.005,-0.017,-0.023,0.086,0.031,-0.524,1.315,-1.864,-1.055
0.169,-0.341,1.247,1.0,-0.015,0.004,-0.011,0.12,0.016,-0.437,-0.297,0.091,0.003
0.171,-0.34,1.237,1.0,-0.018,0.015,-0.011,0.094,0.017,-0.446,-0.082,1.058,-0.082
0.171,-0.34,1.23,1.0,-0.016,0.006,-0.013,0.068,0.009,-0.482,0.29,0.012,-0.301
0.179,-0.338,1.198,1.0,-0.009,0.004,-0.01,0.12,0.06,-0.579,1.713,-0.917,0.093
0.181,-0.338,1.189,1.0,-0.011,0.008,-0.011,0.108,0.047,-0.506,0.745,-0.088,0.077
0.183,-0.338,1.185,1.0,-0.026,-0.001,-0.009,0.122,0.028,-0.45,-0.465,-0.951,0.246
0.193,-0.334,1.154,1.0,-0.026,0.008,-0.01,0.16,0.055,-0.437,-0.748,0.322,0.329
0.196,-0.333,1.144,1.0,-0.027,0.008,-0.01,0.156,0.062,-0.426,-0.376,0.43,0.162
0.198,-0.333,1.136,1.0,0.008,-0.028,0.001,0.219,0.061,-0.68,3.624,-3.735,1.18
0.209,-0.327,1.107,1.0,-0.024,0.004,-0.009,0.165,0.073,-0.404,-1.364,0.802,-0.041
0.213,-0.326,1.097,1.0,-0.023,-0.011,-0.01,0.176,0.092,-0.457,-0.457,-1.278,-0.091
0.214,-0.325,1.09,1.0,-0.019,0.007,-0.011,0.169,0.061,-0.508,-0.158,-0.143,0.235
0.227,-0.318,1.061,1.0,-0.027,-0.013,-0.008,0.181,0.131,-0.425,-0.64,-2.009,0.19
0.231,-0.316,1.051,1.0,-0.029,0.007,-0.007,0.192,0.127,-0.452,-0.866,0.276,0.76
0.234,-0.314,1.047,1.0,-0.023,0.006,-0.013,0.235,0.138,-0.389,-0.089,0.34,-0.214
0.247,-0.307,1.018,1.0,-0.018,0.01,-0.009,0.225,0.112,-0.398,-0.039,-0.167,0.209
0.247,-0.307,1.018,1.0,-0.018,0.01,-0.009,0.225,0.112,-0.398,-0.039,-0.167,0.209
0.253,-0.303,1.005,1.0,-0.014,0.008,-0.009,0.23,0.132,-0.424,0.484,-0.961,-0.218
0.27,-0.295,0.975,1.0,-0.009,0.005,-0.009,0.209,0.111,-0.388,-0.341,0.499,-0.033
0.277,-0.292,0.961,0.999,0.024,-0.035,0.001,0.354,0.15,-0.631,3.591,-3.833,1.031
0.278,-0.291,0.96,1.0,-0.007,0.001,-0.013,0.264,0.129,-0.42,0.167,-0.247,-0.35
0.294,-0.284,0.929,1.0,-0.01,-0.005,-0.009,0.237,0.113,-0.466,-0.09,-0.613,0.343
0.297,-0.281,0.919,1.0,0.002,0.006,-0.026,0.153,0.117,-0.488,0.567,0.987,-1.437
0.302,-0.28,0.915,1.0,-0.012,0.006,-0.015,0.25,0.129,-0.405,-0.471,0.482,-0.132
0.318,-0.274,0.887,1.0,-0.015,0.001,-0.011,0.286,0.097,-0.368,-0.071,-0.238,0.27
0.318,-0.274,0.887,1.0,-0.015,0.001,-0.011,0.286,0.097,-0.368,-0.071,-0.238,0.27
0.325,-0.27,0.875,1.0,-0.014,-0.0,-0.013,0.288,0.131,-0.37,0.28,0.06,-0.138
0.343,-0.262,0.847,1.0,-0.01,-0.01,-0.013,0.268,0.117,-0.395,0.215,-0.408,-0.216
0.343,-0.262,0.847,1.0,-0.01,-0.01,-0.013,0.268,0.117,-0.395,0.215,-0.408,-0.216
0.35,-0.259,0.836,1.0,-0.006,0.012,-0.01,0.257,0.111,-0.374,0.275,2.125,0.051
0.366,-0.253,0.807,1.0,-0.015,-0.009,-0.009,0.209,0.076,-0.42,-0.735,0.885,0.485
0.371,-0.25,0.8,1.0,-0.009,-0.012,-0.014,0.255,0.1,-0.341,-0.469,0.399,-0.353
0.373,-0.25,0.797,1.0,-0.008,-0.008,-0.016,0.241,0.057,-0.297,-1.064,1.32,-0.552
0.389,-0.243,0.771,1.0,-0.005,-0.021,-0.012,0.237,0.097,-0.376,0.091,-0.587,-0.063
0.392,-0.241,0.765,1.0,-0.004,-0.019,-0.009,0.202,0.058,-0.362,0.465,-0.441,0.412
0.394,-0.241,0.761,1.0,-0.005,-0.023,-0.011,0.22,0.076,-0.371,0.199,-0.669,0.074
0.407,-0.235,0.738,1.0,-0.0,-0.026,-0.008,0.189,0.075,-0.323,0.042,-0.101,0.116
0.41,-0.234,0.728,0.999,0.013,-0.044,-0.003,0.166,0.064,-0.455,1.219,-1.397,0.482
0.411,-0.233,0.729,0.999,-0.001,-0.048,-0.013,0.183,0.087,-0.286,-0.147,-2.325,-0.4
0.421,-0.23,0.709,1.0,-0.002,-0.016,-0.011,0.137,0.055,-0.281,0.11,0.661,0.095
0.423,-0.229,0.703,1.0,-0.005,-0.018,-0.013,0.125,0.05,-0.267,-0.201,0.161,-0.281
0.425,-0.228,0.7,1.0,-0.002,-0.018,-0.013,0.128,0.066,-0.261,0.021,-0.072,-0.362
0.431,-0.227,0.685,1.0,-0.003,-0.011,-0.007,0.104,0.021,-0.213,0.309,-0.055,0.368
0.431,-0.226,0.685,1.0,-0.005,-0.005,-0.009,0.078,0.023,-0.204,0.062,0.518,0.152
0.438,-0.225,0.673,1.0,-0.008,-0.019,-0.015,0.116,0.026,-0.187,-0.18,-0.219,-0.119
0.441,-0.224,0.667,1.0,-0.005,-0.019,-0.012,0.092,0.019,-0.165,0.003,-0.217,0.078
0.442,-0.223,0.666,1.0,-0.019,-0.003,-0.02,0.07,0.028,-0.116,-0.651,0.858,-0.338
0.443,-0.223,0.664,1.0,-0.014,-0.008,-0.018,0.086,0.023,-0.149,0.114,0.003,-0.051
0.448,-0.223,0.653,1.0,-0.006,-0.022,-0.012,0.077,0.004,-0.146,0.136,-0.315,0.025
0.449,-0.223,0.651,1.0,-0.006,-0.017,-0.014,0.053,0.014,-0.115,0.022,0.076,-0.095
0.45,-0.223,0.65,0.999,-0.005,-0.029,-0.013,0.071,0.005,-0.123,0.149,-1.206,0.019
0.453,-0.223,0.643,1.0,-0.005,-0.021,-0.012,0.038,-0.009,-0.093,-0.11,0.471,0.02
0.453,-0.223,0.643,1.0,-0.005,-0.021,-0.012,0.038,-0.009,-0.093,-0.11,0.471,0.02
0.454,-0.224,0.64,1.0,-0.005,-0.016,-0.013,0.011,-0.013,-0.057,-0.133,0.15,-0.018
0.454,-0.225,0.638,1.0,-0.008,-0.013,-0.014,0.008,-0.018,-0.038,-0.142,0.187,-0.123
0.454,-0.225,0.638,1.0,-0.008,-0.013,-0.014,0.008,-0.018,-0.038,-0.142,0.187,-0.123
0.454,-0.225,0.637,0.999,-0.004,-0.029,-0.019,0.011,-0.012,-0.048,0.171,-1.259,-0.509
0.453,-0.228,0.638,1.0,-0.007,-0.018,-0.014,0.001,-0.024,0.029,0.041,-0.055,-0.044
0.453,-0.228,0.638,1.0,-0.007,-0.018,-0.014,0.001,-0.024,0.029,0.041,-0.055,-0.044
0.453,-0.229,0.639,1.0,-0.004,-0.021,-0.013,-0.013,-0.039,0.037,0.248,-0.176,0.005
0.45,-0.232,0.643,1.0,-0.004,-0.02,-0.012,-0.035,-0.04,0.064,0.359,-0.125,0.095
0.45,-0.232,0.643,1.0,-0.004,-0.02,-0.012,-0.035,-0.04,0.064,0.359,-0.125,0.095
0.447,-0.235,0.651,1.0,-0.023,0.001,-0.019,-0.048,-0.046,0.216,-1.366,1.497,-0.571
0.445,-0.237,0.653,1.0,-0.009,-0.013,-0.013,-0.05,-0.051,0.116,-0.065,0.268,0.126
0.443,-0.238,0.654,1.0,-0.008,-0.012,-0.013,-0.097,-0.067,0.083,0.142,0.146,0.145
0.441,-0.24,0.662,1.0,-0.009,-0.018,-0.013,-0.071,-0.04,0.143,0.083,-0.34,0.032
0.438,-0.243,0.667,1.0,-0.01,-0.015,-0.01,-0.11,-0.098,0.136,-0.452,0.404,0.481
0.438,-0.243,0.667,1.0,-0.01,-0.015,-0.01,-0.11,-0.098,0.136,-0.452,0.404,0.481
0.436,-0.244,0.672,1.0,-0.005,-0.019,-0.012,-0.094,-0.07,0.175,0.192,-0.01,0.173
0.43,-0.248,0.684,1.0,-0.006,-0.02,-0.011,-0.082,-0.07,0.19,0.367,0.084,0.256
0.43,-0.248,0.684,1.0,-0.006,-0.02,-0.011,-0.082,-0.07,0.19,0.367,0.084,0.256
0.426,-0.251,0.69,1.0,-0.009,-0.023,-0.007,-0.13,-0.09,0.177,-0.237,-0.301,0.647
0.418,-0.255,0.707,1.0,-0.01,-0.016,-0.015,-0.126,-0.062,0.233,-0.074,0.986,-0.038
0.418,-0.255,0.707,1.0,-0.01,-0.016,-0.015,-0.126,-0.062,0.233,-0.074,0.986,-0.038
0.415,-0.257,0.714,1.0,-0.01,-0.019,-0.012,-0.109,-0.083,0.239,-0.066,0.2,0.155
0.407,-0.261,0.733,1.0,-0.012,-0.015,-0.016,-0.122,-0.045,0.313,0.229,0.307,-0.391
0.403,-0.263,0.74,1.0,-0.013,-0.009,-0.015,-0.156,-0.069,0.286,0.102,0.533,-0.114
0.402,-0.264,0.742,1.0,-0.012,-0.011,-0.012,-0.134,-0.077,0.3,0.205,0.98,0.21
0.393,-0.268,0.763,1.0,-0.011,-0.017,-0.012,-0.131,-0.057,0.32,0.201,-0.027,0.185
0.393,-0.268,0.763,1.0,-0.011,-0.017,-0.012,-0.131,-0.057,0.32,0.201,-0.027,0.185
0.388,-0.27,0.774,1.0,-0.01,-0.017,-0.012,-0.139,-0.061,0.358,0.022,0.262,0.26
0.377,-0.275,0.798,1.0,-0.012,-0.019,-0.015,-0.118,-0.057,0.415,0.137,-0.31,-0.019
0.373,-0.277,0.806,0.999,-0.021,-0.018,-0.015,-0.182,-0.099,0.381,-1.592,0.581,-0.233
0.372,-0.276,0.81,1.0,-0.012,-0.016,-0.014,-0.183,-0.055,0.43,-0.338,0.555,-0.106
0.36,-0.28,0.835,1.0,-0.013,-0.016,-0.017,-0.17,-0.049,0.377,0.296,0.421,-0.232
0.356,-0.282,0.843,1.0,-0.012,-0.016,-0.015,-0.145,-0.061,0.438,-0.131,-0.365,0.532
0.353,-0.282,0.848,1.0,-0.014,-0.005,-0.019,-0.208,-0.045,0.442,-0.383,1.206,-0.076
0.341,-0.286,0.874,1.0,-0.009,-0.01,-0.019,-0.241,0.019,0.392,0.233,0.664,-0.511
0.337,-0.288,0.883,1.0,-0.009,-0.015,-0.015,-0.207,-0.046,0.419,0.18,0.094,-0.034
0.335,-0.288,0.888,1.0,-0.011,-0.013,-0.015,-0.211,-0.045,0.414,0.041,0.194,0.118
0.322,-0.292,0.916,1.0,-0.01,-0.019,-0.016,-0.187,-0.042,0.45,-0.006,-0.435,-0.144
0.317,-0.293,0.925,1.0,-0.01,-0.012,-0.016,-0.218,-0.05,0.426,0.475,-0.067,0.05
0.315,-0.294,0.931,1.0,-0.013,-0.018,-0.017,-0.188,-0.055,0.498,-0.942,0.265,-0.191
0.301,-0.298,0.961,1.0,-0.011,-0.011,-0.014,-0.215,-0.066,0.501,-0.333,0.419,0.124
0.301,-0.298,0.961,1.0,-0.011,-0.011,-0.014,-0.215,-0.066,0.501,-0.333,0.419,0.124
0.294,-0.299,0.977,1.0,-0.013,-0.009,-0.017,-0.221,-0.036,0.501,-0.567,0.75,-0.431
0.279,-0.302,1.008,1.0,-0.018,-0.014,-0.014,-0.367,0.072,0.43,-0.351,-0.042,0.219
0.275,-0.302,1.015,0.999,0.014,-0.028,-0.015,-0.254,0.03,0.345,2.198,-1.32,-0.167
0.272,-0.304,1.025,1.0,-0.005,-0.004,-0.02,-0.245,-0.043,0.491,0.653,0.569,-0.35
0.258,-0.306,1.058,1.0,-0.007,-0.013,-0.017,-0.256,-0.034,0.475,0.238,-0.406,-0.248
0.258,-0.306,1.058,1.0,-0.007,-0.013,-0.017,-0.256,-0.034,0.475,0.238,-0.406,-0.248
0.253,-0.307,1.074,1.0,-0.009,-0.006,-0.017,-0.205,-0.028,0.521,-0.157,0.289,0.022
0.238,-0.312,1.111,1.0,-0.018,0.007,-0.01,-0.249,-0.088,0.526,-0.275,0.733,0.425
0.235,-0.312,1.124,1.0,-0.016,0.011,-0.012,-0.188,-0.027,0.603,0.115,0.98,0.03
0.228,-0.312,1.137,1.0,-0.001,-0.013,-0.025,-0.222,-0.024,0.477,1.465,-1.38,-1.209
0.221,-0.314,1.166,1.0,-0.025,-0.005,-0.016,-0.127,-0.056,0.554,-1.098,-0.76,-0.17
0.221,-0.314,1.166,1.0,-0.025,-0.005,-0.016,-0.127,-0.056,0.554,-1.098,-0.76,-0.17
0.215,-0.315,1.181,1.0,-0.0,-0.017,-0.01,-0.15,-0.023,0.443,1.362,-1.788,0.433
0.204,-0.316,1.222,1.0,-0.017,0.004,-0.014,-0.178,-0.025,0.638,-1.244,0.895,-0.155
0.204,-0.316,1.222,1.0,-0.017,0.004,-0.014,-0.178,-0.025,0.638,-1.244,0.895,-0.155
0.198,-0.317,1.24,1.0,-0.018,0.002,-0.013,-0.171,-0.056,0.533,-0.72,-0.491,0.232
0.19,-0.318,1.278,1.0,-0.016,0.009,-0.014,-0.106,-0.009,0.56,-0.449,-0.352,0.117
0.186,-0.318,1.289,1.0,-0.008,0.011,-0.016,-0.166,-0.035,0.536,0.131,0.34,-0.068
0.185,-0.319,1.296,1.0,-0.011,0.014,-0.011,-0.147,-0.033,0.581,-0.307,0.458,0.439
0.179,-0.319,1.331,1.0,0.003,-0.001,-0.016,-0.085,-0.004,0.47,1.216,-1.295,0.162
0.177,-0.32,1.343,1.0,-0.002,0.003,-0.016,-0.097,-0.027,0.507,0.299,-1.158,-0.256
0.177,-0.319,1.348,1.0,0.011,-0.005,-0.014,-0.071,-0.009,0.415,1.513,-1.453,0.014
0.172,-0.321,1.385,1.0,-0.012,0.01,-0.016,-0.036,-0.013,0.521,-0.435,-0.046,-0.1
0.17,-0.322,1.394,1.0,-0.01,0.013,-0.013,-0.095,-0.02,0.444,0.003,0.186,0.22
0.17,-0.322,1.402,1.0,-0.017,0.011,-0.014,-0.079,-0.025,0.516,-1.397,0.262,0.092
0.168,-0.324,1.436,1.0,-0.018,0.017,-0.015,0.029,0.006,0.554,-0.046,-0.203,-0.192
0.166,-0.324,1.448,0.999,-0.007,0.011,-0.03,-0.057,0.008,0.465,0.919,-0.713,-1.533
0.168,-0.325,1.47,1.0,-0.012,0.018,-0.016,0.009,-0.019,0.534,-0.032,0.589,0.19
0.168,-0.325,1.486,1.0,-0.012,0.015,-0.014,0.019,-0.001,0.534,-0.529,1.571,0.279
0.168,-0.326,1.495,1.0,-0.01,0.008,-0.017,-0.028,-0.036,0.443,0.081,0.101,-0.21
0.169,-0.326,1.502,1.0,-0.013,0.011,-0.016,0.058,0.002,0.523,-0.2,0.307,-0.159
0.172,-0.326,1.532,1.0,-0.016,0.002,-0.015,0.117,0.006,0.517,-0.528,-0.083,0.153
0.172,-0.326,1.532,1.0,-0.016,0.002,-0.015,0.117,0.006,0.517,-0.528,-0.083,0.153
0.173,-0.326,1.545,1.0,-0.014,-0.003,-0.016,0.084,0.008,0.468,-0.24,-0.324,-0.109
0.176,-0.326,1.573,1.0,-0.012,-0.003,-0.016,0.061,0.013,0.403,-0.325,0.103,-0.094
0.178,-0.327,1.581,1.0,0.001,-0.011,-0.016,0.05,-0.017,0.374,0.335,-0.111,-0.036
0.18,-0.327,1.598,1.0,-0.009,-0.005,-0.017,0.103,0.018,0.447,-0.696,0.235,-0.414
0.18,-0.328,1.611,1.0,-0.014,0.008,-0.021,0.029,-0.037,0.417,-0.95,1.018,-0.466
0.18,-0.328,1.611,1.0,-0.014,0.008,-0.021,0.029,-0.037,0.417,-0.95,1.018,-0.466
0.182,-0.328,1.62,1.0,-0.011,0.001,-0.013,0.018,-0.037,0.322,-0.29,0.527,0.249
0.187,-0.328,1.641,1.0,0.009,-0.019,-0.015,0.081,0.014,0.279,1.186,-1.009,-0.044
0.187,-0.328,1.641,1.0,0.009,-0.019,-0.015,0.081,0.014,0.279,1.186,-1.009,-0.044
0.187,-0.329,1.652,1.0,-0.005,-0.008,-0.014,0.028,-0.045,0.318,-0.335,0.219,0.318
0.192,-0.33,1.673,1.0,-0.01,-0.011,-0.018,0.097,-0.015,0.342,-0.498,-0.059,-0.425
0.192,-0.331,1.678,1.0,-0.014,-0.009,-0.014,0.056,-0.011,0.295,-0.633,0.447,0.283
0.192,-0.331,1.679,1.0,-0.003,-0.014,-0.014,0.034,-0.016,0.218,0.586,-0.109,0.171
0.194,-0.331,1.701,0.999,-0.027,0.014,-0.026,-0.011,0.023,0.368,-1.76,2.618,-1.028
0.194,-0.331,1.701,0.999,-0.027,0.014,-0.026,-0.011,0.023,0.368,-1.76,2.618,-1.028
0.195,-0.333,1.705,1.0,-0.013,-0.004,-0.012,0.031,-0.036,0.237,-0.371,0.258,0.231
0.199,-0.334,1.721,1.0,-0.005,-0.022,-0.019,0.073,-0.024,0.236,-0.034,-1.004,-0.569
0.2,-0.333,1.723,0.999,0.014,-0.032,-0.014,0.041,0.008,0.118,1.7,-1.281,0.077
0.201,-0.333,1.724,0.999,0.019,-0.048,-0.009,0.091,0.008,0.095,1.531,-2.154,0.431
0.201,-0.335,1.736,0.999,0.009,-0.028,-0.015,0.023,-0.012,0.097,0.324,-0.489,-0.328
0.201,-0.336,1.74,1.0,-0.004,-0.017,-0.016,0.014,-0.024,0.168,-0.435,0.609,-0.199
0.201,-0.337,1.741,1.0,-0.005,-0.014,-0.015,0.009,-0.035,0.141,-0.322,0.582,-0.065
0.199,-0.34,1.748,1.0,-0.019,0.002,-0.011,-0.023,-0.051,0.118,-0.604,0.685,0.096
0.199,-0.341,1.75,1.0,-0.017,-0.002,-0.013,0.005,-0.03,0.09,-0.183,-0.165,-0.092
0.2,-0.34,1.751,1.0,-0.021,0.0,-0.016,0.027,0.007,0.11,-0.406,0.05,-0.317
0.2,-0.343,1.756,1.0,-0.008,-0.017,-0.02,0.033,-0.021,0.064,0.515,-1.284,-0.625
0.199,-0.343,1.757,1.0,-0.014,-0.01,-0.011,-0.033,-0.031,0.05,-0.453,0.403,0.775
0.199,-0.343,1.758,1.0,-0.013,-0.01,-0.014,-0.002,-0.005,0.062,-0.242,0.331,0.288
0.198,-0.345,1.759,1.0,-0.01,-0.006,-0.012,-0.01,-0.023,0.029,-0.133,0.228,0.009
0.198,-0.345,1.759,1.0,-0.01,-0.006,-0.012,-0.01,-0.023,0.029,-0.133,0.228,0.009
0.198,-0.346,1.76,1.0,-0.013,-0.001,-0.011,-0.009,-0.023,0.028,-0.1,0.263,0.045
0.198,-0.346,1.759,1.0,-0.001,-0.012,-0.017,0.021,0.02,-0.047,0.636,-0.634,-0.302
0.198,-0.348,1.76,1.0,-0.012,-0.003,-0.012,-0.022,-0.048,0.015,-0.642,0.483,0.244
0.198,-0.348,1.759,1.0,-0.01,-0.004,-0.011,0.008,-0.025,-0.024,0.27,-0.252,0.336
0.198,-0.349,1.757,1.0,-0.013,-0.012,-0.016,0.007,-0.017,-0.043,-0.012,-0.598,-0.092
0.198,-0.349,1.757,1.0,-0.013,-0.012,-0.016,0.007,-0.017,-0.043,-0.012,-0.598,-0.092
0.197,-0.35,1.754,1.0,-0.013,-0.004,-0.013,-0.011,-0.023,-0.077,0.008,-0.003,0.049
0.197,-0.351,1.748,1.0,-0.015,-0.001,-0.01,-0.009,-0.028,-0.085,-0.32,0.359,0.227
0.197,-0.35,1.745,1.0,-0.015,-0.001,-0.019,0.003,0.033,-0.083,-0.518,0.556,-0.601
0.197,-0.351,1.74,1.0,-0.014,0.0,-0.012,0.003,-0.012,-0.116,-0.269,0.099,0.048
0.198,-0.351,1.735,1.0,-0.013,-0.006,-0.015,0.051,0.022,-0.114,-0.384,-0.318,-0.14
0.198,-0.351,1.735,1.0,-0.013,-0.006,-0.015,0.051,0.022,-0.114,-0.384,-0.318,-0.14
0.197,-0.352,1.73,1.0,-0.014,-0.001,-0.01,-0.006,-0.021,-0.153,-0.285,0.251,0.224
0.199,-0.351,1.715,1.0,0.007,-0.027,-0.01,0.061,0.041,-0.265,1.271,-1.315,-0.016
0.199,-0.351,1.715,1.0,0.007,-0.027,-0.01,0.061,0.041,-0.265,1.271,-1.315,-0.016
0.198,-0.352,1.711,1.0,-0.015,-0.01,-0.01,-0.012,-0.037,-0.177,-1.064,0.215,0.177
0.197,-0.353,1.695,1.0,-0.014,0.006,-0.011,-0.032,-0.027,-0.216,-0.635,1.195,0.281
0.197,-0.353,1.695,1.0,-0.014,0.006,-0.011,-0.032,-0.027,-0.216,-0.635,1.195,0.281
0.198,-0.353,1.687,1.0,-0.013,0.006,-0.013,-0.013,-0.022,-0.233,-0.127,0.621,0.076
0.199,-0.353,1.668,1.0,-0.012,-0.006,-0.015,-0.006,-0.03,-0.274,-0.437,-0.477,-0.056
0.199,-0.353,1.668,1.0,-0.012,-0.006,-0.015,-0.006,-0.03,-0.274,-0.437,-0.477,-0.056
0.201,-0.352,1.658,1.0,0.004,-0.02,-0.011,0.059,0.017,-0.375,1.263,-1.567,0.355
0.202,-0.352,1.637,1.0,0.001,-0.017,-0.015,0.024,0.017,-0.364,0.685,-0.643,-0.138
0.202,-0.353,1.63,1.0,-0.008,-0.005,-0.014,-0.013,-0.017,-0.348,0.001,0.842,0.141
0.203,-0.352,1.627,1.0,-0.012,-0.004,-0.018,0.007,0.026,-0.346,-0.363,0.619,-0.243
0.205,-0.352,1.602,1.0,-0.006,-0.006,-0.015,0.043,0.023,-0.379,0.539,-0.195,-0.055
0.206,-0.352,1.594,1.0,-0.009,-0.004,-0.015,0.038,-0.0,-0.373,0.054,0.072,-0.042
0.206,-0.352,1.591,1.0,-0.019,0.002,-0.014,0.02,0.014,-0.363,-0.82,0.528,0.048
0.21,-0.351,1.567,1.0,-0.018,-0.013,-0.017,0.072,0.008,-0.336,-0.231,-0.656,-0.278
0.21,-0.35,1.556,1.0,-0.019,-0.007,-0.016,0.017,0.015,-0.442,-0.169,-0.135,0.027
0.211,-0.35,1.553,1.0,-0.018,-0.003,-0.014,0.056,0.024,-0.365,-0.03,0.218,0.121
0.212,-0.346,1.524,1.0,-0.005,-0.005,-0.028,-0.013,0.103,-0.459,0.33,0.298,-1.084
0.214,-0.348,1.515,1.0,-0.017,0.002,-0.012,0.034,0.008,-0.418,-0.556,0.62,0.447
0.215,-0.347,1.511,1.0,-0.013,0.0,-0.015,0.04,0.026,-0.432,-0.013,0.28,0.065
0.218,-0.345,1.481,1.0,-0.013,-0.003,-0.012,0.037,0.016,-0.437,-0.406,0.139,0.18
0.218,-0.345,1.481,1.0,-0.013,-0.003,-0.012,0.037,0.016,-0.437,-0.406,0.139,0.18
0.22,-0.344,1.466,1.0,-0.015,-0.002,-0.01,0.042,0.022,-0.416,-0.656,0.356,0.078
0.224,-0.341,1.437,1.0,-0.013,-0.006,-0.013,0.058,0.03,-0.367,-0.913,0.79,-0.107
0.226,-0.34,1.425,1.0,-0.014,-0.003,-0.013,0.045,0.052,-0.466,-0.312,0.606,-0.079
0.226,-0.34,1.421,1.0,-0.012,-0.004,-0.013,0.049,0.037,-0.447,-0.072,0.299,-0.034
0.228,-0.337,1.388,1.0,0.002,-0.012,-0.028,-0.003,0.051,-0.524,0.874,-0.051,-1.288
0.23,-0.337,1.377,1.0,-0.004,-0.007,-0.008,0.023,0.043,-0.478,0.186,0.684,0.146
0.231,-0.336,1.372,1.0,-0.01,-0.013,-0.009,0.06,0.059,-0.471,-0.316,-0.016,0.047
0.234,-0.334,1.339,1.0,-0.009,-0.013,-0.013,0.07,0.036,-0.45,-0.455,0.098,-0.139
0.234,-0.334,1.339,1.0,-0.009,-0.013,-0.013,0.07,0.036,-0.45,-0.455,0.098,-0.139
0.234,-0.333,1.321,1.0,-0.018,-0.013,-0.008,0.018,0.008,-0.494,-1.171,0.39,0.559
0.236,-0.331,1.287,1.0,-0.012,-0.008,-0.01,-0.029,-0.01,-0.476,-1.036,1.294,-0.13
0.237,-0.331,1.284,1.0,-0.005,-0.01,-0.01,0.019,0.025,-0.441,-0.039,0.654,0.01
0.237,-0.329,1.252,1.0,-0.01,-0.015,-0.011,0.023,0.02,-0.484,-0.548,-0.131,0.272
0.238,-0.328,1.235,1.0,-0.004,-0.014,-0.013,0.048,0.033,-0.469,0.168,0.487,-0.224
0.238,-0.328,1.22,1.0,0.005,-0.024,-0.009,-0.006,0.014,-0.601,0.901,-0.391,0.42
0.238,-0.328,1.217,1.0,-0.007,-0.014,-0.011,-0.002,0.009,-0.525,-0.556,0.626,0.05
0.238,-0.327,1.182,1.0,-0.003,-0.005,-0.014,0.034,-0.004,-0.467,-0.612,1.688,0.176
0.238,-0.327,1.182,1.0,-0.003,-0.005,-0.014,0.034,-0.004,-0.467,-0.612,1.688,0.176
0.234,-0.327,1.145,1.0,0.008,-0.013,-0.025,-0.09,0.005,-0.565,0.892,0.666,-1.12
0.236,-0.328,1.129,1.0,-0.004,-0.023,-0.014,0.004,-0.004,-0.497,-0.061,-0.184,0.048
0.234,-0.328,1.116,1.0,-0.005,-0.026,-0.01,-0.035,-0.021,-0.53,-0.359,-0.484,0.435
0.233,-0.328,1.111,1.0,-0.002,-0.019,-0.012,-0.053,-0.017,-0.529,-0.053,0.281,0.14
0.23,-0.33,1.075,0.999,0.012,-0.042,-0.01,-0.144,0.07,-0.639,1.366,-1.382,0.09
0.23,-0.33,1.075,0.999,0.012,-0.042,-0.01,-0.144,0.07,-0.639,1.366,-1.382,0.09
0.227,-0.331,1.061,1.0,-0.006,-0.025,-0.012,-0.094,-0.007,-0.489,-0.288,0.445,-0.22
0.22,-0.333,1.028,1.0,-0.012,-0.01,-0.012,-0.099,-0.025,-0.447,-0.733,1.229,0.032
0.217,-0.334,1.013,1.0,-0.013,-0.009,-0.012,-0.077,-0.019,-0.446,-0.138,0.17,-0.105
0.213,-0.335,0.997,1.0,-0.016,-0.008,-0.013,-0.201,0.045,-0.459,0.12,0.074,-0.092
0.21,-0.336,0.982,1.0,-0.015,-0.01,-0.012,-0.111,-0.009,-0.449,0.004,-0.367,-0.057
0.21,-0.336,0.982,1.0,-0.015,-0.01,-0.012,-0.111,-0.009,-0.449,0.004,-0.367,-0.057
0.207,-0.336,0.968,1.0,-0.013,-0.012,-0.013,-0.077,-0.002,-0.423,0.072,-0.34,-0.153
0.198,-0.338,0.937,0.999,0.004,-0.002,-0.032,-0.228,-0.004,-0.414,0.421,1.667,-1.831
0.198,-0.338,0.931,1.0,-0.01,-0.008,-0.011,-0.077,-0.021,-0.367,-0.868,0.459,0.119
0.197,-0.339,0.925,1.0,-0.015,-0.009,-0.012,-0.085,-0.028,-0.415,-0.96,0.016,-0.13
0.189,-0.34,0.898,1.0,-0.02,0.004,-0.009,-0.114,-0.023,-0.433,-0.651,0.869,0.073
0.188,-0.341,0.889,1.0,-0.016,-0.013,-0.014,-0.063,-0.025,-0.38,0.004,-0.624,-0.388
0.186,-0.341,0.886,1.0,-0.013,-0.009,-0.008,-0.109,-0.022,-0.361,0.276,-0.021,0.271
0.179,-0.342,0.861,1.0,-0.009,-0.012,-0.011,-0.095,-0.0,-0.351,0.345,0.045,-0.157
0.179,-0.342,0.858,1.0,-0.013,-0.014,-0.009,-0.121,-0.012,-0.403,-0.168,-0.283,0.137
0.172,-0.343,0.837,1.0,-0.011,-0.012,-0.009,-0.11,-0.031,-0.327,-0.264,0.111,0.133
0.167,-0.344,0.825,1.0,-0.016,-0.007,-0.01,-0.161,-0.045,-0.365,-0.59,0.504,0.193
0.166,-0.344,0.819,1.0,-0.011,-0.008,-0.014,-0.095,-0.03,-0.313,0.078,0.063,-0.343
0.163,-0.344,0.814,1.0,-0.004,-0.018,-0.015,-0.137,-0.007,-0.349,0.633,-0.65,-0.235
0.156,-0.346,0.795,1.0,-0.009,-0.014,-0.009,-0.124,-0.028,-0.308,0.065,-0.446,0.115
0.153,-0.346,0.789,1.0,-0.009,-0.005,-0.01,-0.137,-0.034,-0.314,-0.044,0.228,-0.002
0.152,-0.346,0.786,1.0,-0.009,-0.009,-0.012,-0.123,-0.024,-0.309,-0.017,-0.186,-0.169
0.143,-0.349,0.768,1.0,-0.013,0.002,-0.008,-0.152,-0.041,-0.257,-0.296,0.921,0.268
0.14,-0.349,0.765,0.999,-0.028,0.025,-0.021,-0.177,-0.009,-0.125,-1.681,2.969,-0.937
0.14,-0.35,0.76,1.0,-0.007,-0.012,-0.015,-0.115,-0.033,-0.278,0.691,-1.107,-0.135
0.133,-0.352,0.747,1.0,-0.011,-0.002,-0.013,-0.09,-0.024,-0.199,0.137,-0.022,-0.106
0.13,-0.352,0.743,1.0,-0.014,-0.004,-0.013,-0.096,-0.026,-0.173,-0.198,0.1,-0.18
0.129,-0.353,0.741,1.0,-0.011,-0.004,-0.016,-0.095,-0.038,-0.173,0.146,0.04,-0.285
0.123,-0.355,0.73,1.0,-0.012,-0.006,-0.013,-0.089,-0.022,-0.153,-0.05,-0.166,-0.098
0.122,-0.355,0.73,1.0,-0.009,-0.001,-0.01,-0.121,-0.039,-0.119,0.258,0.369,0.212
0.116,-0.358,0.723,1.0,-0.015,0.001,-0.01,-0.085,-0.038,-0.091,-0.121,0.22,0.084
0.114,-0.359,0.719,1.0,-0.014,-0.002,-0.012,-0.091,-0.041,-0.097,-0.106,0.061,0.023
0.114,-0.359,0.719,1.0,-0.014,-0.002,-0.012,-0.091,-0.041,-0.097,-0.106,0.061,0.023
0.111,-0.36,0.717,1.0,-0.014,-0.016,-0.011,-0.081,-0.037,-0.088,-0.04,-1.386,0.026
0.106,-0.363,0.712,1.0,-0.014,-0.009,-0.011,-0.064,-0.043,-0.061,-0.074,-0.089,0.146
0.104,-0.363,0.711,1.0,-0.014,-0.002,-0.012,-0.08,-0.03,-0.053,0.045,0.288,-0.037
0.101,-0.365,0.709,1.0,-0.012,-0.001,-0.012,-0.063,-0.026,-0.031,0.274,0.075,-0.126
0.098,-0.367,0.709,1.0,-0.013,0.005,-0.01,-0.062,-0.033,0.008,0.011,0.134,-0.055
0.097,-0.368,0.709,1.0,-0.012,-0.005,-0.012,-0.049,-0.033,0.0,0.16,-0.623,-0.093
0.094,-0.369,0.709,1.0,-0.011,0.004,-0.01,-0.061,-0.042,0.001,0.152,0.132,0.08
0.093,-0.37,0.71,1.0,-0.013,-0.0,-0.014,-0.028,-0.021,0.011,0.125,-0.587,0.059
0.093,-0.37,0.71,1.0,-0.013,-0.0,-0.014,-0.028,-0.021,0.011,0.125,-0.587,0.059
0.091,-0.371,0.711,1.0,-0.014,0.001,-0.012,-0.034,-0.032,0.019,0.027,-0.128,0.002
0.089,-0.373,0.715,1.0,-0.013,0.001,-0.013,-0.015,-0.034,0.056,0.171,-0.244,-0.012
0.089,-0.373,0.715,1.0,-0.013,0.001,-0.013,-0.015,-0.034,0.056,0.171,-0.244,-0.012
0.087,-0.375,0.718,1.0,-0.019,0.009,-0.008,-0.06,-0.046,0.077,-0.128,0.566,0.475
0.087,-0.376,0.726,1.0,-0.015,-0.0,-0.013,-0.014,-0.028,0.124,0.019,-0.125,0.027
0.087,-0.376,0.726,1.0,-0.015,-0.0,-0.013,-0.014,-0.028,0.124,0.019,-0.125,0.027
0.086,-0.376,0.733,0.999,-0.036,0.028,-0.023,-0.021,0.022,0.228,-1.636,1.734,-0.95
0.087,-0.378,0.741,1.0,-0.016,0.006,-0.013,0.022,-0.015,0.168,0.226,0.059,0.012
0.087,-0.378,0.741,1.0,-0.016,0.006,-0.013,0.022,-0.015,0.168,0.226,0.059,0.012
0.087,-0.379,0.748,1.0,-0.017,0.009,-0.015,0.008,-0.014,0.19,0.055,0.588,-0.098
0.089,-0.379,0.762,1.0,-0.007,-0.008,-0.015,0.034,0.006,0.215,0.649,-0.45,-0.184
0.089,-0.379,0.762,1.0,-0.007,-0.008,-0.015,0.034,0.006,0.215,0.649,-0.45,-0.184
0.09,-0.38,0.769,1.0,-0.008,-0.01,-0.013,0.025,-0.02,0.225,0.132,-0.267,0.07
0.091,-0.381,0.786,1.0,-0.015,-0.013,-0.015,0.016,-0.01,0.257,-0.372,-0.374,-0.266
0.091,-0.381,0.786,1.0,-0.015,-0.013,-0.015,0.016,-0.01,0.257,-0.372,-0.374,-0.266
0.091,-0.382,0.794,1.0,-0.019,-0.015,-0.01,-0.007,-0.036,0.237,-0.507,-0.297,0.371
0.092,-0.383,0.815,1.0,-0.014,-0.008,-0.015,0.034,-0.014,0.294,0.234,0.091,-0.081
0.092,-0.383,0.815,1.0,-0.014,-0.008,-0.015,0.034,-0.014,0.294,0.234,0.091,-0.081
0.091,-0.383,0.825,1.0,-0.014,-0.001,-0.014,0.003,-0.018,0.317,0.626,-0.172,0.271
0.092,-0.384,0.847,1.0,-0.01,0.0,-0.012,0.001,-0.012,0.361,0.203,0.041,0.226
0.092,-0.384,0.856,1.0,-0.012,-0.001,-0.017,-0.01,0.002,0.357,-0.11,0.073,-0.23
0.093,-0.384,0.861,1.0,-0.016,0.001,-0.017,0.017,0.01,0.368,-0.322,0.237,-0.217
0.094,-0.385,0.884,1.0,-0.022,-0.002,-0.015,0.004,-0.031,0.364,-0.662,0.002,0.11
0.094,-0.385,0.896,1.0,-0.016,0.006,-0.013,0.008,-0.009,0.436,0.081,0.83,0.191
0.095,-0.385,0.899,1.0,-0.019,0.0,-0.012,0.027,-0.018,0.391,-0.195,0.082,0.174
0.097,-0.385,0.925,1.0,-0.014,-0.002,-0.014,0.03,-0.002,0.42,0.104,-0.059,0.078
0.097,-0.385,0.925,1.0,-0.014,-0.002,-0.014,0.03,-0.002,0.42,0.104,-0.059,0.078
0.098,-0.385,0.939,1.0,-0.012,-0.001,-0.015,0.041,0.005,0.439,0.108,0.274,-0.176
0.098,-0.384,0.966,0.999,0.004,0.003,-0.035,0.055,-0.062,0.371,1.506,0.588,-1.732
0.101,-0.385,0.98,1.0,-0.009,-0.003,-0.014,0.07,-0.019,0.495,0.435,0.058,0.168
0.101,-0.385,0.984,1.0,-0.01,-0.004,-0.016,0.065,-0.006,0.501,0.253,-0.274,-0.115
0.104,-0.385,1.016,1.0,-0.023,0.001,-0.019,0.037,-0.004,0.566,-1.518,1.01,-0.108
0.104,-0.385,1.016,1.0,-0.023,0.001,-0.019,0.037,-0.004,0.566,-1.518,1.01,-0.108
0.105,-0.385,1.031,0.999,-0.023,0.015,-0.016,0.05,-0.008,0.564,-1.012,3.003,0.13
0.108,-0.385,1.063,1.0,-0.023,-0.012,-0.015,0.062,0.017,0.462,-0.207,-0.257,-0.115
0.108,-0.385,1.063,1.0,-0.023,-0.012,-0.015,0.062,0.017,0.462,-0.207,-0.257,-0.115
0.109,-0.384,1.081,1.0,-0.012,-0.012,-0.014,0.028,0.019,0.53,0.627,0.649,0.028
0.11,-0.383,1.111,1.0,-0.004,-0.021,-0.015,-0.015,0.023,0.416,0.219,-0.021,0.302
0.11,-0.383,1.111,1.0,-0.004,-0.021,-0.015,-0.015,0.023,0.416,0.219,-0.021,0.302
0.112,-0.382,1.13,1.0,-0.006,-0.02,-0.018,0.041,0.015,0.527,-0.049,0.004,-0.159
0.111,-0.382,1.164,1.0,-0.009,-0.012,-0.012,0.0,-0.01,0.559,-0.027,0.659,0.269
0.111,-0.382,1.163,1.0,-0.009,-0.019,-0.015,-0.027,0.013,0.432,-0.022,-0.115,-0.067
0.11,-0.381,1.196,1.0,-0.005,-0.006,-0.016,-0.044,0.04,0.466,0.64,0.55,-0.14
0.11,-0.381,1.215,1.0,-0.018,-0.009,-0.013,-0.017,-0.004,0.558,-0.612,0.388,0.045
0.109,-0.381,1.227,1.0,-0.009,-0.011,-0.019,-0.045,0.016,0.507,0.451,0.996,-0.393
0.109,-0.381,1.233,1.0,-0.013,-0.017,-0.016,0.316,-0.226,0.614,-0.063,0.049,0.017
0.108,-0.38,1.268,1.0,-0.016,-0.012,-0.017,-0.111,0.114,0.534,-1.01,-1.428,-0.456
0.106,-0.38,1.281,1.0,-0.016,-0.011,-0.013,-0.096,0.014,0.521,-0.258,-0.001,0.344
0.106,-0.38,1.285,1.0,-0.018,-0.017,-0.011,-0.925,0.715,0.12,-14.622,-21.535,-6.21
0.103,-0.379,1.321,1.0,-0.013,-0.013,-0.015,-0.11,0.049,0.492,-0.323,-0.837,-0.17
0.103,-0.379,1.321,1.0,-0.013,-0.013,-0.015,-0.11,0.049,0.492,-0.323,-0.837,-0.17
0.102,-0.377,1.34,1.0,0.006,-0.018,-0.015,-0.032,0.039,0.607,1.186,-0.652,-0.041
0.098,-0.376,1.375,0.999,0.018,0.03,-0.012,-0.029,0.004,0.587,0.054,1.288,0.07
0.098,-0.376,1.375,0.999,0.018,0.03,-0.012,-0.029,0.004,0.587,0.054,1.288,0.07
0.098,-0.377,1.393,0.998,0.032,0.051,-0.012,0.017,-0.008,0.583,0.538,1.614,0.061
0.1,-0.381,1.424,0.999,0.024,0.034,-0.012,0.047,-0.066,0.479,-0.517,-0.379,-0.128
0.103,-0.384,1.437,1.0,0.008,0.026,-0.006,0.085,-0.108,0.486,-1.266,-0.897,0.322
0.104,-0.384,1.444,1.0,0.009,0.026,-0.008,0.098,-0.082,0.49,-0.707,-0.433,0.112
0.113,-0.391,1.472,1.0,0.007,0.02,-0.008,0.158,-0.105,0.465,-0.338,-0.035,0.013
0.113,-0.391,1.472,1.0,0.007,0.02,-0.008,0.158,-0.105,0.465,-0.338,-0.035,0.013
0.116,-0.395,1.483,1.0,0.006,0.017,-0.011,0.115,-0.096,0.364,-0.113,-0.037,-0.224
0.128,-0.404,1.508,1.0,0.002,0.012,-0.007,0.183,-0.138,0.4,-0.745,0.151,0.144
0.128,-0.404,1.508,1.0,0.002,0.012,-0.007,0.183,-0.138,0.4,-0.745,0.151,0.144
0.134,-0.41,1.521,1.0,-0.0,0.012,-0.007,0.224,-0.169,0.381,-0.65,-0.545,0.166
0.147,-0.419,1.546,1.0,0.008,0.009,-0.016,0.227,-0.166,0.39,0.211,-0.368,-0.697
0.147,-0.419,1.546,1.0,0.008,0.009,-0.016,0.227,-0.166,0.39,0.211,-0.368,-0.697
0.154,-0.425,1.559,1.0,0.005,0.002,-0.013,0.199,-0.19,0.369,-0.297,-0.605,-0.081
0.17,-0.436,1.583,1.0,0.025,-0.016,-0.007,0.28,-0.159,0.281,2.559,-2.331,0.444
0.174,-0.441,1.594,1.0,0.009,0.001,-0.025,0.198,-0.158,0.362,0.991,-0.459,-1.562
0.176,-0.443,1.598,1.0,-0.0,0.004,-0.011,0.231,-0.203,0.397,-0.149,-0.075,0.168
0.193,-0.455,1.625,1.0,-0.011,0.0,-0.014,0.269,-0.177,0.396,-0.557,-0.659,-0.354
0.193,-0.455,1.625,1.0,-0.011,0.0,-0.014,0.269,-0.177,0.396,-0.557,-0.659,-0.354
0.201,-0.462,1.638,1.0,-0.02,0.018,-0.011,0.271,-0.18,0.423,-0.533,0.768,-0.041
0.218,-0.473,1.663,1.0,-0.025,0.01,-0.009,0.246,-0.181,0.377,-0.165,0.173,0.227
0.218,-0.473,1.663,1.0,-0.025,0.01,-0.009,0.246,-0.181,0.377,-0.165,0.173,0.227
0.227,-0.477,1.675,1.0,-0.019,0.005,-0.014,0.272,-0.133,0.343,0.462,-0.258,-0.303
0.245,-0.487,1.7,1.0,-0.014,0.007,-0.005,0.235,-0.136,0.374,0.859,0.592,0.471
0.256,-0.49,1.71,1.0,-0.019,-0.002,-0.013,0.276,-0.102,0.323,0.023,0.073,-0.2
0.274,-0.498,1.731,1.0,-0.02,-0.006,-0.007,0.26,-0.122,0.3,0.24,0.178,0.417
0.283,-0.501,1.74,0.999,-0.029,-0.012,-0.009,0.252,-0.084,0.242,-0.33,-0.096,-0.055
0.301,-0.506,1.759,0.999,-0.03,-0.013,-0.007,0.244,-0.083,0.259,-0.081,0.142,0.132
0.301,-0.506,1.759,0.999,-0.03,-0.013,-0.007,0.244,-0.083,0.259,-0.081,0.142,0.132
0.318,-0.51,1.776,0.999,-0.033,-0.013,-0.008,0.236,-0.046,0.244,-0.244,0.226,-0.054
0.325,-0.511,1.783,0.999,-0.032,-0.014,-0.006,0.216,-0.056,0.225,-0.223,0.097,0.214
0.325,-0.511,1.783,0.999,-0.032,-0.014,-0.006,0.216,-0.056,0.225,-0.223,0.097,0.214
0.347,-0.511,1.804,0.999,-0.025,-0.018,-0.007,0.187,-0.026,0.181,0.467,-0.12,0.505
0.354,-0.51,1.811,0.999,-0.021,-0.031,-0.013,0.192,0.019,0.155,0.211,-0.898,-0.43
0.364,-0.508,1.82,0.999,-0.026,-0.04,-0.009,0.208,0.027,0.183,-0.074,-1.125,-0.309
0.371,-0.506,1.826,0.999,-0.019,-0.026,-0.013,0.145,0.061,0.112,0.239,-0.041,-0.358
0.377,-0.504,1.832,0.999,-0.031,-0.036,-0.005,0.126,0.057,0.103,-0.63,-0.76,0.316
0.382,-0.502,1.837,0.999,-0.023,-0.03,-0.01,0.119,0.042,0.071,-0.177,-1.237,-0.188
0.389,-0.497,1.844,1.0,-0.017,-0.006,-0.008,0.097,0.076,0.11,0.392,0.519,0.126
0.389,-0.497,1.844,1.0,-0.017,-0.006,-0.008,0.097,0.076,0.11,0.392,0.519,0.126
0.401,-0.488,1.848,1.0,-0.004,-0.025,-0.006,0.168,0.133,-0.047,1.489,-1.878,0.06
0.401,-0.488,1.848,1.0,-0.004,-0.025,-0.006,0.168,0.133,-0.047,1.489,-1.878,0.06
0.407,-0.48,1.852,1.0,-0.017,-0.006,-0.005,0.068,0.088,0.023,0.002,0.349,0.289
0.412,-0.474,1.853,1.0,-0.022,0.0,-0.014,0.068,0.133,0.028,0.049,0.882,-0.417
0.416,-0.468,1.851,1.0,-0.027,-0.005,-0.015,0.097,0.152,-0.044,0.02,-0.052,-0.287
0.421,-0.463,1.85,0.999,-0.033,0.0,-0.007,0.093,0.126,-0.016,-0.313,0.125,0.165
0.426,-0.454,1.848,0.999,-0.032,-0.018,-0.011,0.143,0.166,-0.009,-0.127,-1.471,-0.23
0.43,-0.447,1.844,1.0,-0.027,-0.012,-0.01,0.126,0.151,-0.074,0.335,-0.578,0.359
0.434,-0.437,1.839,1.0,-0.018,-0.011,-0.01,0.076,0.162,-0.083,0.557,0.11,0.198
0.438,-0.429,1.834,0.999,-0.02,-0.023,-0.012,0.098,0.186,-0.116,0.09,-0.652,-0.135
0.443,-0.417,1.825,1.0,-0.02,-0.021,-0.009,0.085,0.182,-0.161,0.123,-0.758,0.337
0.443,-0.417,1.825,1.0,-0.02,-0.021,-0.009,0.085,0.182,-0.161,0.123,-0.758,0.337
0.449,-0.398,1.808,1.0,-0.014,-0.006,-0.01,0.076,0.196,-0.213,0.695,-0.356,0.11
0.449,-0.398,1.808,1.0,-0.014,-0.006,-0.01,0.076,0.196,-0.213,0.695,-0.356,0.11
0.455,-0.379,1.792,1.0,-0.02,0.006,-0.017,0.063,0.248,-0.147,-0.41,0.7,-0.946
0.459,-0.372,1.783,1.0,-0.018,0.004,-0.006,0.062,0.177,-0.16,-0.427,0.538,0.246
0.463,-0.362,1.773,1.0,-0.014,-0.01,-0.012,0.079,0.189,-0.213,0.116,-0.707,-0.251
0.467,-0.351,1.762,1.0,-0.008,-0.012,-0.013,0.076,0.22,-0.234,0.375,-0.257,-0.234
0.471,-0.341,1.75,1.0,-0.004,-0.017,-0.01,0.07,0.2,-0.263,0.395,-0.478,-0.112
0.474,-0.332,1.74,1.0,-0.012,-0.004,-0.015,0.042,0.204,-0.211,-0.48,1.078,-0.367
0.478,-0.321,1.724,1.0,-0.01,-0.015,-0.009,0.082,0.197,-0.239,-0.245,0.824,0.201
0.479,-0.314,1.713,1.0,-0.009,-0.01,-0.013,0.041,0.19,-0.285,0.098,0.475,-0.21
0.482,-0.304,1.697,1.0,-0.009,-0.012,-0.007,0.019,0.147,-0.283,-0.229,0.38,0.321
0.483,-0.296,1.686,1.0,-0.013,-0.007,-0.016,-0.003,0.178,-0.246,-0.727,1.377,-0.485
0.485,-0.289,1.668,1.0,-0.0,-0.021,-0.008,0.007,0.134,-0.326,0.401,-0.022,0.295
0.487,-0.281,1.655,1.0,-0.003,-0.027,-0.008,0.026,0.143,-0.297,-0.294,-0.174,0.159
0.485,-0.274,1.64,1.0,-0.008,-0.014,-0.016,-0.037,0.142,-0.252,-0.967,1.084,-0.562
0.485,-0.269,1.623,1.0,-0.003,-0.029,-0.008,-0.003,0.117,-0.301,-0.33,0.083,0.089
0.482,-0.263,1.605,1.0,0.002,-0.03,-0.009,-0.065,0.104,-0.366,-0.13,-0.033,0.011
0.479,-0.258,1.588,0.999,0.021,-0.041,-0.009,-0.062,0.128,-0.422,1.597,-0.991,-0.007
0.475,-0.255,1.573,0.999,0.003,-0.032,-0.007,-0.075,0.057,-0.335,-0.417,-0.122,0.128
0.47,-0.252,1.557,1.0,0.004,-0.027,-0.008,-0.101,0.058,-0.336,-0.267,0.17,0.1
0.462,-0.249,1.532,0.999,0.018,-0.031,-0.01,-0.104,0.07,-0.447,1.888,-1.043,-0.16
0.462,-0.249,1.532,0.999,0.018,-0.031,-0.01,-0.104,0.07,-0.447,1.888,-1.043,-0.16
0.449,-0.247,1.502,1.0,-0.007,-0.016,-0.01,-0.111,0.019,-0.316,-0.702,-0.024,-0.03
0.439,-0.246,1.478,1.0,-0.016,-0.006,-0.011,-0.118,0.018,-0.305,-0.481,0.306,-0.199
0.434,-0.246,1.467,1.0,-0.02,-0.01,-0.011,-0.11,0.013,-0.315,-0.34,-0.304,-0.142
0.434,-0.246,1.467,1.0,-0.02,-0.01,-0.011,-0.11,0.013,-0.315,-0.34,-0.304,-0.142
0.421,-0.244,1.433,1.0,-0.011,-0.009,-0.013,-0.136,0.019,-0.37,0.63,-0.461,-0.347
0.421,-0.244,1.433,1.0,-0.011,-0.009,-0.013,-0.136,0.019,-0.37,0.63,-0.461,-0.347
0.41,-0.24,1.4,1.0,-0.001,-0.007,-0.013,-0.108,0.054,-0.411,1.052,-0.131,-0.296
0.405,-0.24,1.385,1.0,-0.007,-0.009,-0.014,-0.076,0.016,-0.338,0.281,-0.499,-0.205
0.4,-0.238,1.367,1.0,-0.013,0.003,-0.01,-0.097,0.034,-0.333,-0.294,0.608,0.026
0.395,-0.237,1.349,1.0,-0.019,-0.001,-0.009,-0.078,0.028,-0.303,-0.662,0.338,0.05
0.391,-0.235,1.33,1.0,-0.019,-0.0,-0.011,-0.057,0.041,-0.341,-0.132,-0.195,-0.111
0.386,-0.234,1.313,1.0,-0.014,0.001,-0.009,-0.138,0.023,-0.348,-0.068,0.97,0.051
0.384,-0.23,1.288,1.0,0.007,-0.028,-0.005,0.027,0.072,-0.508,2.465,-2.888,0.578
0.384,-0.23,1.288,1.0,0.007,-0.028,-0.005,0.027,0.072,-0.508,2.465,-2.888,0.578
0.376,-0.225,1.25,1.0,0.001,-0.017,-0.01,-0.073,0.06,-0.49,1.144,-1.071,0.127
0.376,-0.225,1.25,1.0,0.001,-0.017,-0.01,-0.073,0.06,-0.49,1.144,-1.071,0.127
0.371,-0.221,1.22,0.999,-0.028,0.013,-0.011,-0.044,0.054,-0.322,-0.129,0.425,0.028
0.37,-0.217,1.203,0.999,-0.035,0.019,-0.013,0.002,0.097,-0.323,-0.173,0.364,-0.229
0.369,-0.213,1.186,0.999,-0.037,0.021,-0.011,0.013,0.11,-0.321,0.101,0.271,-0.05
0.371,-0.207,1.168,0.999,-0.036,0.016,-0.011,0.052,0.128,-0.309,-0.187,-0.078,-0.011
0.373,-0.2,1.151,1.0,-0.027,0.01,-0.011,0.079,0.14,-0.306,-0.102,-0.234,0.172
0.377,-0.193,1.132,1.0,-0.01,-0.012,-0.007,0.106,0.183,-0.474,1.591,-1.721,0.314
0.381,-0.184,1.112,1.0,-0.018,0.001,-0.011,0.092,0.168,-0.381,0.169,0.085,-0.016
0.384,-0.177,1.095,1.0,-0.014,0.001,-0.009,0.077,0.173,-0.398,0.188,0.121,-0.076
0.389,-0.167,1.071,1.0,-0.016,0.002,-0.01,0.091,0.163,-0.379,0.074,0.086,-0.061
0.392,-0.161,1.056,1.0,-0.014,0.004,-0.01,0.016,0.18,-0.399,-0.531,0.413,0.057
0.397,-0.152,1.036,1.0,-0.014,0.001,-0.011,0.083,0.176,-0.377,-0.13,0.031,-0.147
0.403,-0.145,1.021,1.0,-0.014,-0.003,-0.009,0.133,0.161,-0.314,-0.024,0.045,0.174
0.408,-0.138,1.002,1.0,-0.012,-0.002,-0.004,0.075,0.138,-0.351,0.034,0.284,0.319
0.414,-0.13,0.987,1.0,-0.005,-0.012,-0.009,0.125,0.156,-0.328,0.478,-0.198,-0.035
0.421,-0.121,0.966,1.0,-0.005,-0.012,-0.008,0.122,0.127,-0.323,-0.011,-0.067,0.032
0.455,-0.138,0.957,1.0,-0.002,-0.016,-0.009,1.461,-0.871,-0.138,0.133,-0.111,0.056
0.43,-0.109,0.931,1.0,-0.008,-0.019,-0.008,0.049,0.137,-0.36,-0.182,-0.312,0.129
0.433,-0.105,0.921,1.0,-0.005,-0.016,-0.01,0.086,0.113,-0.315,-0.403,0.245,-0.081
0.437,-0.099,0.897,1.0,-0.003,-0.021,-0.012,0.033,0.088,-0.385,0.494,-0.127,-0.111
0.437,-0.099,0.897,1.0,-0.003,-0.021,-0.012,0.033,0.088,-0.385,0.494,-0.127,-0.111
0.442,-0.09,0.869,1.0,-0.005,-0.025,-0.01,0.038,0.099,-0.243,-0.271,0.854,-0.358
0.443,-0.086,0.855,1.0,0.001,-0.008,-0.014,-0.068,0.155,-0.322,0.678,1.348,-0.34
0.443,-0.083,0.842,1.0,-0.011,-0.022,-0.008,-0.274,0.281,-0.408,-4.894,-7.132,-0.875
0.443,-0.08,0.83,1.0,-0.009,-0.027,-0.01,-0.027,0.075,-0.258,-0.313,-0.865,-0.167
0.442,-0.077,0.819,1.0,-0.002,-0.021,-0.01,-0.02,0.065,-0.199,-0.245,0.653,0.016
0.44,-0.074,0.81,1.0,0.014,-0.002,-0.01,-0.025,0.052,-0.15,0.198,0.733,-0.004
0.438,-0.074,0.801,1.0,0.017,0.005,-0.007,-0.006,0.002,-0.109,0.305,0.11,-0.029
0.438,-0.074,0.801,1.0,0.017,0.005,-0.007,-0.006,0.002,-0.109,0.305,0.11,-0.029
0.436,-0.077,0.785,1.0,0.015,0.003,-0.018,-0.108,-0.051,-0.159,-1.339,0.963,-1.404
0.436,-0.077,0.785,1.0,0.015,0.003,-0.018,-0.108,-0.051,-0.159,-1.339,0.963,-1.404
0.44,-0.085,0.771,1.0,0.008,-0.012,-0.01,0.053,-0.102,-0.127,-0.119,-0.967,0.28
0.44,-0.089,0.765,1.0,0.008,-0.012,-0.006,0.019,-0.093,-0.105,0.608,0.031,0.063
0.442,-0.095,0.751,0.998,0.042,-0.054,0.001,0.234,-0.194,-0.313,2.935,-2.997,0.836
0.44,-0.102,0.747,1.0,0.008,-0.017,-0.008,0.018,-0.15,-0.049,-1.955,1.74,0.121
0.438,-0.11,0.74,1.0,0.002,-0.015,-0.009,-0.015,-0.17,-0.132,-0.68,0.112,0.024
0.437,-0.118,0.733,1.0,-0.01,-0.003,-0.007,-0.016,-0.163,-0.121,-0.487,0.361,0.125
0.436,-0.126,0.728,1.0,-0.009,-0.007,-0.006,-0.022,-0.172,-0.092,0.173,-0.185,0.251
0.433,-0.134,0.722,1.0,0.003,-0.002,-0.024,-0.086,-0.154,-0.141,0.958,0.233,-1.212
0.435,-0.145,0.72,1.0,-0.008,-0.002,-0.008,-0.013,-0.172,-0.051,0.136,-0.174,-0.015
0.434,-0.15,0.716,1.0,-0.008,-0.008,-0.011,-0.044,-0.159,-0.114,0.021,-0.119,-0.155
0.434,-0.162,0.715,1.0,-0.013,-0.015,-0.009,0.001,-0.175,-0.02,-0.219,-0.403,0.002
0.434,-0.162,0.715,1.0,-0.013,-0.015,-0.009,0.001,-0.175,-0.02,-0.219,-0.403,0.002
0.432,-0.175,0.714,1.0,-0.025,-0.003,-0.012,-0.008,-0.151,-0.011,0.139,-0.156,0.166
0.433,-0.182,0.713,1.0,-0.015,-0.01,-0.007,0.006,-0.147,-0.004,0.188,-0.03,0.218
0.431,-0.189,0.713,1.0,-0.014,-0.007,-0.01,-0.022,-0.147,0.009,0.035,0.152,-0.086
0.431,-0.196,0.714,1.0,-0.013,-0.008,-0.008,-0.02,-0.121,0.019,0.04,-0.217,-0.137
0.429,-0.205,0.714,1.0,-0.02,-0.006,-0.002,-0.059,-0.185,-0.013,-0.515,0.156,0.564
0.428,-0.209,0.716,1.0,-0.021,-0.002,-0.006,-0.053,-0.16,-0.004,-0.211,0.675,-0.01
0.428,-0.217,0.72,1.0,-0.012,-0.013,-0.008,-0.012,-0.118,0.089,0.331,-0.157,0.0
0.428,-0.217,0.72,1.0,-0.012,-0.013,-0.008,-0.012,-0.118,0.089,0.331,-0.157,0.0
0.424,-0.228,0.726,1.0,0.001,-0.017,-0.025,-0.112,-0.113,0.007,1.052,-0.173,-1.54
0.424,-0.228,0.726,1.0,0.001,-0.017,-0.025,-0.112,-0.113,0.007,1.052,-0.173,-1.54
0.424,-0.238,0.736,1.0,-0.014,-0.016,-0.009,-0.03,-0.097,0.112,-0.167,0.499,-0.131
0.422,-0.244,0.741,1.0,-0.021,-0.021,-0.011,-0.017,-0.127,0.108,-0.049,-1.064,-0.166
0.42,-0.249,0.745,0.999,-0.027,-0.02,-0.006,-0.032,-0.112,0.094,-0.167,-0.661,0.075
0.418,-0.252,0.752,1.0,-0.019,-0.016,-0.011,-0.051,-0.076,0.083,0.574,-0.125,-0.33
0.416,-0.256,0.76,1.0,-0.025,-0.0,-0.001,-0.043,-0.09,0.183,0.056,0.807,0.446
0.415,-0.258,0.765,1.0,-0.03,-0.004,-0.005,-0.055,-0.045,0.105,-0.66,0.434,0.137
0.413,-0.262,0.774,0.999,-0.031,-0.01,0.003,-0.008,-0.114,0.137,-0.962,-0.63,1.26
0.411,-0.262,0.781,1.0,-0.027,-0.005,-0.004,-0.07,-0.072,0.149,-0.415,0.069,0.471
0.41,-0.262,0.794,1.0,-0.017,-0.012,-0.009,-0.016,-0.005,0.193,0.152,-0.856,-0.051
0.409,-0.263,0.801,1.0,-0.016,-0.01,-0.006,-0.003,-0.026,0.208,-0.285,-0.087,0.521
0.407,-0.264,0.815,1.0,-0.018,-0.013,-0.003,-0.06,-0.065,0.118,0.106,-0.958,0.652
0.407,-0.264,0.815,1.0,-0.018,-0.013,-0.003,-0.06,-0.065,0.118,0.106,-0.958,0.652
0.405,-0.264,0.837,1.0,-0.01,-0.006,-0.006,-0.018,-0.023,0.25,-0.085,0.141,0.055
0.404,-0.265,0.848,1.0,-0.008,-0.003,-0.005,-0.03,-0.022,0.265,0.095,0.31,0.045
0.402,-0.267,0.861,1.0,-0.02,-0.002,-0.005,-0.042,-0.044,0.221,-0.974,0.03,0.226
0.403,-0.267,0.874,1.0,-0.009,-0.006,-0.005,0.016,-0.02,0.315,0.144,-0.33,-0.017
0.402,-0.269,0.89,1.0,-0.015,-0.011,-0.005,-0.004,-0.05,0.281,-0.574,-0.088,0.073
0.403,-0.269,0.903,1.0,-0.004,-0.011,-0.009,0.02,-0.009,0.295,0.363,-0.553,-0.261
0.403,-0.272,0.923,1.0,-0.004,-0.008,-0.007,0.008,-0.028,0.313,0.265,0.12,0.03
0.403,-0.272,0.923,1.0,-0.004,-0.008,-0.007,0.008,-0.028,0.313,0.265,0.12,0.03
0.403,-0.276,0.953,1.0,-0.005,-0.006,-0.007,0.018,-0.057,0.297,0.281,-0.17,0.17
0.402,-0.278,0.963,1.0,0.005,-0.003,-0.023,-0.587,0.324,0.137,1.045,0.133,-1.628
0.404,-0.281,0.981,1.0,-0.015,-0.008,-0.005,-0.039,-0.031,0.264,-0.596,-0.165,0.296
0.405,-0.283,0.996,1.0,-0.009,-0.007,-0.008,0.01,-0.045,0.328,0.1,0.05,-0.056
0.406,-0.286,1.012,1.0,-0.013,-0.006,-0.008,0.041,-0.05,0.37,-0.083,0.216,-0.009
0.406,-0.289,1.029,1.0,-0.009,-0.005,-0.005,0.017,-0.061,0.397,0.382,0.37,0.29
0.407,-0.292,1.048,0.999,-0.012,-0.032,-0.008,0.025,-0.047,0.349,-0.144,-2.374,-0.097
0.407,-0.294,1.061,1.0,-0.009,-0.009,-0.008,-0.021,-0.074,0.303,0.277,0.464,-0.021
0.409,-0.297,1.082,1.0,-0.009,-0.011,-0.008,0.003,-0.036,0.282,0.369,0.159,-0.202
0.409,-0.297,1.082,1.0,-0.009,-0.011,-0.008,0.003,-0.036,0.282,0.369,0.159,-0.202
0.411,-0.303,1.119,1.0,-0.017,-0.001,-0.004,0.017,-0.081,0.346,-0.364,0.033,0.429
0.411,-0.303,1.119,1.0,-0.017,-0.001,-0.004,0.017,-0.081,0.346,-0.364,0.033,0.429
0.416,-0.306,1.151,1.0,-0.018,-0.005,-0.009,0.064,-0.028,0.409,-0.04,0.402,-0.15
0.418,-0.308,1.17,1.0,-0.016,-0.007,-0.007,0.062,-0.032,0.406,0.033,-0.082,0.044
0.419,-0.309,1.186,1.0,-0.008,-0.002,-0.011,0.019,-0.035,0.352,0.844,0.416,-0.381
0.421,-0.31,1.204,1.0,-0.002,-0.005,-0.024,0.021,-0.035,0.313,1.102,0.467,-1.419
0.425,-0.311,1.224,1.0,-0.002,-0.02,-0.007,0.042,0.006,0.339,0.974,-0.371,-0.326
0.427,-0.311,1.243,1.0,-0.016,-0.016,-0.007,0.07,-0.009,0.412,-0.181,-0.21,0.26
0.429,-0.311,1.266,0.999,-0.023,-0.021,-0.009,0.041,0.009,0.409,-0.404,0.024,-0.086
0.429,-0.311,1.279,0.999,-0.029,-0.023,-0.008,-0.006,0.009,0.401,-0.918,0.158,-0.063
0.43,-0.31,1.303,0.999,-0.03,-0.017,-0.011,-0.015,0.015,0.423,-0.538,0.418,-0.132
0.429,-0.307,1.319,1.0,-0.024,-0.013,-0.007,-0.032,0.043,0.384,0.093,0.52,0.257
0.43,-0.304,1.338,1.0,-0.018,-0.016,-0.011,0.009,0.063,0.4,-0.019,0.111,-0.018
0.428,-0.301,1.355,1.0,-0.006,-0.011,-0.006,-0.049,0.056,0.367,0.275,0.921,0.359
0.428,-0.297,1.374,1.0,-0.012,-0.014,-0.01,-0.013,0.083,0.366,-0.154,0.557,-0.096
0.427,-0.293,1.389,1.0,0.002,-0.024,-0.012,-0.047,0.092,0.309,0.704,-0.217,-0.152
0.425,-0.29,1.41,0.999,-0.007,-0.029,-0.013,-0.062,0.05,0.333,0.176,-0.548,-0.21
0.422,-0.287,1.427,1.0,-0.007,-0.019,-0.008,-0.068,0.037,0.397,-0.602,0.557,0.971
0.419,-0.282,1.451,1.0,-0.014,-0.02,-0.01,-0.048,0.068,0.402,-0.053,-0.328,0.489
0.419,-0.282,1.451,1.0,-0.014,-0.02,-0.01,-0.048,0.068,0.402,-0.053,-0.328,0.489
0.411,-0.275,1.489,1.0,-0.006,-0.023,-0.009,-0.047,0.093,0.366,0.466,-0.513,0.166
0.411,-0.275,1.489,1.0,-0.006,-0.023,-0.009,-0.047,0.093,0.366,0.466,-0.513,0.166
0.4,-0.268,1.527,1.0,-0.01,-0.004,-0.006,-0.157,0.049,0.388,-0.102,1.791,0.65
0.4,-0.268,1.527,1.0,-0.01,-0.004,-0.006,-0.157,0.049,0.388,-0.102,1.791,0.65
0.39,-0.26,1.562,1.0,-0.021,0.007,-0.019,-0.135,0.097,0.432,-1.25,1.57,-0.688
0.386,-0.257,1.576,1.0,-0.016,-0.011,-0.01,-0.127,0.07,0.316,-0.426,-0.099,0.209
0.382,-0.252,1.597,1.0,-0.012,-0.021,-0.011,-0.079,0.078,0.399,-0.692,-0.312,0.161
0.378,-0.249,1.613,0.999,-0.004,-0.033,-0.014,-0.084,0.074,0.351,0.174,-0.5,-0.339
0.37,-0.244,1.632,1.0,0.0,-0.027,-0.011,-0.114,0.075,0.329,0.107,0.227,-0.059
0.364,-0.242,1.645,1.0,0.002,-0.024,-0.011,-0.122,0.048,0.362,-0.304,0.311,-0.012
0.353,-0.24,1.664,1.0,0.005,-0.015,-0.007,-0.183,0.026,0.32,-0.012,0.51,0.163
0.353,-0.24,1.664,1.0,0.005,-0.015,-0.007,-0.183,0.026,0.32,-0.012,0.51,0.163
0.338,-0.236,1.693,1.0,-0.003,-0.022,-0.009,-0.16,0.027,0.324,-0.739,-0.601,0.125
0.331,-0.236,1.705,1.0,-0.003,-0.014,-0.009,-0.15,0.031,0.323,-0.235,-0.056,-0.033
0.322,-0.235,1.72,1.0,0.003,-0.018,-0.012,-0.183,0.002,0.317,-0.197,0.065,-0.229
0.313,-0.236,1.734,1.0,-0.003,-0.005,-0.005,-0.198,-0.02,0.289,-0.247,0.608,0.257
0.304,-0.236,1.75,1.0,-0.002,-0.009,-0.007,-0.182,-0.021,0.299,-0.511,0.419,0.256
0.295,-0.236,1.762,1.0,-0.0,-0.003,-0.006,-0.204,-0.032,0.29,-0.2,0.56,0.289
0.286,-0.237,1.777,1.0,0.009,-0.021,-0.008,-0.133,-0.0,0.175,1.018,-1.655,0.275
0.286,-0.237,1.777,1.0,0.009,-0.021,-0.008,-0.133,-0.0,0.175,1.018,-1.655,0.275
0.268,-0.241,1.805,1.0,-0.0,-0.003,-0.006,-0.184,-0.048,0.258,-0.117,0.436,0.181
0.268,-0.241,1.805,1.0,-0.0,-0.003,-0.006,-0.184,-0.048,0.258,-0.117,0.436,0.181
0.254,-0.245,1.828,1.0,-0.009,0.007,-0.008,-0.152,-0.055,0.264,-0.288,0.318,0.017
0.247,-0.247,1.839,1.0,-0.011,0.013,-0.006,-0.159,-0.058,0.274,-0.326,0.816,0.41
0.241,-0.248,1.85,1.0,-0.0,-0.004,-0.01,-0.101,-0.017,0.173,0.861,-1.025,-0.136
0.235,-0.25,1.862,1.0,-0.005,-0.002,-0.011,-0.118,-0.014,0.191,0.629,-0.486,-0.211
0.229,-0.252,1.873,1.0,-0.008,-0.0,-0.008,-0.127,-0.031,0.196,0.28,0.017,0.104
0.225,-0.254,1.883,1.0,-0.015,0.003,-0.007,-0.104,-0.039,0.211,-0.424,0.316,0.103
0.219,-0.255,1.894,1.0,-0.016,0.004,-0.006,-0.105,-0.031,0.173,0.017,0.247,0.115
0.219,-0.255,1.894,1.0,-0.016,0.004,-0.006,-0.105,-0.031,0.173,0.017,0.247,0.115
0.212,-0.256,1.911,1.0,-0.018,0.006,-0.007,-0.078,-0.017,0.175,-0.139,0.301,0.123
0.21,-0.255,1.916,1.0,-0.0,-0.009,-0.004,-0.054,0.013,0.088,1.54,-1.039,0.362
0.207,-0.255,1.925,1.0,-0.014,0.001,-0.006,-0.063,0.008,0.14,0.028,0.019,0.08
0.205,-0.254,1.931,1.0,-0.014,0.001,-0.006,-0.052,0.01,0.145,-0.133,0.45,0.201
0.203,-0.252,1.936,1.0,-0.013,-0.003,-0.012,-0.036,0.06,0.091,0.199,-0.174,-0.534
0.202,-0.251,1.94,1.0,-0.003,-0.01,-0.008,-0.036,0.035,0.047,1.191,-0.859,0.279
0.199,-0.25,1.947,1.0,-0.017,0.003,-0.006,-0.035,0.026,0.106,-0.151,0.335,0.123
0.198,-0.248,1.951,1.0,-0.016,0.003,-0.007,-0.03,0.041,0.091,-0.099,0.216,0.039
0.198,-0.245,1.955,1.0,-0.017,0.004,-0.007,-0.016,0.045,0.072,-0.089,0.003,-0.02
0.197,-0.243,1.957,1.0,-0.018,0.004,-0.005,-0.036,0.037,0.071,-0.15,0.461,0.379
0.197,-0.238,1.96,1.0,-0.013,-0.002,-0.009,-0.005,0.076,0.025,0.247,-0.189,-0.172
0.197,-0.238,1.96,1.0,-0.013,-0.002,-0.009,-0.005,0.076,0.025,0.247,-0.189,-0.172
0.198,-0.232,1.962,1.0,-0.015,0.001,-0.007,-0.017,0.048,0.045,-0.292,0.767,0.397
0.198,-0.227,1.962,1.0,-0.012,-0.005,-0.012,0.006,0.086,0.008,-0.065,0.108,-0.091
0.199,-0.223,1.96,1.0,0.0,-0.013,-0.009,0.01,0.086,-0.064,1.062,-0.107,-0.066
0.2,-0.219,1.96,1.0,-0.008,-0.024,-0.011,-0.003,0.087,-0.035,-0.019,-0.866,-0.259
0.2,-0.214,1.957,1.0,-0.012,-0.008,-0.007,0.002,0.087,-0.056,-0.248,0.115,0.055
0.2,-0.213,1.956,1.0,-0.01,-0.006,-0.009,0.005,0.082,-0.054,-0.006,0.085,-0.067
0.201,-0.211,1.955,1.0,-0.01,-0.011,-0.013,0.022,0.126,-0.081,-0.051,-0.299,-0.41
0.2,-0.206,1.951,1.0,-0.012,-0.0,-0.006,-0.02,0.068,-0.063,-0.172,0.37,0.325
0.2,-0.204,1.949,1.0,-0.008,-0.002,-0.008,-0.001,0.084,-0.075,0.138,0.123,0.025
0.201,-0.203,1.948,1.0,-0.009,-0.004,-0.009,0.006,0.089,-0.084,0.025,-0.009,-0.079
0.202,-0.197,1.943,1.0,-0.006,-0.01,-0.013,0.045,0.094,-0.077,0.279,-0.419,-0.528
0.202,-0.195,1.941,1.0,-0.007,-0.004,-0.013,0.006,0.116,-0.101,0.144,0.091,-0.443
0.202,-0.195,1.939,1.0,-0.009,-0.002,-0.008,0.004,0.079,-0.106,-0.06,0.189,0.121
0.203,-0.189,1.932,1.0,-0.008,-0.005,-0.011,0.031,0.08,-0.087,-0.454,0.362,0.02
0.203,-0.187,1.928,1.0,-0.008,-0.002,-0.007,-0.001,0.07,-0.125,-0.083,0.416,0.068
0.204,-0.186,1.927,1.0,-0.007,-0.005,-0.012,0.034,0.099,-0.108,-0.171,0.192,-0.288
0.204,-0.182,1.916,1.0,-0.003,-0.006,-0.009,0.005,0.078,-0.175,0.267,-0.055,-0.062
0.204,-0.181,1.915,1.0,-0.004,-0.004,-0.008,0.005,0.076,-0.175,0.118,0.179,-0.037
0.205,-0.177,1.902,1.0,-0.004,-0.006,-0.01,0.013,0.069,-0.205,-0.217,0.273,-0.092
0.206,-0.175,1.895,1.0,-0.011,-0.006,-0.006,0.012,0.06,-0.224,-1.365,0.453,0.521
0.207,-0.173,1.89,1.0,-0.003,-0.012,-0.011,0.037,0.076,-0.221,-0.01,-0.345,-0.217
0.207,-0.173,1.888,1.0,-0.007,-0.014,-0.009,0.029,0.07,-0.223,-0.451,-0.447,-0.006
0.207,-0.169,1.87,1.0,0.01,-0.016,-0.011,0.027,0.086,-0.295,1.173,-0.779,-0.197
0.207,-0.169,1.866,1.0,-0.0,-0.007,-0.008,-0.011,0.02,-0.26,-0.051,0.301,0.275
0.207,-0.169,1.862,1.0,-0.0,-0.009,-0.008,-0.007,0.017,-0.277,-0.114,-0.008,0.299
0.207,-0.167,1.844,1.0,-0.001,-0.003,-0.008,-0.025,-0.002,-0.256,-0.609,0.895,0.167
0.207,-0.166,1.836,1.0,-0.005,-0.002,-0.008,-0.022,-0.002,-0.265,-0.796,0.975,0.238
0.208,-0.166,1.834,1.0,-0.004,-0.007,-0.008,0.009,0.005,-0.279,-0.531,0.118,0.139
0.208,-0.165,1.813,1.0,-0.001,-0.007,-0.008,-0.014,-0.009,-0.299,-0.506,0.329,0.334
0.208,-0.165,1.813,1.0,-0.001,-0.007,-0.008,-0.014,-0.009,-0.299,-0.506,0.329,0.334
0.209,-0.164,1.803,1.0,-0.002,-0.005,-0.009,0.065,0.023,-0.296,-0.346,0.206,0.096
0.209,-0.164,1.778,1.0,-0.002,-0.009,-0.007,-0.007,-0.018,-0.355,-0.218,0.594,0.448
0.209,-0.164,1.778,1.0,-0.002,-0.009,-0.007,-0.007,-0.018,-0.355,-0.218,0.594,0.448
0.209,-0.164,1.759,1.0,-0.005,-0.016,-0.009,0.026,-0.009,-0.396,-0.661,-0.205,0.072
0.208,-0.165,1.739,1.0,-0.001,-0.012,-0.007,-0.019,-0.046,-0.379,-0.725,0.608,0.349
0.208,-0.165,1.739,1.0,-0.001,-0.012,-0.007,-0.019,-0.046,-0.379,-0.725,0.608,0.349
0.209,-0.165,1.725,1.0,0.005,-0.017,-0.014,-0.001,0.029,-0.454,0.3,-0.347,-0.517
0.208,-0.167,1.697,1.0,0.002,-0.012,-0.009,-0.001,-0.018,-0.407,-0.076,0.606,-0.032
0.208,-0.167,1.697,1.0,0.002,-0.012,-0.009,-0.001,-0.018,-0.407,-0.076,0.606,-0.032
0.207,-0.169,1.683,1.0,0.014,-0.02,-0.011,-0.039,-0.04,-0.442,0.385,0.108,-0.146
0.206,-0.172,1.65,0.999,0.019,-0.028,-0.011,-0.538,0.355,-0.648,1.44,-1.43,-0.026
0.206,-0.172,1.65,0.999,0.019,-0.028,-0.011,-0.538,0.355,-0.648,1.44,-1.43,-0.026
0.204,-0.174,1.638,1.0,0.011,-0.021,-0.014,-0.139,0.027,-0.478,0.126,-0.177,-0.224
0.202,-0.18,1.607,1.0,-0.005,-0.002,-0.013,0.002,-0.068,-0.424,-0.573,0.91,-0.29
0.202,-0.18,1.607,1.0,-0.005,-0.002,-0.013,0.002,-0.068,-0.424,-0.573,0.91,-0.29
0.2,-0.183,1.591,1.0,-0.011,0.002,-0.012,-0.074,-0.101,-0.488,-0.833,0.74,-0.061
0.199,-0.188,1.561,1.0,-0.009,0.002,-0.012,0.027,-0.046,-0.445,0.051,-0.542,-0.306
0.198,-0.189,1.552,1.0,0.007,-0.007,-0.007,-0.007,-0.07,-0.524,1.53,-1.171,0.31
0.198,-0.193,1.53,1.0,-0.007,-0.007,-0.014,0.012,-0.084,-0.412,-0.473,-0.134,-0.204
0.197,-0.196,1.513,1.0,-0.002,0.0,-0.012,-0.02,-0.068,-0.474,0.408,0.264,-0.121
0.197,-0.196,1.513,1.0,-0.002,0.0,-0.012,-0.02,-0.068,-0.474,0.408,0.264,-0.121
0.198,-0.198,1.498,1.0,-0.009,-0.001,-0.014,0.053,-0.061,-0.45,-0.188,0.176,-0.13
0.197,-0.204,1.464,1.0,-0.016,0.007,-0.01,-0.003,-0.094,-0.477,-0.655,0.678,0.126
0.197,-0.204,1.464,1.0,-0.016,0.007,-0.01,-0.003,-0.094,-0.477,-0.655,0.678,0.126
0.198,-0.205,1.446,1.0,-0.001,-0.01,-0.014,0.011,-0.023,-0.565,0.806,-0.719,-0.064
0.199,-0.211,1.414,1.0,-0.017,0.002,-0.011,-0.019,-0.101,-0.456,-1.369,1.148,0.099
0.199,-0.211,1.414,1.0,-0.017,0.002,-0.011,-0.019,-0.101,-0.456,-1.369,1.148,0.099
0.199,-0.213,1.396,1.0,-0.009,-0.004,-0.011,-0.021,-0.086,-0.527,-0.1,0.342,0.156
0.202,-0.216,1.36,1.0,0.005,-0.019,-0.014,0.074,-0.06,-0.558,0.684,-0.962,0.828
0.202,-0.216,1.36,1.0,0.005,-0.019,-0.014,0.074,-0.06,-0.558,0.684,-0.962,0.828
0.203,-0.218,1.343,1.0,0.011,-0.021,-0.009,0.046,-0.085,-0.532,1.04,-0.635,0.696
0.205,-0.222,1.311,1.0,-0.007,-0.009,-0.013,0.021,-0.054,-0.505,-0.225,0.305,0.126
0.205,-0.222,1.311,1.0,-0.007,-0.009,-0.013,0.021,-0.054,-0.505,-0.225,0.305,0.126
0.205,-0.225,1.294,1.0,-0.012,-0.007,-0.013,0.043,-0.061,-0.457,-0.839,0.521,-0.166
0.206,-0.229,1.259,1.0,-0.007,-0.009,-0.014,0.037,-0.054,-0.548,0.468,-0.493,0.043
0.206,-0.229,1.259,1.0,-0.007,-0.009,-0.014,0.037,-0.054,-0.548,0.468,-0.493,0.043
0.208,-0.231,1.244,1.0,-0.021,-0.002,-0.014,0.066,-0.057,-0.493,-0.808,0.128,-0.11
0.21,-0.234,1.211,1.0,0.008,-0.02,-0.01,0.043,-0.051,-0.404,1.163,-0.598,0.32
0.21,-0.234,1.211,1.0,0.008,-0.02,-0.01,0.043,-0.051,-0.404,1.163,-0.598,0.32
0.21,-0.235,1.194,1.0,-0.012,0.021,-0.011,0.018,-0.044,-0.436,-0.342,3.433,0.423
0.212,-0.238,1.158,1.0,-0.003,-0.014,-0.014,0.007,-0.041,-0.633,1.321,-0.984,0.137
0.212,-0.238,1.158,1.0,-0.003,-0.014,-0.014,0.007,-0.041,-0.633,1.321,-0.984,0.137
0.214,-0.238,1.141,1.0,0.0,-0.017,-0.016,0.034,-0.013,-0.573,0.521,-0.585,-0.029
0.216,-0.241,1.113,1.0,-0.021,-0.01,-0.014,0.061,-0.028,-0.457,-0.373,-0.255,0.049
0.216,-0.242,1.099,1.0,-0.02,-0.011,-0.013,-0.017,-0.035,-0.549,0.059,0.03,0.155
0.216,-0.242,1.094,1.0,-0.019,-0.013,-0.016,0.024,-0.003,-0.512,0.586,-0.465,-0.475
0.216,-0.242,1.066,1.0,-0.014,0.013,-0.025,-0.066,-0.003,-0.435,0.401,1.898,-0.561
0.219,-0.242,1.057,1.0,-0.023,-0.011,-0.014,0.065,0.028,-0.396,0.052,-0.892,-0.091
0.22,-0.242,1.051,1.0,-0.023,0.0,-0.014,0.051,0.002,-0.349,-0.821,1.027,-0.04
0.221,-0.24,1.022,1.0,0.0,-0.026,-0.011,-0.023,0.062,-0.508,1.711,-1.529,0.162
0.222,-0.24,1.016,1.0,-0.022,-0.012,-0.013,0.029,0.021,-0.347,-0.669,0.238,0.071
0.222,-0.24,1.011,1.0,-0.021,-0.012,-0.013,0.047,0.014,-0.394,0.305,-0.778,0.588
0.224,-0.238,0.987,1.0,-0.022,-0.013,-0.015,0.028,0.032,-0.353,0.048,0.456,0.042
0.223,-0.237,0.976,1.0,-0.025,-0.005,-0.012,-0.023,0.016,-0.395,-0.332,0.491,0.211
0.224,-0.236,0.973,0.999,-0.028,-0.025,-0.013,0.042,0.048,-0.325,-0.528,-1.293,0.251
0.225,-0.232,0.953,1.0,-0.023,-0.006,-0.015,0.037,0.068,-0.309,0.004,-0.189,-0.159
0.224,-0.231,0.943,0.999,-0.031,-0.006,-0.011,-0.045,0.025,-0.402,-0.749,0.017,0.396
0.226,-0.229,0.941,1.0,-0.022,-0.008,-0.014,0.032,0.086,-0.314,0.226,-0.241,0.059
0.225,-0.225,0.92,0.999,-0.019,-0.025,-0.017,-0.029,0.08,-0.376,0.058,-1.713,-0.288
0.225,-0.224,0.914,1.0,-0.022,0.001,-0.01,-0.024,0.041,-0.308,-0.128,0.796,0.269
0.227,-0.221,0.911,1.0,-0.019,-0.005,-0.015,0.048,0.096,-0.286,-0.166,-0.063,-0.238
0.228,-0.216,0.894,1.0,-0.014,-0.001,-0.015,0.03,0.087,-0.271,0.062,0.126,-0.036
0.229,-0.214,0.888,1.0,-0.01,0.004,-0.013,0.041,0.088,-0.26,0.419,0.07,0.05
0.229,-0.213,0.885,1.0,-0.015,0.007,-0.015,0.024,0.094,-0.275,-0.033,0.328,0.039
0.232,-0.209,0.87,1.0,-0.02,0.003,-0.013,-0.208,0.236,-0.28,-0.952,0.039,0.105
0.233,-0.207,0.865,1.0,-0.012,-0.0,-0.014,0.005,0.101,-0.206,-0.123,-0.255,0.131
0.233,-0.207,0.862,1.0,-0.018,-0.014,-0.008,-0.025,0.056,-0.284,-0.663,-1.446,0.66
0.236,-0.202,0.851,1.0,-0.01,0.0,-0.009,0.029,0.032,-0.186,-0.332,0.132,0.49
0.236,-0.202,0.851,1.0,-0.01,0.0,-0.009,0.029,0.032,-0.186,-0.332,0.132,0.49
0.239,-0.199,0.844,1.0,-0.008,0.003,-0.012,0.046,0.062,-0.192,-0.707,0.382,0.578
0.244,-0.195,0.837,1.0,-0.001,0.006,-0.016,0.081,0.052,-0.11,-0.24,0.372,0.107
0.244,-0.195,0.835,1.0,0.001,0.0,-0.014,0.071,0.04,-0.132,0.055,-0.249,0.243
0.248,-0.193,0.83,1.0,-0.004,0.008,-0.017,0.071,0.033,-0.042,-0.698,0.604,-0.092
0.251,-0.193,0.825,1.0,0.001,-0.01,-0.013,0.082,0.022,-0.108,0.345,-0.758,0.1
0.252,-0.192,0.822,1.0,0.012,0.002,-0.027,-0.001,0.028,-0.143,1.19,0.603,-1.293
0.254,-0.193,0.822,1.0,0.004,-0.026,-0.017,0.094,0.005,-0.092,0.144,-2.244,-0.121
0.257,-0.192,0.815,0.999,0.02,0.004,-0.039,-0.018,0.032,-0.166,1.437,0.499,-2.221
0.257,-0.192,0.815,0.999,0.02,0.004,-0.039,-0.018,0.032,-0.166,1.437,0.499,-2.221
0.263,-0.194,0.815,1.0,0.004,-0.006,-0.017,0.12,-0.022,-0.055,-0.286,-0.558,0.16
0.268,-0.197,0.813,1.0,-0.007,0.002,-0.014,0.09,-0.036,-0.01,-0.472,0.585,0.275
0.271,-0.198,0.812,1.0,-0.009,0.001,-0.015,0.1,-0.035,-0.037,-0.18,-0.073,0.11
0.271,-0.199,0.811,1.0,-0.016,-0.007,-0.009,0.064,-0.072,-0.042,-0.666,-0.691,0.577
0.279,-0.201,0.814,1.0,-0.008,-0.008,-0.015,0.119,-0.039,0.02,0.011,-0.565,-0.017
0.279,-0.201,0.814,1.0,-0.008,-0.008,-0.015,0.119,-0.039,0.02,0.011,-0.565,-0.017
0.282,-0.203,0.815,1.0,-0.011,-0.011,-0.013,0.113,-0.067,0.029,-0.678,-0.672,0.31
0.288,-0.207,0.819,1.0,-0.008,-0.008,-0.012,0.098,-0.079,0.061,-0.188,-0.326,0.158
0.291,-0.208,0.822,1.0,-0.005,-0.002,-0.013,-0.085,0.081,0.075,0.024,0.244,0.131
0.293,-0.209,0.822,1.0,-0.004,-0.011,-0.012,-0.001,-0.005,0.061,-0.006,-0.396,0.239
0.299,-0.213,0.829,1.0,-0.001,-0.001,-0.012,0.093,-0.07,0.12,0.026,-0.063,0.068
0.299,-0.213,0.829,1.0,-0.001,-0.001,-0.012,0.093,-0.07,0.12,0.026,-0.063,0.068
0.334,-0.238,0.838,1.0,-0.001,0.001,-0.012,1.524,-1.118,0.298,0.008,-0.075,0.08
0.312,-0.221,0.844,1.0,-0.002,-0.002,-0.013,0.17,-0.081,0.214,-0.685,-0.762,0.878
0.314,-0.224,0.847,1.0,0.012,-0.011,-0.02,0.091,-0.094,0.069,1.453,-1.136,-0.507
0.316,-0.226,0.85,1.0,-0.014,0.011,-0.005,0.09,-0.128,0.155,-1.25,1.191,0.929
0.323,-0.231,0.867,0.997,-0.054,0.039,-0.029,0.021,-0.089,0.434,-5.006,4.899,-1.626
0.329,-0.234,0.868,1.0,-0.014,-0.011,-0.014,0.162,-0.101,0.272,-0.679,-0.058,-0.14
0.329,-0.236,0.869,1.0,-0.018,-0.012,-0.011,0.112,-0.126,0.205,-0.728,-0.133,0.147
0.339,-0.241,0.884,0.999,0.007,-0.034,-0.011,-0.008,-0.004,0.203,0.676,-1.124,0.294
0.341,-0.244,0.89,0.999,0.016,-0.043,-0.011,0.084,-0.079,0.22,0.79,-0.997,0.266
0.342,-0.245,0.891,0.999,0.018,-0.038,-0.012,0.087,-0.088,0.198,0.639,-0.2,0.032
0.347,-0.254,0.905,0.998,0.011,-0.058,-0.014,0.062,-0.137,0.213,-0.367,-1.607,-0.095
0.347,-0.254,0.905,0.998,0.011,-0.058,-0.014,0.062,-0.137,0.213,-0.367,-1.607,-0.095
0.347,-0.259,0.911,0.999,0.008,-0.034,-0.009,0.003,-0.152,0.133,-0.336,0.307,0.107
0.348,-0.271,0.931,1.0,0.003,-0.015,-0.01,0.023,-0.182,0.286,-0.166,0.418,0.069
0.348,-0.271,0.931,1.0,0.003,-0.015,-0.01,0.023,-0.182,0.286,-0.166,0.418,0.069
0.346,-0.277,0.939,1.0,0.01,-0.002,-0.023,-0.065,-0.177,0.265,0.521,1.686,-1.2
0.348,-0.29,0.962,1.0,-0.0,-0.008,-0.011,-0.007,-0.211,0.333,-0.341,-0.166,0.375
0.348,-0.29,0.962,1.0,-0.0,-0.008,-0.011,-0.007,-0.211,0.333,-0.341,-0.166,0.375
0.348,-0.297,0.971,0.999,0.015,-0.026,-0.021,-0.025,-0.183,0.258,1.313,-1.359,-0.767
0.349,-0.311,0.999,1.0,-0.007,-0.018,-0.012,0.003,-0.198,0.388,-0.068,0.254,-0.05
0.348,-0.316,1.01,1.0,-0.005,-0.015,-0.008,-0.014,-0.216,0.437,0.13,0.539,0.406
0.348,-0.318,1.015,0.999,-0.01,-0.032,-0.01,-0.008,-0.194,0.491,-1.582,-0.403,-0.127
0.347,-0.331,1.042,0.999,-0.018,-0.024,-0.009,-0.019,-0.206,0.455,-0.595,-0.499,0.112
0.346,-0.335,1.054,1.0,-0.023,-0.005,-0.016,-0.026,-0.168,0.504,-0.987,0.917,-0.49
0.346,-0.338,1.058,1.0,-0.021,-0.015,-0.01,-0.033,-0.187,0.463,-0.24,-0.123,0.191
0.344,-0.348,1.088,1.0,-0.013,-0.01,-0.012,-0.094,-0.101,0.49,-0.384,0.319,0.048
0.344,-0.348,1.088,1.0,-0.013,-0.01,-0.012,-0.094,-0.101,0.49,-0.384,0.319,0.048
0.341,-0.354,1.104,1.0,-0.001,0.001,-0.006,-0.119,-0.167,0.466,0.984,0.809,0.532
0.34,-0.365,1.136,1.0,-0.005,-0.007,-0.01,-0.164,-0.085,0.454,0.489,0.247,0.105
0.34,-0.368,1.147,1.0,-0.013,-0.011,-0.011,-0.054,-0.129,0.443,-0.7,-0.153,0.592
0.341,-0.371,1.155,1.0,-0.011,-0.026,-0.011,0.014,-0.147,0.558,-0.464,-1.789,0.377
0.339,-0.381,1.187,1.0,-0.014,-0.01,-0.009,-0.014,-0.16,0.542,0.058,0.21,0.318
0.339,-0.384,1.197,1.0,-0.006,-0.021,-0.008,-0.016,-0.142,0.42,0.91,-0.888,0.297
0.338,-0.386,1.205,1.0,-0.022,-0.015,-0.012,-0.012,-0.152,0.521,-0.779,-0.144,-0.128
0.336,-0.394,1.238,1.0,-0.016,-0.001,-0.01,-0.023,-0.131,0.584,-0.3,0.701,0.206
0.336,-0.397,1.25,1.0,-0.022,-0.005,-0.01,-0.016,-0.134,0.531,-0.516,0.235,0.159
0.336,-0.398,1.256,1.0,-0.019,-0.009,-0.01,0.005,-0.098,0.528,-0.037,-0.656,-0.003
0.334,-0.405,1.288,1.0,-0.005,-0.016,-0.01,-0.003,-0.084,0.482,1.34,-0.809,-0.008
0.334,-0.405,1.288,1.0,-0.005,-0.016,-0.01,-0.003,-0.084,0.482,1.34,-0.809,-0.008
0.333,-0.408,1.306,1.0,-0.011,-0.007,-0.013,-0.035,-0.092,0.5,0.513,0.161,-0.156
0.333,-0.414,1.341,1.0,-0.021,-0.008,-0.013,0.013,-0.076,0.543,-0.432,0.313,-0.199
0.333,-0.416,1.354,1.0,-0.025,-0.007,-0.014,0.003,-0.067,0.598,-1.243,0.843,-0.629
0.332,-0.417,1.361,1.0,-0.026,-0.005,-0.012,-0.016,-0.076,0.574,-0.68,0.689,-0.155
0.332,-0.42,1.393,0.999,-0.028,-0.019,-0.013,0.001,-0.043,0.517,-0.164,-0.761,-0.105
0.331,-0.421,1.395,0.999,-0.021,-0.019,-0.015,-0.038,-0.048,0.513,0.585,-0.556,-0.294
0.33,-0.423,1.427,1.0,-0.026,-0.006,-0.007,-0.035,-0.05,0.5,-0.144,0.255,0.283
0.33,-0.423,1.444,1.0,-0.018,-0.004,-0.013,-0.01,-0.033,0.514,0.284,0.498,-0.206
0.33,-0.423,1.458,1.0,-0.018,0.001,-0.008,-0.054,-0.016,0.546,0.264,0.946,0.355
0.329,-0.423,1.462,1.0,-0.024,-0.01,-0.012,-0.029,-0.016,0.434,-0.374,-0.448,-0.193
0.33,-0.423,1.495,1.0,-0.024,-0.008,-0.011,0.007,0.02,0.514,-0.433,-0.055,0.001
0.329,-0.423,1.507,1.0,-0.02,-0.015,-0.014,-0.044,-0.008,0.493,0.05,-0.375,-0.222
0.328,-0.422,1.513,0.999,-0.033,-0.005,-0.006,-0.03,0.017,0.475,-1.378,0.545,0.503
0.328,-0.42,1.545,1.0,-0.025,-0.012,-0.009,-0.006,0.02,0.515,-0.646,-0.079,0.278
0.329,-0.419,1.558,1.0,-0.018,-0.011,-0.012,0.009,0.041,0.536,0.148,0.01,-0.162
0.327,-0.419,1.562,1.0,-0.013,-0.007,-0.007,-0.067,0.032,0.488,0.521,0.353,0.267
0.326,-0.416,1.595,1.0,-0.012,-0.008,-0.009,-0.286,0.199,0.421,0.159,0.094,0.278
0.326,-0.416,1.595,1.0,-0.012,-0.008,-0.009,-0.286,0.199,0.421,0.159,0.094,0.278
0.325,-0.414,1.61,1.0,-0.01,-0.01,-0.012,-0.075,0.065,0.463,-0.122,0.178,0.011
0.325,-0.411,1.642,1.0,-0.012,-0.017,-0.013,0.015,0.057,0.514,-0.492,-0.291,-0.097
0.324,-0.41,1.654,1.0,-0.014,-0.022,-0.012,-0.001,0.054,0.519,-0.915,-0.559,0.335
0.323,-0.409,1.658,1.0,0.0,-0.019,-0.009,-0.02,0.04,0.427,0.762,-0.321,0.533
0.321,-0.406,1.687,1.0,-0.011,-0.022,-0.01,-0.012,0.053,0.407,0.533,-1.369,0.382
0.32,-0.404,1.697,1.0,-0.007,-0.009,-0.015,-0.045,0.059,0.405,0.429,0.057,-0.112
0.319,-0.404,1.702,1.0,-0.007,-0.022,-0.013,-0.062,0.024,0.389,0.353,-0.975,-0.052
0.316,-0.4,1.729,0.999,-0.035,0.012,-0.015,-0.065,0.037,0.49,-2.322,1.558,-0.052
0.315,-0.398,1.738,1.0,-0.02,0.011,-0.018,-0.061,0.079,0.43,-0.582,1.332,-0.394
0.316,-0.398,1.742,1.0,-0.016,-0.005,-0.012,-0.019,0.057,0.386,-0.177,-0.101,0.23
0.313,-0.393,1.764,1.0,-0.004,-0.004,-0.017,-0.009,0.094,0.347,0.484,-0.497,-0.5
0.313,-0.393,1.764,1.0,-0.004,-0.004,-0.017,-0.009,0.094,0.347,0.484,-0.497,-0.5
0.312,-0.392,1.775,1.0,0.001,-0.003,-0.01,-0.04,0.05,0.307,0.635,-0.365,0.365
0.31,-0.387,1.797,1.0,-0.009,0.002,-0.02,-0.041,0.074,0.344,-0.759,0.727,-0.61
0.31,-0.387,1.797,1.0,-0.009,0.002,-0.02,-0.041,0.074,0.344,-0.759,0.727,-0.61
0.309,-0.386,1.808,1.0,0.001,-0.001,-0.012,-0.061,0.032,0.329,0.095,0.939,0.314
0.307,-0.383,1.823,1.0,-0.001,-0.012,-0.014,-0.034,0.035,0.253,-0.023,-0.123,0.054
0.307,-0.383,1.823,1.0,-0.001,-0.012,-0.014,-0.034,0.035,0.253,-0.023,-0.123,0.054
0.307,-0.382,1.832,1.0,-0.008,-0.013,-0.011,-0.014,0.039,0.282,-0.558,-0.026,0.256
0.303,-0.381,1.846,1.0,-0.008,-0.009,-0.01,-0.065,0.002,0.213,-0.35,0.401,0.409
0.303,-0.381,1.846,1.0,-0.008,-0.009,-0.01,-0.065,0.002,0.213,-0.35,0.401,0.409
0.3,-0.378,1.858,1.0,-0.006,-0.009,-0.012,-0.065,0.011,0.178,-0.154,0.408,0.177
0.298,-0.378,1.863,1.0,-0.003,-0.009,-0.013,-0.084,0.003,0.173,0.009,0.573,0.153
0.297,-0.376,1.867,1.0,-0.002,-0.015,-0.017,-0.059,0.032,0.107,0.14,-0.172,-0.205
0.295,-0.377,1.872,1.0,-0.006,-0.01,-0.012,-0.069,-0.005,0.132,-0.159,0.294,0.318
0.293,-0.376,1.875,1.0,-0.006,-0.014,-0.016,-0.058,0.023,0.098,-0.104,-0.105,-0.165
0.293,-0.376,1.875,1.0,-0.006,-0.014,-0.016,-0.058,0.023,0.098,-0.104,-0.105,-0.165
0.289,-0.375,1.88,1.0,0.004,-0.023,-0.015,-0.043,0.031,0.026,0.935,-0.979,-0.201
0.285,-0.375,1.884,1.0,-0.006,-0.01,-0.013,-0.084,-0.026,0.051,0.51,-0.291,0.508
0.285,-0.375,1.884,1.0,-0.006,-0.01,-0.013,-0.084,-0.026,0.051,0.51,-0.291,0.508
0.281,-0.374,1.888,1.0,-0.015,-0.011,-0.015,-0.051,0.01,0.065,-0.472,-0.016,0.034
0.278,-0.374,1.889,1.0,-0.013,-0.004,-0.017,-0.076,0.005,0.024,-0.057,0.094,0.071
0.278,-0.374,1.889,1.0,-0.013,-0.004,-0.017,-0.076,0.005,0.024,-0.057,0.094,0.071
0.275,-0.374,1.89,1.0,-0.014,-0.006,-0.014,-0.078,-0.005,0.008,0.112,-0.235,0.228
0.27,-0.373,1.889,1.0,-0.013,-0.002,-0.013,-0.098,-0.012,0.018,-0.293,0.423,0.38
0.27,-0.373,1.889,1.0,-0.013,-0.002,-0.013,-0.098,-0.012,0.018,-0.293,0.423,0.38
0.267,-0.372,1.888,1.0,-0.011,-0.005,-0.019,-0.076,0.039,-0.048,0.246,0.079,-0.267
0.264,-0.37,1.886,1.0,-0.015,-0.014,-0.015,-0.049,0.028,-0.033,-0.228,-0.714,0.085
0.264,-0.37,1.886,1.0,-0.015,-0.014,-0.015,-0.049,0.028,-0.033,-0.228,-0.714,0.085
0.261,-0.37,1.883,1.0,-0.012,-0.006,-0.014,-0.078,0.013,-0.059,-0.053,0.249,0.11
0.256,-0.368,1.876,1.0,-0.012,-0.006,-0.013,-0.085,0.019,-0.091,-0.26,0.33,0.15
0.256,-0.368,1.876,1.0,-0.012,-0.006,-0.013,-0.085,0.019,-0.091,-0.26,0.33,0.15
0.254,-0.366,1.872,1.0,-0.012,-0.003,-0.02,-0.049,0.055,-0.121,0.098,0.056,-0.546
0.249,-0.364,1.861,1.0,-0.005,-0.008,-0.018,-0.053,0.069,-0.194,0.746,-0.507,-0.323
0.249,-0.364,1.861,1.0,-0.005,-0.008,-0.018,-0.053,0.069,-0.194,0.746,-0.507,-0.323
0.245,-0.362,1.85,1.0,-0.013,-0.003,-0.013,-0.064,0.028,-0.194,0.054,-0.127,0.159
0.242,-0.361,1.843,1.0,-0.015,-0.003,-0.014,-0.078,0.029,-0.203,-0.074,0.081,0.153
0.242,-0.361,1.843,1.0,-0.015,-0.003,-0.014,-0.078,0.029,-0.203,-0.074,0.081,0.153
0.239,-0.358,1.832,1.0,-0.018,-0.002,-0.013,-0.063,0.037,-0.226,-0.138,-0.097,0.132
0.237,-0.356,1.821,1.0,-0.017,0.001,-0.014,-0.08,0.038,-0.206,-0.358,0.796,-0.005
0.235,-0.354,1.812,1.0,-0.01,-0.006,-0.017,-0.058,0.066,-0.296,0.516,-0.275,-0.121
0.233,-0.352,1.804,1.0,-0.013,-0.004,-0.018,-0.049,0.084,-0.292,0.37,-0.291,-0.383
0.231,-0.35,1.793,1.0,-0.016,-0.002,-0.013,-0.075,0.044,-0.271,-0.314,0.383,0.305
0.231,-0.35,1.793,1.0,-0.016,-0.002,-0.013,-0.075,0.044,-0.271,-0.314,0.383,0.305
0.231,-0.347,1.784,1.0,-0.016,-0.004,-0.017,-0.029,0.071,-0.275,-0.127,0.048,-0.025
0.227,-0.343,1.763,1.0,-0.02,-0.01,-0.015,-0.055,0.061,-0.329,-0.641,-0.496,0.046
0.226,-0.341,1.753,1.0,-0.013,-0.012,-0.018,-0.048,0.062,-0.344,0.155,-0.621,-0.295
0.225,-0.34,1.751,1.0,-0.012,-0.004,-0.016,-0.056,0.07,-0.329,0.225,0.239,-0.047
0.222,-0.335,1.729,1.0,-0.018,0.009,-0.023,-0.054,0.088,-0.309,-0.441,0.865,-0.38
0.222,-0.335,1.729,1.0,-0.018,0.009,-0.023,-0.054,0.088,-0.309,-0.441,0.865,-0.38
0.222,-0.332,1.713,1.0,0.005,-0.014,-0.016,-0.013,0.093,-0.431,1.294,-0.973,0.051
0.219,-0.328,1.691,1.0,-0.011,-0.005,-0.017,-0.002,0.091,-0.367,-0.357,-0.032,-0.068
0.218,-0.327,1.679,1.0,-0.01,-0.01,-0.014,-0.026,0.055,-0.378,-0.606,-0.132,0.117
0.217,-0.326,1.675,1.0,-0.007,-0.004,-0.015,-0.06,0.052,-0.375,-0.37,0.623,0.086
0.216,-0.321,1.644,1.0,0.008,-0.021,-0.016,-0.006,0.087,-0.51,1.194,-1.194,-0.05
0.216,-0.321,1.644,1.0,0.008,-0.021,-0.016,-0.006,0.087,-0.51,1.194,-1.194,-0.05
0.214,-0.319,1.629,1.0,0.005,-0.019,-0.018,-0.031,0.085,-0.53,1.23,-0.923,-0.108
0.211,-0.316,1.602,1.0,-0.013,-0.001,-0.014,-0.086,0.02,-0.455,-0.836,1.009,0.217
0.211,-0.314,1.589,1.0,-0.01,0.0,-0.018,-0.015,0.044,-0.41,-0.391,1.02,-0.065
0.21,-0.314,1.585,1.0,-0.009,0.002,-0.015,-0.073,0.041,-0.457,-0.099,0.758,0.173
0.208,-0.31,1.555,1.0,-0.014,0.003,-0.015,-0.06,0.035,-0.449,-0.478,0.643,0.296
0.208,-0.308,1.541,1.0,-0.015,-0.008,-0.016,-0.011,0.077,-0.48,-0.104,-0.642,0.078
0.208,-0.307,1.537,1.0,-0.014,-0.003,-0.018,-0.011,0.069,-0.469,-0.006,-0.015,-0.082
0.207,-0.303,1.505,1.0,0.002,-0.016,-0.018,-0.04,0.076,-0.555,0.945,-0.394,-0.122
0.207,-0.303,1.505,1.0,0.002,-0.016,-0.018,-0.04,0.076,-0.555,0.945,-0.394,-0.122
0.205,-0.302,1.487,1.0,-0.008,-0.008,-0.016,-0.055,0.037,-0.497,-0.159,0.494,0.131
0.205,-0.298,1.456,1.0,-0.013,-0.007,-0.018,-0.001,0.056,-0.464,-1.041,0.635,-0.158
0.205,-0.298,1.456,1.0,-0.013,-0.007,-0.018,-0.001,0.056,-0.464,-1.041,0.635,-0.158
0.204,-0.295,1.434,1.0,0.001,-0.016,-0.016,-0.018,0.071,-0.579,0.791,-0.714,-0.008
0.202,-0.293,1.403,1.0,-0.011,-0.005,-0.015,-0.069,0.022,-0.52,-0.79,0.616,0.307
0.202,-0.293,1.403,1.0,-0.011,-0.005,-0.015,-0.069,0.022,-0.52,-0.79,0.616,0.307
0.203,-0.29,1.384,1.0,-0.01,-0.018,-0.019,0.006,0.05,-0.468,-0.465,-0.421,-0.204
0.201,-0.286,1.351,1.0,-0.012,-0.001,-0.019,-0.021,0.06,-0.541,-0.572,0.414,-0.091
0.201,-0.286,1.351,1.0,-0.012,-0.001,-0.019,-0.021,0.06,-0.541,-0.572,0.414,-0.091
0.2,-0.285,1.331,1.0,-0.014,-0.003,-0.014,-0.046,0.008,-0.497,-1.148,0.788,0.375
0.199,-0.282,1.298,1.0,-0.007,-0.003,-0.016,-0.043,0.022,-0.542,-0.274,0.173,0.12
0.199,-0.282,1.298,1.0,-0.007,-0.003,-0.016,-0.043,0.022,-0.542,-0.274,0.173,0.12
0.199,-0.28,1.279,1.0,-0.007,-0.004,-0.015,-0.165,0.115,-0.56,-0.191,0.194,0.15
0.199,-0.278,1.248,1.0,-0.001,-0.008,-0.015,-0.006,0.029,-0.493,0.117,0.217,0.368
0.2,-0.277,1.233,1.0,-0.001,-0.002,-0.019,0.029,0.027,-0.487,-0.102,0.934,-0.461
0.199,-0.276,1.225,0.999,0.023,-0.031,-0.027,-0.022,0.058,-0.616,1.969,-1.796,-1.026
0.197,-0.276,1.196,1.0,0.002,-0.006,-0.016,-0.045,-0.01,-0.524,-0.012,0.285,0.086
0.198,-0.276,1.183,1.0,-0.002,-0.008,-0.017,0.005,0.008,-0.459,-0.033,0.009,-0.023
0.198,-0.275,1.176,0.999,0.018,-0.023,-0.016,-0.003,0.023,-0.621,2.171,-1.61,0.125
0.198,-0.276,1.146,0.999,0.011,-0.029,-0.013,0.063,0.008,-0.562,1.152,-1.708,0.53
0.198,-0.276,1.146,0.999,0.011,-0.029,-0.013,0.063,0.008,-0.562,1.152,-1.708,0.53
0.197,-0.277,1.132,1.0,-0.008,-0.007,-0.019,-0.003,-0.01,-0.422,0.104,-0.049,-0.247
0.195,-0.276,1.103,1.0,-0.008,0.001,-0.018,-0.034,0.026,-0.546,0.703,0.195,-0.054
0.196,-0.277,1.091,1.0,-0.002,-0.001,-0.015,0.001,0.014,-0.499,1.309,-0.631,0.1
0.196,-0.277,1.085,1.0,0.015,-0.014,-0.009,0.017,0.021,-0.535,2.249,-1.41,0.559
0.198,-0.276,1.064,1.0,-0.023,0.009,-0.02,0.039,0.011,-0.357,-0.342,-0.266,-0.107
0.198,-0.276,1.064,1.0,-0.023,0.009,-0.02,0.039,0.011,-0.357,-0.342,-0.266,-0.107
0.199,-0.276,1.05,0.999,-0.025,0.006,-0.018,0.046,0.021,-0.371,0.002,-0.359,-0.054
0.201,-0.274,1.025,0.999,-0.031,0.012,-0.017,0.029,0.038,-0.413,-0.079,-0.204,0.145
0.204,-0.272,1.016,0.999,-0.035,0.017,-0.017,0.059,0.056,-0.357,-0.376,0.45,0.132
0.205,-0.271,1.014,0.999,-0.031,0.008,-0.018,0.086,0.062,-0.341,0.123,-0.376,-0.068
0.21,-0.267,0.993,0.999,-0.029,0.006,-0.02,0.11,0.083,-0.32,-0.169,0.026,-0.037
0.21,-0.267,0.993,0.999,-0.029,0.006,-0.02,0.11,0.083,-0.32,-0.169,0.026,-0.037
0.214,-0.264,0.98,0.999,-0.025,0.01,-0.019,0.124,0.066,-0.262,-0.727,0.819,-0.264
0.221,-0.257,0.96,1.0,-0.02,0.007,-0.015,0.142,0.099,-0.251,-0.24,0.62,0.48
0.22,-0.257,0.957,1.0,-0.023,0.011,-0.015,0.069,0.088,-0.336,-0.461,0.818,0.445
0.23,-0.25,0.939,1.0,-0.016,0.001,-0.016,0.127,0.109,-0.324,0.15,-0.283,0.115
0.234,-0.247,0.928,1.0,-0.021,-0.008,-0.014,0.12,0.067,-0.34,-0.453,-0.602,0.391
0.238,-0.244,0.919,1.0,-0.018,-0.006,-0.017,0.147,0.122,-0.33,0.004,-0.22,-0.092
0.239,-0.242,0.918,1.0,-0.005,-0.003,-0.014,0.131,0.124,-0.246,1.114,0.202,0.215
0.247,-0.236,0.899,1.0,-0.015,-0.022,-0.016,0.102,0.092,-0.25,-0.609,0.142,0.067
0.251,-0.233,0.891,1.0,-0.009,-0.017,-0.018,0.172,0.101,-0.211,-0.04,-0.623,0.202
0.252,-0.233,0.889,1.0,-0.009,-0.003,-0.016,0.141,0.093,-0.206,-0.064,0.742,0.283
0.26,-0.227,0.873,1.0,-0.01,-0.006,-0.017,0.171,0.108,-0.224,-0.116,-0.367,-0.015
0.261,-0.226,0.871,1.0,-0.01,-0.01,-0.017,0.156,0.102,-0.247,-0.048,-0.618,0.103
0.267,-0.222,0.859,1.0,-0.01,-0.007,-0.016,0.143,0.077,-0.216,-0.051,-0.113,-0.023
0.275,-0.218,0.845,0.998,0.029,-0.048,-0.006,0.191,0.084,-0.308,1.775,-1.822,0.508
0.273,-0.219,0.849,1.0,-0.006,-0.009,-0.019,0.092,0.06,-0.093,-1.679,1.88,-0.644
0.28,-0.214,0.838,0.999,0.026,-0.038,-0.011,0.108,0.068,-0.084,2.47,-2.067,0.408
0.283,-0.213,0.828,1.0,0.018,-0.024,-0.008,0.123,0.047,-0.25,1.571,-1.196,1.082
0.285,-0.211,0.83,0.999,-0.032,0.023,-0.026,0.027,0.072,-0.024,-2.394,2.839,-0.835
0.286,-0.212,0.825,1.0,-0.022,-0.006,-0.014,0.079,-0.001,-0.227,-0.949,-0.415,0.368
0.295,-0.208,0.821,1.0,-0.022,-0.002,-0.016,0.154,0.049,-0.036,-0.97,0.046,0.895
0.295,-0.208,0.821,1.0,-0.022,-0.002,-0.016,0.154,0.049,-0.036,-0.97,0.046,0.895
0.299,-0.206,0.819,0.999,-0.027,0.01,-0.019,0.119,0.053,-0.029,-0.085,0.847,-0.096
0.306,-0.202,0.816,1.0,-0.017,-0.005,-0.017,0.134,0.073,-0.038,0.302,-0.892,-0.07
0.306,-0.202,0.816,1.0,-0.017,-0.005,-0.017,0.134,0.073,-0.038,0.302,-0.892,-0.07
0.311,-0.199,0.814,1.0,-0.02,-0.004,-0.011,0.116,0.084,-0.061,-0.309,0.14,0.223
0.32,-0.195,0.815,1.0,-0.009,-0.01,-0.015,0.16,0.083,-0.007,0.213,-0.507,-0.004
0.32,-0.195,0.815,1.0,-0.009,-0.01,-0.015,0.16,0.083,-0.007,0.213,-0.507,-0.004
0.324,-0.194,0.815,1.0,-0.012,-0.013,-0.012,0.115,0.027,0.004,-0.187,-0.302,0.242
0.332,-0.19,0.818,1.0,-0.009,-0.007,-0.017,0.193,0.012,0.066,0.037,0.117,-0.262
0.332,-0.19,0.818,1.0,-0.009,-0.007,-0.017,0.193,0.012,0.066,0.037,0.117,-0.262
0.336,-0.189,0.819,1.0,-0.003,-0.004,-0.016,0.098,0.016,-0.015,0.921,-0.122,0.08
0.344,-0.187,0.826,1.0,-0.017,-0.014,-0.004,0.102,0.021,0.077,-0.528,-0.729,0.739
0.346,-0.184,0.829,1.0,-0.004,-0.01,-0.028,0.022,0.059,0.023,0.897,0.001,-1.429
0.357,-0.182,0.842,1.0,-0.008,-0.015,-0.016,0.134,0.028,0.178,0.343,-0.581,0.074
0.357,-0.182,0.842,1.0,-0.008,-0.015,-0.016,0.134,0.028,0.178,0.343,-0.581,0.074
0.361,-0.181,0.849,1.0,-0.008,-0.01,-0.017,0.135,0.039,0.207,-0.064,-0.182,-0.056
0.368,-0.18,0.861,1.0,-0.01,-0.012,-0.016,0.15,0.015,0.241,-0.173,-0.501,0.243
0.368,-0.18,0.861,1.0,-0.01,-0.012,-0.016,0.15,0.015,0.241,-0.173,-0.501,0.243
0.373,-0.179,0.869,1.0,-0.01,-0.012,-0.019,0.152,0.028,0.224,0.163,-0.214,-0.203
0.379,-0.178,0.881,1.0,-0.008,-0.007,-0.016,0.082,-0.006,0.178,-0.387,0.312,0.234
0.379,-0.178,0.881,1.0,-0.008,-0.007,-0.016,0.082,-0.006,0.178,-0.387,0.312,0.234
0.384,-0.177,0.89,1.0,-0.009,-0.02,-0.017,0.12,0.016,0.251,-0.161,-1.077,-0.055
0.391,-0.177,0.902,1.0,-0.009,-0.015,-0.018,0.13,0.009,0.215,0.122,-0.187,-0.118
0.393,-0.176,0.907,1.0,-0.008,-0.009,-0.014,0.093,0.002,0.302,-1.167,1.344,0.006
0.395,-0.176,0.909,1.0,-0.008,-0.015,-0.016,0.11,-0.005,0.23,-0.636,0.393,-0.14
0.399,-0.176,0.918,0.999,0.013,-0.029,-0.027,0.076,0.033,0.086,2.269,-1.975,-1.157
0.399,-0.176,0.918,0.999,0.013,-0.029,-0.027,0.076,0.033,0.086,2.269,-1.975,-1.157
0.404,-0.177,0.926,1.0,-0.017,-0.013,-0.015,0.072,-0.02,0.164,-1.264,0.48,0.126
0.411,-0.176,0.932,0.998,0.032,-0.057,-0.003,0.213,0.01,-0.029,3.252,-3.794,0.984
0.41,-0.178,0.939,1.0,-0.019,-0.004,-0.011,0.011,-0.069,0.157,-1.94,1.541,0.342
0.412,-0.177,0.942,1.0,-0.013,-0.008,-0.017,0.104,-0.005,0.199,-0.521,0.433,-0.28
0.417,-0.178,0.95,1.0,-0.021,-0.001,-0.015,0.062,-0.022,0.224,-1.58,1.331,-0.136
0.419,-0.179,0.955,0.999,-0.027,0.003,-0.016,0.098,-0.008,0.184,-0.549,0.082,-0.167
0.42,-0.179,0.956,0.999,-0.029,0.019,-0.015,0.074,-0.005,0.159,-0.465,1.275,0.022
0.426,-0.178,0.963,1.0,-0.02,-0.001,-0.017,0.118,0.024,0.115,0.385,-0.328,-0.212
0.426,-0.178,0.963,1.0,-0.02,-0.001,-0.017,0.118,0.024,0.115,0.385,-0.328,-0.212
0.43,-0.177,0.965,1.0,-0.02,-0.003,-0.013,0.089,0.011,0.067,-0.377,0.113,0.542
0.436,-0.176,0.965,1.0,-0.011,-0.005,-0.016,0.105,0.02,-0.008,0.437,0.112,-0.234
0.436,-0.176,0.965,1.0,-0.011,-0.005,-0.016,0.105,0.02,-0.008,0.437,0.112,-0.234
0.441,-0.174,0.965,1.0,-0.016,-0.015,-0.014,0.116,0.027,-0.029,-0.085,-0.315,-0.052
0.446,-0.173,0.96,1.0,-0.015,-0.014,-0.014,0.079,0.028,-0.057,0.003,0.165,0.034
0.449,-0.172,0.958,1.0,-0.012,-0.013,-0.016,0.103,0.027,-0.09,0.109,0.105,-0.025
0.45,-0.171,0.957,1.0,-0.012,-0.014,-0.014,0.085,0.026,-0.077,0.119,-0.045,0.141
0.454,-0.17,0.949,1.0,-0.011,-0.019,-0.014,0.076,0.02,-0.133,0.158,-0.183,-0.01
0.454,-0.17,0.949,1.0,-0.011,-0.019,-0.014,0.076,0.02,-0.133,0.158,-0.183,-0.01
0.457,-0.169,0.944,1.0,-0.01,-0.016,-0.013,0.073,0.018,-0.043,-0.872,1.119,0.15
0.46,-0.168,0.932,1.0,-0.013,-0.021,-0.013,0.024,-0.004,-0.178,-0.935,0.242,0.225
0.462,-0.166,0.927,1.0,-0.009,-0.021,-0.016,0.072,0.03,-0.151,-0.343,0.006,-0.018
0.462,-0.166,0.925,1.0,-0.007,-0.019,-0.015,0.056,0.028,-0.165,-0.032,0.168,0.088
0.463,-0.166,0.911,1.0,-0.005,-0.019,-0.015,-0.012,-0.016,-0.249,0.079,0.072,0.034
0.463,-0.166,0.911,1.0,-0.005,-0.019,-0.015,-0.012,-0.016,-0.249,0.079,0.072,0.034
0.465,-0.165,0.904,0.999,-0.002,-0.039,-0.017,0.034,0.013,-0.196,0.127,-1.265,-0.157
0.465,-0.164,0.886,0.999,0.025,-0.044,-0.01,0.013,0.026,-0.389,2.751,-1.694,0.435
0.465,-0.165,0.885,1.0,-0.003,-0.022,-0.017,0.008,-0.002,-0.176,-0.6,0.867,-0.297
0.464,-0.165,0.882,1.0,-0.005,-0.018,-0.016,-0.009,-0.015,-0.168,-0.216,0.47,-0.195
0.46,-0.165,0.867,0.999,-0.0,0.004,-0.033,-0.142,-0.004,-0.276,0.505,2.518,-1.681
0.461,-0.166,0.863,1.0,-0.017,0.002,-0.018,-0.018,-0.013,-0.168,-0.325,1.255,-0.232
0.461,-0.166,0.862,1.0,-0.015,-0.008,-0.015,-0.025,-0.007,-0.171,-0.015,0.027,0.087
0.458,-0.168,0.849,1.0,-0.025,-0.005,-0.006,-0.058,-0.044,-0.206,-1.076,-0.179,0.867
0.458,-0.168,0.849,1.0,-0.025,-0.005,-0.006,-0.058,-0.044,-0.206,-1.076,-0.179,0.867
0.455,-0.168,0.837,1.0,-0.018,-0.02,-0.013,-0.084,-0.016,-0.226,-0.243,0.232,0.14
0.454,-0.167,0.832,0.999,-0.015,-0.025,-0.014,-0.039,0.006,-0.157,0.025,0.077,-0.039
0.454,-0.167,0.83,0.999,-0.009,-0.03,-0.016,-0.05,0.011,-0.178,0.344,-0.391,-0.041
0.449,-0.167,0.823,1.0,-0.017,-0.012,-0.019,-0.098,0.033,-0.085,-0.719,1.242,-0.508
0.446,-0.167,0.816,1.0,-0.005,-0.023,-0.013,-0.051,0.013,-0.113,-0.024,-0.42,0.359
0.446,-0.167,0.815,1.0,-0.004,-0.022,-0.013,-0.06,0.014,-0.123,0.042,-0.229,0.302
0.439,-0.168,0.805,1.0,-0.005,-0.023,-0.013,-0.112,-0.016,-0.16,0.037,-0.001,-0.04
0.435,-0.168,0.799,1.0,-0.006,-0.022,-0.012,-0.105,-0.012,-0.152,-0.255,-0.328,0.228
0.433,-0.168,0.79,0.998,0.022,-0.052,-0.006,0.001,0.006,-0.308,2.228,-2.763,1.412
0.422,-0.169,0.778,0.999,0.028,-0.042,-0.004,-0.12,0.001,-0.329,3.064,-1.836,0.798
0.418,-0.17,0.777,1.0,-0.007,-0.023,-0.013,-0.139,-0.042,-0.237,0.76,-1.421,0.302
0.416,-0.17,0.776,1.0,-0.008,-0.009,-0.014,-0.135,-0.03,-0.187,0.299,0.276,0.068
0.407,-0.172,0.766,0.999,-0.022,0.021,-0.011,-0.131,-0.025,-0.145,-0.141,1.127,0.427
0.407,-0.172,0.766,0.999,-0.022,0.021,-0.011,-0.131,-0.025,-0.145,-0.141,1.127,0.427
0.402,-0.172,0.76,0.999,-0.032,0.009,-0.012,-0.137,-0.002,-0.136,-0.124,0.179,0.054
0.395,-0.171,0.751,1.0,-0.028,0.003,-0.011,-0.108,0.016,-0.114,0.02,-0.24,0.342
0.395,-0.171,0.751,1.0,-0.028,0.003,-0.011,-0.108,0.016,-0.114,0.02,-0.24,0.342
0.384,-0.167,0.737,1.0,-0.022,0.003,-0.016,-0.18,0.079,-0.157,0.165,0.905,-0.146
0.383,-0.165,0.734,1.0,-0.023,-0.005,-0.012,-0.098,0.067,-0.1,0.001,-0.077,0.06
0.377,-0.16,0.725,1.0,-0.018,-0.008,-0.011,-0.082,0.066,-0.09,-0.359,0.279,0.041
0.374,-0.158,0.719,1.0,-0.011,-0.016,-0.006,-0.122,0.055,-0.186,-0.36,-0.103,0.022
0.368,-0.151,0.713,1.0,-0.019,-0.012,-0.009,-0.073,0.076,-0.148,-0.708,-0.368,0.081
0.366,-0.148,0.711,1.0,-0.014,-0.008,-0.012,-0.073,0.088,-0.082,-0.418,-0.274,0.201
0.365,-0.147,0.711,1.0,-0.022,-0.0,-0.013,-0.097,0.099,-0.028,-0.853,0.506,-0.005
0.36,-0.141,0.699,0.998,0.035,-0.044,0.003,-0.055,0.126,-0.341,4.772,-3.262,1.252
0.36,-0.141,0.699,0.998,0.035,-0.044,0.003,-0.055,0.126,-0.341,4.772,-3.262,1.252
0.357,-0.137,0.701,1.0,-0.002,-0.008,-0.015,-0.084,0.099,-0.088,0.457,0.184,-0.425
0.352,-0.132,0.699,1.0,-0.019,0.003,-0.011,-0.044,0.093,-0.001,-0.474,0.148,-0.108
0.347,-0.129,0.696,0.999,-0.008,0.026,-0.029,-0.173,0.124,-0.07,0.77,2.11,-1.688
0.347,-0.128,0.697,0.999,-0.015,0.022,-0.023,-0.09,0.106,0.001,-0.154,0.737,-0.378
0.346,-0.121,0.699,0.999,-0.028,0.018,-0.01,-0.04,0.13,0.029,0.266,0.716,-0.075
0.345,-0.117,0.7,1.0,-0.027,0.005,-0.01,0.011,0.179,0.055,0.699,-0.343,-0.215
0.344,-0.106,0.7,1.0,-0.022,-0.006,-0.009,-0.016,0.161,0.007,0.452,-0.419,-0.025
0.342,-0.105,0.698,1.0,-0.012,0.007,-0.024,-0.123,0.174,-0.076,1.383,0.697,-1.534
0.344,-0.095,0.698,1.0,-0.019,-0.015,-0.009,0.013,0.166,-0.021,0.076,-0.571,-0.01
0.34,-0.089,0.695,1.0,-0.005,0.007,-0.027,-0.141,0.195,-0.096,1.013,2.154,-1.74
0.345,-0.085,0.692,0.999,0.02,-0.047,0.003,0.088,0.181,-0.193,2.764,-3.659,1.01
0.342,-0.083,0.696,1.0,-0.016,-0.008,-0.008,-0.038,0.155,0.03,-0.853,0.452,-0.144
0.339,-0.072,0.692,1.0,-0.005,0.003,-0.026,-0.137,0.202,-0.109,1.078,1.344,-1.538
0.34,-0.067,0.694,1.0,-0.018,-0.009,-0.009,-0.017,0.189,-0.003,0.182,0.449,-0.12
0.339,-0.053,0.694,1.0,-0.018,-0.017,-0.01,-0.031,0.22,0.033,0.216,0.002,-0.035
0.339,-0.053,0.694,1.0,-0.018,-0.017,-0.01,-0.031,0.22,0.033,0.216,0.002,-0.035
0.337,-0.045,0.694,1.0,-0.02,-0.015,-0.01,-0.039,0.194,0.055,-0.378,0.377,-0.016
0.334,-0.033,0.695,1.0,-0.014,-0.018,-0.01,-0.036,0.207,0.045,0.128,0.008,-0.101
0.334,-0.033,0.695,1.0,-0.014,-0.018,-0.01,-0.036,0.207,0.045,0.128,0.008,-0.101
0.33,-0.023,0.692,1.0,-0.01,-0.017,-0.009,-0.13,0.198,-0.092,0.228,0.028,0.121
0.328,-0.012,0.694,1.0,-0.008,-0.017,-0.012,-0.064,0.227,-0.005,-0.072,-0.202,-0.132
0.328,-0.012,0.694,1.0,-0.008,-0.017,-0.012,-0.064,0.227,-0.005,-0.072,-0.202,-0.132
0.326,-0.005,0.694,1.0,-0.004,-0.008,-0.012,-0.06,0.198,0.007,-0.053,0.736,-0.265
0.323,0.006,0.689,0.998,0.032,-0.051,0.0,0.012,0.205,-0.183,3.219,-3.265,1.112
0.317,0.012,0.69,0.999,0.025,-0.025,-0.001,-0.11,0.172,-0.115,2.248,-0.895,0.936
0.311,0.023,0.693,1.0,0.003,-0.015,-0.009,-0.093,0.171,-0.011,0.332,-0.221,0.08
0.311,0.023,0.693,1.0,0.003,-0.015,-0.009,-0.093,0.171,-0.011,0.332,-0.221,0.08
0.308,0.029,0.694,1.0,-0.011,-0.007,-0.011,-0.083,0.158,0.016,-0.516,-0.141,-0.026
0.301,0.037,0.696,1.0,-0.025,-0.002,-0.006,-0.096,0.115,0.03,-1.116,-0.247,0.381
0.301,0.037,0.696,1.0,-0.025,-0.002,-0.006,-0.096,0.115,0.03,-1.116,-0.247,0.381
0.294,0.053,0.7,1.0,-0.014,0.004,-0.005,-0.108,0.125,-0.008,-0.39,0.32,0.529
0.294,0.053,0.7,1.0,-0.014,0.004,-0.005,-0.108,0.125,-0.008,-0.39,0.32,0.529
0.29,0.068,0.702,1.0,0.003,0.005,-0.005,-0.085,0.114,-0.04,-0.115,0.377,0.336
0.29,0.068,0.702,1.0,0.003,0.005,-0.005,-0.085,0.114,-0.04,-0.115,0.377,0.336
0.29,0.074,0.702,1.0,0.004,-0.007,-0.013,0.006,0.119,-0.025,-0.376,-1.063,-0.167
0.289,0.08,0.702,1.0,0.009,-0.001,-0.008,-0.013,0.083,-0.02,-0.227,-0.251,0.213
0.289,0.08,0.702,1.0,0.009,-0.001,-0.008,-0.013,0.083,-0.02,-0.227,-0.251,0.213
0.286,0.086,0.697,1.0,0.012,-0.001,-0.008,-0.024,0.05,-0.09,-0.028,-0.337,-0.013
0.286,0.086,0.697,1.0,0.012,-0.001,-0.008,-0.024,0.05,-0.09,-0.028,-0.337,-0.013
0.287,0.088,0.696,1.0,0.016,0.005,-0.01,0.006,0.02,-0.056,0.099,0.069,-0.06
0.288,0.088,0.695,1.0,0.018,-0.003,-0.011,0.032,0.002,-0.031,0.306,-0.132,-0.092
0.288,0.088,0.695,1.0,0.018,-0.003,-0.011,0.032,0.002,-0.031,0.306,-0.132,-0.092
0.291,0.084,0.688,1.0,0.011,0.002,-0.011,0.031,-0.046,-0.071,-0.168,0.106,-0.108
0.291,0.084,0.688,1.0,0.011,0.002,-0.011,0.031,-0.046,-0.071,-0.168,0.106,-0.108
0.294,0.076,0.678,1.0,0.01,-0.003,-0.012,0.041,-0.093,-0.109,0.028,0.027,-0.006
0.294,0.076,0.678,1.0,0.01,-0.003,-0.012,0.041,-0.093,-0.109,0.028,0.027,-0.006
0.296,0.072,0.672,1.0,0.009,-0.001,-0.012,0.035,-0.101,-0.145,0.054,0.122,-0.037
0.299,0.065,0.663,1.0,0.006,-0.006,-0.011,0.075,-0.113,-0.118,-0.178,-0.533,-0.017
0.3,0.062,0.66,1.0,0.007,0.004,-0.012,0.06,-0.12,-0.143,-0.033,0.535,-0.099
0.302,0.056,0.651,1.0,0.004,-0.013,-0.011,0.05,-0.138,-0.18,-0.169,-0.61,0.106
0.302,0.051,0.643,1.0,0.005,-0.009,-0.011,-0.025,-0.179,-0.284,-0.01,-0.054,0.072
0.302,0.051,0.643,1.0,0.005,-0.009,-0.011,-0.025,-0.179,-0.284,-0.01,-0.054,0.072
0.306,0.041,0.631,1.0,0.005,-0.011,-0.012,0.04,-0.153,-0.218,0.035,0.012,0.008
0.307,0.035,0.623,1.0,0.003,-0.011,-0.012,0.053,-0.156,-0.219,-0.14,0.123,-0.047
0.308,0.03,0.617,1.0,0.002,-0.01,-0.011,0.043,-0.174,-0.224,-0.24,-0.29,0.2
0.309,0.025,0.606,0.999,0.022,-0.024,-0.012,0.044,-0.146,-0.369,1.842,-2.194,0.241
0.31,0.017,0.601,1.0,0.002,-0.009,-0.012,0.042,-0.178,-0.192,-0.041,0.138,-0.085
0.31,0.017,0.601,1.0,0.002,-0.009,-0.012,0.042,-0.178,-0.192,-0.041,0.138,-0.085
0.312,-0.003,0.577,1.0,-0.006,-0.007,-0.014,0.023,-0.211,-0.221,-0.387,0.233,-0.132
0.312,-0.003,0.577,1.0,-0.006,-0.007,-0.014,0.023,-0.211,-0.221,-0.387,0.233,-0.132
0.314,-0.021,0.551,1.0,-0.008,-0.004,-0.016,0.01,-0.162,-0.293,0.128,0.246,-0.315
0.314,-0.027,0.542,1.0,0.003,-0.005,-0.027,-0.075,-0.184,-0.368,1.447,0.071,-1.458
0.316,-0.036,0.532,1.0,-0.01,-0.005,-0.01,0.014,-0.215,-0.28,-0.035,0.155,0.191
0.318,-0.041,0.522,1.0,-0.007,-0.014,-0.013,0.034,-0.194,-0.304,0.3,-0.542,0.001
0.318,-0.041,0.522,1.0,-0.007,-0.014,-0.013,0.034,-0.194,-0.304,0.3,-0.542,0.001
0.32,-0.059,0.492,1.0,-0.013,-0.014,-0.012,0.045,-0.175,-0.328,0.112,-0.342,0.044
0.321,-0.065,0.482,1.0,-0.013,-0.011,-0.014,0.027,-0.161,-0.303,0.105,-0.041,-0.147
0.321,-0.077,0.464,0.999,-0.035,0.011,-0.019,-0.012,-0.161,-0.217,-1.581,1.855,-0.594
0.321,-0.077,0.464,0.999,-0.035,0.011,-0.019,-0.012,-0.161,-0.217,-1.581,1.855,-0.594
0.323,-0.083,0.449,1.0,-0.016,-0.007,-0.012,0.043,-0.147,-0.272,-0.141,0.329,-0.054
0.324,-0.092,0.431,1.0,-0.013,-0.012,-0.011,0.032,-0.157,-0.324,0.366,-0.511,0.125
0.324,-0.097,0.42,1.0,-0.01,-0.01,-0.013,0.022,-0.156,-0.337,0.377,0.186,-0.082
0.325,-0.107,0.397,1.0,-0.007,-0.02,-0.011,0.024,-0.16,-0.378,0.153,-0.276,0.243
0.324,-0.11,0.387,1.0,-0.013,-0.007,-0.018,-0.013,-0.111,-0.35,-0.759,0.69,-0.853
0.324,-0.122,0.36,1.0,-0.011,-0.017,-0.012,-0.015,-0.158,-0.378,-0.194,0.086,0.083
0.324,-0.126,0.35,1.0,-0.009,-0.014,-0.01,-0.01,-0.148,-0.369,0.42,-0.307,0.263
0.322,-0.136,0.325,1.0,-0.014,-0.026,-0.009,0.014,-0.127,-0.389,0.503,-1.482,0.465
0.32,-0.142,0.313,1.0,-0.011,-0.008,-0.01,-0.068,-0.166,-0.371,0.444,0.243,0.482
0.318,-0.152,0.291,1.0,-0.011,-0.013,-0.016,-0.022,-0.18,-0.356,0.094,-0.168,-0.272
0.318,-0.152,0.289,1.0,-0.011,-0.013,-0.016,-0.024,-0.156,-0.361,0.075,-0.134,-0.218
0.314,-0.161,0.268,1.0,-0.014,-0.011,-0.013,-0.026,-0.145,-0.341,-0.201,-0.708,-0.191
0.313,-0.165,0.259,1.0,-0.019,-0.005,-0.015,-0.017,-0.131,-0.274,-0.604,0.067,-0.286
0.311,-0.17,0.248,1.0,-0.016,-0.009,-0.011,-0.066,-0.151,-0.316,-0.133,1.195,0.311
0.31,-0.17,0.249,0.998,-0.045,0.021,-0.023,-0.088,-0.117,-0.113,-3.125,3.938,-0.84
0.307,-0.179,0.225,1.0,-0.012,-0.022,-0.014,-0.037,-0.122,-0.319,0.296,-1.49,-0.136
0.306,-0.183,0.215,1.0,-0.012,-0.007,-0.014,-0.04,-0.137,-0.343,0.102,-0.041,-0.333
0.302,-0.192,0.19,1.0,-0.006,-0.018,-0.015,-0.054,-0.118,-0.383,-0.222,-0.015,-0.116
0.3,-0.196,0.181,1.0,0.001,-0.017,-0.011,-0.064,-0.13,-0.328,0.352,0.45,0.053
0.294,-0.206,0.155,1.0,0.001,-0.023,-0.012,-0.071,-0.146,-0.363,0.089,-0.605,-0.083
0.292,-0.211,0.145,1.0,-0.001,-0.016,-0.012,-0.089,-0.15,-0.337,0.356,0.265,0.066
0.285,-0.222,0.121,1.0,-0.003,-0.013,-0.011,-0.088,-0.149,-0.319,0.019,0.307,0.069
0.283,-0.225,0.114,1.0,-0.008,-0.012,-0.013,-0.099,-0.165,-0.354,-0.256,0.147,-0.103
0.279,-0.231,0.102,1.0,-0.008,-0.013,-0.009,-0.099,-0.181,-0.305,0.476,0.304,0.483
0.274,-0.238,0.086,1.0,-0.013,-0.009,-0.013,-0.123,-0.152,-0.362,-0.073,0.061,-0.148
0.273,-0.239,0.085,1.0,-0.01,-0.012,-0.011,-0.106,-0.181,-0.3,0.19,-0.212,0.073
0.265,-0.249,0.065,1.0,-0.015,-0.009,-0.008,-0.158,-0.166,-0.32,-0.023,0.62,0.464
0.262,-0.253,0.056,1.0,-0.008,-0.011,-0.016,-0.109,-0.135,-0.285,0.695,0.026,-0.195
0.258,-0.258,0.047,1.0,-0.016,-0.01,-0.015,-0.119,-0.144,-0.272,-0.138,0.0,-0.038
0.25,-0.267,0.033,1.0,-0.019,-0.009,-0.017,-0.107,-0.14,-0.193,-0.344,0.17,-0.044
0.25,-0.267,0.033,1.0,-0.019,-0.009,-0.017,-0.107,-0.14,-0.193,-0.344,0.17,-0.044
0.245,-0.273,0.029,1.0,-0.018,-0.007,-0.015,-0.118,-0.144,-0.138,0.022,-0.182,0.162
0.238,-0.279,0.026,1.0,-0.019,-0.012,-0.017,-0.088,-0.099,-0.007,-0.077,-0.381,-0.197
0.235,-0.283,0.027,1.0,-0.019,-0.008,-0.011,-0.093,-0.102,0.03,0.42,-0.223,0.618
0.227,-0.289,0.034,1.0,-0.016,-0.008,-0.016,-0.09,-0.085,0.133,0.228,-0.42,-0.19
0.227,-0.289,0.034,1.0,-0.016,-0.008,-0.016,-0.09,-0.085,0.133,0.228,-0.42,-0.19
0.223,-0.293,0.039,1.0,-0.017,-0.006,-0.018,-0.081,-0.088,0.116,0.023,-0.191,-0.045
0.217,-0.298,0.046,1.0,-0.021,-0.007,-0.016,-0.099,-0.093,0.078,-0.048,-0.599,0.056
0.217,-0.298,0.046,1.0,-0.021,-0.007,-0.016,-0.099,-0.093,0.078,-0.048,-0.599,0.056
0.211,-0.302,0.05,1.0,-0.018,-0.003,-0.018,-0.105,-0.052,0.041,0.412,-0.287,-0.208
0.208,-0.304,0.049,1.0,-0.02,0.002,-0.015,-0.121,-0.066,-0.019,-0.367,0.949,0.424
0.208,-0.304,0.049,1.0,-0.02,0.002,-0.015,-0.121,-0.066,-0.019,-0.367,0.949,0.424
