step,timestamp,u0,u1,u2,u3,u0_rate,u1_rate,u2_rate,u3_rate,orb_pose_x,orb_pose_y,orb_pose_z,orb_pose_qw,orb_pose_qx,orb_pose_qy,orb_pose_qz,orb_pose_vx,orb_pose_vy,orb_pose_vz,orb_pose_avx,orb_pose_avy,orb_pose_avz,mot_pose_x,mot_pose_y,mot_pose_z,mot_pose_qw,mot_pose_qx,mot_pose_qy,mot_pose_qz,mot_pose_vx,mot_pose_vy,mot_pose_vz,mot_pose_avx,mot_pose_avy,mot_pose_avz,est_pose_x,est_pose_y,est_pose_z,est_pose_qw,est_pose_qx,est_pose_qy,est_pose_qz,est_pose_vx,est_pose_vy,est_pose_vz,est_pose_avx,est_pose_avy,est_pose_avz,ukf_pose_x,ukf_pose_y,ukf_pose_z,ukf_pose_qw,ukf_pose_qx,ukf_pose_qy,ukf_pose_qz,ukf_pose_vx,ukf_pose_vy,ukf_pose_vz,ukf_pose_avx,ukf_pose_avy,ukf_pose_avz,traj_x_ref,traj_y_ref,traj_z_ref,traj_qw_ref,traj_qx_ref,traj_qy_ref,traj_qz_ref,est_param_thrust_ratio,est_param_drag_coeff_z,est_param_tau_rate,fixed_centre_rate_deg,fixed_max_rate_deg,fixed_rate_expo,fixed_angle_max_deg,est_param_tau_angle,est_param_fc_roll_offset_deg,est_param_fc_pitch_offset_deg,MPC_setup_time,MPC_solve_time,Visualisation_time,UKF_update_time
0,1763535094.662048,-9.267927290260696e-12,-9.267927290260696e-12,0.09999999998825793,6.762311565687374e-06,-4.6339636451303475e-11,-4.6339636451303475e-11,0.49999999994128963,3.381155782843687e-05,0.536,0.261,-0.045,0.988,-0.01,-0.0,-0.153,-0.002,-0.007,0.005,0.0,0.0,0.001,0.489,0.082,-0.004,0.986,0.011,-0.007,-0.168,-0.004,-0.011,0.03,-0.2,-0.2,-0.1,0.536,0.261,-0.045,1.0,0.0,0.0,0.0,-0.002,-0.007,0.005,0.0,0.0,0.001,0.0,0.0,0.0,1.0,0.0,0.0,0.0,0.0,0.0,0.0,0.0,0.0,0.0,0.0,0.0,0.0,1.0,0.0,0.0,0.0,26.0,0.1,0.08,100.0,100.0,0.5,55.0,0.08,0.0,0.0,0.0032,0.0021,0.0026,0.0002
0,1763535094.7263174,0.008170497039961758,-0.01736361036744497,0.1979999540965537,4.241019229626907e-06,0.04085248524522163,-0.08681805179181201,0.4999997705403047,-1.1930230523733597e-05,0.535,0.261,-0.046,0.988,-0.01,-0.001,-0.153,-0.014,-0.011,-0.011,0.0,0.0,0.0,0.489,0.082,-0.004,0.986,0.009,-0.005,-0.168,0.001,0.009,-0.022,0.1,0.0,0.1,0.534066666666652,0.26026666666668125,-0.06207666558840649,0.9999999999999899,0.0,0.0,-1.4229446360380387e-07,-0.0140000000006812,-0.0109999999993188,-0.46117011124268215,0.0,0.0,-7.917256037659626e-06,0.0,0.0,0.0,1.0,0.0,0.0,0.0,0.0,0.0,0.0,0.0,0.0,0.0,0.0,0.0,0.0,1.0,0.0,0.0,0.0,26.0,0.1,0.08,100.0,100.0,0.5,55.0,0.08,0.0,0.0,0.0022,0.0019,0.0015,0.0002
0,1763535094.802416,0.014770962906004426,-0.022652432920805276,0.29403995226874774,-0.0001400422460586154,0.033819379034209514,-0.028180473803546047,0.4999999862706257,-0.0007209922245182489,0.533,0.263,-0.044,0.988,-0.01,-0.0,-0.153,-0.038,0.028,0.021,0.0,0.0,-0.008,0.489,0.082,-0.004,0.985,0.008,-0.01,-0.17,-0.001,-0.008,0.009,0.0,-0.3,-0.1,0.5278830756241595,0.26670971319371617,-0.0961770401744686,0.99999996638001,0.0,0.0,-0.0002593067274879981,-0.04030076699189607,0.02691867613980056,-0.7074827309916569,0.0,0.0,-0.0015386512858894654,0.0,0.0,0.0,1.0,0.0,0.0,0.0,0.0,0.0,0.0,0.0,0.0,0.0,0.0,0.0,0.0,1.0,0.0,0.0,0.0,26.0,0.1,0.08,100.0,100.0,0.5,55.0,0.08,0.0,0.0,0.004,0.0041,0.0064,0.0006
0,1763535094.868765,0.018169599051348465,-0.025776766650242644,0.3881591306767418,-0.00032431075735598843,0.01847027701732065,-0.01788691193926737,0.49999988726684536,-0.0009353467810927268,0.533,0.263,-0.044,0.988,-0.01,-0.0,-0.153,-0.038,0.028,0.021,0.0,0.0,-0.008,0.489,0.083,-0.005,0.986,0.016,-0.008,-0.166,0.008,0.006,-0.028,0.3,0.2,0.1,0.5249552171581517,0.26837376147876957,-0.14734731017495978,0.9999999576127564,0.0,0.0,-0.0002911605835372674,-0.04831453613567258,0.022370861415565383,-0.8178885209022305,0.0,0.0,-0.0005084632158041631,0.0,0.0,0.0,1.0,0.0,0.0,0.0,0.0,0.0,0.0,0.0,0.0,0.0,0.0,0.0,0.0,1.0,0.0,0.0,0.0,26.0,0.1,0.08,100.0,100.0,0.5,55.0,0.08,0.0,0.0,0.0083,0.0028,0.0033,0.0002
0,1763535094.9338763,0.017504037138433036,-0.031227310805878587,0.42288788335301497,-0.0003665539225985754,-0.0015108496594422997,-0.029830397443204,0.21245967644903974,-0.00024364690194853358,0.533,0.263,-0.044,0.988,-0.01,-0.0,-0.153,0.005,0.002,0.001,0.0,0.0,0.002,0.489,0.082,-0.005,0.986,0.016,-0.006,-0.166,-0.001,0.002,0.004,0.2,0.0,0.1,0.5324214985167703,0.2625092498762305,-0.10125959989041919,0.9999999963162901,0.0,0.0,8.583367540343425e-05,-0.019449106235706032,-0.01292864409351597,-0.3432267749484741,0.0,0.0,0.000592636429002247,0.0,0.0,0.0,1.0,0.0,0.0,0.0,0.0,0.0,0.0,0.0,0.0,0.0,0.0,0.0,0.0,1.0,0.0,0.0,0.0,26.0,0.1,0.08,100.0,100.0,0.5,55.0,0.08,0.0,0.0,0.0077,0.0037,0.0018,0.0002
0,1763535094.9952972,0.019580905186202625,-0.03388501508335888,0.39428310763822194,-0.0005341209928376808,0.01213474395269127,-0.016411252467989326,-0.10073509023866346,-0.0008744907434553848,0.533,0.264,-0.044,0.988,-0.01,-0.0,-0.153,0.003,0.027,0.013,0.0,0.0,-0.004,0.489,0.082,-0.005,0.986,0.014,-0.006,-0.166,0.001,-0.001,-0.007,0.1,0.0,0.0,0.5312828564850618,0.26783244912234505,-0.05352010411746109,0.9999999930415769,0.0,0.0,-0.00011796968325600053,-0.030261967471665686,0.005039971791450496,0.03702147620712349,0.0,0.0,0.00022033700307383294,0.0,0.0,0.0,1.0,0.0,0.0,0.0,0.0,0.0,0.0,0.0,0.0,0.0,0.0,0.0,0.0,1.0,0.0,0.0,0.0,26.0,0.1,0.08,100.0,100.0,0.5,55.0,0.08,0.0,0.0,0.0032,0.002,0.0023,0.0002
0,1763535095.059234,0.018825768992718164,-0.03384533979251661,0.37850904714753486,-0.0006711501762556373,-0.0018175904488020467,-0.003190125054124554,-0.03944199168961323,-0.0007385580163735504,0.533,0.263,-0.045,0.988,-0.01,-0.0,-0.153,-0.004,0.012,0.007,0.0,0.0,-0.002,0.489,0.083,-0.005,0.986,0.015,-0.004,-0.166,0.0,0.001,-0.005,0.1,0.1,0.0,0.5292965213892196,0.2635177099597687,-0.02628787775422867,0.9999999995101706,0.0,0.0,-3.129950225295457e-05,-0.04252217344521244,-0.011861531017224598,0.16713364761256164,0.0,0.0,0.0006190919828364776,0.0,0.0,0.0,1.0,0.0,0.0,0.0,0.0,0.0,0.0,0.0,0.0,0.0,0.0,0.0,0.0,1.0,0.0,0.0,0.0,26.0,0.1,0.08,100.0,100.0,0.5,55.0,0.08,0.0,0.0,0.0017,0.0018,0.0017,0.0002
0,1763535095.1381233,0.016826639156860602,-0.036276916402793666,0.38155645479112077,-0.000670664964195971,-0.008113072280015978,-0.015542417030636933,0.053087942932683325,-6.468895732723227e-05,0.533,0.263,-0.045,0.988,-0.01,-0.0,-0.153,0.027,-0.004,-0.007,0.0,0.0,0.002,0.489,0.082,-0.005,0.986,0.015,-0.005,-0.166,0.008,0.005,-0.012,0.1,0.2,0.1,0.5351481634990128,0.26039474485098996,-0.02904604129932015,0.999999992047852,0.0,0.0,0.0001261122359769038,-0.014191068758347738,-0.02701674266131078,0.10545289816602377,0.0,0.0,0.0011688495378020056,0.0,0.0,0.0,1.0,0.0,0.0,0.0,0.0,0.0,0.0,0.0,0.0,0.0,0.0,0.0,0.0,1.0,0.0,0.0,0.0,26.0,0.1,0.08,100.0,100.0,0.5,55.0,0.08,0.0,0.0,0.0076,0.0034,0.0059,0.0007
0,1763535095.191947,0.016352811304582677,-0.03493052832637042,0.3868277744916927,-0.0007103031495221959,-0.0006864753457035758,0.003104248741836877,0.06451224398197189,-0.00026525742305072214,0.534,0.263,-0.044,0.988,-0.01,-0.0,-0.153,0.005,0.0,0.017,0.0,0.0,-0.0,0.489,0.083,-0.005,0.986,0.016,-0.004,-0.165,0.003,0.008,-0.016,0.2,0.2,0.1,0.5317637314532464,0.2611685116490223,-0.03639511109039255,0.9999999977391987,0.0,0.0,6.724286328246875e-05,-0.03683060642937707,-0.022911418359996966,0.04941029616406716,0.0,0.0,0.0010680359103287275,0.0,0.0,0.0,1.0,0.0,0.0,0.0,0.0,0.0,0.0,0.0,0.0,0.0,0.0,0.0,0.0,1.0,0.0,0.0,0.0,26.0,0.1,0.08,100.0,100.0,0.5,55.0,0.08,0.0,0.0,0.0015,0.001,0.0022,0.0002
0,1763535095.2650044,0.02057788210989026,-0.037294966733766366,0.3871162317588758,-0.0008853233760495755,0.02276063515699619,-0.015315244869616794,0.040125063785084576,-0.0009461314475891184,0.534,0.263,-0.044,0.988,-0.01,-0.0,-0.153,0.035,0.043,0.027,0.0,0.0,-0.017,0.489,0.082,-0.005,0.986,0.015,-0.007,-0.167,0.002,0.002,-0.006,0.2,0.1,0.1,0.5377252924815076,0.26990954012385704,-0.037069911677580565,0.9999998491647883,0.0,0.0,-0.00054924530089179,-0.007794890636052815,0.021707104677444373,0.056100075314882696,0.0,0.0,-0.0002959555252102981,0.0,0.0,0.0,1.0,0.0,0.0,0.0,0.0,0.0,0.0,0.0,0.0,0.0,0.0,0.0,0.0,1.0,0.0,0.0,0.0,26.0,0.1,0.08,100.0,100.0,0.5,55.0,0.08,0.0,0.0,0.0056,0.0033,0.0022,0.0001
0,1763535095.3279703,0.019473612763744434,-0.032803215041454684,0.38654852809210094,-0.0010136226093768726,-0.003463558519740107,0.018729261788181767,0.0358731048420131,-0.0007300285042414426,0.533,0.263,-0.044,0.988,-0.01,-0.0,-0.153,-0.019,0.014,0.014,0.0,0.0,-0.006,0.489,0.083,-0.005,0.986,0.016,-0.001,-0.166,-0.0,0.009,-0.015,0.1,0.3,0.0,0.5257489026583213,0.2642069465632829,-0.036995015148382486,0.9999999899567799,0.0,0.0,-0.00014172663932747066,-0.0634123214535858,-0.00715169819325826,0.06257621742288746,0.0,0.0,0.000838330981588349,0.0,0.0,0.0,1.0,0.0,0.0,0.0,0.0,0.0,0.0,0.0,0.0,0.0,0.0,0.0,0.0,1.0,0.0,0.0,0.0,26.0,0.1,0.08,100.0,100.0,0.5,55.0,0.08,0.0,0.0,0.0027,0.0018,0.0028,0.0003
0,1763535095.391534,0.0190077944761316,-0.031572025195938186,0.38612554446721675,-0.0009558110902916015,-0.00038173016168971396,0.0028756277234370173,0.0365399346847891,0.00018769533448866798,0.533,0.262,-0.044,0.988,-0.01,-0.0,-0.153,-0.014,0.016,0.01,0.0,0.0,-0.002,0.489,0.082,-0.004,0.986,0.009,-0.006,-0.168,-0.006,-0.01,0.035,-0.4,-0.2,-0.2,0.5267979148198638,0.2634858539898238,-0.03628910633055126,0.9999999998450008,0.0,0.0,1.760677668653841e-05,-0.057592837223572245,-0.0069531560296429455,0.06615887259890302,0.0,0.0,0.0013864860533672287,0.0,0.0,0.0,1.0,0.0,0.0,0.0,0.0,0.0,0.0,0.0,0.0,0.0,0.0,0.0,0.0,1.0,0.0,0.0,0.0,26.0,0.1,0.08,100.0,100.0,0.5,55.0,0.08,0.0,0.0,0.0009,0.0011,0.0021,0.0002
0,1763535095.4596407,0.018648379482534432,-0.03208579589364943,0.38811680995430153,-0.0009156183802432685,0.00010370447962730622,-0.005726056008150047,0.04856888188214544,0.00010538244121250533,0.533,0.263,-0.045,0.988,-0.01,-0.0,-0.153,-0.004,0.016,-0.009,0.0,0.0,-0.005,0.489,0.083,-0.005,0.986,0.016,-0.003,-0.165,0.001,0.006,-0.015,0.1,0.1,0.1,0.5287777543041353,0.2642337845942273,-0.04133098029741047,0.9999999968810942,0.0,0.0,-7.897981770700079e-05,-0.04649120150469504,-0.008760142099412508,0.04475099837854317,0.0,0.0,0.0011331009720900915,0.0,0.0,0.0,1.0,0.0,0.0,0.0,0.0,0.0,0.0,0.0,0.0,0.0,0.0,0.0,0.0,1.0,0.0,0.0,0.0,26.0,0.1,0.08,100.0,100.0,0.5,55.0,0.08,0.0,0.0,0.0012,0.0014,0.0029,0.0003
0,1763535095.5274937,0.015424479047844525,-0.033917474417394615,0.3890279476534115,-0.0007811521928349593,-0.014254664225196117,-0.01236697220809083,0.04336736949097973,0.0005807690990172187,0.534,0.262,-0.044,0.988,-0.01,-0.0,-0.153,0.009,-0.016,-0.019,0.0,0.0,0.003,0.489,0.083,-0.005,0.986,0.016,-0.005,-0.165,0.003,-0.001,-0.001,-0.0,-0.1,0.0,0.5327430202663417,0.25696345785914637,-0.04244281663033537,0.9999999766653757,0.0,0.0,0.00021603066502030093,-0.030229377651177773,-0.03948672552848248,0.037268303326117205,0.0,0.0,0.0017493561079100388,0.0,0.0,0.0,1.0,0.0,0.0,0.0,0.0,0.0,0.0,0.0,0.0,0.0,0.0,0.0,0.0,1.0,0.0,0.0,0.0,26.0,0.1,0.08,100.0,100.0,0.5,55.0,0.08,0.0,0.0,0.0026,0.0018,0.0025,0.0002
0,1763535095.6101465,0.01804491692125297,-0.03177932069875829,0.38781273566883984,-0.0008334984286868575,0.014644637271826678,0.007299021151442202,0.03282673484248291,-0.0003398463985429869,0.533,0.263,-0.045,0.988,-0.01,-0.0,-0.153,-0.02,0.022,-0.008,0.0,0.0,-0.008,0.489,0.083,-0.005,0.986,0.016,-0.003,-0.165,-0.0,0.007,-0.017,-0.0,0.2,0.0,0.5259498537289168,0.2656098455383997,-0.04092865025449379,0.9999999808752175,0.0,0.0,-0.00019557495970809997,-0.05973548726923306,-0.0004177958016834942,0.05274870519259982,0.0,0.0,0.0006446165942973057,0.0,0.0,0.0,1.0,0.0,0.0,0.0,0.0,0.0,0.0,0.0,0.0,0.0,0.0,0.0,0.0,1.0,0.0,0.0,0.0,26.0,0.1,0.08,100.0,100.0,0.5,55.0,0.08,0.0,0.0,0.0046,0.0064,0.011,0.001
0,1763535095.6643438,0.01745589970909796,-0.03333020023116287,0.38587577084656005,-0.0007719908733515389,-0.0011405943686497565,-0.010932329731898768,0.029096449455485247,0.00022418793380790696,0.533,0.263,-0.044,0.988,-0.01,-0.0,-0.153,0.005,0.004,0.008,0.0,0.0,0.001,0.489,0.083,-0.005,0.986,0.016,-0.005,-0.165,-0.001,-0.0,0.002,0.1,-0.1,0.0,0.5308499380596208,0.2621129514287022,-0.03603641171704708,0.9999999918428355,0.0,0.0,0.00012772755746475617,-0.03555569697642885,-0.01725840405398031,0.07106739071843476,0.0,0.0,0.0014120703444707836,0.0,0.0,0.0,1.0,0.0,0.0,0.0,0.0,0.0,0.0,0.0,0.0,0.0,0.0,0.0,0.0,1.0,0.0,0.0,0.0,26.0,0.1,0.08,100.0,100.0,0.5,55.0,0.08,0.0,0.0,0.0041,0.0027,0.0035,0.0002
0,1763535095.7417624,0.017396372988948507,-0.03307483809303975,0.3874802496768981,-0.0007735794657113722,0.001447956370162512,-0.00205620933250069,0.04660997123634619,-8.514204913432011e-05,0.533,0.264,-0.045,0.988,-0.01,-0.0,-0.153,-0.003,0.005,-0.007,0.0,0.0,-0.002,0.489,0.082,-0.004,0.986,0.013,-0.01,-0.168,-0.005,-0.012,0.025,-0.2,-0.5,-0.2,0.5291955647594677,0.2634548628869027,-0.04017147999307255,0.999999999925942,0.0,0.0,1.2170294243637279e-05,-0.043725591040756843,-0.015497440005657465,0.05137440725495432,0.0,0.0,0.0010880867415925563,0.0,0.0,0.0,1.0,0.0,0.0,0.0,0.0,0.0,0.0,0.0,0.0,0.0,0.0,0.0,0.0,1.0,0.0,0.0,0.0,26.0,0.1,0.08,100.0,100.0,0.5,55.0,0.08,0.0,0.0,0.0091,0.0039,0.0072,0.0006
0,1763535095.7951221,0.013405245888111162,-0.03545939538096322,0.3830891570570318,-0.0005232522069013047,-0.01821599820529186,-0.015230270248921284,0.016792561868358327,0.0011742783474791997,0.533,0.263,-0.044,0.988,-0.01,-0.0,-0.153,0.02,-0.034,0.045,0.0,0.0,0.019,0.489,0.082,-0.004,0.986,0.013,-0.005,-0.167,-0.0,-0.0,0.007,-0.1,0.0,-0.0,0.5339221436144895,0.25446628119163567,-0.0295549082025079,0.999999693500328,0.0,0.0,0.0007829426863157044,-0.019997991884282612,-0.05605897610100886,0.09991189229365594,0.0,0.0,0.0028410282748520866,0.0,0.0,0.0,1.0,0.0,0.0,0.0,0.0,0.0,0.0,0.0,0.0,0.0,0.0,0.0,0.0,1.0,0.0,0.0,0.0,26.0,0.1,0.08,100.0,100.0,0.5,55.0,0.08,0.0,0.0,0.0017,0.0022,0.004,0.0002
0,1763535095.8578055,0.015433824392677943,-0.03177390489650422,0.3900940153984698,-0.0008235722835911752,0.011483417111645026,0.014881512884198686,0.07333320741289306,-0.0015539256041394829,0.533,0.263,-0.045,0.988,-0.01,-0.0,-0.153,-0.023,0.002,-0.029,0.0,0.0,-0.026,0.489,0.083,-0.005,0.986,0.015,-0.005,-0.167,-0.0,0.011,-0.017,0.2,0.3,0.1,0.5251941512588247,0.2617632144313064,-0.04572249305366255,0.9999996170097786,0.0,0.0,-0.0008752030028782849,-0.06436235226152871,-0.018308997569970877,0.01830394423540215,0.0,0.0,-0.0012313302391125224,0.0,0.0,0.0,1.0,0.0,0.0,0.0,0.0,0.0,0.0,0.0,0.0,0.0,0.0,0.0,0.0,1.0,0.0,0.0,0.0,26.0,0.1,0.08,100.0,100.0,0.5,55.0,0.08,0.0,0.0,0.0011,0.0012,0.0018,0.0001
0,1763535095.9369283,0.01692827325956635,-0.0328204080566974,0.3864613854223084,-0.0007833821578724134,0.00901562677370984,-0.008409906290616317,0.020846251659040374,0.00011859340023469148,0.533,0.263,-0.045,0.988,-0.01,-0.0,-0.153,0.001,0.007,0.012,0.0,0.0,-0.003,0.489,0.083,-0.005,0.986,0.015,-0.004,-0.166,-0.0,0.001,-0.014,0.0,-0.2,0.0,0.5299727213235073,0.26287377864333283,-0.03742091199374382,0.999999999329116,0.0,0.0,-3.6630151451704286e-05,-0.04064831742395093,-0.011969639062210144,0.0683538319488537,0.0,0.0,0.0009672989792985293,0.0,0.0,0.0,1.0,0.0,0.0,0.0,0.0,0.0,0.0,0.0,0.0,0.0,0.0,0.0,0.0,1.0,0.0,0.0,0.0,26.0,0.1,0.08,100.0,100.0,0.5,55.0,0.08,0.0,0.0,0.0055,0.0035,0.0063,0.0004
0,1763535095.995607,0.016493672705478062,-0.03174475767743558,0.3871705349438605,-0.0007681080327012034,-0.00048017544448482156,0.002096211090639344,0.042191886149991024,-1.9675899311908285e-06,0.533,0.263,-0.045,0.988,-0.01,-0.0,-0.153,-0.014,-0.004,0.002,0.0,0.0,-0.001,0.489,0.082,-0.005,0.986,0.015,-0.007,-0.166,0.001,-0.01,0.017,-0.1,-0.3,-0.1,0.5269087770524824,0.26086843135617327,-0.039703616119096556,0.9999999993392993,0.0,0.0,3.635108723613427e-05,-0.0554425464159417,-0.0220120701642257,0.055345123360402836,0.0,0.0,0.0011500841122061031,0.0,0.0,0.0,1.0,0.0,0.0,0.0,0.0,0.0,0.0,0.0,0.0,0.0,0.0,0.0,0.0,1.0,0.0,0.0,0.0,26.0,0.1,0.08,100.0,100.0,0.5,55.0,0.08,0.0,0.0,0.0011,0.0012,0.0057,0.0005
0,1763535096.064365,0.017602426045812348,-0.03266298681941492,0.3865054430616505,-0.000749527809828492,0.007193133972219235,-0.007765621477640282,0.03539159408333579,1.6090311093436754e-05,0.532,0.263,-0.045,0.988,-0.01,-0.0,-0.153,-0.002,0.011,0.002,0.0,0.0,-0.003,0.489,0.082,-0.005,0.986,0.015,-0.005,-0.166,0.007,0.0,-0.005,-0.0,0.1,0.1,0.528546688534398,0.2636450076050961,-0.03801704880799664,0.999999999775881,0.0,0.0,-2.1171630558521106e-05,-0.041376005721774904,-0.009215112026031405,0.06373656976129934,0.0,0.0,0.0010033847163330551,0.0,0.0,0.0,1.0,0.0,0.0,0.0,0.0,0.0,0.0,0.0,0.0,0.0,0.0,0.0,0.0,1.0,0.0,0.0,0.0,26.0,0.1,0.08,100.0,100.0,0.5,55.0,0.08,0.0,0.0,0.0032,0.0028,0.0038,0.0003
0,1763535096.1435215,0.016672926984648416,-0.03406222488039505,0.38773404447936355,-0.0006832504886979089,-0.002887252701238418,-0.01026248898684216,0.04479355139473059,0.00025643382467006577,0.533,0.263,-0.045,0.988,-0.01,-0.0,-0.153,0.009,-0.002,-0.004,0.0,0.0,0.004,0.489,0.082,-0.004,0.986,0.013,-0.008,-0.168,-0.006,-0.006,0.019,-0.1,-0.0,-0.1,0.5316828191238835,0.26097450037323605,-0.040531075917936206,0.9999999736311721,0.0,0.0,0.00022964680552630355,-0.03089483786382415,-0.02291852621828776,0.049558512729778896,0.0,0.0,0.0015465449914150422,0.0,0.0,0.0,1.0,0.0,0.0,0.0,0.0,0.0,0.0,0.0,0.0,0.0,0.0,0.0,0.0,1.0,0.0,0.0,0.0,26.0,0.1,0.08,100.0,100.0,0.5,55.0,0.08,0.0,0.0,0.008,0.0045,0.0087,0.0007
0,1763535096.2190566,0.01723041279353625,-0.03440857387217898,0.388615439194567,-0.0006917717350159884,0.004454721742904032,-0.0051379674469591435,0.04318037802395344,-0.00011093128046018794,0.533,0.264,-0.045,0.988,-0.01,-0.001,-0.153,0.007,0.007,-0.015,0.0,0.0,0.0,0.489,0.083,-0.005,0.986,0.015,-0.004,-0.165,0.004,0.006,-0.03,0.1,0.1,0.1,0.5313258249250533,0.2637866636040713,-0.042381820697260306,0.9999999967800125,0.0,0.0,8.024945569043653e-05,-0.03303478139518602,-0.013896756332737268,0.04232461561540172,0.0,0.0,0.0011270795209726697,0.35565921973356734,0.17619836618453838,-0.03027268341249563,0.9920893212776601,0.0014519622118694133,-0.005811936191755363,-0.12539095585515633,0.011549673134975801,0.008912671248353052,-0.041902789444036706,0.0,0.0,-0.00040720200230509617,0.0,0.0,0.0,1.0,0.0,0.0,0.0,26.001364013291298,0.0999996702203429,0.08,100.0,100.0,0.5,55.0,0.08,1.6672686696645112e-06,1.636800530127168e-06,0.0065,0.0046,0.009,0.0115
1,1763535096.27197,0.021166412356210237,-0.029690379131178703,0.38565236372507006,-0.029647884101803284,0.021403039092723546,0.020150116317783493,0.02404616657197162,-0.14484973900743808,0.533,0.264,-0.045,0.988,-0.01,-0.0,-0.153,-0.006,0.002,0.022,0.0,0.0,-0.017,0.489,0.082,-0.004,0.986,0.013,-0.004,-0.167,0.009,0.005,-0.003,-0.0,0.4,0.1,0.527071424372055,0.26343721713532947,-0.03501027372256476,0.9920207572055363,0.0014487908600846926,-0.005812727553005353,-0.12593224557988628,-0.060341398037202156,-0.009287340511902203,0.081045860499319,0.0,0.0,-0.0003106264867495693,0.427061330767195,0.2116987111052312,-0.036576469511590465,0.9908698346513777,0.004046903416130893,-0.011302007830388058,-0.13428647724061418,0.0004274618921963544,0.006078993438449955,-0.014111488370170264,0.0,0.0,-0.0005465157820155639,0.0,0.0,0.008403361344537815,1.0,0.0,0.0,0.0,26.003762856594623,0.10000113551149918,0.08,100.0,100.0,0.5,55.0,0.08,-4.3273243536880316e-05,3.437516382935379e-05,0.0033,0.002,0.003,0.0099
2,1763535096.3356912,0.018757894756968475,-0.02769968075625847,0.38993181989701053,-0.04980830086789383,-0.009925946760587803,0.006984453961483318,0.05996251723220903,-0.10376687224063308,0.532,0.263,-0.046,0.988,-0.008,-0.001,-0.153,0.015,-0.039,-0.02,0.0,0.0,0.002,0.489,0.082,0.007,0.986,0.023,-0.007,-0.164,-0.004,-0.02,0.261,0.3,0.2,0.1,0.5290019886543438,0.2539841184271484,-0.04395561352851888,0.990971350830701,0.004055470164488154,-0.011298936675749244,-0.13353527258562875,-0.0479538705220881,-0.05273239385489427,0.037657947156172135,0.0,0.0,0.03517631960284884,0.45798722619457943,0.22554482265893652,-0.0401981603732599,0.9901782881851301,0.005423241273545873,-0.013307848411551247,-0.13906993647625504,-0.0005006886421944426,-0.013599476628710567,-0.0037277679161957372,0.0,0.0,0.00035838500137864765,0.0,0.0,0.01680672268907563,1.0,0.0,0.0,0.0,26.00229022642847,0.10000065569531158,0.08,100.0,100.0,0.5,55.0,0.08,-0.0005545301554430594,-0.0005655079385293088,0.0014,0.0018,0.0034,0.0087
3,1763535096.406084,0.040108355437775384,-0.008720995062017171,0.40930842892979824,-0.063824362772994,0.10862809287973138,0.09212346039558064,0.13587622715363937,-0.07506113961229025,0.527,0.275,-0.057,0.988,-0.002,-0.01,-0.154,-0.101,0.226,-0.213,0.0,0.0,-0.032,0.487,0.079,0.039,0.986,0.016,-0.01,-0.163,-0.029,-0.044,0.55,-0.1,0.0,0.1,0.5004488051184521,0.31862085251616085,-0.09327396023141694,0.9903512065915103,0.005439857812243776,-0.01330106470319158,-0.1378331499585051,-0.16528661077850482,0.20865798221536153,-0.14699792754525354,0.0,0.0,0.06540267881618451,0.4705402285974735,0.24380597570529808,-0.050002528052310646,0.9896293700639757,0.0029744406724118784,-0.01666680993059028,-0.1426431914120062,-0.04521429071091028,0.06503495450834916,-0.0396687748236081,0.0,0.0,0.000578450039095408,0.0,0.0,0.025210084033613446,1.0,0.0,0.0,0.0,25.982370059771632,0.09999880986811718,0.08,100.0,100.0,0.5,55.0,0.08,0.004542491928069109,0.0028778175403580495,0.0024,0.0023,0.0036,0.0107
4,1763535096.4733536,0.03062539331499333,-0.01669932096084247,0.34456792120573976,-0.07137852314399323,-0.0434039750701327,-0.040763729000328194,-0.2827716957273126,-0.044153238132295616,0.527,0.274,-0.033,0.988,-0.002,-0.011,-0.152,0.004,-0.015,0.476,0.0,0.0,0.067,0.484,0.075,0.084,0.987,0.002,-0.014,-0.163,-0.066,-0.075,0.708,-0.4,0.1,-0.2,0.5211960629903479,0.26958117024615375,0.06811107064136417,0.9906862697022559,0.0031011940326813613,-0.016643690881165216,-0.13510767991810524,-0.059474630053836665,-0.03686786887196407,0.5678564473978379,0.0,0.0,0.10083773211952685,0.48062418765785514,0.2503957861980352,-0.03412518329535962,0.9890751899827197,0.0059062591560004474,-0.01623347785754254,-0.14639623922791867,-0.04456388440195251,0.04258243795872527,0.08114011124448492,0.0,0.0,0.03496867568184646,0.0,0.0,0.03361344537815126,1.0,0.0,0.0,0.0,26.037131755337008,0.10001950386567933,0.08,100.0,100.0,0.5,55.0,0.08,0.0028956004371195553,-0.0005880422214569131,0.0021,0.0036,0.0034,0.0102
5,1763535096.532098,0.03424910457251829,-0.0336637786825008,0.3153537292796747,-0.0769972874943226,0.021181095619124138,-0.0864922207043759,-0.11161416750975153,-0.035231674066046145,0.54,0.271,0.014,0.989,-0.001,-0.01,-0.149,0.129,0.059,0.74,0.0,0.0,0.037,0.479,0.07,0.136,0.988,0.018,-0.008,-0.156,-0.098,-0.085,0.955,0.2,0.2,0.1,0.5596386907665196,0.2802280815197352,0.16881928136216867,0.9902329758579015,0.006038074001126273,-0.01618491158227582,-0.13834827003990882,0.07355201703155179,0.026448143445859575,0.7417988181809282,0.0,0.0,0.1136083825854904,0.4940219173420212,0.25676783487996985,-0.0020655870226280112,0.9886179054296066,0.005980553197277705,-0.015856831900093758,-0.1494905713733272,-0.01783631590700316,0.04392717891580046,0.22723308489398325,0.0,0.0,0.06795225247236249,0.0,0.0,0.04201680672268907,1.0,0.0,0.0,0.0,26.119940774019465,0.09997366021097254,0.08,100.0,100.0,0.5,55.0,0.08,0.00642819352926477,-0.009321105914675819,0.004,0.0016,0.002,0.0041
6,1763535096.6159854,-0.0042608633743623225,-0.02971634081904198,0.2897833912765259,-0.07955092625515936,-0.18912492927715124,0.016370811449044013,-0.09631631708777624,-0.020467922553616104,0.536,0.255,0.066,0.989,0.001,-0.006,-0.146,-0.079,-0.32,1.042,0.0,0.0,0.139,0.473,0.064,0.187,0.988,0.019,-0.006,-0.151,-0.096,-0.093,0.774,-0.0,-0.2,0.1,0.5148811730924325,0.1871804757152614,0.27268762694281806,0.9904647956640176,0.006184692161044223,-0.01577833062546281,-0.13671972211712016,-0.12935916225475974,-0.3590857013239152,0.9050791377041817,0.0,0.0,0.1324896798635567,0.49705672411660956,0.24633036332273206,0.04576838313607627,0.9896688690022598,0.013953129478421597,-0.01082599394596385,-0.14228013832094819,-0.04304602777898499,-0.04014663528293688,0.4246652667787438,0.0,0.0,0.09542561376969431,0.0,0.0,0.05042016806722689,1.0,0.0,0.0,0.0,26.236880017224678,0.09970442828647645,0.08,100.0,100.0,0.5,55.0,0.08,-0.011574962233106105,-0.013541868092347744,0.0026,0.0061,0.0034,0.0148
7,1763535096.672792,0.0024498615724592374,-0.04210802329890033,0.3187353675852725,-0.08024126329623718,0.033127538396671555,-0.06493004648119591,0.173738220671386,-0.01140677783090496,0.541,0.25,0.109,0.99,0.001,-0.004,-0.143,0.115,-0.092,0.856,0.0,0.0,0.106,0.467,0.058,0.227,0.989,0.019,-0.013,-0.147,-0.101,-0.112,0.625,-0.1,-0.5,0.2,0.5593991637243095,0.2277171087768964,0.2515899035924856,0.9913424879788927,0.014085105904488457,-0.010653720421476616,-0.13010833778301592,0.0681278503000396,-0.12432511810307043,0.5112813908707493,0.0,0.0,0.1351357911785036,0.506058160148414,0.24271626244758845,0.09286323338100133,0.9901504677420293,0.012871354531274469,-0.011466453060241901,-0.13894207396245456,-0.022979435596508245,-0.06010652432325583,0.4383297553161982,0.0,0.0,0.11344046154728372,0.0,0.0,0.058823529411764705,1.0,0.0,0.0,0.0,26.319601909031732,0.09932277805583144,0.08,100.0,100.0,0.5,55.0,0.08,-0.010238668145888977,-0.024986649474674178,0.0025,0.0032,0.004,0.0091
8,1763535096.7368298,0.01716757807768421,-0.033817333705815515,0.3167705320908107,-0.08013879007076155,0.07383356868337079,0.03724264563553405,0.022049359286218567,-0.007511760202245537,0.542,0.253,0.153,0.99,0.002,-0.003,-0.142,0.006,0.053,0.893,0.0,0.0,0.061,0.459,0.05,0.254,0.99,0.018,-0.012,-0.141,-0.141,-0.151,0.446,0.1,-0.1,0.3,0.538161112536447,0.2609680885643668,0.2941824443315803,0.9916194215531122,0.012996750722517707,-0.011324123979771067,-0.12803816417544692,-0.04577445287574202,0.03661459448177397,0.535025311873675,0.0,0.0,0.13354553571281963,0.510222450330306,0.24463413323693697,0.14133921608650907,0.9898856931155968,0.013658480957361637,-0.017061113560078934,-0.14017374528449367,-0.030263466486176158,-0.04878751022436935,0.4192107711665145,0.0,0.0,0.12622058880314835,0.0,0.0,0.06722689075630252,1.0,0.0,0.0,0.0,26.41691143326177,0.09870543146549805,0.08,100.0,100.0,0.5,55.0,0.08,-0.0008406700434636649,-0.0267095005803477,0.0017,0.0029,0.0051,0.005
9,1763535096.8125563,-0.020619139854414846,-0.04042136362439214,0.3283959221070994,-0.07891966394811847,-0.18721683185272686,-0.03640188296346465,0.08980400329052411,-0.0019182483938606984,0.541,0.221,0.239,0.991,-0.002,0.001,-0.133,0.037,-0.428,0.672,0.0,0.0,0.21,0.45,0.042,0.269,0.99,0.014,-0.015,-0.138,-0.134,-0.121,0.177,0.2,0.2,0.2,0.5430310798594155,0.1346222732857312,0.3358825483860088,0.9920739792902404,0.013939513871002797,-0.01683228003012784,-0.12373998511901925,-0.018858855533866896,-0.4319964837277121,0.3348271280077132,0.0,0.0,0.146297264912061,0.5144278637774153,0.22513083078831336,0.18631194046936042,0.9916032066818222,0.002964451134855885,-0.014338756115143413,-0.12848615723441667,-0.031043210468516866,-0.11562094132001298,0.3321470776626443,0.0,0.0,0.1344437369349968,0.0,0.0,0.07563025210084033,1.0,0.0,0.0,0.0,26.490554318005977,0.09816429348816132,0.08,100.0,100.0,0.5,55.0,0.08,-0.023103309686893645,-0.040038082063350924,0.0042,0.0025,0.0057,0.0131
10,1763535096.8763475,-0.03220983580793628,-0.014153887344098962,0.3289648403130377,-0.07550299337377549,-0.06001539375304865,0.12729524503902667,0.03568418324040119,0.009191386476903091,0.529,0.205,0.268,0.991,-0.004,0.003,-0.13,-0.248,-0.32,0.567,0.0,0.0,0.128,0.44,0.034,0.274,0.991,0.009,-0.01,-0.135,-0.161,-0.128,0.042,-0.3,0.1,0.1,0.47360440904136486,0.14102614901198743,0.3550758672404703,0.9932546593144574,0.003158655536439354,-0.014297230244443572,-0.1150251879053473,-0.30691603696830183,-0.3167995653751246,0.3145080255860755,0.0,0.0,0.137976364122185,0.5062574907242908,0.2085441415314847,0.22319696506275585,0.992159279623216,0.001947545315665327,-0.018656136526467967,-0.12356423226278077,-0.07948343715282447,-0.14721212935705386,0.2993287270227144,0.0,0.0,0.13795757376397316,0.0,0.0,0.08403361344537814,1.0,0.0,0.0,0.0,26.552031033263074,0.09769581583939371,0.08,100.0,100.0,0.5,55.0,0.08,-0.041350574516603816,-0.030643766580745233,0.0026,0.0031,0.0058,0.0111
11,1763535096.9386365,-0.022023934451116306,-0.011793478588887931,0.3843163573682035,-0.07322094739835171,0.04770852320330624,0.010386655041645265,0.30965406930713296,0.0038599305397412735,0.523,0.194,0.265,0.992,-0.003,0.001,-0.127,-0.117,-0.21,-0.046,0.0,0.0,0.127,0.429,0.026,0.269,0.991,0.007,-0.014,-0.131,-0.194,-0.144,-0.093,-0.4,-0.3,0.1,0.4935959110962061,0.15237600203838753,0.23145877748819296,0.993724531322928,0.002197121275749908,-0.018628392870841788,-0.11027108181284982,-0.17192934038077595,-0.1957545956801314,-0.272749534336641,0.0,0.0,0.13345466553843155,0.5018809806018857,0.1959673019666679,0.23345219932496572,0.9925627888467974,0.005343895468734701,-0.01805198327363217,-0.12026919338623526,-0.1007157066578429,-0.15789759953367613,0.16844598925997373,0.0,0.0,0.13923119365272452,0.0,0.0,0.09243697478991596,1.0,0.0,0.0,0.0,26.50495266283842,0.0980756703865875,0.08,100.0,100.0,0.5,55.0,0.08,-0.04685357578823337,-0.030172158240404437,0.0019,0.0027,0.0037,0.01
12,1763535097.0047767,-0.043415213246136716,-0.020303772865391985,0.38325976760485697,-0.07062056604240405,-0.1091587874202137,-0.04373081924140905,0.03314868692008781,0.00567981203990317,0.516,0.157,0.274,0.993,-0.008,0.003,-0.119,-0.063,-0.477,-0.067,0.0,0.0,0.197,0.418,0.017,0.256,0.992,0.008,-0.013,-0.125,-0.178,-0.124,-0.218,-0.0,0.3,0.2,0.4981097067646089,0.06389302019340279,0.24344284311787884,0.9943272001672716,0.005626399103577597,-0.017965938662355505,-0.1046851837110796,-0.1070046594678108,-0.4440816335005285,-0.16071516786607007,0.0,0.0,0.13535816735556996,0.4987314667368693,0.17052597442474213,0.23918921849427696,0.9934428940341083,-0.005012624018557214,-0.018167910329637084,-0.11276531792992937,-0.11096087774383961,-0.20319095551973793,0.07510238329269942,0.0,0.0,0.13872131150199027,0.0,0.0,0.10084033613445378,1.0,0.0,0.0,0.0,26.47339521123403,0.09830677627464128,0.08,100.0,100.0,0.5,55.0,0.08,-0.07197673034122065,-0.04153228405388089,0.0011,0.0031,0.0034,0.0102
13,1763535097.0786312,-0.07676079490901314,-0.0020720154729934846,0.3843544170432864,-0.06598859553481146,-0.1710694296389958,0.0891284096754533,0.04379922395263288,0.016097795933722486,0.505,0.133,0.269,0.993,-0.009,0.005,-0.115,-0.328,-0.699,-0.149,0.0,0.0,0.241,0.406,0.009,0.244,0.992,-0.003,-0.007,-0.122,-0.174,-0.127,-0.172,-0.1,-0.3,0.1,0.4357692004792815,-0.0026816015261861437,0.23241063628440797,0.9952134723499635,-0.004703591338461616,-0.018250358731211263,-0.09589027629447924,-0.3588069323579097,-0.6512780143275206,-0.1507551982418695,0.0,0.0,0.13480745606813807,0.4843565588002927,0.13571070601157115,0.23852903318454935,0.9941929118973454,-0.009530168254029345,-0.010486540068358582,-0.10667550001533418,-0.15335096409619772,-0.26676845787698333,-0.01838958933500112,0.0,0.0,0.13494649544081466,0.0,0.0,0.1092436974789916,1.0,0.0,0.0,0.0,26.445017497168333,0.09848716247394326,0.08,100.0,100.0,0.5,55.0,0.08,-0.12003457654108335,-0.03505230597637491,0.004,0.0021,0.0043,0.0142
14,1763535097.1392093,-0.0479624390723645,-0.0004907051616293984,0.3747998246956377,-0.06356190610161132,0.13631569969234184,0.007699350009521072,-0.009337520033914595,0.005534587612519567,0.494,0.119,0.263,0.994,-0.011,0.007,-0.111,-0.222,-0.282,-0.124,0.0,0.0,0.131,0.393,0.001,0.232,0.993,-0.002,-0.005,-0.117,-0.185,-0.117,-0.155,-0.1,-0.1,0.2,0.4469158307976269,0.06782110706529736,0.24822611443422818,0.9954610277726776,-0.009396951530452424,-0.010606079930385523,-0.09410924798450387,-0.242508905017586,-0.2162542056461952,-0.03231965925725895,0.0,0.0,0.1191155269091243,0.47330150963292494,0.11738228968267564,0.2350015108559736,0.9943507984668525,-0.009202179134537719,-0.008296416930479743,-0.10541811492160343,-0.17052523230960132,-0.25667924444638013,0.0019188716783957484,0.0,0.0,0.13074941140311536,0.0,0.0,0.11764705882352941,1.0,0.0,0.0,0.0,26.414912935697874,0.09862577661833231,0.08,100.0,100.0,0.5,55.0,0.08,-0.1244133717369166,-0.03021040202454974,0.002,0.0017,0.0036,0.0115
15,1763535097.2145674,-0.02862938679919072,0.010878850230864028,0.3654181317834652,-0.06175384922769121,0.09186901745863241,0.05679870644630419,-0.009428482091298821,0.002684093759439435,0.479,0.096,0.255,0.994,-0.015,0.01,-0.105,-0.321,-0.197,0.014,0.0,0.0,0.112,0.38,-0.006,0.224,0.994,-0.009,-0.003,-0.113,-0.206,-0.106,-0.127,0.0,-0.0,0.1,0.4130588894241925,0.06404244928794263,0.26405676231396896,0.9955025773313859,-0.009105694620985932,-0.008402199722561952,-0.09392075325432415,-0.32931754711711914,-0.11120590518919564,0.06481048120744573,0.0,0.0,0.11287756411638329,0.4575995298252871,0.10206037782031503,0.23710903661247335,0.9944091229334261,-0.016726492834288332,-0.009037884939497358,-0.10387029074792785,-0.19890509689219318,-0.2321411133872205,0.023407634220622628,0.0,0.0,0.12623115173589586,0.0,0.0,0.12605042016806722,1.0,0.0,0.0,0.0,26.413999832710974,0.09863096144854208,0.08,100.0,100.0,0.5,55.0,0.08,-0.12402647551190327,-0.015703771773762636,0.0043,0.0043,0.0053,0.0134
16,1763535097.281242,-0.06117627392197658,-0.0031253689393598415,0.4036983683233002,-0.05966260714743139,-0.16559737429384835,-0.06893321082803294,0.22794299587752145,0.004280825478529954,0.468,0.06,0.236,0.995,-0.018,0.009,-0.099,-0.202,-0.646,-0.353,0.0,0.0,0.235,0.369,-0.011,0.219,0.994,-0.01,0.001,-0.108,-0.192,-0.089,-0.102,0.1,0.1,0.2,0.42738644202508463,-0.05953076089359646,0.17020560266418364,0.9959166813996082,-0.0165826040656076,-0.009299256374484274,-0.08825250581868109,-0.19720782130516618,-0.5544878742777282,-0.3289692660981912,0.0,0.0,0.11969930305632978,0.4461698768242249,0.06774065075380263,0.22310893195423245,0.9940586828895669,-0.028059420986931875,-0.0019041927952945952,-0.10514931248246893,-0.20067760787660896,-0.2671730106739672,-0.013128489063374375,0.0,0.0,0.11993075255225315,0.0,0.0,0.13445378151260504,1.0,0.0,0.0,0.0,26.32351193056838,0.09888524800105958,0.08,100.0,100.0,0.5,55.0,0.08,-0.1695357740836793,-0.025874553373000764,0.004,0.0025,0.0063,0.0147
17,1763535097.3473508,-0.041394383139418886,-0.011293754243789271,0.3777358234474052,-0.059413375673373146,0.09279182652059073,-0.04115446341608313,-0.0894428875471451,-0.004720103344451915,0.461,0.047,0.234,0.995,-0.021,0.012,-0.096,-0.151,-0.291,-0.035,0.0,0.0,0.142,0.356,-0.015,0.213,0.994,-0.007,0.007,-0.108,-0.244,-0.077,-0.099,0.0,0.4,-0.0,0.43200474205253603,-0.0022949286507660824,0.22818402025495996,0.9952554329165105,-0.028034393144498574,-0.002242734345217128,-0.09314325629827366,-0.13558651548192835,-0.2052661677205281,0.021326882767764597,0.0,0.0,0.10868740146274343,0.4370633084946665,0.04851812103713773,0.22229060643995766,0.9944157791985275,-0.023369525039998944,0.00017296364392283112,-0.1029130383574802,-0.18970814149042772,-0.24402606975441773,-0.014124224281947718,0.0,0.0,0.11478006201051662,0.0,0.0,0.14285714285714285,1.0,0.0,0.0,0.0,26.318016571572826,0.09889377938707125,0.08,100.0,100.0,0.5,55.0,0.08,-0.17425295592422918,-0.03245002995181309,0.0028,0.0057,0.0038,0.0146
18,1763535097.401254,-0.0016987904682266644,-0.005128556469423366,0.38806167368234,-0.05952286464287285,0.1943385250420192,0.029696613447450594,0.08940283351941483,-0.006488782414835852,0.443,0.037,0.215,0.996,-0.018,0.013,-0.092,-0.189,0.063,-0.171,0.0,0.0,0.043,0.346,-0.018,0.209,0.995,-0.008,0.005,-0.104,-0.168,-0.052,-0.028,-0.1,-0.2,0.0,0.4070090509338647,0.057474517698818846,0.18551727774308804,0.9952325144280688,-0.023370156355681054,-2.0221975104288935e-05,-0.09468937431500273,-0.17278838886101752,0.14488299757390974,-0.1121066631361666,0.0,0.0,0.09924723162861793,0.4258976324757381,0.044835995992312534,0.21452511750521505,0.9950663577306923,-0.017331412226264952,0.003953430275758573,-0.09760602569448251,-0.18363144057839764,-0.17991239447923932,-0.04989822868160608,0.0,0.0,0.11041651404187784,0.0,0.0,0.15126050420168066,1.0,0.0,0.0,0.0,26.287745757399975,0.09893910715264133,0.08,100.0,100.0,0.5,55.0,0.08,-0.14364924500433596,-0.024992776611639823,0.0018,0.003,0.0048,0.0045
19,1763535097.4700747,-0.021712564389020136,0.0008908549017962054,0.3619132685960501,-0.057659748235063576,-0.10023874865078998,0.029584201209155527,-0.09193585806321586,0.003363295574759055,0.429,0.021,0.221,0.996,-0.02,0.015,-0.088,-0.272,-0.308,0.106,0.0,0.0,0.134,0.336,-0.02,0.21,0.995,-0.009,0.007,-0.101,-0.159,-0.019,0.037,0.0,0.2,0.0,0.3760798692048064,-0.031862629800034716,0.2540106468464506,0.9961226852755944,-0.01737571574782343,0.003753926338229306,-0.08616024848291186,-0.26311539033582104,-0.2293969177901804,0.2019607215509038,0.0,0.0,0.10668097437085663,0.41122151583885763,0.026326381958461414,0.21763168876100064,0.9950892677491731,-0.02558899112328884,0.0021291720727406697,-0.09559298807962535,-0.18980051253569266,-0.1746423473360873,0.030031216636124715,0.0,0.0,0.1068400513740418,0.0,0.0,0.15966386554621848,1.0,0.0,0.0,0.0,26.307337936793896,0.09892292048979606,0.08,100.0,100.0,0.5,55.0,0.08,-0.16362711939660518,-0.01871150122718787,0.0018,0.0018,0.0039,0.0088
20,1763535097.540948,-0.019709007104263085,-0.004834390771817279,0.3891887257113609,-0.05573539224194722,0.007846529984883235,-0.0285371428778878,0.1725686124361591,0.003855805142075411,0.421,0.011,0.214,0.996,-0.021,0.014,-0.085,-0.165,-0.204,-0.136,0.0,0.0,0.13,0.327,-0.02,0.212,0.995,-0.004,0.01,-0.099,-0.135,-0.01,0.055,0.2,0.1,0.1,0.3884341132455508,-0.022466806673450395,0.18985908881881694,0.9961075324764038,-0.025611451833490152,0.001839395390857506,-0.08432350741843618,-0.16298298226093072,-0.14552992690017985,-0.1242420069212476,0.0,0.0,0.10423895284955674,0.40136837721587176,0.012947543517581473,0.21215782386964038,0.9953430170851234,-0.02197944620093685,-0.000707898629345705,-0.09385457455081493,-0.18252858654681678,-0.15526337908312943,0.0062320225523746706,0.0,0.0,0.10535968392079423,0.0,0.0,0.1680672268907563,1.0,0.0,0.0,0.0,26.269298591589198,0.09893975627191387,0.08,100.0,100.0,0.5,55.0,0.08,-0.16902002700528698,-0.022641962285488385,0.0017,0.0029,0.0056,0.0101
21,1763535097.6147363,0.02013951960477027,-0.006257442706413049,0.40193453991662254,-0.05544264371071608,0.19727173283474048,-0.007598698750160578,0.10264794359744422,-0.004109796568039059,0.41,0.03,0.199,0.996,-0.014,0.01,-0.084,-0.107,0.261,-0.248,0.0,0.0,0.011,0.319,-0.021,0.214,0.995,-0.004,0.005,-0.095,-0.123,0.001,0.023,0.0,0.2,0.2,0.3887074809195052,0.08694420306935495,0.15351846549099205,0.9959617619460508,-0.02197408937940966,-0.0008582375632785654,-0.0870435038675997,-0.10564426073623101,0.30266916259357624,-0.2010643377098117,0.0,0.0,0.09143402310031908,0.3939928860012387,0.021874755022225637,0.20021816761057837,0.9957186187932786,-0.010374741908571895,-0.0009512299777966542,-0.09184711253090852,-0.16993532094749664,-0.07886244466022253,-0.007518168106941878,0.0,0.0,0.1043286252442235,0.0,0.0,0.1764705882352941,1.0,0.0,0.0,0.0,26.208554808936597,0.09895782216022975,0.08,100.0,100.0,0.5,55.0,0.08,-0.12099553484753622,-0.02156875505715987,0.0038,0.0039,0.0056,0.0141
22,1763535097.681679,0.0050694593195782685,-0.007274393152146407,0.3508909134462368,-0.05403712768941974,-0.07333634946548297,-0.005710496499308094,-0.21502467836026629,0.0014833157354101345,0.402,0.025,0.216,0.996,-0.014,0.013,-0.082,-0.143,-0.093,0.32,0.0,0.0,0.088,0.311,-0.02,0.217,0.996,-0.001,0.008,-0.092,-0.114,0.01,0.085,0.1,0.0,0.0,0.3736516249614494,0.010168384499016025,0.2801424437312388,0.9965437966047489,-0.010365268094843724,-0.00104944054722117,-0.08241311388640073,-0.14302249721990673,-0.06283373398455444,0.3766437454639334,0.0,0.0,0.09664114638234712,0.3852298241571383,0.01654149846170681,0.21555383971526854,0.9959883323581302,-0.011996229783416733,0.0009853551891542086,-0.08866995744109428,-0.16392277011356937,-0.07032245221084758,0.019719238226918852,0.0,0.0,0.1020500870032586,0.0,0.0,0.18487394957983191,1.0,0.0,0.0,0.0,26.28568507222366,0.09897672326251201,0.08,100.0,100.0,0.5,55.0,0.08,-0.124293834263707,-0.025671217316478964,0.002,0.006,0.0071,0.0127
23,1763535097.747293,0.0058998052958268935,-0.00914877427904845,0.38272286203643346,-0.05266426100569275,0.004658675813200952,-0.01009934494972485,0.1942488342956071,0.001460620649693014,0.397,0.025,0.212,0.997,-0.014,0.013,-0.08,-0.114,-0.001,-0.087,0.0,0.0,0.071,0.305,-0.02,0.224,0.996,0.005,0.006,-0.09,-0.102,0.009,0.13,-0.0,-0.0,0.1,0.37414706881935267,0.02768245637990348,0.20488276161138883,0.9967235206586128,-0.012004364373645335,0.000880732564449871,-0.07998339147619667,-0.11847601198969605,0.014299215651909744,-0.04376490429326183,0.0,0.0,0.0932667934605883,0.3781603401540433,0.015619853079662094,0.2112522679703801,0.996125951106899,-0.011189021086023362,-0.00030373076704961425,-0.08722272115758233,-0.1540295729565912,-0.0478214011213834,0.035020251319152124,0.0,0.0,0.09907864193691322,0.0,0.0,0.19327731092436973,1.0,0.0,0.0,0.0,26.254819533693922,0.09896786879779212,0.08,100.0,100.0,0.5,55.0,0.08,-0.11626809560730228,-0.030022941658986703,0.0044,0.0035,0.0041,0.0145
24,1763535097.8130527,0.01845964098470769,0.00759084982691622,0.37525084784847057,-0.05197021643115187,0.06338915897398667,0.08278324310191851,0.0009122152638286474,-0.0017962032278648656,0.376,0.033,0.219,0.997,-0.006,0.012,-0.078,-0.262,0.16,0.057,0.0,0.0,0.031,0.299,-0.019,0.234,0.996,0.005,0.007,-0.086,-0.084,0.002,0.144,-0.0,-0.2,0.1,0.32282965698327076,0.06554672657775079,0.23509185360667056,0.9967249136339204,-0.01118655965197415,-0.0003838338118926029,-0.08008845170317493,-0.27238418634092176,0.15868942379913487,0.08566314905917329,0.0,0.0,0.08787597614685533,0.3640270018189971,0.022820264992209457,0.2141995491933748,0.9963694480409521,0.0009547263664175717,-0.002560742680087261,-0.08509085794055896,-0.17039562706073785,-0.013132052379831248,0.08505251828348558,0.0,0.0,0.0976118452240916,0.0,0.0,0.20168067226890757,1.0,0.0,0.0,0.0,26.249095740362176,0.09896771052517514,0.08,100.0,100.0,0.5,55.0,0.08,-0.09480553533593157,-0.013202145394756705,0.0027,0.008,0.0046,0.0107
25,1763535097.8824823,0.01125384949483144,-0.0027339142829095903,0.3717570410536422,-0.05026007178297973,-0.03418299335091049,-0.05086473556643743,0.020056050810705193,0.003353701597745444,0.371,0.035,0.226,0.997,-0.005,0.012,-0.076,-0.092,0.035,0.14,0.0,0.0,0.069,0.293,-0.02,0.241,0.996,0.006,0.005,-0.083,-0.077,-0.014,0.121,-0.1,-0.3,0.1,0.3513756706731949,0.041384337678139996,0.24783685255020674,0.9970494184938256,0.0009762148928370557,-0.0025526280558194384,-0.07671367658779038,-0.10327080202933171,0.024777048210717273,0.1150460122574891,0.0,0.0,0.08960670913859674,0.3574310951968034,0.024987650712658425,0.22360350819589478,0.9964720268417234,0.00018928796831349466,-0.002974266167215708,-0.08387262743457553,-0.16076627897151202,-0.006627861076128042,0.04853701493705557,0.0,0.0,0.09556895275218857,0.0,0.0,0.21008403361344538,1.0,0.0,0.0,0.0,26.271842914320164,0.09896911512688589,0.08,100.0,100.0,0.5,55.0,0.08,-0.0875445283668459,-0.021606068354980783,0.003,0.0041,0.0058,0.0158
26,1763535097.9460196,0.0029271227918408523,-0.007986911825728058,0.3684564743687726,-0.04911861121106659,-0.04050824856546978,-0.026538379142383297,0.02067287068101631,0.0006812956812677178,0.366,0.034,0.234,0.997,-0.004,0.012,-0.074,-0.088,-0.015,0.116,0.0,0.0,0.067,0.289,-0.021,0.25,0.997,0.011,0.008,-0.081,-0.065,-0.024,0.132,0.0,-0.2,0.1,0.34731357316277195,0.029943533722386284,0.26166804900643137,0.9971265177064673,0.00021367990456225755,-0.0029726133396017944,-0.07569561148049422,-0.09605745096732876,-0.0310055206807435,0.14238368286360692,0.0,0.0,0.08706353504070437,0.3513377887385395,0.024935332372815783,0.22989337557928496,0.9966414039169409,0.0014348694556512711,-0.0037830038347681986,-0.08178962055236962,-0.15317107235608957,-0.008433118128546661,0.08193218627627695,0.0,0.0,0.09333070855443105,0.0,0.0,0.2184873949579832,1.0,0.0,0.0,0.0,26.280236137532068,0.09896842810198746,0.08,100.0,100.0,0.5,55.0,0.08,-0.08665161751375755,-0.030809485643999553,0.0018,0.0031,0.0058,0.0134
27,1763535098.0114832,-0.012848629005321062,-0.003434424420875725,0.3799396053736525,-0.04763475348500002,-0.07858604670662547,0.021963745841688857,0.09426130246127704,0.002507427509226145,0.357,0.037,0.233,0.997,-0.0,0.012,-0.071,-0.167,-0.129,0.025,0.0,0.0,0.1,0.285,-0.023,0.257,0.997,0.011,0.008,-0.079,-0.063,-0.031,0.133,-0.3,0.2,0.1,0.32307284727003366,0.00923477586765855,0.23809908371284325,0.9973579127215051,0.001469935597381141,-0.0037695169064727143,-0.07253153771590742,-0.17272203666224836,-0.14882183809987476,0.019114959046365572,0.0,0.0,0.0878814662413449,0.34171168269531016,0.020293144635610518,0.23260026269103581,0.99697528917128,0.006658975380677051,0.000540750024952723,-0.07743150791591695,-0.1560858256587564,-0.03046946452368037,0.07562218675145276,0.0,0.0,0.09195588265738375,0.0,0.0,0.226890756302521,1.0,0.0,0.0,0.0,26.26792387701722,0.09897142415186266,0.08,100.0,100.0,0.5,55.0,0.08,-0.09932487539452567,-0.03210714892817169,0.0044,0.0018,0.007,0.0112
28,1763535098.0877938,0.0012540901496594335,-0.01290663573154444,0.3730322842383256,-0.0464738922658132,0.06922873287437036,-0.047704498995431145,0.003457354860730868,0.0010408307474341367,0.356,0.04,0.238,0.997,0.0,0.011,-0.071,-0.034,0.071,0.112,0.0,0.0,0.028,0.281,-0.026,0.265,0.997,0.009,0.012,-0.076,-0.051,-0.048,0.114,-0.2,0.2,0.1,0.34863928331287247,0.052185615142389265,0.2595897321120485,0.997456065865912,0.006655331903826892,0.0005838843719893222,-0.070970150793044,-0.04092834372369536,0.05701589138430863,0.11725223560748294,0.0,0.0,0.07952035248034546,0.33844747845674034,0.02433815513464007,0.23931271448445976,0.9970159957683364,0.005651587023522046,-0.0011265633144231257,-0.07697983243218104,-0.13800683070772005,-0.021103674183562352,0.07890223059138615,0.0,0.0,0.08915091245430096,0.0,0.0,0.23529411764705882,1.0,0.0,0.0,0.0,26.275700498383497,0.09896845444773275,0.08,100.0,100.0,0.5,55.0,0.08,-0.08447996728081002,-0.04397334134106001,0.0046,0.0034,0.0058,0.0192
29,1763535098.1499996,-0.011006947080303607,-0.012473423894808974,0.3557352409864152,-0.044765313221485616,-0.06117977713484927,0.0008753956105228763,-0.049181987835719525,0.003895505995056555,0.352,0.035,0.25,0.998,0.0,0.013,-0.068,-0.092,-0.119,0.286,0.0,0.0,0.104,0.279,-0.03,0.273,0.997,0.01,0.007,-0.072,-0.035,-0.064,0.131,-0.0,-0.2,0.2,0.3327186263849349,0.010344652940205515,0.30702262406725817,0.9976770404099646,0.005661633408731907,-0.0010749362450757367,-0.06787719394633174,-0.10161383734710012,-0.12233937113676359,0.2896344800705729,0.0,0.0,0.08393913974988389,0.3329584989543943,0.01969235654039728,0.2543488794106365,0.9972882230416377,0.003445608407100775,-0.002640067571911966,-0.07346671360809266,-0.13295754263014692,-0.03908429852066991,0.10300706688694214,0.0,0.0,0.08727405227512584,0.0,0.0,0.24369747899159663,1.0,0.0,0.0,0.0,26.31701480210983,0.09894267015020379,0.08,100.0,100.0,0.5,55.0,0.08,-0.09361855266180152,-0.051798413984197884,0.0027,0.004,0.0045,0.0156
30,1763535098.2235878,-0.015053594699918266,-0.015151973868023636,0.3784109740746009,-0.04313017189944907,-0.021333932806103656,-0.014640092255554207,0.14895218953957035,0.003699175288034146,0.353,0.028,0.264,0.998,-0.001,0.014,-0.065,-0.057,-0.121,0.023,0.0,0.0,0.09,0.277,-0.035,0.282,0.998,0.011,0.006,-0.069,-0.033,-0.076,0.15,0.0,-0.1,0.0,0.34060667609528694,0.0039529636390741646,0.270490357112676,0.9978738127752389,0.003467810064902251,-0.0026108365389482615,-0.06503085116564472,-0.06906415878774737,-0.11722118039899608,0.00833075296214313,0.0,0.0,0.0802148281005767,0.32954724347778197,0.014334684145377741,0.2575410368455079,0.9974989706444505,-0.0016960769528260296,-0.0011967200769081251,-0.0706505113023939,-0.12294228741252589,-0.05038101213551767,0.1058944247567909,0.0,0.0,0.08487233023196848,0.0,0.0,0.25210084033613445,1.0,0.0,0.0,0.0,26.29861120964395,0.09896122874528497,0.08,100.0,100.0,0.5,55.0,0.08,-0.10089221892309576,-0.06259573829142238,0.0077,0.002,0.0132,0.0135
31,1763535098.2700741,-0.016640291751626353,-0.01944380893323852,0.35626846206771484,-0.041594791544366946,-0.009438844728532254,-0.02297437271287679,-0.07287146262697018,0.00336388458546571,0.352,0.022,0.279,0.998,-0.001,0.014,-0.063,-0.026,-0.126,0.298,0.0,0.0,0.08,0.275,-0.04,0.289,0.998,0.007,0.006,-0.069,-0.027,-0.086,0.099,0.0,-0.3,-0.0,0.34544458842428116,-0.002649692228195176,0.3352784669686613,0.9980277959711988,-0.0016865349623857823,-0.001210130485953069,-0.06273921941575929,-0.04192550057775752,-0.11665633576179403,0.27750749727377483,0.0,0.0,0.07679081073825628,0.32788040137905666,0.008567145300778602,0.2743131146265741,0.9976715273544804,0.0008434364190943667,-0.00396927110849155,-0.06808125298532931,-0.11074279955612969,-0.059970519703536805,0.13428097349591187,0.0,0.0,0.08269966393762176,0.0,0.0,0.26050420168067223,1.0,0.0,0.0,0.0,26.334762466868415,0.09891180812341296,0.08,100.0,100.0,0.5,55.0,0.08,-0.10734610985274179,-0.07581155318067967,0.0017,0.0018,0.0044,0.0082
32,1763535098.337078,-0.017740167479730177,-0.014586807268218285,0.3622234438420254,-0.039973867365524926,-0.0071634078156817636,0.02234062743177733,0.06540175507832456,0.003945141739773412,0.348,0.016,0.289,0.998,-0.001,0.014,-0.061,-0.083,-0.126,0.225,0.0,0.0,0.083,0.274,-0.046,0.295,0.998,0.008,0.008,-0.066,-0.011,-0.093,0.102,0.2,0.1,0.0,0.3296450485029935,-0.00808248300315092,0.3289911953245127,0.9981753452013662,0.000874577101634207,-0.0039625260906469215,-0.06024544575325005,-0.10238090424168213,-0.11011396371964818,0.1748205917658034,0.0,0.0,0.07450665731705468,0.323811766598988,0.0025403452320108774,0.28826241515898304,0.9978278684448898,-0.0025980949127942885,-0.004367873268529383,-0.06567888961197361,-0.10991463646941788,-0.06736755082208896,0.11944307489466822,0.0,0.0,0.07999047927069088,0.0,0.0,0.2689075630252101,1.0,0.0,0.0,0.0,26.35736026674028,0.09887121565450682,0.08,100.0,100.0,0.5,55.0,0.08,-0.11395830416769802,-0.08116143853378678,0.0035,0.0018,0.004,0.0071
33,1763535098.4087424,-0.02639298182958372,-0.020854460085661018,0.3817216618315106,-0.03847613795018777,-0.04503808849724074,-0.032796944814035486,0.1337134343316285,0.0034912603401332856,0.348,0.005,0.289,0.998,-0.002,0.014,-0.058,-0.002,-0.226,0.005,0.0,0.0,0.095,0.274,-0.052,0.3,0.998,0.005,0.003,-0.063,-0.019,-0.101,0.069,-0.1,-0.1,0.1,0.34552436584428237,-0.03817506915961967,0.28946161718316454,0.9983280429394109,-0.0025625605718511656,-0.004388815031579134,-0.05757855735167357,-0.02401560467013086,-0.2029256841147163,-0.02160079314588311,0.0,0.0,0.07293873016416268,0.32357922924812843,-0.008372544298398898,0.29018790960947666,0.9979584832115622,-0.004585606662577767,-0.005180476760061408,-0.06349016190050741,-0.09827467959809641,-0.085033573251698,0.11820540400314716,0.0,0.0,0.07727867563489985,0.0,0.0,0.2773109243697479,1.0,0.0,0.0,0.0,26.333068023816402,0.09892370038654567,0.08,100.0,100.0,0.5,55.0,0.08,-0.12973703103222672,-0.09692821262395235,0.0046,0.002,0.0045,0.0103
34,1763535098.4910088,-0.031820159222456006,-0.029354616024298442,0.3882130072878066,-0.03685297121739359,-0.02977518514731979,-0.044586225701753225,0.07062889346463123,0.004268219868952138,0.353,-0.011,0.292,0.998,-0.002,0.012,-0.054,0.057,-0.249,-0.029,0.0,0.0,0.111,0.273,-0.059,0.303,0.998,0.005,0.006,-0.061,-0.008,-0.107,0.039,0.0,-0.1,0.1,0.36213366188288365,-0.05829879936531883,0.2800960189287187,0.998463727493896,-0.004541252261316353,-0.005219401864629994,-0.05497562870099552,0.033141870636435346,-0.22001236587857584,-0.05134252383307917,0.0,0.0,0.07183377061457745,0.32651600060630764,-0.021001013954847794,0.29151630021990327,0.9980659635843943,-0.00587566487743852,-0.006581426478002536,-0.061534492133414304,-0.0803656803874333,-0.10235955299228061,0.06772309172158114,0.0,0.0,0.07468893677009605,0.0,0.0,0.2857142857142857,1.0,0.0,0.0,0.0,26.31274913858751,0.09897110630006509,0.08,100.0,100.0,0.5,55.0,0.08,-0.1454171301597806,-0.11782493263372523,0.0027,0.004,0.0073,0.0231
35,1763535098.546759,-0.019441741455088764,-0.025768923680690246,0.3721411677630675,-0.036022235764530605,0.0587100729145906,0.01499300011561113,-0.04153789689491506,0.00046838014257555814,0.352,-0.017,0.299,0.999,-0.002,0.012,-0.053,-0.004,-0.095,0.1,0.0,0.0,0.046,0.273,-0.066,0.306,0.998,0.004,0.007,-0.058,-0.002,-0.125,0.066,-0.4,-0.1,0.0,0.3487796797329416,-0.03282154686576724,0.31951301430704576,0.9984156847137472,-0.005836251629015678,-0.0066164022822172265,-0.05557231239872968,-0.031414948532130164,-0.057182486872393884,0.13717965482210254,0.0,0.0,0.06382199716257192,0.3268461793039026,-0.02680735271979821,0.2978748857320637,0.998180953167981,-0.006976547864838172,-0.005627371230611767,-0.0596191681054276,-0.07406375747015048,-0.093565409835146,0.05935081757431895,0.0,0.0,0.07164787345767969,0.0,0.0,0.29411764705882354,1.0,0.0,0.0,0.0,26.320961369773396,0.09895301833773122,0.08,100.0,100.0,0.5,55.0,0.08,-0.14403685121520982,-0.12738067895798955,0.0018,0.0019,0.0063,0.0163
36,1763535098.6185946,-0.023584221809258805,-0.029516165910612516,0.3823672688139777,-0.03478595400564236,-0.022656575916359084,-0.02131310351768037,0.0883446220308579,0.0025791852179881843,0.35,-0.037,0.304,0.999,-0.003,0.012,-0.049,0.05,-0.195,-0.044,0.0,0.0,0.083,0.273,-0.073,0.311,0.998,0.005,0.0,-0.058,-0.003,-0.11,0.092,0.2,-0.3,-0.0,0.35707965815805165,-0.07176782953347091,0.30202677039198406,0.9985828630403271,-0.006936009627113717,-0.005677261446338444,-0.05245880398089586,0.017216200893657007,-0.15022846943499252,0.006964489750603094,0.0,0.0,0.06526102933587057,0.32948364318700846,-0.03791095871882111,0.2969475333101544,0.9982484588764435,-0.01005718908048817,-0.00710190815845722,-0.05786562191071381,-0.06172240486868084,-0.09802067155147343,0.06397544371216966,0.0,0.0,0.06905550683216838,0.0,0.0,0.3025210084033613,1.0,0.0,0.0,0.0,26.29921985933826,0.09899582795574896,0.08,100.0,100.0,0.5,55.0,0.08,-0.15419678482781904,-0.14366235394907118,0.0047,0.0035,0.0051,0.018
37,1763535098.689305,-0.035184142177257495,-0.029317145439656744,0.3803199575064443,-0.033290785104829565,-0.06035802402091933,-0.0019565142362824167,0.02800017034373096,0.0039972491034997405,0.351,-0.051,0.304,0.999,-0.005,0.011,-0.046,0.029,-0.293,0.007,0.0,0.0,0.103,0.273,-0.08,0.319,0.998,0.001,0.001,-0.056,0.0,-0.112,0.109,-0.1,-0.0,0.0,0.35321678957600217,-0.10481664634949259,0.31063122699629797,0.9986678306158441,-0.010001719435950995,-0.00717981615477526,-0.05010967911842794,-0.0092948657622325,-0.24649172148233472,0.053806376972837945,0.0,0.0,0.06503811794106111,0.3313598449674544,-0.05360398008147584,0.2983906517302976,0.9982896018992402,-0.012615825729564028,-0.009965973395873937,-0.05620846070913497,-0.05675301347382339,-0.11261465363023974,0.08126389833783638,0.0,0.0,0.06640902837455351,0.0,0.0,0.31092436974789917,1.0,0.0,0.0,0.0,26.284089792662662,0.09902333624547066,0.08,100.0,100.0,0.5,55.0,0.08,-0.17539825240485857,-0.158035547777548,0.0044,0.0083,0.0128,0.0101
38,1763535098.742705,-0.016618012826935875,-0.030804379845133196,0.3776855815484472,-0.03295057657229259,0.08931223253388237,-0.01036788657134792,0.024860115960659363,-0.0016280358477980816,0.354,-0.054,0.307,0.999,-0.005,0.01,-0.046,0.065,-0.057,0.055,0.0,0.0,0.025,0.273,-0.087,0.326,0.999,0.001,0.003,-0.054,-0.001,-0.125,0.148,-0.0,0.1,0.1,0.3630717817230423,-0.06090509255282035,0.31961122814023324,0.9985474382989862,-0.012567934166891349,-0.010026301179531856,-0.0514250306948522,0.023983942797003943,-0.01038777355082873,0.08367314303478787,0.0,0.0,0.056288966803768194,0.33498109487112726,-0.058331925099723604,0.30296249067786607,0.9983967877904114,-0.01016780802732502,-0.009916518870125011,-0.05479171892910583,-0.04808553980331177,-0.09191764837107083,0.07305373158170518,0.0,0.0,0.06421636889476796,0.0,0.0,0.31932773109243695,1.0,0.0,0.0,0.0,26.280588154044388,0.09902980461586725,0.08,100.0,100.0,0.5,55.0,0.08,-0.16907659513276083,-0.17205925556203955,0.0048,0.0021,0.0049,0.0105
39,1763535098.8165076,-0.024895817157734597,-0.01858569381752152,0.35167142136000873,-0.03206243510395711,-0.043050822936687196,0.05801299215354505,-0.0923022427873478,0.001145649684448121,0.356,-0.067,0.329,0.999,-0.004,0.012,-0.043,-0.082,-0.196,0.312,0.0,0.0,0.045,0.273,-0.095,0.335,0.999,0.0,-0.0,-0.05,-0.008,-0.115,0.15,-0.1,0.1,0.1,0.3353891226200865,-0.10144089839624516,0.39577458204537025,0.9986776463516144,-0.010114203417229576,-0.009971186279324149,-0.04940887583236316,-0.12537635257590193,-0.14745888394919793,0.34854543401465815,0.0,0.0,0.056929620038416374,0.33226948794483363,-0.06934592817800879,0.3197957907549646,0.9985161095755039,-0.010659854422785588,-0.011393039026672814,-0.05217418023910111,-0.06326178947179095,-0.09483982680169548,0.12555116892559834,0.0,0.0,0.06207324378403762,0.0,0.0,0.3277310924369748,1.0,0.0,0.0,0.0,26.317151136828016,0.09895694395947055,0.08,100.0,100.0,0.5,55.0,0.08,-0.18202674674840824,-0.17241871795456415,0.0049,0.0033,0.0048,0.0164
40,1763535098.8703918,-0.03145949207327424,-0.02425408297480935,0.37339533326597896,-0.030696630132968777,-0.03530795629347168,-0.030200515168191285,0.14378670166585203,0.0036227813445459554,0.358,-0.083,0.335,0.999,-0.005,0.011,-0.041,0.029,-0.233,0.092,0.0,0.0,0.077,0.273,-0.102,0.347,0.999,-0.001,-0.001,-0.051,-0.003,-0.11,0.189,-0.0,-0.2,-0.0,0.359418698239199,-0.12463271963437247,0.35519095569728026,0.9988323489141852,-0.010586025644835241,-0.01146167071700989,-0.045722039849435146,-0.013134360516154731,-0.1866735587814897,0.07157580582106315,0.0,0.0,0.05828882062535803,0.3344562975067056,-0.0824583495912929,0.3269524124961083,0.998552106731807,-0.01420126146802467,-0.011468919438851134,-0.05060116798149905,-0.06051098394041214,-0.10042647845200345,0.1325032071322274,0.0,0.0,0.059775809636079674,0.0,0.0,0.3361344537815126,1.0,0.0,0.0,0.0,26.309068110995177,0.09897373922569773,0.08,100.0,100.0,0.5,55.0,0.08,-0.19707283736175593,-0.186155424677687,0.0017,0.0016,0.0046,0.0087
41,1763535098.9311476,-0.01610381528961464,-0.024309866007865652,0.37931079111617894,-0.030119139695618517,0.07363243471097057,-0.0027043234627624254,0.06691682257759779,-0.00018221082654556672,0.36,-0.091,0.346,0.999,-0.005,0.011,-0.039,0.015,-0.043,0.061,0.0,0.0,0.025,0.272,-0.109,0.354,0.999,0.003,0.002,-0.049,0.007,-0.112,0.103,0.3,0.0,0.1,0.3588879358663785,-0.09512623106508793,0.3556421539334794,0.9987687822164916,-0.014149737452555449,-0.011532426908583011,-0.04612708238560683,-0.02337515577106913,0.0015443100833684655,0.03576199350853135,0.0,0.0,0.05204830278881284,0.33610457898444035,-0.08696079014779166,0.3332085215725133,0.9986720423261614,-0.009825822201980071,-0.012364296545151742,-0.04903803896050985,-0.06066489667023378,-0.07899126031639611,0.12988763390877564,0.0,0.0,0.05840915372050948,0.0,0.0,0.3445378151260504,1.0,0.0,0.0,0.0,26.29644182036652,0.09901081363289871,0.08,100.0,100.0,0.5,55.0,0.08,-0.19148891826702205,-0.19548997012317254,0.0019,0.0014,0.0032,0.0042
42,1763535099.0155108,-0.032850772668323,-0.016786232001595562,0.37219708499601784,-0.02866548789755269,-0.08534516842250325,0.03518718343056388,0.002362548510812511,0.004256345020767303,0.356,-0.103,0.354,0.999,-0.004,0.012,-0.038,-0.079,-0.261,0.151,0.0,0.0,0.076,0.271,-0.116,0.361,0.999,-0.001,0.001,-0.048,-0.007,-0.113,0.115,-0.1,-0.0,0.1,0.336668307451677,-0.1509022161195732,0.37804763899289445,0.9989582204583454,-0.0097485868525867,-0.01242528331181827,-0.04281414681731349,-0.1141475827835549,-0.21712304694172518,0.12879647083813772,0.0,0.0,0.055082360882777674,0.3331357606024646,-0.10110052709599643,0.344371197648786,0.9988306115567795,-0.010604624567732032,-0.008807288390574616,-0.04633986432967191,-0.07215045514927736,-0.09476368221398385,0.09574179841189256,0.0,0.0,0.05708351746379169,0.0,0.0,0.3529411764705882,1.0,0.0,0.0,0.0,26.306614554851176,0.09897595850973791,0.08,100.0,100.0,0.5,55.0,0.08,-0.21163562047598924,-0.1979585107977472,0.0042,0.004,0.0059,0.013
43,1763535099.0905197,-0.02307147261309949,-0.0254197220327133,0.36313186808639947,-0.027874945764192655,0.04561142300928524,-0.04484607335574826,-0.008106376048490184,0.0010861618770448772,0.358,-0.108,0.364,0.999,-0.004,0.013,-0.037,0.042,-0.093,0.194,0.0,0.0,0.027,0.271,-0.123,0.37,0.999,0.001,0.003,-0.047,-0.015,-0.112,0.132,-0.0,0.0,0.0,0.36295613769164903,-0.12201632389604077,0.40519841362604025,0.9990212194069538,-0.010566532902538905,-0.008852952808914039,-0.042030664801142606,0.008460626638909743,-0.04827830115574722,0.21240855316918997,0.0,0.0,0.048923589655873866,0.3356416583035971,-0.10760680713116423,0.3559269456314225,0.9988573743131945,-0.013014335564929135,-0.009374644732681008,-0.045018761489963,-0.0636777501120299,-0.08104983834062524,0.11727677373531778,0.0,0.0,0.054843875154901904,0.0,0.0,0.36134453781512604,1.0,0.0,0.0,0.0,26.32078657466151,0.09892970833478067,0.08,100.0,100.0,0.5,55.0,0.08,-0.2118508363017404,-0.21159798973487282,0.0055,0.0076,0.0122,0.011
44,1763535099.1351542,-0.02411620461916189,-0.015981037934223827,0.35266810019429984,-0.02678379577821456,-0.007530807291621949,0.04465144828917603,-0.016005652651858288,0.002668255353471204,0.353,-0.115,0.379,0.999,-0.004,0.014,-0.036,-0.093,-0.133,0.311,0.0,0.0,0.035,0.27,-0.131,0.378,0.999,0.0,0.004,-0.045,-0.011,-0.124,0.139,0.1,-0.0,-0.0,0.3310700013857566,-0.13720062837208286,0.4423834719993428,0.999050054730248,-0.01297196912819434,-0.009433181382637362,-0.04051828290325349,-0.12474091669965438,-0.08901661109301655,0.3014275539738124,0.0,0.0,0.04815868598624737,0.33186526122922594,-0.1155597491303697,0.3732959359981127,0.99900071964376,-0.008714461906013448,-0.009698894597407737,-0.04274987425158859,-0.07689776200928448,-0.0764763825706681,0.15771308195101497,0.0,0.0,0.053485927333187896,0.0,0.0,0.36974789915966383,1.0,0.0,0.0,0.0,26.348948810351466,0.09883306918845047,0.08,100.0,100.0,0.5,55.0,0.08,-0.2189723458773872,-0.21145394897735134,0.0016,0.0026,0.0048,0.0057
45,1763535099.211235,-0.025692846977512056,-0.02067062083207191,0.3584253040729856,-0.025756622069864673,-0.010294832253667004,-0.025046018282662785,0.06405282941285913,0.002457488963927979,0.356,-0.132,0.393,0.999,-0.005,0.016,-0.034,-0.009,-0.137,0.272,0.0,0.0,0.032,0.269,-0.137,0.385,0.999,0.005,0.002,-0.042,0.001,-0.106,0.086,0.4,-0.1,0.2,0.35119736044662336,-0.15505248977300365,0.44396722610035566,0.9991739467667706,-0.008673020661939345,-0.009735970178701132,-0.03848913742592255,-0.03810769742103145,-0.09438157675791765,0.21415806154587283,0.0,0.0,0.04618398650022291,0.3319602483895156,-0.12434459400941687,0.3896053561246603,0.9990515734188667,-0.012704340028321532,-0.0070700716961473176,-0.04104348279499427,-0.07419473087158303,-0.07350178847695861,0.17304247548526416,0.0,0.0,0.05129260748444217,0.0,0.0,0.37815126050420167,1.0,0.0,0.0,0.0,26.366578268090276,0.0987597270569493,0.08,100.0,100.0,0.5,55.0,0.08,-0.22609116369906765,-0.22098050547267853,0.0019,0.0029,0.0049,0.0144
46,1763535099.2682428,-0.028808511677349973,-0.02477233962422963,0.3786402794792112,-0.024553547534708377,-0.018147608196940813,-0.0225756560439958,0.13691740743842631,0.0034397104687950205,0.356,-0.138,0.395,0.999,-0.005,0.015,-0.033,0.01,-0.168,0.081,0.0,0.0,0.048,0.268,-0.144,0.39,0.999,-0.002,0.005,-0.043,-0.013,-0.104,0.069,-0.1,-0.0,0.0,0.3551772343607294,-0.16731708247904836,0.4041151856874069,0.9992352660070934,-0.012670612557996435,-0.007130339876122268,-0.03629734147826006,-0.017314311003117352,-0.1264351990590982,0.00802452130179599,0.0,0.0,0.04590326294987065,0.33295724076791083,-0.13417634878208423,0.39681551909158486,0.9991246507620072,-0.010547221859484519,-0.009062384602470785,-0.03945328295669262,-0.06894129714818348,-0.0748805247784776,0.1445539651638052,0.0,0.0,0.0497590749795476,0.0,0.0,0.38655462184873945,1.0,0.0,0.0,0.0,26.354561021510733,0.09881087165454316,0.08,100.0,100.0,0.5,55.0,0.08,-0.23605310331015422,-0.23194627525092082,0.002,0.0019,0.0045,0.0061
47,1763535099.3345037,-0.044196353252163395,-0.017279513275374702,0.39837626871130777,-0.0228655987663382,-0.07982005904180212,0.03498689778185167,0.13654397410840388,0.00598438908838005,0.351,-0.158,0.387,0.999,-0.005,0.014,-0.03,-0.084,-0.3,-0.12,0.0,0.0,0.09,0.268,-0.151,0.392,0.999,-0.001,0.005,-0.041,-0.007,-0.101,0.017,-0.1,0.1,0.0,0.33152187056396243,-0.21398428267179925,0.35581915637651745,0.9993489461029437,-0.010491137288272282,-0.009127252710148363,-0.03329133850267153,-0.11171972500938665,-0.25829489144699574,-0.15411032088580676,0.0,0.0,0.04754871309385148,0.3294518753761759,-0.15051187212745373,0.3937243613017861,0.9992424174744713,-0.009908921954188438,-0.006611971258483716,-0.03704978031725741,-0.07755890573446789,-0.0970428161133846,0.07503029677668584,0.0,0.0,0.04816670793533859,0.0,0.0,0.3949579831932773,1.0,0.0,0.0,0.0,26.319284000506702,0.09897393492623587,0.08,100.0,100.0,0.5,55.0,0.08,-0.25923150912263504,-0.23395756058361256,0.0017,0.0016,0.0046,0.0063
48,1763535099.40635,-0.03240797551871536,-0.02484287544436787,0.36762488875999527,-0.022135482536155854,0.05452225334202381,-0.03954476217250329,-0.1139192728854314,0.0013640212742779328,0.352,-0.163,0.396,0.999,-0.005,0.015,-0.029,0.026,-0.104,0.168,0.0,0.0,0.033,0.267,-0.157,0.394,0.999,-0.004,0.003,-0.04,-0.021,-0.105,0.023,-0.1,-0.3,0.0,0.35442610387812784,-0.17950130632189196,0.4290463299596817,0.9993807095397327,-0.009882779437630163,-0.006650982544283723,-0.03311030808741235,-0.0028766126718948503,-0.05553041702910291,0.21392761025322318,0.0,0.0,0.040296672513729294,0.3309470016190961,-0.15790071745450887,0.4029063907005866,0.9992805047782659,-0.010526011816030108,-0.0072813670806114094,-0.035702346404406796,-0.06846445073514666,-0.08734951969055883,0.06899143013155487,0.0,0.0,0.046206089595773187,0.0,0.0,0.40336134453781514,1.0,0.0,0.0,0.0,26.3358094550556,0.09890167316210499,0.08,100.0,100.0,0.5,55.0,0.08,-0.2604850153284075,-0.24579029356999202,0.0083,0.0019,0.0039,0.005
49,1763535099.4812515,-0.03425195686022249,-0.024340255074225867,0.37507101916319524,-0.021090927173208936,-0.012460704259407249,2.8814306273253557e-05,0.07399314089199918,0.0030092285611190072,0.351,-0.176,0.399,1.0,-0.005,0.014,-0.027,-0.01,-0.179,0.037,0.0,0.0,0.046,0.267,-0.163,0.4,0.999,-0.003,0.007,-0.039,0.002,-0.097,0.11,0.1,0.1,0.0,0.3459977278687293,-0.20658305160910567,0.4140521580163633,0.9994238985200644,-0.010494811680078918,-0.0073262650179676155,-0.03143335546266418,-0.03929213068560506,-0.12327185341855804,0.0915176207354218,0.0,0.0,0.03984320572625541,0.3308782557411848,-0.16881976878408653,0.4051165943010425,0.9993165497281083,-0.011478607035381654,-0.008560435722760046,-0.03407923062912234,-0.06758354051175774,-0.08827750388226999,0.07941513491114813,0.0,0.0,0.04420293385697631,0.0,0.0,0.4117647058823529,1.0,0.0,0.0,0.0,26.32768430656539,0.09892845882099864,0.08,100.0,100.0,0.5,55.0,0.08,-0.2703432304086703,-0.2539301467082218,0.0075,0.0027,0.0078,0.0095
50,1763535099.5348208,-0.02019978100587242,-0.027253669105528032,0.3564151033514133,-0.0206923267700859,0.06683568358572811,-0.017001095663933433,-0.055772477142589885,-0.000116090701705698,0.352,-0.177,0.408,0.999,-0.006,0.016,-0.027,0.024,-0.029,0.259,0.0,0.0,0.002,0.266,-0.169,0.407,0.999,-0.004,0.006,-0.038,-0.0,-0.08,0.115,0.3,0.1,0.0,0.35391672035266786,-0.17677817243117905,0.46666765780649483,0.9993994128894411,-0.011456955685665134,-0.008589391459988589,-0.03155588751729455,-0.005531432280964282,0.03077877650409692,0.2985199935426021,0.0,0.0,0.03449738576700482,0.332363385776019,-0.17260017778603914,0.41741974991950503,0.9992946873841708,-0.0167516417337701,-0.006331608682777701,-0.03300637811823655,-0.061380073113974004,-0.06265608487780816,0.14920261366856916,0.0,0.0,0.041375077922452375,0.0,0.0,0.42016806722689076,1.0,0.0,0.0,0.0,26.346283415941905,0.09886041220545211,0.08,100.0,100.0,0.5,55.0,0.08,-0.2660158134366162,-0.2642010908015139,0.0033,0.0017,0.0048,0.0044
51,1763535099.614673,-0.023103309919945393,-0.0231387001178861,0.37316194260376057,-0.019844579386841803,-0.016537622670952074,0.017849478027656844,0.11937570659687723,0.0021695042392118856,0.351,-0.193,0.419,1.0,-0.008,0.016,-0.025,-0.031,-0.115,0.125,0.0,0.0,0.025,0.266,-0.174,0.413,0.999,-0.005,0.005,-0.038,-0.001,-0.08,0.096,-0.1,0.2,-0.0,0.3419115667225162,-0.21013249360182792,0.4410990106953085,0.9993977941010025,-0.016730736416572044,-0.006386644521781709,-0.029721076305575054,-0.06175848003852063,-0.06000731657618049,0.0846657750154123,0.0,0.0,0.03557109071808424,0.3313963900607087,-0.18048740681503067,0.42595098568754336,0.9993606872437008,-0.014480630232702608,-0.008325227189465522,-0.03161042125796328,-0.06335777440614235,-0.05407052177424727,0.131290673758721,0.0,0.0,0.03971529875548409,0.0,0.0,0.42857142857142855,1.0,0.0,0.0,0.0,26.344541190421058,0.09886452807350528,0.08,100.0,100.0,0.5,55.0,0.08,-0.2729571722634354,-0.26910166041623185,0.0026,0.002,0.006,0.0169
52,1763535099.6746938,-0.02168686696898945,-0.02420004205296439,0.364324833636129,-0.019066687645900762,0.0047718837627851824,-0.007620579687180051,-0.006869350577781902,0.0019050007660210196,0.351,-0.198,0.433,1.0,-0.007,0.017,-0.025,-0.0,-0.076,0.219,0.0,0.0,0.021,0.265,-0.179,0.419,0.999,-0.007,0.004,-0.036,-0.008,-0.073,0.072,-0.2,0.1,-0.0,0.3477101800930815,-0.20793371495135426,0.4748457542900548,0.9994526190643849,-0.014455121608924449,-0.008369439584803897,-0.0285563335470313,-0.03388350840212398,-0.027930479421886624,0.20010782806490365,0.0,0.0,0.03398968275162685,0.3318268701223408,-0.1863234404402193,0.4383107120284273,0.9993891825213732,-0.014782405952225975,-0.008530832015365218,-0.030495364215741384,-0.06207439785929649,-0.04150047708327877,0.15008369662654536,0.0,0.0,0.03788881634307585,0.0,0.0,0.4369747899159664,1.0,0.0,0.0,0.0,26.355771060074634,0.0988134073984605,0.08,100.0,100.0,0.5,55.0,0.08,-0.2768467084718061,-0.2771613564912302,0.005,0.0031,0.0047,0.0068
53,1763535099.7538817,-0.02077255675285735,-0.023726207963881,0.37976576415246477,-0.018333638161989713,0.0024028643837615583,-5.0833759879454626e-05,0.11363713594529169,0.0017585786549651691,0.351,-0.201,0.436,1.0,-0.007,0.017,-0.024,-0.006,-0.067,0.063,0.0,0.0,0.024,0.266,-0.184,0.423,0.999,0.003,-0.003,-0.035,0.009,-0.074,0.055,0.3,-0.4,0.1,0.34640403269963177,-0.2100383124928392,0.4436175343009374,0.9994788759361931,-0.014755901908027252,-0.008576594865764847,-0.02739857545043536,-0.04005165534521781,-0.026215468872614472,0.024868494944831215,0.0,0.0,0.03303308462269666,0.33200114554621624,-0.19124418496191467,0.4440022042528071,0.9994666476434039,-0.010446801784452077,-0.009725011505514816,-0.029371903788310803,-0.06216634193295785,-0.03274448270706725,0.10951368394579745,0.0,0.0,0.03683609551439121,0.0,0.0,0.4453781512605042,1.0,0.0,0.0,0.0,26.347285288797107,0.09884958704893722,0.08,100.0,100.0,0.5,55.0,0.08,-0.2803643495916054,-0.2842011701567542,0.0039,0.0038,0.0099,0.0158
54,1763535099.8093617,-0.03267251415441003,-0.023275508133069778,0.39769588796088184,-0.017314040883981335,-0.06157704268304913,-0.0001191216423319999,0.12762719545733187,0.00326462257384295,0.35,-0.211,0.429,1.0,-0.006,0.015,-0.023,-0.009,-0.181,-0.144,0.0,0.0,0.047,0.265,-0.188,0.427,0.999,-0.002,0.007,-0.034,-0.014,-0.059,0.059,-0.2,0.3,0.0,0.3447343965755902,-0.24332192342800865,0.40087992247117954,0.9995723091132597,-0.010409288053068727,-0.009765154301610767,-0.025524249992507554,-0.043495028223454336,-0.14363338946311982,-0.12819839609649936,0.0,0.0,0.03373983478237619,0.3319403109388501,-0.20134457703986625,0.43824060715631596,0.9995205699257744,-0.009795449300580307,-0.00875305939351242,-0.028036822564413304,-0.06339899979394618,-0.04341208280205397,0.07921141627043916,0.0,0.0,0.03557258818164841,0.0,0.0,0.453781512605042,1.0,0.0,0.0,0.0,26.308689454789448,0.0990169320763824,0.08,100.0,100.0,0.5,55.0,0.08,-0.2949432150636656,-0.2915640536273004,0.0043,0.0022,0.0054,0.0103
55,1763535099.8855662,-0.03613626481339585,-0.021616335627971533,0.37452671607784355,-0.016547327291902583,-0.020586004710370087,0.005968311712184229,-0.07607627061910316,0.002102163871995607,0.35,-0.218,0.439,1.0,-0.005,0.015,-0.022,-0.031,-0.152,0.103,0.0,0.0,0.034,0.264,-0.193,0.431,0.999,-0.001,0.005,-0.033,-0.011,-0.069,0.066,-0.1,0.2,-0.0,0.34042922289498906,-0.2447653297996598,0.46019550715710406,0.9996072592897528,-0.009766649234180302,-0.008785182894116688,-0.02475399562661286,-0.06526938364346695,-0.11390546110543345,0.15454364613607127,0.0,0.0,0.031136371624241373,0.3308965397595765,-0.21012014392980805,0.4444463707250179,0.9995654367474396,-0.008831353564071737,-0.008908695568554724,-0.02667545683570276,-0.06690195273856811,-0.04945204642043587,0.0683632838040251,0.0,0.0,0.034210639045222674,0.0,0.0,0.4621848739495798,1.0,0.0,0.0,0.0,26.313690729701605,0.09899307490646095,0.08,100.0,100.0,0.5,55.0,0.08,-0.3062261203030092,-0.29705657088994064,0.0049,0.0058,0.0065,0.0144
56,1763535099.948221,-0.03904304475507039,-0.018102539089716957,0.3952751210937325,-0.015528959847764335,-0.018147526189712288,0.015407349128475698,0.14119469668722906,0.0034371044915009977,0.348,-0.224,0.433,1.0,-0.005,0.015,-0.021,-0.055,-0.175,-0.16,0.0,0.0,0.059,0.264,-0.197,0.439,0.999,-0.002,0.002,-0.033,-0.005,-0.063,0.137,0.1,-0.2,0.0,0.33354791532755285,-0.2551142118886993,0.4092958694564792,0.9996665363923481,-0.008794701517002656,-0.008944880532106635,-0.022571184169633725,-0.08853988054871624,-0.13224856888150557,-0.08986552143528702,0.0,0.0,0.03192206509183956,0.3286869387753478,-0.21980202931464873,0.4374047068617374,0.9996090569976689,-0.008044312395712178,-0.008806836085858555,-0.025287582811893364,-0.07388301066370659,-0.05820950585355707,0.051093816315515905,0.0,0.0,0.03302444670085099,0.0,0.0,0.47058823529411764,1.0,0.0,0.0,0.0,26.277880207103912,0.09911327797627026,0.08,100.0,100.0,0.5,55.0,0.08,-0.318497837077793,-0.30026829093384927,0.0019,0.0029,0.0052,0.0154
57,1763535100.0024228,-0.045539091005494525,-0.018669457343545453,0.3491501849092142,-0.014848406292046017,-0.03638453572762777,-0.004644845178114178,-0.19109716881321778,0.0018498717938151563,0.348,-0.234,0.456,1.0,-0.005,0.017,-0.02,-0.045,-0.213,0.344,0.0,0.0,0.039,0.263,-0.201,0.45,0.999,-0.004,0.006,-0.032,-0.013,-0.066,0.191,-0.1,0.2,0.1,0.33568335401410376,-0.2719326565237787,0.5335307556413291,0.9996863783792903,-0.008015480917495465,-0.008833084932471506,-0.022019844666470268,-0.07643079608387345,-0.1615933795605022,0.4299602502580432,0.0,0.0,0.028684080400044866,0.3269330967301326,-0.23137295801922692,0.4541465378158076,0.9996141521088454,-0.011247980655023198,-0.008468192003838334,-0.02394409236293626,-0.07853429597821082,-0.06887880921128048,0.13511234849473938,0.0,0.0,0.0313605263006315,0.0,0.0,0.4789915966386554,1.0,0.0,0.0,0.0,26.312256064542467,0.09900743672435239,0.08,100.0,100.0,0.5,55.0,0.08,-0.3347064459405228,-0.3061800063065871,0.0012,0.0022,0.0052,0.0068
58,1763535100.0701697,-0.03508048287285097,-0.01870625128737628,0.36700021651907516,-0.014269197352293183,0.04773913156266832,-0.002050915453508677,0.1241651765402261,0.0014112040695595596,0.346,-0.239,0.464,1.0,-0.006,0.017,-0.019,-0.044,-0.1,0.171,0.0,0.0,0.031,0.262,-0.205,0.463,0.999,-0.006,0.0,-0.031,-0.01,-0.052,0.224,-0.1,-0.3,0.1,0.33430295077626987,-0.253622974891111,0.5005929933353257,0.9996790308243602,-0.011223519246061528,-0.008500585883510275,-0.021062003357665192,-0.0707263688227841,-0.043446105514787836,0.15980596770489608,0.0,0.0,0.026810773613012123,0.3251180582613483,-0.23775993254458086,0.4648798977460126,0.9996166837252454,-0.013336951162559932,-0.007820213285785828,-0.02296640189483946,-0.0809795329999951,-0.05964481042209487,0.13774406031689668,0.0,0.0,0.02989181152254172,0.0,0.0,0.48739495798319327,1.0,0.0,0.0,0.0,26.31747589860004,0.09898794373439546,0.08,100.0,100.0,0.5,55.0,0.08,-0.3389816463879655,-0.31118184404766497,0.0018,0.0016,0.0046,0.0085
59,1763535100.1340814,-0.04052634201178814,-0.032762986265835486,0.37324476159932496,-0.013427837019394944,-0.030737343981970915,-0.07215430002103368,0.06792274705315643,0.0027798819292618837,0.349,-0.246,0.469,1.0,-0.007,0.017,-0.018,0.094,-0.205,0.133,0.0,0.0,0.064,0.262,-0.208,0.475,0.999,-0.009,0.006,-0.031,-0.008,-0.045,0.162,-0.1,0.1,-0.0,0.3652442398474234,-0.2809512063423946,0.49775045830225784,0.9997005929386897,-0.013305546771277054,-0.007873526990177198,-0.018965612984681142,0.06984229464076555,-0.14360929165272257,0.1213707852634265,0.0,0.0,0.028555702303578435,0.3295931411348909,-0.24863678836144867,0.472759369292329,0.9996243155124869,-0.014772680331127587,-0.006174410395962564,-0.022245727866013733,-0.06234937299582355,-0.06373174955446813,0.176451860715387,0.0,0.0,0.028361647653114712,0.0,0.0,0.49579831932773105,1.0,0.0,0.0,0.0,26.309095464812827,0.09901341293315523,0.08,100.0,100.0,0.5,55.0,0.08,-0.3534873749745362,-0.3297444254092699,0.0014,0.0015,0.0044,0.0064
60,1763535100.203965,-0.030511520826857014,-0.029649253322827848,0.36966216268417745,-0.01313752962779814,0.04602147172347678,0.012292366088454632,0.01941148158419545,0.00010875325604451855,0.349,-0.25,0.481,1.0,-0.008,0.018,-0.017,-0.001,-0.073,0.221,0.0,0.0,0.017,0.261,-0.21,0.485,1.0,-0.007,0.005,-0.03,0.0,-0.039,0.138,0.1,-0.1,-0.0,0.3466206192561379,-0.2585241977443686,0.5157790931426083,0.9996710001610747,-0.014759010355054728,-0.006207015485951516,-0.020038363432506236,-0.025591449659252377,-0.011403499301752672,0.16518679842108358,0.0,0.0,0.02338339542833806,0.3299285830141366,-0.2533309318676885,0.4870524449808669,0.9995987903623452,-0.01754184682559621,-0.005908251918876896,-0.021439087558635172,-0.05819782575229401,-0.04838455404811481,0.13586570198770362,0.0,0.0,0.026869855195177372,0.0,0.0,0.5042016806722689,1.0,0.0,0.0,0.0,26.32250571381872,0.09894976478311206,0.08,100.0,100.0,0.5,55.0,0.08,-0.35592114444217904,-0.3367278869333032,0.0012,0.0016,0.0066,0.0075
61,1763535100.2758126,-0.016190895421913633,-0.02776972237370147,0.3653528077402581,-0.01308489885395605,0.06855197494203122,0.00643272941334911,0.015419441548821123,-0.001050599093569355,0.35,-0.255,0.501,1.0,-0.008,0.019,-0.016,-0.0,0.03,0.202,0.0,0.0,-0.005,0.261,-0.212,0.493,1.0,-0.007,0.003,-0.03,-0.014,-0.033,0.137,0.0,-0.1,-0.0,0.3473555864053439,-0.24271314284825116,0.5406538482201328,0.99962647282135,-0.017533957828970347,-0.005931623187752412,-0.02010698893313709,-0.030892934066487902,0.09128178518411041,0.1949279600054461,0.0,0.0,0.0208670286624189,0.3304470496591998,-0.25328507220924246,0.499368704916545,0.9996511983868491,-0.01536720596630061,-0.005803066035577958,-0.02067982033559142,-0.05479850605376469,-0.019350686531156326,0.14174075007894238,0.0,0.0,0.025567294769574606,0.0,0.0,0.5126050420168067,1.0,0.0,0.0,0.0,26.332429156155502,0.09890352392871744,0.08,100.0,100.0,0.5,55.0,0.08,-0.3505032090049175,-0.34294689299393194,0.004,0.005,0.0052,0.0076
62,1763535100.3483627,-0.017465533720745652,-0.02515790571904764,0.36231903021863393,-0.01274268701643731,-0.007992281036351447,0.010282111035898999,0.02136639316590483,0.00040256930219809747,0.35,-0.256,0.509,1.0,-0.008,0.019,-0.016,-0.016,-0.032,0.237,0.0,0.0,0.006,0.26,-0.214,0.502,1.0,-0.009,0.001,-0.029,-0.012,-0.016,0.122,-0.1,-0.0,0.1,0.34334810375619973,-0.2564194005932008,0.5558255080426895,0.9996845652877822,-0.015357424234466954,-0.005828903456619499,-0.018998508645526456,-0.0527503075963575,0.02217774401364624,0.22079336914824824,0.0,0.0,0.021532035121742534,0.33036073241689706,-0.255500049026171,0.5129338066066715,0.9996103467884282,-0.016635547471929447,-0.010105600997554632,-0.02000724824421921,-0.05695761234876896,-0.0034707068139253018,0.15816616815457707,0.0,0.0,0.024178019717463802,0.0,0.0,0.5210084033613445,1.0,0.0,0.0,0.0,26.344791952984398,0.09883922603084098,0.08,100.0,100.0,0.5,55.0,0.08,-0.35355008409375893,-0.34812800668152566,0.0021,0.002,0.0072,0.0164
63,1763535100.4111414,-0.015089763114084113,-0.028420215842307743,0.3705375672022781,-0.012277880092859387,0.010132299661233116,-0.018827341188205268,0.0773245879400838,0.0010497659162458867,0.35,-0.258,0.531,1.0,-0.008,0.019,-0.016,0.038,0.005,0.149,0.0,0.0,0.004,0.26,-0.215,0.509,1.0,-0.004,0.002,-0.029,-0.01,-0.018,0.11,0.2,0.1,0.0,0.35370277985794624,-0.2519786323178849,0.5580843401505995,0.9996409045340988,-0.016619453158333967,-0.010132047568509474,-0.01841731172121294,-0.0004538728059896636,0.0475752020559525,0.11398419076701782,0.0,0.0,0.02093497249319052,0.33259317963504487,-0.25575349955686555,0.5236855514276098,0.9996614045861535,-0.013816615058071906,-0.010271485173069722,-0.019510866754582763,-0.053257158973764124,0.014055583844915672,0.15269145643548496,0.0,0.0,0.023378862343819147,0.0,0.0,0.5294117647058824,1.0,0.0,0.0,0.0,26.344227343567674,0.09884025020715827,0.08,100.0,100.0,0.5,55.0,0.08,-0.3541791767496763,-0.3581970291296027,0.0034,0.0027,0.0077,0.0102
64,1763535100.4819756,-0.007846041804675281,-0.015759865638069602,0.35875740070157186,-0.012064895184980882,0.034709630235635745,0.060459729436959916,-0.02184707578330331,-0.00016286346989340507,0.346,-0.255,0.541,1.0,-0.006,0.02,-0.016,-0.106,0.088,0.282,0.0,0.0,-0.009,0.259,-0.216,0.515,1.0,-0.001,0.004,-0.029,-0.004,-0.023,0.082,0.1,-0.3,-0.1,0.3210259092578888,-0.23379440197177917,0.593219970471397,0.9996820484594277,-0.013805427192936252,-0.010286517357398798,-0.018422804581257488,-0.14361126722110823,0.11939090258388083,0.24964290972152137,0.0,0.0,0.019192804703490544,0.32817263142961495,-0.2517486870628198,0.5402453621252692,0.9997352070380522,-0.00865559167130264,-0.010300554854573665,-0.018668023759635256,-0.07075256807386877,0.036189084329766814,0.15994093027870684,0.0,0.0,0.022962202900249664,0.0,0.0,0.5378151260504201,1.0,0.0,0.0,0.0,26.36405789637474,0.09873069567629782,0.08,100.0,100.0,0.5,55.0,0.08,-0.3492716275204424,-0.35495917856356873,0.0017,0.0024,0.0089,0.0153
65,1763535100.5461798,-0.011984856039684869,-0.016903256892224803,0.36057901663252545,-0.011556068536515451,-0.021478675355515453,-0.007292942834582941,0.044983819724925364,0.0013376437238290734,0.344,-0.254,0.553,1.0,-0.005,0.022,-0.016,-0.043,0.028,0.252,0.0,0.0,-0.004,0.259,-0.217,0.52,1.0,-0.002,0.0,-0.029,-0.013,-0.016,0.066,-0.1,-0.0,0.0,0.3317092924286651,-0.24569867360038844,0.599523427523073,0.9997573900067931,-0.00864292871566914,-0.010311182313792463,-0.017439622395933146,-0.07817288720219388,0.05115643379312752,0.20805658176951036,0.0,0.0,0.019163187500289936,0.3263289137049777,-0.2501473821775832,0.555317847739325,0.9997662046923099,-0.0073167453295525575,-0.00946898119338713,-0.018009430531690403,-0.07615953237347156,0.0431712469622148,0.15793807639291105,0.0,0.0,0.022414270408421807,0.0,0.0,0.5462184873949579,1.0,0.0,0.0,0.0,26.37872166474847,0.09864134167043702,0.08,100.0,100.0,0.5,55.0,0.08,-0.3510442154863344,-0.35910287193683904,0.0029,0.0022,0.0075,0.013
66,1763535100.611268,-0.030166484509410466,-0.018171136723920574,0.39021173621584626,-0.010607537633602391,-0.09210662795259647,-0.008029724847701328,0.18422149957985662,0.0035870476609137724,0.343,-0.257,0.548,1.0,-0.003,0.02,-0.015,-0.04,-0.136,-0.061,0.0,0.0,0.043,0.258,-0.218,0.522,1.0,0.002,0.006,-0.026,-0.004,-0.016,0.013,0.2,0.1,0.2,0.3315786383880291,-0.2821271832171136,0.5331688688002074,0.9998143663522076,-0.007289167605085753,-0.009490226692930825,-0.015100876420775585,-0.07039576130989496,-0.11896508640873914,-0.09935455726327333,0.0,0.0,0.022380133921565893,0.32458545827946034,-0.25586245413915043,0.5548343784266978,0.9997882147017318,-0.005448941427823352,-0.010214952827120332,-0.017014391543036845,-0.08077102637898209,0.02429389111230769,0.12738384934924094,0.0,0.0,0.021920338882549576,0.0,0.0,0.5546218487394958,1.0,0.0,0.0,0.0,26.34790227195307,0.0988259404919462,0.08,100.0,100.0,0.5,55.0,0.08,-0.3669467727740714,-0.36436393132753886,0.0015,0.0016,0.0105,0.0107
67,1763535100.6830893,-0.029884930856197384,0.0054271253720485635,0.35232012482893094,-0.00985735493394853,-0.0016088801848756426,0.11617419680745361,-0.15043688331299243,0.002690159734909066,0.333,-0.258,0.56,1.0,-0.001,0.022,-0.015,-0.294,-0.033,0.362,0.0,0.0,0.027,0.258,-0.22,0.524,1.0,0.001,0.003,-0.029,-0.0,-0.027,0.029,-0.0,0.1,-0.1,0.2714842225575056,-0.2632021829273612,0.6269914554747638,0.9998242950993955,-0.005425716113205151,-0.010227307984169114,-0.014742547441088204,-0.3191283289008699,-0.01647799093127366,0.3542205292053206,0.0,0.0,0.019749129317041838,0.31106556932148366,-0.25702701532919264,0.5737305503186667,0.9998479012891986,-0.0024777805463157727,-0.006907680776218304,-0.015821467613433136,-0.11892093474563498,0.019987766445058255,0.13728437311977462,0.0,0.0,0.021465617580407288,0.0,0.0,0.5630252100840336,1.0,0.0,0.0,0.0,26.382864693262434,0.09861918813559789,0.08,100.0,100.0,0.5,55.0,0.08,-0.3733967334980985,-0.34783254957439297,0.0027,0.0022,0.0124,0.012
68,1763535100.7495346,-0.022798164751864587,-0.012809591631216189,0.38360742144514937,-0.009879988657358013,0.03244533743604427,-0.09064087247911891,0.19166849556398474,-0.0010989041104422633,0.332,-0.257,0.559,1.0,-0.001,0.023,-0.015,-0.018,0.016,-0.015,0.0,0.0,0.0,0.258,-0.222,0.526,1.0,0.001,0.01,-0.028,-0.005,-0.029,0.034,-0.1,0.2,-0.0,0.3261433083574989,-0.25207660423405265,0.5559765793798433,0.9998661448639395,-0.002469500082457866,-0.00691064537395585,-0.014623163296009694,-0.03579062351632908,0.03914928975780326,-0.03214498261978942,0.0,0.0,0.016233992996398466,0.3097528817653712,-0.2560180665149848,0.5746310357967462,0.9998598993183784,-0.0029217270966320854,-0.005950445806995508,-0.015370017583361852,-0.1099595557325477,0.022268651753994603,0.09947019967669257,0.0,0.0,0.020584570082213864,0.0,0.0,0.5714285714285714,1.0,0.0,0.0,0.0,26.364130446395045,0.09872577791142281,0.08,100.0,100.0,0.5,55.0,0.08,-0.37352037294045876,-0.3575123795101044,0.0038,0.0029,0.0063,0.016
69,1763535100.8155088,-0.03652870266918471,-0.021288311388462003,0.37555845599629095,-0.008986136721821133,-0.07093250606178708,-0.043674557949350684,-0.0018840850997772496,0.0034812608119486133,0.336,-0.274,0.555,1.0,-0.003,0.023,-0.013,-0.016,-0.153,0.085,0.0,0.0,0.04,0.259,-0.224,0.527,1.0,0.0,0.008,-0.026,0.019,-0.03,-0.009,-0.0,-0.2,0.2,0.33127596046177415,-0.3016739994396668,0.5754138107170427,0.9998962912908551,-0.002906334907194894,-0.0059579788465892545,-0.012785240250552627,-0.025477935355531077,-0.1205963833215119,0.11317080015625701,0.0,0.0,0.019247941212101077,0.30906889263930704,-0.2637316028738383,0.5780140217377119,0.9998448402966446,-0.008150381501196268,-0.005638198694327858,-0.014562875026789187,-0.1017665582819873,0.0036354306583109564,0.13203333155492292,0.0,0.0,0.019380578080892864,0.0,0.0,0.5798319327731092,1.0,0.0,0.0,0.0,26.355123106228568,0.09876792267902376,0.08,100.0,100.0,0.5,55.0,0.08,-0.3892775600495184,-0.3677164021932311,0.0029,0.0024,0.0073,0.0158
70,1763535100.8762066,-0.028132001105459457,-0.025485626970702002,0.3771869032463412,-0.008734463405393925,0.038330637551707826,-0.0231154090500462,0.04569808184988019,0.00035975290995392175,0.335,-0.275,0.558,1.0,-0.004,0.025,-0.012,-0.009,-0.019,0.1,0.0,0.0,0.016,0.26,-0.225,0.527,1.0,-0.003,0.012,-0.025,0.02,-0.025,0.014,-0.1,0.0,0.0,0.33281677293766826,-0.2753160679085945,0.5738055654995713,0.999867586455379,-0.00814103303341296,-0.005651688622052853,-0.01290703501054318,-0.014656742530868573,0.017980070170186397,0.0912515578855369,0.0,0.0,0.0161249569518566,0.30869482743994364,-0.26547205962930903,0.5839328356786142,0.9998552774725616,-0.009563417132826933,0.0020019008988914956,-0.013926864535896546,-0.08841051557497565,0.009280400565215388,0.08780570444054325,0.0,0.0,0.018043602846527583,0.0,0.0,0.5882352941176471,1.0,0.0,0.0,0.0,26.355728275933362,0.09876169127494933,0.08,100.0,100.0,0.5,55.0,0.08,-0.39205493365132094,-0.3765658156280404,0.0036,0.0019,0.0063,0.0105
71,1763535100.9446619,-0.027941031750562062,-0.030265062750568766,0.3820669923032656,-0.008275016990216096,-0.0018583533360589585,-0.026445741596403997,0.06211913560925621,0.0014237857353497515,0.337,-0.279,0.558,1.0,-0.004,0.025,-0.012,0.016,-0.056,0.003,0.0,0.0,0.013,0.261,-0.227,0.528,1.0,-0.005,0.008,-0.026,0.033,-0.028,0.034,0.0,-0.0,-0.0,0.3396209316350141,-0.2863211355944792,0.5645191540371115,0.999875140746104,-0.009566424874198561,0.0019874781990616456,-0.012419193351158238,0.0037913622796702934,-0.014879488468704965,0.05027777761779779,0.0,0.0,0.015316638314782133,0.30988744805631935,-0.268878457946241,0.5831913808754053,0.9998767491584098,-0.008034193762822045,-0.0014890623834245874,-0.013406002991585111,-0.07174831092025934,0.00950552139307764,0.10069242196227286,0.0,0.0,0.017610944616933844,0.0,0.0,0.5966386554621849,1.0,0.0,0.0,0.0,26.339085779344902,0.09883711848954554,0.08,100.0,100.0,0.5,55.0,0.08,-0.3984118484075839,-0.38630824501646643,0.0029,0.005,0.0055,0.0103
72,1763535101.0219905,-0.04691110017968686,-0.0377860191519772,0.388644535046531,-0.0074115962440112855,-0.09764444532068015,-0.04063128828209903,0.07109441294665336,0.003489602032002439,0.342,-0.287,0.555,1.0,-0.006,0.024,-0.011,0.084,-0.251,-0.034,0.0,0.0,0.058,0.263,-0.229,0.532,1.0,-0.005,0.007,-0.026,0.033,-0.019,0.051,0.1,0.0,-0.0,0.3569727128934384,-0.33295530902753917,0.5508027151376509,0.9999133877024587,-0.008029556043262687,-0.0015138711795930572,-0.010317534453168018,0.06023054055288013,-0.20793652621191244,0.0026458079125907486,0.0,0.0,0.018336915428141882,0.31465543586491096,-0.2811235678024611,0.5813390182512024,0.9998388340540675,-0.011680934615584605,-0.00442199832027871,-0.012896030969439386,-0.051519524385694127,-0.016929750687440216,0.084192223748425,0.0,0.0,0.01658929974062617,0.0,0.0,0.6050420168067226,1.0,0.0,0.0,0.0,26.31866550309636,0.0989186531692961,0.08,100.0,100.0,0.5,55.0,0.08,-0.4214722983407081,-0.40136832476312884,0.0038,0.0029,0.0097,0.0185
73,1763535101.0808427,-0.03563174424306639,-0.029953835654128017,0.37832472981596793,-0.007132656165764754,0.051705669665133625,0.035382315574048154,-0.012734572648162508,0.0006535407668315264,0.341,-0.29,0.559,1.0,-0.006,0.024,-0.011,-0.015,-0.053,0.068,0.0,0.0,0.013,0.266,-0.23,0.537,1.0,-0.007,0.007,-0.027,0.041,-0.019,0.08,-0.0,0.2,-0.0,0.3351806067313571,-0.2961930771981253,0.5770694599361358,0.9998558471277543,-0.011674756118661265,-0.004438284827260615,-0.011501593880966127,-0.04892986383915178,-0.006011627243168029,0.12788844626427048,0.0,0.0,0.013402385890145457,0.31512736910309114,-0.284560423422672,0.584007716949068,0.9998457234858249,-0.010328194472571125,-0.006834164076734258,-0.01245599564131368,-0.05144352398259752,-0.010072855760383772,0.08889356281994652,0.0,0.0,0.01580426737260124,0.0,0.0,0.6134453781512604,1.0,0.0,0.0,0.0,26.314225997301467,0.0989345809285868,0.08,100.0,100.0,0.5,55.0,0.08,-0.42576246539771917,-0.4057835713832322,0.0028,0.0068,0.0065,0.0083
74,1763535101.1502361,-0.018891473981860297,-0.035609043620793125,0.3800837796226377,-0.007382688725913602,0.08013817688172384,-0.03127142339873831,0.0466277220149457,-0.001963428417320714,0.345,-0.287,0.561,1.0,-0.006,0.023,-0.011,0.087,0.062,0.04,0.0,0.0,-0.006,0.269,-0.231,0.544,1.0,-0.012,0.004,-0.024,0.043,-0.006,0.134,-0.2,0.0,0.1,0.3585946303040925,-0.26980788712364373,0.5755121273741881,0.9998533864527267,-0.010323878737930727,-0.006840681800484195,-0.011824897433946074,0.04555328533544609,0.11447155598505727,0.09820295671791181,0.0,0.0,0.011145308170784872,0.32032689320288077,-0.282417850740771,0.5853553204941846,0.999830107864243,-0.01039826641938309,-0.009011638829320746,-0.012264657730959094,-0.03943231271627142,0.011756187995492988,0.0970203986076659,0.0,0.0,0.01488189682299659,0.0,0.0,0.6218487394957983,1.0,0.0,0.0,0.0,26.304259795260315,0.09896923670746473,0.08,100.0,100.0,0.5,55.0,0.08,-0.4204106008659972,-0.41876328153793774,0.0037,0.0022,0.0111,0.0128
75,1763535101.2152538,-0.02969280984957707,-0.04001476675073478,0.378385874176682,-0.006959433861387073,-0.055895826736769905,-0.02558952001178758,0.02951885073248552,0.0013780054500412856,0.355,-0.296,0.571,1.0,-0.01,0.022,-0.01,0.107,-0.115,0.069,0.0,0.0,0.029,0.272,-0.231,0.554,1.0,-0.009,0.001,-0.025,0.049,0.0,0.166,0.2,-0.3,-0.0,0.3719372223813847,-0.31333221278551193,0.5910772300065918,0.9998512400639913,-0.010381443859465985,-0.009031013360157731,-0.010400200170209914,0.06132744937259183,-0.060932667558190254,0.12137643916654738,0.0,0.0,0.01417119101967122,0.3270143492518061,-0.28846890621161686,0.5885997071363985,0.9997249275082877,-0.016066165759953878,-0.011999255294923225,-0.012164107393885858,-0.029201863780735818,0.008857305371872615,0.1182873005542007,0.0,0.0,0.013726391001338885,0.0,0.0,0.6302521008403361,1.0,0.0,0.0,0.0,26.29514862817521,0.09899456717026928,0.08,100.0,100.0,0.5,55.0,0.08,-0.43267389058776035,-0.4333022837483582,0.0041,0.0038,0.0061,0.0127
76,1763535101.2879376,-0.02910331431238281,-0.03440685046160443,0.3665893464329823,-0.0068491650680166435,-2.1803298986409342e-05,0.024038104770578272,-0.021144051300830483,-0.0001445994192865621,0.357,-0.3,0.584,1.0,-0.011,0.023,-0.009,0.033,-0.059,0.212,0.0,0.0,0.014,0.275,-0.229,0.566,1.0,-0.007,0.004,-0.026,0.045,0.011,0.186,0.0,-0.1,-0.1,0.35900885811517813,-0.30650252946297357,0.6290767015853254,0.9997399987551913,-0.016050439504995073,-0.01202028292327393,-0.010855002492452602,-0.015113014825310175,-0.011490056388698811,0.24087669653253937,0.0,0.0,0.01249174261355058,0.3303005876702819,-0.29194407663024224,0.5995710443592943,0.9997743841885329,-0.014064638850126782,-0.010680233298117466,-0.01180251122232701,-0.031324632372328375,0.015514677186719231,0.13678030937197339,0.0,0.0,0.012988470033054091,0.0,0.0,0.6386554621848739,1.0,0.0,0.0,0.0,26.305957114688574,0.09895506146233234,0.08,100.0,100.0,0.5,55.0,0.08,-0.4403457461070151,-0.44065665609555915,0.0019,0.0022,0.0158,0.0143
77,1763535101.348619,-0.011396074861256524,-0.03305847019730843,0.3772272722337512,-0.007118734224277763,0.08562586582439315,0.0033012162753195337,0.08984856364714273,-0.0020327622881072638,0.359,-0.296,0.588,1.0,-0.009,0.022,-0.009,0.048,0.123,0.097,0.0,0.0,-0.017,0.278,-0.228,0.578,1.0,-0.006,0.001,-0.023,0.042,0.027,0.174,0.2,-0.2,0.1,0.36371199003915805,-0.26719497398053665,0.6103113978663883,0.9997763440081663,-0.014062852537944264,-0.010682585257452772,-0.011635313162012474,-0.002394296105649188,0.16372148014773433,0.10798449012380021,0.0,0.0,0.009673404051089556,0.33414546501890297,-0.28677710600106465,0.6051987986955747,0.9998167545953154,-0.008933748146801238,-0.012347097448760816,-0.011584237529128237,-0.031491855110524825,0.043042750314731495,0.14220943835024497,0.0,0.0,0.012861661794003129,0.0,0.0,0.6470588235294117,1.0,0.0,0.0,0.0,26.298271499617552,0.09898498459590299,0.08,100.0,100.0,0.5,55.0,0.08,-0.43237887872109904,-0.4487875016291945,0.0043,0.0028,0.0094,0.0097
78,1763535101.4165738,-0.01312236433097827,-0.03338563696937491,0.3685256594032785,-0.007028753319564012,-0.009771054834734373,-0.004941680880063245,-0.005785336928988218,-0.0002619688988590137,0.365,-0.29,0.613,1.0,-0.008,0.022,-0.01,0.053,0.041,0.199,0.0,0.0,-0.003,0.28,-0.226,0.59,1.0,-0.009,0.001,-0.024,0.047,0.03,0.182,-0.1,-0.0,0.0,0.3703870011010662,-0.2778954048439463,0.6532489437746015,0.9998241482090621,-0.008925635809542948,-0.0123529630759213,-0.010927487664778185,0.0014297053200322029,0.07759316879478025,0.20519549633566736,0.0,0.0,0.011056168010823486,0.3383853336016727,-0.28462204375896727,0.6168946684262051,0.9997774916753445,-0.010742184383295703,-0.014095288064533263,-0.011440955747203347,-0.03273350443573066,0.05349784267918501,0.15827528018522505,0.0,0.0,0.012332614601031378,0.0,0.0,0.6554621848739496,1.0,0.0,0.0,0.0,26.304222573097874,0.0989575852881259,0.08,100.0,100.0,0.5,55.0,0.08,-0.43369311353444623,-0.4579229951002005,0.0018,0.0048,0.0052,0.0177
79,1763535101.491534,-0.017507136828832676,-0.026261403294998795,0.34420526636666376,-0.006676403886003257,-0.023236098922369865,0.032282604674943094,-0.08474939924274597,0.0010588718358473738,0.364,-0.29,0.629,1.0,-0.008,0.024,-0.01,-0.027,0.012,0.463,0.0,0.0,0.015,0.283,-0.223,0.602,1.0,-0.007,0.002,-0.024,0.038,0.046,0.176,-0.0,0.1,-0.0,0.35354665761901355,-0.2840641702779959,0.7195047835451455,0.9997917685475161,-0.010723505358973581,-0.014109504022571481,-0.010116712592702415,-0.07646698875429263,0.04121510064805523,0.4454635725276534,0.0,0.0,0.01254585074757617,0.3387095807887271,-0.283673612085858,0.6410922365252374,0.999798639631816,-0.010578362688643244,-0.012991857885307297,-0.011044911130727274,-0.04504838717205676,0.05880716249332396,0.18864323115984805,0.0,0.0,0.012137377524394985,0.0,0.0,0.6638655462184874,1.0,0.0,0.0,0.0,26.34618788785679,0.09876046225376547,0.08,100.0,100.0,0.5,55.0,0.08,-0.4389315345029735,-0.4609563488717961,0.0066,0.002,0.016,0.0131
80,1763535101.5474415,-0.015429905238294534,-0.031264319639806554,0.35881852891795407,-0.0064386471494096665,0.008635444269807434,-0.02764072205353864,0.10748683939311841,0.0005211432943676327,0.367,-0.287,0.643,1.0,-0.007,0.025,-0.009,0.052,0.056,0.294,0.0,0.0,0.009,0.286,-0.221,0.613,1.0,-0.003,0.001,-0.025,0.043,0.032,0.173,-0.1,-0.2,-0.1,0.3725806594197557,-0.27336358353167056,0.7009225636159909,0.9998102659400242,-0.010563958265531536,-0.01300357313389704,-0.009936900545616365,0.006521231817432611,0.07646957433822336,0.2399884412451032,0.0,0.0,0.011643825474118664,0.34243499239974884,-0.28049144560080486,0.657269367215146,0.9998536319877106,-0.0050478140134797645,-0.012310468472145432,-0.010755767785951128,-0.0438156125099141,0.0665102769646148,0.21317363855728735,0.0,0.0,0.012358685944920138,0.0,0.0,0.6722689075630252,1.0,0.0,0.0,0.0,26.35786303834604,0.09869035882838231,0.08,100.0,100.0,0.5,55.0,0.08,-0.44010348735324617,-0.4709970701583181,0.0029,0.0061,0.0056,0.0124
81,1763535101.6176813,-0.01573985131391803,-0.03172087863330216,0.3511764205934432,-0.0063023600645152646,-0.0030927209019469236,-0.0054092269314587015,-0.002328688730759261,3.75707095310381e-05,0.37,-0.272,0.663,1.0,-0.004,0.025,-0.01,0.027,0.051,0.416,0.0,0.0,0.009,0.288,-0.217,0.622,1.0,-0.003,0.004,-0.024,0.047,0.061,0.141,-0.1,0.1,0.0,0.3710448146524191,-0.26014816407163266,0.7382395507732574,0.9998646677456667,-0.00503451239876883,-0.01231591430731037,-0.009675646414019554,-0.014569186468137254,0.06726129910546896,0.32995168232415417,0.0,0.0,0.011227829625640227,0.3450333839110635,-0.2764816903041867,0.6798332261639569,0.9998631813990714,-0.003997716991027348,-0.012159734169722965,-0.010477480914273798,-0.045553187735563744,0.06926872353494114,0.23357109516637709,0.0,0.0,0.012299167581579555,0.0,0.0,0.680672268907563,1.0,0.0,0.0,0.0,26.385111474548093,0.09850080907761342,0.08,100.0,100.0,0.5,55.0,0.08,-0.441935656191513,-0.47896477804073234,0.0043,0.0023,0.0089,0.0149
82,1763535101.6783478,-0.013243752143652487,-0.02454939811969695,0.3676273856937192,-0.006319584270187272,0.010906510719935899,0.03268531470469581,0.11737246756072475,-0.0007163570348115655,0.367,-0.267,0.679,1.0,-0.004,0.027,-0.01,-0.045,0.077,0.242,0.0,0.0,-0.009,0.291,-0.215,0.628,1.0,-0.002,-0.0,-0.025,0.05,0.042,0.081,0.1,-0.2,-0.1,0.35410590896632593,-0.24999501492812481,0.7151643096636576,0.9998671825232218,-0.003992985305245365,-0.012161288770963853,-0.010088430842085357,-0.08404470788676255,0.09284579081175122,0.13150056956700545,0.0,0.0,0.009435666460413704,0.3440198738680122,-0.2712340928542689,0.69530857884023,0.9998877083180928,-0.004751846893782004,-0.009924006015033668,-0.010173731375671742,-0.05519462885860812,0.07504050036503798,0.1865202921410408,0.0,0.0,0.011794185866664393,0.0,0.0,0.6890756302521008,1.0,0.0,0.0,0.0,26.392891173494228,0.0984369564956644,0.08,100.0,100.0,0.5,55.0,0.08,-0.44171479650566103,-0.4805532673768941,0.0021,0.0024,0.0059,0.0143
83,1763535101.7599509,-0.014635366749141591,-0.034138514387941764,0.3571942779250223,-0.0060516851408789285,-0.008282448241810764,-0.05040052115319379,-0.015402800274112519,0.0007075372195229921,0.37,-0.265,0.691,1.0,-0.004,0.028,-0.01,0.076,0.05,0.327,0.0,0.0,0.014,0.293,-0.212,0.628,1.0,-0.0,0.0,-0.023,0.038,0.044,0.005,0.3,0.1,0.0,0.381260182273909,-0.2533801412490838,0.7492538073564586,0.9998993455929172,-0.004739769955377377,-0.00992977970845638,-0.00895727294256393,0.036956615148366546,0.06536566127573114,0.2679585679452473,0.0,0.0,0.01131621416934349,0.348381259553094,-0.2672834069870166,0.7127882587926085,0.9998858472641493,-0.00411377532084671,-0.010606003617128395,-0.009943941911410436,-0.0462911428376873,0.07637826472369796,0.18981446138636707,0.0,0.0,0.011469979322176076,0.0,0.0,0.6974789915966386,1.0,0.0,0.0,0.0,26.412361387295093,0.09826726563642156,0.08,100.0,100.0,0.5,55.0,0.08,-0.4441068819747424,-0.4928664516341969,0.0037,0.0049,0.0145,0.0162
84,1763535101.8252664,-0.016958151604639295,-0.03298884010283428,0.3868833179182488,-0.005800695640690878,-0.013077460952402678,0.00233451998674321,0.184164627758635,0.0006497789868523541,0.372,-0.263,0.691,1.0,-0.003,0.027,-0.01,0.029,0.033,-0.001,0.0,0.0,0.014,0.296,-0.209,0.628,1.0,0.002,0.003,-0.025,0.04,0.038,-0.015,0.1,0.0,-0.1,0.37393721855099754,-0.25494496463958066,0.6839376106622543,0.9998971166516791,-0.004100976474942106,-0.010610959055095797,-0.00873759987305074,-0.009124286232971767,0.046794753127954766,-0.06224961654826005,0.0,0.0,0.010997130694497368,0.3506976764420677,-0.2641947952929553,0.7150229637420484,0.9998869101535958,-0.003978049761719578,-0.010821232543430837,-0.009656238907022333,-0.045566331692402845,0.07451896646130164,0.12999097871655804,0.0,0.0,0.011213915845491666,0.0,0.0,0.7058823529411764,1.0,0.0,0.0,0.0,26.39146183287243,0.09843859001867902,0.08,100.0,100.0,0.5,55.0,0.08,-0.4476124148252792,-0.5001313862849786,0.0036,0.0045,0.0103,0.0195
85,1763535101.899101,-0.01088657160949311,-0.036831031752294234,0.3939710520595083,-0.0058792087303285254,0.028662084815266997,-0.022509842257583196,0.07412700249812244,-0.0009726350122573318,0.38,-0.252,0.686,1.0,-0.002,0.026,-0.01,0.07,0.1,-0.089,0.0,0.0,-0.01,0.299,-0.206,0.625,1.0,0.0,0.001,-0.023,0.032,0.046,-0.074,-0.1,0.0,0.1,0.39018050105537133,-0.23064801171398341,0.6667132124579144,0.9998898693767072,-0.0039746789686529145,-0.010822471102381015,-0.009344793425526769,0.029834044492233723,0.11389211625535776,-0.07681382032670642,0.0,0.0,0.008612777216796253,0.3551991856338838,-0.25764941466385705,0.7112706035086536,0.9999134391271703,-0.0032024539465649593,-0.008541043336798755,-0.009482041990701778,-0.038261573273581165,0.08236909300096472,0.09693788360406948,0.0,0.0,0.011033649955478595,0.0,0.0,0.7142857142857143,1.0,0.0,0.0,0.0,26.36226318862689,0.09866366036831302,0.08,100.0,100.0,0.5,55.0,0.08,-0.44543575454811735,-0.5103036535462722,0.002,0.0043,0.017,0.022
86,1763535101.9526174,-0.012208612820397754,-0.027641381546894554,0.387412411325283,-0.005711430605930894,-0.007698863215472536,0.04226514785176896,0.006603901534824375,0.0002509697489553116,0.378,-0.249,0.685,1.0,-0.001,0.027,-0.01,-0.043,0.063,-0.033,0.0,0.0,0.003,0.301,-0.204,0.624,1.0,0.002,-0.002,-0.026,0.037,0.026,-0.023,-0.0,-0.1,-0.0,0.36531489801550515,-0.2350216129175672,0.6788505607662131,0.9999203907570958,-0.0031959284656250786,-0.008543487215625202,-0.008718200250959807,-0.08704980298301006,0.0768989471349482,0.019404081899255507,0.0,0.0,0.009672570668076851,0.3544972372196778,-0.25281549621164584,0.7099958288174397,0.999890623185211,-0.0033592612606720717,-0.011079615939461624,-0.009203213607584368,-0.04813838076668949,0.08331197073450276,0.05354081243265363,0.0,0.0,0.0107014965594742,0.0,0.0,0.7226890756302521,1.0,0.0,0.0,0.0,26.348317128809207,0.09875593522093092,0.08,100.0,100.0,0.5,55.0,0.08,-0.4471030897991343,-0.5111812441953648,0.0057,0.0044,0.0098,0.0121
87,1763535102.0030515,-0.007072717392671756,-0.03818768263663127,0.3997973924411895,-0.005736259818550186,0.02445861585659021,-0.055495643603373036,0.10066614671206063,-0.0006952891236895466,0.385,-0.241,0.671,1.0,-0.001,0.024,-0.011,0.109,0.115,-0.207,0.0,0.0,-0.015,0.304,-0.202,0.627,1.0,0.002,0.006,-0.024,0.045,0.04,0.072,-0.0,0.2,-0.0,0.40207344603731465,-0.2165560956493019,0.6408982237606046,0.9998914766612772,-0.003358228529547588,-0.011079929003687563,-0.00911001506844496,0.06187434847530008,0.12794735149083414,-0.09897426586901961,0.0,0.0,0.007967750784421914,0.36077694534339566,-0.24551191549285176,0.698459172111438,0.9998889797806303,-0.004172390154443638,-0.011006423149466477,-0.00913662536739653,-0.03729735380143486,0.09256736110235163,0.046336904808984704,0.0,0.0,0.010226144331375281,0.0,0.0,0.7310924369747899,1.0,0.0,0.0,0.0,26.308536214822954,0.09896005520240833,0.08,100.0,100.0,0.5,55.0,0.08,-0.44444226669487474,-0.5246829561252949,0.0013,0.0012,0.0061,0.0074
88,1763535102.081898,-0.010355040182607557,-0.03286643596473108,0.37323357244097427,-0.005562027449362369,-0.01711888568894619,0.022787465095837824,-0.09283936075695713,0.0002975358640840591,0.385,-0.239,0.674,1.0,-0.001,0.025,-0.011,0.001,0.063,0.097,0.0,0.0,-0.002,0.307,-0.2,0.634,1.0,0.004,0.003,-0.024,0.051,0.026,0.132,-0.0,-0.2,-0.0,0.3804645542755265,-0.22521539354163198,0.7042040520490828,0.9998940140205365,-0.004166130213014012,-0.01100879417530465,-0.008567994850219028,-0.04631531350848714,0.07282874471386255,0.2137253868440183,0.0,0.0,0.009050965344649789,0.36213968767139565,-0.24063258343003502,0.7011453106920335,0.9998802886604878,-0.0023853772127467405,-0.012424655171919945,-0.008907652195228833,-0.04440778724693079,0.09224384966842263,0.08697076795217516,0.0,0.0,0.010219034610405435,0.0,0.0,0.7394957983193277,1.0,0.0,0.0,0.0,26.308842384551614,0.09895841416815238,0.08,100.0,100.0,0.5,55.0,0.08,-0.44707584547957396,-0.5294870446735622,0.002,0.0018,0.012,0.0118
89,1763535102.1407628,-0.009416013382072493,-0.03483596305933301,0.3780160751494465,-0.005471507622452318,0.0036596299844145683,-0.013134279069482703,0.061235870786458625,-0.00010360361038597903,0.388,-0.233,0.678,1.0,-0.0,0.024,-0.011,0.047,0.089,0.055,0.0,0.0,-0.008,0.31,-0.198,0.645,1.0,0.005,-0.001,-0.023,0.046,0.025,0.187,0.0,0.1,0.1,0.39277898423221524,-0.21440579073831,0.6982294723157,0.9998832321786817,-0.002381192263292492,-0.012425457898743386,-0.008570876695199367,0.0004143746061070117,0.09542427417034642,0.1266220436352363,0.0,0.0,0.008325755555347484,0.3654330227319034,-0.23455407842590967,0.7030654593834096,0.9999104546802361,-0.0023445371784036823,-0.009850163702114223,-0.00874985952025922,-0.0426737072920008,0.0946151506802127,0.102660191930173,0.0,0.0,0.009977081625878738,0.0,0.0,0.7478991596638656,1.0,0.0,0.0,0.0,26.300265630248,0.09898597837006641,0.08,100.0,100.0,0.5,55.0,0.08,-0.4473991955407661,-0.5382356308223113,0.0081,0.0012,0.0041,0.0068
90,1763535102.2157688,-0.011488060710307828,-0.03298508105996524,0.37140849457086894,-0.0053486468486849395,-0.01130183797938392,0.005770813690905567,0.004763704622056898,6.715310659166011e-05,0.389,-0.229,0.687,1.0,0.0,0.026,-0.011,0.014,0.065,0.147,0.0,0.0,-0.003,0.313,-0.197,0.659,1.0,0.004,0.001,-0.023,0.044,0.021,0.213,0.0,0.1,-0.0,0.38708828223970754,-0.2154766205319867,0.7246624653073194,0.9999148110588707,-0.0023394846048992324,-0.009851364947194128,-0.008236992507193347,-0.0330717753122779,0.06964514597625542,0.20294238658761973,0.0,0.0,0.008591109368469555,0.36721716708611263,-0.22959306931997236,0.7094162472651229,0.9998846302847431,-0.000596182654312949,-0.012551704664029375,-0.008533779737743679,-0.04681383300199204,0.09209892008847832,0.15221772810937342,0.0,0.0,0.00995534144289157,0.0,0.0,0.7563025210084033,1.0,0.0,0.0,0.0,26.298360332055985,0.09899145001427082,0.08,100.0,100.0,0.5,55.0,0.08,-0.4498373606743915,-0.5444506483109489,0.006,0.0025,0.0054,0.0142
91,1763535102.2735023,-0.01490552113504456,-0.0351009941376197,0.35659932770494374,-0.005123718136131139,-0.01823610819471445,-0.013878073494268825,-0.03690498487253919,0.0005897788779005093,0.392,-0.226,0.71,1.0,0.002,0.027,-0.011,0.041,0.041,0.342,0.0,0.0,0.005,0.316,-0.196,0.673,1.0,0.005,0.003,-0.023,0.053,0.013,0.227,0.2,-0.0,-0.0,0.3955462546175523,-0.2174135252246614,0.7779932371258363,0.9998910606611453,-0.0005862654797161474,-0.012552171784898963,-0.007743777256577217,-0.005148828216389217,0.045183228211730486,0.33942552386671015,0.0,0.0,0.009061935655756291,0.3701371517346017,-0.2258605950377058,0.7272775049985353,0.9998998742168014,-0.0010319659554439838,-0.011400251275548978,-0.008319306362053731,-0.04610304213292518,0.08575186303127932,0.17259268318509866,0.0,0.0,0.009775967121941637,0.0,0.0,0.7647058823529411,1.0,0.0,0.0,0.0,26.32347746774896,0.098894541037768,0.08,100.0,100.0,0.5,55.0,0.08,-0.4539748282357871,-0.5534639004042452,0.0024,0.0035,0.0062,0.0076
92,1763535102.353976,-0.016126133124505313,-0.036192029718511556,0.35708285689783126,-0.0049626982496124095,-0.007593612060808212,-0.008965277318221304,0.03807757873493203,0.00029272761898053133,0.392,-0.226,0.71,1.0,0.002,0.027,-0.011,0.041,0.041,0.342,0.0,0.0,0.005,0.318,-0.195,0.688,1.0,0.002,0.003,-0.023,0.051,0.005,0.232,-0.1,-0.1,0.0,0.39564360888448274,-0.2173467822132796,0.778596583161278,0.999906032242517,-0.001023114059147758,-0.011401049096500976,-0.00754294386484031,-0.0038850956066245165,0.04655628036075687,0.31534991518798144,0.0,0.0,0.00875165531622169,0.37286813046805695,-0.22252079618613999,0.743856559006458,0.9998975420120029,-0.0007315547002563759,-0.011773468206152313,-0.008108992075107796,-0.045584645071370514,0.08026720319523004,0.20465138664597443,0.0,0.0,0.009624149662508935,0.0,0.0,0.7731092436974789,1.0,0.0,0.0,0.0,26.343018311069784,0.09880212190279813,0.08,100.0,100.0,0.5,55.0,0.08,-0.45763619461595034,-0.5622383350067346,0.0086,0.0041,0.0064,0.0144
93,1763535102.4042091,-0.015972463960428594,-0.03152760056351858,0.3681421114933319,-0.004902772862595489,-0.0008442674920669515,0.01970294280311371,0.09100455866728649,-0.00019664288987663843,0.397,-0.224,0.751,1.0,0.001,0.029,-0.011,-0.011,0.045,0.226,0.0,0.0,-0.005,0.321,-0.195,0.7,1.0,0.003,0.003,-0.024,0.045,0.002,0.211,-0.1,-0.1,-0.0,0.39037353014719295,-0.21437383602301263,0.7916653201028172,0.9999006333525869,-0.000726955554582607,-0.011773753076330759,-0.007718399783291132,-0.055376202981667774,0.05308698508011584,0.1654302839743478,0.0,0.0,0.0076376456211645185,0.3735202692502976,-0.21922204180098917,0.7579827210310012,0.999903700106115,-0.0012860538674681814,-0.011319139383241908,-0.00792550712404901,-0.05202861629663568,0.07625540283346005,0.20462098076984678,0.0,0.0,0.009384100129268082,0.0,0.0,0.7815126050420168,1.0,0.0,0.0,0.0,26.34584909629228,0.09878365985094117,0.08,100.0,100.0,0.5,55.0,0.08,-0.4605890967323851,-0.566617697839428,0.0018,0.0031,0.0068,0.0055
94,1763535102.4740813,-0.019119723949598186,-0.03204109496177705,0.3506950992484143,-0.004764619503539786,-0.017333546341890823,-0.005720232047644224,-0.05042085007525493,0.00020048950901896596,0.398,-0.223,0.771,0.999,0.001,0.031,-0.011,0.007,0.01,0.425,0.0,0.0,0.003,0.324,-0.195,0.708,1.0,0.005,0.005,-0.023,0.049,0.005,0.138,0.0,0.2,0.0,0.3949914133048471,-0.22004297691144292,0.8476054490281062,0.9999087452653505,-0.001278532921746971,-0.011319991364629967,-0.007261149423139785,-0.03741462419486514,0.02111223256635867,0.36038222582502427,0.0,0.0,0.008157094257694512,0.3748484113998237,-0.21768922837979893,0.7816169537380253,0.9998976462121943,-0.002422321728669664,-0.0117934054674825,-0.007729491848485667,-0.05453721720204581,0.06870063070897596,0.20801397261494944,0.0,0.0,0.009077783860061283,0.0,0.0,0.7899159663865546,1.0,0.0,0.0,0.0,26.37809931358404,0.09856577334859437,0.08,100.0,100.0,0.5,55.0,0.08,-0.4660478235396611,-0.5732483059205246,0.0015,0.0016,0.0093,0.0079
95,1763535102.5401795,-0.01839638122215904,-0.034829894246143474,0.37764741627310716,-0.0047560235875691,0.001704741242235905,-0.017148105918009776,0.16983109504830549,-0.0004334823705005495,0.401,-0.222,0.787,0.999,0.001,0.031,-0.011,0.038,0.023,0.103,0.0,0.0,-0.007,0.328,-0.195,0.716,1.0,0.003,0.002,-0.023,0.054,-0.005,0.106,0.1,0.0,-0.0,0.4041497469688674,-0.21616400038786823,0.8018893039921581,0.9998998131972482,-0.0024189530820347676,-0.011794096873629024,-0.0074438909872884245,-0.005065525191067807,0.03644967527138597,0.03565257355061746,0.0,0.0,0.007123112621791807,0.37761031947764406,-0.21579733278218963,0.79056719284667,0.9998923845722077,-0.003157781915092386,-0.01215691987437636,-0.00758003872344013,-0.052825708779969005,0.06505578096697405,0.17123557409066847,0.0,0.0,0.008750566008917235,0.0,0.0,0.7983193277310924,1.0,0.0,0.0,0.0,26.367325840491322,0.09864140341500138,0.08,100.0,100.0,0.5,55.0,0.08,-0.4698242249623907,-0.5818278927518242,0.0026,0.003,0.007,0.0064
96,1763535102.6363418,-0.02811386355277406,-0.03351912221167031,0.3760004595196196,-0.004242743191032676,-0.050427049775291,0.0030708707477514613,0.02952995785987277,0.002090799623925217,0.402,-0.225,0.792,0.999,0.001,0.032,-0.01,0.008,-0.079,0.125,0.0,0.0,0.03,0.331,-0.195,0.719,1.0,0.003,0.001,-0.021,0.052,-0.006,0.056,0.1,0.0,0.0,0.3993334995739198,-0.2393580185703038,0.812941319614368,0.9999034317838775,-0.0031379209342373197,-0.012162061489145937,-0.005946832717440808,-0.034550891410619816,-0.06318224770311076,0.1001545654086741,0.0,0.0,0.010164092589411634,0.3789570514046177,-0.21874310558536472,0.7992018689117224,0.9999100430601936,-0.0031613388290778,-0.010808572506259419,-0.007286047251180148,-0.055445155835093386,0.04784722619216496,0.16182842849027257,0.0,0.0,0.008744573058113617,0.0,0.0,0.8067226890756303,1.0,0.0,0.0,0.0,26.36117010187677,0.09868414126748973,0.08,100.0,100.0,0.5,55.0,0.08,-0.48116257379607524,-0.5881556510265313,0.0058,0.0043,0.0147,0.0243
97,1763535102.6877394,-0.0225047562354348,-0.03906517082838422,0.3818216216587801,-0.004388206244949295,0.025234150231418888,-0.03108215530473653,0.06670585664776459,-0.001151589588686365,0.414,-0.225,0.79,0.999,0.0,0.031,-0.01,0.064,0.015,0.061,0.0,0.0,-0.008,0.334,-0.196,0.723,1.0,0.001,-0.0,-0.023,0.076,-0.019,0.074,-0.1,-0.1,-0.1,0.4226781659450853,-0.22033715774470292,0.7974520369270218,0.9999116408713091,-0.003158931675760592,-0.010809276270092205,-0.00706336656495173,0.0216184326580144,0.0344319516057853,0.04721082838040287,0.0,0.0,0.006359870955021081,0.3834489780653052,-0.21774105983729053,0.8046641924152883,0.9999101094793186,-0.0043452439780446795,-0.010480802495446265,-0.007144550012408279,-0.04781852852532079,0.04689370181722945,0.1110101571716355,0.0,0.0,0.008411246281678789,0.0,0.0,0.8151260504201681,1.0,0.0,0.0,0.0,26.352745618892914,0.09874051380989131,0.08,100.0,100.0,0.5,55.0,0.08,-0.4839705852657058,-0.5986324339679825,0.0103,0.0048,0.0091,0.009
98,1763535102.7429287,-0.023304814622252475,-0.037554101829751524,0.3694010900609956,-0.004177335663030331,-0.006250767557631848,0.003648827910325043,-0.02392049582304459,0.0006155322850998861,0.415,-0.226,0.798,0.999,-0.0,0.031,-0.01,0.022,-0.019,0.149,0.0,0.0,0.007,0.338,-0.197,0.725,1.0,0.009,0.003,-0.02,0.065,-0.004,0.014,0.4,0.1,0.2,0.41499787482347694,-0.22763421842483422,0.8320006859963658,0.9999152054190233,-0.0043373514029215,-0.01048407120277524,-0.00639168253711259,-0.023153943092002572,0.00546036941626837,0.19340901103439442,0.0,0.0,0.007622417383940438,0.38603700871837865,-0.21837788180381953,0.8123348852508762,0.9999031492507021,-0.004411027766935832,-0.011208075621368583,-0.006972373586737614,-0.04869986166156541,0.04225706244797761,0.13135589894699679,0.0,0.0,0.008352459310907626,0.0,0.0,0.8235294117647058,1.0,0.0,0.0,0.0,26.354538136040873,0.09872428616175243,0.08,100.0,100.0,0.5,55.0,0.08,-0.48948435956256087,-0.6056320573020498,0.0021,0.0019,0.0095,0.0088
99,1763535102.8079693,-0.026722600203451706,-0.04678227004583689,0.3851861838532423,-0.004098207470972298,-0.019419409368221376,-0.04989625126340198,0.1158655779673333,-2.2092606012863187e-05,0.423,-0.229,0.797,0.999,-0.001,0.031,-0.01,0.126,-0.055,-0.007,0.0,0.0,0.005,0.341,-0.197,0.732,1.0,0.001,0.004,-0.024,0.06,-0.008,0.1,0.1,0.1,-0.1,0.44364865255027575,-0.237350718340343,0.7987309168114682,0.9999075005672262,-0.004403687476884657,-0.011210961676008215,-0.006317609065746748,0.07919416216324443,-0.027793656976790745,0.014817833169758605,0.0,0.0,0.007182453989381951,0.39348912954920723,-0.22088309668814066,0.8131505590502607,0.9998912785700996,-0.007462978242010991,-0.010710926025688771,-0.006856461104880503,-0.034463873140359425,0.034959521514038736,0.11731005024036262,0.0,0.0,0.007720261001390323,0.0,0.0,0.8319327731092436,1.0,0.0,0.0,0.0,26.33459940664461,0.09884134412545309,0.08,100.0,100.0,0.5,55.0,0.08,-0.49733016472260005,-0.6203055379313674,0.0019,0.0037,0.007,0.0079
100,1763535102.873784,-0.0386203400148841,-0.04226662485991246,0.37294825501702034,-0.0035728264096605137,-0.06216095907750715,0.017899998925038452,-0.022671025795785622,0.002217084559461693,0.424,-0.235,0.802,0.999,-0.002,0.032,-0.01,0.036,-0.161,0.135,0.0,0.0,0.024,0.345,-0.198,0.738,1.0,-0.0,0.003,-0.023,0.065,-0.008,0.114,-0.1,-0.1,0.0,0.42637572314042405,-0.26436763788037065,0.8321830846442425,0.9998996336275578,-0.007448492245332314,-0.010721004796180763,-0.005504787998387266,-0.015051582752228947,-0.1321355018973275,0.17356128276083554,0.0,0.0,0.008651301694774847,0.3968694247544434,-0.22833507289801522,0.8200420339564414,0.9998802084185341,-0.006340694473354339,-0.0124606488595445,-0.006640529836066684,-0.03622937017305938,0.014607777169182722,0.13525378490905512,0.0,0.0,0.007800100106593035,0.0,0.0,0.8403361344537815,1.0,0.0,0.0,0.0,26.333410700912392,0.09884311095632016,0.08,100.0,100.0,0.5,55.0,0.08,-0.5129271239424383,-0.6274740086286993,0.0021,0.0019,0.007,0.0088
101,1763535102.9921336,-0.023881252272775443,-0.0428846919774933,0.38081913661386835,-0.003827979845331692,0.06983340470905487,-0.007316998073895471,0.07664923348594185,-0.001633049819321942,0.429,-0.233,0.806,0.999,-0.001,0.031,-0.01,0.07,0.033,0.055,0.0,0.0,-0.016,0.349,-0.199,0.745,1.0,-0.001,-0.001,-0.023,0.055,-0.012,0.119,-0.1,0.1,0.0,0.437769410961315,-0.22356337689487302,0.8184834133355381,0.9998792615397669,-0.006342452509668546,-0.012459754113460392,-0.006781604993305158,0.015048855474255364,0.0650497852950052,0.07423860522059905,0.0,0.0,0.004624647015724045,0.4017981588558886,-0.22709229918952872,0.8239569419016678,0.9998786968745556,-0.006773891448597596,-0.012365011056939504,-0.006619096059524283,-0.03317450836189687,0.02418330698132379,0.11612151540623264,0.0,0.0,0.007371100757827167,0.0,0.0,0.8487394957983193,1.0,0.0,0.0,0.0,26.32317813272413,0.09889488826580256,0.08,100.0,100.0,0.5,55.0,0.08,-0.5121701356064219,-0.6369328581280882,0.0023,0.0104,0.0492,0.009
102,1763535103.0548692,-0.017541525350216105,-0.04293560997971591,0.3802707720935052,-0.00405828360381272,0.029310509385519164,-0.004543059208862412,0.03534009105957117,-0.0015343167769383036,0.429,-0.233,0.806,0.999,-0.001,0.031,-0.01,0.07,0.033,0.055,0.0,0.0,-0.016,0.349,-0.199,0.745,1.0,-0.001,-0.001,-0.023,0.055,-0.012,0.119,-0.1,0.1,0.0,0.4372262092518339,-0.22290518967584264,0.8219581385778153,0.9998776115770484,-0.00677589427915517,-0.012363913640645185,-0.006781059148952907,0.011443462623537407,0.07053631874772949,0.09886439824492932,0.0,0.0,0.0047477716214595934,0.40648046311737185,-0.2257920641549389,0.8266968322512424,0.99982905034029,-0.008013971466774773,-0.015278703250948747,-0.006648878396619935,-0.033282379208007806,0.033756797166419994,0.1300872934468006,0.0,0.0,0.007131049777357293,0.0,0.0,0.8571428571428571,1.0,0.0,0.0,0.0,26.310646714245554,0.09895415604421187,0.08,100.0,100.0,0.5,55.0,0.08,-0.5122861924006508,-0.6462728676623761,0.0076,0.0053,0.0186,0.0294
103,1763535103.0780518,-0.02260145692428871,-0.04411868968524163,0.37856882359482397,-0.003898426382831286,-0.027053810405384637,-0.010208959525600157,0.029517334715944303,0.0003934577445258967,0.436,-0.237,0.813,0.999,-0.002,0.03,-0.01,0.081,-0.043,0.089,0.0,0.0,0.008,0.355,-0.2,0.759,1.0,-0.003,-0.0,-0.024,0.047,-0.002,0.138,-0.0,0.2,-0.0,0.4463123496447221,-0.24163248742175086,0.8325862589956677,0.9998335010150725,-0.008003167936263609,-0.015284365040288527,-0.00594203132289888,0.021833770135742253,-0.006184340538260144,0.11820379575062906,0.0,0.0,0.007038691002092754,0.41177831639091045,-0.22804326204901493,0.8319504866427636,0.9997993810215964,-0.011966441739099214,-0.01461326197482844,-0.006667424944629695,-0.03203227390225066,0.03370694679457298,0.12117454534323539,0.0,0.0,0.006542817679939412,0.0,0.0,0.8655462184873949,1.0,0.0,0.0,0.0,26.30451220266171,0.09897761666465886,0.08,100.0,100.0,0.5,55.0,0.08,-0.5191204872895319,-0.6566044072800952,0.002,0.0018,0.0068,0.0085
104,1763535103.1775403,-0.034367402647844436,-0.05016357198790675,0.38624336561237954,-0.003551349615812088,-0.061089874310207515,-0.034636280481849774,0.07622959244726057,0.0013455411968128642,0.447,-0.246,0.818,1.0,-0.004,0.029,-0.009,0.133,-0.139,-0.006,0.0,0.0,0.023,0.359,-0.199,0.772,1.0,-0.0,0.001,-0.024,0.047,0.001,0.173,-0.0,-0.0,-0.0,0.467679190299067,-0.2702693086884663,0.8214965041701278,0.9998071041593507,-0.011947705589906578,-0.014628584503537507,-0.00538621565230185,0.07347217844174751,-0.10789844774138556,0.03733031257111229,0.0,0.0,0.008238345276257686,0.4197782638125212,-0.23488520317046166,0.8325651281152636,0.999836308630907,-0.008291354663311669,-0.014697489139925246,-0.006526346156209676,-0.023484724949737527,0.01983009094655817,0.11710344527111059,0.0,0.0,0.006753897879524361,0.0,0.0,0.8739495798319328,1.0,0.0,0.0,0.0,26.28437098358262,0.09905888069204902,0.08,100.0,100.0,0.5,55.0,0.08,-0.5330184362869741,-0.6706617854105161,0.0094,0.0131,0.0263,0.0075
105,1763535103.2575362,-0.023418073522697563,-0.0454415858348155,0.373500815221262,-0.003875539589124247,0.05130990536094993,0.018593573566665515,-0.025088415394349788,-0.0019760848281420045,0.452,-0.243,0.829,1.0,-0.003,0.03,-0.01,0.053,0.033,0.132,0.0,0.0,-0.014,0.361,-0.199,0.783,1.0,0.002,-0.001,-0.025,0.043,0.003,0.169,0.1,0.1,-0.0,0.45663160880526704,-0.23371559172204856,0.8593342053359223,0.999835790066622,-0.008292515434143242,-0.014696834249100612,-0.006605312459130332,-0.008537333513300997,0.06154364711532468,0.18060302595862682,0.0,0.0,0.00470454755333832,0.4242609354085,-0.23378390048287354,0.8399815102408477,0.9998526355767856,-0.0057602938295359275,-0.014804919124757347,-0.006506958956553785,-0.027606095298312337,0.028964627337799195,0.12989120733715603,0.0,0.0,0.006889501206565301,0.0,0.0,0.8823529411764706,1.0,0.0,0.0,0.0,26.283954941562275,0.09905708154477522,0.08,100.0,100.0,0.5,55.0,0.08,-0.5328649242264911,-0.6782077520080747,0.0123,0.0084,0.0205,0.0291
106,1763535103.3098404,-0.018900242141429525,-0.04316375668113358,0.3734719877324426,-0.004033062647642899,0.020247349554070444,0.006844987184928111,0.03720594407802908,-0.001175169251505685,0.452,-0.243,0.829,1.0,-0.003,0.03,-0.01,0.053,0.033,0.132,0.0,0.0,-0.014,0.361,-0.199,0.783,1.0,0.002,-0.001,-0.025,0.043,0.003,0.169,0.1,0.1,-0.0,0.45637919275722955,-0.2335094606440417,0.8594800036432909,0.9998519920665518,-0.005761746985763591,-0.01480435364901959,-0.00660509994283698,-0.01055048936480304,0.06442983754713619,0.16504757014937693,0.0,0.0,0.00493959528893881,0.42833917620558515,-0.23260901137945872,0.8471241921685099,0.9998423016369679,-0.006516056743293122,-0.015174517212651778,-0.006530458572830879,-0.03153034997243965,0.03593443284739045,0.13762476215020147,0.0,0.0,0.006720075447350184,0.0,0.0,0.8907563025210083,1.0,0.0,0.0,0.0,26.282063412874745,0.0990612220444073,0.08,100.0,100.0,0.5,55.0,0.08,-0.533327903694069,-0.6859644838021726,0.0077,0.0056,0.0219,0.0154
107,1763535103.3562987,-0.01750519230726432,-0.04147709918646507,0.3668466426169151,-0.004029481457201871,0.005085224956683079,0.004116911805229172,0.004220473195606551,-0.0003854003125591483,0.456,-0.241,0.849,0.999,-0.003,0.031,-0.01,0.042,0.026,0.197,0.0,0.0,-0.006,0.367,-0.199,0.811,1.0,-0.004,-0.004,-0.025,0.033,0.002,0.219,-0.1,-0.1,-0.0,0.45788662703452876,-0.23237303818252172,0.8922983106637128,0.9998435630017855,-0.006513080975523665,-0.015175794685127777,-0.006334394665314134,-0.02217010232966298,0.0582572647472202,0.2201168290363973,0.0,0.0,0.005856105277548038,0.43190265357324237,-0.23161268009806132,0.8579686818912206,0.9997791699097035,-0.010224995480448813,-0.017128722915235862,-0.006608156579705882,-0.03828121174136997,0.04400449850070777,0.16751205147225784,0.0,0.0,0.006309241431424106,0.0,0.0,0.8991596638655461,1.0,0.0,0.0,0.0,26.285836350295796,0.09904051516122413,0.08,100.0,100.0,0.5,55.0,0.08,-0.5351195312595,-0.6934663801252043,0.0131,0.0031,0.0053,0.01
108,1763535103.4299693,-0.023530213199003218,-0.043546860690318906,0.3743487171330451,-0.0038221374823439254,-0.031875623689420915,-0.014496517437915721,0.07419503684234201,0.0006337717285695407,0.459,-0.243,0.855,0.999,-0.003,0.03,-0.01,0.07,-0.041,0.138,0.0,0.0,0.007,0.369,-0.199,0.826,1.0,-0.001,-0.001,-0.024,0.037,0.004,0.242,-0.0,-0.2,-0.0,0.4666988739053843,-0.2481021032978924,0.881935675963548,0.9997835473597818,-0.010213012479266516,-0.01713587048796971,-0.005908870231166311,0.008972636506225791,-0.013885915249627227,0.12497571859198062,0.0,0.0,0.007050963712973246,0.43647738526442287,-0.23353060320877075,0.8668329990979597,0.9998190566598942,-0.007657506019964523,-0.0161499586477146,-0.006511173239175187,-0.03973010295927573,0.04120152222195424,0.16048304279456022,0.0,0.0,0.006634250370067301,0.0,0.0,0.907563025210084,1.0,0.0,0.0,0.0,26.281308433941298,0.09905400806435181,0.08,100.0,100.0,0.5,55.0,0.08,-0.5423303607907908,-0.7033603111793094,0.0159,0.0096,0.0079,0.0077
109,1763535103.4797366,-0.026879933671970457,-0.044926621923706264,0.3749382156217022,-0.00370324943945553,-0.01910162368473653,-0.011253492235968676,0.04038236415659014,0.0002122264662075818,0.459,-0.243,0.855,0.999,-0.003,0.03,-0.01,0.07,-0.041,0.138,0.0,0.0,0.007,0.37,-0.198,0.841,1.0,-0.003,-0.002,-0.025,0.029,0.002,0.249,-0.0,-0.1,-0.0,0.46706122729524824,-0.2488436983718237,0.8816798001494262,0.9998233728593341,-0.00764618990425522,-0.016155319331933676,-0.005810724689438932,0.011584633601102026,-0.01860773255035868,0.13210161223897066,0.0,0.0,0.006818068548758748,0.44067222461828015,-0.23532614728850954,0.8748284385446864,0.9998475373597898,-0.005669503539340011,-0.015221797842624105,-0.006407467176604255,-0.04017873698621311,0.03632693219677874,0.15715788146977774,0.0,0.0,0.006899497698811375,0.0,0.0,0.9159663865546218,1.0,0.0,0.0,0.0,26.277000203254072,0.09906758027391421,0.08,100.0,100.0,0.5,55.0,0.08,-0.5490260860273438,-0.7131604366416762,0.0019,0.0018,0.013,0.0088
110,1763535103.554033,-0.02709153004401506,-0.04462996349477211,0.36426757177985974,-0.0036810142113373034,-0.003745975227420045,-0.0030093700476997963,-0.01585939764704168,-0.0002591488033544195,0.464,-0.245,0.879,0.999,-0.004,0.03,-0.01,0.052,-0.023,0.233,0.0,0.0,0.002,0.372,-0.198,0.855,1.0,-0.0,-0.004,-0.025,0.02,0.004,0.24,0.1,0.0,-0.0,0.468700864986231,-0.24750777329843862,0.9239149609707807,0.9998506393355673,-0.005661832062222093,-0.015224652956422311,-0.005903610786034759,-0.005478880581191855,-0.00026360708883126885,0.22775294915779726,0.0,0.0,0.006186192107346578,0.4441189611061541,-0.2364294478270658,0.8882918197054077,0.9998663867590033,-0.004566959345153106,-0.014370228399140452,-0.0063125309972686654,-0.041787906132813704,0.0329200049217451,0.15650943344276072,0.0,0.0,0.006957934163595684,0.0,0.0,0.9243697478991596,1.0,0.0,0.0,0.0,26.28764359937309,0.0990035765519052,0.08,100.0,100.0,0.5,55.0,0.08,-0.5539767377749285,-0.7217632230039205,0.002,0.0074,0.0134,0.0081
111,1763535103.6149435,-0.02700812865121814,-0.044601289532929,0.362875262653647,-0.003648254131683416,-0.0022921460404168696,-0.004319626540261683,0.02946521154692222,-0.00020430102286429492,0.464,-0.245,0.879,0.999,-0.004,0.03,-0.01,0.052,-0.023,0.233,0.0,0.0,0.002,0.372,-0.198,0.869,1.0,-0.003,-0.001,-0.024,0.008,0.002,0.229,0.0,0.1,-0.0,0.4686338474848906,-0.2471977629229826,0.9260261968216527,0.9998693432801489,-0.004559958313462545,-0.014372451498725883,-0.005825443040665471,-0.005789588381568234,0.0031424777637737117,0.22259344480880708,0.0,0.0,0.006091756973640605,0.4472922066314671,-0.23754100255451305,0.900478849559722,0.9998550016351502,-0.005993233384975649,-0.014656980388181851,-0.006263368476097999,-0.04352377544482117,0.030594338319978744,0.17037285638468128,0.0,0.0,0.0067422883846890505,0.0,0.0,0.9327731092436974,1.0,0.0,0.0,0.0,26.295745001610047,0.09895119256444188,0.08,100.0,100.0,0.5,55.0,0.08,-0.5586632333565451,-0.7303718813932989,0.008,0.0017,0.008,0.0083
112,1763535103.6832538,-0.020798547304588934,-0.04246447279985436,0.36086969239161754,-0.0037301766012320533,0.028347093868024205,0.006223954712080308,0.026259674955217426,-0.0007744377609115317,0.469,-0.24,0.915,0.999,-0.002,0.031,-0.01,0.028,0.033,0.241,0.0,0.0,-0.004,0.373,-0.198,0.882,1.0,-0.003,-0.004,-0.026,0.007,-0.003,0.215,-0.1,-0.3,-0.1,0.46879877221013144,-0.23057761695188048,0.9613550887425883,0.9998566021685534,-0.005989408075783811,-0.014658543972989598,-0.006002431128199667,-0.029775458481112325,0.06224539767826199,0.2084855492815505,0.0,0.0,0.0055339291333100825,0.449540623120792,-0.23584805323599892,0.9150704350807662,0.9998387031320364,-0.0074329482123899485,-0.01509569170027221,-0.00628005511202277,-0.04872146184041459,0.0384036970059363,0.18368197436683453,0.0,0.0,0.0065191079484308,0.0,0.0,0.9411764705882353,1.0,0.0,0.0,0.0,26.304013124204026,0.09889658942992215,0.08,100.0,100.0,0.5,55.0,0.08,-0.5592519398904414,-0.7373451687777959,0.0055,0.0019,0.0107,0.0112
113,1763535103.7443988,-0.018008298550668596,-0.041616476429165196,0.36236032154934095,-0.003777523947756737,0.011871389039142793,-6.465426539658398e-06,0.04354011502777912,-0.0006097543927466215,0.469,-0.24,0.915,0.999,-0.002,0.031,-0.01,0.028,0.033,0.241,0.0,0.0,-0.004,0.373,-0.198,0.892,1.0,-0.005,-0.006,-0.024,-0.001,0.003,0.163,-0.2,-0.0,0.0,0.4688785289419754,-0.23039901987154493,0.9576841755691873,0.9998403083270151,-0.00742900759339259,-0.015097631377638466,-0.006019071149414715,-0.02874587491780589,0.06231805365634625,0.18397923095862126,0.0,0.0,0.005620169645575726,0.4515145638734702,-0.23413842857052788,0.9291270576278812,0.9998348851761674,-0.007953899105502643,-0.0150832625897384,-0.006279575099363216,-0.05294706407030419,0.04576991825221767,0.17568877087140605,0.0,0.0,0.006417970724033747,0.0,0.0,0.9495798319327731,1.0,0.0,0.0,0.0,26.31287738976721,0.09883262482203381,0.08,100.0,100.0,0.5,55.0,0.08,-0.5604892816689958,-0.7445909486753834,0.0021,0.0053,0.0071,0.0077
114,1763535103.816345,-0.028481109898191918,-0.03846960360668504,0.35878821980493136,-0.0034902268165551854,-0.05416488659268348,0.011572716469484313,0.01837552343288612,0.00105873326123208,0.468,-0.25,0.948,0.999,-0.003,0.033,-0.009,-0.004,-0.078,0.248,0.0,0.0,0.013,0.372,-0.197,0.901,1.0,-0.004,-0.001,-0.023,-0.012,0.015,0.122,0.1,0.2,0.1,0.4615619173008734,-0.26271442541254153,0.9918867678396781,0.9998400632352277,-0.007940513217359033,-0.01509031381968129,-0.00539246033312508,-0.05946364101955263,-0.05167454249473903,0.19171123104937354,0.0,0.0,0.007122387762394191,0.4518058508281954,-0.2379488204850879,0.9447160100352657,0.9998358983122893,-0.007934322794970815,-0.015103430566322629,-0.0060917446574248425,-0.06122128605875021,0.03621750377369817,0.17100316233492321,0.0,0.0,0.0064232254595117414,0.0,0.0,0.9579831932773109,1.0,0.0,0.0,0.0,26.323964713092284,0.0987503131561263,0.08,100.0,100.0,0.5,55.0,0.08,-0.5702376828234217,-0.7499853434080798,0.0023,0.0033,0.0079,0.0158
115,1763535103.8733141,-0.03319773573151395,-0.03741547187172502,0.3587682464453443,-0.003307383365348514,-0.026431240156429357,0.0014236983141316002,0.03577895518255772,0.0005651945743778347,0.468,-0.25,0.948,0.999,-0.003,0.033,-0.009,-0.004,-0.078,0.248,0.0,0.0,0.013,0.371,-0.196,0.908,1.0,-0.004,-0.001,-0.024,-0.011,0.01,0.092,-0.0,0.0,0.0,0.4617517551586437,-0.2631761457801453,0.9914764882772995,0.9998409130340369,-0.007920909388703155,-0.015110469467970756,-0.005203991754152974,-0.056950921639392825,-0.05448233490220495,0.18484503816054662,0.0,0.0,0.006814383538283544,0.4519082640789547,-0.24161923843411648,0.9591029729272345,0.9998609957379926,-0.005962894593588095,-0.014414821884069158,-0.005886085281954569,-0.06784736992362159,0.026948211899397754,0.16339006305024975,0.0,0.0,0.006526527487208017,0.0,0.0,0.9663865546218487,1.0,0.0,0.0,0.0,26.335591361013226,0.09866193756425519,0.08,100.0,100.0,0.5,55.0,0.08,-0.5790669211659017,-0.75588206151412,0.002,0.0017,0.0072,0.0087
116,1763535103.9407635,-0.03536775525445334,-0.0374109814313238,0.3586651387949781,-0.003221624365328496,-0.014169871187848319,-0.0037190949851664268,0.03536128639270335,9.805666356524118e-05,0.468,-0.25,0.948,0.999,-0.003,0.033,-0.009,-0.004,-0.078,0.248,0.0,0.0,0.013,0.371,-0.196,0.913,1.0,-0.005,-0.0,-0.024,-0.014,0.013,0.062,-0.1,0.0,-0.0,0.46202926869722327,-0.2633666238521625,0.9914261143378789,0.9998657522662455,-0.005950311094413719,-0.014420020796218649,-0.005013406344132745,-0.05377154655276941,-0.05250781735638548,0.18261419387773795,0.0,0.0,0.006510249377771463,0.4518725984540763,-0.24516562625128652,0.9722198551155518,0.9998767979899932,-0.004509961265845039,-0.013912840283606892,-0.005699295210970863,-0.07300505625532357,0.017355052764140514,0.1596483516845658,0.0,0.0,0.00661117315959223,0.0,0.0,0.9747899159663865,1.0,0.0,0.0,0.0,26.34726027720823,0.09857320033452165,0.08,100.0,100.0,0.5,55.0,0.08,-0.5869671745477052,-0.7621632921851516,0.002,0.0062,0.0054,0.006
117,1763535104.0096986,-0.03252452151645953,-0.03761930657650099,0.3562946277450093,-0.0032363582753740755,0.010679393164523696,-0.004782723869018356,0.024013958629653543,-0.0003958319867607476,0.467,-0.256,0.985,0.999,-0.005,0.035,-0.008,-0.006,-0.04,0.244,0.0,0.0,0.008,0.37,-0.195,0.914,1.0,-0.005,-0.002,-0.024,-0.011,0.01,0.021,0.0,-0.0,0.0,0.4610003370355697,-0.26122729855269117,1.0265353173148428,0.9998803614120091,-0.0045007234974644315,-0.01391583139363038,-0.005035472888789002,-0.052531929906606184,-0.008091455995111994,0.17265705357895678,0.0,0.0,0.0058884941960759656,0.4515596924365353,-0.24747873361333295,0.9869784253682072,0.999877078268376,-0.007318489271688501,-0.01268439222033154,-0.0056012732728115905,-0.07661456844857614,0.015310482597844597,0.15054070498884842,0.0,0.0,0.006281561993611129,0.0,0.0,0.9831932773109243,1.0,0.0,0.0,0.0,26.360526310489774,0.09847729586988964,0.08,100.0,100.0,0.5,55.0,0.08,-0.5916629198354048,-0.768490211885415,0.0022,0.002,0.0082,0.0091
118,1763535104.1130478,-0.030446837132233423,-0.038121312219828264,0.3560537774583666,-0.003184763604247823,0.007135969769484551,-0.006271958874286457,0.034425211341287495,-6.566247190614618e-05,0.467,-0.256,0.985,0.999,-0.005,0.035,-0.008,-0.006,-0.04,0.244,0.0,0.0,0.008,0.369,-0.194,0.914,1.0,-0.003,-0.011,-0.024,-0.008,0.014,-0.01,0.1,-0.3,0.0,0.46128891547311973,-0.26043597862571954,1.0266032464094355,0.9998805230516417,-0.00731020395665892,-0.012689168977166125,-0.004948285638132781,-0.050319824324181354,-0.002278563934813373,0.1695126346733016,0.0,0.0,0.005861743349875337,0.4511901953645515,-0.24969036584095183,1.0004443324454593,0.9998690483730096,-0.009454968759814959,-0.01191862941847785,-0.005516878119740634,-0.07867796547593253,0.016372850614236358,0.14321401641302423,0.0,0.0,0.005977579697806038,0.0,0.0,0.9915966386554621,1.0,0.0,0.0,0.0,26.374329009489283,0.09838167858425453,0.08,100.0,100.0,0.5,55.0,0.08,-0.5963823305713155,-0.7749476151070356,0.0156,0.0172,0.0187,0.0061
119,1763535104.212161,-0.020990995749679303,-0.03440313856097556,0.3635207250757768,-0.0032828814111374722,0.044234523199547265,0.014778737072280699,0.07294011583288754,-0.0008090653948730292,0.46,-0.25,1.009,0.999,-0.004,0.037,-0.009,-0.043,0.039,0.141,0.0,0.0,-0.005,0.368,-0.192,0.91,1.0,-0.008,0.0,-0.024,-0.015,0.04,-0.06,-0.1,-0.1,-0.0,0.4470421287873207,-0.23823731719085905,1.0297917454730192,0.9998699889774681,-0.009452904136664601,-0.0119202669788521,-0.0053436860624251105,-0.08630330268220889,0.07852561997210923,0.06469205749944101,0.0,0.0,0.004711509816068236,0.44869815232904287,-0.24789379594239597,1.0100820709644132,0.9998563734290423,-0.010995038494728493,-0.011651187190618787,-0.0055309564156639434,-0.0853748637041657,0.0305804104204801,0.12336763836892983,0.0,0.0,0.0057154007644782,0.0,0.0,1.0,1.0,0.0,0.0,0.0,26.376709445356628,0.09836490121736842,0.08,100.0,100.0,0.5,55.0,0.08,-0.5957873010222099,-0.7785674534857182,0.0077,0.0086,0.0353,0.04
120,1763535104.2288992,-0.017149405281358374,-0.033072759913258025,0.36358111434307,-0.0033324156045303538,0.017108852766636738,0.003211579382490108,0.036654018844043255,-0.0005759591080781567,0.46,-0.25,1.009,0.999,-0.004,0.037,-0.009,-0.043,0.039,0.141,0.0,0.0,-0.005,0.368,-0.192,0.91,1.0,-0.008,0.0,-0.024,-0.015,0.04,-0.06,-0.1,-0.1,-0.0,0.44709446699596184,-0.23825728496918328,1.0295171013237907,0.9998573233411886,-0.010993005231733242,-0.011653105612946545,-0.005356484532092642,-0.08566608073841865,0.0760406588159202,0.07569428236448243,0.0,0.0,0.00481466692842009,0.446261370159946,-0.24595713984882897,1.0187048930770806,0.9998608505842549,-0.010691507187444618,-0.01155307294048545,-0.005522467620827196,-0.09075950221864008,0.04309316196162574,0.1018797975155935,0.0,0.0,0.005634297329044419,0.0,0.0,1.0,1.0,0.0,0.0,0.0,26.381860718327655,0.09833513038253286,0.08,100.0,100.0,0.5,55.0,0.08,-0.5962498990183183,-0.782698264356483,0.0016,0.0012,0.0065,0.0068
121,1763535104.2755904,-0.016230223620421466,-0.03277611811415891,0.36235440609000563,-0.0033077066311333514,0.0028809677765486673,-0.0018240669958302334,0.030224570168985235,-0.00020969669346802236,0.46,-0.25,1.009,0.999,-0.004,0.037,-0.009,-0.043,0.039,0.141,0.0,0.0,-0.005,0.366,-0.188,0.897,1.0,-0.006,0.0,-0.024,-0.015,0.036,-0.128,-0.0,-0.1,0.0,0.44716846881901334,-0.23869934685936123,1.0310508511389112,0.9998618134811157,-0.01068945978623983,-0.011554967320841658,-0.00534528969724069,-0.0840126976326553,0.06957586545729744,0.08961594406859062,0.0,0.0,0.004896836698481517,0.4439044119613387,-0.24391978573685116,1.0262806258624628,0.9998666708423612,-0.010065835297138412,-0.011617299038204939,-0.0055097968602507135,-0.09529521520564059,0.05316841108041425,0.08341429192007832,0.0,0.0,0.00553623782160904,0.0,0.0,1.0,1.0,0.0,0.0,0.0,26.38937739289136,0.09830173231812746,0.08,100.0,100.0,0.5,55.0,0.08,-0.5975679254055631,-0.787255660865314,0.0022,0.0017,0.01,0.0068
122,1763535104.3771713,-0.02293283545813014,-0.036378880331270576,0.3761227724017122,-0.0031159021897991827,-0.035136081550585514,-0.02129142289697422,0.10507727216753375,0.0006282515435575107,0.459,-0.254,1.005,0.999,-0.006,0.037,-0.008,-0.005,-0.024,-0.02,0.0,0.0,0.007,0.365,-0.185,0.886,1.0,-0.002,0.005,-0.024,-0.015,0.043,-0.154,-0.0,0.0,-0.0,0.45398786089489945,-0.2560975157208272,0.9974993890039303,0.999869915911078,-0.010058580294564889,-0.011623581187826144,-0.004885547953059559,-0.043555200919211216,-0.00126474584771262,-0.056929180180875394,0.0,0.0,0.005905072635728676,0.44318760448822453,-0.2448063274568629,1.0254393336523875,0.9999086280290973,-0.006794328776142767,-0.01036702463021841,-0.005394208910152763,-0.09340451910801137,0.05069354031487842,0.058501607023478515,0.0,0.0,0.005675838953622446,0.0,0.0,1.0,1.0,0.0,0.0,0.0,26.376616593684492,0.09833472668275242,0.08,100.0,100.0,0.5,55.0,0.08,-0.6034902442275182,-0.7944469533721673,0.0234,0.0069,0.0128,0.0136
123,1763535104.4052508,-0.02667449141876765,-0.03831762631634803,0.3761047400228053,-0.0030552763359654508,-0.02100156334900056,-0.01333161795851431,0.03752211534563719,-8.460949811257596e-06,0.459,-0.254,1.005,0.999,-0.006,0.037,-0.008,-0.005,-0.024,-0.02,0.0,0.0,0.007,0.364,-0.182,0.876,1.0,0.001,0.005,-0.025,-0.014,0.046,-0.175,0.1,0.5,0.0,0.45427896426734254,-0.25690898107952864,0.9977672194362813,0.9999117847237056,-0.006787890209115135,-0.010371241473944946,-0.004773328760092882,-0.04234986959934632,-0.006107732130566138,-0.033748968105046566,0.0,0.0,0.00567603615501626,0.442544352767067,-0.24563793236224618,1.0242551919579692,0.9999298952475266,-0.004588129623216677,-0.009550608133747814,-0.005285786706502615,-0.09061397378658036,0.04561987122336321,0.03531087435258012,0.0,0.0,0.005776280824080061,0.0,0.0,1.0,1.0,0.0,0.0,0.0,26.367312296670736,0.09834514527930453,0.08,100.0,100.0,0.5,55.0,0.08,-0.6089982451533261,-0.8014793107478879,0.0018,0.0036,0.0069,0.0058
124,1763535104.4796922,-0.017938779494058595,-0.03844680322282236,0.3806174201889893,-0.0031896972407375575,0.04101111048166851,-0.004477647164006428,0.060173874833200844,-0.0009776321574570751,0.457,-0.242,0.993,0.999,-0.005,0.037,-0.009,-0.01,0.077,-0.078,0.0,0.0,-0.006,0.364,-0.179,0.864,1.0,-0.0,0.001,-0.023,-0.006,0.043,-0.188,0.0,-0.0,0.1,0.4512953334788371,-0.22493031034428143,0.9765085601272195,0.9999305883188039,-0.004586861380430628,-0.009551217296269744,-0.0051530083686061046,-0.04857331477444774,0.09582117977250491,-0.069489532319414,0.0,0.0,0.004448192281110788,0.44163452437813805,-0.24125555628726497,1.0193647315833767,0.9999374682555894,-0.00364894067648043,-0.009139457716183554,-0.005311790959320588,-0.08830335635225839,0.0542917056290467,0.0047456580313131255,0.0,0.0,0.005718474644190462,0.0,0.0,1.0,1.0,0.0,0.0,0.0,26.35398088071383,0.09834162715978105,0.08,100.0,100.0,0.5,55.0,0.08,-0.6071176045290122,-0.8077095172144266,0.0033,0.0025,0.0086,0.0116
125,1763535104.5410614,-0.008034002463791712,-0.037093732845252726,0.38792724476075763,-0.003373209405946926,0.047730007201928576,0.002920671565565927,0.07461086487774024,-0.0012365305501206019,0.455,-0.226,0.973,0.999,-0.003,0.037,-0.01,-0.02,0.133,-0.165,0.0,0.0,-0.014,0.363,-0.177,0.854,1.0,-0.003,0.002,-0.024,-0.005,0.044,-0.148,-0.0,-0.0,-0.0,0.4470027130283108,-0.19734353810874902,0.9437869956120972,0.9999365493518955,-0.0036504967490683456,-0.009138836298535057,-0.0054820447661352205,-0.061524059306584104,0.1546128828256588,-0.12247226352591283,0.0,0.0,0.003889119944098708,0.44028564123298797,-0.23347623960209365,1.0086122194858547,0.9999196701858499,-0.005444032503880986,-0.010072047169620997,-0.005437789195149164,-0.0885835763261518,0.07097368578047254,-0.009744942540676791,0.0,0.0,0.005434912853678232,0.0,0.0,1.0,1.0,0.0,0.0,0.0,26.32962472593228,0.0982890034839719,0.08,100.0,100.0,0.5,55.0,0.08,-0.6019356940555387,-0.8129776500546353,0.002,0.0018,0.0079,0.0088
126,1763535104.6563642,-0.010435764952918201,-0.03889561249966778,0.39210671634713795,-0.0033880492491065077,-0.012812212692011611,-0.012718771556600516,0.05969008240797716,-0.0004115201563926035,0.456,-0.217,0.948,0.999,-0.003,0.036,-0.01,0.006,0.063,-0.19,0.0,0.0,-0.006,0.363,-0.174,0.846,1.0,-0.002,0.001,-0.023,-0.008,0.044,-0.123,-0.1,0.0,-0.1,0.45291569953944666,-0.2021003768295528,0.9143793118797758,0.9999203753102479,-0.005442710449253019,-0.01007276163998608,-0.005306544574645215,-0.037747173272283635,0.08235373645958169,-0.12998241050243506,0.0,0.0,0.004816123826853083,0.4402328677077011,-0.22832688014384747,0.9955418526344495,0.9999027301327172,-0.006894105860910243,-0.010803706798984517,-0.005502862611300924,-0.08595467173370196,0.07740140767267842,-0.030207469486555238,0.0,0.0,0.005314582967057825,0.0,0.0,1.0,1.0,0.0,0.0,0.0,26.3037844793271,0.09818631355786975,0.08,100.0,100.0,0.5,55.0,0.08,-0.6026257771517711,-0.8202042900634207,0.0144,0.0096,0.0346,0.0102
127,1763535104.71896,-0.011922076182637279,-0.03956744033092722,0.390643155537679,-0.0033766183287578743,-0.008475132643887204,-0.007248700406264005,0.031892867587419056,-0.00028165032316748327,0.456,-0.217,0.948,0.999,-0.003,0.036,-0.01,0.006,0.063,-0.19,0.0,0.0,-0.006,0.363,-0.174,0.846,1.0,-0.002,0.001,-0.023,-0.008,0.044,-0.123,-0.1,0.0,-0.1,0.4527505473079975,-0.20271182023941714,0.9172725982872624,0.9999035305487995,-0.006892513003980731,-0.010804723074184633,-0.005355447677466893,-0.03899948020135491,0.07476460246709445,-0.10286356629167302,0.0,0.0,0.004914875166268912,0.4402393862774983,-0.22340161625500476,0.9829424377574012,0.999913016857072,-0.004597291999143811,-0.011063162176024165,-0.005516345595656738,-0.0843582547902536,0.08203363294587072,-0.03979588267367173,0.0,0.0,0.005430174174482211,0.0,0.0,1.0,1.0,0.0,0.0,0.0,26.279664178401937,0.09804185811213226,0.08,100.0,100.0,0.5,55.0,0.08,-0.603806415064629,-0.8273472267602597,0.0019,0.0019,0.0242,0.033
128,1763535104.7941282,-0.013522111283448641,-0.0398219424743281,0.3894972472443183,-0.0033649528374823548,-0.009192383122320527,-0.0052292547500971155,0.03333477408696428,-0.0002793343764981871,0.456,-0.217,0.948,0.999,-0.003,0.036,-0.01,0.006,0.063,-0.19,0.0,0.0,-0.006,0.362,-0.169,0.839,1.0,0.003,0.002,-0.023,0.001,0.044,-0.028,0.2,-0.1,0.1,0.45267720521248894,-0.20368614409533764,0.9198698020347219,0.9999138676241235,-0.0045955611689145175,-0.011063881262973158,-0.0053599143564558955,-0.039859371551109295,0.06793074107975516,-0.0890587860896329,0.0,0.0,0.004927825863092684,0.4402744554402765,-0.21869545916094357,0.9709254969925651,0.9999267630425629,-0.0009257793048234994,-0.010744140311786648,-0.005493171475729554,-0.08312169970457584,0.08226226545182183,-0.03628590965395112,0.0,0.0,0.005669874989839106,0.0,0.0,1.0,1.0,0.0,0.0,0.0,26.255249838058024,0.09785058090672756,0.08,100.0,100.0,0.5,55.0,0.08,-0.6051172497305864,-0.8344274003640815,0.0082,0.0059,0.0246,0.0336
129,1763535104.8706768,-0.008666588834224312,-0.03817441237176937,0.3862430862326072,-0.0034628200498313466,0.022925401117776793,0.004255456265360846,0.02267891966587672,-0.0008258313454931915,0.455,-0.205,0.934,0.999,-0.002,0.035,-0.011,-0.012,0.121,-0.14,0.0,0.0,-0.012,0.362,-0.167,0.842,1.0,0.007,-0.004,-0.024,0.002,0.023,0.061,-0.0,0.1,-0.1,0.4479852135835157,-0.1805320070711249,0.9161935364011802,0.9999264042044269,-0.0009264770333993783,-0.010744080168501249,-0.005558107271768607,-0.05877274068834857,0.12388337878380769,-0.04166042126033503,0.0,0.0,0.004403491072224371,0.43949182575397855,-0.21094461980614068,0.9609335954490575,0.999920919045294,-0.0006497242614464989,-0.01125448619171597,-0.005574051897790857,-0.08487052182311153,0.08887386990583887,-0.021535811910648083,0.0,0.0,0.005727522111247321,0.0,0.0,1.0,1.0,0.0,0.0,0.0,26.236006358866543,0.09767800002049362,0.08,100.0,100.0,0.5,55.0,0.08,-0.6023637196683235,-0.8402117299881143,0.0083,0.0058,0.0257,0.033
130,1763535104.9580843,-0.0038272148513678024,-0.034880677802864135,0.3724211450265693,-0.003548668814874985,0.02333021103086012,0.012651231607349274,-0.03048539740692907,-0.0007755258302013268,0.453,-0.198,0.935,0.999,-0.0,0.035,-0.011,-0.04,0.147,0.021,0.0,0.0,-0.011,0.362,-0.165,0.848,1.0,0.003,0.0,-0.024,-0.003,0.023,0.109,0.0,-0.1,-0.0,0.4402885269764832,-0.16827875254885882,0.9478595737571394,0.9999207655618382,-0.0006500333957765755,-0.011254468341055156,-0.005601517399066367,-0.08706535060674471,0.14985149994433916,0.10240780885798662,0.0,0.0,0.004595856305996473,0.4373789729379617,-0.20200683097931843,0.959117160866622,0.9999161014646821,-0.0008574824569831558,-0.011619672946252322,-0.005660208134847736,-0.09077544369432045,0.09827304112119906,0.009770769281449562,0.0,0.0,0.005741375737481683,0.0,0.0,1.0,1.0,0.0,0.0,0.0,26.2367351255302,0.09769404098776055,0.08,100.0,100.0,0.5,55.0,0.08,-0.5984599952721382,-0.8444530316369014,0.0093,0.0068,0.0289,0.0387
131,1763535105.0086489,0.0002667975889662725,-0.04100892713320439,0.37988655079537187,-0.003638924665670306,0.02008734071653359,-0.03412931443198773,0.07456914334666995,-0.0008061461354641048,0.455,-0.189,0.933,0.999,0.001,0.035,-0.012,0.036,0.166,-0.045,0.0,0.0,-0.018,0.361,-0.164,0.86,1.0,0.007,0.001,-0.023,-0.002,0.011,0.148,0.1,0.0,0.0,0.4575187732911236,-0.1555104642069671,0.930980869468691,0.9999144877864419,-0.0008607156311322343,-0.011619433899473187,-0.0059384374405876935,-0.009260028942046278,0.16652967369596677,0.0024371695482537856,0.0,0.0,0.004140790042098044,0.4387387507561111,-0.19208184372445133,0.9549977214006276,0.9999142441388735,-0.0013837294633990832,-0.011656847557271277,-0.005805821732002699,-0.08509964914305547,0.10950224147935554,0.02566434377113054,0.0,0.0,0.005701381309399554,0.0,0.0,1.0,1.0,0.0,0.0,0.0,26.224694435068653,0.09757741855864846,0.08,100.0,100.0,0.5,55.0,0.08,-0.5938491726814963,-0.8541576183377867,0.01,0.0111,0.0139,0.0108
132,1763535105.0364263,-0.006211546357525288,-0.030470768063314058,0.36750629184317807,-0.003578989167453801,-0.032365039973561174,0.048589902636131235,-0.023912639681431806,-6.421497548450409e-05,0.45,-0.185,0.938,0.999,0.002,0.036,-0.012,-0.101,0.085,0.111,0.0,0.0,-0.004,0.361,-0.164,0.868,1.0,0.006,-0.002,-0.024,-0.005,0.001,0.166,-0.0,-0.0,-0.0,0.4253814142110342,-0.1681178177511227,0.9636455375107381,0.9999156412706313,-0.0013808636086617538,-0.01165718739214626,-0.005559994616988576,-0.14461064224094616,0.08000096992865455,0.14043619746715438,0.0,0.0,0.005461563540660056,0.43381917390457314,-0.1858448722587793,0.9587458405710173,0.9999185480101264,0.00016594125784591683,-0.011373064945867248,-0.0057899225000596745,-0.09953073599268242,0.10671511818432088,0.05560160000165214,0.0,0.0,0.005867455965723823,0.0,0.0,1.0,1.0,0.0,0.0,0.0,26.232443166616033,0.09766193807677172,0.08,100.0,100.0,0.5,55.0,0.08,-0.5956492723049548,-0.8544248027705589,0.0026,0.0032,0.012,0.0078
133,1763535105.0990713,-0.011200470140536795,-0.02407476221163691,0.3533014533781459,-0.0035750840746262853,-0.025565773550810064,0.02893295245205433,-0.0342735631408431,-0.0003383734526078002,0.442,-0.17,0.972,0.999,0.004,0.038,-0.013,-0.122,0.062,0.251,0.0,0.0,-0.013,0.361,-0.164,0.878,1.0,0.008,-0.0,-0.022,-0.0,-0.005,0.218,-0.0,-0.1,0.0,0.41337934515262686,-0.15840660009455462,1.0219536530482505,0.9999180964392752,0.00016506013754970705,-0.011373077767911462,-0.0058673904329176255,-0.16336448373938348,0.05193576714221768,0.24319146054395685,0.0,0.0,0.004675880121108332,0.4274655438572262,-0.17996288843754166,0.9717702670128834,0.9999277091622852,0.0021709102555999794,-0.010317109261164211,-0.005781077288853867,-0.11367509500178934,0.09943360531925355,0.07867757679107898,0.0,0.0,0.005978060925412522,0.0,0.0,1.0,1.0,0.0,0.0,0.0,26.258864600609133,0.09791222384792295,0.08,100.0,100.0,0.5,55.0,0.08,-0.5985458795404358,-0.8543452121698131,0.0163,0.0091,0.008,0.012
134,1763535105.1925013,-0.011655326295573634,-0.04107792225458803,0.3699417682561231,-0.003596989816802249,-0.0033943277892378703,-0.08742327643591927,0.11853171972770085,-0.0004670371183424489,0.445,-0.165,0.975,0.999,0.005,0.038,-0.013,0.075,0.078,0.073,0.0,0.0,-0.008,0.36,-0.165,0.885,1.0,0.007,0.001,-0.023,-0.0,-0.009,0.15,-0.0,-0.0,-0.0,0.4559010593665103,-0.15061423656975664,0.989496850667151,0.9999283214102991,0.0021720130771631456,-0.010316877145595068,-0.005674191284847448,0.03840312601035301,0.0674348026229629,0.03700880740102881,0.0,0.0,0.005080371442674331,0.4300653465985303,-0.17356946548333824,0.9763792115642129,0.9999083405985584,0.004069535632916849,-0.01154737599045414,-0.005779912534363565,-0.09829231245133335,0.09315561115593046,0.09022266022084896,0.0,0.0,0.006139486668767996,0.0,0.0,1.0,1.0,0.0,0.0,0.0,26.255557935307035,0.09788629358483088,0.08,100.0,100.0,0.5,55.0,0.08,-0.5994377942534581,-0.8682342969968256,0.0099,0.007,0.0286,0.0255
135,1763535105.208658,-0.011822752644212849,-0.04850800041633061,0.37354673918342396,-0.0036211284535247884,-0.0020026643727534365,-0.041258183034171725,0.05501903146211651,-0.0004803921652929198,0.445,-0.165,0.975,0.999,0.005,0.038,-0.013,0.075,0.078,0.073,0.0,0.0,-0.008,0.36,-0.166,0.894,1.0,0.005,0.003,-0.023,0.0,-0.037,0.145,-0.1,-0.0,-0.0,0.4566551933554814,-0.15035071715522685,0.9836565471701783,0.999908932716866,0.004070729244996666,-0.01154695526736055,-0.005676553574616765,0.043092896367157525,0.07130500741040514,0.022594616425063354,0.0,0.0,0.0050929662198546536,0.4326975547265981,-0.16779398286247335,0.9812635206355735,0.9999440453424346,0.0027232803161737914,-0.008410636575686182,-0.005809571491806923,-0.08349315791053519,0.08759854638372024,0.07632950648851651,0.0,0.0,0.006123276600925408,0.0,0.0,1.0,1.0,0.0,0.0,0.0,26.254269962032186,0.09787850161478914,0.08,100.0,100.0,0.5,55.0,0.08,-0.6000078468348666,-0.8808202948208498,0.0015,0.0012,0.0067,0.0056
136,1763535105.278598,-0.022886679186452707,-0.0364509757760641,0.36317606673173625,-0.003327618342422717,-0.056501907975620574,0.055434323159699476,-0.014498688340096051,0.001105437710157875,0.438,-0.164,1.001,0.999,0.005,0.041,-0.013,-0.084,-0.039,0.156,0.0,0.0,-0.001,0.361,-0.169,0.9,1.0,0.007,0.004,-0.024,0.008,-0.033,0.08,-0.0,-0.1,-0.0,0.41826587431415213,-0.1722031356440119,1.0257059229244345,0.9999460815055886,0.002726322652638199,-0.00840965088945086,-0.005447845292398607,-0.11868665936107663,-0.04127551922375418,0.11906158487056645,0.0,0.0,0.005716267964121304,0.42799279112188776,-0.1675354949464068,0.9914197573642011,0.9999658208766875,0.0011582899951428911,-0.005817257984319114,-0.005759770155416592,-0.09011278518942628,0.06799499680089219,0.055062362277481305,0.0,0.0,0.006155893396069554,0.0,0.0,1.0,1.0,0.0,0.0,0.0,26.269759952337168,0.0979830486634945,0.08,100.0,100.0,0.5,55.0,0.08,-0.6081810730672929,-0.8817355709599457,0.0029,0.0025,0.0111,0.0083
137,1763535105.3821545,-0.028413315793462377,-0.04502970546636066,0.36123053827031953,-0.0033377999402628452,-0.029921850953693617,-0.04653874602908919,0.02658996436609032,-0.00038366982344291336,0.438,-0.17,1.014,0.999,0.005,0.041,-0.012,0.058,-0.053,0.132,0.0,0.0,-0.004,0.361,-0.171,0.904,1.0,0.005,0.001,-0.022,0.01,-0.048,0.058,-0.1,-0.2,0.1,0.4457543499449282,-0.18066935703012763,1.0398481948180145,0.9999672181043777,0.0011597321705431045,-0.005816970643004827,-0.0055118590713831295,0.015920167804461587,-0.05088625515358795,0.11439103398986138,0.0,0.0,0.0051325167730904295,0.42970389497926625,-0.1687204979210886,0.9997717175829567,0.9999339090344187,0.0005759360669970014,-0.009999400995211051,-0.005644275022570473,-0.0775434484563811,0.0500202242358395,0.06665306195427556,0.0,0.0,0.006183888233339593,0.0,0.0,1.0,1.0,0.0,0.0,0.0,26.279666977416255,0.09804710233394887,0.08,100.0,100.0,0.5,55.0,0.08,-0.6159420597492207,-0.8925153461389169,0.0256,0.0168,0.0065,0.0078
138,1763535105.4755363,-0.0304577904768287,-0.04033212959676037,0.35661786900785947,-0.0031100611619739034,-0.013063704996177844,0.018984908801365455,0.013059707514731747,0.0008049138974184253,0.437,-0.173,1.023,0.999,0.005,0.041,-0.012,-0.017,-0.054,0.188,0.0,0.0,0.008,0.362,-0.175,0.908,1.0,0.008,-0.007,-0.025,0.008,-0.073,0.053,0.4,-0.5,-0.2,0.42897246438482184,-0.18340222319739724,1.0582398165302849,0.9999374948484524,0.0005826930290208508,-0.009999009523459123,-0.00496856856499959,-0.06311044246497731,-0.04472550144376629,0.14945344804266678,0.0,0.0,0.006056256983475251,0.42827250034066106,-0.17041946390202062,1.0108291485634298,0.9998949646491024,0.0002670344077931693,-0.013379301255837923,-0.005566206958148114,-0.08173105774142345,0.034867037820467836,0.08666783438085063,0.0,0.0,0.0062765538279818,0.0,0.0,1.0,1.0,0.0,0.0,0.0,26.29513687771353,0.09813813708899477,0.08,100.0,100.0,0.5,55.0,0.08,-0.6227680394902974,-0.8978508388274729,0.0178,0.0084,0.0347,0.0267
139,1763535105.5005867,-0.030388685425287394,-0.037951678958415766,0.3585785079533663,-0.0031007238917498633,-0.0027002537899763436,0.007869040232046983,0.04546498162832013,-0.0002643197650771898,0.437,-0.173,1.023,0.999,0.005,0.041,-0.012,-0.017,-0.054,0.188,0.0,0.0,0.008,0.362,-0.175,0.908,1.0,0.008,-0.007,-0.025,0.008,-0.073,0.053,0.4,-0.5,-0.2,0.4290415036008357,-0.18247420922256744,1.0543034641149613,0.9998983994876915,0.00027580722735801857,-0.013379123283786152,-0.0049105694663153605,-0.0626254781866956,-0.03542698188919196,0.11877808691815121,0.0,0.0,0.005750109012682794,0.4268139568357873,-0.1723303280348983,1.021743171085661,0.9999216941035555,-0.0033235611020314432,-0.010711976232621313,-0.0055509609860356565,-0.08476155585605757,0.024275183743357895,0.08449669464856838,0.0,0.0,0.005970110011583925,0.0,0.0,1.0,1.0,0.0,0.0,0.0,26.310435852690475,0.09821721595518397,0.08,100.0,100.0,0.5,55.0,0.08,-0.6287273064653391,-0.9033772209512891,0.0019,0.0017,0.0102,0.0105
140,1763535105.5407982,-0.04129337368994401,-0.04215017212965614,0.3765887341062729,-0.002927152909250583,-0.05756230986581182,-0.024787633752043438,0.12590898155986976,0.0005577825233214167,0.442,-0.203,1.025,0.999,0.001,0.041,-0.011,0.032,-0.168,-0.005,0.0,0.0,0.019,0.363,-0.182,0.908,1.0,-0.004,0.001,-0.023,0.017,-0.077,-0.032,-0.2,-0.2,0.0,0.4438852372554627,-0.23428061295801453,1.0172704860337678,0.9999269773284692,-0.00331229759246537,-0.010715464426058653,-0.004499724163113936,-0.012665001696963135,-0.1415363545064253,-0.07390314796021154,0.0,0.0,0.0065979345931789935,0.4279241545059017,-0.18147012640846052,1.0235293789857052,0.9998857147361825,-0.005898530716998681,-0.012803700629487661,-0.005461689489944021,-0.08006218254068716,0.0013595548934233863,0.055096325776514424,0.0,0.0,0.005956529326188439,0.0,0.0,1.0,1.0,0.0,0.0,0.0,26.301139178649812,0.09817651189400083,0.08,100.0,100.0,0.5,55.0,0.08,-0.6418882049710585,-0.9120729893639492,0.002,0.0017,0.0087,0.0079
141,1763535105.6071267,-0.04511588318635112,-0.04384625531179939,0.3764526723231464,-0.00281975522726549,-0.023241884851029924,-0.012695433123681883,0.03697856449499452,0.00024427311900040354,0.442,-0.203,1.025,0.999,0.001,0.041,-0.011,0.032,-0.168,-0.005,0.0,0.0,0.019,0.365,-0.185,0.904,1.0,0.0,-0.008,-0.026,0.021,-0.064,-0.068,-0.2,-0.0,-0.1,0.4439247532955943,-0.23366494785094186,1.0174022269502958,0.9998908325582292,-0.005885274208730735,-0.012809799448741128,-0.004426686298178531,-0.012571699935708069,-0.13451547066951883,-0.04194815293818971,0.0,0.0,0.006358727840420402,0.42901631148094455,-0.1903753335895272,1.0247688155375414,0.9998883072838846,-0.00744061416414996,-0.011787705105490823,-0.005390753766811851,-0.0763300337518102,-0.015885962882974707,0.022082047886527366,0.0,0.0,0.005682724171397101,0.0,0.0,1.0,1.0,0.0,0.0,0.0,26.296716984129624,0.0981566343171363,0.08,100.0,100.0,0.5,55.0,0.08,-0.6535227531815141,-0.9204015669714873,0.0021,0.0018,0.0082,0.008
142,1763535105.674124,-0.050579113795556026,-0.04734310667642627,0.39228248288425827,-0.0025925181059461956,-0.03182774136465964,-0.02186888235431432,0.11679432003787403,0.0008542100838699251,0.447,-0.22,1.009,0.999,-0.002,0.039,-0.009,0.061,-0.215,-0.195,0.0,0.0,0.032,0.366,-0.188,0.9,1.0,-0.006,-0.003,-0.024,0.015,-0.05,-0.075,-0.2,0.2,0.0,0.4548143604266275,-0.2593826461363158,0.968027123241526,0.9998952795846066,-0.0074228907304130474,-0.011798873844486664,-0.0038880758258862205,0.015729339324619403,-0.17298419170000548,-0.19300292365878932,0.0,0.0,0.007271846771794901,0.4317051386475533,-0.20223241798450803,1.0157696233218272,0.9998962838779345,-0.007962418869958566,-0.010788765993109172,-0.0052558444785010365,-0.06788784187896953,-0.03654755079629933,-0.028459318474191156,0.0,0.0,0.005658641396339397,0.0,0.0,1.0,1.0,0.0,0.0,0.0,26.271354137512386,0.09801934799269502,0.08,100.0,100.0,0.5,55.0,0.08,-0.6670645423293972,-0.9300356472840805,0.0022,0.0018,0.0079,0.0083
143,1763535105.7365463,-0.04555467259882549,-0.05119305155547386,0.3860249626921071,-0.002685326804652872,0.020064294604097116,-0.02398403506288054,0.007940647327670122,-0.000723295304128002,0.453,-0.23,0.999,0.999,-0.004,0.039,-0.009,0.081,-0.142,-0.15,0.0,0.0,0.011,0.367,-0.19,0.896,1.0,-0.009,-0.001,-0.022,0.02,-0.042,-0.07,0.1,-0.3,0.0,0.46452358935768456,-0.2536988514620262,0.973207360048457,0.9998997842206286,-0.007954707621260396,-0.010794452861308115,-0.004541357685277721,0.03176531730864765,-0.08855108759968701,-0.08853186497702517,0.0,0.0,0.005187256561582088,0.4356803354571843,-0.2112702354011174,1.007232645386203,0.9998486892277364,-0.011773452502526734,-0.011670488839660315,-0.005271067822706122,-0.05842424895033336,-0.040931116104303875,-0.034997975896655834,0.0,0.0,0.005347036434450143,0.0,0.0,1.0,1.0,0.0,0.0,0.0,26.253411814367094,0.09789746556558954,0.08,100.0,100.0,0.5,55.0,0.08,-0.6748779148921465,-0.9405546376937367,0.0019,0.0016,0.0068,0.0052
144,1763535105.8422499,-0.0486972134036241,-0.04879591045691287,0.38098368146378736,-0.0024354143617035715,-0.020268171283875654,0.006866400337257588,0.013396090127611844,0.0009810295342812156,0.455,-0.24,0.993,0.999,-0.005,0.038,-0.008,0.043,-0.202,-0.103,0.0,0.0,0.027,0.368,-0.192,0.895,1.0,-0.014,-0.001,-0.022,0.018,-0.028,0.014,-0.2,0.2,-0.1,0.4585147112766533,-0.27458246973643574,0.9781659416729831,0.9998546503859322,-0.011758407128769304,-0.011685647409536032,-0.003982914515692297,-0.010773491487277787,-0.14008257156550552,-0.034692890266767126,0.0,0.0,0.006552556883598014,0.4380586720271888,-0.22306949528967265,1.0009369665014858,0.9998107356621256,-0.01402822494434954,-0.012423938644812829,-0.005229484508045318,-0.05647170933322654,-0.049985290723088,-0.03916704160407497,0.0,0.0,0.0051960062170584576,0.0,0.0,1.0,1.0,0.0,0.0,0.0,26.243055619784442,0.0978144809189057,0.08,100.0,100.0,0.5,55.0,0.08,-0.686560966353129,-0.9481557635916774,0.0024,0.005,0.0231,0.0225
145,1763535105.9565232,-0.05262341732337334,-0.03987620682661524,0.3722283913870899,-0.0021627742319114203,-0.024500740939108645,0.039718927105796865,-0.005678082237108817,0.0011196592127903956,0.452,-0.256,0.992,0.999,-0.008,0.038,-0.007,-0.034,-0.225,-0.02,0.0,0.0,0.032,0.369,-0.193,0.898,1.0,-0.012,-0.003,-0.023,0.022,-0.016,0.053,0.1,-0.2,-0.0,0.43956205678171617,-0.29445170545185256,0.9968513038119532,0.9998173029039772,-0.014010078326581864,-0.012444398411429355,-0.003770340472345583,-0.0920822967502829,-0.1588409080834719,0.051893683650727905,0.0,0.0,0.006680402432249269,0.4367988099781169,-0.23639432638805255,0.9981215634816505,0.9997530989993536,-0.016558035334550084,-0.013895513269876912,-0.0051465734246426,-0.06772470001609189,-0.057790047507415045,-0.003675498556319658,0.0,0.0,0.004911455321556081,0.0,0.0,1.0,1.0,0.0,0.0,0.0,26.239931669794878,0.09778796214291399,0.08,100.0,100.0,0.5,55.0,0.08,-0.6996242193854985,-0.9509061155096045,0.0096,0.0068,0.0466,0.0381
146,1763535106.035362,-0.058437630505235885,-0.05662159888408127,0.4013221569706014,-0.0021415409835095984,-0.03433340764165003,-0.0877145809699917,0.18269166705626666,-0.00011011118118202899,0.461,-0.269,0.978,0.999,-0.009,0.036,-0.005,0.181,-0.28,-0.293,0.0,0.0,0.062,0.37,-0.192,0.904,1.0,-0.016,0.0,-0.024,0.017,0.011,0.075,-0.1,-0.0,-0.0,0.4912612074069699,-0.31837196017538355,0.9245703211037448,0.999762968326423,-0.016522569307531827,-0.013937665753322606,-0.002598718908702849,0.12317246738167759,-0.212848124242692,-0.25793792306701074,0.0,0.0,0.008813589521941015,0.4453519915658721,-0.25218177931953767,0.9834927103267807,0.9997451722918376,-0.01583845918097721,-0.015236101628992773,-0.005157024053412136,-0.047909996762293676,-0.07202953523176209,-0.0266003920918712,0.0,0.0,0.005079080760120229,0.0,0.0,1.0,1.0,0.0,0.0,0.0,26.198111456702424,0.09740248674474596,0.08,100.0,100.0,0.5,55.0,0.08,-0.7153264214099911,-0.9677961919209116,0.009,0.006,0.027,0.0333
147,1763535106.1415431,-0.03834781577801448,-0.050055803336730716,0.3683271299468246,-0.0027454133185633974,0.09460531058558341,0.027166817848344613,-0.12484291942182407,-0.0032335157736199547,0.462,-0.271,0.981,0.999,-0.01,0.036,-0.005,0.026,-0.031,0.074,0.0,0.0,-0.007,0.371,-0.19,0.911,1.0,-0.017,-0.003,-0.022,0.014,0.029,0.095,-0.1,-0.2,-0.0,0.461470507563928,-0.2703615271993504,0.9988438723127444,0.9997451363648256,-0.015838565253099467,-0.015235991362552945,-0.0051639841982411405,-0.031822688866279585,0.04191157104161349,0.1356371833779444,0.0,0.0,0.002881200683864856,0.4470381478792388,-0.2565290509358763,0.9858922819816549,0.9997286382191373,-0.01706757179861273,-0.014987221263714334,-0.005170214328348941,-0.05336468746052056,-0.0484235880425084,-0.002869183469316262,0.0,0.0,0.004517834990108583,0.0,0.0,1.0,1.0,0.0,0.0,0.0,26.20931814467323,0.09751655391214409,0.08,100.0,100.0,0.5,55.0,0.08,-0.7143784464109496,-0.9741359591214279,0.0081,0.0062,0.0478,0.04
148,1763535106.1664908,-0.031263038337376335,-0.049406086023474044,0.37306279485882654,-0.0029239864264945822,0.031589105625389295,-0.0017569937673897265,0.06051103755469227,-0.001167406871512264,0.465,-0.274,0.981,0.999,-0.011,0.036,-0.005,0.054,-0.052,0.002,0.0,0.0,0.007,0.373,-0.184,0.924,1.0,-0.014,-0.0,-0.023,0.008,0.074,0.151,0.2,0.1,-0.0,0.47019198768915155,-0.276951476735684,0.9856640321892959,0.9997311243043978,-0.01705999270201175,-0.014995848002551822,-0.004664792466585565,-0.00427911049155739,0.021924904993293894,0.03553662403629355,0.0,0.0,0.0047237544664602395,0.4498735769545243,-0.261254056199285,0.9856172478145944,0.9997387678062675,-0.018640824277124584,-0.012167954760148257,-0.0051823442986822085,-0.05170162210203495,-0.030007521502416,-0.006501808453863462,0.0,0.0,0.004067797569892493,0.0,0.0,1.0,1.0,0.0,0.0,0.0,26.209949835788137,0.09752572133221514,0.08,100.0,100.0,0.5,55.0,0.08,-0.7162583216211695,-0.9822680198057784,0.0018,0.0062,0.0092,0.0063
149,1763535106.2014809,-0.003995302765111845,-0.0686362933540328,0.3842349922167159,-0.003659795152645615,0.1332123740275848,-0.10109164525514125,0.0931672662753298,-0.003971442273404617,0.473,-0.282,1.0,0.999,-0.014,0.035,-0.004,0.252,0.197,-0.137,0.0,0.0,-0.032,0.373,-0.179,0.935,1.0,-0.014,-0.004,-0.024,0.001,0.094,0.167,0.0,0.2,-0.1,0.517298177322597,-0.23498961301242519,0.9804107054551892,0.9997337504509985,-0.018651664627061575,-0.01215133159021149,-0.006073611479595725,0.19092381990973445,0.2650386607288806,-0.09563330179374734,0.0,0.0,0.0018703026896559445,0.46174398879907647,-0.2552409367762148,0.9797557313816962,0.9996245077798338,-0.02138291838837253,-0.016129537963321342,-0.005783792199842201,-0.02470445977658084,0.025286087097314353,0.02476634894254594,0.0,0.0,0.0037077843997892156,0.0,0.0,1.0,1.0,0.0,0.0,0.0,26.185475686898275,0.0972869951362856,0.08,100.0,100.0,0.5,55.0,0.08,-0.7034110605274108,-1.0028341184892366,0.0016,0.0018,0.0055,0.0055
150,1763535106.3343704,0.008696123235296487,-0.05006390489523363,0.3632854643121322,-0.00440224512000393,0.06305759972553049,0.08599831295859256,-0.06632414030124686,-0.004078229352056135,0.472,-0.271,1.007,0.999,-0.013,0.035,-0.004,-0.021,0.223,0.14,0.0,0.0,-0.022,0.374,-0.173,0.944,1.0,-0.01,-0.008,-0.024,0.009,0.093,0.161,0.2,-0.3,-0.1,0.4617252991273017,-0.2203777101711082,1.0323097540098836,0.9996216767140553,-0.021390502773173302,-0.016119478429058736,-0.006253978706933948,-0.08552854201953958,0.27161293650994517,0.14042371922363334,0.0,0.0,0.003714886595032654,0.46136535147738184,-0.24657745378340754,0.9886657940418285,0.9997373751628817,-0.01596975512460355,-0.015415370356147382,-0.0057021031623890345,-0.04031536223739137,0.07192371492828212,0.02521510340354199,0.0,0.0,0.00431274885249599,0.0,0.0,1.0,1.0,0.0,0.0,0.0,26.204064006454182,0.09746085123195455,0.08,100.0,100.0,0.5,55.0,0.08,-0.6928055141648335,-1.0046903110781036,0.0282,0.0094,0.011,0.0302
151,1763535106.402063,0.010655404649608183,-0.041817748265676136,0.3607777287121122,-0.004350076425634085,0.010666019395088135,0.03622439265826412,0.023789868431113477,-0.0001793810401511662,0.472,-0.271,1.007,0.999,-0.013,0.035,-0.004,-0.021,0.223,0.14,0.0,0.0,-0.022,0.374,-0.166,0.955,1.0,-0.004,-0.008,-0.023,0.001,0.111,0.185,0.1,-0.1,0.0,0.4612129344964704,-0.22249203384867342,1.036200021478251,0.9997349133507044,-0.0159761746765304,-0.015408717164708343,-0.0061185215291527555,-0.08983912323775468,0.24643812194061235,0.13627384341281168,0.0,0.0,0.00482882800787659,0.4607304898198005,-0.23764059903882156,0.9965564713900894,0.9997892939101365,-0.01246289922495456,-0.015297012138171234,-0.005660860820047695,-0.05364686995063402,0.10699543873204093,0.042097326401640246,0.0,0.0,0.004673450668802113,0.0,0.0,1.0,1.0,0.0,0.0,0.0,26.219585932660465,0.09759949705544493,0.08,100.0,100.0,0.5,55.0,0.08,-0.6850382803990712,-1.0074536326200378,0.0071,0.0051,0.0238,0.0298
152,1763535106.489335,0.013581961476219642,-0.03598738957006386,0.34491737039276593,-0.004184924721241979,0.0156983245980181,0.024970018651493793,-0.043224018725519946,0.0003907508793971313,0.469,-0.254,1.028,0.999,-0.011,0.037,-0.006,-0.047,0.262,0.309,0.0,0.0,-0.038,0.373,-0.158,0.967,1.0,0.002,-0.005,-0.024,-0.019,0.116,0.175,0.2,0.3,-0.0,0.4523684341073482,-0.200473837150202,1.0898254024799496,0.9997835783455,-0.012477163197314877,-0.015285379811908575,-0.006593484148819738,-0.11526572547694658,0.2593950850250579,0.2798109655875025,0.0,0.0,0.003769267902896187,0.4586626122683438,-0.22561733269790774,1.0128080008942846,0.9997512102286111,-0.00278869623668314,-0.02140766680068819,-0.005608263713274444,-0.07326056517928277,0.13539995053625753,0.09919515511525182,0.0,0.0,0.005576240255010453,0.0,0.0,1.0,1.0,0.0,0.0,0.0,26.25237766492222,0.09785917822621697,0.08,100.0,100.0,0.5,55.0,0.08,-0.6766621043898305,-1.0098812432473354,0.0072,0.0053,0.035,0.0365
153,1763535106.5913095,0.018745960006889495,-0.022221868790539234,0.32230118758558834,-0.0037206824434674337,0.027178188800971233,0.06522886494061673,-0.07858917699661142,0.0019027189167485285,0.463,-0.243,1.047,0.999,-0.009,0.038,-0.006,-0.164,0.326,0.581,0.0,0.0,-0.023,0.371,-0.15,0.98,1.0,0.008,-0.002,-0.023,-0.02,0.093,0.134,0.2,-0.0,-0.0,0.4237027711476886,-0.17927023378232654,1.1544866051590779,0.9997491580894492,-0.0027962893521499884,-0.021406676304574483,-0.005962874716771981,-0.22151581558701994,0.3036924697808229,0.4732510150392243,0.0,0.0,0.004895335797740831,0.4508064313345844,-0.21028194648342924,1.042827884828512,0.9998226770959542,0.004102867476361896,-0.017537131587524075,-0.005498168679883353,-0.1058645622732817,0.1594841626499945,0.1469259455394188,0.0,0.0,0.0067690525830202365,0.0,0.0,1.0,1.0,0.0,0.0,0.0,26.318718180119678,0.09827003251631435,0.08,100.0,100.0,0.5,55.0,0.08,-0.665923833772674,-1.006560140863931,0.0208,0.0102,0.0369,0.0304
154,1763535106.6639106,0.04631460877299927,-0.04498946580360129,0.35613172798372617,-0.003592740116979634,0.13971783983123778,-0.11606017194436423,0.20138282074924813,0.0002676433880922564,0.469,-0.213,1.058,0.999,-0.005,0.037,-0.008,0.11,0.599,0.231,0.0,0.0,-0.084,0.369,-0.142,0.987,1.0,0.012,-0.002,-0.024,-0.024,0.075,0.019,-0.0,0.2,0.1,0.48590963335594595,-0.09602271518724574,1.092273722898935,0.9998048699291227,0.004056970179780589,-0.017547806096691796,-0.00811403476475456,0.06732609619879758,0.5664291392095018,0.06273375103850205,0.0,0.0,-0.0008452723363220505,0.4551223902812556,-0.1816522919140165,1.0569293528529708,0.9998572480928273,0.006842866572349366,-0.01411768063110099,-0.00627293447356525,-0.09056930534929683,0.21460227485678424,0.14063167380780206,0.0,0.0,0.006798993183462753,0.0,0.0,1.0,1.0,0.0,0.0,0.0,26.33249322000304,0.09831775317686024,0.08,100.0,100.0,0.5,55.0,0.08,-0.6392340872596552,-1.0205525280612977,0.007,0.0054,0.0276,0.0293
155,1763535106.741677,0.04179633115685378,-0.03491291586478906,0.34473254161963535,-0.003959719657837822,-0.01795992720342754,0.045883803113701,-0.021382759022081657,-0.002194171715988904,0.46,-0.178,1.089,0.999,0.001,0.04,-0.011,-0.104,0.421,0.37,0.0,0.0,-0.051,0.367,-0.138,0.982,1.0,0.015,0.001,-0.023,-0.021,0.056,-0.116,0.1,0.1,0.1,0.4355083572433197,-0.09744343447872895,1.1439108277754229,0.9998471809586352,0.006822534677505657,-0.014127517471338454,-0.007712392608095485,-0.1378060328243672,0.3748188353324516,0.20274004753273733,0.0,0.0,0.0015954172720052573,0.4494734949493416,-0.15912668538468658,1.0786617097583655,0.9998705723101008,0.00941059129870492,-0.01129021535721773,-0.0065429685058126285,-0.10428317521228526,0.23473481998631682,0.12817425214777206,0.0,0.0,0.006783983353992422,0.0,0.0,1.0,1.0,0.0,0.0,0.0,26.368969178602548,0.0983814081754326,0.08,100.0,100.0,0.5,55.0,0.08,-0.6268233407749172,-1.020770290017877,0.0071,0.0051,0.0308,0.0311
156,1763535106.7837331,0.04735166025261825,-0.0262036621930761,0.3385100739985521,-0.004691495563063354,0.031956278594507795,0.04005497677208589,0.003360916056547522,-0.0040548514919114455,0.453,-0.153,1.109,0.999,0.003,0.042,-0.012,-0.148,0.507,0.404,0.0,0.0,-0.071,0.365,-0.135,0.967,0.999,0.023,0.001,-0.023,-0.024,0.026,-0.208,0.2,-0.1,-0.0,0.4204016960827049,-0.05678143395106983,1.170381289325855,0.9998538105556133,0.009385797952596085,-0.011310834991133903,-0.008736665612030799,-0.17983492708524312,0.4436192599279295,0.23905237334629434,0.0,0.0,0.0002475205902861601,0.4414963424078564,-0.13232154211635752,1.10202246967294,0.9998842726763268,0.012098430143960863,-0.0060411638401429895,-0.0069694750190566505,-0.11753526561597577,0.26224558045706736,0.08673912979023535,0.0,0.0,0.006171865805426219,0.0,0.0,1.0,1.0,0.0,0.0,0.0,26.415582637154277,0.09841586282334083,0.08,100.0,100.0,0.5,55.0,0.08,-0.6107718528916604,-1.0187775481066943,0.0071,0.005,0.0179,0.0087
157,1763535106.8098829,0.028456987444627733,-0.025811831826993557,0.3811683883421165,-0.00478355398596367,-0.08973819801469078,-0.0006612143888949165,0.24714257911767773,-0.0009294416708079177,0.44,-0.106,1.108,0.999,0.01,0.043,-0.015,-0.113,0.315,-0.121,0.0,0.0,-0.037,0.363,-0.134,0.953,0.999,0.024,0.002,-0.023,-0.027,-0.001,-0.29,-0.0,-0.0,0.1,0.4139984602301617,-0.05041892047776969,1.0745424610550787,0.9998774454837744,0.012092873195262852,-0.006052279766752792,-0.007888367407137086,-0.14535468250336384,0.2346006079014323,-0.24066874843497688,0.0,0.0,0.004070221645882962,0.43451664451858124,-0.11158013942145349,1.0988759832743946,0.9996706269757218,0.021931770588035363,-0.011366582788189411,-0.006959583073738212,-0.12614313294069082,0.25111798158434734,0.04438328117346115,0.0,0.0,0.006000208642522187,0.0,0.0,1.0,1.0,0.0,0.0,0.0,26.391987603758864,0.09841292246245041,0.08,100.0,100.0,0.5,55.0,0.08,-0.6064186899225101,-1.0192482853679106,0.0021,0.0018,0.0102,0.0087
158,1763535106.874213,0.0424873412243751,-0.048069468889772524,0.40308745067305807,-0.0047667464491653625,0.07299746764319957,-0.11386936849659415,0.14771215048891906,-0.0003943177146048317,0.434,-0.07,1.09,0.999,0.015,0.042,-0.017,0.129,0.542,-0.315,0.0,0.0,-0.073,0.361,-0.136,0.931,0.999,0.026,0.005,-0.024,-0.042,-0.049,-0.452,-0.2,0.3,-0.1,0.45653572681098664,0.029720416700721525,1.0144254946489057,0.9996530549209299,0.021906908423201997,-0.011414426343203509,-0.00914155467332245,0.10032502506469809,0.4521221241145242,-0.38571712480305287,0.0,0.0,0.0014589716830236132,0.43778309447861796,-0.08019220827203309,1.0859616451437704,0.9996564286283143,0.02346747351864996,-0.00900869607288091,-0.007426020724573861,-0.10081791264021626,0.2699682756956053,-0.04809743473588022,0.0,0.0,0.006207901857710098,0.0,0.0,1.0,1.0,0.0,0.0,0.0,26.352856093767823,0.09836849980333891,0.08,100.0,100.0,0.5,55.0,0.08,-0.5879341236064851,-1.0338755788645095,0.0021,0.0018,0.0083,0.0083
159,1763535106.9566705,0.015131960023093721,-0.033180960335023546,0.3613465477512748,-0.0043889568374157785,-0.13252817188396937,0.06963559588476764,-0.16839576954161076,0.00141227341383139,0.428,-0.061,1.093,0.999,0.018,0.044,-0.018,-0.14,0.176,0.064,0.0,0.0,-0.005,0.36,-0.14,0.909,0.999,0.028,0.006,-0.023,-0.018,-0.07,-0.328,0.1,-0.1,-0.0,0.39747537938595623,-0.0350202306661478,1.1004988126617135,0.9996589568308508,0.023470612818998073,-0.009000513995476054,-0.007077507299402011,-0.16750713579107268,0.08171166349333445,0.09467982124183173,0.0,0.0,0.007256642120495878,0.42923174383918117,-0.06575169815592455,1.0891232475673005,0.9996055963032472,0.026400598334109442,-0.00596856742572734,-0.007485749776423073,-0.1136878045230949,0.2318490073557867,-0.08374933521923014,0.0,0.0,0.007399406196025597,0.0,0.0,1.0,1.0,0.0,0.0,0.0,26.374241822866466,0.0984543945764913,0.08,100.0,100.0,0.5,55.0,0.08,-0.5915419407007891,-1.0323761662184674,0.0021,0.0029,0.0164,0.0127
160,1763535107.0092278,-0.014305153435156707,-0.03351005369529124,0.38321490577360573,-0.004228436428510125,-0.14567237128894275,-0.0049635628348407915,0.14547644488678255,0.00036370636078668535,0.42,-0.06,1.063,0.999,0.02,0.046,-0.018,-0.063,0.009,-0.251,0.0,0.0,-0.001,0.359,-0.147,0.892,0.999,0.027,0.001,-0.023,-0.011,-0.099,-0.215,-0.0,-0.0,0.0,0.4046042913862743,-0.06773958339831401,1.0233372604726627,0.999609110187233,0.02640349071713201,-0.005955759184584225,-0.007000817179011101,-0.09442492319534038,-0.08084272288912071,-0.18380766471523946,0.0,0.0,0.007131077093738916,0.4237877003227438,-0.06024172953157008,1.0742429876898807,0.9997276950009769,0.021679829919817182,-0.004672054245228379,-0.007258975947832718,-0.11263988540020116,0.17297643980669072,-0.08152403422869578,0.0,0.0,0.007912128691181972,0.0,0.0,1.0,1.0,0.0,0.0,0.0,26.349427147286566,0.09829961546884404,0.08,100.0,100.0,0.5,55.0,0.08,-0.6027414328198911,-1.0359181487833893,0.0041,0.0016,0.0082,0.0077
161,1763535107.0885582,-0.028196050354088717,-0.04501594489448501,0.40582143596719444,-0.0042618226446042755,-0.07088499993817571,-0.060880461365497976,0.15135414154530408,-0.000589774723321764,0.426,-0.064,1.021,0.999,0.022,0.042,-0.018,0.058,-0.034,-0.419,0.0,0.0,-0.009,0.358,-0.157,0.877,1.0,0.021,0.004,-0.022,-0.017,-0.152,-0.229,-0.3,0.1,0.0,0.43405584314793033,-0.07942400439171084,0.9461119429189792,0.9997289128662471,0.02168062272667598,-0.004668373850292838,-0.00708926392860116,0.02314377412730614,-0.10587845318687111,-0.35208601828905994,0.0,0.0,0.006143886509545557,0.4245277787043159,-0.05833567581763296,1.049735778130334,0.999604963157443,0.025076056860412227,-0.010812440873632265,-0.006648317508579849,-0.09827748652567768,0.11514209412203652,-0.07661144156653973,0.0,0.0,0.008064145850165289,0.0,0.0,1.0,1.0,0.0,0.0,0.0,26.29758457209546,0.09789049159355265,0.08,100.0,100.0,0.5,55.0,0.08,-0.6134021471331673,-1.0468917646581262,0.0169,0.0015,0.0078,0.0075
162,1763535107.1395655,-0.06087104783465135,-0.049230138310240965,0.41378495368597396,-0.0035606162546034485,-0.16619459243822204,-0.02557256156822823,0.0803997321906167,0.0030798496855437042,0.429,-0.08,1.0,0.999,0.019,0.041,-0.018,0.057,-0.33,-0.439,0.0,0.0,0.012,0.358,-0.167,0.866,1.0,0.018,0.002,-0.023,0.002,-0.185,-0.19,-0.1,-0.3,-0.0,0.4369622341965767,-0.1518899438592434,0.912642646225194,0.9996106200138024,0.02508592486933526,-0.010789526345604221,-0.005735054516669072,0.02154499669447489,-0.3698342815871554,-0.3691426149939832,0.0,0.0,0.007835981232189298,0.4255797807067928,-0.07172580738633103,1.0260892822954748,0.9997968964642354,0.01765316483392085,-0.007543868024374425,-0.006133648755860738,-0.08570025875277285,0.0297720463315624,-0.1546488158585661,0.0,0.0,0.007791997345455514,0.0,0.0,1.0,1.0,0.0,0.0,0.0,26.255516906433954,0.09746950216730028,0.08,100.0,100.0,0.5,55.0,0.08,-0.6385113021278234,-1.0572789979482875,0.0019,0.0017,0.008,0.0072
163,1763535107.2406251,-0.0912635917198186,-0.0450785893836896,0.3806583316291677,-0.0021573764900744957,-0.15804982420930136,0.01583473080173272,-0.12425461491543388,0.006660137197184418,0.428,-0.114,0.99,0.999,0.016,0.042,-0.016,-0.013,-0.519,-0.14,0.0,0.0,0.046,0.358,-0.181,0.856,1.0,0.012,0.004,-0.021,-0.0,-0.193,-0.104,-0.2,0.0,0.0,0.42189018613177925,-0.22016701392814517,0.9751140257495647,0.9998077403168244,0.017669281789041313,-0.007506041199075027,-0.003992271176024209,-0.05349157430431936,-0.5199305097774171,0.02606273629501333,0.0,0.0,0.009864166401272642,0.42370239618818606,-0.09647049927226133,1.0141316490451353,0.9999322240939091,0.007172799225807913,-0.007167909284925033,-0.005720073981835273,-0.08347871509883034,-0.061465386365098774,-0.13163926946244522,0.0,0.0,0.007716600737854361,0.0,0.0,1.0,1.0,0.0,0.0,0.0,26.254955888035756,0.0974681595001966,0.08,100.0,100.0,0.5,55.0,0.08,-0.670819061566662,-1.0628453070226254,0.0093,0.0076,0.0295,0.0072
164,1763535107.3336616,-0.10272042051870682,-0.048346220949626546,0.38768550886388337,-0.0014791839854667054,-0.06641050316642307,-0.020846016768053657,0.07320171933649525,0.003175224874031502,0.43,-0.143,0.979,0.999,0.013,0.041,-0.015,0.049,-0.567,-0.226,0.0,0.0,0.066,0.358,-0.195,0.856,1.0,0.001,0.002,-0.021,-0.007,-0.351,0.02,-0.7,0.1,0.1,0.4353850774112077,-0.25476293303591657,0.9524804343292754,0.9999443693921073,0.0071929611249105015,-0.007147676720878704,-0.0029034718476896116,0.002031559411148338,-0.5249402653124696,-0.07975755434736974,0.0,0.0,0.009677656615257024,0.4248812849947496,-0.12540400248508118,0.99839671057206,0.9999298161456175,-0.00010960735980936759,-0.010558074651272783,-0.005373809531078458,-0.07525185225874007,-0.13692376170181952,-0.08955649406854391,0.0,0.0,0.007847151202028304,0.0,0.0,1.0,1.0,0.0,0.0,0.0,26.234836159060595,0.09717336586648372,0.08,100.0,100.0,0.5,55.0,0.08,-0.7023421939454797,-1.0717751461734502,0.0161,0.0083,0.0338,0.0215
165,1763535107.3548439,-0.10209674123660264,-0.04859482781659,0.39247507792261366,-0.0011730370953791963,-0.007153645641349692,-0.006077656429779858,0.06271639618003984,0.0013828160518908775,0.43,-0.143,0.979,0.999,0.013,0.041,-0.015,0.049,-0.567,-0.226,0.0,0.0,0.066,0.358,-0.195,0.856,1.0,0.001,0.002,-0.021,-0.007,-0.351,0.02,-0.7,0.1,0.1,0.43473830727722934,-0.2501578316005973,0.9477126021860114,0.9999406844811648,-8.10851477540975e-05,-0.010558332222182961,-0.002672557805641263,-0.0019739178971492147,-0.4784457113029253,-0.11879201051354377,0.0,0.0,0.008323367905235655,0.42616034453798557,-0.15380973572473286,0.9844943293268171,0.9998158213094533,-0.013160592087610851,-0.01288763771238878,-0.005388048756373808,-0.07161894896883803,-0.18846610329354552,-0.0453221440945971,0.0,0.0,0.007079324045573896,0.0,0.0,1.0,1.0,0.0,0.0,0.0,26.207696415219434,0.09676806634240046,0.08,100.0,100.0,0.5,55.0,0.08,-0.7305624295422684,-1.0800663444398806,0.0012,0.0012,0.0098,0.0085
166,1763535107.4122422,-0.11184172514327904,-0.05686944968533409,0.4099844172903098,-0.0013297946163033914,-0.058934593657042234,-0.046232592125379474,0.1267942046307418,-0.000901091314158893,0.445,-0.231,0.951,0.999,-0.0,0.037,-0.009,0.132,-0.694,-0.336,0.0,0.0,0.089,0.359,-0.22,0.869,1.0,-0.018,-0.001,-0.023,0.012,-0.181,0.141,-0.3,-0.2,-0.1,0.46632449857251884,-0.35892925734903036,0.8886160122545176,0.9998284371947685,-0.013116202468954164,-0.012932811863460769,-0.0019503299117313226,0.07983279502178553,-0.5661367095211892,-0.26808930846871304,0.0,0.0,0.009493801375082626,0.43204507225056904,-0.19320846577302975,0.9665495811059394,0.9995313121328232,-0.027379080350331216,-0.012558328800931565,-0.005461721609034222,-0.0553534885480926,-0.24058073666419594,-0.0843472144681596,0.0,0.0,0.005354294357627687,0.0,0.0,1.0,1.0,0.0,0.0,0.0,26.168989085778815,0.0961990203922595,0.08,100.0,100.0,0.5,55.0,0.08,-0.7654310596437537,-1.092723027337672,0.0032,0.0028,0.0107,0.0081
167,1763535107.5114608,-0.14640931485775405,-0.04819510449146636,0.3450893893572441,0.00025937097585082493,-0.18402212108670282,0.037684781000805204,-0.2834766979362971,0.007812848499140743,0.453,-0.315,0.944,0.999,-0.012,0.036,-0.004,-0.018,-0.96,0.366,0.0,0.0,0.106,0.36,-0.23,0.879,0.999,-0.023,-0.002,-0.023,0.011,-0.143,0.165,-0.2,0.0,0.0,0.44396076848603433,-0.4924117890494036,1.0258403213267187,0.9995452012763247,-0.02732829135907264,-0.01266847088230603,-0.001436990733947334,-0.07560297698345439,-0.8012817968916979,0.4808132472136418,0.0,0.0,0.010953905627917648,0.43192998127561455,-0.24845059667136138,0.9789074257597971,0.9991915522607799,-0.03703972187922842,-0.014525952106352278,-0.005770408062373899,-0.06334319624989829,-0.31418815221968693,-0.0008152932448579966,0.0,0.0,0.004165351628510384,0.0,0.0,1.0,1.0,0.0,0.0,0.0,26.22474908747679,0.09706278451165014,0.08,100.0,100.0,0.5,55.0,0.08,-0.8157980007524112,-1.095521188522713,0.0019,0.003,0.0341,0.0169
168,1763535107.5580683,-0.10658187516643194,-0.056532660484137964,0.388886561493913,-0.0012865578655778063,0.1844962669708351,-0.04650729041250467,0.25349479961906896,-0.007703707109558075,0.459,-0.341,0.937,0.999,-0.016,0.034,-0.002,0.127,-0.511,-0.144,0.0,0.0,0.045,0.361,-0.237,0.895,0.999,-0.027,-0.004,-0.023,0.016,-0.105,0.266,-0.2,-0.2,-0.0,0.47838531969496406,-0.42632330188561973,0.9184316508492916,0.9992001347048123,-0.0370141930501471,-0.014590880519457148,-0.004018273808291821,0.06794758146092525,-0.33653877854761843,-0.11201650383691171,0.0,0.0,0.004015560445116848,0.43841945073434474,-0.2837941617686832,0.9689913429110073,0.9990551867065499,-0.04059980016845664,-0.01431894912969963,-0.005946245609060626,-0.05102315548611373,-0.3021407551941972,0.005925255691075829,0.0,0.0,0.003118714857585371,0.0,0.0,1.0,1.0,0.0,0.0,0.0,26.199678730465592,0.09673235615022074,0.08,100.0,100.0,0.5,55.0,0.08,-0.8324392132189485,-1.1078693947273535,0.0151,0.0081,0.0064,0.0071
169,1763535107.645401,-0.09261794716631531,-0.04563859066721215,0.3693309694452551,-0.0011966115634551833,0.059161452483940016,0.04881708303621524,-0.05888930409389807,0.0003210757240553336,0.458,-0.365,0.943,0.999,-0.018,0.033,-0.001,-0.028,-0.484,0.122,0.0,0.0,0.048,0.362,-0.242,0.912,0.999,-0.039,-0.001,-0.022,0.012,-0.066,0.246,-0.3,0.0,-0.0,0.44627382475705923,-0.443143832056542,0.9722180283149473,0.9990644147531544,-0.04057346105967414,-0.014393412921772368,-0.004113282878619175,-0.08882449174770006,-0.29011839974546233,0.15046763589219925,0.0,0.0,0.0055905178252700855,0.43798057460590684,-0.31707243107049765,0.9715427916491713,0.9987948149761123,-0.04561067649908015,-0.01707334002011151,-0.006089731249194472,-0.06507443522997279,-0.28046500963431353,0.07759395495843953,0.0,0.0,0.002924530170449793,0.0,0.0,1.0,1.0,0.0,0.0,0.0,26.20490964078007,0.09680059241338214,0.08,100.0,100.0,0.5,55.0,0.08,-0.848784496263062,-1.1104652852885786,0.0099,0.0066,0.0284,0.0129
170,1763535107.6916997,-0.07321471947108149,-0.05819266656761355,0.37948177527221083,-0.002445374635327368,0.08775434375953763,-0.06733423856872818,0.08768712607930403,-0.006363476515706442,0.466,-0.383,0.946,0.999,-0.021,0.032,-0.0,0.149,-0.349,0.057,0.0,0.0,0.02,0.363,-0.243,0.924,0.999,-0.039,-0.001,-0.023,0.012,-0.011,0.194,0.0,-0.1,-0.1,0.4900376034490147,-0.4334837090313938,0.9486737559969525,0.9987993242450071,-0.04559714186598783,-0.017109453638239392,-0.005298786424381538,0.09109581283022511,-0.15912436907343327,0.006668990659937712,0.0,0.0,0.0034125066991360503,0.44541895375264645,-0.3430259678366991,0.9745870777597838,0.9981771532044172,-0.05819983887504435,-0.014554137278156241,-0.006582299274027603,-0.048241574650770565,-0.24211361650022378,0.011733294950367536,0.0,0.0,0.0008180784832537153,0.0,0.0,1.0,1.0,0.0,0.0,0.0,26.20960738568463,0.09685550567424754,0.08,100.0,100.0,0.5,55.0,0.08,-0.8574142352632746,-1.124452107182148,0.0172,0.0014,0.0074,0.0115
171,1763535107.790746,-0.07849474192615426,-0.050567876400765294,0.3700343715388524,-0.0021159579267959476,-0.03372158422247197,0.032304684177479934,-0.009288841139571468,0.0014025460791243665,0.467,-0.421,0.954,0.999,-0.029,0.033,0.001,0.011,-0.465,0.091,0.0,0.0,0.033,0.364,-0.241,0.936,0.999,-0.034,-0.005,-0.021,0.016,0.054,0.184,-0.0,0.2,0.2,0.4631647677387103,-0.4942656166403896,0.9767050193774729,0.9981853118601861,-0.05817962688082691,-0.014634724903472026,-0.005199906690557562,-0.048841296227195144,-0.2858009585330973,0.12201359537033245,0.0,0.0,0.00621152204407691,0.44685106809160424,-0.3742261760843896,0.9765653028238667,0.9985626242260045,-0.05034647898104698,-0.017126084424176204,-0.006679430019274762,-0.05628672739186191,-0.21686615895499523,0.05214564315880081,0.0,0.0,0.002067797062946875,0.0,0.0,1.0,1.0,0.0,0.0,0.0,26.213030222921354,0.09689089587975695,0.08,100.0,100.0,0.5,55.0,0.08,-0.8763924024437664,-1.129019965162386,0.0162,0.0101,0.0364,0.0072
172,1763535107.8115647,-0.08444674120941323,-0.04685287633284879,0.3727477470133593,-0.0020266222346199667,-0.03760947060891031,0.013518212699505996,0.050570314526420135,0.00023508266820030732,0.467,-0.421,0.954,0.999,-0.029,0.033,0.001,0.011,-0.465,0.091,0.0,0.0,0.033,0.364,-0.241,0.936,0.999,-0.034,-0.005,-0.021,0.016,0.054,0.184,-0.0,0.2,0.2,0.46329136327384685,-0.4976994082582934,0.9704046222671879,0.9985710900776791,-0.05032214900919872,-0.017197442617698053,-0.005263776931322741,-0.04866046490593692,-0.3148972693838386,0.07694486981526823,0.0,0.0,0.006166405509091872,0.44796022467828245,-0.40247442311693243,0.9799600163946123,0.998901207614332,-0.044168541495702304,-0.014264220090605219,-0.0064845504068213955,-0.06166398905992347,-0.205352236016053,0.04269367293852584,0.0,0.0,0.002222270730616349,0.0,0.0,1.0,1.0,0.0,0.0,0.0,26.217278924897762,0.09692469630998969,0.08,100.0,100.0,0.5,55.0,0.08,-0.8953150538317282,-1.1340852203881928,0.0019,0.0016,0.0082,0.0084
173,1763535107.9101171,-0.04281372427487071,-0.040955652818219127,0.3337546408567446,-0.0030412210908041734,0.1997204105517712,0.024800829939863444,-0.1576907560817368,-0.0052756565043830285,0.459,-0.407,1.024,0.999,-0.026,0.04,-0.0,-0.044,0.122,0.42,0.0,0.0,-0.014,0.366,-0.227,0.961,0.999,-0.031,-0.003,-0.024,0.01,0.138,0.203,-0.1,0.0,-0.0,0.4441237200382914,-0.36828742639180767,1.1081098892147376,0.9988995176168319,-0.044172185811254275,-0.014252930691855254,-0.006739856987349574,-0.10314904474883545,0.2582885112022609,0.4132112484708815,0.0,0.0,0.0021992764947583432,0.4459867964051286,-0.4018882691796209,1.0021987700670136,0.9992464732650325,-0.03443796423264766,-0.016730710072357095,-0.006371469797496931,-0.07584726657195444,-0.11517591241254359,0.10680664704728782,0.0,0.0,0.003531781783487974,0.0,0.0,1.0,1.0,0.0,0.0,0.0,26.267256554787284,0.0972170891827452,0.08,100.0,100.0,0.5,55.0,0.08,-0.8799021358236202,-1.1375073116446686,0.014,0.0111,0.0246,0.0062
174,1763535107.999224,-0.002774891553205358,-0.04503565016555423,0.35506001031212386,-0.003674878380587522,0.19591279118083968,-0.02449555201849738,0.13990231136257103,-0.0034724085579971634,0.462,-0.377,1.042,0.999,-0.023,0.039,-0.002,0.029,0.302,0.186,0.0,0.0,-0.034,0.367,-0.216,0.973,0.999,-0.031,-0.003,-0.023,0.018,0.173,0.176,-0.1,-0.1,0.0,0.46214121507960193,-0.30403296242936806,1.0748888031001176,0.9992396166868708,-0.03445464483965974,-0.016696331602699416,-0.007368745039788742,-0.022839487515487047,0.4177995969430173,0.0948246425509775,0.0,0.0,0.0015913551221320376,0.4472267735063093,-0.38967506806544483,1.0153950013703823,0.9993064829888797,-0.033505939510258695,-0.014758278581014127,-0.006789571949388962,-0.07678061983713193,-0.018696379713468846,0.11132448164446056,0.0,0.0,0.003386787890518899,0.0,0.0,1.0,1.0,0.0,0.0,0.0,26.281841670879814,0.0972746997568193,0.08,100.0,100.0,0.5,55.0,0.08,-0.8576930035636222,-1.1452319707050285,0.0086,0.0061,0.0296,0.0342
175,1763535108.0809138,0.015533473872872763,-0.04751517930126318,0.36032160240475025,-0.003834709527627098,0.09126433797507005,-0.016901210695100186,0.06181396149434443,-0.0011666435732566338,0.462,-0.377,1.042,0.999,-0.023,0.039,-0.002,0.029,0.302,0.186,0.0,0.0,-0.034,0.367,-0.216,0.973,0.999,-0.031,-0.003,-0.023,0.018,0.173,0.176,-0.1,-0.1,0.0,0.4629759859278901,-0.30553396186662646,1.0701626101458381,0.9992996531928974,-0.03351980912046718,-0.014726750003560876,-0.00772970629552386,-0.0164810525708861,0.3902515461052877,0.0801067818873064,0.0,0.0,0.0026638568852025224,0.44833567301871025,-0.37661830778224853,1.0275249823857255,0.9992843229066729,-0.03470880272194875,-0.013195199621307973,-0.0072130238814858095,-0.07576620684731925,0.06417965983066173,0.12196750758849545,0.0,0.0,0.003283258172787197,0.0,0.0,1.0,1.0,0.0,0.0,0.0,26.29371954474269,0.09729660858727479,0.08,100.0,100.0,0.5,55.0,0.08,-0.8415276812590187,-1.1527138542894786,0.0085,0.006,0.0308,0.0343
176,1763535108.16391,0.0028132756099926194,-0.04691881144226689,0.37172596535517927,-0.003678823768679376,-0.06204764392711344,-0.0017696786351448397,0.09305397499262041,0.00039595784197590204,0.462,-0.371,1.047,0.999,-0.024,0.039,-0.002,0.007,0.133,0.094,0.0,0.0,0.004,0.369,-0.185,0.982,1.0,-0.008,0.001,-0.023,0.018,0.24,-0.006,0.4,-0.0,0.1,0.4592330366868588,-0.33755937703657096,1.0494901210082799,0.9992880586775261,-0.03470169911207815,-0.013213869916573149,-0.0066754404396857665,-0.03585088422778078,0.17521969561040077,-0.02822044543624253,0.0,0.0,0.006389289748970981,0.4483720380809704,-0.3695540047096333,1.036384978357936,0.9996800007812378,-0.02162347150690313,-0.011033971139819661,-0.007111469531691652,-0.07452980260711727,0.0999592439195517,0.04973960344471224,0.0,0.0,0.004621443743709234,0.0,0.0,1.0,1.0,0.0,0.0,0.0,26.300575679469567,0.09729587540077687,0.08,100.0,100.0,0.5,55.0,0.08,-0.8394772613400685,-1.1585038903345852,0.0088,0.0062,0.0302,0.0338
177,1763535108.243973,-0.007651811513829879,-0.047089867367339104,0.36509888560371606,-0.00384223889170801,-0.05204410805811324,-0.005547160769587778,0.004037197778201954,-0.001184957992011103,0.462,-0.371,1.047,0.999,-0.024,0.039,-0.002,0.007,0.133,0.094,0.0,0.0,0.004,0.37,-0.165,0.979,1.0,0.0,-0.001,-0.024,0.021,0.258,-0.049,0.3,-0.2,-0.0,0.4589792939683003,-0.34226807874019316,1.0597417539181442,0.999683869788489,-0.021617215993744558,-0.01104622160759141,-0.006545032130342595,-0.03890024492709273,0.13541523042246026,0.05322166965889586,0.0,0.0,0.006313684230604566,0.4484571559372614,-0.36212737039183396,1.0423855094320582,0.9998933657967485,-0.0053526359449328955,-0.01168136446643869,-0.006939167694514915,-0.07409247607803016,0.11660514979890882,0.03535285565556589,0.0,0.0,0.005756875601888499,0.0,0.0,1.0,1.0,0.0,0.0,0.0,26.30913438722635,0.09729086785365026,0.08,100.0,100.0,0.5,55.0,0.08,-0.8387139113840192,-1.1642654456381674,0.0084,0.0059,0.0293,0.0333
178,1763535108.3359096,0.002774835986460311,-0.036014179141843294,0.34565521786777786,-0.00426364491718216,0.051368056350067956,0.05066945439074513,-0.06070845011931935,-0.0024912540165415507,0.457,-0.355,1.061,0.999,-0.022,0.04,-0.002,-0.105,0.32,0.269,0.0,0.0,-0.022,0.371,-0.146,0.974,1.0,0.003,-0.002,-0.024,0.015,0.232,-0.071,0.0,-0.0,0.0,0.4312663240002518,-0.29239669065552576,1.1109615095487257,0.9998906075891553,-0.005357152841510394,-0.011679293676822293,-0.007325835626973399,-0.15286430071639437,0.3015274161999244,0.23503581071621313,0.0,0.0,0.004276701320079546,0.44337867627774347,-0.34561616690913677,1.0563329703888051,0.9998804764498186,0.005364677662182351,-0.01283312327703967,-0.006750110741376432,-0.09072911199920103,0.14353802773807375,0.05175056480582126,0.0,0.0,0.006197463962045165,0.0,0.0,1.0,1.0,0.0,0.0,0.0,26.34266261804512,0.09728187520435133,0.08,100.0,100.0,0.5,55.0,0.08,-0.827816558642146,-1.1635262023622785,0.0082,0.0063,0.0285,0.0452
179,1763535108.4013205,0.04264086279906958,-0.03921641350889546,0.34752056461954195,-0.004752522783830138,0.1996076176616924,-0.019612589749445145,0.043892255545597766,-0.002870753824958108,0.455,-0.25,1.091,0.999,-0.007,0.042,-0.008,-0.017,0.768,0.222,0.0,0.0,-0.069,0.372,-0.128,0.967,1.0,0.006,-0.0,-0.024,0.016,0.206,-0.082,0.1,-0.0,-0.0,0.44672173063947646,-0.09860718335502044,1.1326465725370571,0.9998640766137985,0.005337687447042773,-0.012844372782681825,-0.0088520888932122,-0.06295027790474528,0.7465110888197732,0.15842209790261072,0.0,0.0,0.0008588789900359899,0.4420439674092033,-0.30294571474010745,1.069400916054434,0.9998674714229018,0.0047339403127021566,-0.01341532091737853,-0.007915716276626848,-0.09350764316936365,0.2299763061329736,0.0793242429904567,0.0,0.0,0.0059441152646194555,0.0,0.0,1.0,1.0,0.0,0.0,0.0,26.368592931724255,0.09728004366529179,0.08,100.0,100.0,0.5,55.0,0.08,-0.7916836318897148,-1.167221149332501,0.0022,0.0018,0.0252,0.0347
180,1763535108.4855163,0.06977628059497488,-0.03834430704438443,0.3582998888058571,-0.0054122231971225855,0.13994117525943348,0.00043889097166562984,0.08864867739352994,-0.0037737543448452472,0.451,-0.177,1.104,0.999,0.001,0.044,-0.012,-0.036,0.734,0.138,0.0,0.0,-0.071,0.373,-0.114,0.958,1.0,0.004,0.001,-0.024,0.015,0.228,-0.16,-0.1,0.1,-0.0,0.4392533971666767,-0.03208745509176956,1.122982276177869,0.999848281736018,0.004705273361262866,-0.013425402369995119,-0.010051491597374588,-0.07751461153573098,0.7059518579035623,0.03296647554642227,0.0,0.0,0.0014304168412319221,0.4396382616690149,-0.25783646015359685,1.079559158797729,0.9998647077117468,0.00228789754291229,-0.013626145524983684,-0.008925242599964805,-0.09882226249145726,0.30270744321366067,0.07752232305397666,0.0,0.0,0.006040507571135281,0.0,0.0,1.0,1.0,0.0,0.0,0.0,26.38128435009691,0.09727611455947453,0.08,100.0,100.0,0.5,55.0,0.08,-0.7620777193608979,-1.1701768312935958,0.0084,0.0063,0.0297,0.0355
181,1763535108.571725,0.05672152334047108,-0.047396900840802496,0.37837395121014683,-0.0051056475777798436,-0.05829615821302153,-0.049097399686528764,0.1362003009020339,0.0009916557770014507,0.454,-0.153,1.102,0.999,0.002,0.044,-0.013,0.055,0.503,-0.049,0.0,0.0,-0.057,0.373,-0.098,0.939,1.0,0.014,0.003,-0.025,0.007,0.19,-0.247,0.1,0.1,-0.0,0.4611101067397668,-0.05579935702273625,1.079327283270793,0.9998495071134923,0.002266559239627262,-0.013629711157913704,-0.010490796341157545,0.017633610879144827,0.44734888228186276,-0.15688597672986943,0.0,0.0,0.0035897280291628886,0.4413540733399523,-0.22272380529790703,1.0811631425975048,0.9998931661959269,0.005574179400662629,-0.009722670198979561,-0.009383730755716045,-0.08787354173598863,0.3305975553211915,0.017561522059945378,0.0,0.0,0.0066137638622582925,0.0,0.0,1.0,1.0,0.0,0.0,0.0,26.372945095198872,0.09730316585927905,0.08,100.0,100.0,0.5,55.0,0.08,-0.7495280613297485,-1.1790808227923837,0.0092,0.0064,0.0308,0.0352
182,1763535108.6559963,0.02469680629457452,-0.03871155321500092,0.3730851115864059,-0.005521406229332006,-0.15445143289543567,0.03868704804492763,0.01139319700230991,-0.002589358015538791,0.45,-0.141,1.1,0.999,0.003,0.044,-0.013,-0.084,0.249,-0.037,0.0,0.0,-0.002,0.375,-0.083,0.913,0.999,0.027,0.004,-0.024,0.012,0.16,-0.321,0.3,0.1,0.0,0.42958883470950787,-0.0985241862422857,1.0843764995247194,0.9998976929877087,0.005578996190332547,-0.009719907062166376,-0.008888293765900971,-0.12195557566681971,0.15514977932809493,-0.07847255333265517,0.0,0.0,0.008108186183805297,0.43687851118855026,-0.19945175606355117,1.0817706972670766,0.9997261507275894,0.019324875078402616,-0.009622526030666453,-0.00903215076218531,-0.09654845648302944,0.3077644111683471,-0.024386480680411087,0.0,0.0,0.0076164740900886594,0.0,0.0,1.0,1.0,0.0,0.0,0.0,26.371484533742834,0.0973072094564618,0.08,100.0,100.0,0.5,55.0,0.08,-0.7522866970518599,-1.180273447988911,0.0088,0.0062,0.0297,0.0352
183,1763535108.7294185,-0.00025173836468280614,-0.04578994327002378,0.37602883656081515,-0.004772158347363433,-0.12227304266682922,-0.03926310559661436,0.05202713603068707,0.0031940987869096714,0.451,-0.132,1.094,0.999,0.002,0.043,-0.013,0.025,0.168,-0.12,0.0,0.0,0.022,0.376,-0.073,0.885,0.999,0.031,0.002,-0.023,0.017,0.109,-0.313,0.1,-0.1,0.1,0.452104519139678,-0.10953374963036745,1.0685930110970185,0.9997378177743605,0.01933832989895059,-0.009595457296349873,-0.007632293741261721,-0.015247013794881492,0.054815786122292334,-0.11835833516770224,0.0,0.0,0.010581954181766641,0.4373099390575055,-0.18094234538148082,1.077231481985025,0.9994161649239857,0.03186442815927342,-0.00886218833051587,-0.008570246478948109,-0.08872539183438415,0.26111696886934466,-0.05395762871917917,0.0,0.0,0.008847449335783023,0.0,0.0,1.0,1.0,0.0,0.0,0.0,26.361754639775135,0.09730166482894322,0.08,100.0,100.0,0.5,55.0,0.08,-0.7571898788365601,-1.1882285867487579,0.0083,0.0065,0.0451,0.0093
184,1763535108.7990503,0.013445212015901476,-0.042133071864071156,0.3837725194225451,-0.005432030863654728,0.0684595780664531,0.01370536270276081,0.07632129796473103,-0.003776578416192819,0.449,-0.112,1.084,0.999,0.004,0.044,-0.013,-0.036,0.415,-0.208,0.0,0.0,-0.033,0.377,-0.068,0.865,0.999,0.026,0.008,-0.024,0.008,0.074,-0.341,-0.1,0.4,-0.0,0.43759380635027295,-0.040664412001934054,1.0459783181644904,0.9994105302645824,0.031858802874536456,-0.008882389505333372,-0.009203903103766217,-0.07796617934407366,0.31362195577907637,-0.1763133765982879,0.0,0.0,0.005166683019521128,0.4351681513345919,-0.15261181124069736,1.0673754725270561,0.9993621718075543,0.032560984031330065,-0.011813223893362717,-0.008687900796238815,-0.09265971563955505,0.2494870462424931,-0.05951557693380168,0.0,0.0,0.008641501430905498,0.0,0.0,1.0,1.0,0.0,0.0,0.0,26.340938138333765,0.0972433637057135,0.08,100.0,100.0,0.5,55.0,0.08,-0.7460604502208852,-1.1912444580627932,0.0021,0.0017,0.012,0.0525
185,1763535108.883264,0.02758290488641199,-0.028860571262247628,0.35671370415420856,-0.005952117615465919,0.07203298555414273,0.062149195822710536,-0.09691682439942778,-0.0031436368454214277,0.442,-0.089,1.089,0.999,0.008,0.046,-0.014,-0.152,0.461,0.094,0.0,0.0,-0.031,0.378,-0.066,0.845,1.0,0.019,0.004,-0.024,0.018,0.019,-0.28,-0.2,-0.1,0.0,0.40735083225956703,-0.005731456528008527,1.1093123527214617,0.9993571833632762,0.032554406363629704,-0.011831338307854843,-0.009243923429803505,-0.19469557104528493,0.38560904134934104,0.12556483469256924,0.0,0.0,0.00593216281149597,0.42757231895152426,-0.12303634909345758,1.0719189283543606,0.9996258458816899,0.023716149737933564,-0.010038380892351002,-0.009216474162283814,-0.11244654967074562,0.252306423081646,-0.03660714314722206,0.0,0.0,0.00909734750997605,0.0,0.0,1.0,1.0,0.0,0.0,0.0,26.361097813050613,0.09733160486253903,0.08,100.0,100.0,0.5,55.0,0.08,-0.7322971521419431,-1.1882242375732248,0.0083,0.006,0.0302,0.0357
186,1763535108.9685884,0.06693175315197544,-0.020767567576734584,0.38595679484983714,-0.007260559201363717,0.1995025318164584,0.03757896130134047,0.1818868238935634,-0.0071374196910355785,0.433,-0.042,1.077,0.999,0.012,0.045,-0.018,-0.167,0.88,-0.22,0.0,0.0,-0.13,0.38,-0.066,0.824,1.0,0.019,0.003,-0.024,0.016,-0.013,-0.241,-0.1,-0.0,-0.1,0.39530977650912114,0.12772576651284373,1.0362786069229732,0.9995785035181,0.02367391815515509,-0.010137576067040008,-0.013401136339285085,-0.2068283671604,0.820368167141195,-0.2153777720996847,0.0,0.0,-0.0016572230465117612,0.41891304962167897,-0.07430280132355428,1.061825740187356,0.9997845092173697,0.013232780059326248,-0.012160954075232187,-0.01038941080451021,-0.13199777141889385,0.3251745171530657,-0.05345429164124488,0.0,0.0,0.00787085289004041,0.0,0.0,1.0,1.0,0.0,0.0,0.0,26.33688727905158,0.0971840032478651,0.08,100.0,100.0,0.5,55.0,0.08,-0.6965100245285689,-1.1841901682752685,0.0092,0.0067,0.0304,0.0349
187,1763535109.0583649,0.08916980608080738,-0.03223749183936622,0.4073407178213817,-0.007119996047617278,0.11788343995935724,-0.059426378070831655,0.14551529434270646,-2.3240151404182487e-05,0.432,0.001,1.056,0.999,0.017,0.044,-0.021,-0.016,0.814,-0.407,0.0,0.0,-0.097,0.381,-0.068,0.801,0.999,0.023,0.011,-0.023,0.024,-0.037,-0.296,0.1,0.3,-0.0,0.4248427845119103,0.15792835363755536,0.9769870746276681,0.9997503854334002,0.01319765018661047,-0.01219906970511561,-0.01327296325803894,-0.048457232837760995,0.7427850171296058,-0.37579704423746185,0.0,0.0,0.0029297372018907203,0.41690702402469354,-0.027479714597527568,1.0423052869814373,0.9997873306488144,0.013530224382410343,-0.011070975107602764,-0.010938921905143588,-0.12807407397798554,0.3817495528584424,-0.08159827142434081,0.0,0.0,0.008400230009000666,0.0,0.0,1.0,1.0,0.0,0.0,0.0,26.28782196980551,0.09685396746796718,0.08,100.0,100.0,0.5,55.0,0.08,-0.6681415883703131,-1.1904255296261064,0.0091,0.0064,0.034,0.0363
188,1763535109.1447985,0.05785794591895711,-0.04530170064656597,0.40080613077979604,-0.0058569348246527595,-0.1476423202011706,-0.06854479321993537,0.008061136574210087,0.005603306510060869,0.436,0.039,1.026,0.999,0.021,0.043,-0.023,0.044,0.401,-0.31,0.0,0.0,-0.042,0.384,-0.074,0.776,0.999,0.034,0.011,-0.023,0.033,-0.079,-0.266,0.1,-0.0,0.1,0.44216626274162485,0.11106682843824218,0.9640932294642339,0.99977837446005,0.013521471768757835,-0.01108166336242968,-0.01172895990054077,0.02127134304657343,0.29426474805753045,-0.24044360862222094,0.0,0.0,0.007850665920297576,0.4178868186558997,0.0020742497717806917,1.0266100409781904,0.9997672130377071,0.017583920556849573,-0.006289124286371255,-0.01080612735337301,-0.11166126789334663,0.3700942447259653,-0.14315317781148051,0.0,0.0,0.009377442221024051,0.0,0.0,1.0,1.0,0.0,0.0,0.0,26.262481543404387,0.09663215176988954,0.08,100.0,100.0,0.5,55.0,0.08,-0.6654896534742375,-1.2007233794182934,0.0088,0.0065,0.0324,0.0345
189,1763535109.232235,0.016700951966259175,-0.05170360456871658,0.389616482810477,-0.004976468942951938,-0.19999917517159405,-0.0365396896754097,-0.01586762676861554,0.003816635926038827,0.44,0.022,0.992,0.999,0.018,0.044,-0.02,0.036,-0.136,-0.284,0.0,0.0,0.04,0.388,-0.086,0.762,0.999,0.044,0.008,-0.024,0.047,-0.163,-0.136,0.1,0.0,-0.0,0.44533033452633514,-0.017901180299907248,0.9488023304374879,0.999788968778323,0.017598006581679704,-0.006249600850468747,-0.008559822588023128,0.01398302001629506,-0.27813867444248286,-0.13670540594902447,0.0,0.0,0.013362860271657902,0.41900728040875324,0.005155275332050707,1.0086237482735287,0.9994583007575244,0.03130373734123347,-0.002222496852934933,-0.009911689214843629,-0.09417560429019192,0.2693113290796033,-0.13605073071098017,0.0,0.0,0.011625557876293116,0.0,0.0,1.0,1.0,0.0,0.0,0.0,26.240311720331288,0.09638396157399531,0.08,100.0,100.0,0.5,55.0,0.08,-0.6913866911906877,-1.2105516233906448,0.0085,0.0068,0.0327,0.0352
190,1763535109.3277082,-0.023336344750736614,-0.05578858315741397,0.40370779272596025,-0.00466001543378854,-0.19851638838835306,-0.025595253400358592,0.10941819785846395,0.0010846206515217967,0.447,0.008,0.94,0.999,0.015,0.041,-0.019,0.054,-0.108,-0.392,0.0,0.0,0.023,0.393,-0.105,0.758,0.999,0.042,0.007,-0.023,0.055,-0.237,-0.016,-0.1,0.0,-0.0,0.4554205846109944,-0.029375680910659764,0.8783714307273381,0.9994722952811146,0.03130710098074664,-0.0021746015661663425,-0.008382571306608072,0.022868525831236573,-0.25457132975434527,-0.2502543888428116,0.0,0.0,0.010428648262685424,0.42173067621386795,0.006453300636070466,0.9831178655040581,0.9990709441525247,0.04195025267223174,-0.004353031229135511,-0.00885866638027695,-0.07597880020501074,0.16904301083653236,-0.11775729575490257,0.0,0.0,0.012119926663266887,0.0,0.0,1.0,1.0,0.0,0.0,0.0,26.19745335915942,0.09583567700513002,0.08,100.0,100.0,0.5,55.0,0.08,-0.7095323090740352,-1.220281090560987,0.0085,0.0071,0.0552,0.0211
191,1763535109.3466244,-0.02462847662116361,-0.04476095864619998,0.3749912799876165,-0.0037215766276984612,-0.008794293827208671,0.04955926424032854,-0.10321178441912292,0.0042261924870715456,0.441,0.017,0.938,0.999,0.018,0.046,-0.02,-0.064,0.09,-0.015,0.0,0.0,-0.015,0.398,-0.131,0.761,0.999,0.031,0.003,-0.024,0.057,-0.31,0.056,-0.3,-0.1,-0.0,0.42443688963175746,0.021285727197942347,0.9465832666365706,0.9990711763576765,0.04195036692946539,-0.004351929988997159,-0.008832439705007068,-0.10878008463789597,-0.019297097578142904,0.10967697680624172,0.0,0.0,0.006411765502736258,0.4191408214995749,0.014871928115610722,0.9764057847763514,0.999267597197231,0.03620107980729405,-0.008950594652735738,-0.00858125094731244,-0.08185655228795646,0.11230510133377834,-0.06671977238729604,0.0,0.0,0.010702141896459788,0.0,0.0,1.0,1.0,0.0,0.0,0.0,26.2039990773329,0.09593958923146115,0.08,100.0,100.0,0.5,55.0,0.08,-0.7108273216067532,-1.221934965028603,0.0016,0.0013,0.0074,0.0071
192,1763535109.408018,-0.06410837970186214,-0.07450479859668886,0.398042207706721,-0.0042860151601180185,-0.1998623630656091,-0.15319529561706438,0.15275376659428413,-0.003194350324867629,0.47,-0.021,0.885,0.999,0.027,0.041,-0.021,0.284,-0.533,-0.208,0.0,0.0,0.022,0.403,-0.157,0.771,0.999,0.022,0.002,-0.024,0.064,-0.357,0.155,-0.3,-0.0,0.0,0.5218032048692797,-0.13607629533033794,0.8533426477390843,0.9992779933104654,0.03621278883490897,-0.008903103315695379,-0.007270540664751817,0.2323212446275316,-0.5900508012038854,-0.12859115150433773,0.0,0.0,0.008227519978877286,0.43378196835830907,-0.008327335370328929,0.9591164147287397,0.9996554660729419,0.022697450918701307,-0.01121912093944624,-0.00692143031667558,-0.0398097227861697,-0.013607635319766151,-0.06905451669238734,0.0,0.0,0.009480505932478496,0.0,0.0,1.0,1.0,0.0,0.0,0.0,26.181753558563397,0.09564268743724585,0.08,100.0,100.0,0.5,55.0,0.08,-0.7447139364824188,-1.2455681266660426,0.0017,0.0015,0.0079,0.0096
193,1763535109.4752796,-0.10280299288081876,-0.07693465906915292,0.38694277238028657,-0.0007257247692621931,-0.1998839038649693,-0.01959978222198925,-0.01569295586150013,0.017372850438267324,0.477,-0.105,0.896,0.999,0.018,0.04,-0.017,0.183,-0.804,-0.082,0.0,0.0,0.074,0.407,-0.181,0.782,1.0,0.015,0.004,-0.023,0.061,-0.37,0.172,-0.2,-0.0,-0.0,0.5081996773068267,-0.26897880012762065,0.8900616603115271,0.9996724158087491,0.0227329952662527,-0.011146922404202371,-0.003744077755434536,0.12501737430670695,-0.8115217321338891,0.01847214855154347,0.0,0.0,0.01292296556844565,0.44433770849434256,-0.05018154952597487,0.9488992198982933,0.9998599523584133,0.007795210960142596,-0.013589560650293625,-0.0058850826035577895,-0.021450128430691676,-0.1449315021277448,-0.024884885264880658,0.0,0.0,0.008986762809032524,0.0,0.0,1.0,1.0,0.0,0.0,0.0,26.174670055449614,0.09553783783352517,0.08,100.0,100.0,0.5,55.0,0.08,-0.7901267057559804,-1.260806677104554,0.0022,0.0053,0.007,0.007
194,1763535109.5704305,-0.1305790822363726,-0.07528226969882354,0.39133520240429026,0.0009254728947928233,-0.1491607460658512,0.0005684809447315045,0.060656427358047035,0.008183415843348866,0.477,-0.105,0.896,0.999,0.018,0.04,-0.017,0.183,-0.804,-0.082,0.0,0.0,0.074,0.412,-0.205,0.796,1.0,0.004,-0.003,-0.023,0.071,-0.412,0.263,-0.4,-0.1,-0.1,0.5077317091478578,-0.26462772406752155,0.8842682987567676,0.9998733432275502,0.007837065445549555,-0.013565466368072624,-0.0028028611061792557,0.11432212310443891,-0.7634591027521128,-0.019054967522180225,0.0,0.0,0.008816131931095001,0.454369174604847,-0.09138585514824701,0.941120048934439,0.9999176943093759,0.002943157212539368,-0.011328875687366303,-0.005253475830718637,-0.004362167108213258,-0.24411942690392388,-0.04017252644178371,0.0,0.0,0.0077301938207633035,0.0,0.0,1.0,1.0,0.0,0.0,0.0,26.169860278576095,0.09546716519810981,0.08,100.0,100.0,0.5,55.0,0.08,-0.8286310434054065,-1.274017191015739,0.002,0.0017,0.011,0.0353
195,1763535109.6064649,-0.13910595064858658,-0.06647212430534512,0.370448701356898,0.0026879250779151057,-0.05569225028470709,0.03652249999750976,-0.06529898499653203,0.008904808205090695,0.482,-0.145,0.902,0.999,0.014,0.041,-0.015,0.099,-0.784,0.128,0.0,0.0,0.075,0.416,-0.229,0.813,1.0,-0.009,-0.004,-0.023,0.059,-0.37,0.28,-0.5,-0.1,-0.0,0.4940611291307351,-0.2956205124629073,0.9381626455367673,0.9999288672570776,0.002976693135999862,-0.011320110277360958,-0.002292340999964134,0.013874792294048092,-0.6874259641133263,0.2213352610458716,0.0,0.0,0.005916711068243095,0.4608954129091769,-0.13369901022038833,0.9423833301214126,0.9996996907701158,-0.012080920148330116,-0.02065582921821917,-0.005283593645654855,-0.007438607581492618,-0.3153078620089715,0.023585882069875042,0.0,0.0,0.008019533671561241,0.0,0.0,1.0,1.0,0.0,0.0,0.0,26.187430989587348,0.09566332908061821,0.08,100.0,100.0,0.5,55.0,0.08,-0.8615384009753797,-1.2815409664236352,0.0021,0.0017,0.0093,0.0058
196,1763535109.6783297,-0.14650640149504357,-0.07892094663217586,0.3967577360523936,-2.2372231870845978e-05,-0.050912849297143466,-0.06889132406468834,0.1685900436131676,-0.013282694041138247,0.509,-0.232,0.891,0.999,0.003,0.034,-0.011,0.277,-0.899,-0.114,0.0,0.0,0.069,0.419,-0.25,0.832,0.999,-0.02,-0.005,-0.024,0.056,-0.341,0.323,-0.4,0.0,0.0,0.5551720680964193,-0.3994880044107864,0.8740939980476073,0.9997095930297593,-0.012030584225674141,-0.020685186861895296,-0.0028491563577091638,0.1851503499801179,-0.7494315704143641,-0.07841347666922657,0.0,0.0,0.0022815369005553215,0.4765482013085306,-0.18578275204912076,0.9337340095165804,0.9992395106382815,-0.02981176596197616,-0.024515391726971335,-0.005536655856106621,0.010654742278023328,-0.3787515285928705,0.018364676751755404,0.0,0.0,0.003868131062799161,0.0,0.0,1.0,1.0,0.0,0.0,0.0,26.167863604954853,0.09547677629693967,0.08,100.0,100.0,0.5,55.0,0.08,-0.8995591755913779,-1.2990795292513528,0.002,0.002,0.0096,0.0108
197,1763535109.7847934,-0.14387384646059126,-0.08335098920876041,0.3980870668605508,-0.0005858356878718012,-0.0014878649772426117,-0.030042307546140387,0.04632242764602499,-0.0028195545031918607,0.509,-0.232,0.891,0.999,0.003,0.034,-0.011,0.277,-0.899,-0.114,0.0,0.0,0.069,0.423,-0.27,0.853,0.999,-0.029,-0.009,-0.025,0.044,-0.297,0.329,-0.3,-0.2,-0.1,0.5548206556082917,-0.39415021626213964,0.8730637617345588,0.9992497711289856,-0.02975400687826,-0.024585461069236657,-0.0031857616626689653,0.18157185785706145,-0.7022607796343431,-0.05574554638154806,0.0,0.0,0.004768617883970895,0.4914018461125622,-0.23544593912071113,0.9254165501422362,0.9985529997564567,-0.04644123210318416,-0.02635510160340949,-0.006366102229304222,0.02312448454596336,-0.41427339561827775,0.02296792734435993,0.0,0.0,0.0007893568926747363,0.0,0.0,1.0,1.0,0.0,0.0,0.0,26.147029154928735,0.09532180183256313,0.08,100.0,100.0,0.5,55.0,0.08,-0.9345830995119266,-1.3149920555642516,0.0022,0.0079,0.0477,0.0054
198,1763535109.8040957,-0.15416192953794564,-0.06868811434589092,0.3676820863861787,0.0001813055970445633,-0.06582780003283112,0.0649792753934714,-0.1122161956858053,0.0037771228557946426,0.541,-0.429,0.902,0.999,-0.024,0.03,-0.001,0.082,-0.933,0.212,0.0,0.0,0.081,0.425,-0.285,0.872,0.999,-0.036,-0.007,-0.024,0.036,-0.246,0.357,-0.2,0.2,0.0,0.5477549025305505,-0.5941583851467543,0.9466595863177647,0.9985670783678187,-0.04636600214395697,-0.026487228336963417,-0.003522865335347976,-0.018361851320478132,-0.7053115995304365,0.2703905504337356,0.0,0.0,0.0071259922352187675,0.49935409840142647,-0.2983549025056739,0.9335168459371614,0.9980410584519427,-0.056872047066837364,-0.025158822412335684,-0.0068300484169543174,0.00913837643387853,-0.4468381632857472,0.034067006775036754,0.0,0.0,-0.0022216115012922465,0.0,0.0,1.0,1.0,0.0,0.0,0.0,26.17445106240146,0.09550317929547918,0.08,100.0,100.0,0.5,55.0,0.08,-0.9715760103761397,-1.31954701370224,0.0018,0.0015,0.0062,0.0073
199,1763535109.9241052,-0.1394093685525334,-0.06712046722373188,0.36318887708494835,-0.000602510977230872,0.05834661197326654,0.0009694241762061434,0.014302162132465782,-0.003900952311672719,0.545,-0.455,0.909,0.999,-0.026,0.029,0.001,0.133,-0.769,0.201,0.0,0.0,0.09,0.427,-0.299,0.903,0.999,-0.043,-0.008,-0.024,0.027,-0.168,0.425,-0.1,0.1,-0.0,0.5608505235769791,-0.5840783503545433,0.9586492834883147,0.998058317384536,-0.05678760174568852,-0.02534885343997008,-0.003492709091929218,0.027990009658947372,-0.5234089772116453,0.2511729830344505,0.0,0.0,0.007616103095140896,0.5090602486172237,-0.3524130112171279,0.9403709633563356,0.9975367003318644,-0.06372384923428313,-0.02834162357090035,-0.007520299405484087,-0.00018231975513410825,-0.4339118103631332,0.09180790721763804,0.0,0.0,-1.2258349735148411e-05,0.0,0.0,1.0,1.0,0.0,0.0,0.0,26.18977101621678,0.09557654511113732,0.08,100.0,100.0,0.5,55.0,0.08,-0.997170267915726,-1.3281892721831485,0.0051,0.0051,0.0285,0.0309
200,1763535110.0221403,-0.1318757253784192,-0.06607421056473191,0.3680306105781281,-0.0011051242478430615,0.02372727901531771,-0.001480763427373251,0.06052755517439369,-0.0025733174507840354,0.545,-0.455,0.909,0.999,-0.026,0.029,0.001,0.133,-0.769,0.201,0.0,0.0,0.09,0.427,-0.299,0.903,0.999,-0.043,-0.008,-0.024,0.027,-0.168,0.425,-0.1,0.1,-0.0,0.5608482946762373,-0.5835341529807822,0.9517303090024849,0.9975562279564583,-0.06362901056896823,-0.028553906946027396,-0.004194696343539248,0.033024685423286085,-0.5223409619718151,0.18494966804230667,0.0,0.0,0.008267429627563754,0.5179150358969762,-0.40232133277637394,0.9478715858200777,0.9972961086450324,-0.06631820764755963,-0.030612493568697337,-0.008077267693804737,-0.011327783090229221,-0.4162812777527174,0.13591322653117377,0.0,0.0,0.0011067522418798709,0.0,0.0,1.0,1.0,0.0,0.0,0.0,26.197004804011687,0.0955843270361923,0.08,100.0,100.0,0.5,55.0,0.08,-1.0227415996790867,-1.3372787637801022,0.0072,0.0053,0.0425,0.0413
201,1763535110.0929759,-0.12235276256323448,-0.08170847871350054,0.3971253830987971,-0.002074876732211849,0.03442724153808164,-0.08477876180031638,0.18227692366115764,-0.004959274846628245,0.555,-0.478,0.907,0.999,-0.029,0.027,0.002,0.297,-0.724,-0.059,0.0,0.0,0.078,0.429,-0.311,0.96,0.998,-0.049,-0.006,-0.025,0.0,-0.024,0.341,-0.0,0.1,0.0,0.6048480392492842,-0.5981248133153516,0.8883261743948977,0.9973153176448945,-0.06622927985720764,-0.030804413931676145,-0.005189196737940935,0.20670960513060754,-0.483457848951088,-0.1195624062109464,0.0,0.0,0.007977315404011127,0.5335914959459266,-0.4479808908756202,0.9449504057334764,0.997055693939837,-0.07141624665978015,-0.02641487394483774,-0.009050819281031056,0.0066361129242891725,-0.3956638600105317,0.08344609621026826,0.0,0.0,0.0005296400055620027,0.0,0.0,1.0,1.0,0.0,0.0,0.0,26.171197508788712,0.0956212629924316,0.08,100.0,100.0,0.5,55.0,0.08,-1.0449166455313155,-1.3551357997731546,0.0072,0.0053,0.0262,0.0286
202,1763535110.1695392,-0.09802085696064389,-0.06886326822028391,0.36223552271096654,-0.002713879006996813,0.10942425175662955,0.056055204594733024,-0.13473676362927267,-0.003402499047146005,0.558,-0.503,0.921,0.999,-0.031,0.026,0.003,0.064,-0.46,0.27,0.0,0.0,0.026,0.429,-0.309,0.983,0.998,-0.049,-0.011,-0.026,-0.004,0.045,0.295,-0.1,0.0,-0.0,0.5619755791523412,-0.5703670254368037,0.9701383113614918,0.997064894872218,-0.07138765192551626,-0.026492055508275703,-0.007973052173458554,-0.025607562606870984,-0.21972353438281023,0.27016458270886584,0.0,0.0,0.005060903976674656,0.5386087825331866,-0.4802611999059008,0.956744954151038,0.9975712677774974,-0.06497673622558259,-0.02353185456063337,-0.008708689637661542,-0.009299330557554632,-0.33558795085108806,0.08475790784144376,0.0,0.0,0.0011009092189453917,0.0,0.0,1.0,1.0,0.0,0.0,0.0,26.196340389580293,0.09552322556727172,0.08,100.0,100.0,0.5,55.0,0.08,-1.0541679472305998,-1.3605513111358192,0.007,0.0051,0.0244,0.0367
203,1763535110.244422,-0.108791734613785,-0.05454542488485072,0.3729895598146996,-0.0021933168096499537,-0.06365647396176999,0.0647028898551376,0.08999373778976155,0.002331423086034617,0.557,-0.543,0.928,0.999,-0.035,0.025,0.005,-0.016,-0.634,0.11,0.0,0.0,0.082,0.428,-0.301,1.007,0.998,-0.049,-0.01,-0.025,-0.019,0.129,0.347,-0.0,0.0,0.0,0.5448708135966275,-0.6465877427639715,0.9509025973554192,0.997594085048367,-0.06490085589808602,-0.023740331364317878,-0.005506091800898979,-0.10616563232742818,-0.4164652797075299,0.10677072856206157,0.0,0.0,0.010860671891949957,0.5394561719527254,-0.5195017527817488,0.9609605237810793,0.997812029035407,-0.06159643648029063,-0.02262039242775202,-0.008084031889359196,-0.033043325844345016,-0.3143785910508293,0.07391794954235673,0.0,0.0,0.002066305753052377,0.0,0.0,1.0,1.0,0.0,0.0,0.0,26.19770556515208,0.0954912462696026,0.08,100.0,100.0,0.5,55.0,0.08,-1.075292015671607,-1.3616015117845528,0.007,0.0053,0.0302,0.029
204,1763535110.3143013,-0.07245226043664586,-0.04604976308535642,0.3441754386356078,-0.002539809833083797,0.17081819742431723,0.037023766508986415,-0.10677164991398924,-0.0019517967981342121,0.552,-0.559,0.965,0.999,-0.037,0.027,0.005,-0.05,-0.16,0.363,0.0,0.0,0.002,0.426,-0.288,1.032,0.999,-0.044,-0.008,-0.025,-0.03,0.194,0.33,0.1,-0.0,-0.0,0.5325658643799484,-0.5693312668099213,1.040911467621739,0.9978147457757764,-0.061588666419527864,-0.0226415394644468,-0.007741445069666091,-0.13841354919499588,0.03973364759371034,0.3671908393010341,0.0,0.0,0.0038803121028536895,0.5380266223296704,-0.5360806753190807,0.9778124108697954,0.9981281903141758,-0.05487316163565243,-0.025864286253592366,-0.007751808101882495,-0.06316373976906288,-0.225022645934602,0.1517522591365458,0.0,0.0,0.00313670799152584,0.0,0.0,1.0,1.0,0.0,0.0,0.0,26.229267483645458,0.09529671580165439,0.08,100.0,100.0,0.5,55.0,0.08,-1.0724949762875373,-1.3636018337653577,0.0075,0.0051,0.025,0.0287
205,1763535110.391479,-0.04186478999622882,-0.05047076752486715,0.35422685704085255,-0.0027605568013644314,0.1456921261584206,-0.026709998506089266,0.08467463588978455,-0.0013577158247115514,0.554,-0.557,0.992,0.999,-0.036,0.027,0.005,0.025,0.022,0.279,0.0,0.0,-0.007,0.424,-0.273,1.053,0.999,-0.044,-0.008,-0.026,-0.029,0.231,0.308,0.0,-0.2,-0.1,0.5508783724259259,-0.5349047772075398,1.0400634377380473,0.9981283773910926,-0.054872536455516194,-0.0258656125819253,-0.007727682403184566,-0.046896103300020475,0.1860582642997658,0.18231188915514057,0.0,0.0,0.0034189660838244906,0.5394106573568093,-0.5415107529023772,0.9943352534422862,0.9986988018861844,-0.04517264470251937,-0.022384785706960342,-0.007684832498711081,-0.07443339316018026,-0.13884563339519299,0.1409573174242191,0.0,0.0,0.004118939587008339,0.0,0.0,1.0,1.0,0.0,0.0,0.0,26.250758943807394,0.09512159237185595,0.08,100.0,100.0,0.5,55.0,0.08,-1.0631900589946839,-1.3706948815084676,0.0075,0.0052,0.0277,0.0335
206,1763535110.4392612,-0.01159482034174026,-0.04542661967933688,0.32451131287852,-0.0031530231403309665,0.14716336927281987,0.020173662475164573,-0.11315503510757767,-0.0022383873749691184,0.55,-0.541,1.031,0.999,-0.035,0.029,0.004,-0.07,0.235,0.574,0.0,0.0,-0.02,0.421,-0.251,1.073,0.999,-0.039,-0.003,-0.026,-0.036,0.297,0.248,0.2,0.1,0.0,0.5295448450987781,-0.4784276718608891,1.1378396388911045,0.9986951238290873,-0.04518303951805669,-0.022363796647177647,-0.008148814603191341,-0.1274877711510299,0.37014187572808777,0.4746947597302448,0.0,0.0,0.002604700120336735,0.5360198090648196,-0.5346145184902116,1.024718807623574,0.9988131334385769,-0.04506667498654064,-0.01689497870565727,-0.0074752237962830296,-0.09390720200723912,-0.03616379275899322,0.2021555927691399,0.0,0.0,0.0037621027764381315,0.0,0.0,1.0,1.0,0.0,0.0,0.0,26.30886329746404,0.09452830061276803,0.08,100.0,100.0,0.5,55.0,0.08,-1.048053614835327,-1.373741955732291,0.009,0.0107,0.0135,0.0101
207,1763535110.480369,0.028600307171877996,-0.025609271120637683,0.31330802203415775,-0.004194297817151804,0.1998161555339173,0.09454408082556232,-0.02356532293395891,-0.0055216756981372826,0.519,-0.45,1.12,0.999,-0.029,0.038,-0.001,-0.25,0.687,0.651,0.0,0.0,-0.075,0.418,-0.225,1.087,0.999,-0.028,-0.001,-0.026,-0.039,0.332,0.159,0.1,-0.1,0.0,0.4641657194169597,-0.3011257499028451,1.2334449024948493,0.998791925968434,-0.04510775552485329,-0.016784990060085426,-0.009911766767783985,-0.29528475635569107,0.7767617981424586,0.4611504068300083,0.0,0.0,-0.001402328322466667,0.5224195734148952,-0.49996900081961326,1.0648633845255564,0.9993112428207216,-0.03398960130394072,-0.01307837480245203,-0.007120610074329256,-0.13020462827184154,0.10724571041883536,0.216262878416782,0.0,0.0,0.003841695017697913,0.0,0.0,1.0,1.0,0.0,0.0,0.0,26.382392329820934,0.09365910048913799,0.08,100.0,100.0,0.5,55.0,0.08,-1.0132182873475466,-1.3670799568158025,0.0018,0.0033,0.0067,0.0147
208,1763535110.567622,0.06802829439592588,-0.018420891880572374,0.2629157167767318,-0.0037829991282986573,0.1999999668374272,0.03338096908826282,-0.22063072408371415,0.0016370636625505576,0.512,-0.409,1.154,0.999,-0.025,0.042,-0.004,-0.232,1.412,1.174,0.0,0.0,-0.211,0.415,-0.202,1.092,0.999,-0.017,0.002,-0.027,-0.042,0.358,0.051,0.5,0.2,-0.1,0.4613281310361235,-0.11958964863634217,1.3697068424926675,0.9992315651605056,-0.03408511773976605,-0.012827378256703404,-0.014489385860417831,-0.26901133669986743,1.453769411778544,0.9320306486218326,0.0,0.0,-0.011426797346053123,0.5094790568953537,-0.43106456386508457,1.127123787325454,0.9995948362911611,-0.02356719942262442,-0.013576487790086845,-0.008392219653154828,-0.15720188784783495,0.32148304654627924,0.32659410501025665,0.0,0.0,0.0034171685135536496,0.0,0.0,1.0,1.0,0.0,0.0,0.0,26.521615439593315,0.09156880333261012,0.08,100.0,100.0,0.5,55.0,0.08,-0.9491842377126564,-1.362895120627215,0.0098,0.0076,0.0205,0.0071
209,1763535110.6291723,0.10221225488269214,-0.02144465906722614,0.330193106640958,-0.00263858380264296,0.17772263187342383,-0.016960925121326055,0.3626785209988044,0.005343776715448624,0.5,-0.339,1.189,0.999,-0.02,0.045,-0.008,-0.184,1.059,0.524,0.0,0.0,-0.12,0.413,-0.179,1.087,1.0,-0.003,0.006,-0.027,-0.043,0.357,-0.114,0.4,0.1,-0.0,0.45991231180781383,-0.12504677413052567,1.2617877800307953,0.9995535217717677,-0.023621043331136026,-0.013482589561679916,-0.012370254820183323,-0.20821100262419862,1.053144126737397,0.12585065079846708,0.0,0.0,-0.0038975554463260807,0.498148133907548,-0.3730664529600257,1.1617116055981644,0.9998230324219967,-0.010696576141853844,-0.012258775600054906,-0.009445079042116531,-0.17224674259903716,0.44232358129787946,0.27802266453221114,0.0,0.0,0.004079442293146259,0.0,0.0,1.0,1.0,0.0,0.0,0.0,26.56679912095239,0.09077860287676055,0.08,100.0,100.0,0.5,55.0,0.08,-0.9120787559357247,-1.3610727897027421,0.0069,0.0014,0.017,0.0138
210,1763535110.6819074,0.11447679698027496,-0.027873514481451055,0.35530701674018594,-0.0018040501240914489,0.07154393597618337,-0.03428874297784718,0.1585888611602354,0.003908810012493258,0.493,-0.284,1.206,0.999,-0.013,0.048,-0.011,-0.138,1.022,0.315,0.0,0.0,-0.077,0.41,-0.154,1.068,0.999,0.012,0.006,-0.029,-0.032,0.357,-0.327,0.6,-0.3,-0.1,0.4635731338052952,-0.08270373640342073,1.229990155691112,0.9997975531259158,-0.010725895748842309,-0.012233130456099325,-0.011838853114248264,-0.14984959342143775,0.9560200164353019,-0.039230506965550166,0.0,0.0,-0.0016352452537084883,0.4887474978087642,-0.31440897041626376,1.1850326523670345,0.9999033281943828,0.006872785495545939,-0.0057516521533727445,-0.010630972807573023,-0.17482056368757104,0.526852438183349,0.19564072854473186,0.0,0.0,0.005712099682443175,0.0,0.0,1.0,1.0,0.0,0.0,0.0,26.591608891956763,0.09034088861529611,0.08,100.0,100.0,0.5,55.0,0.08,-0.8824772539854784,-1.3617408163568234,0.002,0.0034,0.0105,0.0123
211,1763535110.7953198,0.12614104500908235,-0.01132433093895694,0.3505570881535962,-0.00546431793024288,0.06976891984206438,0.07995856626432546,0.011781058741070272,-0.0184817440431663,0.46,-0.175,1.236,0.998,0.003,0.056,-0.016,-0.329,1.103,0.307,0.0,0.0,-0.091,0.408,-0.131,1.038,0.999,0.026,0.011,-0.028,-0.026,0.343,-0.485,0.4,0.1,-0.0,0.3935311006626852,0.03638449670481822,1.2578966173377932,0.999866812282381,0.006855447363801817,-0.005772306679597566,-0.013639685234968018,-0.33499877497974306,0.9745070317555005,0.0365439320338303,0.0,0.0,-0.004254863830576148,0.46930403635363416,-0.24683166437694354,1.2082687199278341,0.9995847990247946,0.02626202250958709,-0.0019242810954478381,-0.01169755848596419,-0.19978020457004053,0.5999737753073819,0.03746097922236586,0.0,0.0,0.0056811493426672495,0.0,0.0,1.0,1.0,0.0,0.0,0.0,26.637014539995455,0.0894008531136282,0.08,100.0,100.0,0.5,55.0,0.08,-0.8535753399624526,-1.3525112257287306,0.0099,0.0075,0.0343,0.0176
212,1763535110.8204978,0.1254789502489104,-0.004463343533730032,0.33404803499575253,-0.006470048480264287,0.00930363070004847,0.033172503932238855,-0.04748955697385859,-0.005575084543131323,0.46,-0.175,1.236,0.998,0.003,0.056,-0.016,-0.329,1.103,0.307,0.0,0.0,-0.091,0.408,-0.114,1.008,0.999,0.037,0.011,-0.029,-0.019,0.306,-0.54,0.2,0.1,0.0,0.3935638460104649,0.02945212655195397,1.2857503642956973,0.9995447917057295,0.02625607476299186,-0.0020038019035171083,-0.01472456077176643,-0.33397820741034767,0.9186343814032529,0.20241713963557487,0.0,0.0,-0.00039141134083180867,0.4508293148608776,-0.18249544361446346,1.2245233340028043,0.9988763034274117,0.045533344668705664,-0.0015003340488428515,-0.0130611627434902,-0.22012723050316427,0.6383067386056963,0.033153116438671464,0.0,0.0,0.004410830913913324,0.0,0.0,1.0,1.0,0.0,0.0,0.0,26.681648172116635,0.08858994588379324,0.08,100.0,100.0,0.5,55.0,0.08,-0.8278483420193602,-1.3444210088247885,0.0018,0.0017,0.0119,0.0087
213,1763535110.9107733,0.08836589075503194,-0.032141724958402215,0.4241095667025725,-0.005197916898851938,-0.17301740244450112,-0.1388382414767339,0.4837124620336747,0.005713653059035314,0.45,0.009,1.159,0.998,0.026,0.053,-0.026,-0.043,0.835,-0.665,0.0,0.0,-0.025,0.407,-0.096,0.967,0.998,0.047,0.017,-0.029,-0.007,0.238,-0.576,0.2,0.4,-0.0,0.44087844550047045,0.15523771386625035,1.0188137722883817,0.9988702172272651,0.0455326528049581,-0.0015211862214752575,-0.013518604120954129,-0.042361544384885624,0.6185571132602206,-0.7703528660110129,0.0,0.0,0.007432076993172492,0.44487096872219667,-0.1197641287017517,1.1915000259581985,0.9982851957733018,0.05676577356791817,-0.0024839129258818183,-0.014076399670119586,-0.1986356234958005,0.6197500396586169,-0.07842228678222833,0.0,0.0,0.003407688895133221,0.0,0.0,1.0,1.0,0.0,0.0,0.0,26.602966635165018,0.09001720255449479,0.08,100.0,100.0,0.5,55.0,0.08,-0.8131962123282477,-1.3514670429635884,0.0159,0.0112,0.0168,0.0125
214,1763535110.9453247,0.06865396002089752,-0.05840750647090331,0.4785397492515994,-0.006717389465722109,-0.08972306459516895,-0.13454308005834564,0.31456186941539166,-0.008117154524236048,0.457,0.05,1.099,0.998,0.03,0.048,-0.028,0.127,0.819,-1.195,0.0,0.0,-0.068,0.408,-0.085,0.927,0.998,0.054,0.021,-0.029,0.015,0.165,-0.652,0.2,0.2,-0.0,0.4827723341661975,0.1905035274386463,0.8529893145110965,0.9982580014454818,0.056761171542706504,-0.0025869436188223883,-0.01588835038274367,0.13257306446876263,0.5739834087862764,-1.1572265483658113,0.0,0.0,0.0032230642435123447,0.44744998973748595,-0.059615865374233815,1.1318055633707502,0.9976972261135646,0.06604984295800308,0.0029650657238048015,-0.015128504082534773,-0.15392860456106483,0.5928792283680397,-0.264491694170268,0.0,0.0,0.0071964415217048595,0.0,0.0,1.0,1.0,0.0,0.0,0.0,26.47559747257925,0.09146763723216639,0.08,100.0,100.0,0.5,55.0,0.08,-0.7990111332949016,-1.3658396322710002,0.0021,0.0034,0.0109,0.0085
215,1763535111.0683792,0.036307065879794764,-0.04530544651726502,0.39782366269417807,-0.007401012248393423,-0.154869074703424,0.059669549121101145,-0.35572645786194707,-0.004089852859928782,0.449,0.075,1.077,0.998,0.036,0.051,-0.029,-0.149,0.482,-0.423,0.0,0.0,-0.029,0.41,-0.078,0.887,0.998,0.052,0.015,-0.029,0.03,0.09,-0.608,-0.2,-0.1,0.1,0.4199252126699479,0.14602443025531853,0.9991760797219926,0.9976912985426859,0.06605098513759516,0.002939512183429996,-0.015514491376962055,-0.1546838662185514,0.22460992376543185,-0.1662122337624406,0.0,0.0,0.007866741319044503,0.43822710581667906,-0.016872362317461365,1.1054766563139502,0.9976054490118725,0.06713401499478046,0.006302662394540189,-0.015384036506752309,-0.14876116034419987,0.5154125640112047,-0.3486683175217767,0.0,0.0,0.009507655176091364,0.0,0.0,1.0,1.0,0.0,0.0,0.0,26.464366815606123,0.09147466535881743,0.08,100.0,100.0,0.5,55.0,0.08,-0.7996310281295319,-1.3658816378364484,0.002,0.0064,0.0268,0.0439
216,1763535111.1403317,0.02607593689439199,-0.0367904554499346,0.3792062551248176,-0.006825504022090942,-0.04752493833903444,0.03804441068492559,-0.05330467157738482,0.0021374399066730605,0.449,0.075,1.077,0.998,0.036,0.051,-0.029,-0.149,0.482,-0.423,0.0,0.0,-0.029,0.41,-0.078,0.887,0.998,0.052,0.015,-0.029,0.03,0.09,-0.608,-0.2,-0.1,0.1,0.41792354654799535,0.14514155787496938,1.033365625289041,0.9975995540375598,0.06713639600522595,0.00627724892038219,-0.015761670643769335,-0.1749704208239932,0.25047741572689025,-0.07288790031291505,0.0,0.0,0.008946244580803042,0.42989711253614676,0.02137041461737113,1.0768148557066022,0.9982533600693653,0.057072098820318475,-0.000981511384650652,-0.0152329012951523,-0.1465604100421472,0.4349712727517155,-0.25719900955334546,0.0,0.0,0.008846328689959415,0.0,0.0,1.0,1.0,0.0,0.0,0.0,26.44096138802969,0.09123291432273196,0.08,100.0,100.0,0.5,55.0,0.08,-0.7967948543093413,-1.365526280197474,0.0072,0.0052,0.0261,0.0316
217,1763535111.2141669,-0.0025342973395693982,-0.04527541132004051,0.41174034242187907,-0.007266808967313397,-0.14044357748036776,-0.04610382489552293,0.20059106199778914,-0.0028890751283213705,0.449,0.084,1.042,0.998,0.038,0.051,-0.029,0.0,0.179,-0.688,0.0,0.0,0.017,0.417,-0.083,0.841,0.999,0.037,0.01,-0.027,0.071,-0.098,-0.231,-0.2,-0.1,0.1,0.44504559198840676,0.09842143687093403,0.9420704103188388,0.998273922777246,0.05707343101323333,-0.0009007223390667257,-0.01381981456369069,-0.039716356557864825,0.0019002877203219623,-0.44117299607557253,0.0,0.0,0.012611335685230804,0.42882190196581577,0.04273751959568713,1.0368827261895517,0.998703541585787,0.04774664434619458,-0.010546869031491296,-0.014151237801578174,-0.13529974731621558,0.3262735933562432,-0.1424630959961415,0.0,0.0,0.010792258098364364,0.0,0.0,1.0,1.0,0.0,0.0,0.0,26.358859105596686,0.09012418927096848,0.08,100.0,100.0,0.5,55.0,0.08,-0.8070658851363591,-1.3744706952165373,0.0076,0.0053,0.0265,0.0311
218,1763535111.2930322,-0.02228473563905023,-0.07238061978757139,0.4412715522173468,-0.00759809464015606,-0.0990056212313611,-0.14005358346965846,0.18883008321952643,-0.0023831092609446513,0.465,0.086,0.992,0.998,0.037,0.047,-0.028,0.25,0.024,-0.779,0.0,0.0,0.014,0.423,-0.093,0.83,0.999,0.031,0.01,-0.028,0.079,-0.143,-0.153,-0.3,-0.1,-0.0,0.5109939221367155,0.07692512004562398,0.8448249513925881,0.9987212333309743,0.04776042839782144,-0.010484272599756145,-0.012842102677059214,0.2115576956988085,-0.09360440572539407,-0.6550559969527089,0.0,0.0,0.012732463576981564,0.43979485397006823,0.05353346603576904,0.997006063672377,0.9992758979363058,0.0348080259161201,-0.008740200732132978,-0.012636851925007448,-0.09039073595725694,0.2393311875402372,-0.21334819289347612,0.0,0.0,0.01215123415567605,0.0,0.0,1.0,1.0,0.0,0.0,0.0,26.27346433621288,0.08877192271755464,0.08,100.0,100.0,0.5,55.0,0.08,-0.8214979578266728,-1.3968419453337364,0.008,0.0057,0.0365,0.0251
219,1763535111.3199308,-0.05688433382802442,-0.0549651663009509,0.3657217689095237,-0.004880483918265705,-0.175226464508776,0.07983920545434527,-0.3336217613173811,0.012828244145436164,0.462,0.076,0.992,0.998,0.036,0.047,-0.027,-0.081,-0.3,0.001,0.0,0.0,0.049,0.429,-0.105,0.823,0.999,0.022,0.01,-0.026,0.086,-0.175,-0.059,-0.1,-0.1,0.1,0.4422472400826179,0.00608686645194507,1.005039483334285,0.9993052346976132,0.03483051095147007,-0.008650160916121216,-0.010052767227635125,-0.12482169504848922,-0.3776552358385207,0.2134808551957673,0.0,0.0,0.016089587899153913,0.4363724353415875,0.047263698043123664,0.9928781455261695,0.999530667274735,0.027296229546928494,-0.006590417879271701,-0.012244485371830208,-0.09677181403555445,0.1304377779808394,-0.1773102705921558,0.0,0.0,0.012094065199042919,0.0,0.0,1.0,1.0,0.0,0.0,0.0,26.30403958637087,0.08935653805684624,0.08,100.0,100.0,0.5,55.0,0.08,-0.8473663737061261,-1.3991840467869936,0.0017,0.0016,0.0163,0.006
220,1763535111.3542888,-0.07513776015777776,-0.06127209781024197,0.36779439061573727,-0.004351937115897779,-0.09695556503156916,-0.03703117417655047,0.04693528542202052,0.0021546856200130625,0.467,0.053,0.987,0.998,0.032,0.048,-0.025,0.08,-0.399,-0.087,0.0,0.0,0.066,0.431,-0.111,0.824,0.999,0.02,0.011,-0.026,0.094,-0.204,0.024,-0.2,0.1,0.0,0.47829480528980534,-0.032956498746863544,0.9946943775469937,0.9995646855171288,0.027317145707285242,-0.006503176586021907,-0.009051061359939279,0.026428886265783675,-0.4337483990132851,0.08923711493298495,0.0,0.0,0.014523585752064055,0.44037807913123456,0.03336632015365202,0.984372924298528,0.9997679848187845,0.01616533022027403,-0.00850516522438578,-0.011415813364023527,-0.07973194434122789,0.0309176380703991,-0.09620715115786047,0.0,0.0,0.012775137492332283,0.0,0.0,1.0,1.0,0.0,0.0,0.0,26.309793804143908,0.08942051014079783,0.08,100.0,100.0,0.5,55.0,0.08,-0.8746383555968518,-1.4105404437453972,0.0015,0.0015,0.006,0.0244
221,1763535111.4593594,-0.10648592936462048,-0.08144937737190347,0.38559370424677175,-0.003974811725986063,-0.16425462204999142,-0.10701360758933168,0.125776007216746,0.0014504332379687989,0.513,-0.068,0.966,0.999,0.012,0.046,-0.019,0.258,-0.65,-0.17,0.0,0.0,0.074,0.44,-0.129,0.836,1.0,0.005,0.008,-0.026,0.095,-0.224,0.166,-0.5,0.0,-0.0,0.558427317166153,-0.19947093123577891,0.9505110685763218,0.99980076161572,0.016193882618615853,-0.008450674668870964,-0.008048685358600148,0.1965231060305867,-0.6369504513549966,-0.07732967722726349,0.0,0.0,0.013718072382155735,0.455612971634497,-0.0011569870483911088,0.972057527784498,0.9997704680656161,0.007270765936669748,-0.01737167344705759,-0.010216266842730849,-0.04561650019047963,-0.08395905167817988,0.004570927370541343,0.0,0.0,0.013425458050736017,0.0,0.0,1.0,1.0,0.0,0.0,0.0,26.288484741907382,0.08891803060663085,0.08,100.0,100.0,0.5,55.0,0.08,-0.9140869328438338,-1.4318160545145235,0.002,0.004,0.0307,0.0351
222,1763535111.4943738,-0.11315272462375782,-0.08730906829391799,0.39863795113229483,-0.00308327017259311,-0.04398256923214882,-0.03744339234726289,0.10378060485229279,0.004060226594366157,0.513,-0.068,0.966,0.999,0.012,0.046,-0.019,0.258,-0.65,-0.17,0.0,0.0,0.074,0.44,-0.129,0.836,1.0,0.005,0.008,-0.026,0.095,-0.224,0.166,-0.5,0.0,-0.0,0.5584942759041195,-0.19450213602256844,0.9271554104859329,0.9997979692407214,0.007326140085052484,-0.017348393214105744,-0.007027206164091983,0.19189342522291883,-0.5869318107242788,-0.1793521823725661,0.0,0.0,0.012703234113013826,0.4702290994839473,-0.03548055660594465,0.9648331257556262,0.9998191764601547,-0.007209760704571227,-0.01465395183917495,-0.009741428468963097,-0.015819161017059297,-0.16665067379834075,-0.048691352174931896,0.0,0.0,0.010473397168142117,0.0,0.0,1.0,1.0,0.0,0.0,0.0,26.27557580483803,0.08861274225585587,0.08,100.0,100.0,0.5,55.0,0.08,-0.9470992567393292,-1.4502162833427796,0.0086,0.0087,0.0086,0.0072
223,1763535111.538936,-0.14131792625059517,-0.08834514127738666,0.40962390863659665,-0.0010253039755942876,-0.15214128059656257,-0.013911271746735097,0.09479358263473872,0.009981503967734805,0.533,-0.147,0.941,0.999,0.001,0.041,-0.014,0.245,-0.939,-0.305,0.0,0.0,0.115,0.453,-0.157,0.857,0.999,-0.018,0.0,-0.026,0.105,-0.195,0.178,-0.4,-0.2,-0.0,0.5749741424784617,-0.3263353199635538,0.8834019857830684,0.9998536722116725,-0.00714152035398788,-0.014687329265581785,-0.0050906984698819175,0.1636545793804621,-0.82762672382296,-0.23295149453259154,0.0,0.0,0.014991037079388128,0.48527187320499465,-0.08713715595801513,0.9487975835182432,0.999642015710781,-0.018118783212991495,-0.017069630429828245,-0.009807030006892488,0.008124173140438486,-0.268901910353879,-0.09186451878590815,0.0,0.0,0.009273127453755994,0.0,0.0,1.0,1.0,0.0,0.0,0.0,26.2509397461242,0.08807953705326835,0.08,100.0,100.0,0.5,55.0,0.08,-0.9933058060378548,-1.465737747693254,0.0029,0.0018,0.0081,0.0057
224,1763535111.6115813,-0.139572696464369,-0.09804415198738864,0.3995534369614657,-0.001214724049697599,-0.005405643693928692,-0.057329567677748605,-0.009389967511995063,-0.001049630768075985,0.572,-0.24,0.921,0.999,-0.015,0.034,-0.008,0.335,-0.803,-0.223,0.0,0.0,0.093,0.46,-0.168,0.87,0.999,-0.027,-0.004,-0.026,0.097,-0.164,0.233,-0.3,-0.2,-0.0,0.6297220091954662,-0.38718256513589994,0.8877926110689711,0.9996717387576908,-0.01805471414588606,-0.017137382683497574,-0.006062354414332163,0.2332941760175561,-0.6443761160373325,-0.08268126523966135,0.0,0.0,0.010412219204079814,0.5065484067145112,-0.13830110069467766,0.9347603686916078,0.9990986754959539,-0.03345871386176888,-0.024067835629155085,-0.010153343147698172,0.03602159586356291,-0.324171071548766,-0.08799469656238502,0.0,0.0,0.008306788026202482,0.0,0.0,1.0,1.0,0.0,0.0,0.0,26.23527764073911,0.08773619396080644,0.08,100.0,100.0,0.5,55.0,0.08,-1.027064948754113,-1.4853183559173004,0.0027,0.0032,0.0107,0.0079
225,1763535111.718679,-0.1322390132733025,-0.09948382717410399,0.3969282043428065,-0.0018745696794551531,0.022711146308895647,-0.01700279113231571,0.02682918060285079,-0.00342070055375753,0.572,-0.24,0.921,0.999,-0.015,0.034,-0.008,0.335,-0.803,-0.223,0.0,0.0,0.093,0.465,-0.175,0.889,0.999,-0.037,-0.007,-0.026,0.097,-0.119,0.338,-0.3,-0.2,0.0,0.6278052460920738,-0.382586280896842,0.8919847822677374,0.9991288292049381,-0.03337157275244007,-0.024188517465614793,-0.006544952743454137,0.21834857450910342,-0.6054769979058996,-0.07161056864609534,0.0,0.0,0.009847003319160764,0.5268512581046308,-0.18691927965884814,0.9215539611229665,0.9986456326371239,-0.04217972820023513,-0.0284870539010625,-0.010782332947503784,0.052610122234588594,-0.35661889740303615,-0.0671350026554627,0.0,0.0,0.006915292306491739,0.0,0.0,1.0,1.0,0.0,0.0,0.0,26.215777005192546,0.08734203985343028,0.08,100.0,100.0,0.5,55.0,0.08,-1.0578550980884236,-1.5032572509322224,0.0137,0.0106,0.0327,0.0075
226,1763535111.7415662,-0.117024788677887,-0.09093602738391485,0.35871407106391856,-0.002579448818965941,0.06284722164974722,0.03279061623353534,-0.15137784596015935,-0.003711852665499453,0.583,-0.272,0.93,0.999,-0.019,0.033,-0.006,0.223,-0.653,0.18,0.0,0.0,0.08,0.47,-0.179,0.908,0.999,-0.039,-0.008,-0.025,0.088,-0.061,0.361,0.0,-0.2,0.1,0.6152012389071525,-0.38087526952704504,0.981027195370774,0.9986739170346262,-0.04209248648945977,-0.02861580493612574,-0.007730829432149655,0.09569056657366633,-0.4296599726217912,0.31225037036195047,0.0,0.0,0.009329853162391183,0.5420280518703082,-0.2288425104912885,0.9278722966601264,0.9979546966421264,-0.05510302232427565,-0.030274883307580082,-0.011554731557433034,0.04627459262614859,-0.3473251027030497,0.022123908507933047,0.0,0.0,0.004017772119404255,0.0,0.0,1.0,1.0,0.0,0.0,0.0,26.24327651827265,0.08773104369421225,0.08,100.0,100.0,0.5,55.0,0.08,-1.0790811835428777,-1.51506645457494,0.0018,0.0018,0.0096,0.008
227,1763535111.8423986,-0.09444476026971774,-0.08566607601478557,0.3621270358016376,-0.004066911963881559,0.10119766317305767,0.017256154107254805,0.05293623079498673,-0.007695260606474683,0.603,-0.342,0.954,0.999,-0.032,0.03,-0.002,0.21,-0.492,0.147,0.0,0.0,0.047,0.474,-0.179,0.944,0.999,-0.047,-0.012,-0.025,0.05,0.024,0.443,-0.1,-0.0,0.0,0.6320102736756013,-0.4172996115032109,0.991903819720466,0.9979750190542529,-0.0550448662267701,-0.03038049260025583,-0.00964104325820174,0.08252481134133544,-0.2705633799111664,0.1786393087966487,0.0,0.0,0.007706918050158489,0.5569543361756386,-0.2658608575206964,0.936065266564146,0.9976271997600227,-0.058809271004700965,-0.033675363955305834,-0.012141243978647052,0.03683875603158186,-0.3088193188897886,0.07346240852252828,0.0,0.0,0.0032024895072285536,0.0,0.0,1.0,1.0,0.0,0.0,0.0,26.256363691853537,0.08788007980161297,0.08,100.0,100.0,0.5,55.0,0.08,-1.092403886228433,-1.526691337516511,0.002,0.0127,0.0252,0.0148
228,1763535111.8777132,-0.07306226289217588,-0.06820925996970138,0.3192399047395354,-0.004693366028199191,0.09746801086073749,0.07871747262394231,-0.17822295173034694,-0.003538961517976317,0.605,-0.363,0.997,0.999,-0.035,0.033,-0.001,0.03,-0.308,0.623,0.0,0.0,0.027,0.477,-0.174,0.971,0.999,-0.046,-0.01,-0.026,0.039,0.081,0.404,-0.0,0.1,-0.1,0.5980904031549269,-0.40261324389822273,1.1218869509746132,0.9976419408565257,-0.058766063804458646,-0.033750707230471015,-0.010862658532693949,-0.09310079623599618,-0.10431177333231104,0.5877300685492914,0.0,0.0,0.008091376264108895,0.5630411303801204,-0.293084560837832,0.9687506433165578,0.9977217547546753,-0.05681942402386995,-0.03438478588771022,-0.011854941682842372,-0.0007587385234766875,-0.24529656505009556,0.18335448378071417,0.0,0.0,0.0034942420906918983,0.0,0.0,1.0,1.0,0.0,0.0,0.0,26.326064708632185,0.0884469414403053,0.08,100.0,100.0,0.5,55.0,0.08,-1.098582074385406,-1.5305002188272705,0.002,0.0024,0.0091,0.0091
229,1763535111.936568,-0.03532942277978518,-0.07507970985048869,0.3819519698273882,-0.005009824951563225,0.1813579742727358,-0.041173175400906675,0.34548431591321754,-0.0020516312196400916,0.615,-0.364,0.997,0.999,-0.036,0.03,-0.001,0.192,-0.022,-0.004,0.0,0.0,0.01,0.479,-0.167,0.993,0.999,-0.042,-0.011,-0.026,0.028,0.135,0.337,0.1,0.0,-0.0,0.6419675320015414,-0.3499419008081023,0.9846077950624844,0.9977306115542883,-0.056792855521750556,-0.034428650984805874,-0.011084508133335566,0.08669232254774357,0.14268677058412343,-0.16650987975533005,0.0,0.0,0.007964660436983123,0.5755577280135956,-0.3046002942137306,0.9745534753856036,0.9981082733245642,-0.0514992517868369,-0.031334032852045716,-0.01207808642461028,-0.004539628074453954,-0.15959339315314494,0.1239342154867222,0.0,0.0,0.0042230055585956395,0.0,0.0,1.0,1.0,0.0,0.0,0.0,26.30656519508919,0.08840433139411559,0.08,100.0,100.0,0.5,55.0,0.08,-1.0902850088960534,-1.5430855279273135,0.0016,0.0017,0.0064,0.0063
230,1763535112.0160244,-0.014713289980653535,-0.062879383263914,0.3167713310415968,-0.0052722513786980525,0.09954772171767973,0.0534936619478246,-0.2877079969462185,-0.0018131146308304601,0.614,-0.361,1.021,0.999,-0.036,0.032,-0.001,-0.015,0.083,0.71,0.0,0.0,-0.012,0.48,-0.155,1.008,0.999,-0.036,-0.006,-0.027,0.014,0.178,0.194,0.2,0.3,-0.0,0.6009363633713121,-0.3291725466426779,1.1488584310987724,0.9981091604890268,-0.05149694305916749,-0.031337827061523695,-0.012004549075790806,-0.11078334987889911,0.21471736588008664,0.6068574731126811,0.0,0.0,0.006885061108540397,0.5780680218588472,-0.3088124542505957,1.0116250116773364,0.9986542985693767,-0.04180401621527123,-0.028503524889075916,-0.011382673063802317,-0.036217397780294064,-0.07663904307885293,0.1896394813699237,0.0,0.0,0.006051494275701123,0.0,0.0,1.0,1.0,0.0,0.0,0.0,26.38554097488737,0.08832498460922063,0.08,100.0,100.0,0.5,55.0,0.08,-1.0829442189447387,-1.5468324968517253,0.0024,0.0031,0.0169,0.0055
231,1763535112.0953617,0.007216853776285271,-0.05501944528003245,0.34819067506622337,-0.005234523229391752,0.10817938978662867,0.03301175159301631,0.18877385322729232,-0.0003385843913383019,0.611,-0.335,1.052,0.999,-0.033,0.033,-0.003,-0.032,0.275,0.326,0.0,0.0,-0.03,0.481,-0.142,1.017,0.999,-0.024,-0.005,-0.026,0.013,0.23,0.134,0.5,0.1,0.0,0.5961803968250075,-0.2693895112951469,1.0991566950671487,0.9986479467631753,-0.041819544276817916,-0.028480737688973155,-0.011926932667941008,-0.11223366062641552,0.35894560058690245,0.13916756329329888,0.0,0.0,0.005824957569889885,0.5787042542282742,-0.30073735480854985,1.03383118801662,0.999161176315528,-0.03253676511882959,-0.022323334838073083,-0.010953144803188585,-0.05698427677302521,0.006046879667322119,0.11849898917947195,0.0,0.0,0.0072134976148088645,0.0,0.0,1.0,1.0,0.0,0.0,0.0,26.417717383307025,0.08817610776328123,0.08,100.0,100.0,0.5,55.0,0.08,-1.068061962801382,-1.5495270480784311,0.0157,0.0081,0.009,0.0081
232,1763535112.1419268,0.01294792244300091,-0.053136845613171536,0.34519619172384886,-0.0051191759041722944,0.02937702871120672,0.003911053806301322,0.019846650794749857,5.328430315811451e-05,0.611,-0.335,1.052,0.999,-0.033,0.033,-0.003,-0.032,0.275,0.326,0.0,0.0,-0.03,0.482,-0.126,1.02,0.999,-0.018,-0.004,-0.026,0.001,0.229,0.01,0.2,0.0,-0.0,0.5965026274300717,-0.2730518782697016,1.1103474428086826,0.9991553166779763,-0.032548425068479506,-0.02230633067656329,-0.011475225115111542,-0.10603919511765418,0.31869794320865097,0.21464292038040741,0.0,0.0,0.005889628124841187,0.5790273499779507,-0.2916464676925734,1.0509273053186132,0.999509119464693,-0.018215770160473564,-0.02310522173679066,-0.010763575282801353,-0.07768473074749377,0.07013545787189022,0.17895686692040685,0.0,0.0,0.007974273310621817,0.0,0.0,1.0,1.0,0.0,0.0,0.0,26.440816387912218,0.08800020825814409,0.08,100.0,100.0,0.5,55.0,0.08,-1.0567974844455574,-1.553050648257934,0.002,0.0018,0.0092,0.0081
233,1763535112.2435575,0.05258721991009306,-0.049489139923935735,0.37171299920231604,-0.00607287625913739,0.19949127957976084,0.012924843884861838,0.16710365656472065,-0.005280419365242702,0.601,-0.206,1.096,0.999,-0.015,0.037,-0.009,-0.056,0.781,0.074,0.0,0.0,-0.074,0.482,-0.111,1.014,1.0,-0.008,-0.002,-0.027,-0.005,0.25,-0.114,0.2,0.2,-0.0,0.5833026009413748,-0.04788208324226642,1.0875714730022692,0.9994839543853685,-0.018264891653276508,-0.02306641036094547,-0.012890282081521563,-0.11699880318357087,0.7825757213653578,-0.11263173061333949,0.0,0.0,0.002083175538401159,0.5770704047333275,-0.25063548130915647,1.0624477738163622,0.9997023791721068,-0.008327230637669795,-0.019690165714245356,-0.011751922467487314,-0.09172484922168489,0.1834545454615178,0.06762451304308201,0.0,0.0,0.008331314028985954,0.0,0.0,1.0,1.0,0.0,0.0,0.0,26.448646558671474,0.08798548258062144,0.08,100.0,100.0,0.5,55.0,0.08,-1.0209172760557832,-1.5543400110560937,0.0021,0.0062,0.0368,0.009
234,1763535112.309714,0.07660836696862419,-0.047833945431687015,0.38227253157412755,-0.006495450867725754,0.12536445728366494,0.0033270584688500117,0.08996896177928917,-0.002720160668855565,0.598,-0.167,1.09,0.999,-0.01,0.037,-0.011,-0.062,0.772,-0.111,0.0,0.0,-0.067,0.482,-0.095,1.003,1.0,0.0,-0.001,-0.027,-0.002,0.25,-0.183,0.2,0.2,0.0,0.5795857491380894,-0.013801780753424137,1.0588162922555766,0.999678783903773,-0.008363850646111547,-0.019674638454541662,-0.013611892474099855,-0.11857484393379325,0.7394322395819625,-0.17160507895150948,0.0,0.0,0.0037336519866323073,0.5745492829612279,-0.20796920611113257,1.0611671168531518,0.9997766480761334,0.0021440823656379564,-0.01667265580029545,-0.01280934896961442,-0.10425520663415422,0.27065030077192004,0.018257841180913253,0.0,0.0,0.00843019141482618,0.0,0.0,1.0,1.0,0.0,0.0,0.0,26.4365615159221,0.08817463657694127,0.08,100.0,100.0,0.5,55.0,0.08,-0.9904404690653645,-1.5553793117355623,0.0019,0.0016,0.0117,0.0402
235,1763535112.4034438,0.09075491862951482,-0.03287734827709843,0.34088037104086605,-0.008024352960934508,0.07839359500131558,0.06999959122977423,-0.16873354950889477,-0.008294055552816343,0.584,-0.114,1.11,0.999,-0.004,0.042,-0.015,-0.218,0.803,0.304,0.0,0.0,-0.094,0.481,-0.082,0.993,1.0,0.01,0.003,-0.026,-0.005,0.289,-0.239,0.4,0.1,-0.1,0.5349627344991077,0.04182284692814511,1.1644880411833045,0.9997367970268727,0.002097320287778045,-0.016678602706349223,-0.015612883456423001,-0.27038071652406187,0.7283465843864113,0.2880669352962874,0.0,0.0,0.0022635560347538507,0.5642193087105862,-0.16152299159304195,1.0789330064204208,0.9997561044620019,0.007946179655026137,-0.015350233891882455,-0.013746277289411059,-0.1349454859749956,0.34281864336882206,0.02075861206867554,0.0,0.0,0.008215836878810239,0.0,0.0,1.0,1.0,0.0,0.0,0.0,26.48407074145795,0.0878108676888278,0.08,100.0,100.0,0.5,55.0,0.08,-0.9635604279502302,-1.5499927082556106,0.0144,0.0087,0.0497,0.0083
236,1763535112.420297,0.09067557480844285,-0.027131448937327822,0.33639360408800967,-0.008063207253877106,0.008678772757591591,0.02544176187114315,0.011654202339804557,-0.0009967067608064447,0.584,-0.114,1.11,0.999,-0.004,0.042,-0.015,-0.218,0.803,0.304,0.0,0.0,-0.094,0.482,-0.064,0.977,0.999,0.023,0.004,-0.027,0.002,0.237,-0.197,0.3,-0.1,-0.0,0.5351760389056215,0.03725317988249608,1.1724403695148178,0.999715328296588,0.007904689077663672,-0.015371640843804303,-0.01644660807581793,-0.26426527545225553,0.6882063264557816,0.2703590589949935,0.0,0.0,0.004332254696516273,0.5540849814392994,-0.11691205581518153,1.0945901499392765,0.99952267096536,0.023377426307113845,-0.013911067160758446,-0.014642690189204288,-0.16120422269321288,0.39101433413652903,0.0705707812999684,0.0,0.0,0.009257418944932698,0.0,0.0,1.0,1.0,0.0,0.0,0.0,26.523624568416075,0.08753334851515372,0.08,100.0,100.0,0.5,55.0,0.08,-0.9397778939256669,-1.5459901613159346,0.0019,0.0015,0.0067,0.0057
237,1763535112.5124767,0.09545566066136718,-0.04314817177506854,0.40513072947011414,-0.007561846734806482,0.032967986745465964,-0.08279675908243639,0.377324987319323,0.0017004818699654137,0.578,-0.008,1.067,0.999,0.01,0.039,-0.02,-0.032,0.923,-0.354,0.0,0.0,-0.09,0.482,-0.052,0.964,0.999,0.03,0.008,-0.027,0.012,0.174,-0.223,0.2,0.2,-0.0,0.5671965906489935,0.1630229010834253,0.9927816373099243,0.9994834521459546,0.02334299271978703,-0.013968770209994878,-0.01711160530487154,-0.06731852045402262,0.7751421497910018,-0.44639724641348555,0.0,0.0,0.005239255127777117,0.5517667593020862,-0.06151921133280684,1.0779246506487044,0.9991125706316111,0.036654821926366,-0.012942819341241897,-0.01621661687715498,-0.15720695906229273,0.4372062013177518,0.03242659434185488,0.0,0.0,0.010045793796674626,0.0,0.0,1.0,1.0,0.0,0.0,0.0,26.471678763383522,0.08801834032588976,0.08,100.0,100.0,0.5,55.0,0.08,-0.9099220618661412,-1.550747020042729,0.0133,0.0074,0.0317,0.0058
238,1763535112.549327,0.09467390273839993,-0.04986845509448028,0.4104425317380254,-0.008988406067419897,0.005636776451300465,-0.037916233774565516,0.06707208428656791,-0.007888981336547727,0.578,-0.008,1.067,0.999,0.01,0.039,-0.02,-0.032,0.923,-0.354,0.0,0.0,-0.09,0.483,-0.043,0.945,0.999,0.037,0.012,-0.026,0.016,0.13,-0.323,0.1,0.1,0.0,0.5685865942700343,0.1604207539663276,0.9824394379543623,0.9990707239472234,0.03662361904565103,-0.013030850737870322,-0.01861708915533202,-0.05950243567797654,0.7430047564022125,-0.3941286988984113,0.0,0.0,0.004868683498714934,0.5495692715716104,-0.009274403276843424,1.0631035238707816,0.9987087248585997,0.04695781902969484,-0.0077929424197999,-0.01775151181521885,-0.14916064187745456,0.4685330813296559,-0.07674351265675372,0.0,0.0,0.012098240825161475,0.0,0.0,1.0,1.0,0.0,0.0,0.0,26.43579709115228,0.08829898244868419,0.08,100.0,100.0,0.5,55.0,0.08,-0.8835724146669452,-1.5553911747449152,0.0022,0.0031,0.0112,0.0124
239,1763535112.6476808,0.09211345411635441,-0.02862852752795529,0.3551608464063391,-0.01174997991724522,-0.0033348528363875488,0.1012127923231769,-0.235364173484629,-0.014706709855868607,0.554,0.063,1.078,0.999,0.019,0.044,-0.025,-0.284,0.847,0.124,0.0,0.0,-0.1,0.485,-0.038,0.926,0.999,0.04,0.01,-0.025,0.024,0.08,-0.299,0.1,0.1,0.0,0.4945833616895152,0.2129599953073841,1.1019243736652446,0.9986556514542697,0.0469360253166519,-0.00792314628531491,-0.020521284045213063,-0.31487196763862657,0.6395547846941754,0.20614227526264206,0.0,0.0,0.005488702906438836,0.5350462936979796,0.0418794851905462,1.0688949179022351,0.9984689738275742,0.05161324112709305,-0.004616368380948776,-0.01935124768688358,-0.17463897283577404,0.47870859155287837,-0.10240747417054002,0.0,0.0,0.012694496901913554,0.0,0.0,1.0,1.0,0.0,0.0,0.0,26.472577742246447,0.08819479831361925,0.08,100.0,100.0,0.5,55.0,0.08,-0.8626382103578912,-1.547804514038989,0.0109,0.0052,0.0265,0.0089
240,1763535112.6721075,0.0516572725437653,-0.04517916445716692,0.3705989662995099,-0.011531089669331203,-0.19306956245131016,-0.08561603739885368,0.11270668410648801,-8.054675215444108e-05,0.55,0.114,1.059,0.998,0.026,0.047,-0.027,-0.036,0.44,-0.164,0.0,0.0,-0.031,0.488,-0.037,0.911,0.999,0.046,0.009,-0.027,0.043,0.002,-0.195,0.2,0.2,-0.0,0.5392730509470398,0.1794475595269518,1.0449443989438485,0.9984660811955515,0.05161255313911727,-0.004624053971772983,-0.019499927828746582,-0.07079997055664614,0.22273902656935582,-0.05799924461959429,0.0,0.0,0.014894584048271962,0.5314572978061547,0.07603725751297297,1.0579148390045077,0.9983857910465621,0.053109524598838415,-0.007426469231793658,-0.018709307522326853,-0.16290246848842738,0.4101480220875687,-0.042836334284536426,0.0,0.0,0.012702994803760264,0.0,0.0,1.0,1.0,0.0,0.0,0.0,26.454064771525033,0.08819078906005752,0.08,100.0,100.0,0.5,55.0,0.08,-0.8602334308229678,-1.555423942793364,0.002,0.0033,0.0064,0.0067
241,1763535112.7424242,0.029691994423556002,-0.052278422486247145,0.376674320667012,-0.011822777983944675,-0.10466066334667001,-0.040014206591117804,0.06743666846746166,-0.0026115505400004756,0.548,0.152,1.046,0.998,0.031,0.048,-0.03,-0.022,0.379,-0.126,0.0,0.0,-0.059,0.491,-0.039,0.902,0.999,0.045,0.013,-0.025,0.05,-0.064,-0.177,-0.1,0.1,0.0,0.5399368234705523,0.20651246100133452,1.028204780255873,0.9983670714793562,0.05310225723805876,-0.007478256788078194,-0.01968289961791154,-0.05502955860183213,0.17901608453745757,-0.09627274626759909,0.0,0.0,0.013417789391093643,0.5288498613959748,0.10654291159009736,1.0498189244423706,0.9983569928697171,0.05347509880235046,-0.009825180227545314,-0.018088516514932006,-0.15397842035008885,0.34313561566390255,0.004881658510893814,0.0,0.0,0.014325016814694032,0.0,0.0,1.0,1.0,0.0,0.0,0.0,26.433572246248367,0.08817337679974349,0.08,100.0,100.0,0.5,55.0,0.08,-0.8574300375238033,-1.563438670389817,0.0021,0.0038,0.0084,0.0078
242,1763535112.8120515,0.018319506623469636,-0.046435838588833406,0.35161480591006,-0.011984986775249439,-0.053893239558076234,0.02398507723844398,-0.08763014171805886,-0.001993321754918284,0.542,0.167,1.057,0.998,0.033,0.052,-0.032,-0.116,0.304,0.211,0.0,0.0,-0.075,0.496,-0.047,0.89,0.999,0.039,0.009,-0.025,0.077,-0.124,-0.174,-0.2,-0.3,-0.0,0.5159241623830512,0.2094615975871633,1.0920315420318951,0.998330087196965,0.053460984822636795,-0.009901689765827395,-0.019517085819241192,-0.147132657949769,0.13654954244332157,0.17760870552655958,0.0,0.0,0.012692018790700187,0.5219916537257309,0.1313001196499983,1.0603495066634325,0.9984226617523312,0.05299524253624232,-0.003990641356273046,-0.01810435167246958,-0.15556384701434864,0.2849436326331874,-0.005646839030844945,0.0,0.0,0.01790079241907791,0.0,0.0,1.0,1.0,0.0,0.0,0.0,26.465097413882663,0.08822347497928909,0.08,100.0,100.0,0.5,55.0,0.08,-0.855048607718888,-1.5663554888558513,0.0085,0.003,0.0066,0.0064
243,1763535112.8825922,-0.022046881755083153,-0.07651155278529813,0.41244973364746185,-0.009775161304564758,-0.19999999123041698,-0.15502215484120696,0.3393361192780154,0.009850628675898462,0.552,0.144,1.031,0.998,0.03,0.049,-0.03,0.19,-0.461,-0.503,0.0,0.0,0.092,0.5,-0.057,0.878,0.999,0.032,0.007,-0.024,0.08,-0.169,-0.195,-0.2,0.0,0.1,0.5869428372370716,0.03618247769239473,0.9317873928916782,0.9984963533373108,0.053013309736852234,-0.0037429855268370188,-0.013439174907065166,0.15658707677751696,-0.5944415019411956,-0.5172253475906196,0.0,0.0,0.02683571695412823,0.5295792149481324,0.11823610087008472,1.0361875275658654,0.9991243409693922,0.03851892183560465,-0.0064467944902071635,-0.015009423170189468,-0.11093377506595581,0.12722943688959965,-0.07254053868710901,0.0,0.0,0.01949967337732689,0.0,0.0,1.0,1.0,0.0,0.0,0.0,26.401012520335797,0.08813743537707115,0.08,100.0,100.0,0.5,55.0,0.08,-0.8888925907616706,-1.5862175915350378,0.0047,0.0048,0.0096,0.0081
244,1763535112.9758067,-0.06159623177441092,-0.0849361767573047,0.38559572446184315,-0.005750881127764071,-0.19995143827214715,-0.049774275138562654,-0.09302507256334719,0.01914388475354695,0.566,0.091,1.029,0.998,0.025,0.05,-0.025,0.151,-0.571,-0.19,0.0,0.0,0.089,0.506,-0.07,0.864,0.999,0.027,0.008,-0.023,0.081,-0.2,-0.234,-0.2,-0.1,-0.0,0.5925088727991846,-0.03426787631327789,0.9919472797506178,0.9991822092818067,0.03854780670364381,-0.006271769839120446,-0.010471110550056643,0.10673772384072734,-0.6621497644298923,-0.1251622216926771,0.0,0.0,0.024099719585529103,0.5368329459180524,0.09447152134150452,1.026003982440079,0.9994620205727422,0.028914320646950827,-0.008954948001915548,-0.012626971151451146,-0.0811458688345591,-0.00948330938778344,-0.07894415460221604,0.0,0.0,0.020558972093994765,0.0,0.0,1.0,1.0,0.0,0.0,0.0,26.386578721659344,0.08810081502613706,0.08,100.0,100.0,0.5,55.0,0.08,-0.9213137447189664,-1.6019850609152957,0.002,0.0026,0.0095,0.041
245,1763535113.0788429,-0.09865495812883754,-0.09893039745705669,0.41002630244175586,-0.0035518078538983506,-0.19145325494957421,-0.07846472117449042,0.1607124623457481,0.010420278256552198,0.579,0.062,1.009,0.998,0.021,0.049,-0.024,0.298,-0.645,-0.447,0.0,0.0,0.067,0.511,-0.082,0.853,1.0,0.018,0.004,-0.023,0.099,-0.22,-0.191,-0.4,-0.3,0.0,0.633891360053796,-0.074088195764298,0.9230700690698712,0.9995006272520564,0.028946005396016154,-0.008851994340571047,-0.009070120757424034,0.23826608430095192,-0.6887190034813268,-0.37183829913785155,0.0,0.0,0.01683580853937606,0.5513369867883647,0.0644922758345888,1.0045054685351202,0.9996527807957801,0.022980721243419672,-0.007697572055124737,-0.010341744671577748,-0.03458166716705106,-0.12534425584164943,-0.16562246723736845,0.0,0.0,0.021048620292201035,0.0,0.0,1.0,1.0,0.0,0.0,0.0,26.34770442625104,0.08784313615332359,0.08,100.0,100.0,0.5,55.0,0.08,-0.9516398296441045,-1.6229416214627388,0.0124,0.0084,0.0501,0.0194
246,1763535113.100588,-0.11230613449842787,-0.10263366445220559,0.40561586899659696,-5.043236796145167e-05,-0.07812137766083531,-0.0284093747214502,0.018950463018381207,0.01715169664429466,0.579,0.062,1.009,0.998,0.021,0.049,-0.024,0.298,-0.645,-0.447,0.0,0.0,0.067,0.519,-0.102,0.841,1.0,0.002,-0.002,-0.022,0.09,-0.221,-0.115,-0.3,-0.1,0.0,0.6314565026178903,-0.06937562854814591,0.9391490358731777,0.9996808623032761,0.02300534923954618,-0.007623652063027871,-0.007127929584863112,0.2120887281074381,-0.6299219916006732,-0.2600063688154496,0.0,0.0,0.012623586037462005,0.5658245970251159,0.03446522058229995,0.9810314272549828,0.9997800114876064,0.00866829297087493,-0.016979702547704194,-0.008745228882321878,-0.0028991687167948046,-0.21533153824826312,-0.12645343952337135,0.0,0.0,0.018650809584140372,0.0,0.0,1.0,1.0,0.0,0.0,0.0,26.30349385424589,0.08738841207607995,0.08,100.0,100.0,0.5,55.0,0.08,-0.9775984351978211,-1.6415841425668278,0.0017,0.0015,0.0099,0.0075
247,1763535113.1403368,-0.14860165883718834,-0.1042505276852675,0.40979288385917656,0.0021237334242383307,-0.19270823514364513,-0.01834768261053022,0.06144666121255783,0.010865785724202765,0.615,-0.056,0.974,0.999,0.006,0.042,-0.016,0.321,-1.033,-0.402,0.0,0.0,0.138,0.524,-0.115,0.838,1.0,-0.009,-0.004,-0.022,0.097,-0.237,-0.052,-0.5,-0.1,0.0,0.6695378828761321,-0.2579990832212291,0.906011334969541,0.9998128208357948,0.008760682782755276,-0.01693221895728281,-0.003297527973115755,0.21163678310645612,-0.9520236876384486,-0.25187830974637,0.0,0.0,0.013254839970287894,0.5834741968406368,-0.020484006457842874,0.9605517017169102,0.9996842393852842,-0.0072711219513770945,-0.022782008168825304,-0.007715725113662426,0.022534103694346497,-0.33278734763832185,-0.15034642214471472,0.0,0.0,0.013671990708538685,0.0,0.0,1.0,1.0,0.0,0.0,0.0,26.273311893999974,0.08694982833047532,0.08,100.0,100.0,0.5,55.0,0.08,-1.0215398347579026,-1.6603236586301944,0.0022,0.0019,0.0093,0.0063
248,1763535113.2524793,-0.17237850423070264,-0.10939357127173494,0.4181478433447505,0.003346861320832004,-0.13374439285129036,-0.036140270700863855,0.08275408581378722,0.0063280128253922,0.641,-0.131,0.942,0.999,-0.003,0.037,-0.009,0.389,-1.144,-0.485,0.0,0.0,0.179,0.529,-0.126,0.839,1.0,-0.018,-0.009,-0.021,0.086,-0.208,0.036,-0.3,-0.2,0.0,0.7065324334570636,-0.34883725333346444,0.8651486495810716,0.9997134573455401,-0.007119183383014095,-0.02282994390258629,-0.001055505372267802,0.25854808091314824,-1.003273727790504,-0.2891087483154384,0.0,0.0,0.012826903308582622,0.6052455749216903,-0.08407342000406338,0.9341917805558735,0.9991960308290404,-0.024987519468932323,-0.030464170147731413,-0.007406090972391779,0.045995506095324906,-0.4328702436711179,-0.13485539900354598,0.0,0.0,0.009885393393263872,0.0,0.0,1.0,1.0,0.0,0.0,0.0,26.22830253673075,0.08621704509481427,0.08,100.0,100.0,0.5,55.0,0.08,-1.0676238542594185,-1.6812758608463918,0.0173,0.0104,0.0175,0.0189
249,1763535113.3050878,-0.14562072291758515,-0.10491954890328252,0.4125965192697023,0.0017630511739877086,0.11655105614251701,0.011430754715088566,0.014058163959234045,-0.007584364602138276,0.657,-0.171,0.922,0.999,-0.009,0.033,-0.007,0.326,-0.827,-0.409,0.0,0.0,0.084,0.534,-0.139,0.846,0.999,-0.03,-0.011,-0.022,0.078,-0.173,0.142,-0.4,-0.1,0.0,0.7082496016984485,-0.31966497060458043,0.858282272362383,0.9992132495575791,-0.024899455911660283,-0.030536189796755715,-0.004521074715496376,0.1814906398681285,-0.627062737400032,-0.21383806829270585,0.0,0.0,0.002304128065585132,0.6244158115174551,-0.13454336881003576,0.9121875531696297,0.9986993128241047,-0.03694577257514592,-0.03430052127044833,-0.00762670925511565,0.051272821420243746,-0.45694660073876264,-0.12681196985015342,0.0,0.0,0.004105172319422406,0.0,0.0,1.0,1.0,0.0,0.0,0.0,26.189057765531196,0.08555817008871609,0.08,100.0,100.0,0.5,55.0,0.08,-1.0919314136684584,-1.6978014136507305,0.0027,0.0023,0.0112,0.0343
250,1763535113.343028,-0.13614286363863165,-0.0968526361843051,0.4135360824233429,0.00010937238875614527,0.032827224103009145,0.029842608704558814,0.04595746769517324,-0.008092088808759047,0.683,-0.259,0.882,0.999,-0.023,0.024,-0.002,0.262,-0.865,-0.397,0.0,0.0,0.094,0.539,-0.149,0.864,0.999,-0.045,-0.017,-0.022,0.067,-0.13,0.334,-0.3,-0.3,0.0,0.7203100260509896,-0.40934158974385876,0.8224862041404499,0.9987183567177941,-0.036837737848287005,-0.03441652133525068,-0.004486433361836296,0.10938077501576066,-0.6189730810590298,-0.19847940510311032,0.0,0.0,0.004409342611893211,0.6415079309149314,-0.19020832334147433,0.8893617746501272,0.9977715436441729,-0.054737757195663685,-0.037199378746899235,-0.008481205808006702,0.044036007168295775,-0.469044019519555,-0.11335769178626012,0.0,0.0,-0.0002436186368256203,0.0,0.0,1.0,1.0,0.0,0.0,0.0,26.14864712561301,0.08485460000073221,0.08,100.0,100.0,0.5,55.0,0.08,-1.1182667355784266,-1.7106660728340668,0.0019,0.0033,0.0088,0.0083
251,1763535113.4152045,-0.12206882641634921,-0.08106022510258826,0.34899229469060666,-0.0009185726895094264,0.05675589974754905,0.06927679179015382,-0.2813653304213466,-0.005128788152452242,0.688,-0.296,0.896,0.999,-0.03,0.025,0.0,0.095,-0.714,0.279,0.0,0.0,0.07,0.541,-0.151,0.886,0.999,-0.045,-0.015,-0.022,0.033,-0.026,0.369,-0.1,0.0,-0.0,0.6911370006052938,-0.41174651681023255,0.9710695088163828,0.997788561132248,-0.05465114808967469,-0.037326503378258394,-0.006162096369869087,-0.0601566374643595,-0.44542788281519846,0.46575606895966526,0.0,0.0,0.004755225409138592,0.6504751419180063,-0.238665159775948,0.899021495567438,0.9967912420962326,-0.06884001697234092,-0.039757276343436794,-0.009361128203868424,0.009279420242143673,-0.43638268467045654,0.004605464323776669,0.0,0.0,-0.0032695691345466325,0.0,0.0,1.0,1.0,0.0,0.0,0.0,26.19439834948943,0.08554213200930698,0.08,100.0,100.0,0.5,55.0,0.08,-1.1371892415035292,-1.7167956352490055,0.0021,0.0042,0.0109,0.0108
252,1763535113.512657,-0.08220811485534665,-0.07510578991033759,0.39213458765134335,-0.0024557039208117568,0.18709667516337775,0.021666153450994548,0.2506106942727442,-0.0077775134254625955,0.694,-0.315,0.888,0.999,-0.034,0.022,0.001,0.124,-0.411,-0.174,0.0,0.0,0.022,0.542,-0.149,0.915,0.999,-0.047,-0.013,-0.022,0.015,0.046,0.428,0.1,0.1,0.1,0.7035347727036129,-0.3703082760509113,0.8675490902584392,0.9967980369800654,-0.06880992820990144,-0.039809329795272796,-0.00860723612362262,-0.014895615165592367,-0.16315532296331445,-0.115049630341686,0.0,0.0,0.002748924299124016,0.6598220746658275,-0.27123997510595793,0.8898156314097607,0.9971597131440236,-0.06441945966295697,-0.037848978558338006,-0.009491813385839366,-0.017347676160059715,-0.35656056262203556,0.02897861794355413,0.0,0.0,-0.0027560882939410376,0.0,0.0,1.0,1.0,0.0,0.0,0.0,26.162119123708386,0.08514123725092829,0.08,100.0,100.0,0.5,55.0,0.08,-1.140710512079585,-1.725264221402069,0.0126,0.0055,0.0341,0.0053
253,1763535113.5371637,-0.04094009594006834,-0.06485147249845684,0.3259177291954621,-0.0029898749720518652,0.19811928309085702,0.04376100806836999,-0.29187083351427195,-0.0029164256482817185,0.697,-0.326,0.927,0.999,-0.036,0.023,0.001,-0.011,-0.027,0.588,0.0,0.0,-0.002,0.542,-0.142,0.946,0.999,-0.047,-0.009,-0.023,-0.003,0.119,0.416,0.0,0.2,-0.0,0.681622043270588,-0.30763830665131053,1.0486770130684306,0.9971600095538211,-0.06441827574058055,-0.037850993537652346,-0.009460622888933966,-0.13096913042837344,0.19054401548107724,0.6147027008135391,0.0,0.0,0.0030548196486915933,0.662293955230288,-0.2841409794781362,0.9181629582981647,0.99774266572243,-0.057969350201970395,-0.032661211822306385,-0.009075939431229394,-0.057736038096138434,-0.23310207446905554,0.16271473290659394,0.0,0.0,-0.0010145672426358308,0.0,0.0,1.0,1.0,0.0,0.0,0.0,26.228538064896796,0.08573895003949294,0.08,100.0,100.0,0.5,55.0,0.08,-1.1297848471684386,-1.73063677146634,0.0018,0.0019,0.0072,0.0056
254,1763535113.6224332,-0.02520326423257005,-0.06318111652892294,0.3323743220345286,-0.0023080119733565143,0.07459014894348459,0.0018666325978237905,0.06487473711487919,0.0031103274962715685,0.697,-0.326,0.927,0.999,-0.036,0.023,0.001,-0.011,-0.027,0.588,0.0,0.0,-0.002,0.542,-0.131,0.972,0.999,-0.037,-0.008,-0.022,-0.009,0.175,0.38,0.3,0.1,0.1,0.6848098551309132,-0.3129656097322696,1.0338953658488443,0.9977440472181258,-0.05796433568057859,-0.032670110340331814,-0.008922775367226533,-0.1020047206956095,0.13160979040706153,0.4542142656627056,0.0,0.0,0.0042711523221185006,0.663621371151853,-0.29347625941799793,0.9485802897817339,0.9982539521505763,-0.052093637332434446,-0.026443537324914265,-0.00872005154672051,-0.0784077691853517,-0.14879805749954353,0.16584816675244382,0.0,0.0,0.0006415462002547727,0.0,0.0,1.0,1.0,0.0,0.0,0.0,26.29188374722681,0.08597045859002998,0.08,100.0,100.0,0.5,55.0,0.08,-1.1244183447329366,-1.7369519359485668,0.0074,0.0041,0.007,0.016
255,1763535113.6780567,0.01523295988202427,-0.05545765323791285,0.3248648641197975,-0.003599624761356221,0.1996607941497146,0.03229920480215817,-0.0043098573702027715,-0.006688865137334182,0.689,-0.299,0.983,0.999,-0.034,0.028,-0.001,-0.1,0.482,0.618,0.0,0.0,-0.072,0.541,-0.118,0.992,0.999,-0.025,-0.005,-0.023,-0.014,0.217,0.273,0.5,0.0,0.0,0.6603992984936862,-0.18823446472586772,1.1005063955983454,0.9982309301092861,-0.05215509651720193,-0.026322112834244397,-0.011045472211379666,-0.1763564045171836,0.5921900618853919,0.4828712037922224,0.0,0.0,-0.0020322185307640795,0.6600372660112215,-0.2764368610090637,0.9806649026717885,0.9990184444526482,-0.03737112103568973,-0.022177567302700613,-0.00858501394763226,-0.10830154090095168,-0.005106093591993988,0.26758217325306527,0.0,0.0,0.0026244625994620045,0.0,0.0,1.0,1.0,0.0,0.0,0.0,26.347732994497896,0.08582242024394297,0.08,100.0,100.0,0.5,55.0,0.08,-1.097016615920891,-1.7394944791704472,0.0085,0.0012,0.0061,0.0075
256,1763535113.7739651,0.05446520909230635,-0.05103519764721917,0.3266848403103431,-0.004142299390332502,0.19768454203961283,0.01656651262967714,0.041586367364708075,-0.003073335621017023,0.682,-0.264,1.018,0.999,-0.028,0.031,-0.003,-0.123,0.706,0.689,0.0,0.0,-0.077,0.54,-0.102,1.003,1.0,-0.018,-0.001,-0.023,-0.02,0.249,0.138,0.4,0.1,0.0,0.651127645360631,-0.1155813368251761,1.128762229753088,0.99899384668607,-0.03742647465877586,-0.022084025302149844,-0.011083731521410733,-0.18171434699738256,0.7545308686772858,0.42865512239659587,0.0,0.0,-0.0011398518102787155,0.6545195939452457,-0.24544095548249403,1.020058943707825,0.9995743139574945,-0.021212925687926567,-0.0179585697136427,-0.008870875605215683,-0.1269879595256298,0.12225445182101455,0.24009662657766995,0.0,0.0,0.0038037388798412915,0.0,0.0,1.0,1.0,0.0,0.0,0.0,26.418550796542768,0.08518695061603701,0.08,100.0,100.0,0.5,55.0,0.08,-1.0650962584364077,-1.7415333842821872,0.0073,0.0053,0.0267,0.0135
257,1763535113.8246315,0.09089780070077277,-0.04607805263091678,0.34539434430781657,-0.00509033705272824,0.1876094789515627,0.019682205316790036,0.12621600401840183,-0.005154418251011936,0.664,-0.168,1.071,0.999,-0.016,0.037,-0.009,-0.151,0.895,0.44,0.0,0.0,-0.111,0.54,-0.087,1.006,1.0,-0.008,0.001,-0.024,-0.018,0.259,0.02,0.3,0.0,-0.0,0.6282960734257701,0.013775040517735478,1.136609308064323,0.9995344234984024,-0.021279548604722965,-0.017879576437390594,-0.012587207764841742,-0.20187095743663463,0.8947671180410927,0.2098892181328998,0.0,0.0,-0.0030464964253633948,0.6465880833296042,-0.19915195476221145,1.0483598078445477,0.9997319382896639,-0.01244729447402203,-0.016773030267924066,-0.009989088021442634,-0.14564905835733785,0.24848329796055874,0.21181744687779303,0.0,0.0,0.0032580822804540994,0.0,0.0,1.0,1.0,0.0,0.0,0.0,26.459094851474433,0.08467976419360072,0.08,100.0,100.0,0.5,55.0,0.08,-1.0283545388151545,-1.7414469027400654,0.0077,0.0053,0.0169,0.0071
258,1763535113.8802986,0.09913877554765438,-0.0402995797792946,0.30782130735802726,-0.00482847632354503,0.050294654304485285,0.0242845589950192,-0.1533257503181649,0.0008002699406432193,0.657,-0.142,1.1,0.999,-0.012,0.041,-0.01,-0.204,0.793,0.852,0.0,0.0,-0.045,0.539,-0.07,1.0,1.0,0.006,0.0,-0.025,-0.002,0.239,-0.103,0.4,-0.3,-0.0,0.6114371186274964,0.01426216511749702,1.2465376000744983,0.9997194502132152,-0.012467085394521644,-0.016758325270068646,-0.011169206833754292,-0.2481812942256945,0.735753911990735,0.6433392420245068,0.0,0.0,0.003977906063679685,0.6360432356183718,-0.15625182078030908,1.0943550878030803,0.99983597664164,0.0037592301282764105,-0.014187123983232052,-0.010611951516325806,-0.16710278366292838,0.3286953728421897,0.2304317414127397,0.0,0.0,0.00496745385620573,0.0,0.0,1.0,1.0,0.0,0.0,0.0,26.553955014868954,0.08300985555357167,0.08,100.0,100.0,0.5,55.0,0.08,-1.0037375126818238,-1.7405692237384585,0.0021,0.0061,0.0097,0.008
259,1763535113.9424179,0.09404967548780903,-0.03847851422176854,0.30574152103194924,-0.004766748569221182,-0.015531622744461192,0.005075369809700827,0.020383199105412322,-0.00017420886073526032,0.657,-0.142,1.1,0.999,-0.012,0.041,-0.01,-0.204,0.793,0.852,0.0,0.0,-0.045,0.538,-0.054,0.986,0.999,0.023,0.008,-0.024,-0.008,0.257,-0.253,0.6,0.2,0.1,0.6120701599192059,0.008366362669434406,1.249142134245206,0.9998234048650803,0.00374326648258391,-0.01419134433777516,-0.011736813278101194,-0.2406889361356829,0.6854492095774151,0.6087370760703388,0.0,0.0,0.004013080836550505,0.6258725330127675,-0.11486022256433884,1.1370445784701095,0.9996237473263415,0.021687567828977693,-0.012359333614722804,-0.011369259232942828,-0.183461302713134,0.3795834385526101,0.2507176695611658,0.0,0.0,0.006108916751993833,0.0,0.0,1.0,1.0,0.0,0.0,0.0,26.64317649561134,0.08108069677904067,0.08,100.0,100.0,0.5,55.0,0.08,-0.9823133638696603,-1.7402972645296497,0.002,0.0018,0.0091,0.009
260,1763535114.0419042,0.11057478186282058,-0.03311656269687723,0.35910764554197294,-0.006595593779192551,0.09203049942383859,0.02296190620227969,0.2974047746533137,-0.00962090090677897,0.649,-0.105,1.11,0.999,-0.007,0.043,-0.012,-0.242,1.084,0.306,0.0,0.0,-0.126,0.538,-0.041,0.964,0.999,0.033,0.01,-0.025,0.004,0.207,-0.387,0.3,0.2,-0.0,0.5970621719172768,0.09861165273503522,1.1494488172679078,0.9995693187010258,0.021637185421533426,-0.0124473263302087,-0.015429626885659796,-0.2725025079250327,0.939640132688132,0.03701435265657241,0.0,0.0,-0.0028128948369167944,0.6140138119185846,-0.06028139001639951,1.1532476454502805,0.9990349587158984,0.040393562670744086,-0.011057128726573754,-0.013238249982979781,-0.20227578690384415,0.4470063478322651,0.2254785321960365,0.0,0.0,0.007225638373535237,0.0,0.0,1.0,1.0,0.0,0.0,0.0,26.66211995018943,0.08075519869460054,0.08,100.0,100.0,0.5,55.0,0.08,-0.947335610404449,-1.7365163018362597,0.0023,0.0094,0.0245,0.0155
261,1763535114.108734,0.1143035527727102,-0.031005330559237508,0.3652741270687631,-0.008025785630099657,0.029701332735730307,0.007244504418510912,0.0667431721881484,-0.007810518632454785,0.649,-0.105,1.11,0.999,-0.007,0.043,-0.012,-0.242,1.084,0.306,0.0,0.0,-0.126,0.539,-0.03,0.931,0.999,0.039,0.01,-0.025,0.013,0.168,-0.575,0.1,-0.0,0.0,0.5977784419557117,0.09590283921007177,1.139792367175894,0.9989731744826399,0.040348465632627624,-0.011220575832105062,-0.017282843029023876,-0.26732774497421063,0.9081901701500308,0.07105337784891518,0.0,0.0,-0.0007629712054181661,0.602605510771189,-0.008416450568026309,1.1689550499113115,0.9985317570453511,0.05123194097346438,-0.008857209777392001,-0.015204217539042447,-0.2154430795204545,0.49579858665252596,0.13117164329134698,0.0,0.0,0.007237312471332842,0.0,0.0,1.0,1.0,0.0,0.0,0.0,26.692005664356472,0.08003626839308794,0.08,100.0,100.0,0.5,55.0,0.08,-0.9166960706329151,-1.7338684377936853,0.0128,0.0053,0.0249,0.0111
262,1763535114.208972,0.12347242280524505,-0.03200622883603806,0.3902012943432877,-0.009635107702087555,0.05727470543994523,-0.008105024439926518,0.16116324907949925,-0.008849188922949457,0.615,0.086,1.104,0.998,0.019,0.049,-0.025,-0.207,1.149,-0.035,0.0,0.0,-0.141,0.54,-0.022,0.889,0.998,0.047,0.014,-0.025,0.019,0.115,-0.654,0.3,0.1,-0.0,0.5711037492189107,0.2966963835331661,1.0780234223525176,0.9984534741903789,0.051191678473238675,-0.009087023497373593,-0.01968496726471871,-0.2289725881669529,0.9424887660948731,-0.1507562059960151,0.0,0.0,0.0002534890882697955,0.5907612257342355,0.057601415649531126,1.1662752480327423,0.99828712572271,0.05529597975015627,-0.00745016243484436,-0.017597281592766256,-0.22197068639093162,0.5463955861538572,0.008612932775608526,0.0,0.0,0.007134702086112059,0.0,0.0,1.0,1.0,0.0,0.0,0.0,26.69039987170561,0.08019075180417291,0.08,100.0,100.0,0.5,55.0,0.08,-0.8842192431948785,-1.7326171502189682,0.0115,0.0019,0.0667,0.0073
263,1763535114.2295787,0.12595624072943315,-0.03251372225115055,0.38220364309556276,-0.011209722258084504,0.02476633190146508,-0.005738089959166198,-0.0009681268042957547,-0.008836583550193485,0.615,0.086,1.104,0.998,0.019,0.049,-0.025,-0.207,1.149,-0.035,0.0,0.0,-0.141,0.54,-0.022,0.889,0.998,0.047,0.014,-0.025,0.019,0.115,-0.654,0.3,0.1,-0.0,0.5713198954313286,0.2925558779802611,1.0974189924417088,0.9982023954291978,0.055263491577258864,-0.007687444017714645,-0.02188212655516604,-0.2269757357615585,0.9061033041130087,0.003093585431260891,0.0,0.0,0.002869059071016423,0.5796290214461033,0.12003217431528951,1.1599829081872621,0.9977939817367475,0.06317148352559648,-0.005132526360706039,-0.019753249157018753,-0.2271508337987074,0.5709945057528577,-0.001809519016801776,0.0,0.0,0.009236954288758653,0.0,0.0,1.0,1.0,0.0,0.0,0.0,26.688395626149724,0.08028559345034343,0.08,100.0,100.0,0.5,55.0,0.08,-0.853805310553351,-1.7320340023109448,0.0045,0.0017,0.0082,0.0055
264,1763535114.297517,0.08343712534509076,-0.05965951775001181,0.45577177996993645,-0.010693782922901702,-0.19999995284876865,-0.13898034971942141,0.40606104868142506,0.001458724450105562,0.614,0.19,0.986,0.998,0.034,0.047,-0.032,0.037,0.489,-0.801,0.0,0.0,-0.051,0.545,-0.019,0.807,0.998,0.06,0.018,-0.024,0.057,-0.026,-0.655,0.2,0.0,0.0,0.619570112104144,0.2621362359108067,0.8310949887910211,0.9977772904714011,0.06316721376684888,-0.005184810758481782,-0.020579102552866747,0.02014016613142751,0.22653712649942215,-0.7299723229538322,0.0,0.0,0.012916744953085337,0.5795376890632707,0.15784303934123955,1.1122308706650796,0.9978084521582763,0.06329069782237827,-0.0024929080290277987,-0.019140683901571375,-0.1937165852175291,0.491031504142556,-0.12333600777870932,0.0,0.0,0.011916278395044305,0.0,0.0,1.0,1.0,0.0,0.0,0.0,26.58786433424192,0.08212613492250083,0.08,100.0,100.0,0.5,55.0,0.08,-0.8544132254584995,-1.744331307572718,0.0132,0.0121,0.0122,0.0061
265,1763535114.3965404,0.047897198187642626,-0.026911611111199267,0.3466563656360459,-0.012658586134643705,-0.16935592325273163,0.15777358141906156,-0.49999989367245906,-0.010893394351000181,0.592,0.213,1.014,0.997,0.036,0.057,-0.034,-0.441,0.455,0.549,0.0,0.0,-0.105,0.55,-0.026,0.767,0.998,0.064,0.019,-0.023,0.075,-0.12,-0.566,0.1,0.1,0.0,0.5021302833960161,0.27660207046148894,1.1368111055375338,0.9977537509794538,0.0632838114112715,-0.002661998224531835,-0.021806544548490004,-0.4639184760504124,0.17563272020346293,0.7694004872751244,0.0,0.0,0.008483995485115123,0.5579863715308621,0.19190132197132348,1.125931537135278,0.997557119675225,0.06683421283882071,-0.002709016988866887,-0.020140561224505468,-0.23184588305092327,0.41142791802071815,0.0007157900907299175,0.0,0.0,0.014403936668949029,0.0,0.0,1.0,1.0,0.0,0.0,0.0,26.663324247354836,0.08123101800391816,0.08,100.0,100.0,0.5,55.0,0.08,-0.8508138855930009,-1.7333629981550813,0.0253,0.0135,0.0296,0.0063
266,1763535114.4667408,0.035445816292776,-0.008857831387638442,0.32472938542626767,-0.013290515425875287,-0.05746718965556884,0.08757773750668421,-0.07496926448528651,-0.004425505069622277,0.592,0.213,1.014,0.997,0.036,0.057,-0.034,-0.441,0.455,0.549,0.0,0.0,-0.105,0.55,-0.026,0.767,0.998,0.064,0.019,-0.023,0.075,-0.12,-0.566,0.1,0.1,0.0,0.5012561448909272,0.276813648513459,1.1411314528263208,0.9975017134907572,0.0668269854760098,-0.0028818034318688268,-0.0227196127645821,-0.46867499255073203,0.21040654100553138,0.6619306154529304,0.0,0.0,0.010783840001974519,0.5372990229717493,0.22191098009823856,1.1412458242037455,0.99738811987077,0.06898897960625175,-0.0029176807157961678,-0.021188349930548144,-0.26432758285022523,0.3413118152832755,0.0873306811950693,0.0,0.0,0.017028879740447134,0.0,0.0,1.0,1.0,0.0,0.0,0.0,26.726052299646827,0.0806131318191808,0.08,100.0,100.0,0.5,55.0,0.08,-0.8436439352640538,-1.7241221728143585,0.0019,0.0038,0.0292,0.0346
267,1763535114.5405405,-0.004320647102117596,-0.04856666422626789,0.40365407075035303,-0.013808245035322363,-0.19528773534519042,-0.19942994733191105,0.42709636516305344,-0.003917699589822905,0.6,0.219,0.997,0.997,0.042,0.061,-0.034,0.123,0.073,-0.241,0.0,0.0,0.013,0.563,-0.057,0.717,0.998,0.055,0.015,-0.022,0.132,-0.371,-0.338,-0.3,0.0,0.1,0.621401792355545,0.209607175309566,0.9688319506810296,0.9974246408377057,0.06899411933902246,-0.002793503983150955,-0.01939313491684562,0.10201337836522582,-0.12228137510121843,-0.21281057119166957,0.0,0.0,0.021919933465655184,0.5424640214809304,0.2322324689164444,1.1191201048898565,0.9982742359488469,0.054951512663210675,-0.009806901536080073,-0.01824022420455763,-0.21691258189126778,0.2159110173117995,0.18504372459325014,0.0,0.0,0.017882004937192005,0.0,0.0,1.0,1.0,0.0,0.0,0.0,26.656398104026152,0.08148114301309169,0.08,100.0,100.0,0.5,55.0,0.08,-0.8527983295740367,-1.745120500312664,0.0093,0.0059,0.0412,0.0128
268,1763535114.6004086,-0.014934578844930404,-0.07512789587510661,0.4252065747718985,-0.012994283125583596,-0.053501723424275824,-0.13766282466682042,0.14812792718276258,0.0026889850451616002,0.6,0.219,0.997,0.997,0.042,0.061,-0.034,0.123,0.073,-0.241,0.0,0.0,0.013,0.572,-0.083,0.691,0.998,0.045,0.024,-0.021,0.137,-0.399,-0.429,-0.2,0.2,0.0,0.6235678470952496,0.21918145583099366,0.9323269787628898,0.9983078684567506,0.054970509048846074,-0.00969985549501151,-0.016295880326814775,0.11837690094994349,-0.052859697779535024,-0.30078606324955826,0.0,0.0,0.023032053701785248,0.5479342988240781,0.23888206610796286,1.1040917664287768,0.9990440748508447,0.04043223511615778,-0.0010920765221768482,-0.016582467783816512,-0.17137502920899308,0.1486900583927169,0.05878445642880033,0.0,0.0,0.020620841517504426,0.0,0.0,1.0,1.0,0.0,0.0,0.0,26.607365347370745,0.08221444276170965,0.08,100.0,100.0,0.5,55.0,0.08,-0.8577468117899489,-1.7628585870421731,0.0022,0.0019,0.0226,0.0319
269,1763535114.6927278,-0.052833932753491186,-0.09117629500603236,0.46674808982327076,-0.008270559085324683,-0.19099022742729693,-0.0877547852421394,0.2502282327340512,0.022319191888736212,0.617,0.185,0.925,0.997,0.045,0.057,-0.031,0.174,-0.34,-0.74,0.0,0.0,0.065,0.58,-0.106,0.666,0.999,0.037,0.022,-0.021,0.147,-0.4,-0.426,-0.3,-0.0,0.0,0.6520237064634115,0.10630204499521015,0.7762226437224713,0.9991009029021396,0.040436168627255346,-0.0009351654221162239,-0.012705414299063265,0.1629979294689667,-0.4269699339754394,-0.6164416469436638,0.0,0.0,0.026624485436094306,0.5572410317073333,0.22348796630869966,1.0608103031541278,0.9993399240814185,0.03257411082251513,0.006786445983926593,-0.01458038380751421,-0.11617559691182389,0.04377574940669916,-0.13180329754194858,0.0,0.0,0.022427349568523887,0.0,0.0,1.0,1.0,0.0,0.0,0.0,26.51728345680028,0.0834749594693105,0.08,100.0,100.0,0.5,55.0,0.08,-0.8817416861915778,-1.7804023471017003,0.0226,0.0059,0.0325,0.0279
270,1763535114.7147684,-0.09085078643267364,-0.09778094777974271,0.4155091982908111,-0.0035775409634430256,-0.19536766167126135,-0.04214089336915506,-0.20951964867997083,0.02263803470087582,0.633,0.126,0.895,0.997,0.038,0.056,-0.029,0.158,-0.601,-0.302,0.0,0.0,0.044,0.595,-0.146,0.636,0.999,0.024,0.013,-0.019,0.183,-0.471,-0.264,-0.2,-0.1,0.0,0.6625751183446364,-0.0016323648203352458,0.8651753176618779,0.9993791834279852,0.03255359584505619,0.00688418059953328,-0.01158098380291618,0.11256358470703587,-0.6460000604781418,0.07567873376187165,0.0,0.0,0.01912058120268377,0.5674962405153562,0.1917021071596368,1.031693306309236,0.9997570459931556,0.017772680064111087,-0.002913039624859825,-0.012708069504141741,-0.07270234843433893,-0.079501873942181,-0.08997037022354787,0.0,0.0,0.023595690255932816,0.0,0.0,1.0209378268645999,1.0,0.0,0.0,0.0,26.48707153116229,0.08378078644116234,0.08,100.0,100.0,0.5,55.0,0.08,-0.9133509322317532,-1.7953843698518275,0.0018,0.0018,0.0093,0.0078
271,1763535114.7428281,-0.125149229867415,-0.12030953632314707,0.4349818938280429,-0.0013860983738165824,-0.18057729581697407,-0.12242103749499608,0.13891439751524018,0.010599458851787915,0.67,-0.019,0.84,0.998,0.024,0.056,-0.021,0.418,-0.812,-0.478,0.0,0.0,0.032,0.604,-0.168,0.63,1.0,0.017,0.009,-0.019,0.191,-0.492,-0.112,-0.5,-0.2,-0.0,0.7470945047006092,-0.18364543846638998,0.78302908624538,0.9997826089018258,0.017779052461765265,-0.002873891104244138,-0.010506235336297326,0.3356737336223855,-0.8006934409745166,-0.11789581201218614,0.0,0.0,0.010941750188685097,0.5918626700366273,0.1401124898177067,0.9935501232103227,0.9998041878115066,0.01062955030521894,-0.013067152093025239,-0.01038500029178501,-0.010206069652936495,-0.20779547952579075,-0.062044738328894275,0.0,0.0,0.02301836160508359,0.0,0.0,1.0418389216661577,1.0,0.0,0.0,0.0,26.426555718424158,0.08410694830975377,0.08,100.0,100.0,0.5,55.0,0.08,-0.952525937159628,-1.8222953304441585,0.0015,0.0016,0.0071,0.0123
272,1763535114.86029,-0.1558514072287483,-0.14330507306790635,0.5248445989587748,0.0026061569543920134,-0.166025809793408,-0.12700863735611106,0.4928117150364634,0.01982266680366132,0.703,-0.074,0.774,0.999,0.019,0.045,-0.017,0.679,-1.115,-1.345,0.0,0.0,0.142,0.616,-0.2,0.635,1.0,0.004,-0.0,-0.02,0.205,-0.521,0.11,-0.3,-0.4,-0.0,0.8286937587893175,-0.29344571650152773,0.5476412180801303,0.999847298858469,0.010704301909953227,-0.013005988010682066,-0.0046520062241993485,0.5626732516345152,-1.0380432588168504,-0.9622649943293551,0.0,0.0,0.015408304972200972,0.6293882286312122,0.07278358244934452,0.9145726174204878,0.9997243678373254,-0.003223124207292585,-0.02164638528693024,-0.00849904857111714,0.06890311058880846,-0.3508557856540942,-0.09619884549745547,0.0,0.0,0.01793819076118426,0.0,0.0,1.0626666167821521,1.0,0.0,0.0,0.0,26.236259479804964,0.08477869548768618,0.08,100.0,100.0,0.5,55.0,0.08,-1.005609801766878,-1.8600784193758042,0.0041,0.0082,0.0396,0.0212
273,1763535114.8785985,-0.1609222069416816,-0.14703510512842344,0.537696592216781,0.0065640346399165,-0.040939139287541386,-0.03298066760937599,0.11674442618590797,0.02005000412306163,0.703,-0.074,0.774,0.999,0.019,0.045,-0.017,0.679,-1.115,-1.345,0.0,0.0,0.142,0.616,-0.2,0.635,1.0,0.004,-0.0,-0.02,0.205,-0.521,0.11,-0.3,-0.4,-0.0,0.8256870752131646,-0.2859052204040354,0.5374456491544434,0.9997555054453636,-0.0031074408853913552,-0.021663294689166366,-0.0031582916330918586,0.5160013902368956,-0.9492800780115397,-0.8693838509649344,0.0,0.0,0.009513990763461233,0.6655921024491781,0.007482596941165459,0.8425946200846784,0.9993554824833001,-0.02113928506690996,-0.027879566189593287,-0.008029946856022614,0.13191411793852842,-0.4545149125352286,-0.2269934001203942,0.0,0.0,0.01111868864217162,0.0,0.0,1.083384373358051,1.0,0.0,0.0,0.0,26.067395440356734,0.08476114786578255,0.08,100.0,100.0,0.5,55.0,0.08,-1.0504040926878393,-1.8929005941201487,0.0018,0.0017,0.0068,0.0073
274,1763535114.9525049,-0.19770073131911758,-0.10714172015325216,0.42694270001166246,0.010142939403873423,-0.1999848425813482,0.18476341436301416,-0.49999980180391435,0.01855092728377626,0.775,-0.299,0.696,1.0,-0.009,0.026,-0.004,0.111,-1.381,0.142,0.0,0.0,0.142,0.64,-0.259,0.685,0.999,-0.028,-0.013,-0.019,0.176,-0.422,0.647,-0.4,-0.2,-0.0,0.7783512679728191,-0.5546205749485242,0.7783418606417347,0.9993831364907484,-0.02099965717298323,-0.02798488846997911,-0.003034289678698808,-0.10820284170132327,-1.1271330302552531,0.796382661510676,0.0,0.0,0.0034279200701865555,0.681361774045008,-0.08347446804335429,0.8322916357094184,0.9983295367325851,-0.04021105215256311,-0.04043503881512496,-0.009285203719104887,0.0956336493795888,-0.5696062065294633,-0.0877064747602901,0.0,0.0,0.006503514455592179,0.0,0.0,1.1039558454088796,1.0,0.0,0.0,0.0,26.11522609496827,0.0850171705687367,0.08,100.0,100.0,0.5,55.0,0.08,-1.1048602460132606,-1.895713182163239,0.0019,0.0017,0.0166,0.0119
275,1763535115.0280151,-0.1991912053030589,-0.1096776895375712,0.31869007441018604,0.00398486396209468,-0.027222443051618143,-0.023394018936920585,-0.4985688580062162,-0.029776083268506375,0.8,-0.391,0.758,0.999,-0.022,0.027,-0.0,0.295,-1.105,0.869,0.0,0.0,0.083,0.649,-0.282,0.749,0.999,-0.041,-0.019,-0.019,0.125,-0.326,1.071,-0.4,-0.2,0.0,0.8337542218347294,-0.582146634710447,1.0059326502530586,0.9983488287155992,-0.04011458158672859,-0.0405307466415129,-0.0069061655782657735,0.055164027115818096,-0.7970762070299667,1.4554766840151943,0.0,0.0,-0.007491323719610525,0.7055149479678836,-0.16567781020426062,0.8594343827306031,0.996769368417388,-0.059530920189486324,-0.05276726492698488,-0.011068490336070252,0.06531059852418941,-0.5943298459662023,0.2863264009104123,0.0,0.0,-4.2324928254975865e-05,0.0,0.0,1.1243449435824273,1.0,0.0,0.0,0.0,26.220186909450376,0.08547905742544866,0.08,100.0,100.0,0.5,55.0,0.08,-1.1413678031287597,-1.9128769726801966,0.0125,0.0033,0.0126,0.0118
276,1763535115.1208398,-0.1552080778695352,-0.13525854458200406,0.41184840437193937,-0.0037398903236436952,0.19999651663731277,-0.13887204417592142,0.49766065724978514,-0.0382252850324824,0.822,-0.422,0.757,0.999,-0.027,0.022,0.002,0.629,-0.901,-0.035,0.0,0.0,0.09,0.656,-0.299,0.831,0.998,-0.056,-0.013,-0.02,0.099,-0.254,1.335,-0.4,0.1,-0.1,0.9232190104480714,-0.5694316504248972,0.7977395536110139,0.9967933014106914,-0.05940264554295424,-0.052911628296431555,-0.008648673672480551,0.42396513160487315,-0.5944766895354201,0.15973839485820357,0.0,0.0,-0.0012898156630340692,0.7435294891179737,-0.2360453497629593,0.8511131996841029,0.9955510180103337,-0.07182201009212717,-0.05937341168575807,-0.013948741509828779,0.07803485224698865,-0.5644723282433011,0.47055849732557353,0.0,0.0,-0.0067747280537652395,0.0,0.0,1.144515898472236,1.0,0.0,0.0,0.0,26.13331379762866,0.08608673295525736,0.08,100.0,100.0,0.5,55.0,0.08,-1.1649391603248525,-1.9479144317535433,0.004,0.0018,0.0315,0.0296
277,1763535115.1918159,-0.13407575838312424,-0.14563805890901696,0.4458485180130164,-0.004967776763975745,0.09014078964510108,-0.06542342609326486,0.21118540864257895,-0.006513421234024616,0.822,-0.422,0.757,0.999,-0.027,0.022,0.002,0.629,-0.901,-0.035,0.0,0.0,0.09,0.656,-0.299,0.831,0.998,-0.056,-0.013,-0.02,0.099,-0.254,1.335,-0.4,0.1,-0.1,0.9297091402362623,-0.5712509298290666,0.747502687760184,0.9955851970905905,-0.07166066590498904,-0.05956804605603303,-0.011247763564828546,0.455626051767695,-0.5890224604138047,-0.04118029905922887,0.0,0.0,0.009396045867165564,0.778635083654963,-0.3007595274448779,0.8500777769197456,0.9944623549175401,-0.09102545107883749,-0.04965550446966659,-0.01712666878343354,0.10997225352035687,-0.5423968338605246,0.42957155489648596,0.0,0.0,-0.013143804804978674,0.0,0.0,1.1644333233692916,1.0,0.0,0.0,0.0,26.05356904472025,0.08764790443177639,0.08,100.0,100.0,0.5,55.0,0.08,-1.1872233777291854,-1.9791264494040088,0.0073,0.0057,0.0268,0.0294
278,1763535115.2636058,-0.16281299160939133,-0.1207228150445126,0.4110773306607328,-0.002207897519127936,-0.15709374196964782,0.11001241343162015,-0.12927108496011566,0.013302618547841469,0.835,-0.48,0.775,0.999,-0.034,0.02,0.005,0.265,-1.208,0.361,0.0,0.0,0.124,0.665,-0.314,0.977,0.998,-0.058,-0.02,-0.018,0.092,-0.096,1.794,0.0,-0.2,0.1,0.8716384361274626,-0.6903169361692338,0.8350717710656456,0.9945317573215279,-0.09079150322551216,-0.05008198089427698,-0.012461212248841603,0.08161508782299232,-0.8903579841332935,0.41574287906708496,0.0,0.0,0.017214841522057527,0.796984503462119,-0.377919296773671,0.8698404191794237,0.9936262814159631,-0.09988981360889884,-0.0488337782771934,-0.018549935736779204,0.10096901166588662,-0.5802676675998173,0.29184618523191586,0.0,0.0,-0.007869353762552904,0.0,0.0,1.184062276342339,1.0,0.0,0.0,0.0,26.06538661125272,0.08730124486582734,0.08,100.0,100.0,0.5,55.0,0.08,-1.225071371461067,-1.9881482844401634,0.0074,0.0053,0.0264,0.0291
279,1763535115.3436174,-0.1514775293418685,-0.10074709973802096,0.348282741905911,-0.002848434883183559,0.04039601217667502,0.0878062950280071,-0.27286521070803593,-0.0034234765721909057,0.843,-0.529,0.816,0.999,-0.043,0.022,0.007,0.146,-0.895,0.76,0.0,0.0,0.057,0.668,-0.313,1.068,0.998,-0.053,-0.023,-0.019,0.044,0.038,1.71,0.2,-0.1,-0.0,0.8506665083977115,-0.6718024258185353,0.992285003292622,0.9936710377082186,-0.09976286191548576,-0.0490926078557491,-0.015973604985273886,-0.06623336968442019,-0.5604709950886402,0.9850341381181723,0.0,0.0,0.009659752183428277,0.8095656959766184,-0.44037884271367966,0.9030709552684497,0.9950313522281716,-0.08292907358720349,-0.05216901670046694,-0.017713569190053746,0.05162841211085451,-0.5254698711695498,0.4168286093264911,0.0,0.0,0.0019764676983228683,0.0,0.0,1.2033683215379,1.0,0.0,0.0,0.0,26.116410888611284,0.08545550434169086,0.08,100.0,100.0,0.5,55.0,0.08,-1.2491024974410727,-1.9951605271519812,0.0073,0.0062,0.03,0.033
280,1763535115.3833227,-0.1348414659572785,-0.09713820627605736,0.31784252609732205,-0.003920489097927804,0.06803256398876317,0.00796975733601589,-0.1173728048523541,-0.005645114562039583,0.851,-0.56,0.866,0.999,-0.046,0.022,0.007,0.175,-0.679,1.081,0.0,0.0,0.03,0.667,-0.304,1.188,0.998,-0.062,-0.02,-0.02,-0.022,0.148,1.499,-0.2,0.2,-0.0,0.8643694012064117,-0.6640618731665345,1.1026861403957697,0.9950566908223035,-0.08285108887848962,-0.052292777906456846,-0.016227892661747775,-0.016666038275568337,-0.38860634088899604,1.1566342420105,0.0,0.0,0.007147485943595591,0.8221472206020918,-0.48974857728096144,0.9535832719570181,0.996180226775462,-0.06726858326686526,-0.053089248781386725,-0.016775731003022272,0.0037903199203342015,-0.45436832846217595,0.6101607033457316,0.0,0.0,0.006129031744949082,0.0,0.0,1.2223175895924636,1.0,0.0,0.0,0.0,26.1848634382771,0.08229807785960848,0.08,100.0,100.0,0.5,55.0,0.08,-1.2659391314191202,-2.008450003285297,0.0095,0.0018,0.0124,0.0114
281,1763535115.417383,-0.12137732782561989,-0.0581336302763347,0.2663807502475842,-0.0030441634920535853,0.053836544062565245,0.1853090593710076,-0.22552462663895698,0.003989579119578313,0.825,-0.608,1.029,0.999,-0.043,0.027,0.012,-0.255,-0.474,1.643,0.0,0.0,0.101,0.665,-0.292,1.271,0.998,-0.062,-0.018,-0.02,-0.046,0.247,1.625,-0.0,0.2,0.0,0.7569024454391555,-0.6763714026272131,1.3522940196044853,0.9962392514006952,-0.06705614193849298,-0.053357328074294004,-0.012799349111545889,-0.40319566938857326,-0.2309107684457335,1.4823479498885157,0.0,0.0,0.014120569400244904,0.8119901580426492,-0.5283948108809294,1.0421783502295754,0.996857187402854,-0.06553437987188425,-0.04256822485976189,-0.012997661726930978,-0.09265944287028136,-0.37845136373913285,0.79782714316545,0.0,0.0,0.004858443728913277,0.0,0.0,1.2408768370508576,1.0,0.0,0.0,0.0,26.3148865585798,0.07497768234203826,0.08,100.0,100.0,0.5,55.0,0.08,-1.2789427386585281,-2.004141614346331,0.002,0.0027,0.0178,0.008
282,1763535115.54582,-0.10911552452807972,-0.03789311348008827,0.2487113092815082,-0.0023163114884329626,0.049171283705138784,0.09538922095359874,-0.061709129805621946,0.003334843668897756,0.783,-0.654,1.267,0.998,-0.044,0.039,0.016,-0.314,-0.349,1.774,0.0,0.0,0.066,0.661,-0.275,1.358,0.998,-0.06,-0.015,-0.022,-0.058,0.273,1.278,0.1,0.0,-0.1,0.7083524853531581,-0.7026536623383763,1.5911080301685991,0.996889621763627,-0.06541514720994153,-0.04275122487608231,-0.010211430216615837,-0.4151062080365578,-0.1574806450636264,1.3726840013222144,0.0,0.0,0.0107030562263121,0.7948083866387865,-0.560440551351803,1.152533393751169,0.9976254488105464,-0.059577952383042476,-0.0332330520993591,-0.009460217944702108,-0.16523878611656861,-0.31338710789129903,0.8870021490990754,0.0,0.0,0.005388568123666206,0.0,0.0,1.2590135046865651,1.0,0.0,0.0,0.0,26.45111049090908,0.06512431247068202,0.08,100.0,100.0,0.5,55.0,0.08,-1.2890371842030548,-2.000954669138942,0.0084,0.0024,0.0463,0.0331
283,1763535115.6149201,-0.10561302580764831,-0.0312816673625301,0.25865061441183107,-0.0014280084657079598,0.006600941149349157,0.029267919239781982,0.07456765657976541,0.004209883964781716,0.783,-0.654,1.267,0.998,-0.044,0.039,0.016,-0.314,-0.349,1.774,0.0,0.0,0.066,0.661,-0.275,1.358,0.998,-0.06,-0.015,-0.022,-0.058,0.273,1.278,0.1,0.0,-0.1,0.7118476956169918,-0.7068985405443079,1.574962840101796,0.9976479706753978,-0.059484946893902525,-0.03339924033603744,-0.006675211252531524,-0.37943806764887233,-0.1963029783309109,1.2270962499160438,0.0,0.0,0.00969501710048947,0.7774806935341491,-0.5887769970303948,1.256566871299568,0.9981339377861146,-0.052974647860918544,-0.02960784117079606,-0.0067605225242742895,-0.2171785416493822,-0.26770004356254135,0.9235923575481274,0.0,0.0,0.006741942111780763,0.0,0.0,1.276695774621672,1.0,0.0,0.0,0.0,26.57162508813338,0.05377460315270456,0.08,100.0,100.0,0.5,55.0,0.08,-1.300706264194949,-2.000773955514099,0.0072,0.0053,0.0256,0.0293
284,1763535115.6861088,-0.06432135917966558,-0.012105668471855471,0.19967192881161816,-0.0010039990403301197,0.19589703055914875,0.09275182771712012,-0.26902836655988144,0.0019772462803184033,0.741,-0.639,1.465,0.997,-0.042,0.055,0.015,-0.493,0.179,2.297,0.0,0.0,-0.007,0.652,-0.228,1.474,0.998,-0.051,0.006,-0.023,-0.058,0.338,0.516,0.0,0.2,-0.0,0.6377720044747661,-0.5899879885361543,1.8608913535851157,0.9981340005184665,-0.05297437293261471,-0.029608333069925833,-0.006751254270029881,-0.5260319470758714,0.3053748813427156,1.6652606179880656,0.0,0.0,0.0021392616251001647,0.7493329798050687,-0.5899625389160451,1.3927035347335122,0.9988089201193497,-0.04604005265866,-0.015659513394772236,-0.003979231263070813,-0.2747267247565283,-0.16707557258655084,0.9531731599687108,0.0,0.0,0.0057554342064527475,0.0,0.0,1.2938926261462367,1.0,0.0,0.0,0.0,26.760940958315942,0.03318361079161758,0.08,100.0,100.0,0.5,55.0,0.08,-1.292349171776421,-1.9958534603939555,0.0076,0.0054,0.0259,0.0288
285,1763535115.7569563,-0.0539514519495973,-0.051526344991204946,0.29567847475053566,-2.461642969360761e-05,0.045417400232374894,-0.19831394944393294,0.4999999225757493,0.004796513149149547,0.741,-0.639,1.465,0.997,-0.042,0.055,0.015,0.0,0.0,0.0,0.0,0.0,-0.0,0.649,-0.202,1.491,0.999,-0.047,0.013,-0.024,-0.054,0.383,0.165,0.1,0.2,0.0,0.7391678607040454,-0.6277811991445121,1.3998789800404725,0.998809642124052,-0.04603714272371627,-0.01566806619878196,-0.003793677826325639,-0.009602502709829229,0.10035999216165425,-0.717918547109802,0.0,0.0,0.0018656946586754037,0.7437756591921355,-0.5972765525515469,1.4177967233761666,0.9989465090684398,-0.04508231422984776,-0.006950536460656035,-0.005014679109165708,-0.2432751465741009,-0.11240703978308142,0.6321654560577508,0.0,0.0,0.004661085574517947,0.0,0.0,1.3105738901391553,1.0,0.0,0.0,0.0,26.681531819767475,0.043913584135980184,0.08,100.0,100.0,0.5,55.0,0.08,-1.283229813042258,-2.0053554361279007,0.0071,0.0055,0.0256,0.0293
286,1763535115.8509376,-0.012872422915991548,-0.010495818098615314,0.38976490525396607,-0.04002412390825597,0.199999999973069,0.19999999996382767,0.4999999999922053,-0.1999999990357812,0.0,0.0,0.0,1.0,-0.0,-0.0,-0.0,-15.999,13.796,-31.636,0.0,0.0,-0.639,0.646,-0.174,1.481,0.999,-0.038,0.02,-0.024,-0.046,0.431,-0.27,0.2,0.3,0.0,-3.1998234466485367,2.769160020583091,-6.3662481169863065,0.99855809531512,-0.045232101048709415,-0.00589763072165282,-0.02830203645022732,-15.995408011335348,13.88457616173114,-31.962300653617582,0.0,0.0,-0.05304263939450682,0.004415124437310847,0.023455575514554128,-0.06243479627850235,0.9090322086638357,-0.3747035031642243,-0.142462003615016,0.11385212274789555,-2.46610728480967,1.8317533575880205,-4.119123549891919,0.0,0.0,0.0006353484504362855,0.0,0.0,1.3267103019950528,1.0,0.0,0.0,0.0,23.659743777473736,0.5,0.08,100.0,100.0,0.5,55.0,0.08,-0.4976399468637507,-1.2023609224984417,0.008,0.009,0.0408,0.0317
287,1763535115.8694983,0.027344846131250836,-0.0033587731373678972,0.48196929976140024,-0.006401479168402113,0.19979910294461278,0.03463564299637553,0.4999984630625675,0.1641108113084437,0.0,0.0,0.0,1.0,-0.0,-0.0,-0.0,0.0,0.0,0.0,0.0,0.0,0.0,0.644,-0.136,1.428,0.999,-0.026,0.019,-0.024,-0.017,0.44,-0.697,0.3,0.1,0.1,-0.021889485160956186,0.039078737246866564,-0.08393746677249522,0.9088594519864498,-0.374488202112688,-0.14302700526807233,0.11522308265857037,-0.1879974757936259,0.32861514365427685,-0.5621205070080026,0.0,0.0,0.046960906054464624,-0.042413245825751636,0.057148271756477964,-0.13558818072658083,0.9792572672557359,-0.1461438118436866,-0.048228685503791065,0.13179979014096174,-2.1839312319426254,1.7088368509352585,-3.799667824102357,0.0,0.0,0.0008086576614771095,0.0,0.0,1.3422735529643444,1.0,0.0,0.0,0.0,24.039146519523683,0.5,0.08,100.0,100.0,0.5,55.0,0.08,-0.612563248428301,-1.3205346121050847,0.0013,0.0015,0.0081,0.0065
288,1763535115.886251,0.047576059769952495,0.019731343826223498,0.520579451870576,-0.0020100277036479604,0.10389055280663334,0.11511470750422019,0.2412476905220185,0.02131710940693056,0.0,0.0,0.0,1.0,-0.0,-0.0,-0.0,0.0,0.0,0.0,0.0,0.0,0.0,0.644,-0.127,1.414,0.999,-0.021,0.021,-0.024,-0.013,0.548,-0.856,0.6,0.4,0.0,-0.012576265288519836,0.023908928811477288,-0.02344805815192542,0.9789844376021166,-0.1460444247283501,-0.04852881465059426,0.1338112517213753,-0.08985100766194301,0.18085055046689172,-0.016677278307498086,0.0,0.0,0.02054823018052578,-0.08167941362998815,0.0889616826360447,-0.2033913106637408,0.9939206913715397,-0.018147674655073037,-0.009090050602046646,0.10821133096023852,-1.898915584041359,1.5398151518346934,-3.2984730735508805,0.0,0.0,-0.00019304845474816363,0.0,0.0,1.3572363398164018,1.0,0.0,0.0,0.0,24.328980538948386,0.5,0.08,100.0,100.0,0.5,55.0,0.08,-0.7300930232178561,-1.4287416232819736,0.0017,0.0016,0.007,0.0051
289,1763535115.9389956,0.006804766932452529,0.00030217589476852144,0.5159609243102099,0.021634152055527878,-0.1990988582105046,-0.09517270527465253,0.028965307385227623,0.11801989602551438,0.0,0.0,0.0,1.0,-0.0,-0.0,-0.0,0.0,0.0,0.0,0.0,0.0,0.0,0.644,-0.098,1.373,0.999,-0.007,0.028,-0.023,0.024,0.452,-0.579,0.4,0.2,0.0,0.0007446695105528542,0.0017703006800801346,0.0218442218909993,0.9936530874908742,-0.018125390587063216,-0.009134403724411853,0.11064164950198002,0.03265773636110596,-0.01108904682259083,0.3512668873076291,0.0,0.0,0.010170696551064805,-0.11319045578599761,0.11638360574977161,-0.2582550393140048,0.9959452736284296,0.019941850778317262,0.013216146688496772,0.08672178498760204,-1.5877109417510158,1.275516682971287,-2.710343219775318,0.0,0.0,0.046226028235998196,0.0,0.0,1.3715724127386972,1.0,0.0,0.0,0.0,24.56591597788123,0.5,0.08,100.0,100.0,0.5,55.0,0.08,-0.8350566530876972,-1.5219169950376694,0.0016,0.0016,0.0083,0.0071
290,1763535116.010238,-0.02463580647959749,-0.02569947960787556,0.5024698196618869,0.031435069301930026,-0.15652239036700483,-0.12997805992374356,-0.015859430810594294,0.05116800143756353,0.0,0.0,0.0,1.0,-0.0,-0.0,-0.0,0.0,0.0,0.0,0.0,0.0,0.0,0.649,-0.069,1.355,0.999,0.007,0.034,-0.024,0.092,0.432,-0.175,0.3,0.1,-0.0,0.008712428219429896,-0.010173804391665927,0.05218648174302096,0.9959755359715403,0.019946470730401032,0.013209172992954257,0.08637353645907175,0.09411871759693959,-0.10113462603297904,0.5369980968287371,0.0,0.0,-0.02517610770528091,-0.13586661982164133,0.1355912130525633,-0.29779782729746573,0.9968580996102056,0.026250267030865984,0.015233864747809935,0.07316270967633044,-1.2870330571522623,0.9908176584880531,-2.0824810893873225,0.0,0.0,0.019970203464406717,0.0,0.0,1.3852566213878947,1.0,0.0,0.0,0.0,24.7683322276367,0.5,0.08,100.0,100.0,0.5,55.0,0.08,-0.9185779562017521,-1.597952814333239,0.002,0.0019,0.0117,0.007
291,1763535116.105531,-0.0351095722342592,-0.0382631390747125,0.4982564504659225,0.0360632374532427,-0.054832409421268304,-0.06538824529497225,0.029180135986366595,0.026284347686756353,0.0,0.0,0.0,1.0,-0.0,-0.0,-0.0,0.0,0.0,0.0,0.0,0.0,0.0,0.659,-0.042,1.367,0.999,0.008,0.035,-0.027,0.171,0.408,0.295,-0.0,0.0,-0.1,0.010466043918146978,-0.011763665794769137,0.05956648210809187,0.9969727665495476,0.026274370439760355,0.015192255011701943,0.0715832075573245,0.09262399167790285,-0.09451335484159151,0.5595828131915763,0.0,0.0,-0.04381657221859079,-0.15057247263022278,0.1462428698048215,-0.3212087120194466,0.9973744010779475,0.026528299272486004,0.02048419126381441,0.06419463622750901,-1.0274202345113026,0.7475326127518438,-1.5180759264128696,0.0,0.0,0.00968967116737006,0.0,0.0,1.3982649590120981,1.0,0.0,0.0,0.0,24.936447695326123,0.5,0.08,100.0,100.0,0.5,55.0,0.08,-0.98070968609399,-1.658328490014557,0.0156,0.0114,0.0115,0.013
292,1763535116.1988904,-0.03443356942994897,-0.04202362534165305,0.4982143769140098,0.03836979065303473,-0.00013094320187476832,-0.02262874524217398,0.049615277287029136,0.01513908974428443,0.0,0.0,0.0,1.0,-0.0,-0.0,-0.0,0.0,0.0,0.0,0.0,0.0,0.0,0.672,-0.021,1.401,0.999,0.003,0.031,-0.028,0.227,0.368,0.63,-0.2,-0.1,-0.1,0.008000651974176334,-0.007220712283935766,0.05591663716874262,0.9975829206364845,0.02659645880737047,0.02039561553204409,0.06086841299359231,0.05839502836668994,-0.04624959813753336,0.5320057202202259,0.0,0.0,-0.05566595657472497,-0.15869847295157197,0.15003456869926735,-0.3307651291162921,0.9980820624840945,0.013988677330804411,0.015134188198294183,0.05837353682628153,-0.8205513254319707,0.5713167399894523,-1.0669015685651053,0.0,0.0,-0.021490747282411647,0.0,0.0,1.4105746045668521,1.0,0.0,0.0,0.0,25.069082105321133,0.5,0.08,100.0,100.0,0.5,55.0,0.08,-1.0269071661960312,-1.7062068623724442,0.0127,0.0089,0.038,0.0182
293,1763535116.2160096,-0.027720041655212746,-0.03985805184954088,0.496848023046063,0.037669644537915395,0.030124281930686243,0.006625504926395513,0.042989668351666926,0.0003362484897068011,0.0,0.0,0.0,1.0,-0.0,-0.0,-0.0,0.0,0.0,0.0,0.0,0.0,0.0,0.691,0.004,1.466,0.999,-0.001,0.03,-0.03,0.295,0.351,1.015,-0.2,-0.1,-0.1,0.003606029536970327,-0.0018254055420919347,0.0530068322600535,0.998303129802057,0.014047871379550231,0.015079259119411726,0.05446222802576732,0.01935875442112155,-0.0030078943014997077,0.5197391382602938,0.0,0.0,-0.06044277601804035,-0.16200863879867938,0.149519896101609,-0.3300906382318971,0.9985422394483472,0.003013818190057499,0.006718438140584356,0.05347125888127213,-0.6671592102810466,0.4551219711794138,-0.7141482692523872,0.0,0.0,-0.0421071714705118,0.0,0.0,1.4221639627510076,1.0,0.0,0.0,0.0,25.16717032004648,0.5,0.08,100.0,100.0,0.5,55.0,0.08,-1.0631587496050439,-1.7452424719364314,0.0012,0.0012,0.0077,0.0062
294,1763535116.2788758,-0.021434015129983247,-0.03581775069211742,0.4943470521017366,0.03508747873887871,0.028658128460626188,0.01621570060216323,0.037179947582973605,-0.009143864541391909,0.0,0.0,0.0,1.0,-0.0,-0.0,-0.0,0.0,0.0,0.0,0.0,0.0,0.0,0.715,0.028,1.556,0.999,-0.002,0.027,-0.032,0.37,0.354,1.462,0.0,-0.0,-0.0,0.0004595123558981702,0.0011345649040581437,0.05326114474669519,0.9987567254149133,0.0030418340725412805,0.006705800221204549,0.04930297077608917,-0.00401482004911826,0.01637231254172596,0.5235561777556342,0.0,0.0,-0.06069150538013541,-0.16211831038172964,0.14666395724879744,-0.3222447090524861,0.9987984373090391,-0.0024301254877759746,0.0012751190486918272,0.0489300540623748,-0.5525822157700195,0.3756565973973379,-0.4251301740898597,0.0,0.0,-0.05465599388358739,0.0,0.0,1.4330127018922194,1.0,0.0,0.0,0.0,25.231561512087815,0.5,0.08,100.0,100.0,0.5,55.0,0.08,-1.0932078091842958,-1.7781221040707187,0.0035,0.0027,0.0127,0.0058
295,1763535116.357975,-0.018280930255950994,-0.032927069374813274,0.4927237939294942,0.0323804556316176,0.013622022857162932,0.01087163151730904,0.041318414348962135,-0.010026367662417667,0.0,0.0,0.0,1.0,-0.0,-0.0,-0.0,0.0,0.0,0.0,0.0,0.0,0.0,0.74,0.049,1.663,0.999,-0.001,0.026,-0.035,0.468,0.39,2.017,0.1,0.1,-0.1,-0.0009190609565784627,0.0019145348407238795,0.05364231559274075,0.9989939151835763,-0.0024247835641265873,0.0012852482802232143,0.0447618809671235,-0.011425502807699522,0.017717865698692038,0.5236978841957103,0.0,0.0,-0.05760517766965289,-0.16007962421153282,0.14251643296171626,-0.3090579666461325,0.9989931390926386,-0.003843180781003069,-0.0012960053047754152,0.04467950735595042,-0.4628289267230574,0.31576674997497417,-0.1834352012595129,0.0,0.0,-0.06194352819054368,0.0,0.0,1.4431017896156075,1.0,0.0,0.0,0.0,25.26382494279924,0.5,0.08,100.0,100.0,0.5,55.0,0.08,-1.1188012861587446,-1.8063436133187913,0.0072,0.0051,0.0186,0.0065
296,1763535116.4052951,-0.017903993771052746,-0.031889474258517694,0.4921859306679427,0.029857300054532958,5.658939889615754e-05,0.0018952686439966228,0.046583063085191806,-0.009377732322261408,0.0,0.0,0.0,1.0,-0.0,-0.0,-0.0,0.0,0.0,0.0,0.0,0.0,0.0,0.768,0.07,1.79,0.999,-0.001,0.026,-0.038,0.435,0.318,2.014,-0.0,0.0,-0.1,-0.0010327793450011292,0.001408689926347358,0.053009893019970666,0.9991615713823901,-0.0038482618975668025,-0.001280839034856812,0.040739472313808346,-0.009113831909937224,0.010388907753063975,0.5175651444543623,0.0,0.0,-0.05340962059409285,-0.1565406456662053,0.13759072215801602,-0.29177057041648263,0.999166894740734,-0.002452822257126196,-0.001419011767829502,0.04071224045342146,-0.3887412182655524,0.26574031321651326,0.016215456839211558,0.0,0.0,-0.06386632287063487,0.0,0.0,1.4524135262330098,1.0,0.0,0.0,0.0,25.266786904265278,0.5,0.08,100.0,100.0,0.5,55.0,0.08,-1.1406332968683992,-1.8306682398939287,0.0015,0.0022,0.0093,0.0053
297,1763535116.4763532,-0.019156170356854556,-0.03229465948089525,0.49219407093099365,0.02744667598454129,-0.008051282306114344,-0.0052148735377395335,0.04925929438204907,-0.009067390344505034,0.0,0.0,0.0,1.0,-0.0,-0.0,-0.0,0.0,0.0,0.0,0.0,0.0,0.0,0.798,0.09,1.936,0.999,0.0,0.026,-0.04,0.481,0.321,2.357,0.0,0.1,-0.0,-0.0005012868793951512,0.00046885400756487895,0.052051597101661386,0.9993083833235523,-0.0024579679903006975,-0.0014100797073036016,0.03707728533544639,-0.003210135932731418,0.0018205771935601548,0.5107251879276702,0.0,0.0,-0.04922596159578776,-0.15190704627630838,0.13212352659667012,-0.2714591757370494,0.9993133452748924,-0.00031190036945220157,-0.0002875761663963064,0.03704939909919918,-0.32495055023011166,0.2211160021337038,0.17920975000814618,0.0,0.0,-0.06181590643164633,0.0,0.0,1.4609315757942505,1.0,0.0,0.0,0.0,25.24390725372748,0.4976745340116248,0.08,100.0,100.0,0.5,55.0,0.08,-1.1590213496032769,-1.851522413685675,0.0017,0.0019,0.0119,0.0071
298,1763535116.5724578,-0.02080214662612915,-0.033365055400687835,0.4923240268776712,0.02511698810422275,-0.01014549838205841,-0.008581445547052487,0.04986918682648678,-0.008903771803138574,0.0,0.0,0.0,1.0,-0.0,-0.0,-0.0,0.0,0.0,0.0,0.0,0.0,0.0,0.831,0.11,2.1,0.999,0.002,0.029,-0.041,0.501,0.292,2.517,0.1,0.1,-0.1,0.00010391747024161335,-0.00028033338726732976,0.0513808449873757,0.9994318895846224,-0.0003128623075322024,-0.0002865293501008954,0.03370041690275136,0.0018804757865100597,-0.0037704557314411215,0.5059766654103998,0.0,0.0,-0.04528307377033474,-0.14644435778062206,0.12623596953368127,-0.24907285330261475,0.9994308990566281,0.0012327843481517117,0.0008883875900088706,0.033698205013039835,-0.2691120140684919,0.18097472530321762,0.31292418716306647,0.0,0.0,-0.058238196905415415,0.0,0.0,1.4686409947459458,1.0,0.0,0.0,0.0,25.198419857774258,0.4942584930769419,0.08,100.0,100.0,0.5,55.0,0.08,-1.1742604512882393,-1.8692426849852248,0.0075,0.0048,0.0253,0.0141
299,1763535116.615625,-0.0220545035242907,-0.03442043051255542,0.49265431999175663,0.022925972126191834,-0.008341999153420666,-0.008613381099406726,0.05088386825819427,-0.008443381079732276,0.0,0.0,0.0,1.0,-0.0,-0.0,-0.0,0.0,0.0,0.0,0.0,0.0,0.0,0.866,0.129,2.281,0.999,0.009,0.026,-0.042,0.561,0.295,2.853,0.2,0.0,0.0,0.00047835882823618647,-0.000624615792873053,0.05087863157468725,0.999530007683877,0.0012355164294952181,0.0008845840330782584,0.03061788284172659,0.0043836646987063105,-0.005591705246312243,0.5017087037356834,0.0,0.0,-0.0415024677140686,-0.1403533736216641,0.12002681765181678,-0.2253573106633355,0.999527502267075,0.0018371448024698176,0.001544042988902361,0.0306433196955821,-0.2205511129056799,0.1457549243188493,0.4231310570960924,0.0,0.0,-0.05423368900676102,0.0,0.0,1.4755282581475768,1.0,0.0,0.0,0.0,25.133186988001913,0.49127598264517724,0.08,100.0,100.0,0.5,55.0,0.08,-1.186711360701945,-1.8841669831697447,0.0058,0.0058,0.0109,0.0058
300,1763535116.6736343,-0.02267814332957106,-0.03511754946338318,0.4933048290261449,0.020904128212973258,-0.005323649378830858,-0.00692763780539434,0.052517977171117336,-0.007816622353473699,0.0,0.0,0.0,1.0,-0.0,-0.0,-0.0,0.0,0.0,0.0,0.0,0.0,0.0,0.902,0.146,2.469,0.999,-0.004,0.016,-0.043,0.569,0.254,2.98,-0.1,-0.1,-0.0,0.0005723854346784684,-0.0006213833961262131,0.05033309439959613,0.9996100467750135,0.001841497488365455,0.001538849172974442,0.027820769519887052,0.004495717564429461,-0.004743581638794852,0.4967101742069199,0.0,0.0,-0.03792025329033177,-0.1338093570034129,0.11360292284712431,-0.2008953425607731,0.9996091584088257,0.001676226035695581,0.0016111470804733763,0.02785901822680994,-0.17907722326574693,0.11591152854385191,0.5135383041089575,0.0,0.0,-0.0501412741954728,0.0,0.0,1.481581283398829,1.0,0.0,0.0,0.0,25.050856661370645,0.4897759972489655,0.08,100.0,100.0,0.5,55.0,0.08,-1.196776861288576,-1.8966463511802911,0.002,0.003,0.008,0.0069
