step,timestamp,u0,u1,u2,u3,u0_rate,u1_rate,u2_rate,u3_rate,orb_pose_x,orb_pose_y,orb_pose_z,orb_pose_qw,orb_pose_qx,orb_pose_qy,orb_pose_qz,orb_pose_vx,orb_pose_vy,orb_pose_vz,orb_pose_avx,orb_pose_avy,orb_pose_avz,mot_pose_x,mot_pose_y,mot_pose_z,mot_pose_qw,mot_pose_qx,mot_pose_qy,mot_pose_qz,mot_pose_vx,mot_pose_vy,mot_pose_vz,mot_pose_avx,mot_pose_avy,mot_pose_avz,est_pose_x,est_pose_y,est_pose_z,est_pose_qw,est_pose_qx,est_pose_qy,est_pose_qz,est_pose_vx,est_pose_vy,est_pose_vz,est_pose_avx,est_pose_avy,est_pose_avz,ukf_pose_x,ukf_pose_y,ukf_pose_z,ukf_pose_qw,ukf_pose_qx,ukf_pose_qy,ukf_pose_qz,ukf_pose_vx,ukf_pose_vy,ukf_pose_vz,ukf_pose_avx,ukf_pose_avy,ukf_pose_avz,traj_x_ref,traj_y_ref,traj_z_ref,traj_qw_ref,traj_qx_ref,traj_qy_ref,traj_qz_ref,est_param_thrust_ratio,est_param_drag_coeff_z,est_param_tau_rate,fixed_centre_rate_deg,fixed_max_rate_deg,fixed_rate_expo,fixed_angle_max_deg,est_param_tau_angle,est_param_fc_roll_offset_deg,est_param_fc_pitch_offset_deg,MPC_setup_time,MPC_solve_time,Visualisation_time,UKF_update_time
0,1763355082.1837058,-1.573685194506425e-20,-1.573685194506425e-20,0.09999999958743369,4.7251781704401186e-05,-7.868425972532125e-20,-7.868425972532125e-20,0.49999999793716843,0.00023625890852200593,0.13,0.016,0.008,0.976,-0.009,0.002,-0.215,0.011,-0.018,-0.016,0.0,0.0,0.006,0.142,-0.038,-0.003,0.969,0.004,-0.005,-0.245,-0.002,0.001,0.006,-0.0,0.2,-0.0,0.13,0.016,0.008,1.0,0.0,0.0,0.0,0.011,-0.018,-0.016,0.0,0.0,0.006,0.0,0.0,0.0,1.0,0.0,0.0,0.0,0.0,0.0,0.0,0.0,0.0,0.0,0.0,0.0,0.0,1.0,0.0,0.0,0.0,25.0,0.1,0.08,100.0,100.0,0.5,55.0,0.08,0.0,0.0,0.0079,0.0076,0.0078,0.0009
0,1763355082.235242,0.0020323867127314235,-0.0059244852249602286,0.19249999951268126,1.1170081590927262e-05,0.010161933563657117,-0.029622426124801142,0.49999999947152546,-0.00016268908242821913,0.13,0.017,0.009,0.976,-0.009,0.003,-0.215,0.004,0.018,0.03,0.0,0.0,-0.003,0.142,-0.038,-0.003,0.969,0.004,-0.004,-0.245,-0.003,0.002,0.018,-0.1,0.6,-0.0,0.1302666666666667,0.0182,-0.00459880260154365,0.9999999976545261,0.0,0.0,-6.849049471788594e-05,0.004,0.018,-0.42819567609761344,0.0,0.0,-0.0013679184289608413,0.0,0.0,0.0,1.0,0.0,0.0,0.0,0.0,0.0,0.0,0.0,0.0,0.0,0.0,0.0,0.0,1.0,0.0,0.0,0.0,25.0,0.1,0.08,100.0,100.0,0.5,55.0,0.08,0.0,0.0,0.0041,0.0034,0.0026,0.0003
0,1763355082.3060715,0.0007529762256463864,-0.0068795189453933585,0.2780623384445772,2.3832210848408657e-05,-0.005634907418150902,-0.0069968505615257415,0.49999919447673485,6.749942688400473e-05,0.13,0.017,0.01,0.976,-0.009,0.003,-0.215,-0.007,-0.006,0.004,0.0,0.0,0.001,0.142,-0.038,-0.004,0.97,0.004,-0.009,-0.245,0.002,-0.0,-0.003,-0.0,-0.0,0.0,0.12905060436712734,0.016194488875344665,-0.04595857695546134,0.9999999995515755,0.0,0.0,2.9947438025493182e-05,-0.0077358069696689714,-0.006252463404643627,-0.7553497326293753,0.0,0.0,0.00016241655711285327,0.0,0.0,0.0,1.0,0.0,0.0,0.0,0.0,0.0,0.0,0.0,0.0,0.0,0.0,0.0,0.0,1.0,0.0,0.0,0.0,25.0,0.1,0.08,100.0,100.0,0.5,55.0,0.08,0.0,0.0,0.0039,0.004,0.0054,0.0005
0,1763355082.3666945,0.000977617955282405,-0.009453383151517374,0.3572076630512384,1.8307579026156882e-05,0.0014055747327974873,-0.015449140635142588,0.49999999995002253,-1.868608004310563e-05,0.13,0.017,0.009,0.976,-0.01,0.002,-0.215,0.011,-0.001,-0.021,0.0,0.0,0.001,0.142,-0.038,-0.004,0.97,0.003,-0.01,-0.245,-0.0,0.0,0.003,-0.0,-0.0,-0.0,0.1320630457644723,0.0167591483092443,-0.10781999313233905,0.9999999994514203,0.0,0.0,3.312339896299495e-05,0.007912144111550745,-0.0017803357753187702,-0.9370546237541008,0.0,0.0,4.511375910025016e-05,0.0,0.0,0.0,1.0,0.0,0.0,0.0,0.0,0.0,0.0,0.0,0.0,0.0,0.0,0.0,0.0,1.0,0.0,0.0,0.0,25.0,0.1,0.08,100.0,100.0,0.5,55.0,0.08,0.0,0.0,0.005,0.0022,0.0014,0.0001
0,1763355082.4395483,0.001857452019728281,-0.00912991420930337,0.4304120588094439,-1.1548136275533743e-05,0.004765777055460282,-0.0019276739707489903,0.49997485243524176,-0.0001424132343736443,0.129,0.017,0.011,0.976,-0.01,0.003,-0.216,-0.009,0.008,0.035,0.0,0.0,-0.004,0.142,-0.038,-0.003,0.97,0.004,-0.009,-0.245,-0.001,-0.0,0.002,-0.0,0.0,-0.0,0.12672640295158136,0.01848913282854299,-0.050679535516964025,0.9999999890019713,0.0,0.0,-0.00014831067831737676,-0.016330834164870113,0.006662610302190173,-0.4579040923294202,0.0,0.0,-0.0003645751835402305,0.0,0.0,0.0,1.0,0.0,0.0,0.0,0.0,0.0,0.0,0.0,0.0,0.0,0.0,0.0,0.0,1.0,0.0,0.0,0.0,25.0,0.1,0.08,100.0,100.0,0.5,55.0,0.08,0.0,0.0,0.0048,0.0038,0.0056,0.0006
0,1763355082.5048542,0.0023466553900816315,-0.00899420139621604,0.4124270842200928,-3.048883005869801e-05,0.003142561359164858,-0.0027451537630521113,0.07147964910678606,-9.903402001914648e-05,0.129,0.017,0.011,0.976,-0.01,0.003,-0.216,-0.009,0.008,0.035,0.0,0.0,-0.004,0.142,-0.038,-0.004,0.97,0.004,-0.009,-0.245,0.001,-0.0,-0.002,0.0,-0.0,0.0,0.1265049233300048,0.018531295882365535,-0.009931943940986983,0.999999988988386,0.0,0.0,-0.00014840224996285454,-0.01935986723409379,0.006780798156908175,-0.06547274484991857,0.0,0.0,-0.000330833786274386,0.0,0.0,0.0,1.0,0.0,0.0,0.0,0.0,0.0,0.0,0.0,0.0,0.0,0.0,0.0,0.0,1.0,0.0,0.0,0.0,25.0,0.1,0.08,100.0,100.0,0.5,55.0,0.08,0.0,0.0,0.0044,0.0032,0.0055,0.0005
0,1763355082.5812004,0.0007765367492399622,-0.009232701869999282,0.3910157886692046,-1.267691088054521e-05,-0.006970597432927736,-0.004565327892497232,0.047603678828094166,7.762628461875225e-05,0.13,0.016,0.01,0.976,-0.01,0.003,-0.215,-0.006,-0.009,0.032,0.0,0.0,0.001,0.142,-0.038,-0.003,0.97,0.004,-0.009,-0.245,-0.001,0.0,0.003,-0.0,-0.0,0.0,0.12784735215856283,0.014062839068751628,0.020885780251352393,0.9999999993158308,0.0,0.0,3.699105922263128e-05,-0.018185162786486537,-0.011090594940371692,0.12847221508817516,0.0,0.0,0.00012144629050218245,0.0,0.0,0.0,1.0,0.0,0.0,0.0,0.0,0.0,0.0,0.0,0.0,0.0,0.0,0.0,0.0,1.0,0.0,0.0,0.0,25.0,0.1,0.08,100.0,100.0,0.5,55.0,0.08,0.0,0.0,0.0057,0.0035,0.0124,0.0005
0,1763355082.6360435,0.0001252805600332925,-0.009340345524305037,0.3859768644392988,-1.7248914074239688e-07,-0.002965079665068362,-0.004000481472778502,0.12143629960142291,5.776826711880963e-05,0.13,0.016,0.01,0.976,-0.01,0.003,-0.215,-0.006,-0.009,0.032,0.0,0.0,0.001,0.142,-0.038,-0.003,0.97,0.005,-0.006,-0.245,-0.001,0.001,0.005,-0.0,0.2,-0.0,0.12788270577875946,0.013993733930797708,0.034744936696570514,0.9999999992394961,0.0,0.0,3.9000101434084316e-05,-0.017469109437122675,-0.011426823274172711,0.15830380934417873,0.0,0.0,0.00011120337661862077,0.0,0.0,0.0,1.0,0.0,0.0,0.0,0.0,0.0,0.0,0.0,0.0,0.0,0.0,0.0,0.0,1.0,0.0,0.0,0.0,25.0,0.1,0.08,100.0,100.0,0.5,55.0,0.08,0.0,0.0,0.0032,0.0036,0.004,0.0004
0,1763355082.7043588,0.00012510884679883225,-0.008756407614248844,0.39931036049029706,-1.6935928730204767e-05,4.612164384018352e-05,-0.00058294002133342,0.2114088044197283,-8.388188137509024e-05,0.129,0.016,0.01,0.976,-0.01,0.003,-0.216,-0.011,-0.007,-0.003,0.0,0.0,-0.004,0.142,-0.038,-0.003,0.97,0.004,-0.009,-0.245,-0.0,-0.0,-0.002,0.0,-0.0,-0.0,0.12593200192998347,0.014430882227293457,0.015330839029319225,0.9999999895527099,0.0,0.0,-0.000144549577004253,-0.02212059039035339,-0.008621966133921641,0.03015795876160869,0.0,0.0,-0.00032644299789934587,0.0,0.0,0.0,1.0,0.0,0.0,0.0,0.0,0.0,0.0,0.0,0.0,0.0,0.0,0.0,0.0,1.0,0.0,0.0,0.0,25.0,0.1,0.08,100.0,100.0,0.5,55.0,0.08,0.0,0.0,0.0061,0.0029,0.0031,0.0003
0,1763355082.7765858,0.0038401491901143173,-0.01236695780496689,0.403018044805696,4.0919243656767654e-05,0.018622117534126986,-0.02133640380893355,0.16827980676085635,0.0002829248886610353,0.129,0.017,0.01,0.977,-0.009,0.003,-0.215,0.029,0.03,-0.015,0.0,0.0,0.014,0.142,-0.038,-0.003,0.97,0.004,-0.009,-0.245,-0.001,-0.0,0.002,0.0,0.0,0.0,0.1339274689248882,0.02296309789853898,0.0072297844699866255,0.9999998679743192,0.0,0.0,0.0005138592651650846,0.01773354130122529,0.029647843216116153,0.004880785231212586,0.0,0.0,0.0011933585445765454,0.0,0.0,0.0,1.0,0.0,0.0,0.0,0.0,0.0,0.0,0.0,0.0,0.0,0.0,0.0,0.0,1.0,0.0,0.0,0.0,25.0,0.1,0.08,100.0,100.0,0.5,55.0,0.08,0.0,0.0,0.0064,0.0045,0.0069,0.0006
0,1763355082.8404655,0.0026791097584702747,-0.013676372742429492,0.3947228452841338,-3.711047527762407e-05,-0.004365141211927343,-0.011184683864175605,0.10965576919432471,-0.00037480387830067074,0.13,0.017,0.011,0.976,-0.009,0.003,-0.216,0.027,0.003,0.038,0.0,0.0,-0.015,0.142,-0.038,-0.003,0.97,0.004,-0.009,-0.245,0.001,-0.0,0.0,-0.0,-0.0,0.0,0.13450519073825737,0.017574599420076328,0.020774907552640307,0.999999848770265,0.0,0.0,-0.0005499631324791804,0.014933927905512635,0.0020274078334870985,0.08332740901318317,0.0,0.0,-0.0012989741890840234,0.0,0.0,0.0,1.0,0.0,0.0,0.0,0.0,0.0,0.0,0.0,0.0,0.0,0.0,0.0,0.0,1.0,0.0,0.0,0.0,25.0,0.1,0.08,100.0,100.0,0.5,55.0,0.08,0.0,0.0,0.0056,0.0037,0.0058,0.0005
0,1763355082.905362,0.0012725480171239371,-0.012379808509254936,0.4022381284797245,-2.1961305221371698e-06,-0.006028142547305338,0.0013541813874617132,0.1855974829595034,0.00016065529554832545,0.13,0.017,0.008,0.976,-0.009,0.002,-0.215,0.011,-0.005,-0.047,0.0,0.0,0.004,0.142,-0.038,-0.003,0.969,0.006,0.008,-0.245,-0.001,0.001,0.008,-0.0,0.3,-0.0,0.13121402031453752,0.015856493207028855,0.0052576749818719,0.9999999892884387,0.0,0.0,0.00014636639817447694,-0.002788194476108884,-0.0076217300765525,0.013483406131480195,0.0,0.0,0.00036717358002220555,0.0,0.0,0.0,1.0,0.0,0.0,0.0,0.0,0.0,0.0,0.0,0.0,0.0,0.0,0.0,0.0,1.0,0.0,0.0,0.0,25.0,0.1,0.08,100.0,100.0,0.5,55.0,0.08,0.0,0.0,0.0053,0.0034,0.0049,0.0004
0,1763355082.976659,0.0002173413379618161,-0.0063864689362192,0.3927991438707683,-3.1002787453227196e-05,-0.004798827889389128,0.025324269674208075,0.10364437513511589,-0.00014485683360125157,0.128,0.016,0.01,0.976,-0.009,0.003,-0.216,-0.04,-0.009,0.038,0.0,0.0,-0.011,0.142,-0.038,-0.003,0.969,0.006,0.002,-0.245,-0.002,0.002,0.01,-0.0,0.4,-0.0,0.11873200781732147,0.013847348303478597,0.023584847733558914,0.9999999184720402,0.0,0.0,-0.00040380182393233747,-0.05638056865166244,-0.012893607944134473,0.10027647327226616,0.0,0.0,-0.0009128622424865047,0.0,0.0,0.0,1.0,0.0,0.0,0.0,0.0,0.0,0.0,0.0,0.0,0.0,0.0,0.0,0.0,1.0,0.0,0.0,0.0,25.0,0.1,0.08,100.0,100.0,0.5,55.0,0.08,0.0,0.0,0.0065,0.0042,0.0066,0.0006
0,1763355083.037616,0.002119722617411661,-0.009724315438368243,0.4021693867598892,4.348672957942722e-05,0.009593409398984901,-0.019084158361827412,0.19415089339714303,0.00036082153986831183,0.129,0.017,0.008,0.977,-0.009,0.002,-0.215,0.014,0.013,-0.031,0.0,0.0,0.014,0.142,-0.038,-0.003,0.97,0.005,-0.005,-0.245,0.002,-0.002,-0.014,0.1,-0.5,0.0,0.13054957696461994,0.019408326943779274,0.006130109436656791,0.999999866877282,0.0,0.0,0.0005159897461763172,-0.0006677490096131693,0.011051412927832006,0.012219693904842805,0.0,0.0,0.0012165080122222356,0.0,0.0,0.0,1.0,0.0,0.0,0.0,0.0,0.0,0.0,0.0,0.0,0.0,0.0,0.0,0.0,1.0,0.0,0.0,0.0,25.0,0.1,0.08,100.0,100.0,0.5,55.0,0.08,0.0,0.0,0.004,0.0029,0.0056,0.0005
0,1763355083.1093779,0.0047439675862439665,-0.009237910141361497,0.3961121979359547,-7.923624054875328e-05,0.0139161208256909,-0.0012145918043543506,0.120527575915286,-0.0005973073270486172,0.129,0.02,0.009,0.976,-0.01,0.002,-0.216,-0.008,0.03,0.012,0.0,0.0,-0.02,0.142,-0.038,-0.004,0.97,0.004,-0.01,-0.245,-0.001,0.001,-0.001,0.0,-0.1,0.0,0.12641947456780356,0.025919021355118407,0.01703102239337348,0.9999997315392486,0.0,0.0,-0.0007327492277744301,-0.019645735892269388,0.028878300946664666,0.07135853833505398,0.0,0.0,-0.0017165478056042612,0.0,0.0,0.0,1.0,0.0,0.0,0.0,0.0,0.0,0.0,0.0,0.0,0.0,0.0,0.0,0.0,1.0,0.0,0.0,0.0,25.0,0.1,0.08,100.0,100.0,0.5,55.0,0.08,0.0,0.0,0.0074,0.0042,0.006,0.0005
0,1763355083.1633182,-0.004865774247780459,-0.009633779547804769,0.3965117815972421,2.5329037909455917e-05,-0.046269721325280636,-0.005443563335226918,0.15053999253242004,0.0004931128020852634,0.128,0.016,0.01,0.976,-0.009,0.003,-0.216,-0.003,-0.077,0.018,0.0,0.0,0.011,0.142,-0.038,-0.003,0.97,0.004,-0.009,-0.245,0.001,0.0,0.001,-0.0,0.0,-0.0,0.12671576594293843,0.0005038441928099192,0.01748962958704586,0.9999999182254954,0.0,0.0,0.00040441192188120004,-0.01275531463010728,-0.07919946299779015,0.06359297872933245,0.0,0.0,0.0010039472968442053,0.0,0.0,0.0,1.0,0.0,0.0,0.0,0.0,0.0,0.0,0.0,0.0,0.0,0.0,0.0,0.0,1.0,0.0,0.0,0.0,25.0,0.1,0.08,100.0,100.0,0.5,55.0,0.08,0.0,0.0,0.0016,0.0013,0.0023,0.0002
0,1763355083.245293,0.0012811584188760251,-0.010865711448608829,0.39697276027304484,1.565687675910072e-05,0.028909997990364745,-0.009772326834447086,0.15099681147797953,-3.886241653573003e-05,0.129,0.018,0.01,0.976,-0.009,0.003,-0.216,0.01,0.025,0.005,0.0,0.0,0.003,0.142,-0.038,-0.004,0.97,0.004,-0.009,-0.245,0.0,-0.0,0.001,0.0,0.0,0.0,0.13004774457097731,0.02273267241868758,0.01696405819214827,0.9999999939021545,0.0,0.0,0.00011043410263752362,-0.0020601011323791536,0.022527659610073247,0.059426067386851175,0.0,0.0,0.00024089407072767932,0.0,0.0,0.0,1.0,0.0,0.0,0.0,0.0,0.0,0.0,0.0,0.0,0.0,0.0,0.0,0.0,1.0,0.0,0.0,0.0,25.0,0.1,0.08,100.0,100.0,0.5,55.0,0.08,0.0,0.0,0.0048,0.0033,0.0117,0.0009
0,1763355083.3094325,-0.002748963520336623,-0.010090630384677913,0.3988324121400378,5.660678523298187e-05,-0.01967017528898473,-0.00019923647357374032,0.15816304443735615,0.00021062087115406852,0.129,0.015,0.01,0.976,-0.01,0.003,-0.215,-0.003,-0.042,-0.001,0.0,0.0,0.007,0.142,-0.038,-0.003,0.97,0.004,-0.008,-0.245,0.001,-0.001,-0.004,0.0,-0.1,0.0,0.12749666484786276,0.006442012072030959,0.013716363119867049,0.9999999663211981,0.0,0.0,0.00025953343275026157,-0.014955387962549792,-0.04245576677865364,0.0426927171968133,0.0,0.0,0.0005725866598031753,0.0,0.0,0.0,1.0,0.0,0.0,0.0,0.0,0.0,0.0,0.0,0.0,0.0,0.0,0.0,0.0,1.0,0.0,0.0,0.0,25.0,0.1,0.08,100.0,100.0,0.5,55.0,0.08,0.0,0.0,0.0036,0.0043,0.0088,0.0007
0,1763355083.3733015,0.0034041957420738646,-0.010929617042534635,0.40032349410109547,1.0703447017509911e-05,0.0297349349919262,-0.007978919683537825,0.15701756435780273,-0.00020828914661499153,0.13,0.018,0.009,0.976,-0.009,0.002,-0.215,0.009,0.033,-0.019,0.0,0.0,-0.002,0.142,-0.038,-0.003,0.97,0.005,-0.004,-0.245,0.001,-0.001,-0.005,0.0,-0.2,0.0,0.13082800061193348,0.024946873461652273,0.009709575139141035,0.9999999970239382,0.0,0.0,-7.715000871259565e-05,-0.003709917023532421,0.036254548157722485,0.03161184580679275,0.0,0.0,-0.0002454655950809552,0.0,0.0,0.0,1.0,0.0,0.0,0.0,0.0,0.0,0.0,0.0,0.0,0.0,0.0,0.0,0.0,1.0,0.0,0.0,0.0,25.0,0.1,0.08,100.0,100.0,0.5,55.0,0.08,0.0,0.0,0.0059,0.0033,0.0055,0.0005
0,1763355083.4333115,-0.002100553052335351,-0.010402144602654602,0.39366210506646887,5.508198553354569e-05,-0.026247170568768373,-0.0014612441915503333,0.11681436511477786,0.00022590648521174505,0.13,0.015,0.011,0.977,-0.009,0.003,-0.215,0.0,-0.044,0.035,0.0,0.0,0.007,0.142,-0.038,-0.003,0.97,0.004,-0.008,-0.245,-0.001,-0.0,-0.001,0.0,-0.1,0.0,0.12896388533587874,0.006138936468124956,0.022958045822407777,0.9999999679532369,0.0,0.0,0.0002531669911810411,-0.013255366327700597,-0.04458263887510724,0.0911994935321381,0.0,0.0,0.0005532207809165625,0.0,0.0,0.0,1.0,0.0,0.0,0.0,0.0,0.0,0.0,0.0,0.0,0.0,0.0,0.0,0.0,1.0,0.0,0.0,0.0,25.0,0.1,0.08,100.0,100.0,0.5,55.0,0.08,0.0,0.0,0.0024,0.0025,0.0035,0.0004
0,1763355083.495856,0.0015528981297415413,-0.007929032539911805,0.3993057638753609,-4.291080232591394e-05,0.017479548515758704,0.008464756087718508,0.17584158344438572,-0.0004693081947222185,0.128,0.017,0.01,0.976,-0.009,0.003,-0.216,-0.022,0.014,-0.013,0.0,0.0,-0.017,0.142,-0.038,-0.003,0.97,0.004,-0.008,-0.245,-0.001,0.0,-0.001,0.0,-0.0,0.0,0.12260405212858916,0.019903984840412243,0.012849992161334698,0.9999998030782752,0.0,0.0,-0.0006275694471605147,-0.03490413952547825,0.01451725589881901,0.036694804602532674,0.0,0.0,-0.0014998288422968214,0.0,0.0,0.0,1.0,0.0,0.0,0.0,0.0,0.0,0.0,0.0,0.0,0.0,0.0,0.0,0.0,1.0,0.0,0.0,0.0,25.0,0.1,0.08,100.0,100.0,0.5,55.0,0.08,0.0,0.0,0.0019,0.0011,0.0016,0.0001
0,1763355083.5771472,0.002773137196129635,-0.0069966054894832225,0.39942859930755437,-0.00011669638851511244,0.0066835321305935445,0.0016887480496759841,0.15035383861422819,-0.0003850194818182102,0.128,0.017,0.01,0.976,-0.009,0.003,-0.216,-0.022,0.014,-0.013,0.0,0.0,-0.017,0.142,-0.038,-0.003,0.97,0.004,-0.009,-0.245,-0.001,-0.0,0.001,0.0,0.0,0.0,0.12257405959522273,0.019602383213801974,0.012334199787451934,0.999999804824735,0.0,0.0,-0.0006247803549930881,-0.034640408589150136,0.012473985273701532,0.03852068002522113,0.0,0.0,-0.0013919240113893644,0.0,0.0,0.0,1.0,0.0,0.0,0.0,0.0,0.0,0.0,0.0,0.0,0.0,0.0,0.0,0.0,1.0,0.0,0.0,0.0,25.0,0.1,0.08,100.0,100.0,0.5,55.0,0.08,0.0,0.0,0.0058,0.0036,0.0089,0.0006
0,1763355083.6341555,0.004403516495156485,-0.007581988672781282,0.3972861503657245,-0.00010802757532451046,0.009191822943682863,-0.0055506429750465,0.13907348003118322,-4.1707974015724614e-07,0.128,0.016,0.008,0.976,-0.009,0.002,-0.216,-0.014,0.025,0.011,0.0,0.0,-0.005,0.142,-0.038,-0.003,0.97,0.005,-0.005,-0.245,0.001,-0.0,-0.004,-0.0,-0.2,0.0,0.12429939159675372,0.02110873817232477,0.014109153115789362,0.9999999834923663,0.0,0.0,-0.00018170103779667151,-0.024825512759860523,0.025083946070180285,0.0602943841597966,0.0,0.0,-0.00027546233466850393,0.0,0.0,0.0,1.0,0.0,0.0,0.0,0.0,0.0,0.0,0.0,0.0,0.0,0.0,0.0,0.0,1.0,0.0,0.0,0.0,25.0,0.1,0.08,100.0,100.0,0.5,55.0,0.08,0.0,0.0,0.0033,0.0031,0.0029,0.0002
0,1763355083.702839,0.0032794197131209993,-0.01151551695979194,0.39216328225129726,-2.7432379235211652e-05,-0.003969165224493747,-0.02251088718734627,0.12336796581501054,0.0003624656396998026,0.129,0.016,0.01,0.976,-0.009,0.003,-0.215,0.022,0.01,0.048,0.0,0.0,0.008,0.142,-0.038,-0.003,0.97,0.004,-0.009,-0.245,-0.001,0.0,0.002,0.0,-0.0,0.0,0.1326857683727121,0.017764147003776168,0.025259474632902755,0.9999999539607038,0.0,0.0,0.0003034445422223614,0.01291378148655533,0.006476991116035386,0.10366202937686583,0.0,0.0,0.0008440918415804081,0.0,0.0,0.0,1.0,0.0,0.0,0.0,0.0,0.0,0.0,0.0,0.0,0.0,0.0,0.0,0.0,1.0,0.0,0.0,0.0,25.0,0.1,0.08,100.0,100.0,0.5,55.0,0.08,0.0,0.0,0.0046,0.0031,0.0034,0.0003
0,1763355083.7729406,0.0020465029941411804,-0.011442686482079472,0.40182745027102185,1.4250353068787769e-05,-0.004934801202478722,-0.003954166471359638,0.19538207094285945,0.00019812651930679282,0.129,0.016,0.009,0.977,-0.009,0.002,-0.215,0.007,0.003,-0.029,0.0,0.0,0.006,0.142,-0.038,-0.003,0.97,0.004,-0.009,-0.245,-0.002,0.001,0.004,0.0,0.0,-0.0,0.12969393578638733,0.016268866993658242,0.00811348213135983,0.9999999732819594,0.0,0.0,0.00023116245474139732,-0.002861770638897351,-0.0014484132730110677,0.013448569646916033,0.0,0.0,0.0005868992186150532,0.0,0.0,0.0,1.0,0.0,0.0,0.0,0.0,0.0,0.0,0.0,0.0,0.0,0.0,0.0,0.0,1.0,0.0,0.0,0.0,25.0,0.1,0.08,100.0,100.0,0.5,55.0,0.08,0.0,0.0,0.0046,0.0028,0.0053,0.0006
0,1763355083.835929,0.001570239356105754,-0.01123823855052432,0.40176364384633145,3.87454080507612e-05,-0.0016138795673741905,-0.0032687677730040433,0.15036626172818124,0.0001278191573106626,0.129,0.016,0.009,0.977,-0.009,0.002,-0.215,0.007,0.003,-0.029,0.0,0.0,0.006,0.142,-0.038,-0.003,0.97,0.004,-0.008,-0.245,-0.001,-0.0,-0.001,0.0,-0.1,-0.0,0.12952485954979467,0.016211387128495517,0.007123376728322474,0.9999999745569169,0.0,0.0,0.0002255796213782086,-0.005343382966291394,-0.001476287467453139,0.020030678809689173,0.0,0.0,0.0005071591037392818,0.0,0.0,0.0,1.0,0.0,0.0,0.0,0.0,0.0,0.0,0.0,0.0,0.0,0.0,0.0,0.0,1.0,0.0,0.0,0.0,25.0,0.1,0.08,100.0,100.0,0.5,55.0,0.08,0.0,0.0,0.0061,0.0021,0.002,0.0002
0,1763355083.924169,0.0017847756231790064,-0.009963304813130429,0.39405842835395244,2.299327931953575e-05,0.0016615210939059204,0.002160329230522836,0.11213528898047881,-6.423111563709182e-05,0.129,0.017,0.011,0.976,-0.009,0.003,-0.216,-0.004,0.005,0.033,0.0,0.0,-0.0,0.142,-0.038,-0.003,0.97,0.004,-0.009,-0.245,-0.0,-0.0,-0.003,0.0,-0.1,0.0,0.12705676302850893,0.017741273074374682,0.021750647374281236,0.9999999999995414,0.0,0.0,-9.57798094700067e-07,-0.018608480195540053,0.0020330441501921486,0.08884738982227179,0.0,0.0,-4.973839091268402e-05,0.0,0.0,0.0,1.0,0.0,0.0,0.0,0.0,0.0,0.0,0.0,0.0,0.0,0.0,0.0,0.0,1.0,0.0,0.0,0.0,25.0,0.1,0.08,100.0,100.0,0.5,55.0,0.08,0.0,0.0,0.0129,0.0067,0.0121,0.0008
0,1763355083.9677684,-0.0011071256209788816,-0.00835926078949902,0.3987728315331033,-7.357467053712807e-07,-0.01379021536209731,0.004283980813233132,0.17134392652848632,-0.00011002265037970926,0.128,0.016,0.01,0.976,-0.009,0.003,-0.216,-0.015,-0.026,-0.017,0.0,0.0,-0.005,0.142,-0.038,-0.004,0.97,0.004,-0.009,-0.245,0.001,0.0,-0.003,-0.0,-0.0,-0.0,0.12390342135975067,0.010628759001029145,0.013423790613036344,0.9999999825981255,0.0,0.0,-0.00018655762834991318,-0.02874647549488082,-0.028130423715201785,0.04212275927222525,0.0,0.0,-0.0004618061535149615,0.0,0.0,0.0,1.0,0.0,0.0,0.0,0.0,0.0,0.0,0.0,0.0,0.0,0.0,0.0,0.0,1.0,0.0,0.0,0.0,25.0,0.1,0.08,100.0,100.0,0.5,55.0,0.08,0.0,0.0,0.0028,0.0021,0.0046,0.0004
0,1763355084.0296667,-0.001668261065010612,-0.007244141429649463,0.39695464942050396,-2.9914018414321468e-05,-0.003220849328025733,0.002440874003185659,0.14044890126191711,-0.00014616726355926518,0.129,0.018,0.008,0.976,-0.01,0.002,-0.216,-0.022,-0.022,0.01,0.0,0.0,-0.008,0.142,-0.038,-0.003,0.97,0.004,-0.009,-0.245,-0.001,0.0,0.003,-0.0,0.0,0.0,0.12357518641196968,0.01346073990389481,0.015235925519888501,0.9999999561204128,0.0,0.0,-0.0002962417469054199,-0.03458859448255583,-0.023377089882715342,0.0623249348501684,0.0,0.0,-0.0006822063194910831,0.0,0.0,0.0,1.0,0.0,0.0,0.0,0.0,0.0,0.0,0.0,0.0,0.0,0.0,0.0,0.0,1.0,0.0,0.0,0.0,25.0,0.1,0.08,100.0,100.0,0.5,55.0,0.08,0.0,0.0,0.0018,0.0012,0.0018,0.0001
0,1763355084.1141248,-0.0017558453806346857,-0.006964298749032299,0.39778890803540784,-5.308270574028948e-05,-0.0010635194774993482,-0.0013173396330327224,0.15302928660720838,-0.00012706119353521063,0.129,0.018,0.008,0.976,-0.01,0.002,-0.216,-0.022,-0.022,0.01,0.0,0.0,-0.008,0.142,-0.038,-0.003,0.97,0.004,-0.009,-0.245,-0.0,-0.0,0.001,-0.0,-0.0,-0.0,0.12371846422419289,0.01353638078269994,0.01372048938992238,0.9999999569284376,0.0,0.0,-0.00029350148718856146,-0.03278000441465965,-0.02195965971735112,0.05392272321627917,0.0,0.0,-0.0006368946631296654,0.0,0.0,0.0,1.0,0.0,0.0,0.0,0.0,0.0,0.0,0.0,0.0,0.0,0.0,0.0,0.0,1.0,0.0,0.0,0.0,25.0,0.1,0.08,100.0,100.0,0.5,55.0,0.08,0.0,0.0,0.0077,0.0049,0.0095,0.0006
0,1763355084.16278,-0.003649297413545839,-0.011094884977437533,0.3946827121784201,2.8906042265147054e-05,-0.010125702182293774,-0.02326454317291328,0.1336398612283396,0.00039003772537457413,0.13,0.016,0.01,0.976,-0.009,0.002,-0.215,0.02,-0.042,0.029,0.0,0.0,0.013,0.142,-0.038,-0.003,0.97,0.004,-0.009,-0.245,0.0,0.0,-0.001,0.0,0.0,0.0,0.13325018385105603,0.007752463742997451,0.0208980205816176,0.9999998852116776,0.0,0.0,0.0004791415570162548,0.010656836387424587,-0.039956184376694515,0.08090156165600458,0.0,0.0,0.0011619816053784755,0.0,0.0,0.0,1.0,0.0,0.0,0.0,0.0,0.0,0.0,0.0,0.0,0.0,0.0,0.0,0.0,1.0,0.0,0.0,0.0,25.0,0.1,0.08,100.0,100.0,0.5,55.0,0.08,0.0,0.0,0.0011,0.0011,0.0025,0.0002
0,1763355084.2326493,0.008921626748705187,-0.01144573090944815,0.4000860068346781,-0.00024408441802412155,0.06148613428117544,-0.005914811526592156,0.17502249034819714,-0.0013541125355969127,0.129,0.017,0.01,0.976,-0.009,0.003,-0.216,0.008,0.095,-0.014,0.0,0.0,-0.043,0.142,-0.038,-0.003,0.97,0.004,-0.009,-0.245,0.0,0.0,0.002,-0.0,-0.0,0.0,0.1299024649237611,0.03617978069690254,0.011621939811890018,0.9999987636251555,0.0,0.0,-0.0015724974277976655,-0.0015931771074403152,0.09763419188319226,0.029913092874881222,0.0,0.0,-0.003613169305721498,0.0,0.0,0.0,1.0,0.0,0.0,0.0,0.0,0.0,0.0,0.0,0.0,0.0,0.0,0.0,0.0,1.0,0.0,0.0,0.0,25.0,0.1,0.08,100.0,100.0,0.5,55.0,0.08,0.0,0.0,0.0021,0.002,0.0036,0.0004
0,1763355084.2975116,0.009824185499817948,-0.016648156916964415,0.39382885350243585,-0.00016804680965477368,0.007858403786328256,-0.03030427912862438,0.11874648590179308,0.0002886563850876936,0.131,0.018,0.009,0.976,-0.009,0.002,-0.216,0.061,0.054,0.041,0.0,0.0,-0.003,0.142,-0.038,-0.003,0.97,0.004,-0.009,-0.245,0.001,0.0,-0.001,-0.0,0.0,0.0,0.14237958222695432,0.028972996284171576,0.021589624070646237,0.999999994641171,0.0,0.0,-0.000103526122607317,0.049250161995394164,0.05461996725763132,0.0909388655669306,0.0,0.0,3.157784332320172e-05,0.0,0.0,0.0,1.0,0.0,0.0,0.0,0.0,0.0,0.0,0.0,0.0,0.0,0.0,0.0,0.0,1.0,0.0,0.0,0.0,25.0,0.1,0.08,100.0,100.0,0.5,55.0,0.08,0.0,0.0,0.0015,0.0014,0.0031,0.0004
0,1763355084.3661785,-0.001856094287934153,-0.005123830103651979,0.39679137169649725,-0.00011678871850445613,-0.054717329376328776,0.05137857522270052,0.16249841103372054,0.00019327290213104776,0.128,0.016,0.01,0.976,-0.01,0.003,-0.216,-0.074,-0.064,0.017,0.0,0.0,-0.007,0.142,-0.038,-0.003,0.97,0.004,-0.009,-0.245,0.0,-0.0,-0.002,0.0,0.0,-0.0,0.11205687627302176,0.0031013144409553686,0.017496166088965624,0.9999999702500583,0.0,0.0,-0.00024392597787669952,-0.08950643115972173,-0.0687512763202517,0.0589002292975538,0.0,0.0,-0.00031326725529846563,0.0,0.0,0.0,1.0,0.0,0.0,0.0,0.0,0.0,0.0,0.0,0.0,0.0,0.0,0.0,0.0,1.0,0.0,0.0,0.0,25.0,0.1,0.08,100.0,100.0,0.5,55.0,0.08,0.0,0.0,0.0028,0.0018,0.0032,0.0003
0,1763355084.4302447,0.002351600397631856,-0.009561062192093416,0.39614329149499766,-4.6759986856930434e-05,0.020342438069854727,-0.024107596731076673,0.14555636337868855,0.00030634788879845736,0.129,0.018,0.011,0.976,-0.009,0.003,-0.216,0.018,0.031,0.019,0.0,0.0,0.002,0.142,-0.038,-0.003,0.97,0.004,-0.009,-0.245,-0.002,0.0,0.002,0.0,-0.0,-0.0,0.13136772094843158,0.023261731721211786,0.019636479819012106,0.9999999953675317,0.0,0.0,9.6254541008656e-05,0.002712235069730133,0.02098866221375472,0.06589447131965913,0.0,0.0,0.00039793603540636024,0.0,0.0,0.0,1.0,0.0,0.0,0.0,0.0,0.0,0.0,0.0,0.0,0.0,0.0,0.0,0.0,1.0,0.0,0.0,0.0,25.0,0.1,0.08,100.0,100.0,0.5,55.0,0.08,0.0,0.0,0.0014,0.0015,0.0026,0.0002
0,1763355084.5079093,-0.0016971787728506157,-0.008938987924099391,0.39979120971861837,5.197464504800442e-05,-0.019362045703300412,-0.0004750269820649085,0.1667933254287276,0.0004761381644533252,0.129,0.016,0.011,0.976,-0.009,0.003,-0.215,-0.008,-0.032,-0.007,0.0,0.0,0.014,0.142,-0.038,-0.003,0.97,0.004,-0.009,-0.245,-0.001,-0.0,0.005,0.0,-0.0,0.0,0.12615981485340522,0.00905654682136801,0.012933811762533127,0.9999998616711407,0.0,0.0,0.0005259826038381845,-0.021544301352919522,-0.03660741796979459,0.03239810393727366,0.0,0.0,0.0012833957611007238,0.0,0.0,0.0,1.0,0.0,0.0,0.0,0.0,0.0,0.0,0.0,0.0,0.0,0.0,0.0,0.0,1.0,0.0,0.0,0.0,25.0,0.1,0.08,100.0,100.0,0.5,55.0,0.08,0.0,0.0,0.0048,0.0039,0.007,0.0007
0,1763355084.5683408,0.0032335451261327154,-0.009753506899919127,0.4004268874195935,-3.11671188197305e-05,0.024017177455097672,-0.007424715350635946,0.15310009214935766,-0.0003962183274456729,0.129,0.018,0.009,0.976,-0.009,0.002,-0.216,-0.002,0.029,-0.021,0.0,0.0,-0.012,0.142,-0.038,-0.003,0.97,0.004,-0.009,-0.245,0.001,-0.0,-0.002,-0.0,0.0,0.0,0.1280468412856458,0.023946862343071095,0.00939471297175074,0.999999905827549,0.0,0.0,-0.0004339872038051943,-0.010522037666421768,0.0301385303551228,0.031191550143935882,0.0,0.0,-0.001038571065071188,0.0,0.0,0.0,1.0,0.0,0.0,0.0,0.0,0.0,0.0,0.0,0.0,0.0,0.0,0.0,0.0,1.0,0.0,0.0,0.0,25.0,0.1,0.08,100.0,100.0,0.5,55.0,0.08,0.0,0.0,0.0029,0.0026,0.0045,0.0004
0,1763355084.635333,0.0005415637575910976,-0.010106842789053386,0.3967744476104208,-5.6836043656947024e-05,-0.012247327420408318,-0.005424244533140967,0.13189788373648412,-0.0001400322937434816,0.128,0.015,0.01,0.976,-0.009,0.003,-0.216,0.002,-0.015,0.007,0.0,0.0,-0.009,0.142,-0.038,-0.003,0.97,0.004,-0.009,-0.245,0.0,-0.0,0.0,-0.0,0.0,-0.0,0.12745597100172745,0.01186044024077199,0.016341407998018934,0.9999999455586968,0.0,0.0,-0.00032997364054283596,-0.010018977065649678,-0.016436561366161947,0.06411753136176795,0.0,0.0,-0.0007318803088216046,0.0,0.0,0.0,1.0,0.0,0.0,0.0,0.0,0.0,0.0,0.0,0.0,0.0,0.0,0.0,0.0,1.0,0.0,0.0,0.0,25.0,0.1,0.08,100.0,100.0,0.5,55.0,0.08,0.0,0.0,0.0039,0.0026,0.0037,0.0002
0,1763355084.7116182,-0.0004317410464722279,-0.010259691628572355,0.39649698467687794,-7.335128944697039e-05,-0.004663437611219968,-0.004554310243489847,0.14740310318619387,-0.0001038897453214719,0.128,0.015,0.01,0.976,-0.009,0.003,-0.216,0.002,-0.015,0.007,0.0,0.0,-0.009,0.142,-0.038,-0.003,0.97,0.004,-0.009,-0.245,-0.002,0.0,0.003,0.0,0.0,-0.0,0.12750778028116033,0.012032475430503673,0.017338017476187073,0.9999999454249329,0.0,0.0,-0.0003303787696352871,-0.009735007700132994,-0.015547852452014139,0.06431168617196455,0.0,0.0,-0.0006860082676603039,0.0,0.0,0.0,1.0,0.0,0.0,0.0,0.0,0.0,0.0,0.0,0.0,0.0,0.0,0.0,0.0,1.0,0.0,0.0,0.0,25.0,0.1,0.08,100.0,100.0,0.5,55.0,0.08,0.0,0.0,0.007,0.003,0.0083,0.0005
0,1763355084.7801504,0.003088173787904071,-0.01050963670111545,0.4002843715195617,-0.00010238941249348861,0.017437671279454406,-0.0050971097234301,0.1676233034672483,-0.00017269734877520498,0.128,0.017,0.009,0.976,-0.009,0.002,-0.216,0.005,0.026,-0.021,0.0,0.0,-0.009,0.142,-0.038,-0.004,0.97,0.004,-0.009,-0.245,0.002,0.0,-0.003,-0.0,0.0,0.0,0.12803903050736262,0.021949561909229517,0.010144743108609992,0.9999999476099493,0.0,0.0,-0.0003236975421762608,-0.007436174929056361,0.023792690906613446,0.030358224925327557,0.0,0.0,-0.0006424354776416119,0.0,0.0,0.0,1.0,0.0,0.0,0.0,0.0,0.0,0.0,0.0,0.0,0.0,0.0,0.0,0.0,1.0,0.0,0.0,0.0,25.0,0.1,0.08,100.0,100.0,0.5,55.0,0.08,0.0,0.0,0.0072,0.0044,0.0098,0.0006
0,1763355084.8362176,0.0024026195128417148,-0.01153809996382063,0.3977720557978866,-1.3588723629241563e-05,-0.002269706204847755,-0.009083430076444188,0.1375450607114604,0.00040560741463617695,0.129,0.017,0.009,0.976,-0.009,0.002,-0.215,0.014,0.003,0.004,0.0,0.0,0.012,0.142,-0.038,-0.003,0.97,0.004,-0.009,-0.245,0.0,-0.0,-0.002,0.0,0.0,0.0,0.1308174413053119,0.017587916048488975,0.014172359527468975,0.999999899648992,0.0,0.0,0.0004479977744196544,0.0012473289502686526,0.00243569486426706,0.055523809326902304,0.0,0.0,0.0011570706809101842,0.0,0.0,0.0,1.0,0.0,0.0,0.0,0.0,0.0,0.0,0.0,0.0,0.0,0.0,0.0,0.0,1.0,0.0,0.0,0.0,25.0,0.1,0.08,100.0,100.0,0.5,55.0,0.08,0.0,0.0,0.003,0.0023,0.0058,0.0005
0,1763355084.8991473,0.0034830589016073567,-0.009786059998005234,0.39656428160540724,-5.870393265081083e-05,0.006303179261143851,0.004433412342644242,0.14312564996181013,-0.00023067181646881194,0.129,0.019,0.01,0.976,-0.009,0.003,-0.216,-0.008,0.017,0.011,0.0,0.0,-0.009,0.142,-0.038,-0.003,0.97,0.004,-0.009,-0.245,-0.002,-0.0,0.003,0.0,0.0,-0.0,0.12639287239174332,0.022324260783351948,0.017165774133834293,0.999999948322333,0.0,0.0,-0.0003214892398911967,-0.021183731604085442,0.015185891073786907,0.06429594862195395,0.0,0.0,-0.0006944551851375206,0.0,0.0,0.0,1.0,0.0,0.0,0.0,0.0,0.0,0.0,0.0,0.0,0.0,0.0,0.0,0.0,1.0,0.0,0.0,0.0,25.0,0.1,0.08,100.0,100.0,0.5,55.0,0.08,0.0,0.0,0.0018,0.0021,0.0036,0.0003
0,1763355084.9680398,-0.002157422563034825,-0.011108636881413107,0.39007123384696574,4.234912612413825e-05,-0.026896260235108146,-0.010282656916291337,0.11624636680982026,0.00048325131913069125,0.13,0.017,0.011,0.976,-0.009,0.003,-0.215,0.012,-0.043,0.069,0.0,0.0,0.014,0.142,-0.038,-0.003,0.97,0.004,-0.009,-0.245,-0.0,0.0,-0.0,0.0,0.0,0.0,0.13135472071536142,0.008089962719927766,0.03024218308274673,0.9999998649303625,0.0,0.0,0.0005197492249963025,-0.0013885332618477537,-0.04688341728871315,0.12095910975152606,0.0,0.0,0.0012585921257036046,0.0,0.0,0.0,1.0,0.0,0.0,0.0,0.0,0.0,0.0,0.0,0.0,0.0,0.0,0.0,0.0,1.0,0.0,0.0,0.0,25.0,0.1,0.08,100.0,100.0,0.5,55.0,0.08,0.0,0.0,0.0032,0.0022,0.0043,0.0003
0,1763355085.0486672,-0.007270424445949797,-0.008873879045921667,0.4054753037239491,9.469890403892705e-05,-0.026374042875712923,0.00700805034692729,0.22329706207752897,0.0002776298118704957,0.13,0.014,0.009,0.977,-0.009,0.003,-0.215,-0.015,-0.073,-0.056,0.0,0.0,0.006,0.142,-0.038,-0.003,0.97,0.004,-0.009,-0.245,0.001,-0.0,0.0,-0.0,0.0,0.0,0.12594276842151111,-0.0008350230976008952,0.00197485934117431,0.9999999754650469,0.0,0.0,0.00022151728053818674,-0.02825751795122227,-0.07538536621753623,-0.021286789730119174,0.0,0.0,0.00047135060425228264,0.0,0.0,0.0,1.0,0.0,0.0,0.0,0.0,0.0,0.0,0.0,0.0,0.0,0.0,0.0,0.0,1.0,0.0,0.0,0.0,25.0,0.1,0.08,100.0,100.0,0.5,55.0,0.08,0.0,0.0,0.0083,0.0028,0.0106,0.0008
0,1763355085.1022193,-0.0004510601295223647,-0.007724254123647143,0.39485333923022686,1.847829298124988e-05,0.03137041241490599,0.0024204199691520017,0.09894341642786988,-0.00034559096627378815,0.128,0.015,0.011,0.976,-0.009,0.003,-0.216,-0.019,0.016,0.032,0.0,0.0,-0.01,0.142,-0.038,-0.003,0.97,0.004,-0.009,-0.245,-0.001,0.0,0.004,-0.0,0.0,0.0,0.12324178761701998,0.01809199138922299,0.020892786517122636,0.99999993248538,0.0,0.0,-0.00036746324389217577,-0.03146779123752338,0.017015583687021035,0.08262695808028242,0.0,0.0,-0.0009545362009622157,0.0,0.0,0.0,1.0,0.0,0.0,0.0,0.0,0.0,0.0,0.0,0.0,0.0,0.0,0.0,0.0,1.0,0.0,0.0,0.0,25.0,0.1,0.08,100.0,100.0,0.5,55.0,0.08,0.0,0.0,0.0042,0.0028,0.0037,0.0003
0,1763355085.1868224,0.005794866676774402,-0.010499913182444639,0.398955964826574,-3.550906244457184e-05,0.031060486482912944,-0.016774890590355154,0.1685831301930712,-0.00026300741726113986,0.129,0.019,0.011,0.976,-0.009,0.003,-0.216,0.014,0.046,-0.006,0.0,0.0,-0.006,0.142,-0.038,-0.003,0.97,0.004,-0.009,-0.245,-0.0,0.0,0.0,0.0,0.0,-0.0,0.1308047572788776,0.028612567372163215,0.013687065187127086,0.9999999741790132,0.0,0.0,-0.00022724870289391003,0.002025755644424059,0.051355375040451075,0.04004179830060134,0.0,0.0,-0.000564348633926173,0.0,0.0,0.0,1.0,0.0,0.0,0.0,0.0,0.0,0.0,0.0,0.0,0.0,0.0,0.0,0.0,1.0,0.0,0.0,0.0,25.0,0.1,0.08,100.0,100.0,0.5,55.0,0.08,0.0,0.0,0.0053,0.0052,0.0159,0.0008
0,1763355085.2372682,0.008041904676676159,-0.01171935773462926,0.3972720370002447,-6.952595239759034e-05,0.013408265003299186,-0.01003469020433984,0.14118884767831857,-0.0001834003481818069,0.129,0.019,0.011,0.976,-0.009,0.003,-0.216,0.014,0.046,-0.006,0.0,0.0,-0.006,0.142,-0.038,-0.003,0.97,0.004,-0.009,-0.245,-0.001,0.0,-0.0,0.0,0.0,-0.0,0.13098775443843994,0.028666868282661965,0.016789586934279628,0.9999999747803955,0.0,0.0,-0.0002245867505180498,0.003354942920241815,0.048981209254057134,0.05745649934320431,0.0,0.0,-0.0004797712542035673,0.0,0.0,0.0,1.0,0.0,0.0,0.0,0.0,0.0,0.0,0.0,0.0,0.0,0.0,0.0,0.0,1.0,0.0,0.0,0.0,25.0,0.1,0.08,100.0,100.0,0.5,55.0,0.08,0.0,0.0,0.0045,0.0024,0.0053,0.0005
0,1763355085.3181553,0.002039343775664299,-0.010208862878565587,0.3972773531601064,-3.441221118106774e-05,-0.026997090251305738,0.003157715129832382,0.14900359467440025,0.00014949647393351664,0.128,0.016,0.01,0.976,-0.009,0.003,-0.216,-0.005,-0.016,0.012,0.0,0.0,0.0,0.142,-0.038,-0.003,0.97,0.004,-0.007,-0.245,-0.001,-0.0,-0.001,0.0,-0.1,-0.0,0.12615875359281264,0.012542512503332465,0.0162571957460272,0.9999999999960134,0.0,0.0,2.8236876996913908e-06,-0.016798882063718316,-0.02114739625899742,0.05716116203833685,0.0,0.0,9.382272330371048e-05,0.0,0.0,0.0,1.0,0.0,0.0,0.0,0.0,0.0,0.0,0.0,0.0,0.0,0.0,0.0,0.0,1.0,0.0,0.0,0.0,25.0,0.1,0.08,100.0,100.0,0.5,55.0,0.08,0.0,0.0,0.0107,0.0053,0.0097,0.0005
0,1763355085.3829556,0.004448234761436576,-0.011737343334951557,0.3999212761967698,-9.552636505548232e-06,0.012809208844735496,-0.01147072586139195,0.16219862261835738,0.00011139329418469707,0.13,0.018,0.009,0.976,-0.009,0.002,-0.216,0.018,0.035,-0.018,0.0,0.0,0.004,0.142,-0.038,-0.003,0.97,0.004,-0.009,-0.245,0.0,-0.0,-0.0,0.0,0.0,0.0,0.1325265155524613,0.024335439657097342,0.010637789983573842,0.9999999883928227,0.0,0.0,0.0001523625763150765,0.004209937294397594,0.027035865223991328,0.03442541768898249,0.0,0.0,0.0004046381096968313,0.0,0.0,0.0,1.0,0.0,0.0,0.0,0.0,0.0,0.0,0.0,0.0,0.0,0.0,0.0,0.0,1.0,0.0,0.0,0.0,25.0,0.1,0.08,100.0,100.0,0.5,55.0,0.08,0.0,0.0,0.0068,0.0054,0.0117,0.0008
0,1763355085.4382389,0.001980478234441958,-0.011186293288488013,0.3992891615933016,1.7093747040418844e-05,-0.010670694599434372,-0.0016462535182891133,0.14680990555644774,0.00012964967904025482,0.13,0.018,0.008,0.976,-0.009,0.002,-0.216,0.006,-0.002,-0.011,0.0,0.0,0.004,0.142,-0.038,-0.003,0.97,0.004,-0.009,-0.245,0.002,-0.0,-0.004,-0.0,-0.0,0.0,0.13010772374445992,0.01701369490848562,0.010527673778531269,0.9999999885199862,0.0,0.0,0.00015152566645561152,-0.007904974582058445,-0.008309853613419316,0.04259812023430049,0.0,0.0,0.0003669004505228352,0.0,0.0,0.0,1.0,0.0,0.0,0.0,0.0,0.0,0.0,0.0,0.0,0.0,0.0,0.0,0.0,1.0,0.0,0.0,0.0,25.0,0.1,0.08,100.0,100.0,0.5,55.0,0.08,0.0,0.0,0.0046,0.0028,0.0052,0.0004
0,1763355085.5024397,0.001111856519230985,-0.010835728714922232,0.3958493832654944,-7.52008440082366e-06,-0.0036004292381391287,-0.0024420371153541006,0.1325345439584521,-0.00011665900206605545,0.13,0.018,0.009,0.976,-0.009,0.002,-0.216,0.004,-0.004,0.016,0.0,0.0,-0.005,0.142,-0.038,-0.003,0.97,0.004,-0.009,-0.245,-0.001,-0.0,0.002,0.0,0.0,0.0,0.12977234695468154,0.016979269048713556,0.01739282237182246,0.9999999834243313,0.0,0.0,-0.00018207508699832718,-0.009581511824137755,-0.007229783251190451,0.0726941033628918,0.0,0.0,-0.0004328331183878235,0.0,0.0,0.0,1.0,0.0,0.0,0.0,0.0,0.0,0.0,0.0,0.0,0.0,0.0,0.0,0.0,1.0,0.0,0.0,0.0,25.0,0.1,0.08,100.0,100.0,0.5,55.0,0.08,0.0,0.0,0.0031,0.0024,0.0051,0.0004
0,1763355085.5656955,0.004725952764769893,-0.013220139674983825,0.3962997831179026,-1.479688955679474e-06,0.018487427422406156,-0.015985453068403793,0.1506955179866011,2.738194557541204e-05,0.13,0.019,0.009,0.976,-0.009,0.002,-0.216,0.031,0.037,0.013,0.0,0.0,0.004,0.142,-0.038,-0.003,0.97,0.004,-0.009,-0.245,0.0,0.0,0.002,-0.0,-0.0,0.0,0.1350742727046606,0.02604397328125782,0.01725077473120168,0.9999999893268428,0.0,0.0,0.00014610378001971526,0.01681036891718996,0.033294964162594316,0.06640994663876668,0.0,0.0,0.000338330455125313,0.0,0.0,0.0,1.0,0.0,0.0,0.0,0.0,0.0,0.0,0.0,0.0,0.0,0.0,0.0,0.0,1.0,0.0,0.0,0.0,25.0,0.1,0.08,100.0,100.0,0.5,55.0,0.08,0.0,0.0,0.002,0.0022,0.003,0.0003
0,1763355085.6347864,-0.011681406643225239,-0.0026038202768078923,0.39638619172515044,9.344874458201877e-05,-0.08026456475318694,0.04812404461276072,0.14904446170545227,0.0004740872843301114,0.128,0.016,0.009,0.976,-0.009,0.003,-0.216,-0.088,-0.148,0.018,0.0,0.0,0.007,0.142,-0.038,-0.003,0.97,0.004,-0.009,-0.245,0.0,-0.0,0.0,0.0,-0.0,-0.0,0.10932957716631872,-0.013756459482344075,0.017342209646252243,0.9999999672813782,0.0,0.0,0.0002558070416060294,-0.10207456995763925,-0.15045057080304952,0.0647266995802922,0.0,0.0,0.0005877372520639996,0.0,0.0,0.0,1.0,0.0,0.0,0.0,0.0,0.0,0.0,0.0,0.0,0.0,0.0,0.0,0.0,1.0,0.0,0.0,0.0,25.0,0.1,0.08,100.0,100.0,0.5,55.0,0.08,0.0,0.0,0.0033,0.002,0.0046,0.0003
0,1763355085.717147,-4.871577693404093e-05,-0.011195367640732257,0.3937410516060053,2.8700327811903307e-05,0.05378292684024652,-0.04393416942342477,0.13541912130120573,-0.0002886988046323202,0.13,0.018,0.011,0.976,-0.009,0.003,-0.216,0.042,0.037,0.046,0.0,0.0,-0.006,0.142,-0.038,-0.003,0.97,0.004,-0.009,-0.245,0.001,-0.0,-0.002,-0.0,-0.0,0.0,0.13733122849415005,0.025254114731663967,0.02398324092955738,0.9999999754723168,0.0,0.0,-0.000221484459665474,0.029372447571830586,0.03687521410062719,0.0875560898298278,0.0,0.0,-0.0006097796701492252,0.0,0.0,0.0,1.0,0.0,0.0,0.0,0.0,0.0,0.0,0.0,0.0,0.0,0.0,0.0,0.0,1.0,0.0,0.0,0.0,25.0,0.1,0.08,100.0,100.0,0.5,55.0,0.08,0.0,0.0,0.0097,0.0044,0.0107,0.0007
0,1763355085.767373,0.0017905444753311866,-0.01197212527398496,0.40143796129106196,3.4659151996875516e-05,0.00917803284497588,-0.008082051031538116,0.18613744277753494,4.055674385432476e-05,0.13,0.019,0.01,0.976,-0.009,0.002,-0.216,0.014,0.005,-0.023,0.0,0.0,0.005,0.142,-0.038,-0.004,0.97,0.004,-0.009,-0.245,0.0,-0.0,-0.001,0.0,0.0,0.0,0.13185464583076478,0.020054313474552304,0.009443292569255671,0.9999999841183016,0.0,0.0,0.00017822288466833286,0.00329269108701471,0.008174264913056676,0.016564665631674053,0.0,0.0,0.0003536338299676142,0.0,0.0,0.0,1.0,0.0,0.0,0.0,0.0,0.0,0.0,0.0,0.0,0.0,0.0,0.0,0.0,1.0,0.0,0.0,0.0,25.0,0.1,0.08,100.0,100.0,0.5,55.0,0.08,0.0,0.0,0.0048,0.0016,0.0026,0.0002
0,1763355085.8331394,0.0020380945194439478,-0.010100694509281876,0.40485646271046605,3.855683036544167e-05,0.001909204398813002,0.004867606845771068,0.16763174258116875,3.248557384165911e-05,0.129,0.018,0.007,0.976,-0.009,0.002,-0.216,-0.01,-0.003,-0.057,0.0,0.0,0.005,0.142,-0.038,-0.003,0.97,0.004,-0.009,-0.245,0.001,-0.0,-0.001,-0.0,0.0,0.0,0.12652213340579133,0.0182260059692889,-0.0002959782896764964,0.9999999844727194,0.0,0.0,0.0001762230432785108,-0.01888747285638379,0.003821081682103607,-0.006234402969662545,0.0,0.0,0.0003546906600505822,0.0,0.0,0.0,1.0,0.0,0.0,0.0,0.0,0.0,0.0,0.0,0.0,0.0,0.0,0.0,0.0,1.0,0.0,0.0,0.0,25.0,0.1,0.08,100.0,100.0,0.5,55.0,0.08,0.0,0.0,0.0041,0.0011,0.0027,0.0002
0,1763355085.9070456,0.0030397095241027263,-0.00890950304706742,0.4005251089726433,-2.2989358288364553e-05,0.005772360468085374,0.002168196870091569,0.13016440482731145,-0.00029327213188199043,0.128,0.018,0.008,0.976,-0.009,0.002,-0.216,-0.009,0.015,-0.03,0.0,0.0,-0.009,0.142,-0.038,-0.003,0.97,0.004,-0.009,-0.245,-0.0,-0.0,0.0,-0.0,-0.0,-0.0,0.1250212839108321,0.020833915758877237,0.006896270028581627,0.9999999445791894,0.0,0.0,-0.00033292884851923303,-0.023907346952804345,0.012640664652717088,0.03528173372876625,0.0,0.0,-0.0008117692061613319,0.0,0.0,0.0,1.0,0.0,0.0,0.0,0.0,0.0,0.0,0.0,0.0,0.0,0.0,0.0,0.0,1.0,0.0,0.0,0.0,25.0,0.1,0.08,100.0,100.0,0.5,55.0,0.08,0.0,0.0,0.0046,0.004,0.0066,0.0004
0,1763355085.966225,0.0050337038543321125,-0.009898628718564895,0.39671135355821063,-5.696159245618995e-05,0.011109862722685448,-0.008286692000137649,0.1311281387925777,-0.00017848218019726368,0.129,0.018,0.009,0.976,-0.009,0.003,-0.216,0.004,0.032,-0.009,0.0,0.0,-0.007,0.142,-0.038,-0.004,0.97,0.004,-0.009,-0.245,0.001,0.0,-0.002,-0.0,-0.0,0.0,0.12869847955983263,0.02419460615796097,0.014799738871078832,0.9999999663343984,0.0,0.0,-0.00025948256634366127,-0.009412953228551716,0.029181913817315372,0.06661872509656398,0.0,0.0,-0.0005765565363953143,0.0,0.0,0.0,1.0,0.0,0.0,0.0,0.0,0.0,0.0,0.0,0.0,0.0,0.0,0.0,0.0,1.0,0.0,0.0,0.0,25.0,0.1,0.08,100.0,100.0,0.5,55.0,0.08,0.0,0.0,0.0023,0.0014,0.004,0.0004
0,1763355086.0401187,0.005718062196860239,-0.01041204254705597,0.3975648578209595,-7.939265960237584e-05,0.005309430658015182,-0.006279054911917213,0.15303427889807336,-0.00013351593290200062,0.129,0.018,0.009,0.976,-0.009,0.003,-0.216,0.004,0.032,-0.009,0.0,0.0,-0.007,0.142,-0.038,-0.003,0.97,0.004,-0.008,-0.245,0.001,-0.001,-0.001,0.0,-0.1,0.0,0.12887324969633,0.02415281855794794,0.01447105113521112,0.9999999671865375,0.0,0.0,-0.00025617752415693873,-0.007761272333034382,0.02824644999458018,0.05572585154435347,0.0,0.0,-0.0005163958062187684,0.086114427820294,0.01245396666831212,0.005773994244371397,0.9843155626325688,-0.004924973492751859,-0.001423428467657141,-0.17634225712183219,0.004524675031998261,0.025509035092380356,-0.03420451276069504,0.0,0.0,-0.0033156946391359006,0.0,0.0,0.0,1.0,0.0,0.0,0.0,25.001380296896155,0.0999995475590787,0.08,100.0,100.0,0.5,55.0,0.08,5.1625640293284174e-05,-4.23197545000349e-06,0.0022,0.0016,0.0035,0.0083
1,1763355086.107229,0.010530510960890735,-0.012885056160117824,0.3992126587781787,-0.017814626294440052,0.02620651714397506,-0.016269584020455256,0.15732582646895538,-0.08870594042153927,0.13,0.018,0.01,0.976,-0.009,0.002,-0.216,0.04,0.049,-0.004,0.0,0.0,-0.004,0.142,-0.038,-0.003,0.97,0.004,-0.007,-0.245,-0.001,-0.0,0.013,-0.0,-0.0,0.0,0.13692808144963425,0.028794928125651494,0.014400648638448133,0.9842906542912239,-0.004925174423712469,-0.0014227330750543991,-0.17648123515673791,0.026260317143961515,0.05548711682550246,0.047950701975193674,0.0,0.0,-0.0002181827731664608,0.10478352659059131,0.016262622067041228,0.006600801747326418,0.9824492661269698,-0.0034039655151915046,-0.0002576117512167338,-0.18649875640747737,0.0246586460544679,0.04071912844543925,-0.019104830314692667,0.0,0.0,-0.0017789406602672932,0.0,0.0,0.008403361344537815,1.0,0.0,0.0,0.0,25.002500082769934,0.09999996091214056,0.08,100.0,100.0,0.5,55.0,0.08,0.0002530584152107595,-0.00024029880450316134,0.0016,0.0015,0.0034,0.0089
2,1763355086.1763935,0.01132082625593258,-0.010116510053082136,0.4032973415486958,-0.030732546157627952,0.007900518085543254,0.009010834475134247,0.17012816089440297,-0.07127008417635451,0.128,0.017,0.009,0.976,-0.009,0.003,-0.216,0.014,0.036,-0.031,0.0,0.0,0.004,0.141,-0.038,0.009,0.969,0.009,-0.024,-0.244,-0.009,-0.014,0.25,0.3,-1.0,0.1,0.12975086823047444,0.024738611634451818,0.007368459155970848,0.982547485371966,-0.003403829182318036,-0.00025940690156210644,-0.1859806055592446,-0.0007874973862460344,0.03837716988251376,0.02096295899329955,0.0,0.0,0.021226665599742935,0.11239606749019876,0.01827014159812293,0.005970787409022914,0.9813686414081474,-0.0007442585254388092,-0.0030598446295370687,-0.1921084930210465,0.01965026904437283,0.040050132758113595,-0.014522193926460713,0.0,0.0,-0.0007757944932805572,0.0,0.0,0.01680672268907563,1.0,0.0,0.0,0.0,25.001061828140855,0.0999994078622647,0.08,100.0,100.0,0.5,55.0,0.08,0.0001159062156792185,-0.0001513307656901768,0.0017,0.0024,0.0049,0.0095
3,1763355086.2412713,0.01316029923601809,-0.007988332101551967,0.381982794488334,-0.03984341644559961,0.01344267474640226,0.0068471984877450445,0.04466376777895202,-0.057079056248968765,0.129,0.018,0.013,0.976,-0.007,-0.009,-0.216,0.017,0.06,0.16,0.0,0.0,0.008,0.138,-0.04,0.045,0.969,0.004,-0.043,-0.242,-0.058,-0.02,0.614,-0.1,-0.4,0.1,0.1305283911887054,0.029990747175383844,0.05013255938961561,0.9817037997879052,-0.0007388950809648157,-0.0030611442254361667,-0.1903883738889512,-0.004556832078043343,0.05711855944590303,0.22106283628654794,0.0,0.0,0.042670894268197736,0.11714473921354,0.020909712551100666,0.01147787315230234,0.9803175368100556,4.919166999523712e-05,-0.004295159238587278,-0.19738053655302581,0.01611221187200277,0.04701942575360817,0.040987668490584495,0.0,0.0,-0.00027396730763911705,0.0,0.0,0.025210084033613446,1.0,0.0,0.0,0.0,25.015325255044523,0.10000336959294936,0.08,100.0,100.0,0.5,55.0,0.08,0.0005619339628733192,-7.547889188227674e-05,0.0023,0.0017,0.0045,0.008
4,1763355086.3104403,0.011166385425631897,-0.014350223804278646,0.3562709372767091,-0.045970172782084526,-0.0050344568384241865,-0.03480508305171538,0.014684261875000732,-0.04557506284952441,0.132,0.019,0.028,0.977,-0.008,-0.011,-0.214,0.079,0.011,0.407,0.0,0.0,0.066,0.131,-0.041,0.095,0.97,0.007,-0.035,-0.241,-0.132,-0.019,0.904,-0.5,0.4,-0.0,0.14545238463777185,0.020791168610101236,0.11404565941662673,0.981406794796202,7.322808919509463e-05,-0.004294816684350034,-0.19189125127305912,0.054880796087814966,0.004139978751213214,0.432280582300145,0.0,0.0,0.06517050842311382,0.12301704831375668,0.02189603688427969,0.02724040763367501,0.9794037926538164,0.001966404871451241,-0.005691506387877321,-0.20182158195356278,0.028647861661853267,0.0367737717725786,0.13415797697796322,0.0,0.0,0.020908396631808213,0.0,0.0,0.03361344537815126,1.0,0.0,0.0,0.0,25.054719679610116,0.09999138441002102,0.08,100.0,100.0,0.5,55.0,0.08,0.0003079876437517919,-0.0027764393284562643,0.0022,0.003,0.0046,0.0083
5,1763355086.3865886,0.007869447046450142,-0.01502507902276353,0.38408471063026955,-0.05061738924369176,-0.012297297361296816,-0.008755610019028914,0.27267046824656777,-0.04047489710131787,0.134,0.019,0.034,0.977,-0.006,-0.012,-0.214,0.059,-0.0,0.205,0.0,0.0,0.018,0.122,-0.042,0.149,0.972,0.013,-0.026,-0.235,-0.137,-0.009,0.811,0.0,0.4,0.2,0.14334852179868518,0.01815858689557306,0.07597236415864483,0.980386723718641,0.001994435858226777,-0.005681744335073055,-0.19699140073401036,0.03443290575445551,-0.009599499028584688,0.15814467160821125,0.0,0.0,0.07270950845560445,0.1275154600666319,0.022227605039965327,0.03779937967254407,0.979287526667463,0.003042640576156553,-0.005663706331477923,-0.2023724410151682,0.029891433252370977,0.026532272850331867,0.17002980281764524,0.0,0.0,0.04186732248590109,0.0,0.0,0.04201680672268907,1.0,0.0,0.0,0.0,25.06060782168106,0.09998305354642076,0.08,100.0,100.0,0.5,55.0,0.08,-0.0004657392429267065,-0.0048975583848406955,0.0017,0.0055,0.0056,0.0153
6,1763355086.4510713,0.003294058329626098,-0.017707865951061275,0.29254850811574673,-0.053383949502366454,-0.019925900941701425,-0.019048339275025052,-0.31364924608626304,-0.032814322259757854,0.135,0.017,0.136,0.977,-0.008,-0.003,-0.212,0.057,-0.04,1.007,0.0,0.0,0.077,0.111,-0.044,0.203,0.971,0.005,-0.033,-0.238,-0.182,-0.021,0.789,-0.2,-0.0,-0.0,0.1439494013813188,0.007979035641745787,0.3273031628144678,0.9808463444029626,0.0030870175712228104,-0.005639641265174499,-0.19467694635025534,0.030709203802769407,-0.04959512431602313,0.9192516628885403,0.0,0.0,0.08607118742881953,0.13132479025516997,0.020672527280526622,0.08771296765402772,0.9786928646327675,0.004323266525939654,-0.005501890529291067,-0.20521041709439805,0.02987889198952779,0.010340031494362974,0.30777343337407315,0.0,0.0,0.05964320361155937,0.0,0.0,0.05042016806722689,1.0,0.0,0.0,0.0,25.192984449251103,0.09968827425520246,0.08,100.0,100.0,0.5,55.0,0.08,-0.002566511848895343,-0.00821583787651756,0.0017,0.002,0.0065,0.0153
7,1763355086.510147,0.00757494170158986,-0.002616937043788105,0.3217094832535175,-0.055869995625556335,0.022639688733428594,0.06881419480471787,0.25551056623225904,-0.032449211679336835,0.128,0.02,0.191,0.978,-0.009,-0.001,-0.211,-0.067,0.073,0.781,0.0,0.0,0.012,0.097,-0.045,0.253,0.972,0.007,-0.032,-0.233,-0.205,-0.019,0.735,-0.0,-0.0,0.1,0.11190456941805572,0.033783610060758286,0.33122793303631975,0.9799053419553772,0.004356167949170971,-0.005475877431903368,-0.19934031046044018,-0.09357647059524346,0.0671406556074708,0.5381260710463226,0.0,0.0,0.08603285277356265,0.12923673159848756,0.023431859890544506,0.1343894509934995,0.9783364938879239,0.003687846707290679,-0.007558872459980788,-0.2068501098884926,0.005327548993259459,0.019563927712672922,0.3419194378707115,0.0,0.0,0.07263446120061097,0.0,0.0,0.058823529411764705,1.0,0.0,0.0,0.0,25.283024848681872,0.09936186914940642,0.08,100.0,100.0,0.5,55.0,0.08,-0.000788315398205253,-0.0022304809118606182,0.0022,0.0026,0.0051,0.0085
8,1763355086.5800507,-0.01202285776778662,-0.016179247934544595,0.3118280858545934,-0.057060355574298546,-0.0951483942087862,-0.06879290584520296,0.07123406922544859,-0.026903048103294684,0.13,0.012,0.226,0.978,-0.01,0.002,-0.208,0.053,-0.213,0.887,0.0,0.0,0.152,0.082,-0.046,0.295,0.972,0.005,-0.037,-0.232,-0.324,-0.041,0.807,0.4,-0.7,-0.0,0.1377578784718037,-0.030971573842340835,0.3819324683081933,0.980651035516719,0.0037745475508119816,-0.007515953498352021,-0.19558325535122936,0.027334861991182773,-0.21579438129147616,0.6040977327481332,0.0,0.0,0.1020837507579403,0.1314447761541707,0.014810229267052333,0.1833236706233834,0.9791563260041123,0.0030180173884939657,-0.007675829751456995,-0.20294053920988275,0.005066645806195258,-0.022470790109746716,0.43733320327944797,0.0,0.0,0.0833072449378488,0.0,0.0,0.06722689075630252,1.0,0.0,0.0,0.0,25.38307178204955,0.09886617834779345,0.08,100.0,100.0,0.5,55.0,0.08,-0.013293942795818737,-0.012247768456745464,0.0032,0.0023,0.006,0.0106
9,1763355086.6618612,-0.0010318235879021934,0.0033956915599845164,0.3538989451075879,-0.05784924032009622,0.050446599236502146,0.09180747949719134,0.3272898284604453,-0.025342057069350252,0.124,0.015,0.252,0.978,-0.011,0.002,-0.207,-0.13,0.065,0.591,0.0,0.0,0.028,0.065,-0.047,0.324,0.973,0.003,-0.024,-0.228,-0.259,-0.016,0.41,-0.1,0.2,0.1,0.09579901603886236,0.027894021650058394,0.3262789689400182,0.9805935142644838,0.003073259699152867,-0.007653879157144246,-0.19587836274356352,-0.14988850510517965,0.06575438288305771,0.18937831680481834,0.0,0.0,0.09418270744741924,0.12603451297758886,0.016687489372917853,0.22310477137476242,0.9791284274236444,0.0009839344137313848,-0.00880533263201137,-0.20304930583779482,-0.02340627705746011,-0.008095891291415701,0.31165297946647774,0.0,0.0,0.08977876063745488,0.0,0.0,0.07563025210084033,1.0,0.0,0.0,0.0,25.4456071116879,0.09846924111654697,0.08,100.0,100.0,0.5,55.0,0.08,-0.010984728921040049,-0.001942269081861495,0.0029,0.003,0.0104,0.0201
10,1763355086.7094114,-0.012007510514834684,0.005503988476821823,0.3659397067369219,-0.0583427324612637,-0.055265368480125775,0.011814868919180724,0.19291591256201526,-0.024160925825873536,0.112,0.008,0.287,0.979,-0.01,0.003,-0.203,-0.12,-0.113,0.332,0.0,0.0,0.089,0.047,-0.048,0.342,0.974,0.009,-0.018,-0.224,-0.313,-0.015,0.271,0.0,0.5,0.0,0.08608050863444408,-0.014390116604471467,0.3236169093833123,0.9810372163999416,0.0010686308047699593,-0.008795455525098509,-0.19361683301966148,-0.1359392679401944,-0.10800560269901563,0.07832882190976936,0.0,0.0,0.10089146142353168,0.11962356259594903,0.011433139108753498,0.24944276676342794,0.9798831788340856,0.0028135579357922726,-0.00491579318114012,-0.19949154044006429,-0.04463909696745598,-0.025179174299964004,0.23532520637169593,0.0,0.0,0.09530503757467666,0.0,0.0,0.08403361344537814,1.0,0.0,0.0,0.0,25.46908957799858,0.09831464538410092,0.08,100.0,100.0,0.5,55.0,0.08,-0.020751281057231133,0.0011376691308057577,0.0017,0.0017,0.0057,0.0091
11,1763355086.7809787,-0.01226271276603826,0.014070463634502015,0.42623063088309054,-0.05841747908194503,-0.005778827699080891,0.04489637146720915,0.4386820107571891,-0.022252257776380478,0.095,-0.002,0.3,0.98,-0.012,0.002,-0.201,-0.187,-0.039,-0.294,0.0,0.0,0.035,0.027,-0.049,0.353,0.975,0.001,-0.025,-0.222,-0.308,-0.011,0.173,-0.2,-0.3,-0.0,0.05627715980272295,-0.009039357305135259,0.21731492825753485,0.9813969420164534,0.0028514976786135873,-0.004893883105128761,-0.19190612567059012,-0.1949530664451899,-0.0304596907014325,-0.4627635717719617,0.0,0.0,0.09730484052054322,0.10922650339068757,0.008011795936197899,0.2501898361430928,0.9803533475845527,-0.0034328397350533862,-0.006811663917081758,-0.19710182831672307,-0.0715277577338905,-0.02570642492839612,0.05342403520699959,0.0,0.0,0.09840815443927398,0.0,0.0,0.09243697478991596,1.0,0.0,0.0,0.0,25.390718456058362,0.09883875277570758,0.08,100.0,100.0,0.5,55.0,0.08,-0.026431652378465294,0.011003868312045976,0.0026,0.0021,0.0075,0.011
12,1763355086.8387523,-0.013593432353555842,0.03321225422152037,0.3712365625513928,-0.05793751166300609,-0.01125211522485226,0.10098537679803002,-0.11513385507733008,-0.019506717561034684,0.077,-0.007,0.292,0.98,-0.01,-0.0,-0.197,-0.338,0.0,0.075,0.0,0.0,0.069,0.006,-0.05,0.364,0.975,-0.0,-0.026,-0.219,-0.355,-0.009,0.17,-0.2,-0.0,0.1,0.008946931808923586,-0.005994132364840815,0.30093165547319767,0.9820946470219047,-0.003371138097971891,-0.006842410532132477,-0.18823368757200326,-0.33441434028913675,0.010752259168082366,0.10610721061068154,0.0,0.0,0.10048320254601623,0.09178348621052211,0.006011879289157845,0.2582373817112323,0.9806229720741546,-0.0006849459807610717,-0.0022961834489324206,-0.1958898798586192,-0.11520134855754388,-0.019393069128803796,0.026827170805967117,0.0,0.0,0.10063372274691043,0.0,0.0,0.10084033613445378,1.0,0.0,0.0,0.0,25.404130021304862,0.09877021715098877,0.08,100.0,100.0,0.5,55.0,0.08,-0.03349365929502611,0.03221413607084221,0.0016,0.0056,0.0031,0.0039
13,1763355086.9034104,-0.014480150047344192,0.04066921306511808,0.30044802377055646,-0.05795305710081839,-0.00953112560152519,0.04973938955105868,-0.21472898294740964,-0.021804294062688793,0.066,-0.007,0.315,0.98,-0.011,0.005,-0.197,-0.332,0.001,0.684,0.0,0.0,0.01,-0.018,-0.05,0.378,0.976,0.005,-0.021,-0.216,-0.412,-0.002,0.275,0.1,0.7,0.0,0.0005025183267015343,-0.005786014937518901,0.4544294715969591,0.9819490984036133,-0.0006691124073906218,-0.002300847238298941,-0.189130184092607,-0.3137867337869654,0.010750075247418642,0.707562079692276,0.0,0.0,0.09505113524741059,0.07413762854504649,0.004395163183865296,0.2899724966128087,0.9807180802694587,-0.0033705846630392514,0.0001520347920739958,-0.19539872844273778,-0.14752041701369495,-0.014127232617762936,0.10784010847162108,0.0,0.0,0.1017604442134741,0.0,0.0,0.1092436974789916,1.0,0.0,0.0,0.0,25.54923634497954,0.098146903126482,0.08,100.0,100.0,0.5,55.0,0.08,-0.039657860672010645,0.05026344868873407,0.0017,0.0015,0.0032,0.0058
14,1763355086.9709086,-0.03354086447791089,0.03267585587508251,0.370034773760474,-0.05773028794855486,-0.10073362842058753,-0.024715831050758516,0.46060175886354615,-0.020618550651489202,0.045,-0.026,0.339,0.981,-0.012,0.01,-0.191,-0.319,-0.214,0.082,0.0,0.0,0.152,-0.042,-0.05,0.395,0.977,0.013,-0.017,-0.211,-0.368,-0.006,0.239,0.4,-0.3,0.1,-0.01642270519167542,-0.06776358580226553,0.3632237529887604,0.9830053492590267,-0.0033721743421282094,0.00011133622505092828,-0.18354590535501003,-0.28715062666848934,-0.20663219784861134,-0.006528823126969143,0.0,0.0,0.10679566548096721,0.05589743678391035,-0.006897901590773218,0.2988077562469446,0.9810180395314143,-0.0030611674392225885,0.0038441480991990126,-0.19385421814662915,-0.16922724829569472,-0.04066562060822694,0.18650740273288333,0.0,0.0,0.10292730220473738,0.0,0.0,0.11764705882352941,1.0,0.0,0.0,0.0,25.52337816002924,0.09825169841705904,0.08,100.0,100.0,0.5,55.0,0.08,-0.0650523944586914,0.05858504170552864,0.0018,0.0015,0.0037,0.0059
15,1763355087.0486922,-0.03454262105001695,0.03731104406902768,0.3555518882041529,-0.05719329712098852,-0.01758660703974691,0.035429386922881806,0.06634861237857237,-0.018963903842876374,0.021,-0.033,0.362,0.982,-0.013,0.015,-0.189,-0.364,-0.108,0.339,0.0,0.0,0.074,-0.067,-0.049,0.404,0.978,-0.002,-0.017,-0.209,-0.384,0.007,0.089,-0.5,-0.0,0.0,-0.04782743481471258,-0.05421992628256224,0.4088763551755076,0.9827568047550763,-0.003096338480522446,0.0038158758776417126,-0.18483753538416764,-0.31463727762899807,-0.10233147251693411,0.1515825380591903,0.0,0.0,0.09993357000626078,0.03482439210001177,-0.014233234375450786,0.32198754419874576,0.9808432304894027,-0.00235833364289375,0.010887465314623446,-0.19447996957158412,-0.18974991059184002,-0.04991442593230454,0.1861540186759914,0.0,0.0,0.10249625958560092,0.0,0.0,0.12605042016806722,1.0,0.0,0.0,0.0,25.565653162269175,0.09807352406533147,0.08,100.0,100.0,0.5,55.0,0.08,-0.07984608685412856,0.07497684806076815,0.0025,0.005,0.0046,0.0101
16,1763355087.1288376,-0.044062229855797365,0.03186676310179538,0.39453144826648157,-0.05694657009983571,-0.060551526922658416,-0.013229763310276154,0.32822975838820123,-0.02021385131460661,0.008,-0.041,0.361,0.982,-0.013,0.016,-0.186,-0.346,-0.232,-0.006,0.0,0.0,0.133,-0.092,-0.049,0.405,0.979,-0.002,-0.005,-0.205,-0.405,0.021,0.023,-0.3,0.4,0.1,-0.05580707272196298,-0.08686360435168679,0.332861179883861,0.9829834222148881,-0.0024815189245525346,0.010860050753814219,-0.1833561916384573,-0.2847712539124872,-0.220374160241432,-0.19990688993641303,0.0,0.0,0.10418984587474957,0.014669031563774564,-0.026679372227086093,0.33053818001152657,0.9804391919448383,-0.0015609806120174222,0.01579865375552488,-0.1961809286796111,-0.20164049211577362,-0.07739953686247003,0.026675490258900977,0.0,0.0,0.1026918336758477,0.0,0.0,0.13445378151260504,1.0,0.0,0.0,0.0,25.55826095067446,0.09810162046768614,0.08,100.0,100.0,0.5,55.0,0.08,-0.10346070723253462,0.08357043711753334,0.0029,0.0022,0.0057,0.0242
17,1763355087.1829443,-0.046809537480388304,0.02970530433640808,0.3627297632688812,-0.05681739940624926,-0.030259874318878693,0.0011427423362367836,-0.011059131888071574,-0.02070911031950618,-0.023,-0.055,0.375,0.983,-0.015,0.02,-0.182,-0.325,-0.208,0.122,0.0,0.0,0.121,-0.119,-0.048,0.403,0.979,-0.001,-0.012,-0.202,-0.384,0.024,-0.035,0.2,0.3,0.1,-0.08099309736654536,-0.09506161570277044,0.395738242393252,0.9825095335711913,-0.001732260753103122,0.015780791920601243,-0.18553431574984222,-0.2502520491084843,-0.18477295633253907,0.1134671498598126,0.0,0.0,0.1026813255400919,-0.005920528902456012,-0.038996861501545355,0.339450963737523,0.9799489715623273,-0.0072243237968133405,0.01701632826901146,-0.19838918027921026,-0.20288601506455933,-0.09511706177317847,0.04442180434249966,0.0,0.0,0.1024666196473465,0.0,0.0,0.14285714285714285,1.0,0.0,0.0,0.0,25.579564569874115,0.09802781346374972,0.08,100.0,100.0,0.5,55.0,0.08,-0.12235176789940068,0.0921067335020456,0.0017,0.0016,0.0059,0.0158
18,1763355087.2442052,-0.03235272941435402,0.023183855725977358,0.3935392240056578,-0.05697128893689838,0.05473046377502581,-0.021467753926000564,0.29007096490971285,-0.022075972430589088,-0.048,-0.067,0.371,0.984,-0.017,0.021,-0.178,-0.224,-0.092,-0.136,0.0,0.0,0.092,-0.144,-0.046,0.402,0.98,-0.0,-0.013,-0.198,-0.388,0.025,-0.012,0.3,-0.3,0.1,-0.08515602683924522,-0.08275665518182647,0.3389222326771478,0.9818355609462704,-0.007389788579301903,0.016945126344562356,-0.1888311017264965,-0.14596629402692546,-0.0588293814302072,-0.17728194314683637,0.0,0.0,0.09994606092447558,-0.022846342169295063,-0.04703471992571626,0.3377015531132494,0.980415854765128,-0.00897254561586758,0.019449635979466123,-0.19577016322872282,-0.18826310097789808,-0.09072447283200749,-0.019524287319611623,0.0,0.0,0.10165593935662288,0.0,0.0,0.15126050420168066,1.0,0.0,0.0,0.0,25.55091125075927,0.09810030074881282,0.08,100.0,100.0,0.5,55.0,0.08,-0.12462203681364899,0.09622309242051913,0.0017,0.0052,0.007,0.0058
19,1763355087.3228495,-0.04493810987218233,0.03557935439899751,0.3580370979846886,-0.05662304665801919,-0.07505917581952433,0.07067143926234226,-0.029933421102724345,-0.019623021956940954,-0.075,-0.081,0.38,0.984,-0.019,0.024,-0.174,-0.41,-0.217,0.145,0.0,0.0,0.13,-0.17,-0.044,0.404,0.98,-0.014,-0.016,-0.198,-0.394,0.034,0.013,-0.0,0.0,-0.0,-0.1487486761658902,-0.12061693219467495,0.4116276608616985,0.9825331169049732,-0.00918836669866919,0.019348613179588737,-0.18485096502435558,-0.3298365559146297,-0.17496782121994944,0.17256143351539996,0.0,0.0,0.10324705417603189,-0.04789525260849713,-0.06054901617894943,0.34620245422116885,0.9792146061171689,-0.012898482874943634,0.020040996573791117,-0.2014218030965161,-0.19957544468276123,-0.10301720358963734,0.03743497169594238,0.0,0.0,0.10128951243828824,0.0,0.0,0.15966386554621848,1.0,0.0,0.0,0.0,25.5791543083241,0.09804046983470593,0.08,100.0,100.0,0.5,55.0,0.08,-0.14892843915075551,0.11558098117089298,0.0023,0.0125,0.0101,0.0061
20,1763355087.3844962,-0.05420936219155568,0.05481375318197729,0.3557850110660738,-0.056733105345274114,-0.0632080527989351,0.10951425181452296,0.12300347715118415,-0.021783935933031812,-0.114,-0.101,0.382,0.985,-0.021,0.023,-0.168,-0.543,-0.204,0.23,0.0,0.0,0.136,-0.196,-0.04,0.405,0.981,-0.01,-0.014,-0.194,-0.388,0.06,0.051,-0.0,-0.3,0.0,-0.2147367293732729,-0.13765600984133103,0.4230669195733278,0.9814356588673928,-0.013124907206798769,0.019893446532937512,-0.19030511054456953,-0.4667096325172954,-0.16191818344516173,0.17633600393194387,0.0,0.0,0.10338299703013058,-0.07973385251479256,-0.07434296157315878,0.359930437831964,0.9784112377934228,-0.015213965782521748,0.019901449881814384,-0.2051436503948202,-0.2303373802926074,-0.11033079932670353,0.036299778406012256,0.0,0.0,0.10107050643387154,0.0,0.0,0.1680672268907563,1.0,0.0,0.0,0.0,25.627909709731146,0.09796417343274767,0.08,100.0,100.0,0.5,55.0,0.08,-0.17621099290221087,0.14847938594426102,0.0032,0.0016,0.0121,0.0072
21,1763355087.447761,-0.02909938855648386,0.04521047090995229,0.3849712946721619,-0.05728927959367236,0.1052213573535257,-0.027461253916883456,0.2793507971802182,-0.024055785746468997,-0.124,-0.101,0.38,0.986,-0.02,0.022,-0.166,-0.285,0.024,-0.046,0.0,0.0,0.064,-0.222,-0.035,0.41,0.981,-0.014,-0.009,-0.191,-0.391,0.082,0.075,-0.4,0.2,0.0,-0.17308288315747725,-0.09213740078928324,0.37053719602634894,0.9801581469134524,-0.015386450979746485,0.019768398733280627,-0.1966277563747221,-0.20275592222031388,0.06538724249364997,-0.09555431126918143,0.0,0.0,0.09739078906994514,-0.09978860074758066,-0.07776002257439078,0.3596030300547928,0.9809473467099284,-0.012439356779491673,0.015837551941791823,-0.1932271651040691,-0.21797648086290855,-0.07933871149421158,0.05309969984601186,0.0,0.0,0.1008477100939565,0.0,0.0,0.1764705882352941,1.0,0.0,0.0,0.0,25.603464519601275,0.09798887040717055,0.08,100.0,100.0,0.5,55.0,0.08,-0.1679444347129322,0.1620199745841922,0.002,0.0017,0.0049,0.0122
22,1763355087.5086775,-0.02152889644123949,0.0583035116310903,0.33870403459282517,-0.05679689869051335,0.02694018986754043,0.08241913019692218,-0.08697206489462248,-0.019021575331832092,-0.158,-0.113,0.389,0.986,-0.022,0.025,-0.161,-0.412,0.071,0.426,0.0,0.0,0.038,-0.246,-0.03,0.412,0.982,-0.017,-0.002,-0.188,-0.393,0.098,0.028,-0.2,0.5,0.1,-0.23218053215042925,-0.09470254396253563,0.46221826905251884,0.9824135966377937,-0.012561571501646353,0.015740793182221338,-0.18562855247132146,-0.3211713777234423,0.11215283090365441,0.35086525740035607,0.0,0.0,0.09584480152277837,-0.1259619502521717,-0.07919966900884337,0.3818623922982226,0.9838086612866946,-0.014860009796142187,0.01796484068724556,-0.1776990787404992,-0.22882871101577462,-0.045950475489843906,0.0719521169189722,0.0,0.0,0.10018478161793355,0.0,0.0,0.18487394957983191,1.0,0.0,0.0,0.0,25.692782523445345,0.09790938032763584,0.08,100.0,100.0,0.5,55.0,0.08,-0.16594452091327153,0.19143285638113994,0.0022,0.0017,0.0056,0.0068
23,1763355087.5787117,-0.030809001487399644,0.05128367437481017,0.3793200007606383,-0.05515724372526668,-0.05447386139626557,-0.013235369419741804,0.33009384381137474,-0.013100562182709156,-0.172,-0.117,0.391,0.987,-0.023,0.027,-0.159,-0.355,-0.104,0.047,0.0,0.0,0.099,-0.271,-0.023,0.411,0.983,-0.003,-0.008,-0.183,-0.366,0.101,0.001,0.3,-0.1,0.1,-0.2335285551632052,-0.1335577309948854,0.3931170881088088,0.9855363456982071,-0.015038903008659616,0.017815352602620137,-0.16785278048267335,-0.2600255306609285,-0.06861597595462142,-0.05105197514748782,0.0,0.0,0.10059313279444627,-0.1492518496228515,-0.08756918200712271,0.3863136615071903,0.9836838813819749,-0.017510077662589447,0.025911946664452987,-0.17716655923057587,-0.2236886217826353,-0.0443967364787015,0.03513887030567896,0.0,0.0,0.10034975342648246,0.0,0.0,0.19327731092436973,1.0,0.0,0.0,0.0,25.694625787801385,0.09790424533390622,0.08,100.0,100.0,0.5,55.0,0.08,-0.18010196365686507,0.2045041204294835,0.0018,0.0052,0.0055,0.0083
24,1763355087.6392891,-0.018348442214087737,0.06333838978911585,0.3780332005094011,-0.05359187217749121,0.05074942080878468,0.07950495496208226,0.13581099902905316,-0.012857108658097603,-0.219,-0.114,0.394,0.987,-0.02,0.029,-0.155,-0.433,0.112,0.036,0.0,0.0,0.037,-0.295,-0.016,0.41,0.984,-0.003,-0.002,-0.18,-0.354,0.114,-0.079,0.6,0.5,0.2,-0.29545591885586087,-0.08867545778049371,0.3966940045595482,0.9850187715514729,-0.01770906070812369,0.025776364532791658,-0.16958769970589213,-0.331665109003364,0.13488626717125773,-0.009882217465140047,0.0,0.0,0.09339270389822184,-0.177445842506814,-0.08568422804711692,0.38864470495874304,0.986303190563843,-0.011235596143688083,0.022111345293978273,-0.16306706004638172,-0.22766480268199196,-0.009627656606848188,0.052401085975668005,0.0,0.0,0.10076622931877391,0.0,0.0,0.20168067226890757,1.0,0.0,0.0,0.0,25.68979998975071,0.09790231735670447,0.08,100.0,100.0,0.5,55.0,0.08,-0.1779206989926864,0.2359394491387625,0.003,0.0012,0.0035,0.0054
25,1763355087.7117336,-0.008487155465420868,0.07380821660207412,0.40909210017125985,-0.05108879516006798,0.04242576791305145,0.07610103023570977,0.29705694850031894,-0.007581566979443049,-0.233,-0.109,0.387,0.987,-0.019,0.028,-0.154,-0.471,0.18,-0.215,0.0,0.0,0.048,-0.318,-0.008,0.406,0.984,-0.006,-0.004,-0.178,-0.336,0.117,-0.036,0.1,-0.2,0.0,-0.31775017087143365,-0.07137424373197437,0.33237238035922656,0.9875707227182072,-0.011411355136042457,0.02202115313449119,-0.15520604826624565,-0.37149757764226005,0.19421626880438045,-0.2755288989891811,0.0,0.0,0.09183690435649637,-0.20623416997109342,-0.07988938169276505,0.3810372067999571,0.9883575455950472,-0.007211715309505326,0.024517459088064953,-0.14998749090338787,-0.24113652079386153,0.023443120071086586,-0.0554879761764276,0.0,0.0,0.10030739704226639,0.0,0.0,0.21008403361344538,1.0,0.0,0.0,0.0,25.65081158052043,0.09790648347932956,0.08,100.0,100.0,0.5,55.0,0.08,-0.17224170512334872,0.2703963447476413,0.0038,0.0036,0.0053,0.0078
26,1763355087.7695735,-0.02113602670518297,0.07184482556314742,0.36437275742655395,-0.048687506904196404,-0.06642703949834332,0.01786112603114432,-0.0701871761593069,-0.007151856905667591,-0.256,-0.109,0.392,0.988,-0.019,0.03,-0.152,-0.422,-0.014,0.093,0.0,0.0,0.084,-0.341,0.001,0.404,0.985,-0.005,-0.001,-0.175,-0.341,0.132,-0.014,-0.1,0.3,0.1,-0.3299470626886769,-0.11037062393192366,0.41398769281156433,0.9896783314754461,-0.0074339747354842676,0.024450984795555256,-0.14100952297677183,-0.3109296926284672,-0.005889455704895005,0.16392484307161304,0.0,0.0,0.09116804960621329,-0.2329010283409186,-0.08238213881085592,0.38462723183588104,0.9883464620463939,-0.008986404116590152,0.024909432481666376,-0.14990008563997106,-0.2408779363284705,0.02035104302252401,-0.022071447112007966,0.0,0.0,0.09843477561626833,0.0,0.0,0.2184873949579832,1.0,0.0,0.0,0.0,25.676498524084284,0.09791701088401134,0.08,100.0,100.0,0.5,55.0,0.08,-0.18542089636012749,0.2917505592258467,0.0015,0.0012,0.0043,0.0046
27,1763355087.8468678,-0.021574893610948456,0.06762186033039382,0.3843526633985695,-0.04668604526398709,-0.010120344543271048,0.005826983422412259,0.23653931389503582,-0.008250506888027077,-0.275,-0.108,0.389,0.988,-0.018,0.029,-0.15,-0.387,0.033,-0.063,0.0,0.0,0.104,-0.363,0.009,0.406,0.985,0.0,-0.002,-0.172,-0.326,0.125,0.046,0.3,-0.1,0.0,-0.34098264490583097,-0.10110449350324141,0.38125979534356813,0.9897365488946406,-0.009224517779275933,0.024822239166626098,-0.14042908707465623,-0.26953177051727933,0.03060833919430633,-0.035967420009371386,0.0,0.0,0.08901128282488524,-0.2575461882617837,-0.08255196160753014,0.38167060230740685,0.9885736564045717,-0.004833990731082887,0.02814766746522097,-0.14800833494359378,-0.23397381099370643,0.023091675380176025,-0.028182311221086595,0.0,0.0,0.09617871827645354,0.0,0.0,0.226890756302521,1.0,0.0,0.0,0.0,25.66724716154305,0.09790474147800104,0.08,100.0,100.0,0.5,55.0,0.08,-0.19154426674789138,0.3110017081620537,0.0026,0.0053,0.0053,0.0091
28,1763355087.9178934,-0.006663034890782505,0.07177554016739165,0.3633778287329833,-0.04512223222405845,0.06646870849672408,0.04612659680888687,0.03925807544653259,-0.009688201774351965,-0.318,-0.092,0.386,0.989,-0.013,0.032,-0.147,-0.377,0.208,0.137,0.0,0.0,0.015,-0.383,0.018,0.411,0.986,-0.001,0.003,-0.169,-0.301,0.128,0.05,0.2,0.1,0.1,-0.3809302973576322,-0.05133452877255634,0.4200048014190796,0.9894498822341139,-0.00500397148536773,0.028117946573220483,-0.142032643771695,-0.2518034229625328,0.19951156095679765,0.17536468493275284,0.0,0.0,0.07808637856339093,-0.2831137089761682,-0.07365872345037972,0.38659097634063444,0.9899308835155145,-0.0005651517063681945,0.030341884576406353,-0.13826024919004498,-0.22142521200371829,0.048258317251054055,0.04903042008236877,0.0,0.0,0.09213545848950846,0.0,0.0,0.23529411764705882,1.0,0.0,0.0,0.0,25.68643842560716,0.09792731554360383,0.08,100.0,100.0,0.5,55.0,0.08,-0.18176802170959244,0.33803076170469626,0.0069,0.0025,0.0053,0.0118
29,1763355087.9840446,-0.009289150392889014,0.06726699147373655,0.3703123703880974,-0.04335334427070156,-0.015629215594575974,0.0043730840944962955,0.17093939405043906,-0.00807639731723745,-0.337,-0.091,0.385,0.989,-0.014,0.033,-0.144,-0.327,0.101,0.157,0.0,0.0,0.065,-0.402,0.026,0.416,0.986,-0.001,-0.003,-0.167,-0.28,0.128,0.066,0.2,-0.0,0.1,-0.39045386853543096,-0.07142835751509732,0.4107425168919534,0.9909586041377137,-0.0007970177005131022,0.030336679430752557,-0.1306908395004597,-0.2070272921051377,0.09461319141927627,0.10483634686175225,0.0,0.0,0.07949762956215138,-0.30576481983483483,-0.06971726966325778,0.39483055135141,0.9902085861467066,-0.002865520931089059,0.032040576794594405,-0.1358386769289352,-0.20676901065998143,0.0521284971059183,0.03443602042949705,0.0,0.0,0.08823769373521047,0.0,0.0,0.24369747899159663,1.0,0.0,0.0,0.0,25.712497851003523,0.09795886409383572,0.08,100.0,100.0,0.5,55.0,0.08,-0.1819979240309291,0.3562692558797419,0.0032,0.0031,0.0059,0.0137
30,1763355088.0395393,-0.018699116534842533,0.05724470048989128,0.3865883620861388,-0.042117225185795804,-0.05053326210710097,-0.024886333116575152,0.22024709738574352,-0.010076908676984315,-0.365,-0.088,0.394,0.989,-0.013,0.034,-0.141,-0.255,-0.009,-0.023,0.0,0.0,0.082,-0.42,0.035,0.423,0.986,-0.001,0.005,-0.165,-0.272,0.126,0.113,-0.3,0.1,0.0,-0.40369037538537667,-0.09043860712270374,0.38862571177415284,0.9912724732439119,-0.0031239733174335633,0.03201641082708639,-0.12784394399955515,-0.13404949622504259,-0.018757669955290886,-0.04624337036367909,0.0,0.0,0.0781079857930885,-0.325525550944361,-0.07068690843546312,0.39391795636578814,0.9897166999366014,-0.0031944190512990076,0.03276934481717014,-0.13920064509111088,-0.18116564233284732,0.03912218774359438,0.039581983776796614,0.0,0.0,0.08470861480919292,0.0,0.0,0.25210084033613445,1.0,0.0,0.0,0.0,25.697515043638308,0.09794173134877675,0.08,100.0,100.0,0.5,55.0,0.08,-0.1894963837058122,0.3645859101388579,0.0018,0.0018,0.0049,0.006
31,1763355088.122255,-0.010720293782234365,0.0714509696704595,0.3881298864276835,-0.041254684345872865,0.03288194506247488,0.09249810858655035,0.15267825749002614,-0.011481255245058707,-0.378,-0.083,0.393,0.989,-0.012,0.033,-0.14,-0.405,0.157,-0.012,0.0,0.0,0.048,-0.437,0.043,0.429,0.987,0.003,0.003,-0.162,-0.245,0.117,0.083,0.1,-0.0,0.1,-0.4470063886571564,-0.05312336380921082,0.38485422584415013,0.9906204043673226,-0.0034122409186225647,0.03274737981480619,-0.13261666629161104,-0.28645067051899653,0.14206614227456846,-0.03309027687428151,0.0,0.0,0.07305243707405458,-0.3506813193061543,-0.06394317708341922,0.39432973300448365,0.9903949206148586,0.0010267326217597305,0.03207447738387637,-0.13449191403561314,-0.18222380931930632,0.05206319425326868,0.0054172463187315036,0.0,0.0,0.08154497348829562,0.0,0.0,0.26050420168067223,1.0,0.0,0.0,0.0,25.691048975717383,0.09793152527849443,0.08,100.0,100.0,0.5,55.0,0.08,-0.18724548852472656,0.39617847260697503,0.0027,0.0037,0.0057,0.0177
32,1763355088.1828117,-0.005355737645033492,0.06742373133503175,0.3697788933895426,-0.04031004402683492,0.022802670517666476,0.006657921949283545,0.05379374221967723,-0.01074730503451261,-0.396,-0.073,0.4,0.99,-0.011,0.034,-0.139,-0.269,0.151,0.111,0.0,0.0,0.041,-0.453,0.05,0.436,0.987,0.004,-0.001,-0.16,-0.23,0.111,0.112,0.0,-0.2,0.1,-0.4381157477313457,-0.044389159135004956,0.4223452847177764,0.9912144625630024,0.0008266693033036895,0.03208025712472327,-0.1283123646676854,-0.15277125950814852,0.137543109872723,0.13554297090813267,0.0,0.0,0.07083055709919837,-0.3694757373301839,-0.056980531188405674,0.39986617206106045,0.9910259916545775,0.0010114089381926014,0.030536928990662893,-0.13013053786425488,-0.16374178924181318,0.060500239869832106,0.01139364345471544,0.0,0.0,0.07833995006504371,0.0,0.0,0.2689075630252101,1.0,0.0,0.0,0.0,25.711205976960702,0.09795710461472944,0.08,100.0,100.0,0.5,55.0,0.08,-0.18214412595297091,0.41349801099552724,0.0019,0.0033,0.0086,0.011
33,1763355088.246681,-0.014535115587070453,0.05772701978516099,0.39425219038192655,-0.03939323927132205,-0.047905291327072365,-0.02319965849871692,0.2610335699829982,-0.01053224273249871,-0.407,-0.072,0.394,0.99,-0.01,0.031,-0.136,-0.217,0.014,-0.111,0.0,0.0,0.102,-0.468,0.057,0.447,0.987,-0.0,0.004,-0.16,-0.231,0.111,0.166,-0.2,0.3,0.0,-0.4389178586457855,-0.07028044342079999,0.37634938472993035,0.9920794183348166,0.0007560429536704597,0.03054431828136371,-0.12183965174043715,-0.10280355731616089,0.0021157444039997396,-0.08846051174170746,0.0,0.0,0.07441967310358003,-0.38512628145030375,-0.0565561491948898,0.39418719207236463,0.9907518787967966,-0.0017181370097362144,0.028649110769695688,-0.1326159534819967,-0.14148046492448751,0.047737250640753355,0.009725759742223332,0.0,0.0,0.07609837574007862,0.0,0.0,0.2773109243697479,1.0,0.0,0.0,0.0,25.68465658311907,0.09792050460388585,0.08,100.0,100.0,0.5,55.0,0.08,-0.1870771753338677,0.4217949273201469,0.0019,0.0016,0.0064,0.0117
34,1763355088.3070438,-0.011976499953094036,0.0573770905053256,0.36641008796185887,-0.03905259606353578,0.007342409824730663,0.019897986020258447,0.008634059292884202,-0.01306924868781448,-0.421,-0.067,0.404,0.99,-0.01,0.032,-0.135,-0.212,0.082,0.15,0.0,0.0,0.048,-0.482,0.064,0.458,0.987,0.004,0.012,-0.158,-0.206,0.108,0.203,-0.1,0.5,-0.1,-0.4517322814922731,-0.05208202395219809,0.4356899100133951,0.9915656442115554,-0.0018981270027390103,0.028637748803982337,-0.12638769590685928,-0.09646579897532047,0.06642057344174344,0.18102695158025608,0.0,0.0,0.06841873248188876,-0.4000523923752347,-0.05282770462419389,0.4014711378893503,0.9909727521809439,0.00039961188627811597,0.031216046147003906,-0.1303779245432841,-0.1201543460491837,0.04819569332188024,0.04577133952084518,0.0,0.0,0.07408355302014057,0.0,0.0,0.2857142857142857,1.0,0.0,0.0,0.0,25.705609585483867,0.09794832709476534,0.08,100.0,100.0,0.5,55.0,0.08,-0.18712227157431258,0.4354349024557914,0.0016,0.0017,0.0056,0.0069
35,1763355088.3960056,-0.017751877486632817,0.0680522183762789,0.32924518872119984,-0.03867124030778162,-0.03336807515010417,0.0748920482942636,-0.04842071321759843,-0.012737944745055126,-0.45,-0.061,0.427,0.991,-0.009,0.035,-0.132,-0.303,0.034,0.512,0.0,0.0,0.055,-0.494,0.07,0.471,0.988,0.006,0.003,-0.153,-0.182,0.088,0.186,0.4,0.1,0.2,-0.4993283832251129,-0.05594461606808999,0.5278050014283621,0.9917928301224216,0.00019832201267158374,0.031217973910726855,-0.12398540595991907,-0.1944727177513301,0.019241733590129907,0.492759319493256,0.0,0.0,0.06818640040033633,-0.41949875446906804,-0.050983269820209516,0.42736512302432134,0.9911718355956229,0.002417525526804404,0.029977476615324395,-0.12912745172157716,-0.11685583598261173,0.03947532447706868,0.09860621430583383,0.0,0.0,0.07228869411524985,0.0,0.0,0.29411764705882354,1.0,0.0,0.0,0.0,25.78873192233641,0.09804914447611103,0.08,100.0,100.0,0.5,55.0,0.08,-0.19520572020535337,0.4614327864716592,0.0068,0.0015,0.0113,0.0183
36,1763355088.441049,-0.026304578099413917,0.060541712595381623,0.37892060991555876,-0.03827788001931966,-0.049420457121392806,-0.012032947013381784,0.37184405174224444,-0.012534913673108342,-0.461,-0.064,0.431,0.991,-0.009,0.033,-0.129,-0.211,-0.06,0.082,0.0,0.0,0.11,-0.506,0.076,0.487,0.988,-0.005,-0.003,-0.154,-0.171,0.082,0.248,-0.2,-0.3,0.0,-0.49256314127852446,-0.07737601758903748,0.44785919255368883,0.9922214044983483,0.0021656623421948047,0.029996723829689657,-0.12079814121678412,-0.11015253992419569,-0.07055703455976657,0.0021085005646568067,0.0,0.0,0.07212804069845018,-0.43434333966748057,-0.05401153857586179,0.4322569362869778,0.9908401938562369,0.00014101892522018565,0.027975782961245352,-0.13210997661154456,-0.10065999192146755,0.017239980589316695,0.12708457994710315,0.0,0.0,0.07086662057774336,0.0,0.0,0.3025210084033613,1.0,0.0,0.0,0.0,25.778378869001656,0.0980430777022724,0.08,100.0,100.0,0.5,55.0,0.08,-0.20561242269154537,0.47326645997031774,0.002,0.0016,0.0036,0.0064
37,1763355088.513221,-0.041100830918718675,0.06680534792703377,0.3658339486782101,-0.0381790313254767,-0.08384548088380399,0.05402131888152886,0.07666192253159158,-0.013859961538030104,-0.477,-0.053,0.446,0.991,-0.009,0.033,-0.128,-0.302,-0.168,0.253,0.0,0.0,0.135,-0.517,0.081,0.496,0.989,0.001,0.002,-0.15,-0.163,0.077,0.115,0.2,0.2,0.1,-0.5275452694617028,-0.08754113655287905,0.48326138145598296,0.9920233199054022,-0.00011855943305032853,0.027975887158279915,-0.1229108150051579,-0.20054411798238944,-0.17352107151881077,0.15030498352634314,0.0,0.0,0.07361323933658816,-0.4528595155439445,-0.061157300308549475,0.44707959787647367,0.9901955219062729,0.0007324670264789977,0.027258167879431697,-0.13700103712262784,-0.10393882929943385,-0.015812403795078114,0.12336431490144259,0.0,0.0,0.07013370818790512,0.0,0.0,0.31092436974789917,1.0,0.0,0.0,0.0,25.802536550093233,0.09803084006392432,0.08,100.0,100.0,0.5,55.0,0.08,-0.22607644640833624,0.49451379868496015,0.0026,0.002,0.0065,0.0108
38,1763355088.6033454,-0.03149847753038927,0.07356785523559943,0.3675317503600569,-0.03831548170206487,0.032598955347127534,0.058864542015465954,0.14567673916356272,-0.014999388629994627,-0.496,-0.053,0.46,0.991,-0.01,0.036,-0.126,-0.305,0.001,0.223,0.0,0.0,0.058,-0.528,0.086,0.504,0.989,-0.004,0.001,-0.15,-0.153,0.072,0.117,-0.2,-0.1,0.0,-0.5467698371548605,-0.05335886752497349,0.48990556775591365,0.9910545398276381,0.0005574800318439974,0.02726230804796718,-0.13064208687456155,-0.19865178746063888,0.0026905593885338296,0.12539545457262533,0.0,0.0,0.0668705109309368,-0.47155536043282614,-0.06067954054833693,0.46139671006958805,0.9906003592404679,-0.0009482739462642916,0.029019071263195022,-0.13367094879666466,-0.1082644875376528,-0.016074852965696867,0.059181938952633434,0.0,0.0,0.06907838426669943,0.0,0.0,0.31932773109243695,1.0,0.0,0.0,0.0,25.83190010977771,0.09800352500462128,0.08,100.0,100.0,0.5,55.0,0.08,-0.2314898940682385,0.5195669000368697,0.0027,0.0028,0.0166,0.0211
39,1763355088.6411262,-0.02262437979047514,0.05416822405179671,0.3807748275108687,-0.03826899162923133,0.03255855962567463,-0.06941021020566383,0.20403979213908008,-0.014135855274106615,-0.499,-0.054,0.461,0.992,-0.011,0.036,-0.123,-0.077,-0.012,0.019,0.0,0.0,0.094,-0.537,0.09,0.512,0.989,-0.007,0.0,-0.148,-0.161,0.073,0.164,-0.4,-0.4,-0.1,-0.5031241601536425,-0.05573094088943908,0.46497915724402594,0.9916026352149573,-0.0011722397193380104,0.02901088717181812,-0.1260206654255432,0.03779524583866783,0.0011647564540296844,0.0027405170181205186,0.0,0.0,0.06996694383420597,-0.47938780909415496,-0.06101044551960079,0.4627394824723316,0.9909543008666806,-0.004500795377311004,0.02778870329016245,-0.13121396421208856,-0.07353337069435938,-0.01594373042054767,0.06872561586649373,0.0,0.0,0.06839714379182389,0.0,0.0,0.3277310924369748,1.0,0.0,0.0,0.0,25.82215880068835,0.09801130190942703,0.08,100.0,100.0,0.5,55.0,0.08,-0.2311278406233657,0.5203563761298566,0.002,0.0017,0.0055,0.0073
40,1763355088.724929,-0.031708217286953166,0.05190963378247565,0.3861179851652238,-0.037972849015637834,-0.053903329903818326,0.009020132672818551,0.16950634858835106,-0.01287015879299424,-0.516,-0.057,0.474,0.992,-0.015,0.038,-0.12,-0.151,-0.138,-0.015,0.0,0.0,0.13,-0.545,0.096,0.518,0.99,-0.005,0.003,-0.144,-0.119,0.083,0.1,-0.1,0.0,0.2,-0.5346582285495969,-0.08275572139823684,0.46627759547936004,0.9921000701933554,-0.004751841114811456,0.02774687722243167,-0.1222496688452046,-0.03456450042916228,-0.11854506151295989,-0.037418105380714176,0.0,0.0,0.07297243902754633,-0.49051090665016267,-0.06732271864109599,0.46428834140556596,0.9905337077016892,-0.009720863223064844,0.030795594762199553,-0.1334170531385901,-0.0552971740633606,-0.030921623199854538,0.038407016043998314,0.0,0.0,0.06822405738807848,0.0,0.0,0.3361344537815126,1.0,0.0,0.0,0.0,25.811797037043828,0.09801838841857584,0.08,100.0,100.0,0.5,55.0,0.08,-0.24272353129445168,0.5292676139514884,0.0038,0.0055,0.0127,0.0117
41,1763355088.7806098,-0.018563105230994113,0.055914074549575705,0.3676242318904572,-0.03795368170616696,0.053834978797187835,0.03948831650392863,0.0523254780631258,-0.014143981833509824,-0.523,-0.055,0.48,0.992,-0.015,0.04,-0.118,-0.155,0.041,0.125,0.0,0.0,0.058,-0.552,0.101,0.525,0.99,-0.001,0.008,-0.142,-0.098,0.083,0.107,0.3,0.2,0.1,-0.54198405509443,-0.04497089752183515,0.5038261532600234,0.9913674962443764,-0.009917805702396905,0.030732734479844957,-0.12707329991621918,-0.04003216896820808,0.05962885575858997,0.1390835449411424,0.0,0.0,0.06660285833345352,-0.5011503852478216,-0.06506983910994513,0.4718143227039787,0.9912279215219244,-0.00844532162670654,0.031856749725264054,-0.12798840429855013,-0.036385535580609626,-0.0136380273182656,0.03856975180003461,0.0,0.0,0.06799422744781901,0.0,0.0,0.3445378151260504,1.0,0.0,0.0,0.0,25.826768729507194,0.09800355465274754,0.08,100.0,100.0,0.5,55.0,0.08,-0.2428932066128795,0.5451684233923408,0.0016,0.0043,0.0076,0.0086
42,1763355088.841686,-0.004600210513915437,0.05655723502172179,0.3677850075887019,-0.03743756321949658,0.06285330912377057,0.02418358031682133,0.13866296545014486,-0.011652038206460711,-0.531,-0.047,0.488,0.992,-0.014,0.039,-0.117,-0.11,0.124,0.114,0.0,0.0,0.034,-0.559,0.106,0.537,0.99,-0.01,0.0,-0.143,-0.09,0.084,0.154,-0.1,0.1,0.1,-0.5420328483247555,-0.020453781534229217,0.5136457648221695,0.9919174354061159,-0.008620554012518801,0.03180977851155011,-0.12253009988128397,-0.006367689919139746,0.14178136839233804,0.12449729058623359,0.0,0.0,0.06445887657356272,-0.5091982028796883,-0.05834149837999157,0.4784920046698067,0.9923178971803468,-0.006789212637077651,0.025339192463219754,-0.12090088028072916,-0.016005178370516914,0.01288521335156824,0.06001211546857602,0.0,0.0,0.06769697656063207,0.0,0.0,0.3529411764705882,1.0,0.0,0.0,0.0,25.835774657757714,0.0979940600842947,0.08,100.0,100.0,0.5,55.0,0.08,-0.23759765506211405,0.559359095657231,0.0017,0.0014,0.0061,0.0058
43,1763355088.9035633,-0.005644042554049197,0.05828958870211159,0.3550767355366611,-0.03657023344002326,-0.006944239143387078,0.029870731535094647,0.07437801758555906,-0.009702437309944578,-0.541,-0.044,0.502,0.993,-0.015,0.04,-0.114,-0.111,0.057,0.251,0.0,0.0,0.058,-0.564,0.113,0.547,0.99,-0.009,-0.0,-0.14,-0.076,0.097,0.153,0.1,0.1,0.1,-0.5535432632015237,-0.030741154371007662,0.5524831965817366,0.9930664528721753,-0.006950165420871838,0.025295519040772128,-0.11458993017257714,-0.017258465817924132,0.07069788539223495,0.23412300177604647,0.0,0.0,0.06581619903532365,-0.5170435677078471,-0.05454433848330145,0.4921112794410305,0.9928297718887364,-0.009318565262553258,0.023536789810981847,-0.11682563039932918,-0.003145560044112039,0.02615389509000662,0.10461631813907933,0.0,0.0,0.06733603762302035,0.0,0.0,0.36134453781512604,1.0,0.0,0.0,0.0,25.86196914687281,0.09796915774541468,0.08,100.0,100.0,0.5,55.0,0.08,-0.23934436810834153,0.5739132634705411,0.0012,0.0012,0.0041,0.0051
44,1763355088.9954798,0.004870816528270837,0.04725185783542525,0.3903668424028458,-0.03536809514120109,0.05045777945383172,-0.03333005857013985,0.3096043101571713,-0.007703146045897857,-0.538,-0.034,0.493,0.993,-0.014,0.035,-0.112,0.022,0.145,-0.02,0.0,0.0,0.052,-0.568,0.119,0.558,0.991,-0.005,0.0,-0.137,-0.055,0.098,0.153,0.1,-0.0,0.1,-0.5245984542790936,-0.003995192444881941,0.48338316770008505,0.9935235923759584,-0.009461893370838904,0.023479538049068983,-0.1107702814802402,0.11024055366479646,0.14800579277521664,-0.08776584043770969,0.0,0.0,0.0641311637481923,-0.5180711331401305,-0.04611347906559241,0.49330275271056334,0.9934137554403163,-0.006014404255786024,0.023484337943169703,-0.1119884963502342,0.02475889688558358,0.04971422203996112,0.07058741289616666,0.0,0.0,0.06717757312934042,0.0,0.0,0.36974789915966383,1.0,0.0,0.0,0.0,25.84514377182967,0.09798986222456643,0.08,100.0,100.0,0.5,55.0,0.08,-0.2310723496320915,0.5765042839270098,0.0029,0.0044,0.0153,0.0141
45,1763355089.0468082,0.019356021768882202,0.05631789804014285,0.3636451026431329,-0.034394787512028964,0.0742525824011584,0.06304964771187246,0.012778867102502381,-0.008396497532089755,-0.541,-0.02,0.503,0.993,-0.013,0.036,-0.112,-0.08,0.281,0.201,0.0,0.0,-0.004,-0.572,0.125,0.566,0.991,-0.003,-0.002,-0.136,-0.047,0.098,0.124,0.0,-0.2,0.1,-0.5482403944064724,0.03582451350940881,0.5376727206959032,0.9938486206879067,-0.006107177043975983,0.023460383111418917,-0.10806124175468491,0.006379467289888842,0.271505176005607,0.18175122705214927,0.0,0.0,0.05766510105655843,-0.5231030349514587,-0.030637814736221656,0.5043134145910341,0.9942928588706724,-0.001187054333650632,0.02214713012887525,-0.10435423483428201,0.03325253987525928,0.08599076924753325,0.0777633116668815,0.0,0.0,0.06623937802530092,0.0,0.0,0.37815126050420167,1.0,0.0,0.0,0.0,25.865643125295186,0.09795672094679257,0.08,100.0,100.0,0.5,55.0,0.08,-0.21866981005396655,0.5946586640880269,0.0018,0.003,0.0098,0.0075
46,1763355089.1212714,0.011497008824582895,0.0661686021385709,0.36142884394980257,-0.03325069787646302,-0.032036556558165716,0.0703727322571938,0.12528562002452354,-0.007177597139181148,-0.552,-0.009,0.517,0.993,-0.011,0.038,-0.111,-0.157,0.159,0.216,0.0,0.0,0.026,-0.575,0.131,0.573,0.991,0.004,-0.002,-0.135,-0.05,0.095,0.154,-0.1,-0.1,-0.0,-0.5751780843953958,0.021470819259620126,0.5559620599919917,0.9947957356716262,-0.0012963351513736727,0.02214100237368863,-0.09944616542940087,-0.07743217378333093,0.13877018987905626,0.18368281569932235,0.0,0.0,0.058522056941886995,-0.5317604826603913,-0.020402235117347713,0.5166761179210397,0.994621373921383,0.00013936048588833542,0.022519779482933582,-0.10109976582285406,0.027764028705910083,0.09512695994370891,0.06454335788090691,0.0,0.0,0.06503982378792435,0.0,0.0,0.38655462184873945,1.0,0.0,0.0,0.0,25.890562153129732,0.09791512759518324,0.08,100.0,100.0,0.5,55.0,0.08,-0.2183044693896947,0.6180701662857663,0.002,0.0029,0.0062,0.0166
47,1763355089.175033,0.00253209461002853,0.06558147996948392,0.36911577865176326,-0.03182722957086519,-0.040513192763553224,0.021877614956529182,0.17397048999097955,-0.005351670175684445,-0.559,0.004,0.53,0.993,-0.008,0.037,-0.109,-0.118,0.09,0.118,0.0,0.0,0.089,-0.578,0.137,0.585,0.991,0.001,-0.005,-0.134,-0.034,0.084,0.161,0.0,-0.1,-0.0,-0.5747018881114228,0.01946597116934776,0.5558162060567471,0.9953158549060834,-2.095078191244673e-05,0.022520200939816697,-0.09401696167855715,-0.03961539355601692,0.05777339530620416,0.10262546249303982,0.0,0.0,0.06198263720535363,-0.538704494605732,-0.012871911313322649,0.5233273429749814,0.9947991363884867,0.003854609373435316,0.019050601536721862,-0.09998447283647743,0.028931448841594237,0.08967550393909565,0.10355290052116922,0.0,0.0,0.06356241893608905,0.0,0.0,0.3949579831932773,1.0,0.0,0.0,0.0,25.89209912985739,0.09790756391649122,0.08,100.0,100.0,0.5,55.0,0.08,-0.22112758812157782,0.635475540317432,0.0018,0.0016,0.0056,0.0082
48,1763355089.2555866,0.0231172338261142,0.057919273350971315,0.3878363496208715,-0.0306968625358058,0.10387523155918904,-0.01371797810400658,0.2320212718399527,-0.006283375913777544,-0.559,0.018,0.53,0.993,-0.006,0.036,-0.11,-0.001,0.337,0.0,0.0,0.0,-0.056,-0.58,0.143,0.591,0.991,0.012,0.003,-0.13,-0.023,0.077,0.095,0.3,0.2,0.1,-0.5516332679923218,0.08152604155878551,0.5228763096953603,0.994965733568865,0.00382259366480185,0.0190570514510126,-0.09831279464768512,0.07973954930167927,0.29640193335679815,-0.05679465739569341,0.0,0.0,0.047681688514374564,-0.5400093126496409,0.006022214109955246,0.525963252626168,0.9951207766765493,0.009230123812506543,0.02019234013665477,-0.09613383400693402,0.04337902315372306,0.11665380266007222,0.06587532262928936,0.0,0.0,0.061310980041606934,0.0,0.0,0.40336134453781514,1.0,0.0,0.0,0.0,25.879956546227618,0.09792812195239514,0.08,100.0,100.0,0.5,55.0,0.08,-0.20038718629107913,0.6457161671124919,0.0028,0.007,0.0098,0.0112
49,1763355089.3112059,0.0046502519122502,0.06025569843890356,0.37649288701032696,-0.029865321828414587,-0.08366594688452716,0.03340185294627547,0.08872131805510429,-0.0073536199139711215,-0.566,0.023,0.534,0.993,-0.005,0.038,-0.108,-0.099,0.068,0.071,0.0,0.0,0.055,-0.581,0.147,0.601,0.992,0.003,-0.003,-0.13,-0.014,0.066,0.138,-0.1,-0.1,0.1,-0.5772992705696273,0.032413131802712464,0.5438916218115242,0.9956441233795669,0.009116767659396128,0.020243772702565804,-0.09055304408988941,-0.010917199744414113,0.02464044464462225,0.06568839590586556,0.0,0.0,0.055039011168057386,-0.545782613169876,0.01242954148645724,0.53108559871641,0.9950103325396349,0.009508806531934939,0.02384857119644055,-0.09641196185946936,0.04415303940044048,0.0974661389752611,0.04572042251799874,0.0,0.0,0.05968342004049397,0.0,0.0,0.4117647058823529,1.0,0.0,0.0,0.0,25.883455498585192,0.09791732652398014,0.08,100.0,100.0,0.5,55.0,0.08,-0.2046392645724953,0.6620491761094828,0.002,0.0018,0.0077,0.0079
50,1763355089.3807015,0.013978559422381562,0.04240939924482663,0.38129002815281454,-0.0290638956552247,0.04838538201775062,-0.06663560905579585,0.16517053834131012,-0.007192364819706036,-0.566,0.035,0.537,0.994,-0.004,0.038,-0.107,0.116,0.206,-0.001,0.0,0.0,0.021,-0.582,0.151,0.609,0.992,0.015,0.002,-0.127,-0.003,0.052,0.106,0.5,0.2,0.1,-0.5337312738984075,0.07180205160710033,0.5379345724515426,0.995408795574034,0.00940796059078084,0.02388853338519921,-0.09220714692515626,0.20526668741458703,0.16039771007445947,0.018648177671885945,0.0,0.0,0.050664544283034636,-0.5418245688340723,0.024968024259179857,0.5322821151756673,0.9951737548194678,0.006820693958478698,0.02514068023983553,-0.0946077272188952,0.07880965662674819,0.10229340698027065,0.03210232240242057,0.0,0.0,0.05736109610293295,0.0,0.0,0.42016806722689076,1.0,0.0,0.0,0.0,25.87807056917868,0.09792600544862046,0.08,100.0,100.0,0.5,55.0,0.08,-0.19243973039069498,0.6611605228845936,0.0037,0.0018,0.006,0.0101
51,1763355089.4634736,0.010715497903261423,0.05229766824902303,0.36569165200172393,-0.028655794291755694,-0.011073347812207604,0.06534486973779194,0.06499187980185198,-0.008858454053364238,-0.568,0.041,0.542,0.994,-0.002,0.038,-0.107,-0.061,0.152,0.134,0.0,0.0,0.008,-0.582,0.153,0.622,0.992,0.004,-0.002,-0.126,0.008,0.04,0.218,-0.5,-0.3,0.1,-0.5713406042670202,0.06665466736782842,0.5731869222087181,0.9955119721244344,0.006729015539937184,0.025165373409909268,-0.09097987518084714,0.023282012442509836,0.10594280588077318,0.17098975949859266,0.0,0.0,0.04823769055770033,-0.5453043052587356,0.034803270876774865,0.5389794502111855,0.9951938219628423,0.012468961552410349,0.022486932854393925,-0.09448872724085684,0.08309664455139806,0.09556097723843453,0.06995984734762477,0.0,0.0,0.055214341921856126,0.0,0.0,0.42857142857142855,1.0,0.0,0.0,0.0,25.88802906305468,0.09790808692852525,0.08,100.0,100.0,0.5,55.0,0.08,-0.18805341813355325,0.6796151223165492,0.0029,0.0053,0.0152,0.0148
52,1763355089.5198433,0.0019634446177581484,0.04641311198021886,0.3962583499741832,-0.028216599998252954,-0.03974195471379334,-0.009811155750637252,0.2899678593629428,-0.008549951391894656,-0.567,0.044,0.537,0.994,-0.002,0.036,-0.105,0.031,0.066,-0.107,0.0,0.0,0.055,-0.582,0.155,0.634,0.992,0.008,0.002,-0.126,0.006,0.018,0.183,0.1,0.2,-0.0,-0.5528431926711119,0.052685192388773026,0.5162513477012638,0.9956794890173206,0.012349895263536427,0.022552543944601662,-0.08922565773819696,0.10569839484747186,0.022779401581144165,-0.11158291398927221,0.0,0.0,0.05134131038230301,-0.544419036849735,0.04014649453328164,0.5352350788441375,0.9951931553309469,0.008472014335564122,0.023326087494870598,-0.09473490485408921,0.09785793077944786,0.07759032969357567,0.0441887686668134,0.0,0.0,0.05373167348124926,0.0,0.0,0.4369747899159664,1.0,0.0,0.0,0.0,25.86192384444408,0.09794425875509513,0.08,100.0,100.0,0.5,55.0,0.08,-0.18850249486615894,0.687066742847783,0.0019,0.0017,0.0166,0.0062
53,1763355089.590581,-0.0017402388760342034,0.04248088936526766,0.3676900901450945,-0.027999014194523338,-0.017782125737302455,-0.0022561960821739294,0.005755582094875325,-0.009493295980696783,-0.562,0.047,0.546,0.994,-0.002,0.035,-0.104,0.061,0.047,0.136,0.0,0.0,0.036,-0.581,0.155,0.647,0.992,0.014,-0.0,-0.124,0.028,0.018,0.163,0.5,0.4,0.3,-0.5426294623988971,0.0521927177832757,0.5741193652375371,0.9956118208176462,0.008366330782720352,0.0233642011195433,-0.09022871418484829,0.13128818441711207,0.006625107330375783,0.17057293642996796,0.0,0.0,0.04900757626408724,-0.5415397244911538,0.04421664825767573,0.5425661126798282,0.9952971690239276,0.0099656582877423,0.01754342109169969,-0.09474417852431002,0.11237330650622711,0.06065640845460722,0.06749734499523406,0.0,0.0,0.05220993524598526,0.0,0.0,0.4453781512605042,1.0,0.0,0.0,0.0,25.873511695927185,0.09792799099803146,0.08,100.0,100.0,0.5,55.0,0.08,-0.18919241349166657,0.6937512243889699,0.0038,0.0023,0.0089,0.015
54,1763355089.6473737,0.0022498644264316,0.04549381932595759,0.36823225131806275,-0.027748317681571023,0.01929792693381619,0.03099498331542503,0.14059458966925156,-0.009246147758184702,-0.56,0.053,0.556,0.994,-0.001,0.034,-0.103,0.033,0.102,0.147,0.0,0.0,0.033,-0.579,0.155,0.663,0.992,0.007,-0.004,-0.123,0.017,-0.011,0.268,-0.5,-0.5,-0.1,-0.5467433492938508,0.0694925523991477,0.585461976913205,0.9957023492090826,0.009888771579022083,0.017586874803860557,-0.09038664619735297,0.09831188070654642,0.06775528584615542,0.14996881140865842,0.0,0.0,0.04831999514648679,-0.5396768508166646,0.05053436763212661,0.5514743762452086,0.9953433301537333,0.00930435645247099,0.018843708008644832,-0.09407443190350048,0.11789054919350199,0.05457977809036642,0.06139477337955052,0.0,0.0,0.051199345468415085,0.0,0.0,0.453781512605042,1.0,0.0,0.0,0.0,25.887425908135942,0.09790681125231611,0.08,100.0,100.0,0.5,55.0,0.08,-0.18492354828794796,0.7050956015042471,0.0031,0.0022,0.0069,0.0107
55,1763355089.7086558,-0.026777127512197466,0.05089343549824988,0.36272928749296424,-0.027593570905793008,-0.14429126053323346,0.04405826310869554,0.1105722751187809,-0.009631885251699073,-0.562,0.053,0.577,0.994,-0.002,0.035,-0.1,-0.059,-0.222,0.173,0.0,0.0,0.134,-0.577,0.154,0.68,0.993,0.003,-0.006,-0.121,0.034,-0.016,0.247,-0.0,-0.0,0.1,-0.567161533341338,0.005475298660202608,0.6163023221975809,0.9960678115158687,0.009152487745183874,0.01891793721799401,-0.08606543139657415,0.004281066564929854,-0.24875908379810335,0.18499112433199996,0.0,0.0,0.05636155073668348,-0.5420402137410186,0.042012087790874786,0.5613129161303597,0.9951460703040419,0.007086622838716099,0.01744274041821961,-0.09659104172679432,0.11083236433287949,0.0033577877275210305,0.11685106979217053,0.0,0.0,0.05079431893222371,0.0,0.0,0.4621848739495798,1.0,0.0,0.0,0.0,25.897481535369838,0.09789067535929034,0.08,100.0,100.0,0.5,55.0,0.08,-0.20708850944796922,0.720549494620211,0.0019,0.0021,0.0062,0.0073
56,1763355089.778355,-0.016405042406012475,0.05691002042706855,0.3533165824312036,-0.027454678247320667,0.041819002713850875,0.04916796295593707,0.08895995750105856,-0.009653125797310674,-0.565,0.053,0.593,0.994,-0.002,0.036,-0.099,-0.054,0.008,0.318,0.0,0.0,0.044,-0.576,0.152,0.695,0.992,0.005,-0.005,-0.123,0.031,-0.028,0.228,-0.0,-0.0,0.0,-0.5698447068756377,0.05224375017562258,0.6508723856408107,0.9955910784189158,0.007004179248892842,0.017476008972445157,-0.09189088723102323,0.006704179845138469,-0.009643724613260895,0.2608553033318615,0.0,0.0,0.04854011278315308,-0.5442597717900345,0.043293231188260534,0.5800329575593012,0.9952547033287024,0.004572818787511169,0.01547888357979475,-0.09595607846070284,0.10250551752477119,-0.003271514395018026,0.12888607115125858,0.0,0.0,0.05002598670900686,0.0,0.0,0.47058823529411764,1.0,0.0,0.0,0.0,25.928660129754977,0.09781929651854404,0.08,100.0,100.0,0.5,55.0,0.08,-0.20769169097758888,0.7390728210590954,0.0017,0.0028,0.0059,0.0098
57,1763355089.848404,-0.02428401945724556,0.03517867236563135,0.3695557955122545,-0.027567679790113677,-0.045546776158420094,-0.08731548264703531,0.2136897838169557,-0.010860512056710283,-0.558,0.051,0.613,0.995,-0.003,0.037,-0.097,0.168,-0.169,0.161,0.0,0.0,0.109,-0.573,0.15,0.709,0.993,0.002,-0.002,-0.118,0.036,-0.037,0.206,-0.1,0.1,0.1,-0.518303470847497,0.015817162609264003,0.6396936684366041,0.9959093419792742,0.004463076311557963,0.015510881934224917,-0.08890487078821356,0.2326694156602376,-0.1748978826066075,0.08905838915972715,0.0,0.0,0.05373989489213612,-0.5363713328037542,0.036477539619036214,0.5919253573837129,0.9952180788716429,0.0052823743588788965,0.016113728345865577,-0.09619469718734326,0.12690554523660041,-0.0335901109892903,0.12529048423526593,0.0,0.0,0.04974512895306995,0.0,0.0,0.4789915966386554,1.0,0.0,0.0,0.0,25.936278182134362,0.09780298327180803,0.08,100.0,100.0,0.5,55.0,0.08,-0.2182571618341236,0.7334121373890589,0.0019,0.0037,0.0069,0.0113
58,1763355089.9152997,-0.03793192093807013,0.04703652276663221,0.3390097188020227,-0.027282820288326348,-0.07734601470058994,0.0724812541421161,-0.014146960234063338,-0.00891358241235599,-0.559,0.043,0.627,0.995,-0.006,0.04,-0.096,-0.058,-0.245,0.447,0.0,0.0,0.11,-0.571,0.147,0.722,0.993,-0.002,0.001,-0.118,0.035,-0.04,0.18,-0.1,0.1,0.0,-0.5637773934539588,-0.005997600868808274,0.7078971075404579,0.9958767825558411,0.005167687656354089,0.016150873795496602,-0.08911721632857665,0.011064730314085136,-0.2391082628919583,0.37669250996585474,0.0,0.0,0.053894654891234094,-0.5385158497862473,0.025546169996245975,0.6166877303635386,0.995055046361935,-0.003365089232139824,0.01848342000972149,-0.09753201560949842,0.11726047870316912,-0.06583483868652457,0.15281103013279734,0.0,0.0,0.04949206882863588,0.0,0.0,0.48739495798319327,1.0,0.0,0.0,0.0,25.984723441502044,0.09763853080079768,0.08,100.0,100.0,0.5,55.0,0.08,-0.23563248939484405,0.7506566474955334,0.0069,0.0069,0.0053,0.0049
59,1763355089.980598,-0.022689869564406592,0.04667711148091283,0.3542495717647248,-0.02732585286380175,0.06198578651654139,0.01584163960889015,0.20332790936426953,-0.010446220485499369,-0.558,0.039,0.648,0.995,-0.008,0.044,-0.093,0.02,-0.061,0.313,0.0,0.0,0.059,-0.567,0.145,0.732,0.993,0.002,-0.005,-0.114,0.058,-0.044,0.115,0.6,-0.0,0.1,-0.5469942069870645,0.027799564986918466,0.7011970791324824,0.9955518099561489,-0.003461767510932609,0.018465557302618507,-0.09232352382919476,0.08664834446792646,-0.04522545963611011,0.2006701421448287,0.0,0.0,0.04931225189193173,-0.5372347398834388,0.022666963457779205,0.6359592270721197,0.9951387236891174,-0.0028231264388134196,0.020480562195485774,-0.09628861377993575,0.12271650876418307,-0.06306828862622353,0.14315944686321297,0.0,0.0,0.04901590265496369,0.0,0.0,0.49579831932773105,1.0,0.0,0.0,0.0,26.012120840636523,0.09752321230826835,0.08,100.0,100.0,0.5,55.0,0.08,-0.23658434710753584,0.762609820763919,0.0017,0.0019,0.011,0.0081
60,1763355090.0479848,-0.00638234046373003,0.02969567423262271,0.38000823134224465,-0.02743699686161412,0.07302894441673033,-0.0674032694361083,0.2616368872993708,-0.010802914812987494,-0.549,0.041,0.664,0.995,-0.01,0.044,-0.092,0.205,0.01,0.054,0.0,0.0,0.024,-0.564,0.142,0.743,0.993,-0.01,-0.006,-0.114,0.058,-0.034,0.147,-0.4,-0.2,0.1,-0.5015041642332404,0.04494330246789528,0.6665960062202363,0.9955108729926738,-0.00290390792027737,0.02046926450860506,-0.09236167106885697,0.2692475070834802,0.034230248978104595,-0.0431917346146016,0.0,0.0,0.04635631433767683,-0.5272126482055126,0.023257290675301603,0.6428566056453373,0.9954485391189146,-0.006550605792594853,0.014769549998865846,-0.09392100895220314,0.15263989535186834,-0.048058206834178135,0.12955992398970323,0.0,0.0,0.04879922734292435,0.0,0.0,0.5042016806722689,1.0,0.0,0.0,0.0,26.00085156651215,0.09757979928077647,0.08,100.0,100.0,0.5,55.0,0.08,-0.23045074459259068,0.7586556208359032,0.0028,0.0026,0.0069,0.0095
61,1763355090.1112194,-0.012250482989434434,0.04128718251116861,0.34326940874348094,-0.027266453104354327,-0.03173409030242079,0.06909341922996301,-0.04119102624047699,-0.00943615503680635,-0.549,0.036,0.682,0.995,-0.011,0.046,-0.091,0.011,-0.092,0.392,0.0,0.0,0.06,-0.56,0.14,0.747,0.994,-0.007,-0.002,-0.113,0.055,-0.03,0.053,0.1,0.2,0.0,-0.540650551604278,0.02044851731346743,0.7459739620142126,0.9959281060631258,-0.006628088925326093,0.014734940808057054,-0.088691360966537,0.07176681661796323,-0.06587236346916513,0.3090009692189149,0.0,0.0,0.04947044203107127,-0.5257750844286301,0.01915398070613987,0.6662070411802641,0.9954430609482021,-0.011506270439845473,0.017196681544688727,-0.09308594036958347,0.14768682311905457,-0.04609788423166998,0.10855176253161353,0.0,0.0,0.048520994844074086,0.0,0.0,0.5126050420168067,1.0,0.0,0.0,0.0,26.045762213536836,0.09735782793330247,0.08,100.0,100.0,0.5,55.0,0.08,-0.23613560951511794,0.77336774625156,0.0019,0.0016,0.0048,0.0104
62,1763355090.1891074,-0.00021525636742424255,0.03768029661820321,0.385448499870932,-0.02703150127691447,0.05558220198901304,-0.002551736023138778,0.33962148391606006,-0.009050160776933564,-0.537,0.033,0.676,0.995,-0.012,0.044,-0.088,0.104,0.043,-0.025,0.0,0.0,0.036,-0.556,0.138,0.751,0.994,-0.005,-0.004,-0.112,0.065,-0.029,0.062,0.1,0.0,0.1,-0.5100737331664652,0.044062823351173806,0.6662598594276554,0.995841100010313,-0.011581456639360258,0.017146135940640322,-0.08872645273347404,0.15964756602534896,0.061723300222104614,-0.09148782591808942,0.0,0.0,0.04731394572029712,-0.519657873075981,0.021138120926830373,0.6680104977737469,0.9956965867041133,-0.008595146309674185,0.016923266714835555,-0.09070850968565115,0.1593560434918176,-0.023947636302216604,0.06572594284360864,0.0,0.0,0.04839076149756132,0.0,0.0,0.5210084033613445,1.0,0.0,0.0,0.0,26.031288104942657,0.09742500088078321,0.08,100.0,100.0,0.5,55.0,0.08,-0.23157453005746176,0.78003088745923,0.002,0.0017,0.0082,0.0167
63,1763355090.2421322,0.02048688147855742,0.041497242821444666,0.36868319827023555,-0.026844838248636618,0.10342996809212424,0.033214842248033394,0.06071667944811716,-0.009203497837453653,-0.534,0.04,0.679,0.995,-0.011,0.042,-0.088,0.089,0.228,0.1,0.0,0.0,-0.028,-0.552,0.136,0.754,0.994,-0.002,-0.006,-0.112,0.058,-0.027,0.017,0.0,0.2,-0.0,-0.510992957198945,0.08690195660961113,0.696893223739385,0.9958782977372368,-0.008629411224134987,0.016905820249574995,-0.08869127690814657,0.13937425261474,0.23625583357722588,0.09206527196318019,0.0,0.0,0.041635741696062364,-0.5140867678378138,0.03204577124246489,0.6739794795196381,0.9961321938176064,-0.0038514505162700967,0.01081122001709526,-0.08711450103619428,0.16409305745290434,0.017876354926847603,0.08763783672487209,0.0,0.0,0.04815241011462796,0.0,0.0,0.5294117647058824,1.0,0.0,0.0,0.0,26.032669092428232,0.09741462704243843,0.08,100.0,100.0,0.5,55.0,0.08,-0.2154263585967383,0.7913596552078508,0.0019,0.0017,0.0061,0.0073
64,1763355090.3098094,0.014384162942439271,0.04738349401169569,0.3744456120552663,-0.026491947952638217,-0.022831012126131714,0.04499272200929684,0.16706826827649215,-0.008302362863246723,-0.531,0.045,0.687,0.995,-0.01,0.044,-0.087,0.031,0.1,0.074,0.0,0.0,0.012,-0.548,0.135,0.755,0.994,-0.003,-0.009,-0.108,0.061,-0.025,0.021,0.1,-0.1,0.1,-0.5202217093343314,0.06539179900173638,0.6944353298645877,0.9964283008298276,-0.003888918626360826,0.01079779890787295,-0.08365957898558583,0.07706460898307872,0.09585893148168645,0.03598917421883871,0.0,0.0,0.04465939353649676,-0.5111472169673441,0.037663691048385115,0.680574373844898,0.9962864762477803,-0.0038286712609644645,0.01281890822008185,-0.08505453611772923,0.1561833996187481,0.032490948540101136,0.03326546680139905,0.0,0.0,0.048013069154123726,0.0,0.0,0.5378151260504201,1.0,0.0,0.0,0.0,26.03851440120559,0.09738683078066489,0.08,100.0,100.0,0.5,55.0,0.08,-0.21191248407095667,0.8052585272022253,0.0017,0.0017,0.008,0.0071
65,1763355090.3938968,0.012324708150571819,0.03111594854717,0.39480650190876887,-0.025729754133304368,-0.004903212855922542,-0.06356891706824258,0.24222155378823795,-0.0061235113855701,-0.525,0.048,0.681,0.995,-0.009,0.042,-0.087,0.212,0.088,-0.169,0.0,0.0,0.035,-0.544,0.133,0.757,0.994,0.004,-0.008,-0.108,0.065,-0.027,0.046,0.0,0.0,0.1,-0.4777918153253844,0.06463945055601698,0.6519896915782397,0.9966416860591717,-0.0038835489188778303,0.012802389596247264,-0.08078592994793214,0.25983256176365954,0.06820768189044846,-0.13700316975072457,0.0,0.0,0.04608074577484674,-0.5003472979944944,0.04285516425915319,0.6731309076610912,0.9964101650453424,9.777405247339304e-05,0.011965509250868629,-0.08380692109196838,0.17723177637982912,0.04100397942498651,0.03438271747516519,0.0,0.0,0.04781323548316558,0.0,0.0,0.5462184873949579,1.0,0.0,0.0,0.0,26.006897039024004,0.09749244111767333,0.08,100.0,100.0,0.5,55.0,0.08,-0.20630577469485561,0.8028118277350115,0.0049,0.0028,0.0135,0.0148
66,1763355090.4640558,0.011341143895748017,0.04808160535914817,0.3722526761055328,-0.025440720249788846,-0.0002960557176545902,0.0964967647650796,0.03528330919960778,-0.00820348838241152,-0.526,0.056,0.685,0.995,-0.005,0.042,-0.086,-0.024,0.129,0.058,0.0,0.0,0.011,-0.54,0.13,0.761,0.994,0.003,-0.005,-0.106,0.051,-0.041,0.053,0.0,0.1,-0.0,-0.5261364684929061,0.07893581212608776,0.6962101237684057,0.9966864557145885,5.752120807399656e-05,0.011965770460299724,-0.08045449660332013,0.02273397773966542,0.09541970505883396,0.09415749644455669,0.0,0.0,0.043039438889678164,-0.5001829979721372,0.050333805647061775,0.6772810326125001,0.996511934641401,0.00782614179797067,0.011860912124997269,-0.08223158994798459,0.15968721356002433,0.047674832271112716,0.027867611421404086,0.0,0.0,0.04743582250700386,0.0,0.0,0.5546218487394958,1.0,0.0,0.0,0.0,26.010967322739432,0.09747743831555622,0.08,100.0,100.0,0.5,55.0,0.08,-0.20194167029696614,0.8227940920759291,0.0063,0.0041,0.0106,0.017
67,1763355090.5212657,0.010281101749839932,0.045758699101904686,0.3906938015514005,-0.02495291578535639,-0.0010472817686349306,0.00641607072346315,0.2318003807689134,-0.007101247771508517,-0.523,0.063,0.678,0.995,-0.003,0.041,-0.086,0.067,0.122,-0.119,0.0,0.0,0.004,-0.536,0.127,0.767,0.994,0.006,-0.008,-0.105,0.063,-0.057,0.104,0.0,0.0,0.0,-0.5049436372843618,0.08360157968505223,0.6591049506940986,0.9967580753950135,0.007789934200668947,0.011884723683287681,-0.0791922306981547,0.1124578898007893,0.08415698532098927,-0.07489798605252977,0.0,0.0,0.041811774595431464,-0.49625430880271393,0.05758290361020263,0.6724464753512218,0.9965730170950662,0.008517074302299985,0.013862246141079101,-0.08110190611379192,0.15872147365167405,0.04794320839186538,0.011106616540896286,0.0,0.0,0.046857655423722874,0.0,0.0,0.5630252100840336,1.0,0.0,0.0,0.0,25.990209212698662,0.09751313166065521,0.08,100.0,100.0,0.5,55.0,0.08,-0.19588727985668813,0.8333799285974822,0.0032,0.0027,0.0083,0.0151
68,1763355090.5705247,0.011886636334921027,0.031146032257531348,0.3757560069836994,-0.02446477677134282,0.011883086081595448,-0.055903822058652464,0.07182120274326953,-0.006916648349440801,-0.51,0.067,0.679,0.996,-0.001,0.038,-0.085,0.208,0.118,0.008,0.0,0.0,-0.001,-0.532,0.122,0.776,0.994,0.007,-0.007,-0.104,0.053,-0.069,0.133,0.1,0.2,-0.0,-0.4639054358883683,0.08682445677154497,0.6879750459257485,0.9967966045698176,0.008478154151378517,0.013886083858749544,-0.07830598122325076,0.2551450905010061,0.08034974841207732,0.0796519095089429,0.0,0.0,0.04062367918775235,-0.4855001409885996,0.06440312049735351,0.6727702490153178,0.9967102100687801,0.008095920427062114,0.009638254589718365,-0.08006445694283068,0.17716372899370966,0.047142496699447936,0.04822661623962669,0.0,0.0,0.045756852082829556,0.0,0.0,0.5714285714285714,1.0,0.0,0.0,0.0,25.984141604459538,0.097520203400901,0.08,100.0,100.0,0.5,55.0,0.08,-0.18787232153452108,0.8322613058265237,0.0015,0.0014,0.0041,0.0054
69,1763355090.638947,0.0005457080096514296,0.039890437173961166,0.3721119157952071,-0.024116348153688797,-0.0522471530007526,0.05540178667872337,0.12268804667642547,-0.007432148200983467,-0.506,0.068,0.686,0.996,-0.001,0.04,-0.084,0.044,0.011,0.082,0.0,0.0,0.024,-0.528,0.118,0.787,0.995,0.011,-0.005,-0.102,0.088,-0.11,0.195,0.4,0.3,0.2,-0.4925048114331469,0.06659062490444059,0.7043947702561311,0.9969980645191974,0.008060401108815904,0.009667978747522567,-0.07639646239111293,0.09097242746797535,-0.02497107358239823,0.10943448259011784,0.0,0.0,0.04196444238333453,-0.4820495507287629,0.06614300998064386,0.6782883570062083,0.996715257637598,0.00847863674259606,0.013583965480684317,-0.07938692457340321,0.1688927365470647,0.0319817220016916,0.046611176642015896,0.0,0.0,0.04518837412530368,0.0,0.0,0.5798319327731092,1.0,0.0,0.0,0.0,25.98958170810958,0.09751311334913879,0.08,100.0,100.0,0.5,55.0,0.08,-0.19103625852937262,0.8448959490333755,0.0016,0.0012,0.0034,0.0051
70,1763355090.7104845,-0.019764698630151532,0.034472220510726514,0.3887957738186662,-0.02369954367917781,-0.10134739269539553,-0.012132169375937816,0.22296125854049856,-0.0069596081850783545,-0.503,0.062,0.683,0.996,0.001,0.038,-0.082,0.105,-0.164,-0.076,0.0,0.0,0.104,-0.524,0.112,0.8,0.995,0.01,-0.006,-0.101,0.062,-0.091,0.227,-0.3,-0.2,0.0,-0.4771318743665806,0.025582815570164674,0.6736355435272859,0.9972144698260061,0.008389365902290205,0.01363927926801169,-0.07284840266226966,0.1501336820248311,-0.19735646302952134,-0.0405540906900851,0.0,0.0,0.04803021083736919,-0.4761960206166707,0.05946846094838151,0.6755326086520245,0.9967629048389092,0.008605495980973965,0.01387913917645628,-0.07872119455230397,0.17348168441157716,-0.007148301233615154,0.059969169674291826,0.0,0.0,0.044800200342890804,0.0,0.0,0.5882352941176471,1.0,0.0,0.0,0.0,25.968181122614403,0.09753282902046233,0.08,100.0,100.0,0.5,55.0,0.08,-0.2064914985516785,0.8494581531045935,0.0017,0.0034,0.0068,0.0073
71,1763355090.7831938,-0.030225590667918266,0.02965127663239204,0.3579953880566706,-0.023319660327601743,-0.0597162221751405,-0.011177636700149908,-0.008203513627977999,-0.0069879121218113585,-0.494,0.055,0.696,0.996,-0.0,0.038,-0.08,0.137,-0.193,0.226,0.0,0.0,0.086,-0.52,0.105,0.814,0.995,0.005,-0.011,-0.101,0.054,-0.112,0.221,-0.2,-0.1,-0.0,-0.46247848702534383,0.013279716832533634,0.7413276730302165,0.9972065218899739,0.008524126321460485,0.013929261854591831,-0.07288667666139517,0.17840246205032098,-0.21640114125930207,0.2508488429141639,0.0,0.0,0.04586130973904501,-0.46852328499713414,0.05078367815024788,0.6880074906831156,0.9968691377182592,0.008891367777541298,0.009541283843785211,-0.07798608687779594,0.1786976859556389,-0.044211464874167244,0.08368236159947329,0.0,0.0,0.04406554812981396,0.0,0.0,0.5966386554621849,1.0,0.0,0.0,0.0,25.991227508845675,0.09751251604561505,0.08,100.0,100.0,0.5,55.0,0.08,-0.22043808729903236,0.8523001695925206,0.0035,0.0011,0.0048,0.0143
72,1763355090.8470664,-0.023462573034790823,0.044360171217581464,0.3324017010941625,-0.022826921529902056,0.022480491665167864,0.08466370166309416,0.006279835708711004,-0.006281178634352229,-0.495,0.049,0.734,0.996,-0.003,0.043,-0.079,-0.011,-0.069,0.457,0.0,0.0,0.029,-0.516,0.098,0.829,0.995,-0.0,-0.006,-0.098,0.061,-0.114,0.252,-0.2,0.1,0.1,-0.4932039631429735,0.03339943354648558,0.8259953239174773,0.9971524738523526,0.008855796509418281,0.009574308670966869,-0.07427550990595844,0.028641182542062892,-0.07472673355826813,0.4437667605030162,0.0,0.0,0.040466612518832365,-0.46780625253585906,0.04692638440575086,0.7129380382275767,0.9969201187717466,0.00541806654869708,0.011038777670848352,-0.0774536424613742,0.1607431442252195,-0.05611971090783559,0.13482634748114442,0.0,0.0,0.04315748514027023,0.0,0.0,0.6050420168067226,1.0,0.0,0.0,0.0,26.04241901534644,0.09744764590664885,0.08,100.0,100.0,0.5,55.0,0.08,-0.22291938705735145,0.8702344130720936,0.0019,0.0019,0.0077,0.0087
73,1763355090.907628,-0.03383169155287494,0.024450089356825213,0.3872364963985695,-0.02292410275718446,-0.06064405747846714,-0.08291534509718818,0.3988246144323462,-0.00904600171012528,-0.488,0.04,0.734,0.996,-0.005,0.043,-0.078,0.219,-0.263,-0.002,0.0,0.0,0.076,-0.513,0.09,0.844,0.995,0.003,-0.005,-0.096,0.064,-0.113,0.184,0.4,0.3,0.2,-0.4401940596597862,-0.012198952381894841,0.7331987405214658,0.9973236231363775,0.005358410418817711,0.011067858662633724,-0.07207205197950571,0.25842487180016754,-0.2504227780977886,-0.07801003160936183,0.0,0.0,0.04364837427847067,-0.4570690113367585,0.03394809325378137,0.7162653320385249,0.9969947084395695,-0.0017700042983100394,0.01048055208268888,-0.07673706051396516,0.179626252709265,-0.08793823377319517,0.14428158401440172,0.0,0.0,0.042558534143113703,0.0,0.0,0.6134453781512604,1.0,0.0,0.0,0.0,26.02036883750356,0.09750398876590603,0.08,100.0,100.0,0.5,55.0,0.08,-0.23808095955158953,0.8643943917071354,0.0018,0.0016,0.0064,0.006
74,1763355090.9720216,-0.02441408103817837,0.03217391812106356,0.33898738909522286,-0.02261816949359176,0.03440116824115472,0.047787927330001145,-0.09603185036726956,-0.007066872215980702,-0.483,0.035,0.757,0.996,-0.008,0.045,-0.077,0.081,-0.104,0.462,0.0,0.0,0.023,-0.509,0.082,0.856,0.995,-0.005,-0.006,-0.097,0.052,-0.115,0.15,-0.2,-0.2,-0.0,-0.4629142422559172,0.01630626127809469,0.836357508812096,0.9972511324461679,-0.0018058108520786257,0.01047444195842935,-0.07332942075089287,0.12145666663261881,-0.07724567886284434,0.383922874737806,0.0,0.0,0.039114607836170996,-0.4522893966111297,0.02777720609749152,0.7425852809996893,0.9970422755588726,-0.0077169726715698985,0.008836424743582018,-0.07595437234894623,0.17422766354803915,-0.08524197670397402,0.1600855135751351,0.0,0.0,0.04168071169512772,0.0,0.0,0.6218487394957983,1.0,0.0,0.0,0.0,26.067987121179556,0.09734819884807452,0.08,100.0,100.0,0.5,55.0,0.08,-0.24018575518886146,0.8745264785101445,0.0027,0.0024,0.0042,0.0048
75,1763355091.052633,-0.021778484118327883,0.03264075338759167,0.37446501777121305,-0.022325336701074526,0.004022704209935557,0.014399395628039387,0.3045084142906597,-0.007017649597510748,-0.477,0.017,0.77,0.996,-0.012,0.046,-0.074,0.104,-0.136,0.132,0.0,0.0,0.054,-0.505,0.075,0.865,0.995,-0.009,-0.012,-0.094,0.057,-0.103,0.147,-0.2,-0.1,0.1,-0.4521593674473547,-0.007224250177390367,0.7851637234525914,0.997375980118702,-0.00775690542066328,0.00880139123989099,-0.07143892645327193,0.14240580306339812,-0.10339695716672509,0.025475197474632078,0.0,0.0,0.04132571999532431,-0.446596712800403,0.01941807116983321,0.7542614449703623,0.9970671641093342,-0.0073964687562953,0.012791689634574855,-0.07509151204497026,0.17389848564211907,-0.08604236870643177,0.09059453952636931,0.0,0.0,0.04093952812730815,0.0,0.0,0.6302521008403361,1.0,0.0,0.0,0.0,26.074767679555663,0.09732099828384708,0.08,100.0,100.0,0.5,55.0,0.08,-0.24519856378283467,0.881170257520254,0.002,0.0021,0.008,0.0146
76,1763355091.1191483,-0.03492613567505382,0.0360206159100078,0.3745806141596633,-0.021984194789566997,-0.07390518932800265,0.029139595132427518,0.14100236360645596,-0.006666291705365295,-0.475,0.008,0.772,0.996,-0.013,0.044,-0.072,0.051,-0.277,0.065,0.0,0.0,0.087,-0.502,0.068,0.872,0.995,-0.009,-0.012,-0.094,0.058,-0.115,0.106,0.1,-0.2,0.0,-0.46086388540213713,-0.04378576790319573,0.7848884177425904,0.9974808198591012,-0.007469597740512016,0.01274912480780858,-0.06938068131292176,0.08838539884292365,-0.24140554352925533,0.04958726591673659,0.0,0.0,0.043674550064787855,-0.44345162370615243,0.0047968901311581,0.7592733677784287,0.9971045150662093,-0.011223817375840611,0.007758929340762401,-0.07480916370056812,0.1672130920618472,-0.10309438590164732,0.122897781679747,0.0,0.0,0.040972746181517444,0.0,0.0,0.6386554621848739,1.0,0.0,0.0,0.0,26.06599271436724,0.09735631799986415,0.08,100.0,100.0,0.5,55.0,0.08,-0.2613742921882626,0.8902932402445275,0.0018,0.0023,0.0145,0.0081
77,1763355091.183564,-0.015448951963917618,0.059193770710984694,0.36268025137386384,-0.021469443380933324,0.08428861767753584,0.1293735049711374,0.08096591638087663,-0.005670316002919265,-0.478,-0.004,0.785,0.996,-0.013,0.046,-0.07,-0.137,0.015,0.214,0.0,0.0,-0.008,-0.499,0.062,0.876,0.996,-0.005,-0.007,-0.092,0.05,-0.121,0.139,-0.5,-0.2,-0.1,-0.5020207087427034,0.002389924482037377,0.8170457762682599,0.9972671935524505,-0.011240914321671548,0.007734139009224283,-0.07260833012139936,-0.10099433213529001,0.049960738324055835,0.15916951193396534,0.0,0.0,0.03517087396836788,-0.4489431830652692,0.0027892981182502255,0.7737231024686428,0.997270919580406,-0.00964165672954802,0.008111245427475707,-0.07274585288781837,0.13099772630945195,-0.0769646952380247,0.07475385667364205,0.0,0.0,0.04017285293911363,0.0,0.0,0.6470588235294117,1.0,0.0,0.0,0.0,26.086626595668488,0.09726341135543419,0.08,100.0,100.0,0.5,55.0,0.08,-0.25831460888406266,0.9165194173256015,0.0016,0.0016,0.0126,0.009
78,1763355091.2610524,-0.00494131724987352,0.04422735320986694,0.3653096940679768,-0.021209327752974093,0.0467448165837514,-0.052634423488969476,0.1491523077357637,-0.006750463128053833,-0.472,-0.003,0.791,0.996,-0.014,0.047,-0.07,0.114,0.013,0.128,0.0,0.0,0.006,-0.495,0.056,0.883,0.996,-0.013,-0.011,-0.09,0.053,-0.08,0.094,-0.2,-0.1,0.2,-0.44539884583833494,0.003116477134134291,0.8183509022150014,0.9974623678557251,-0.009663368410902175,0.00808536689522264,-0.07007189782484238,0.15705439451003797,0.04737938424503772,0.12646071133274608,0.0,0.0,0.035592770631346346,-0.44344774432818324,0.00137160404178853,0.7815888438640479,0.9973844296441173,-0.00872057931126075,0.008413020009728399,-0.07125638283178781,0.13720566924976454,-0.054966341751178156,0.0946950791702843,0.0,0.0,0.039596606678881145,0.0,0.0,0.6554621848739496,1.0,0.0,0.0,0.0,26.091995074463807,0.09724208037287965,0.08,100.0,100.0,0.5,55.0,0.08,-0.2530611689556829,0.9202453604800901,0.0024,0.0014,0.0063,0.023
79,1763355091.3205914,-0.02143816627445702,0.04461440417009256,0.37140820561803667,-0.020903724174134455,-0.08433723909162005,0.01852051225482816,0.1674836930257909,-0.006425480013167106,-0.471,-0.016,0.798,0.996,-0.015,0.048,-0.067,0.013,-0.18,0.101,0.0,0.0,0.073,-0.492,0.05,0.887,0.996,-0.007,-0.004,-0.091,0.057,-0.123,0.085,0.2,0.2,-0.1,-0.4637703857612127,-0.04856891323070672,0.8164641389891011,0.9977343162977825,-0.008763302767936082,0.00836850845763827,-0.06617708570637126,0.06476842765375417,-0.15239352513031196,0.07564281064435578,0.0,0.0,0.04068586891874835,-0.4425664167929393,-0.008898264201945328,0.7887755003394925,0.9974100325910462,-0.012147379611555308,0.009726731810346978,-0.07022149773104149,0.12908944778601056,-0.06226814499879319,0.10003841382602775,0.0,0.0,0.03931639538678494,0.0,0.0,0.6638655462184874,1.0,0.0,0.0,0.0,26.092006584463025,0.09723909251695292,0.08,100.0,100.0,0.5,55.0,0.08,-0.26506058738606975,0.9298274151654717,0.0029,0.0029,0.0124,0.0073
80,1763355091.3912442,0.019051840873274765,0.031053807549801887,0.40891041676442713,-0.02073342530137709,0.19441072338573753,-0.05107258153766869,0.3267891328387157,-0.006987402201513611,-0.47,-0.007,0.801,0.996,-0.013,0.051,-0.068,0.195,0.289,-0.241,0.0,0.0,-0.052,-0.489,0.045,0.892,0.996,-0.006,-0.008,-0.089,0.054,-0.076,0.057,-0.0,-0.0,0.0,-0.4253324285163311,0.053034277179412406,0.7489356620321218,0.9974427594451104,-0.01215192654841669,0.009721050575916731,-0.06975509649757511,0.2525506329227797,0.30650084774029207,-0.2634933593840611,0.0,0.0,0.029705932981954574,-0.4340739889918024,0.002512366402408813,0.7811633170301285,0.9975118461472281,-0.0071950383197325685,0.017063971395076757,-0.06802329821285039,0.15226336016351372,-0.003695700351295912,0.036307747835026535,0.0,0.0,0.03806543865206676,0.0,0.0,0.6722689075630252,1.0,0.0,0.0,0.0,26.050791279665965,0.09740993212653835,0.08,100.0,100.0,0.5,55.0,0.08,-0.23987671244030453,0.9299953851453069,0.0023,0.0064,0.015,0.0095
81,1763355091.4438019,0.010891545682102353,0.04934350475076425,0.35165093337818576,-0.020855946393738948,-0.03365703562838401,0.10309366383598749,-0.13295601064454662,-0.008387639949825706,-0.467,-0.001,0.806,0.996,-0.01,0.052,-0.068,-0.08,0.07,0.238,0.0,0.0,-0.019,-0.485,0.04,0.895,0.996,-0.004,-0.004,-0.089,0.057,-0.122,0.056,0.1,0.1,-0.2,-0.47709948120021733,0.014209590447332714,0.8533984987199545,0.9976226238507795,-0.007223157650497648,0.01705208754817061,-0.06637885721290916,-0.024259165259509163,0.07690498453297298,0.29742296907848065,0.0,0.0,0.03214633679677466,-0.4373520226987195,0.005188148658362885,0.7941170044816018,0.997662618687367,-0.0027040901235168475,0.013860939758559437,-0.06685702296302592,0.13481903967366182,0.01011908264946241,0.05513879966929211,0.0,0.0,0.037458166372898366,0.0,0.0,0.680672268907563,1.0,0.0,0.0,0.0,26.078389836473022,0.09732196911885269,0.08,100.0,100.0,0.5,55.0,0.08,-0.23775092655888805,0.950907690546149,0.0026,0.0017,0.0087,0.0062
82,1763355091.502836,-0.002183361333232211,0.0313480020113113,0.38988004789321495,-0.020501177849067742,-0.06129020544588444,-0.0714736994157282,0.3230146725919654,-0.006047137174296083,-0.461,-0.002,0.803,0.996,-0.011,0.052,-0.068,0.171,-0.031,-0.108,0.0,0.0,0.018,-0.481,0.035,0.902,0.996,-0.001,-0.009,-0.087,0.067,-0.075,0.133,0.0,-0.2,0.1,-0.42165673496971723,-0.007780814615095354,0.7874142333385687,0.9978577666667936,-0.0027454582893319313,0.01385280524543869,-0.06387831986184628,0.2185231175287213,-0.036572832005915754,-0.08023494189751024,0.0,0.0,0.03529500994337853,-0.42946926724725015,0.0034152108783659695,0.79094132841962,0.9976979338022236,-0.006173717607689574,0.014250259709046607,-0.06601248515166724,0.1541873412752881,0.007784001206949198,0.03334371403095151,0.0,0.0,0.03705241908037316,0.0,0.0,0.6890756302521008,1.0,0.0,0.0,0.0,26.057292848829103,0.09737613514031224,0.08,100.0,100.0,0.5,55.0,0.08,-0.24058570452065586,0.9494604185546269,0.0015,0.0013,0.0045,0.0042
83,1763355091.5804467,0.015202568603772396,0.031509818954482544,0.38220606691861186,-0.020324382318232335,0.08611088918506095,0.012564585470097943,0.10783511308694023,-0.0068039640392233425,-0.452,0.013,0.8,0.996,-0.006,0.049,-0.07,0.128,0.21,-0.042,0.0,0.0,-0.037,-0.478,0.029,0.908,0.996,0.013,0.008,-0.086,0.04,-0.082,0.134,-0.2,0.4,-0.1,-0.4218375521335181,0.05367261768946849,0.8000693074366597,0.9977609198468529,-0.0061874111711016574,0.014244319354553232,-0.06505353284401405,0.17201625858142527,0.19177000954583018,0.023794142153295353,0.0,0.0,0.03029935057203275,-0.422910625224902,0.013447767825451396,0.7892229487159268,0.9978180660892072,0.005117632116206868,0.009053488916267368,-0.06519931875380833,0.16282474128121524,0.03528025932519307,0.08714623279365401,0.0,0.0,0.03647090416675306,0.0,0.0,0.6974789915966386,1.0,0.0,0.0,0.0,26.037681058163848,0.09742066427903037,0.08,100.0,100.0,0.5,55.0,0.08,-0.22494073642007756,0.9553366038137687,0.0028,0.0021,0.0084,0.0091
84,1763355091.6541617,-0.006600409065035933,0.033392989640570594,0.38391901049520966,-0.019989883950454895,-0.10331392511762699,0.021232035538371184,0.15189199297746864,-0.005949151530449922,-0.447,0.01,0.803,0.996,-0.004,0.049,-0.068,0.089,-0.067,0.007,0.0,0.0,0.023,-0.473,0.022,0.918,0.996,-0.001,-0.011,-0.085,0.063,-0.104,0.152,-0.1,-0.3,0.0,-0.4251739431293845,-0.005732330949204021,0.8003086406871861,0.9980184224497107,0.005089098621114512,0.009069558713541604,-0.062057011134575374,0.12721335486731278,-0.09039456422602818,0.012602684493397675,0.0,0.0,0.035021989861930475,-0.418027399074095,0.011063523682133428,0.7928636483591474,0.9978159689436317,0.006541452085042034,0.013365176952628528,-0.0643573894026581,0.1619909642001117,0.013520961751965507,0.03162314474083524,0.0,0.0,0.036670299340577736,0.0,0.0,0.7058823529411764,1.0,0.0,0.0,0.0,26.03396211046261,0.09742667130961984,0.08,100.0,100.0,0.5,55.0,0.08,-0.23280895341680916,0.9614414524375301,0.0027,0.0042,0.0112,0.0115
85,1763355091.7144825,-0.012285353017662315,0.03770181080686359,0.3440686816184315,-0.01957866521846118,-0.030899873162520384,0.034066476946678935,-0.05528201544818728,-0.00544011282145199,-0.443,0.008,0.822,0.996,-0.004,0.05,-0.068,0.057,-0.032,0.299,0.0,0.0,0.022,-0.469,0.015,0.929,0.996,0.006,-0.01,-0.084,0.06,-0.116,0.191,0.2,0.2,0.0,-0.4277595871856595,-0.0006930998334674699,0.8898915392055267,0.9980092941718643,0.006500291843212848,0.013385243976447869,-0.06128646013779052,0.09179114381219156,-0.054184516854332655,0.37001977358442395,0.0,0.0,0.03443049718827831,-0.4145498477201529,0.009762293640455104,0.8079564817860653,0.9979357007296497,0.003088425156808615,0.008808285299440631,-0.06353906632425241,0.15791377203567072,0.0005792192913227981,0.10487386724786621,0.0,0.0,0.036316778510201535,0.0,0.0,0.7142857142857143,1.0,0.0,0.0,0.0,26.06413162862868,0.09737582174223887,0.08,100.0,100.0,0.5,55.0,0.08,-0.2366342014654992,0.9711146726147836,0.0018,0.0022,0.0068,0.0095
86,1763355091.8197813,-0.0048305426039668125,0.035741394926513355,0.3823058991029936,-0.019250837699576844,0.03266704468685415,0.0043360996508226834,0.3202118430297226,-0.005702861862501281,-0.436,0.012,0.823,0.997,-0.002,0.048,-0.068,0.104,0.049,0.021,0.0,0.0,-0.006,-0.466,0.006,0.942,0.996,0.006,-0.012,-0.084,0.057,-0.135,0.225,-0.0,-0.1,-0.0,-0.41220184734978765,0.019694924018971226,0.8299055651140912,0.9980620435564391,0.0030706218351841405,0.00881450744005816,-0.06152262146624729,0.1340439559688831,0.033109240950509586,-0.001076513895847087,0.0,0.0,0.03147674698689906,-0.4088371492146808,0.012181449385698356,0.8116122395345232,0.9979661556514636,0.0076063570353910774,0.007410452857034876,-0.0628552360216911,0.15738892196198764,0.0005588460950343467,0.10676707754591899,0.0,0.0,0.03588694499010026,0.0,0.0,0.7226890756302521,1.0,0.0,0.0,0.0,26.051113243637545,0.09740395345264044,0.08,100.0,100.0,0.5,55.0,0.08,-0.23247472965906452,0.9769972552458729,0.0025,0.0033,0.0501,0.0045
87,1763355091.8542855,-0.019159125536625667,0.03737718055683638,0.3802259057539176,-0.018994090899574403,-0.07345436813978182,0.021581951249057568,0.13296474541824288,-0.0059353301373291055,-0.434,0.007,0.825,0.997,-0.003,0.047,-0.067,0.063,-0.127,0.056,0.0,0.0,0.028,-0.462,-0.002,0.956,0.997,-0.001,-0.011,-0.081,0.057,-0.139,0.196,-0.1,-0.2,0.1,-0.4183539930633671,-0.019652737289818662,0.8343724934750306,0.9981636614580969,0.007582420337771416,0.0074349432222129384,-0.059636678861836316,0.09538285738492455,-0.13430534585987555,0.04519843123071976,0.0,0.0,0.033758552694973784,-0.40519850019321835,0.006364745970807538,0.8166166051456618,0.9980433939277147,0.0022569340766747607,0.007723312955322649,-0.06200516529141777,0.15066562514464263,-0.023557687380999837,0.1176188372648967,0.0,0.0,0.03549952649006461,0.0,0.0,0.7310924369747899,1.0,0.0,0.0,0.0,26.04160217512696,0.09742975049470147,0.08,100.0,100.0,0.5,55.0,0.08,-0.24247700411722045,0.9840867343512656,0.005,0.0031,0.0096,0.0116
88,1763355091.9167376,-0.01307421843363496,0.03418951314776811,0.38525954377066673,-0.01880696819786974,0.023239863438718908,-0.0019218943365277245,0.16775290474146484,-0.006187170578817092,-0.427,-0.006,0.846,0.997,-0.006,0.05,-0.066,0.109,-0.015,0.009,0.0,0.0,-0.012,-0.458,-0.012,0.967,0.997,0.001,-0.012,-0.08,0.059,-0.142,0.188,-0.0,-0.3,0.1,-0.40189595099257136,-0.009156893140915834,0.8408746914312433,0.9981485195109971,0.0022436526631425605,0.007727181708713968,-0.060289216975942556,0.14390000839359213,-0.013755100956477811,-0.008621279969429355,0.0,0.0,0.029947523794461816,-0.399450491093925,0.004347837081677549,0.8221213372438506,0.9980784080852171,-0.0009401504515420807,0.00922530835701667,-0.06126582340037053,0.1518596056591741,-0.023743883624758946,0.05133723711311914,0.0,0.0,0.03472331724632362,0.0,0.0,0.7394957983193277,1.0,0.0,0.0,0.0,26.035917630902524,0.09744666325097188,0.08,100.0,100.0,0.5,55.0,0.08,-0.24202977127949346,0.9885138188679813,0.0017,0.0064,0.0095,0.0079
89,1763355091.9754944,-0.016533864970094327,0.04218763478317196,0.3530777068221048,-0.01839384991265976,-0.022201064594909926,0.05281167560743226,-0.016436855828809376,-0.004987021648151255,-0.427,-0.01,0.858,0.997,-0.006,0.051,-0.065,0.008,-0.071,0.23,0.0,0.0,0.034,-0.455,-0.022,0.979,0.997,-0.0,-0.012,-0.081,0.05,-0.195,0.235,0.2,0.1,-0.2,-0.4216852091788732,-0.02385840378520429,0.9099421385800082,0.9982795138939274,-0.0009712833861767278,0.009222082505449267,-0.05789664880241715,0.045392331085455505,-0.06401831314941811,0.29074829787024004,0.0,0.0,0.033460113962988605,-0.398470496768972,-0.00021107915697974895,0.835221656172508,0.9981222448269271,0.00028865990487815085,0.008669216103243142,-0.06063617525265172,0.1402194830491431,-0.031227351542864976,0.1010949251962464,0.0,0.0,0.03429150249521295,0.0,0.0,0.7478991596638656,1.0,0.0,0.0,0.0,26.05616000762247,0.09739165560711101,0.08,100.0,100.0,0.5,55.0,0.08,-0.24668887039967557,1.0004190766801129,0.0016,0.0034,0.0064,0.0058
90,1763355092.0406647,-0.029360439638276527,0.05166227350100867,0.34679528224222983,-0.018170281487746246,-0.07033307270469637,0.06319355663287303,0.10099201715891395,-0.005779851592679824,-0.43,-0.02,0.876,0.997,-0.007,0.053,-0.064,-0.066,-0.181,0.329,0.0,0.0,0.04,-0.452,-0.031,0.992,0.997,0.013,0.0,-0.076,0.05,-0.147,0.204,0.3,0.5,0.1,-0.4395214604891077,-0.0552565086713384,0.9443868375147411,0.9983321782822653,0.0002577358804577476,0.008670190574683993,-0.057075591751657814,-0.028995642282463655,-0.1696414577158662,0.3194409949313683,0.0,0.0,0.0333889486617455,-0.40120251992624206,-0.010128156587397689,0.854203381297097,0.9981428397648897,-0.003831391679255759,0.009187427245063672,-0.06009811182140871,0.11958077452733096,-0.051442171874368704,0.14552762549745338,0.0,0.0,0.033889596464583824,0.0,0.0,0.7563025210084033,1.0,0.0,0.0,0.0,26.084639364249306,0.09730310934645908,0.08,100.0,100.0,0.5,55.0,0.08,-0.25949701137257186,1.015999464729826,0.0013,0.0012,0.0074,0.0062
91,1763355092.1117942,-0.022239388472775234,0.03506382995051448,0.3719964578155644,-0.018110373548333523,0.024595090963152752,-0.06361886518959273,0.2560541087075088,-0.006514315860841224,-0.422,-0.041,0.892,0.997,-0.008,0.054,-0.06,0.144,-0.075,0.132,0.0,0.0,0.016,-0.449,-0.042,1.009,0.997,-0.004,-0.01,-0.078,0.04,-0.156,0.216,-0.2,0.0,-0.0,-0.38947720754337756,-0.05465726858583396,0.9166138809179903,0.9982989219717353,-0.0038557771357382972,0.009177219854766818,-0.057447140994901495,0.1843772058436501,-0.0591322737447463,0.06872986463197191,0.0,0.0,0.03095860429874881,-0.394458993172551,-0.016664282690773816,0.8649888655395028,0.9982006834767964,-0.003340359628311362,0.008530820810940082,-0.05925759529631643,0.132013223421831,-0.052461110872195384,0.16583273203530322,0.0,0.0,0.03343462280203541,0.0,0.0,0.7647058823529411,1.0,0.0,0.0,0.0,26.080469859344895,0.09732192684026095,0.08,100.0,100.0,0.5,55.0,0.08,-0.2616452666468394,1.0152820510920397,0.0018,0.0015,0.0072,0.01
92,1763355092.184393,-0.03277005150348794,0.038584994990133625,0.37421839489389014,-0.017711645167014015,-0.06099308583085425,0.030754761429538646,0.15060835707246514,-0.004797748174027536,-0.42,-0.058,0.904,0.997,-0.01,0.056,-0.059,0.023,-0.197,0.145,0.0,0.0,0.043,-0.446,-0.053,1.018,0.997,-0.006,-0.005,-0.077,0.12,-0.318,0.297,0.0,-0.2,0.2,-0.4111897618036931,-0.09567333532730438,0.9214150864176246,0.9984082836881626,-0.0033711623882637914,0.008518695340647912,-0.05565039224212766,0.06854308199768176,-0.1753100207714593,0.06399956567350663,0.0,0.0,0.03301982099091194,-0.39307654596412794,-0.029262107760361852,0.8777598593828994,0.9982165008069235,-0.0041523438829357134,0.010776372883538363,-0.05857000379489615,0.12544555370083424,-0.07116075517455533,0.12778559052841765,0.0,0.0,0.03291424932903038,0.0,0.0,0.7731092436974789,1.0,0.0,0.0,0.0,26.083759585867735,0.09730476346620244,0.08,100.0,100.0,0.5,55.0,0.08,-0.2736034853131118,1.0232350484902077,0.002,0.0024,0.0122,0.0098
93,1763355092.2376513,-0.04516429747406808,0.03305455655189527,0.3766561344814245,-0.017487135871990887,-0.07425999916670868,-0.013182819069891622,0.15252059602288043,-0.005519320462514618,-0.414,-0.079,0.91,0.997,-0.012,0.057,-0.056,0.081,-0.285,0.082,0.0,0.0,0.074,-0.443,-0.063,1.026,0.997,-0.001,-0.004,-0.075,0.052,-0.158,0.116,0.3,0.3,0.1,-0.39293953210242105,-0.1334764147795729,0.9193314254484489,0.9984823540524922,-0.004203266418168307,0.010756613020143153,-0.053848086999879224,0.12862432295168924,-0.2558321837419283,0.04834505377016841,0.0,0.0,0.035110138548768384,-0.3890353355150952,-0.046683922243437245,0.8865696785784036,0.9981799392252341,-0.008078493978055525,0.014709086724628131,-0.05792399874906788,0.13157559663859128,-0.0973781620023518,0.08275756067736491,0.0,0.0,0.03264750397174492,0.0,0.0,0.7815126050420168,1.0,0.0,0.0,0.0,26.08432042502775,0.09730173684789425,0.08,100.0,100.0,0.5,55.0,0.08,-0.28986523645343504,1.026086194842348,0.0017,0.0015,0.0044,0.0047
94,1763355092.315675,-0.034177055194823544,0.05226883502553195,0.336347071177559,-0.016765698957346156,0.037999599843447154,0.10846685107514412,-0.06029926608879328,-0.0029504913787729158,-0.418,-0.082,0.924,0.997,-0.011,0.057,-0.055,-0.123,-0.096,0.404,0.0,0.0,0.026,-0.439,-0.074,1.034,0.997,0.005,-0.005,-0.073,0.055,-0.156,0.103,0.4,-0.1,0.1,-0.437818162276936,-0.09793741589989743,1.0057258924705494,0.99834628504213,-0.008121800781433748,0.01468521873493252,-0.05498250490248695,-0.0775103211437732,-0.057203756823367445,0.4181442348789254,0.0,0.0,0.030691003841101867,-0.3941959992385592,-0.05536461475066387,0.9082330918009738,0.9982932548611319,-0.00758964995478136,0.010130051092972896,-0.057011898557976726,0.10834213502034123,-0.0905321111422151,0.13428886605482795,0.0,0.0,0.032279150724749454,0.0,0.0,0.7899159663865546,1.0,0.0,0.0,0.0,26.12481442382975,0.09709950330800868,0.08,100.0,100.0,0.5,55.0,0.08,-0.29318454661866333,1.0461653095914518,0.0016,0.0016,0.0113,0.0092
95,1763355092.392795,-0.04018151193558274,0.053984518217671,0.36012454104334357,-0.01684080738791255,-0.04283867940185478,0.028179229095269726,0.2450175010205073,-0.0066626792618367705,-0.422,-0.093,0.936,0.997,-0.012,0.059,-0.055,-0.065,-0.22,0.23,0.0,0.0,0.033,-0.436,-0.083,1.046,0.997,-0.014,-0.012,-0.074,0.052,-0.149,0.17,-0.3,-0.4,-0.0,-0.43080502836441886,-0.13278691762566358,0.9810798818095857,0.9984682749671029,-0.0076215942755322634,0.010106038901643315,-0.05385984740635298,-0.02246097205941736,-0.17402801552363037,0.17022193655934859,0.0,0.0,0.030300080890389703,-0.397219168206707,-0.06949083731797538,0.9225957886165151,0.9983038801480539,-0.010754356741074098,0.010379856622749314,-0.05626691095943381,0.0943738153545087,-0.10041122835060201,0.152795327554906,0.0,0.0,0.03169417873714243,0.0,0.0,0.7983193277310924,1.0,0.0,0.0,0.0,26.136350628782957,0.09703227537843119,0.08,100.0,100.0,0.5,55.0,0.08,-0.30482589740834937,1.0588465879584723,0.003,0.0035,0.0168,0.0108
96,1763355092.4432304,-0.04239212158156909,0.04155089134157096,0.3766953691451372,-0.016870580973361502,-0.02612111520577532,-0.041923940048873655,0.21790084340022173,-0.006464170697711979,-0.417,-0.108,0.943,0.997,-0.015,0.059,-0.053,0.065,-0.235,0.103,0.0,0.0,0.045,-0.433,-0.093,1.051,0.997,-0.011,-0.001,-0.074,0.046,-0.139,0.107,-0.6,-0.3,-0.1,-0.3996464807013266,-0.1499140513293335,0.9573927598170119,0.998497698113643,-0.01079120828372766,0.010341539353516298,-0.05271574005298082,0.11380756025257364,-0.1835605245635629,0.027669181927933436,0.0,0.0,0.03112996531515785,-0.39429210902167106,-0.08459895811558242,0.9311471343101484,0.9982883789037721,-0.0156531505208746,0.008979541002926307,-0.05562966176264571,0.10055938326759019,-0.10626230968910097,0.15461531138858087,0.0,0.0,0.031304650220294584,0.0,0.0,0.8067226890756303,1.0,0.0,0.0,0.0,26.128702716158596,0.09707803224733103,0.08,100.0,100.0,0.5,55.0,0.08,-0.3157298633168189,1.0609744422536593,0.0019,0.0017,0.0074,0.0072
97,1763355092.5183654,-0.0366567310292568,0.04125116813648222,0.3785886316136831,-0.016643206877594373,0.012779907168473029,0.014082968227645383,0.15072707577215627,-0.005189597386174914,-0.416,-0.119,0.949,0.997,-0.016,0.061,-0.052,0.019,-0.161,0.097,0.0,0.0,0.018,-0.43,-0.102,1.052,0.997,-0.008,-0.0,-0.072,0.058,-0.131,-0.033,0.3,0.6,0.2,-0.40701460432938,-0.146114204851541,0.955223570960449,0.9984261749391052,-0.015675860408971433,0.008939836591953661,-0.05309915176926075,0.0752880841675191,-0.10736892004542226,0.025523299069650517,0.0,0.0,0.028829711596052514,-0.39342180195064896,-0.0962444404921456,0.9404596175063916,0.9983101952979311,-0.013526140918975473,0.01429577356355531,-0.054675664918374015,0.10032336742402317,-0.10159005500619397,0.08420153842207402,0.0,0.0,0.03020816517940999,0.0,0.0,0.8151260504201681,1.0,0.0,0.0,0.0,26.130542788903245,0.09706283279348969,0.08,100.0,100.0,0.5,55.0,0.08,-0.3216833975948322,1.0674581256497926,0.0017,0.0024,0.01,0.0129
98,1763355092.602458,-0.026249510032593883,0.043216681178374655,0.381533477697386,-0.01633317170598373,0.03828983084734327,0.025296753260642988,0.15669496727364537,-0.004691026721044659,-0.416,-0.123,0.949,0.997,-0.016,0.062,-0.052,-0.004,-0.073,-0.004,0.0,0.0,0.009,-0.426,-0.109,1.055,0.997,-0.014,-0.007,-0.072,0.061,-0.115,0.045,-0.3,-0.2,0.1,-0.41066073473754244,-0.13207024674284917,0.9475424287272962,0.9984286306070407,-0.013557712427013934,0.01426583554113889,-0.05246850440225288,0.05546614988331823,-0.015655599018243822,0.011121116006558272,0.0,0.0,0.02785496284780919,-0.3936694885744803,-0.10348573068997534,0.9424676663376448,0.9983184808592284,-0.01520020984015556,0.016246498172419223,-0.05352770957991043,0.10200260308141476,-0.08388332208607242,0.060435017596207896,0.0,0.0,0.029901233779851738,0.0,0.0,0.8235294117647058,1.0,0.0,0.0,0.0,26.120839835767352,0.09711673081818518,0.08,100.0,100.0,0.5,55.0,0.08,-0.32230831261426657,1.0763706425048216,0.0028,0.0019,0.018,0.0219
99,1763355092.6702778,-0.0065248226725773475,0.04114539538428822,0.36513528001612444,-0.016126526522004095,0.08877987053785996,0.005849826471458326,0.0610840657302124,-0.005091713469845719,-0.413,-0.139,0.962,0.997,-0.018,0.064,-0.05,0.044,0.097,0.116,0.0,0.0,-0.036,-0.422,-0.116,1.058,0.997,-0.015,-0.004,-0.071,0.063,-0.112,0.051,0.0,0.0,0.0,-0.398383006093001,-0.11367079728348833,0.9889291266128731,0.9983475379175649,-0.015209071952007084,0.016238202253016018,-0.05298300153714566,0.0997270134940126,0.15373442224458403,0.1599306607570267,0.0,0.0,0.023648011740771316,-0.3915281322331729,-0.10376080844216486,0.9497743970219304,0.9984175980339013,-0.01680094654406094,0.013126193670005422,-0.05203586427816945,0.11001334147035793,-0.042663753756010614,0.08029539364259063,0.0,0.0,0.02958015480362322,0.0,0.0,0.8319327731092436,1.0,0.0,0.0,0.0,26.12667199559423,0.09708972003432602,0.08,100.0,100.0,0.5,55.0,0.08,-0.3133210334352819,1.0832444195587723,0.0028,0.0098,0.0091,0.0229
100,1763355092.7187543,-0.011274527966184115,0.03467464210051362,0.3783842912044145,-0.015896233158909052,-0.026195334970250325,-0.01692424314976491,0.20317078594749724,-0.004895980630276322,-0.408,-0.141,0.963,0.997,-0.018,0.064,-0.05,0.094,-0.031,0.018,0.0,0.0,0.007,-0.418,-0.122,1.064,0.997,-0.011,-0.003,-0.07,0.062,-0.095,0.078,0.2,0.3,0.0,-0.3839916048170102,-0.14172976986543148,0.9700013136648087,0.9985242018592002,-0.016828351317227756,0.01309104109621701,-0.04994846880944889,0.1442179007890057,0.014975888927656543,0.03543409970300997,0.0,0.0,0.02686855267486745,-0.38686222003040943,-0.10889158302221884,0.9527383715449594,0.9984941001417809,-0.015424354961360569,0.01234213216196908,-0.051179029199251685,0.12176984972106558,-0.025417317832472794,0.08312067109476554,0.0,0.0,0.029367413042424864,0.0,0.0,0.8403361344537815,1.0,0.0,0.0,0.0,26.1171289399823,0.09713222925712159,0.08,100.0,100.0,0.5,55.0,0.08,-0.31456016022109956,1.0856971925808556,0.0026,0.0117,0.0071,0.0047
101,1763355092.7867768,-0.019700669399480144,0.040881730850767885,0.37360798849202675,-0.015606581904541592,-0.04635865515379918,0.044038434538963965,0.11801259563971654,-0.00451283116275359,-0.408,-0.144,0.966,0.997,-0.017,0.064,-0.049,0.004,-0.074,0.075,0.0,0.0,0.023,-0.414,-0.128,1.071,0.997,-0.01,-0.005,-0.07,0.063,-0.078,0.099,0.2,0.1,-0.0,-0.40230273536781397,-0.1548592564003301,0.9827775786687806,0.9986261194614412,-0.015456982325249663,0.01230124585863073,-0.04853488000506324,0.05006172462732823,-0.04405822172486693,0.09383896166066646,0.0,0.0,0.027831209493188395,-0.38619640956379103,-0.11532843502821838,0.9581610364906723,0.9985964972003155,-0.01167421937523844,0.012226251271413633,-0.05019230181100623,0.11855116304685034,-0.01952419938078649,0.0979668684160862,0.0,0.0,0.02902910237743668,0.0,0.0,0.8487394957983193,1.0,0.0,0.0,0.0,26.113309170475898,0.0971431741443108,0.08,100.0,100.0,0.5,55.0,0.08,-0.3207175659342457,1.0947466515478044,0.0039,0.0024,0.0138,0.0075
102,1763355092.8559024,-0.019215280757386037,0.03527462302555242,0.38309615068041986,-0.015333254400007669,-0.004960807814334523,-0.01270489005703933,0.1875438066264757,-0.004485830691533477,-0.402,-0.146,0.967,0.997,-0.016,0.063,-0.049,0.092,-0.025,0.007,0.0,0.0,0.014,-0.41,-0.133,1.078,0.997,-0.006,-0.009,-0.07,0.073,-0.088,0.127,0.1,-0.0,0.0,-0.37928789841636024,-0.14889062490854219,0.9673858725647319,0.9987089657928061,-0.011702224212865093,0.012199449440231722,-0.047902327990305256,0.1332493695311033,-0.006793377984436364,0.011397793966578683,0.0,0.0,0.026640453720384105,-0.381372689495635,-0.11909751766609848,0.9610560378349077,0.998705236075225,-0.004429450518928659,0.011240012430681736,-0.04941551906625397,0.12670173548160157,-0.014322675456724764,0.07190096749446682,0.0,0.0,0.02865053534048463,0.0,0.0,0.8571428571428571,1.0,0.0,0.0,0.0,26.10357906897694,0.09718187347924832,0.08,100.0,100.0,0.5,55.0,0.08,-0.3223264833114614,1.0976885593768542,0.0048,0.0018,0.0156,0.0083
103,1763355092.9182584,0.0031275417728909814,0.03487743229118942,0.3790461371310267,-0.015155619755846615,0.10450838236736532,0.01124202996276713,0.1234109887581917,-0.004861797179197618,-0.397,-0.134,0.968,0.997,-0.013,0.062,-0.05,0.095,0.212,0.017,0.0,0.0,-0.044,-0.405,-0.138,1.085,0.998,0.0,-0.001,-0.067,0.067,-0.075,0.136,-0.1,0.0,-0.0,-0.374036949528509,-0.0901115357976364,0.9747694655191553,0.9987120497967196,-0.004431002485603954,0.011239400709739326,-0.04927761844380598,0.13414385453728236,0.22873784478933495,0.058720305320514456,0.0,0.0,0.021337657165071463,-0.37622037990756896,-0.11139768446680401,0.9633030013528031,0.998773460325859,-0.004183801818928092,0.008921959025505754,-0.04852287499929172,0.13254069955026712,0.02067770585033587,0.07768346349007905,0.0,0.0,0.027980071018200856,0.0,0.0,0.8655462184873949,1.0,0.0,0.0,0.0,26.09495812488629,0.09721787901688407,0.08,100.0,100.0,0.5,55.0,0.08,-0.30753094909116996,1.1026466479138588,0.0027,0.0027,0.0077,0.0138
104,1763355092.986462,-0.02283344703358783,0.033905234709934576,0.3713404132043421,-0.014866397078421642,-0.12863211586755996,0.008218049202921813,0.10361368179071156,-0.0042372440213176215,-0.392,-0.143,0.974,0.997,-0.013,0.061,-0.049,0.077,-0.147,0.098,0.0,0.0,0.047,-0.401,-0.143,1.096,0.998,-0.009,-0.008,-0.068,0.063,-0.073,0.169,-0.0,0.0,-0.0,-0.3727959463968321,-0.1705275269258883,0.9962934470965035,0.9989346242011592,-0.004214499176425505,0.00890749949226933,-0.045083378551036675,0.11366387593971919,-0.13096524435922063,0.1341124515594223,0.0,0.0,0.028624480285410342,-0.3717695271829148,-0.11976619908387384,0.9696717063649485,0.9987942471674468,-0.005589585542779946,0.010221177773653264,-0.047689997731099866,0.1345079469173481,0.0005028360638469863,0.08241237133145482,0.0,0.0,0.027815124135269452,0.0,0.0,0.8739495798319328,1.0,0.0,0.0,0.0,26.096853188923802,0.09720611081734877,0.08,100.0,100.0,0.5,55.0,0.08,-0.3204912199186578,1.1063423315340772,0.0029,0.0044,0.0087,0.0118
105,1763355093.0644267,-0.014626884793084714,0.03692779832075639,0.35871315209037874,-0.014657238512824121,0.032470268564920135,0.02782728107033452,0.07611634938181176,-0.004529106076420514,-0.386,-0.15,0.992,0.997,-0.013,0.063,-0.048,0.057,0.057,0.204,0.0,0.0,-0.029,-0.397,-0.147,1.107,0.998,-0.005,-0.01,-0.068,0.064,-0.07,0.179,0.2,-0.2,-0.0,-0.3710001033427116,-0.13708781801268605,1.0371581591621486,0.998824173776625,-0.005596041171478301,0.010217644778900754,-0.0470590473535304,0.09077934491362064,0.06896454937650226,0.23332712164640013,0.0,0.0,0.021829632841981302,-0.367999830482381,-0.11963592469625174,0.9813219886643696,0.9988491634184473,-0.0060728830894137015,0.008585115844090501,-0.046794920826877605,0.13349309118207886,0.013198400353824847,0.11928352370316556,0.0,0.0,0.02712015457888213,0.0,0.0,0.8823529411764706,1.0,0.0,0.0,0.0,26.10992199444864,0.09716237615804779,0.08,100.0,100.0,0.5,55.0,0.08,-0.3184519887348092,1.1132143425053802,0.0028,0.002,0.011,0.0238
106,1763355093.1103275,-0.0025638222063504006,0.03596717601227129,0.37990768509338096,-0.01437905006921289,0.05483023113626481,0.009044812827858167,0.24049009704890334,-0.004105522224252887,-0.382,-0.142,0.994,0.997,-0.011,0.062,-0.048,0.087,0.141,0.045,0.0,0.0,-0.023,-0.393,-0.151,1.119,0.998,-0.003,-0.005,-0.066,0.061,-0.065,0.222,-0.5,-0.3,0.0,-0.3614686476766207,-0.11293646095558782,1.0038343509841905,0.9988875088071938,-0.0060799785816296244,0.008580092279286142,-0.04596912687754956,0.11772960999110596,0.15150411193058932,0.02991253441914594,0.0,0.0,0.02197267109040318,-0.3629230085614747,-0.11495959831772988,0.9861575569533887,0.998906259438512,0.0005654314345124669,0.007710909432126216,-0.046114065290135335,0.13509916338119374,0.03220108880064837,0.11941591528247565,0.0,0.0,0.026685669673905593,0.0,0.0,0.8907563025210083,1.0,0.0,0.0,0.0,26.098958397102166,0.09720483705101196,0.08,100.0,100.0,0.5,55.0,0.08,-0.31040224209474687,1.1181852628613576,0.0019,0.0026,0.0074,0.007
107,1763355093.1886702,-0.02584508170026082,0.0361500800670442,0.36421245415903125,-0.014098266877703783,-0.1173677307969335,0.014402211278466305,0.06398922723826925,-0.003988227818409304,-0.378,-0.151,1.006,0.997,-0.013,0.063,-0.047,0.061,-0.14,0.192,0.0,0.0,0.047,-0.39,-0.155,1.129,0.998,0.0,-0.003,-0.065,0.06,-0.061,0.13,0.4,0.3,0.1,-0.3627942123730555,-0.17784672121777767,1.0415860294785513,0.9990556929015498,0.0005394963445516398,0.007712767380895349,-0.04275446928715747,0.09166446623504695,-0.12882003034058204,0.18188305594909052,0.0,0.0,0.027402780873902282,-0.35901256213549626,-0.12313787324472625,0.9981364718354588,0.9989358222388556,-0.0052277682839110854,0.00737021327653197,-0.04522801612949129,0.13196319669685289,0.008687432145778468,0.12747208287665174,0.0,0.0,0.02651746208984368,0.0,0.0,0.8991596638655461,1.0,0.0,0.0,0.0,26.108475239968712,0.09716059513511884,0.08,100.0,100.0,0.5,55.0,0.08,-0.32371496718562054,1.1229530630652753,0.0021,0.0023,0.0129,0.0109
108,1763355093.2495787,-0.04265049605490242,0.03901721147828138,0.3566311323379312,-0.01365905111742195,-0.09371897741080579,0.027891937081327464,0.09867306120413635,-0.0030907712777297597,-0.376,-0.162,1.019,0.997,-0.013,0.064,-0.045,0.028,-0.214,0.258,0.0,0.0,0.065,-0.386,-0.159,1.142,0.998,-0.008,-0.011,-0.065,0.058,-0.055,0.194,-0.4,-0.2,0.0,-0.36734055722013864,-0.20355133883100987,1.0672270513504805,0.999108546947411,-0.005257172410271121,0.00734926820986409,-0.04123665616488896,0.05886907003370491,-0.20232240716161273,0.23265645106015992,0.0,0.0,0.02846666768971935,-0.356725317529918,-0.13511923996206776,1.013525574201104,0.9989784352421017,-0.003671259776727118,0.007951763617921558,-0.04433257524956647,0.12459350892928707,-0.019956437267070998,0.12346392951968375,0.0,0.0,0.026337251561687893,0.0,0.0,0.907563025210084,1.0,0.0,0.0,0.0,26.12822808506053,0.09706656407446196,0.08,100.0,100.0,0.5,55.0,0.08,-0.34076477665887506,1.1294016949387518,0.0027,0.0027,0.0087,0.0109
109,1763355093.3234541,-0.023900829535954796,0.04350551463596078,0.37794993832981977,-0.013194021039209818,0.07775439657414969,0.037072970092752476,0.24033070458616707,-0.0027969937779725655,-0.376,-0.16,1.022,0.997,-0.013,0.064,-0.045,0.006,0.045,0.053,0.0,0.0,0.0,-0.382,-0.163,1.151,0.998,-0.012,-0.023,-0.065,0.056,-0.057,0.132,-0.0,-1.0,0.1,-0.37165828893356606,-0.15000656159930642,1.0333216641161633,0.9990471421169826,-0.0036838019444205136,0.007945961000269198,-0.04275627597097307,0.03809279067940241,0.06266922375800152,0.030275567786280697,0.0,0.0,0.022379346236565845,-0.35569688553893014,-0.13539341228117052,1.0182887393878732,0.999023350574157,-0.00010964945523003193,0.007519138158584767,-0.04354073432929539,0.11561078985861267,-0.010486427735980597,0.13145067413818828,0.0,0.0,0.025665886399423698,0.0,0.0,0.9159663865546218,1.0,0.0,0.0,0.0,26.11624139283775,0.09712363134212662,0.08,100.0,100.0,0.5,55.0,0.08,-0.33769419462506756,1.1385890005789334,0.0025,0.0031,0.0136,0.0126
110,1763355093.3860555,-0.03632750384480811,0.046197018951298734,0.36719911101381203,-0.013166849810749106,-0.07109618262024958,0.029772089565175047,0.08797709029364337,-0.004811901747400129,-0.373,-0.172,1.041,0.997,-0.015,0.066,-0.044,-0.016,-0.158,0.156,0.0,0.0,0.021,-0.378,-0.166,1.16,0.998,-0.015,-0.006,-0.066,0.048,-0.044,0.14,-0.3,0.3,-0.1,-0.3729784267060016,-0.20128286616062988,1.0667986946110504,0.9991210611499243,-0.00012698134347454551,0.007518865432319373,-0.04123779461851168,0.019206636604589943,-0.1269402158118451,0.12733964654988855,0.0,0.0,0.02341353215099803,-0.35563295536037853,-0.14519373501187754,1.029332894958629,0.9990407157686403,-0.006059337021562558,0.007723064353077033,-0.04267653861713749,0.10441469389779083,-0.02950402329764202,0.12062103205934863,0.0,0.0,0.025192082191487494,0.0,0.0,0.9243697478991596,1.0,0.0,0.0,0.0,26.12141636391398,0.09709177507901218,0.08,100.0,100.0,0.5,55.0,0.08,-0.3494023896004674,1.1471940150110986,0.0025,0.0022,0.0088,0.0141
111,1763355093.4458725,-0.05387336105827753,0.029038683860095182,0.3710115454674634,-0.013221813689473644,-0.10135210000915015,-0.06846779334928077,0.15676183889843615,-0.005212388072653602,-0.366,-0.186,1.046,0.997,-0.018,0.067,-0.042,0.154,-0.312,0.1,0.0,0.0,0.068,-0.375,-0.168,1.167,0.998,-0.011,0.0,-0.064,0.049,-0.033,0.103,0.3,0.7,-0.1,-0.33151338229230454,-0.2445312622165167,1.0624475224587777,0.9992028379563761,-0.006090063074427471,0.007698858349920642,-0.038695314080407606,0.19407040749994245,-0.27162491989197585,0.07900907270864592,0.0,0.0,0.02710607989784564,-0.34797223032609287,-0.1623935027158494,1.0374111601661924,0.9989892388002926,-0.012517262969616208,0.009234474717018507,-0.042172779913853896,0.12002020994396444,-0.06077527368270711,0.09379564631797223,0.0,0.0,0.024744196102008547,0.0,0.0,0.9327731092436974,1.0,0.0,0.0,0.0,26.122326832437448,0.09708304879719186,0.08,100.0,100.0,0.5,55.0,0.08,-0.36863046445843073,1.1432276966794734,0.0022,0.0066,0.0054,0.0068
112,1763355093.5070798,-0.04590392423454818,0.030090909638099066,0.3815549656169409,-0.012724678516523414,0.019644673721792686,0.016150635337555085,0.1918464302976865,-0.002472504268801475,-0.362,-0.194,1.045,0.997,-0.019,0.066,-0.04,0.076,-0.161,-0.022,0.0,0.0,0.055,-0.371,-0.17,1.176,0.998,-0.017,-0.004,-0.063,0.059,-0.011,0.145,-0.1,0.7,0.1,-0.34247548099236186,-0.22193843514055073,1.0423417570910054,0.9991302348313502,-0.01254939057248604,0.009190766660566339,-0.03868871218199722,0.11871494138946659,-0.11331009848244805,-0.012882304098568878,0.0,0.0,0.026018471899896065,-0.3436875200117723,-0.1729424053609858,1.0383464395330224,0.999041907817945,-0.008866516346722295,0.010709983601299293,-0.041496356016088226,0.12477162595184695,-0.06453056331402734,0.09251607353136523,0.0,0.0,0.02402706374370268,0.0,0.0,0.9411764705882353,1.0,0.0,0.0,0.0,26.105036259965374,0.09716563850742065,0.08,100.0,100.0,0.5,55.0,0.08,-0.37662419061629077,1.14645473666346,0.0019,0.0015,0.0062,0.0054
113,1763355093.5796394,-0.03743939068530485,0.035662915890120765,0.3712410679561272,-0.012368188318897402,0.025108696158261133,0.03914412237439563,0.0915136238022839,-0.0029893034555662145,-0.36,-0.201,1.05,0.997,-0.019,0.067,-0.04,0.029,-0.098,0.071,0.0,0.0,0.018,-0.367,-0.171,1.184,0.998,-0.02,-0.007,-0.064,0.083,-0.012,0.154,0.0,-0.9,-0.0,-0.3499439773431982,-0.21562710086134015,1.0628226286563103,0.9991278491496118,-0.008889259720627618,0.01069111418356482,-0.039372861120365595,0.06775729651437294,-0.039487892664864216,0.0805297447889102,0.0,0.0,0.022367461346337297,-0.34151193068655566,-0.18062689128639536,1.044063473727473,0.9990233324213197,-0.01222613554949532,0.012081309005466013,-0.04070558757764558,0.12323404188879268,-0.059222979325915866,0.08040300193010522,0.0,0.0,0.023589935658833102,0.0,0.0,0.9495798319327731,1.0,0.0,0.0,0.0,26.103467419148533,0.09716958170255041,0.08,100.0,100.0,0.5,55.0,0.08,-0.380606234875461,1.1536337750265262,0.0018,0.0018,0.008,0.0096
114,1763355093.6502044,-0.04842671110177657,0.035137074471123936,0.35435248901687155,-0.012089785359120635,-0.06897637358934787,0.010744386363811146,0.05477250578726954,-0.0032460558207027027,-0.361,-0.219,1.069,0.997,-0.024,0.069,-0.036,0.055,-0.248,0.197,0.0,0.0,0.07,-0.363,-0.169,1.192,0.998,-0.021,-0.009,-0.062,0.071,0.021,0.159,0.1,-0.0,0.1,-0.3464578427068181,-0.26202180577486367,1.1097314427513112,0.9991783192685841,-0.01227441434619398,0.012032255408614585,-0.03670490274946118,0.08772520893340786,-0.18075556959455946,0.21082273806634455,0.0,0.0,0.026146855962522055,-0.3384084539899875,-0.19553948004449953,1.0558613575659161,0.9989933617940303,-0.018599898315145972,0.007432178142497192,-0.0401381315233558,0.12358810142104704,-0.07017338277021985,0.09699313387582773,0.0,0.0,0.023716428813108297,0.0,0.0,0.9579831932773109,1.0,0.0,0.0,0.0,26.118289073607837,0.09710307948414565,0.08,100.0,100.0,0.5,55.0,0.08,-0.39484497109469524,1.1582209709198255,0.0033,0.0022,0.0076,0.0118
115,1763355093.7317169,-0.05187775185491173,0.035838148594245445,0.3565553618287799,-0.011742822957267876,-0.03541522042884204,0.01668177354227905,0.14389654744086855,-0.0027988575004064572,-0.361,-0.219,1.069,0.997,-0.024,0.069,-0.036,0.055,-0.248,0.197,0.0,0.0,0.07,-0.358,-0.167,1.203,0.998,-0.022,-0.012,-0.061,0.071,0.041,0.152,-0.0,-0.5,0.1,-0.347030627734314,-0.26164596040954397,1.109864568130422,0.999144297600143,-0.018629147651235484,0.007358556044771996,-0.03618672524340032,0.08469645578194314,-0.1807754679209187,0.17705407376075236,0.0,0.0,0.025625428691843023,-0.335517933397539,-0.2095483020099672,1.0667991625567823,0.999033266539679,-0.01801614366413627,0.006400731050456549,-0.03958511786709279,0.12110233989238259,-0.07544111603017534,0.1284074307822176,0.0,0.0,0.02318242438520745,0.0,0.0,0.9663865546218487,1.0,0.0,0.0,0.0,26.128000263604587,0.09705668609176944,0.08,100.0,100.0,0.5,55.0,0.08,-0.40833245655513006,1.1627185198074685,0.0019,0.0018,0.0074,0.0293
116,1763355093.7774508,-0.01364060286347956,0.04690589921223264,0.35380261876443936,-0.011352990816673588,0.17173158801156893,0.06877805881277803,0.11994454536408952,-0.002454397906004019,-0.352,-0.209,1.081,0.997,-0.024,0.069,-0.036,-0.038,0.177,0.245,0.0,0.0,-0.035,-0.354,-0.162,1.21,0.998,-0.019,0.002,-0.061,0.057,0.074,0.086,0.3,0.6,0.0,-0.3565954096365431,-0.16719123819214196,1.1247160974908055,0.9990361065392889,-0.01801660324902158,0.0063994373092031475,-0.03951337799165833,-0.0072328028240868725,0.24308041698955388,0.17915904778637595,0.0,0.0,0.01629465753127193,-0.3362309101928516,-0.20353734933029083,1.0808593732622287,0.9991189920294713,-0.01605942588395199,0.007188556357453416,-0.03810064650090052,0.1058470807496032,-0.021576319102756113,0.1417888872431371,0.0,0.0,0.022130108328542456,0.0,0.0,0.9747899159663865,1.0,0.0,0.0,0.0,26.143702853953076,0.09699073709609861,0.08,100.0,100.0,0.5,55.0,0.08,-0.3956937425807391,1.1748919509567646,0.0019,0.0017,0.0082,0.0078
117,1763355093.8528595,-0.015099430173290906,0.05316189810425727,0.35154144072835514,-0.011380238910265565,-0.012409362622861533,0.04886970666471033,0.12137009185624359,-0.004393612024212477,-0.356,-0.209,1.099,0.996,-0.025,0.072,-0.036,-0.065,0.002,0.274,0.0,0.0,0.013,-0.35,-0.157,1.216,0.998,-0.024,-0.005,-0.06,0.076,0.09,0.094,-0.3,-0.4,0.1,-0.3659234606562151,-0.20199842144633132,1.1440175013245761,0.9991857859297557,-0.01607230600157208,0.007159712425667748,-0.036306813323536136,-0.032208514884625936,0.06470630590221556,0.18046310989113942,0.0,0.0,0.019712463519149858,-0.3386251922188607,-0.20452461584620332,1.0971201076182404,0.9991123272136475,-0.018824160158966204,0.007190507338636959,-0.03699331302075655,0.08897071242633486,-0.00046770357142694236,0.1305816079528356,0.0,0.0,0.02163146927854486,0.0,0.0,0.9831932773109243,1.0,0.0,0.0,0.0,26.164699852504345,0.09688389469930626,0.08,100.0,100.0,0.5,55.0,0.08,-0.39738793145650925,1.1866247275372126,0.0031,0.0024,0.0102,0.0123
118,1763355093.935859,-0.016614651027779172,0.03768957645174732,0.3821560981774716,-0.011160581986197482,-0.013238390587425434,-0.057425896473453225,0.2849013275187153,-0.0031693049710091736,-0.349,-0.21,1.098,0.997,-0.026,0.071,-0.035,0.106,-0.015,-0.017,0.0,0.0,0.028,-0.346,-0.15,1.22,0.998,-0.021,-0.005,-0.061,0.078,0.11,0.051,0.0,-0.4,0.1,-0.32439280644913,-0.20684495473390704,1.0862352268296194,0.9991951824402778,-0.018840733680816225,0.0071469682975342326,-0.034683353163474026,0.14427313799301936,0.03466052393429191,-0.10436608691176089,0.0,0.0,0.020827350714193678,-0.33330380382058283,-0.20589439893592737,1.0990446891455454,0.9990923966139063,-0.02062879280693526,0.007785671231841792,-0.03644474254373902,0.09936770912291859,0.0178670511391167,0.08824428196033787,0.0,0.0,0.021126051211160634,0.0,0.0,0.9915966386554621,1.0,0.0,0.0,0.0,26.14893937204559,0.09696323396389639,0.08,100.0,100.0,0.5,55.0,0.08,-0.39944949331603835,1.1861889450695429,0.0029,0.0031,0.0179,0.0192
119,1763355094.0006323,-0.002727499277931554,0.04563619891238701,0.3677563263676485,-0.010938280346636655,0.06320526461382091,0.053866703472603646,0.07130967776743612,-0.0030737100470199256,-0.351,-0.202,1.102,0.996,-0.024,0.072,-0.035,-0.032,0.157,0.083,0.0,0.0,0.007,-0.341,-0.141,1.219,0.998,-0.014,0.002,-0.062,0.059,0.134,-0.022,0.1,0.3,-0.1,-0.35321626074655954,-0.1665954656736865,1.1105639297450887,0.9991466634932099,-0.02064060875244814,0.007754291684619183,-0.03492536415249999,0.01254359523263374,0.18888498699381284,0.04568041639664573,0.0,0.0,0.018774517301403004,-0.3342976549476232,-0.1986397398263503,1.104806057386498,0.9992700107922456,-0.009283039001637537,0.010717484945188713,-0.035474021968322555,0.09045265031726912,0.05185701255614262,0.06045958884614667,0.0,0.0,0.02041576899530144,0.0,0.0,1.0,1.0,0.0,0.0,0.0,26.15221084386863,0.09695104500649455,0.08,100.0,100.0,0.5,55.0,0.08,-0.393037820850606,1.1958994069433675,0.0096,0.0051,0.0141,0.0123
120,1763355094.052125,0.021356358652302464,0.05354935334646782,0.36895074800321115,-0.010664805689014468,0.11939647742194576,0.05667934676254917,0.14388073056568157,-0.0027344818418778023,-0.355,-0.178,1.105,0.996,-0.021,0.074,-0.036,-0.07,0.368,0.039,0.0,0.0,-0.041,-0.336,-0.133,1.218,0.998,-0.016,-0.003,-0.06,0.085,0.142,-0.011,-0.0,-0.0,0.1,-0.36433129170732215,-0.10212397352059603,1.1093020155800162,0.999261144910744,-0.009280369498305097,0.010719796576017604,-0.03572289147049583,-0.024574345131324796,0.3861432201359496,0.024061055694073727,0.0,0.0,0.014436806952543764,-0.3373429882052506,-0.18041000383379222,1.1079943296235504,0.9992858855445673,-0.006966658152223862,0.013443951580216013,-0.03461856137260532,0.08011661849389654,0.10400607741006647,0.02742628085230161,0.0,0.0,0.019979139183012144,0.0,0.0,1.0,1.0,0.0,0.0,0.0,26.15434992371124,0.09695195968274467,0.08,100.0,100.0,0.5,55.0,0.08,-0.3746224967939038,1.2085617035564862,0.003,0.0023,0.0126,0.0096
121,1763355094.1178484,-0.0033012648162130294,0.040340965801938994,0.3629439061970363,-0.010392385693955133,-0.11527948284796405,-0.0459609302177187,0.10832232147032979,-0.0026372021580837587,-0.344,-0.163,1.103,0.996,-0.019,0.074,-0.036,0.07,0.001,0.067,0.0,0.0,0.071,-0.331,-0.123,1.217,0.998,-0.009,-0.007,-0.06,0.087,0.146,-0.005,0.2,-0.3,0.0,-0.32549139568941765,-0.16124390939300012,1.1197315122695568,0.9994110827654847,-0.007018070099943999,0.013417184949661086,-0.030793075286830143,0.11528748822879147,0.005680103031867722,0.08269317971121412,0.0,0.0,0.023389274378667904,-0.33348735947232994,-0.1772073682228294,1.110502264243336,0.9993533012114642,-0.0057522762604040765,0.009733025665043497,-0.034134423782682936,0.0915675167698177,0.09653389332454733,0.056875895483039944,0.0,0.0,0.020048415425279277,0.0,0.0,1.0,1.0,0.0,0.0,0.0,26.155183252156114,0.0969474079271914,0.08,100.0,100.0,0.5,55.0,0.08,-0.38151460210075255,1.2098294148371107,0.0049,0.0026,0.0103,0.007
122,1763355094.1790557,0.008267344796884683,0.03921453063237065,0.3874538443107964,-0.010260639137817714,0.05660507375940865,0.009495686327885403,0.2586536553926892,-0.0032384118545460724,-0.342,-0.15,1.097,0.997,-0.018,0.072,-0.036,0.041,0.239,-0.117,0.0,0.0,-0.003,-0.325,-0.113,1.216,0.998,-0.001,0.003,-0.06,0.089,0.151,-0.026,0.3,0.5,0.0,-0.32944356944445824,-0.10253381584726316,1.0714148165121626,0.9993898448777012,-0.0057628614760505,0.009726761967903641,-0.03304720085804283,0.08556279437250087,0.22702472126188816,-0.14091318627244295,0.0,0.0,0.01675447347562014,-0.33080784484649933,-0.16312161747695167,1.1055151386753814,0.9993674182936896,-0.0010332518835744608,0.01118598600946355,-0.033742693439423654,0.095347211234637,0.12004679205110018,0.02421605347666258,0.0,0.0,0.019511885225937376,0.0,0.0,1.0,1.0,0.0,0.0,0.0,26.134147788952433,0.09697735142072059,0.08,100.0,100.0,0.5,55.0,0.08,-0.3721849529740565,1.2145942432015315,0.0021,0.002,0.0097,0.0072
123,1763355094.2532837,0.02906031522427173,0.014255685443927014,0.4134072864351423,-0.00984808392559625,0.107065106435767,-0.11008877695507922,0.27506240223827844,-0.001784963615574326,-0.333,-0.114,1.087,0.997,-0.012,0.072,-0.038,0.3,0.393,-0.382,0.0,0.0,-0.024,-0.319,-0.103,1.215,0.998,-0.003,-0.008,-0.059,0.098,0.154,0.011,-0.2,-0.5,-0.0,-0.26837993160300966,-0.037441528281278204,1.0101446097336675,0.999377170978287,-0.001036498894731092,0.01118568560706252,-0.0334525968345804,0.3440861306039408,0.37103399170181806,-0.35730329307746794,0.0,0.0,0.01471647407758509,-0.3165088263742494,-0.1402352964439474,1.087919972700435,0.9992892640993079,0.007803711412882416,0.014195849469078602,-0.034037429425554586,0.1373886520325687,0.15489882287763973,-0.03546872890074923,0.0,0.0,0.018899241262550635,0.0,0.0,1.0,1.0,0.0,0.0,0.0,26.083773127659953,0.09698557635085754,0.08,100.0,100.0,0.5,55.0,0.08,-0.3515477260811077,1.2046058664657442,0.0026,0.0036,0.0077,0.0135
124,1763355094.3166642,0.018323744395575884,0.03312503927006401,0.35430413268320693,-0.010350957352502584,-0.042785235934377316,0.09969265117215759,-0.14048803634649826,-0.006207398606630262,-0.334,-0.104,1.092,0.997,-0.012,0.072,-0.039,-0.008,0.207,0.114,0.0,0.0,-0.023,-0.312,-0.094,1.215,0.998,-0.004,-0.002,-0.06,0.104,0.155,0.002,0.2,0.3,-0.1,-0.3313805119435919,-0.06498620851793356,1.1175104898054509,0.9992993855279867,0.007799471173705043,0.014198179579609305,-0.03373896900357388,0.02685229332273753,0.1776275870992464,0.20990659621758748,0.0,0.0,0.014241721863845843,-0.3157099485499534,-0.1256877966138624,1.0926773888288412,0.9993718931104917,0.0030360371408655203,0.010608607346902643,-0.033675795304496506,0.1288696304963312,0.15704117609511645,-0.028999289466556475,0.0,0.0,0.018361010429721752,0.0,0.0,1.0,1.0,0.0,0.0,0.0,26.10466631534163,0.09703344078367178,0.08,100.0,100.0,0.5,55.0,0.08,-0.3478424722072953,1.2153680416576784,0.0017,0.0014,0.015,0.0073
125,1763355094.3999696,0.010645518996032768,0.034570801655906945,0.35268660146113257,-0.010285846930281539,-0.03151972284937463,0.019650701655488725,0.1247763936458305,-0.0035560568960832464,-0.329,-0.093,1.1,0.997,-0.011,0.072,-0.038,0.072,0.168,0.113,0.0,0.0,0.005,-0.305,-0.085,1.222,0.998,0.002,-0.012,-0.059,0.104,0.125,0.116,0.0,-0.4,-0.0,-0.31165988210854373,-0.06245355662841883,1.1345005347866393,0.9994152067873822,0.0030221189319662796,0.010612580672132608,-0.03236486321263942,0.0934075366072549,0.13089358864557135,0.18025337281928694,0.0,0.0,0.017026229760538938,-0.31132122165911114,-0.11298828381643256,1.0970146292409972,0.9993815486042916,0.005952930479322767,0.009272123886614045,-0.03339327247556855,0.13111148307014392,0.1536967448554375,0.02115682588418355,0.0,0.0,0.0181536494121239,0.0,0.0,1.0,1.0,0.0,0.0,0.0,26.11841230524155,0.09708437028076543,0.08,100.0,100.0,0.5,55.0,0.08,-0.3464765888082683,1.2202960977821937,0.0058,0.0055,0.0129,0.0178
126,1763355094.453177,0.027202828345253657,0.027460548077726025,0.3619980905005808,-0.010137109708620303,0.08677861636961673,-0.02258721726993953,0.1788149207451658,-0.003113506490549405,-0.32,-0.073,1.104,0.997,-0.009,0.07,-0.04,0.17,0.371,0.083,0.0,0.0,-0.041,-0.299,-0.077,1.228,0.998,0.003,-0.014,-0.058,0.112,0.133,0.094,0.3,-0.2,0.0,-0.28457026574492983,-0.003217751745056851,1.1281536820568148,0.9993690061636689,0.005956393297183123,0.009269899759417076,-0.03376654937627648,0.18336524104287624,0.32723515698222727,0.08401195861915575,0.0,0.0,0.013210258413205573,-0.3021863279228916,-0.09097070137651758,1.1003369656641138,0.9993568819845291,0.012604639049728012,0.0008300406376525712,-0.033559745784584157,0.14085973342805477,0.17331616621118606,0.09968411249329594,0.0,0.0,0.017388216392455618,0.0,0.0,1.0,1.0,0.0,0.0,0.0,26.116274874352204,0.09707529137141702,0.08,100.0,100.0,0.5,55.0,0.08,-0.32988756322249896,1.220036165378489,0.0029,0.0028,0.0074,0.0132
127,1763355094.5202425,0.022599945339558093,0.03294731395509317,0.35950904855847443,-0.010277880252024996,-0.012813354399007694,0.03773153491598295,0.1233040742271864,-0.0045052688577560856,-0.316,-0.062,1.113,0.997,-0.008,0.07,-0.04,0.087,0.257,0.196,0.0,0.0,-0.024,-0.292,-0.069,1.231,0.998,-0.003,-0.011,-0.057,0.113,0.122,0.045,-0.2,-0.2,0.0,-0.2974968984882637,-0.014916218986052474,1.140479130723175,0.9993660446929775,0.012604411023944637,0.0008334961148954967,-0.03328577506502654,0.09964416939315447,0.21341204047418605,0.10143767526032177,0.0,0.0,0.014526089044089316,-0.2968666400619723,-0.0743518703422816,1.1122923261895683,0.9993606336055805,0.011602335305060212,0.0041622720956786775,-0.03356166423053301,0.13443116935105712,0.17327488472400127,0.07357332391676233,0.0,0.0,0.0177907379031917,0.0,0.0,1.0,1.0,0.0,0.0,0.0,26.13469357322381,0.09712709980225945,0.08,100.0,100.0,0.5,55.0,0.08,-0.323060599850362,1.2246332642876239,0.0025,0.0025,0.0142,0.0087
128,1763355094.613192,0.005448394233545997,0.04146047127078909,0.3719375863494754,-0.010310853569523559,-0.0772827760277262,0.05492102931163954,0.19695858216443252,-0.004019071682002195,-0.316,-0.055,1.116,0.997,-0.009,0.071,-0.04,0.005,0.101,0.047,0.0,0.0,0.013,-0.286,-0.063,1.231,0.998,0.001,-0.011,-0.057,0.11,0.111,0.007,-0.1,-0.5,-0.0,-0.31348482934603433,-0.039072605365171535,1.1176838856617473,0.9994136635218993,0.011595580945483202,0.004181052028647684,-0.031943551339925956,0.019360488789033122,0.05494850999990819,-0.01941517956483089,0.0,0.0,0.01771334955882086,-0.29561325745841655,-0.06518443091651174,1.1162910776491557,0.9993890807123422,0.0095383965331137,0.0049736052397075965,-0.03325278327352753,0.11959564082805782,0.15234527332984313,0.04148876634008411,0.0,0.0,0.017974874927076265,0.0,0.0,1.0,1.0,0.0,0.0,0.0,26.13525239051313,0.0971291915447355,0.08,100.0,100.0,0.5,55.0,0.08,-0.32713742417479924,1.2328768920292483,0.0029,0.0053,0.027,0.0178
129,1763355094.6443071,0.006121231824158151,0.03511725022105425,0.3671421262781927,-0.010054775402317796,0.0054073357906405176,-0.01616842852212827,0.11549929452464003,-0.0025861792525425213,-0.309,-0.044,1.12,0.997,-0.008,0.071,-0.04,0.107,0.165,0.059,0.0,0.0,0.009,-0.28,-0.056,1.229,0.998,0.004,-0.01,-0.056,0.086,0.099,-0.003,-0.2,0.1,0.0,-0.28622449615691964,-0.01584987923802666,1.127317652221023,0.9994369477915908,0.009531064783544891,0.004987640884750296,-0.031781592652443805,0.12298794737428738,0.1170616885297912,0.02975932072476672,0.0,0.0,0.017444634353037575,-0.28979609814573937,-0.053444833121822063,1.1199513492839532,0.9993489200525931,0.014064991658089753,0.002999781986751105,-0.033089474269104455,0.1206454511376081,0.1414820963436349,0.03235188809371941,0.0,0.0,0.01787569423464336,0.0,0.0,1.0,1.0,0.0,0.0,0.0,26.139194534604805,0.09714068202535753,0.08,100.0,100.0,0.5,55.0,0.08,-0.3249188832712735,1.234514321012245,0.0019,0.0016,0.0081,0.0081
130,1763355094.7166111,0.01238318249739112,0.03059139034203758,0.3893417152839853,-0.009946227665285277,0.033605215300224145,-0.009460330562187987,0.24867624238328487,-0.0032278020907065864,-0.299,-0.017,1.115,0.997,-0.006,0.07,-0.041,0.122,0.214,-0.151,0.0,0.0,-0.012,-0.274,-0.051,1.227,0.998,0.0,-0.013,-0.056,0.084,0.078,-0.027,-0.3,-0.2,-0.0,-0.27292529235045987,0.020976464113299478,1.0816846786455043,0.9993720727297357,0.014062866536711993,0.003009728738739901,-0.03238267384824343,0.1421075177926158,0.17130311825977088,-0.1706489223924295,0.0,0.0,0.015422768791641164,-0.2830310941637264,-0.03868919479630512,1.113781685838431,0.9993485012915391,0.013787608628431024,0.004302702492309832,-0.033075089809804496,0.12348004010050552,0.137792752971626,-0.011203202251503449,0.0,0.0,0.017922449250958476,0.0,0.0,1.0,1.0,0.0,0.0,0.0,26.118361958923842,0.09706673517000143,0.08,100.0,100.0,0.5,55.0,0.08,-0.31853825063715785,1.235435792920907,0.0025,0.0055,0.0094,0.008
131,1763355094.7834768,-0.007662638868493237,0.034528080181837575,0.3684049028721522,-0.009798887267551855,-0.09558541339290012,0.031155220577264067,0.04131908117232911,-0.0029931333858148708,-0.296,-0.019,1.115,0.997,-0.007,0.071,-0.04,0.045,-0.028,0.001,0.0,0.0,0.038,-0.268,-0.046,1.225,0.998,-0.0,-0.013,-0.055,0.083,0.066,-0.029,-0.1,-0.2,-0.0,-0.28465727705996197,-0.028444970501670712,1.1161006063401024,0.9994288751683535,0.013776693961070206,0.0043375227873898945,-0.030550156780147674,0.06836325995937344,-0.06368943411383979,0.03582439393495139,0.0,0.0,0.01939738413684477,-0.2798528294159465,-0.0357045817015704,1.1135395766141902,0.9993964666818289,0.008930677512782616,0.007295235139107725,-0.03276774217586568,0.11785520875837147,0.10263575471460137,-0.005360740569621176,0.0,0.0,0.018191209987989992,0.0,0.0,1.0,1.0,0.0,0.0,0.0,26.11945443246359,0.09707381874160688,0.08,100.0,100.0,0.5,55.0,0.08,-0.32785737335204557,1.240180902721539,0.0019,0.0017,0.0092,0.0124
132,1763355094.8538496,-0.009649918649224752,0.038847867200254335,0.37834390808013385,-0.009587800530515408,-0.01280988847934255,0.03454696516027286,0.18784686461696531,-0.002619149040149719,-0.294,-0.021,1.112,0.997,-0.007,0.07,-0.038,0.015,0.025,-0.084,0.0,0.0,0.027,-0.263,-0.042,1.224,0.998,0.003,-0.012,-0.056,0.077,0.056,0.007,-0.2,-0.3,-0.0,-0.28866550949898795,-0.019169881057339213,1.0972268548352315,0.999463126892796,0.008915325515098094,0.007313988483176203,-0.030667254932626023,0.03692494069444623,-0.0037992684430589512,-0.06260937177563554,0.0,0.0,0.01822801525243864,-0.27813281262463674,-0.0314955034813087,1.1097052242384322,0.9994213937856326,0.0076893671457773675,0.0061304164060567625,-0.03256024064974945,0.10951458308587933,0.08313189540311272,-0.023346028039887827,0.0,0.0,0.017955719728289438,0.0,0.0,1.0,1.0,0.0,0.0,0.0,26.110435378435557,0.09702549570061508,0.08,100.0,100.0,0.5,55.0,0.08,-0.33195425392842226,1.2467691488197374,0.0027,0.0094,0.0103,0.0064
133,1763355094.9175684,0.008585644754101214,0.022237515434316048,0.38605320840368784,-0.009484240071432757,0.08755909752317056,-0.06848380862959608,0.18042546714782004,-0.003077622903530016,-0.285,-0.012,1.105,0.997,-0.006,0.069,-0.038,0.213,0.201,-0.168,0.0,0.0,-0.008,-0.258,-0.038,1.225,0.998,-0.005,-0.014,-0.055,0.083,0.054,0.029,-0.3,-0.2,0.0,-0.2403541323686829,0.02543580464624486,1.0771827254712425,0.9994472472089941,0.007684436190086498,0.006136596194528301,-0.03175675792567153,0.23469069976226337,0.18043283559280082,-0.12225252841958252,0.0,0.0,0.014992171706011505,-0.26752077701036386,-0.01971958590675323,1.1009752882921995,0.9994321129657885,0.008649627453675115,0.004813171752878653,-0.03220976397505949,0.12921035524222038,0.09049577103556561,-0.010863384125541404,0.0,0.0,0.017609251018766762,0.0,0.0,1.0,1.0,0.0,0.0,0.0,26.086817719920468,0.09687674893318692,0.08,100.0,100.0,0.5,55.0,0.08,-0.32352645252510354,1.241789663779976,0.0018,0.0048,0.0117,0.008
134,1763355094.9777117,-0.01770975133762831,0.03249636405565321,0.35884569824979373,-0.009176028547495803,-0.12825736367585966,0.0596333113945543,0.00873240238191227,-0.0020155324071025145,-0.283,-0.019,1.115,0.997,-0.01,0.071,-0.037,0.02,-0.146,0.098,0.0,0.0,0.062,-0.253,-0.034,1.226,0.998,0.0,-0.009,-0.055,0.078,0.046,0.01,0.3,-0.2,-0.0,-0.2768215031418362,-0.04968774650313974,1.1347330033285155,0.9995344194306718,0.008633452807402676,0.004842124537063254,-0.028861075793876055,0.041297315252619524,-0.15840978433139075,0.12773301075595897,0.0,0.0,0.02064471209674041,-0.26545966559516143,-0.02418128872023939,1.106213554452797,0.9994676912853512,0.003067202902655173,0.0055562090046605145,-0.032000857560077645,0.1182811212006451,0.05111353955367429,-0.004697259624993587,0.0,0.0,0.017632318871094177,0.0,0.0,1.0,1.0,0.0,0.0,0.0,26.102818151644907,0.09698869891135048,0.08,100.0,100.0,0.5,55.0,0.08,-0.33735710319839896,1.2481116514995676,0.0025,0.0018,0.0068,0.0079
135,1763355095.0458343,-0.017853787730602564,0.0320109461504699,0.36617531363420225,-0.009072525396017576,-0.007361338716481883,0.009759046994953419,0.171215213765715,-0.0029234949479197926,-0.278,-0.022,1.116,0.997,-0.011,0.072,-0.036,0.072,-0.05,0.027,0.0,0.0,0.034,-0.248,-0.031,1.229,0.998,-0.001,-0.008,-0.055,0.071,0.049,0.048,-0.0,-0.1,0.0,-0.26144300472235327,-0.032892343328216195,1.1254670361090644,0.99953873664786,0.0030543992157621154,0.005563257820762819,-0.029699069821303464,0.09049233979311298,-0.05806426367669256,0.040478061730401346,0.0,0.0,0.017877459726576,-0.26119009265337584,-0.025189672909086334,1.107731271563428,0.9994695908076453,0.0008040145044795218,0.007122777945488581,-0.03176722596976209,0.11805700168441233,0.03486338673351899,0.013069434294273357,0.0,0.0,0.017292607231679035,0.0,0.0,1.0,1.0,0.0,0.0,0.0,26.10530847377329,0.09700618635276272,0.08,100.0,100.0,0.5,55.0,0.08,-0.3431297725257263,1.251300058200847,0.0018,0.0015,0.0088,0.0075
136,1763355095.1265461,0.007343682230519091,0.03497036117060655,0.36164985049933046,-0.009102787717398173,0.11929217940663231,0.026801179907109448,0.11468842693846686,-0.0035535086304095825,-0.276,-0.014,1.12,0.997,-0.01,0.071,-0.036,0.054,0.208,0.089,0.0,0.0,-0.023,-0.243,-0.028,1.233,0.999,-0.007,-0.005,-0.054,0.063,0.05,0.055,-0.1,0.3,-0.1,-0.26361172208930866,0.026763384185024344,1.1389625709134974,0.9994757325821224,0.0008026331801344914,0.007122933732830817,-0.03157339979231774,0.06970780547161948,0.20559500658775676,0.07962155702212492,0.0,0.0,0.012869843826928774,-0.2577763577202156,-0.014687852807647395,1.1122890942342087,0.9994882016832185,0.004920587976014627,0.002112938687061481,-0.03153819906273883,0.11291647254398614,0.055770580973789445,0.048113347309902604,0.0,0.0,0.016793772928252456,0.0,0.0,1.0,1.0,0.0,0.0,0.0,26.111433406131333,0.09704632991819412,0.08,100.0,100.0,0.5,55.0,0.08,-0.33241253943156357,1.2565359354135017,0.0084,0.003,0.0107,0.0109
137,1763355095.1778867,-0.009957347102120009,0.02866757949599702,0.3918598491806406,-0.009175555740009424,-0.08375126582675083,-0.018400022934070157,0.2866686873437998,-0.003777385507080582,-0.271,-0.018,1.113,0.997,-0.011,0.07,-0.035,0.118,-0.078,-0.144,0.0,0.0,0.024,-0.238,-0.025,1.236,0.998,-0.008,-0.012,-0.053,0.076,0.059,0.045,-0.2,-0.0,0.1,-0.24596754297135268,-0.0334462324609838,1.0782621780369006,0.9995462343996875,0.00491657065300522,0.002122269761125731,-0.02964200737939562,0.13415982793091769,-0.07525966428557662,-0.19399633582719436,0.0,0.0,0.01676499393805558,-0.2516440123300196,-0.01726500833453282,1.1073056322038821,0.9995008200520935,-0.001853363171586442,0.004375759292119624,-0.031233451470568697,0.1160711519550352,0.03540911952604462,-0.003681124729583426,0.0,0.0,0.016456550938680436,0.0,0.0,1.0,1.0,0.0,0.0,0.0,26.09070825434901,0.09691414662377058,0.08,100.0,100.0,0.5,55.0,0.08,-0.34018276168130446,1.2561809852296286,0.0024,0.0029,0.0046,0.0095
138,1763355095.266757,-0.010831511065743586,0.030847455274281857,0.3648624328778185,-0.009046600471607201,-0.008104824981412899,0.021649721202423054,0.011960361928629586,-0.0027960570604924186,-0.266,-0.024,1.122,0.997,-0.014,0.071,-0.034,0.068,-0.018,0.048,0.0,0.0,0.026,-0.233,-0.021,1.237,0.998,-0.005,-0.014,-0.053,0.073,0.052,0.026,0.1,0.1,-0.0,-0.25056735532381846,-0.02704159627561608,1.1295971084671501,0.9995604176006501,-0.0018619808866164505,0.004372099221911508,-0.029264130630960346,0.08652431647196233,-0.016367145730605222,0.06590936482507354,0.0,0.0,0.017022959928274087,-0.24767931622979028,-0.01792732632657463,1.1104130550995521,0.9995028246836917,-0.003722955706710137,0.0045474985691177335,-0.030976818863325654,0.1133485797258527,0.030702452444043883,-0.0021733024912503375,0.0,0.0,0.016253452463560934,0.0,0.0,1.0,1.0,0.0,0.0,0.0,26.09866330452557,0.09696781398804707,0.08,100.0,100.0,0.5,55.0,0.08,-0.34354336842957856,1.2594633296506823,0.0023,0.0045,0.0155,0.02
139,1763355095.321436,7.975793593852608e-05,0.03868908424252015,0.3530985228300482,-0.00891148068843543,0.05049452835875672,0.05077594056904712,0.0780038620903306,-0.00271687626099385,-0.266,-0.017,1.132,0.997,-0.011,0.073,-0.033,0.003,0.097,0.147,0.0,0.0,0.018,-0.229,-0.017,1.24,0.998,-0.008,-0.013,-0.053,0.076,0.053,0.065,-0.2,-0.4,0.1,-0.2635583542806132,0.002179929372985176,1.16165519843732,0.9995534564336149,-0.0037305904354821974,0.004541237434107819,-0.02929756968049144,0.020482666444306855,0.09556076576412839,0.15187226325288894,0.0,0.0,0.016234390789380094,-0.24684812607638362,-0.013060536791125872,1.1185419665755096,0.9995093794360468,0.0031682099763466636,0.0051934076555619855,-0.03072444274250804,0.10210673263583485,0.03957213985467742,0.003653116140446999,0.0,0.0,0.01618275219283334,0.0,0.0,1.0,1.0,0.0,0.0,0.0,26.120389144517294,0.09712500441527652,0.08,100.0,100.0,0.5,55.0,0.08,-0.3398212805822865,1.2668733483620698,0.0057,0.0019,0.0115,0.0102
140,1763355095.4041188,-0.0005078865099316437,0.03288435068757825,0.3713846811696441,-0.00891705253714204,-0.0029083130033738976,-0.014515261183764413,0.22384273775924754,-0.003369664501696325,-0.262,-0.015,1.131,0.997,-0.011,0.072,-0.033,0.088,0.05,-0.02,0.0,0.0,0.009,-0.225,-0.014,1.242,0.999,-0.002,-0.01,-0.051,0.083,0.061,-0.02,0.8,0.5,0.2,-0.24270483293871697,-0.005238232958500795,1.131294175731379,0.9995498043605426,0.0031612211603595877,0.005197664697377772,-0.029379917720614872,0.10538278682236263,0.04872248703184858,-0.027656744821294252,0.0,0.0,0.015288590526883085,-0.24234009966927522,-0.01032102042202374,1.117921025035651,0.9995317968729271,-0.0005027799019778811,0.00369426542811314,-0.03036917277922094,0.10423888030229415,0.039170778054020826,0.03932475187787424,0.0,0.0,0.016188255202364672,0.0,0.0,1.0,1.0,0.0,0.0,0.0,26.111859973501545,0.09706480622857386,0.08,100.0,100.0,0.5,55.0,0.08,-0.33914030036728643,1.2683639863800438,0.0027,0.005,0.0133,0.0241
141,1763355095.4454262,-0.0024868894111441074,0.02925217477001396,0.3724970036908029,-0.008858717364449376,-0.010085471947286683,-0.005829248079979608,0.14483086804441073,-0.0030522188379649507,-0.255,-0.013,1.133,0.997,-0.013,0.072,-0.032,0.099,0.025,0.017,0.0,0.0,0.015,-0.221,-0.01,1.245,0.999,-0.008,-0.013,-0.051,0.063,0.053,0.028,-0.2,-0.1,0.0,-0.2334951012246234,-0.007923634435426532,1.129875855282679,0.9995777139790207,-0.0005085112505669064,0.0036934808773339723,-0.028818281208149988,0.11794705679384403,0.022789722673787555,-0.030271357224615367,0.0,0.0,0.01573061449915882,-0.23713241474650054,-0.008730812100029796,1.1207226880735361,0.9995403565566944,-0.0014372262950470018,0.004032246447551053,-0.03001251378474139,0.10677897234006116,0.03793908280243587,0.020834658105397585,0.0,0.0,0.016056726236533907,0.0,0.0,1.0,1.0,0.0,0.0,0.0,26.111730174812678,0.0970629692924656,0.08,100.0,100.0,0.5,55.0,0.08,-0.3400171351133158,1.2691763427184617,0.003,0.0017,0.0096,0.0066
142,1763355095.5085928,-0.0035157859236854792,0.027711577975869282,0.3705626159872334,-0.008788189559925776,-0.0060770660918859016,0.003266581568031843,0.1300144378662032,-0.0029693799890505223,-0.255,-0.013,1.133,0.997,-0.013,0.072,-0.032,0.099,0.025,0.017,0.0,0.0,0.015,-0.217,-0.006,1.246,0.999,-0.006,-0.011,-0.053,0.059,0.053,0.001,0.0,-0.2,0.0,-0.2331571638308858,-0.008457179946920244,1.1309563819329524,0.9995855161619456,-0.0014434520273450813,0.004030021970376341,-0.028468776728550724,0.11891940960211127,0.018531318404880377,-0.009399025400563902,0.0,0.0,0.015648570509117776,-0.23229657347767158,-0.007231290968112664,1.1231501953319791,0.999536916351916,0.0016892373583996276,0.006418862342640053,-0.02969675963933034,0.1101887717093085,0.03531892029000505,-0.00936105044510269,0.0,0.0,0.015863911556963674,0.0,0.0,1.0,1.0,0.0,0.0,0.0,26.116008683754334,0.09708999351041532,0.08,100.0,100.0,0.5,55.0,0.08,-0.34072662812414045,1.270324346359739,0.0015,0.0012,0.0068,0.0069
143,1763355095.5922635,0.0076699933585957815,0.03928541971932144,0.3606710202315096,-0.00880093326598019,0.054610476690024244,0.06826105045821172,0.08950300221659305,-0.003359289615244243,-0.256,-0.003,1.138,0.997,-0.012,0.073,-0.033,-0.022,0.152,0.071,0.0,0.0,-0.012,-0.213,-0.003,1.246,0.998,-0.001,-0.015,-0.053,0.053,0.048,0.012,-0.0,-0.1,-0.1,-0.2583981403227475,0.026531171266687293,1.15290846036408,0.9995531570866362,0.0016856937998491169,0.0064197938471516145,-0.029144996852146485,-0.004400075202051016,0.14368041584277771,0.07671566922450652,0.0,0.0,0.013290180370255268,-0.23299873490845724,0.00030622547752869565,1.1269703757011005,0.9995499960877317,0.0020507555073928283,0.00505137822437901,-0.029497174456185972,0.0966844284873439,0.049221123545108984,0.0070701919628055245,0.0,0.0,0.015681465699395512,0.0,0.0,1.0,1.0,0.0,0.0,0.0,26.12573734193579,0.09715604498671852,0.08,100.0,100.0,0.5,55.0,0.08,-0.33400144151365846,1.2791265079916765,0.0026,0.0019,0.0092,0.0206
144,1763355095.6559598,0.007223317007663161,0.039090465143818615,0.3621141298718664,-0.008795955017297921,0.0006428657548103178,0.013757259517231439,0.14246718078860052,-0.0032754587313312293,-0.251,0.01,1.145,0.997,-0.011,0.074,-0.033,0.027,0.092,0.069,0.0,0.0,0.001,-0.21,0.001,1.248,0.999,-0.008,-0.016,-0.05,0.063,0.064,0.038,-0.2,-0.4,0.1,-0.24407298576427247,0.0276003042407257,1.158165241616595,0.9995796344346556,0.0020455894003981964,0.005053472481552758,-0.028475119022813297,0.04243014574482592,0.08259097394331912,0.04916806160877749,0.0,0.0,0.014361374975367436,-0.23140926780560123,0.005928384517265319,1.1313185905215348,0.9995635686808535,0.0017089354399913578,0.003697488531778155,-0.029258849673489372,0.09055686825368042,0.05316653010074969,0.018914420132492574,0.0,0.0,0.01559358868048262,0.0,0.0,1.0,1.0,0.0,0.0,0.0,26.13362201041115,0.09720837594741785,0.08,100.0,100.0,0.5,55.0,0.08,-0.33132212992143356,1.2839210370214185,0.0087,0.0022,0.0098,0.0106
145,1763355095.7271795,0.005917913250693751,0.03249058103981899,0.37233953800001496,-0.008700430509417397,-0.0038182749069733675,-0.018340496091066093,0.18691983934269288,-0.0028208605920840915,-0.245,0.015,1.145,0.997,-0.011,0.073,-0.033,0.09,0.078,-0.01,0.0,0.0,0.001,-0.207,0.005,1.248,0.999,-0.002,-0.007,-0.05,0.044,0.053,0.004,-0.0,0.1,-0.0,-0.2255043702429856,0.02959325504808983,1.140113611889137,0.9995928843569835,0.0017051642101040528,0.003699229216643604,-0.028239576149539623,0.107947625385356,0.06414814246461312,-0.045781567383267864,0.0,0.0,0.014351389083065548,-0.22689731060123483,0.010970632638241176,1.132178213853859,0.9995746217601837,0.0013499118899448336,0.0028947881887406266,-0.028989195784245036,0.09307003463471536,0.055047236512012855,0.014490574408110662,0.0,0.0,0.015482923970449015,0.0,0.0,1.0,1.0,0.0,0.0,0.0,26.13040847447351,0.09718680846635526,0.08,100.0,100.0,0.5,55.0,0.08,-0.3295839566038854,1.284576887393438,0.0027,0.0027,0.0143,0.0134
146,1763355095.800328,0.003942734559158415,0.04043700325969263,0.3704126296687327,-0.008682290099727938,-0.007656675988666523,0.051916078989300306,0.12999278509359433,-0.0031719593925842154,-0.246,0.019,1.145,0.997,-0.01,0.074,-0.033,-0.022,0.07,0.009,0.0,0.0,-0.0,-0.204,0.008,1.246,0.999,0.001,-0.007,-0.051,0.053,0.038,-0.014,-0.1,-0.5,0.1,-0.24838473545743647,0.03131673746582347,1.141804057612334,0.999602607687641,0.0013470685059633494,0.0028961124302292443,-0.028007581889553147,-0.00033711438553763536,0.05041906306884796,-0.020860092083587512,0.0,0.0,0.01415835432550964,-0.22759159325272635,0.015685377239137207,1.1339928661204304,0.9995550790747758,0.004898491127137117,0.005935555113913229,-0.028816971839280805,0.08072887697425563,0.05356637965339563,-0.003597200545573488,0.0,0.0,0.015456544585923349,0.0,0.0,1.0,1.0,0.0,0.0,0.0,26.132543855975946,0.097200994757605,0.08,100.0,100.0,0.5,55.0,0.08,-0.3285597568109872,1.2917142308079634,0.002,0.0025,0.0103,0.0261
147,1763355095.886364,0.006785465379020951,0.0456938062257374,0.36894834877387445,-0.00861713214753181,0.01569217955899708,0.04144789105260859,0.13158333165148384,-0.002930069026417341,-0.249,0.026,1.145,0.997,-0.009,0.075,-0.033,-0.045,0.112,0.003,0.0,0.0,-0.004,-0.202,0.012,1.245,0.999,0.002,0.002,-0.051,0.022,0.057,-0.033,0.2,0.7,-0.1,-0.2556545563090359,0.04617244368332652,1.1433299416161722,0.9995786596819314,0.004893561482289759,0.005939620009057197,-0.02798708771274014,-0.021447044180518626,0.08950713110844295,-0.0075692251796763985,0.0,0.0,0.013768695011204994,-0.22968461172094343,0.022355380188426654,1.1349774429283304,0.999550323299606,0.005691886091789194,0.0066097058523960596,-0.028689116628365974,0.06876142049305706,0.05592577798890558,-0.0151432721277538,0.0,0.0,0.015418068489648433,0.0,0.0,1.0,1.0,0.0,0.0,0.0,26.135414315658466,0.09722077720150334,0.08,100.0,100.0,0.5,55.0,0.08,-0.3248309072171662,1.2997360620767833,0.0032,0.0054,0.0344,0.0187
148,1763355095.9406385,0.004411845901785504,0.039671057050396384,0.3652596306098336,-0.008509446569200992,-0.009323547869044374,-0.012978568542053578,0.11991203996999832,-0.002692996663670342,-0.247,0.031,1.147,0.997,-0.008,0.075,-0.033,0.035,0.069,0.023,0.0,0.0,0.011,-0.199,0.014,1.243,0.999,-0.001,-0.003,-0.05,0.035,0.051,-0.036,0.1,0.6,0.0,-0.23766354832277045,0.04252910320943211,1.1519465134538338,0.9995887647200961,0.005682807198455568,0.006617513209830684,-0.027316948340093957,0.060860618975532604,0.0462874348342306,0.023241875627023328,0.0,0.0,0.014928737075472187,-0.22824728805712702,0.027101894393767877,1.1364148630871669,0.999566129490091,0.005683602754320318,0.004995056214330557,-0.028465748705158275,0.0692604426045016,0.051386441328116796,-0.004632727753038043,0.0,0.0,0.015361449174532879,0.0,0.0,1.0,1.0,0.0,0.0,0.0,26.13985806085895,0.0972515494600905,0.08,100.0,100.0,0.5,55.0,0.08,-0.3234889561188299,1.3024260429819072,0.006,0.0096,0.0208,0.0121
149,1763355095.9950294,0.0010144235093985047,0.03886471959109211,0.3678473519960474,-0.008333262549826234,-0.015332669748765437,0.01084495909737727,0.14991096840975637,-0.002310122366576575,-0.246,0.033,1.148,0.997,-0.008,0.075,-0.032,0.015,0.043,0.011,0.0,0.0,0.031,-0.197,0.016,1.242,0.999,0.0,-0.002,-0.053,0.032,0.026,-0.014,-0.0,-0.3,-0.2,-0.24028860356878773,0.039368232063862564,1.1490577594714708,0.9996237117520388,0.005673099040009243,0.005006982537964962,-0.026366284839234585,0.04457335110804304,0.020443338640724257,-0.0043298228227301285,0.0,0.0,0.01645637435480336,-0.22772352638418292,0.030437015024839274,1.1376058715802944,0.9995623035203656,0.0052615974419817305,0.00709525331809735,-0.028234276221837662,0.06729357738479028,0.04412336811169765,-0.002959560471649869,0.0,0.0,0.015427490247329024,0.0,0.0,1.0,1.0,0.0,0.0,0.0,26.14224590491803,0.09726846879150039,0.08,100.0,100.0,0.5,55.0,0.08,-0.3234892262144177,1.306161340187406,0.0029,0.0074,0.0113,0.0148
150,1763355096.0592735,0.014444422800095941,0.031526836761572634,0.3942904669081095,-0.008370901356102039,0.06753040526951162,-0.02211514430093778,0.2701583315588283,-0.0033131674875638553,-0.24,0.045,1.133,0.997,-0.008,0.074,-0.033,0.084,0.188,-0.219,0.0,0.0,-0.04,-0.194,0.017,1.241,0.999,-0.003,-0.013,-0.048,0.054,0.031,-0.009,-0.1,-0.3,0.1,-0.22001092250445656,0.08032275795568375,1.0875941148367343,0.9995476677977092,0.005265241551955431,0.007092549519672181,-0.028747743787485985,0.11562601586674376,0.16609019362194152,-0.23296724288139972,0.0,0.0,0.010257895582958792,-0.22391460778746147,0.040502932716785255,1.1276352874305475,0.9995456607522093,0.005851100041117162,0.009373713817970463,-0.02804229286268731,0.07786715130437401,0.05826878237096898,-0.03603387969725111,0.0,0.0,0.01504886982595571,0.0,0.0,1.0,1.0,0.0,0.0,0.0,26.115009141899485,0.09707422107926736,0.08,100.0,100.0,0.5,55.0,0.08,-0.3147529464824936,1.306514342256783,0.0034,0.0024,0.014,0.0115
151,1763355096.1189957,0.0025431067473282564,0.03984319639703017,0.3567536455722083,-0.008378813526252915,-0.054089921713802426,0.05340436196287744,-0.039825181588964864,-0.0031786488592926484,-0.243,0.046,1.14,0.997,-0.007,0.076,-0.033,-0.037,0.007,0.095,0.0,0.0,0.018,-0.191,0.02,1.238,0.999,0.003,0.003,-0.047,0.034,0.022,-0.025,0.0,0.2,-0.0,-0.24724141543516368,0.04525075889437379,1.1577107310190593,0.9995892330693079,0.005836100262939279,0.009383060063395721,-0.026443586169060406,-0.007366059834294126,-0.01568309827090824,0.12505867291503922,0.0,0.0,0.01508682067753515,-0.22556358282387368,0.04239923218008383,1.1321025806063985,0.9995620875379724,0.005472218370541171,0.008044299870661801,-0.02794596969916706,0.06999622409458804,0.044822420785980484,-0.02693575299506995,0.0,0.0,0.015040408899409753,0.0,0.0,1.0,1.0,0.0,0.0,0.0,26.133331747632894,0.09722018333558331,0.08,100.0,100.0,0.5,55.0,0.08,-0.31708490843159126,1.3136504832318714,0.0031,0.0021,0.0095,0.013
152,1763355096.1925611,-0.00043911639486742936,0.028572989725332898,0.37236761083871955,-0.008313585012142017,-0.013957450680730326,-0.041409834709600066,0.21185244342213416,-0.0028159125017903457,-0.237,0.047,1.137,0.997,-0.008,0.075,-0.033,0.115,0.022,-0.048,0.0,0.0,0.002,-0.188,0.02,1.238,0.999,0.005,-0.016,-0.051,0.035,0.004,0.003,-0.0,-0.4,-0.1,-0.21125506411952671,0.049146072248363766,1.1301693072118892,0.9995897048289669,0.005464120214533593,0.008049802766847343,-0.026940045761557358,0.14056895131662445,-0.0018605699785798555,-0.03821585906097849,0.0,0.0,0.013746243661306747,-0.22028338632658445,0.04459680487545093,1.1298546409865688,0.9995772745586285,0.00429950637208242,0.007793105501436604,-0.027677679410389577,0.08396587429863958,0.036208757578726256,-0.033419436871602586,0.0,0.0,0.01477559863506144,0.0,0.0,1.0,1.0,0.0,0.0,0.0,26.131491730556718,0.09720375552751494,0.08,100.0,100.0,0.5,55.0,0.08,-0.3177873984777525,1.3119265153237365,0.0031,0.0025,0.0141,0.015
153,1763355096.2459502,-0.007177255975241568,0.03144745453760432,0.3698643112034814,-0.00810177520790411,-0.033855366549945975,0.025087195208357012,0.127121355888329,-0.0020585453583637225,-0.235,0.045,1.136,0.997,-0.008,0.075,-0.032,0.04,-0.032,-0.029,0.0,0.0,0.03,-0.186,0.021,1.239,0.999,-0.001,-0.009,-0.05,0.04,0.013,0.009,-0.2,0.2,0.0,-0.22457922076733866,0.03603508625049682,1.1347421009706473,0.9996315271532977,0.0042836390302393,0.007801838569126468,-0.025643550315151753,0.06277282071551535,-0.05555537864657104,-0.008386370744103613,0.0,0.0,0.016029242257942687,-0.21815900377103506,0.0440816198308635,1.1276652710642148,0.9995754512716494,0.008202985305632932,0.005137425637077506,-0.027481541168165122,0.08409023075198341,0.018718665887170555,0.009164625560366065,0.0,0.0,0.014867120910454723,0.0,0.0,1.0,1.0,0.0,0.0,0.0,26.12602324539216,0.0971594178368772,0.08,100.0,100.0,0.5,55.0,0.08,-0.3211077086351402,1.314827714645209,0.0051,0.0016,0.0077,0.0064
154,1763355096.3203292,-0.009841622143871822,0.02955193467691694,0.373879704213878,-0.008041529440028552,-0.016013301833866855,0.002315196148164717,0.15877608175328844,-0.002736936863586255,-0.226,0.056,1.128,0.997,-0.007,0.074,-0.033,0.074,-0.04,-0.009,0.0,0.0,0.009,-0.183,0.021,1.238,0.999,-0.003,-0.011,-0.047,0.044,0.003,-0.052,0.0,0.2,0.0,-0.2091165771422627,0.045815725656110834,1.1208271371123417,0.9996092377612805,0.0081965148227967,0.005147742695648742,-0.026223837861970228,0.09319680579109724,-0.0576130248563527,-0.03898969814392128,0.0,0.0,0.014000227717009822,-0.2140854606347355,0.043687750910916395,1.1279332365943562,0.9995868630529358,0.0055873505075950194,0.007106449985658264,-0.02728338496041139,0.0882757931044274,0.00370833721702215,-0.023611748509544235,0.0,0.0,0.01480929606139735,0.0,0.0,1.0,1.0,0.0,0.0,0.0,26.12824763949712,0.09717748096017008,0.08,100.0,100.0,0.5,55.0,0.08,-0.3236082324679899,1.3158138503066203,0.0068,0.0056,0.0069,0.0082
155,1763355096.3825066,-0.009250695121235972,0.03357350325253882,0.36647215934855404,-0.007889161789317187,-0.0007359731907726902,0.031189818381953234,0.10316716475358427,-0.002253735286453876,-0.225,0.054,1.129,0.997,-0.008,0.073,-0.032,0.025,-0.03,0.021,0.0,0.0,0.022,-0.18,0.021,1.238,0.999,-0.002,-0.017,-0.048,0.041,0.002,-0.005,0.1,-0.3,0.0,-0.21816388475272971,0.046596932051861155,1.1339515128286084,0.9996323200382632,0.005575116879259418,0.00711605149475335,-0.025563736382344684,0.041675746030400335,-0.03948587287385817,0.03144298426592396,0.0,0.0,0.014937210776267112,-0.2122161144597602,0.04330041790316523,1.1282832820827975,0.999617561476498,0.003969969128287594,0.003906849145312325,-0.02708702018782772,0.0844380609418595,-0.005873957067492363,-0.011464282754277945,0.0,0.0,0.014769137160478524,0.0,0.0,1.0,1.0,0.0,0.0,0.0,26.133068010932966,0.09721747829077343,0.08,100.0,100.0,0.5,55.0,0.08,-0.3249520194138972,1.319751813228444,0.0023,0.0023,0.0093,0.0095
156,1763355096.4562702,-0.007250248963379031,0.04126065556840324,0.36588050885181733,-0.007889011119782272,0.0065332201188212265,0.05102582529902418,0.13446880727202437,-0.002957682323319374,-0.222,0.047,1.129,0.997,-0.009,0.072,-0.031,-0.033,-0.014,0.038,0.0,0.0,-0.001,-0.178,0.022,1.236,0.999,-0.002,-0.017,-0.049,0.029,0.003,-0.019,0.0,-0.0,-0.0,-0.22713252775054482,0.043629797141302266,1.136239819505738,0.9996405025823878,0.0039666053953007355,0.003910264282852924,-0.026226732005864367,-0.018274557596265572,-0.016398804335788407,0.03204776458685647,0.0,0.0,0.012782968144408251,-0.21281966034706273,0.04288355237569031,1.1297338491257096,0.9996294013214941,0.0012624341937140565,0.0038951191802612437,-0.026912716698791722,0.07148707473250986,-0.009577865155475561,-0.006596013820147387,0.0,0.0,0.014409373694809187,0.0,0.0,1.0,1.0,0.0,0.0,0.0,26.1395525449918,0.09727100897972717,0.08,100.0,100.0,0.5,55.0,0.08,-0.32527048741108305,1.3265076241984552,0.0029,0.0022,0.0097,0.0109
157,1763355096.5138993,-0.013648354929185157,0.032199286569500836,0.37533896535571537,-0.007904227432309974,-0.034709373190297765,-0.02983409915636077,0.18449747333892158,-0.0030344607325568625,-0.217,0.042,1.127,0.997,-0.01,0.072,-0.031,0.084,-0.099,-0.045,0.0,0.0,0.021,-0.176,0.022,1.237,0.999,-0.007,-0.015,-0.046,0.037,0.004,-0.0,-0.1,0.0,0.0,-0.19871672278211722,0.022256010338177035,1.117726104000872,0.9996726574733188,0.001255972986617195,0.003897207382060309,-0.02525494420328089,0.1009947937751441,-0.09741358956489152,-0.0553912934838696,0.0,0.0,0.014572283481723155,-0.2082368450286639,0.03838985983559468,1.1272719573471235,0.9996382544838761,-0.0003549034395852984,0.003338864277226009,-0.02668494334481579,0.07672377629428909,-0.02246416515489108,-0.006311122883043488,0.0,0.0,0.01432254261508812,0.0,0.0,1.0,1.0,0.0,0.0,0.0,26.13384163165185,0.09722751932592187,0.08,100.0,100.0,0.5,55.0,0.08,-0.32993301276708004,1.3259170999865049,0.0019,0.0016,0.0106,0.0081
158,1763355096.5892432,-0.009114278917512101,0.032472442549622144,0.37839073100255677,-0.0077343911154417995,0.01755224695992085,0.013440512364169346,0.15601094024260045,-0.002114903702775372,-0.215,0.04,1.124,0.997,-0.011,0.071,-0.03,0.044,-0.026,-0.068,0.0,0.0,0.026,-0.174,0.022,1.235,0.999,-0.004,-0.007,-0.045,0.032,0.008,-0.052,0.3,0.4,0.1,-0.20436554855644354,0.035057616148116144,1.1081635268121786,0.9996855207491984,-0.0003610272937044007,0.0033382076637569914,-0.024851270255084518,0.06448453525710367,-0.022414257953916897,-0.07417944862260929,0.0,0.0,0.014988369480307157,-0.20547427325011933,0.036959438495497064,1.1240102963452578,0.9996408463018307,-0.0008916241214800127,0.004347840803698038,-0.02642876636794056,0.07583839911300497,-0.022182857965678003,-0.02323237598810175,0.0,0.0,0.014142759425381334,0.0,0.0,1.0,1.0,0.0,0.0,0.0,26.12709456202894,0.09717751927459219,0.08,100.0,100.0,0.5,55.0,0.08,-0.33012610060375064,1.3280325052032387,0.0023,0.0052,0.0147,0.0089
159,1763355096.6465147,-0.001298552784913894,0.03580592716802205,0.3707069158086208,-0.0077398045655466,0.035660776068924,0.028844589048107813,0.1034774481562791,-0.0029274639188146775,-0.214,0.043,1.123,0.997,-0.01,0.072,-0.03,0.011,0.034,-0.015,0.0,0.0,-0.008,-0.172,0.023,1.236,0.999,-0.007,-0.014,-0.046,0.034,0.005,0.034,-0.4,-0.6,-0.0,-0.20954576189734886,0.05019674238801173,1.1197535963068113,0.9996561738480028,-0.0008941738092202657,0.004347317152820935,-0.025842510991455056,0.0328565396169905,0.03937668133496277,0.0009040655222186441,0.0,0.0,0.011951943803606384,-0.20431121257369858,0.03843911626106601,1.1228899179091472,0.9996327308540623,-0.0006083518486130324,0.006921782788397963,-0.026193935105444238,0.07253680163367446,-0.01342773549029213,-0.02975512935596333,0.0,0.0,0.013930844960859994,0.0,0.0,1.0,1.0,0.0,0.0,0.0,26.12916988464825,0.09719448287977214,0.08,100.0,100.0,0.5,55.0,0.08,-0.3271252619464849,1.3322025788699727,0.0018,0.0018,0.0098,0.0084
160,1763355096.723211,-0.005421035361130062,0.033176286154583616,0.3737019061103859,-0.007714847593905634,-0.021099370175423553,0.0002790176208161072,0.1539900449370582,-0.0027776418538751468,-0.212,0.041,1.12,0.997,-0.01,0.071,-0.03,0.045,-0.041,-0.051,0.0,0.0,0.012,-0.17,0.023,1.236,0.999,-0.007,-0.012,-0.046,0.025,0.015,-0.003,-0.1,0.4,0.1,-0.20083914083187573,0.03344010391918504,1.1126809407883949,0.999666253189435,-0.000617437223660095,0.006920978270180601,-0.02488174160413478,0.06560068178585655,-0.0359362357149893,-0.027921463619116592,0.0,0.0,0.013578413853443928,-0.20166449568172834,0.03658081994354168,1.1196680674060995,0.9996471414018032,-0.0025735976746542035,0.004948014914568552,-0.025970876585466568,0.07472370565413201,-0.015415897418636356,-0.023704508289601526,0.0,0.0,0.013949659866210417,0.0,0.0,1.0,1.0,0.0,0.0,0.0,26.12505948644017,0.09716283499763624,0.08,100.0,100.0,0.5,55.0,0.08,-0.32860952467620946,1.3341262938717622,0.0019,0.0018,0.0125,0.0154
161,1763355096.7848296,-0.00917510371990209,0.0360203061112141,0.36617539984530845,-0.0076014337911164374,-0.02080323005428391,0.02666120709112127,0.1025056834660073,-0.0023259988337686285,-0.211,0.037,1.122,0.997,-0.011,0.071,-0.029,0.008,-0.059,0.024,0.0,0.0,0.021,-0.169,0.024,1.238,0.999,-0.003,-0.011,-0.047,0.026,0.011,0.034,-0.0,-0.1,-0.0,-0.207480941064615,0.025652736343589753,1.128768227642322,0.9996882203680622,-0.0025816746358334913,0.004943805483680802,-0.02433836068331275,0.027358270346587648,-0.05720864069644377,0.04079192050134905,0.0,0.0,0.014279271916222067,-0.20067402733872478,0.03377003557255338,1.1201839139529122,0.9996568722089826,-0.0016631890974844802,0.004509282645368129,-0.025749524605400084,0.07007826686166739,-0.01925791532113534,-0.004898023662353704,0.0,0.0,0.013800894481378589,0.0,0.0,1.0,1.0,0.0,0.0,0.0,26.129392092039293,0.09719751451030606,0.08,100.0,100.0,0.5,55.0,0.08,-0.3310756916735385,1.3380292989061502,0.0031,0.0029,0.0128,0.0081
162,1763355096.8397,0.002869130129568605,0.035219905156481615,0.36767996052294094,-0.0075497345426150456,0.05678050535239019,0.009505610018042825,0.14483857833015326,-0.0025920414291617086,-0.209,0.042,1.123,0.997,-0.011,0.071,-0.029,0.033,0.082,0.028,0.0,0.0,-0.013,-0.167,0.025,1.24,0.999,-0.003,-0.002,-0.046,0.018,0.021,0.022,0.1,0.5,-0.0,-0.20046639721300405,0.05831527071291182,1.1281864241060993,0.999666712840507,-0.0016649252527445662,0.0045086419077792015,-0.02536460941362391,0.052548728817515926,0.08108330305077666,0.020890459607847446,0.0,0.0,0.011296759306709885,-0.19863538124739674,0.03754459988839332,1.1214912552226803,0.9996605449127398,0.0007335101183381447,0.005307336297458676,-0.025496844689023,0.06974635798596285,-0.004631804776460854,-0.002277859152205604,0.0,0.0,0.013612203788776329,0.0,0.0,1.0,1.0,0.0,0.0,0.0,26.133910787624764,0.09723095810537295,0.08,100.0,100.0,0.5,55.0,0.08,-0.32559238590051603,1.340804215466075,0.0016,0.0014,0.0059,0.0049
163,1763355096.9227023,0.00756098006476822,0.03562803852448044,0.3633416904560795,-0.007592166840514571,0.024535173474586294,0.015248131273674723,0.11618863486179609,-0.003043311942978269,-0.207,0.051,1.126,0.997,-0.009,0.072,-0.03,0.024,0.08,0.068,0.0,0.0,-0.015,-0.166,0.026,1.243,0.999,-0.006,-0.004,-0.047,0.028,0.012,0.043,-0.1,-0.3,0.0,-0.20022516004485913,0.0668457384314037,1.139030307106523,0.9996682526099177,0.0007318960540528412,0.005307559122053064,-0.02519283366685799,0.044066013997887975,0.07787561267115085,0.0575867013857465,0.0,0.0,0.011026588824381319,-0.1969819410607621,0.04188548959456614,1.1245806414187012,0.9996692084523011,9.165079976319792e-05,0.004677243106053275,-0.025290090340039005,0.06827471639985068,0.007049191945882306,0.01265014116502784,0.0,0.0,0.013488642794076066,0.0,0.0,1.0,1.0,0.0,0.0,0.0,26.142197172380207,0.09728816805637124,0.08,100.0,100.0,0.5,55.0,0.08,-0.3208635073828168,1.3440063314909323,0.0038,0.0021,0.0165,0.0088
164,1763355096.9928417,-0.0029339801956058432,0.037441361985501416,0.3714954715372671,-0.007586895047261051,-0.04963943377758223,0.02242713175178504,0.17702203932696772,-0.002820703598925367,-0.207,0.048,1.127,0.997,-0.01,0.072,-0.03,0.001,-0.043,0.007,0.0,0.0,0.011,-0.164,0.027,1.243,0.999,-0.001,-0.009,-0.045,0.029,0.011,0.022,0.1,-0.1,0.0,-0.20479605641574508,0.03920313731169643,1.1255687537168362,0.9997000330078153,8.580554895186095e-05,0.004677353990237343,-0.02404077788323196,0.021213069097066512,-0.0491599526121508,-0.02166376961780988,0.0,0.0,0.013220650071633224,-0.19647554065074951,0.04061907866352196,1.1253591354674146,0.9996696711116119,-0.0009028634075201071,0.005408983717473693,-0.025109288966697008,0.06376054447459285,0.0006317313507385718,0.003236684519575501,0.0,0.0,0.013428307081564657,0.0,0.0,1.0,1.0,0.0,0.0,0.0,26.14273395760806,0.09729276590741012,0.08,100.0,100.0,0.5,55.0,0.08,-0.3234830993429917,1.3478698533693638,0.0017,0.0015,0.0204,0.0113
165,1763355097.0530524,0.0027506661077739535,0.03605217176506666,0.36563747843740174,-0.007441179893256905,0.02732298894354679,0.007094559642389244,0.11002083632714829,-0.00211650987270217,-0.205,0.052,1.13,0.997,-0.01,0.072,-0.03,0.026,0.06,0.05,0.0,0.0,0.003,-0.162,0.027,1.245,0.999,-0.003,-0.016,-0.045,0.02,0.014,0.014,0.0,-0.0,0.0,-0.1977497379657324,0.06308115479886248,1.1375511945553696,0.9996932297555433,-0.0009080364420644108,0.005408117695503433,-0.02415313879689489,0.04692399682991068,0.04807489250902463,0.034074994597008086,0.0,0.0,0.01255488949140122,-0.19486888028533947,0.044086483723841836,1.1279159684383988,0.999671943074458,0.002445678234749404,0.0052643578321619625,-0.02494617053426852,0.06372752561267851,0.008107335833484476,0.005599115547742201,0.0,0.0,0.013324137762285642,0.0,0.0,1.0,1.0,0.0,0.0,0.0,26.149388938550626,0.09733221617437948,0.08,100.0,100.0,0.5,55.0,0.08,-0.3200876571738881,1.350560659139794,0.0071,0.0016,0.0149,0.0049
166,1763355097.1256921,0.005993650343623693,0.037672948317772195,0.37330470641623203,-0.00743433896433448,0.017246420969663927,0.021623447175427617,0.1754501943081771,-0.0027562378153592145,-0.205,0.056,1.129,0.997,-0.01,0.072,-0.03,0.003,0.076,-0.019,0.0,0.0,-0.008,-0.161,0.028,1.245,0.999,-0.001,-0.012,-0.045,0.022,0.007,0.004,0.1,0.0,-0.1,-0.2023145000372513,0.06970826160231187,1.1227245895537876,0.999685577300921,0.0024427684305358055,0.0052657086709909815,-0.024393682196655723,0.024452372487777693,0.06150997044393751,-0.03868323016876885,0.0,0.0,0.011469157456418709,-0.19436595914218294,0.04845582831950373,1.127376286782653,0.9996666841071775,0.004787948931578663,0.005298964907494545,-0.02480961914456659,0.06021698311425438,0.013692369340250596,-0.00984720128437153,0.0,0.0,0.01328506998746607,0.0,0.0,1.0,1.0,0.0,0.0,0.0,26.147977167982134,0.09732496322407713,0.08,100.0,100.0,0.5,55.0,0.08,-0.31609561070396835,1.3544215780946693,0.0055,0.0041,0.0116,0.0111
167,1763355097.1866953,-0.005502975933902669,0.030741759631708068,0.38125199421382083,-0.007360076909890259,-0.05523551250877292,-0.020528587811156088,0.17972570389403075,-0.0024165668394043145,-0.203,0.058,1.126,0.997,-0.009,0.071,-0.03,0.074,-0.058,-0.108,0.0,0.0,0.019,-0.16,0.03,1.244,0.999,0.005,0.005,-0.044,0.028,0.019,-0.033,0.3,0.4,0.1,-0.18599247816175382,0.04497874756914365,1.1041493688121733,0.9997035859708119,0.0047798101049642185,0.005306307513021264,-0.02327523819507169,0.0964224728785596,-0.07307669751827404,-0.10547474315875435,0.0,0.0,0.013671278237326041,-0.19079694789442989,0.04698170767672254,1.1222366733264846,0.9996757537651959,0.0025614275764081055,0.006064573690464532,-0.0245977106396342,0.06778674794403512,-9.557712515842476e-05,-0.020217990644115502,0.0,0.0,0.013380940707214118,0.0,0.0,1.0,1.0,0.0,0.0,0.0,26.13503007072348,0.0972544343380959,0.08,100.0,100.0,0.5,55.0,0.08,-0.3194144374564554,1.3540065519340427,0.0018,0.0032,0.0096,0.0124
168,1763355097.2546203,0.0008279166625543601,0.03617352776840621,0.3735367966381148,-0.00727806282474094,0.02959084700707164,0.038687000545381225,0.10439350995165292,-0.002349958415462246,-0.203,0.061,1.124,0.997,-0.009,0.073,-0.03,-0.006,0.054,-0.042,0.0,0.0,-0.005,-0.158,0.03,1.245,0.999,0.008,-0.012,-0.046,0.033,0.002,-0.01,0.4,-0.3,0.0,-0.20195192233129694,0.07030629885405872,1.1149679138706043,0.9996914307308152,0.0025575104835228535,0.006066226619813112,-0.02395210550451699,0.0158635499952994,0.03889464753892921,-0.024533032560042533,0.0,0.0,0.011550485700819778,-0.19076155083857368,0.050391131528670856,1.120236423856556,0.9996774352212343,0.0037105697607826356,0.005677409431569428,-0.02447497096406162,0.06302194539827075,0.004397977477213655,-0.03220809666435836,0.0,0.0,0.013140944846476488,0.0,0.0,1.0,1.0,0.0,0.0,0.0,26.133575042606243,0.09724701337164084,0.08,100.0,100.0,0.5,55.0,0.08,-0.3161974065488514,1.3585230140468532,0.0018,0.0068,0.0114,0.01
169,1763355097.3220499,0.004219477705485554,0.04214358076546641,0.35659539550923314,-0.007264515592516024,0.017268273963113857,0.04341533789845334,0.05536929309488481,-0.0026615373981532776,-0.205,0.064,1.129,0.997,-0.008,0.074,-0.03,-0.04,0.062,0.095,0.0,0.0,-0.002,-0.156,0.03,1.246,0.999,0.005,-0.019,-0.044,0.025,0.008,0.027,-0.0,-0.4,0.1,-0.21085987657158953,0.07481795140471695,1.1507431370403607,0.999695543904109,0.0037063026121494074,0.005680196013385674,-0.023723789589031714,-0.019659230707214946,0.048116857520604545,0.1228238278508221,0.0,0.0,0.011684558323395903,-0.19242680057036235,0.054218940433576696,1.1242499687084802,0.9996722872007803,0.004950214007854036,0.005998924295829661,-0.024389064994991706,0.05425031587198565,0.007863025605066392,-0.008566165824003907,0.0,0.0,0.013067721786017712,0.0,0.0,1.0,1.0,0.0,0.0,0.0,26.149044275570134,0.097342769575934,0.08,100.0,100.0,0.5,55.0,0.08,-0.31270731295723647,1.3646347668078964,0.003,0.0035,0.0136,0.0101
170,1763355097.4108782,-0.005606050239165981,0.03863823620282374,0.3687849807354152,-0.007193511018624671,-0.04754533558370059,-0.0017228800261634425,0.19467119944687275,-0.002369170477736747,-0.204,0.061,1.129,0.997,-0.008,0.074,-0.029,0.013,-0.054,0.003,0.0,0.0,0.032,-0.155,0.031,1.249,0.999,-0.001,-0.017,-0.044,0.019,0.006,0.04,-0.2,0.3,-0.0,-0.19946736860224218,0.048979888320784176,1.1322000688943703,0.9997188339687914,0.00493826851113543,0.006008761564796691,-0.022400028943052912,0.03328467844296492,-0.06630136866414973,-0.0022920152425012306,0.0,0.0,0.014478094433233026,-0.19176516439947142,0.05258851958126961,1.1242044803012778,0.999697691893627,0.0018626849745513785,0.004050038077203612,-0.02417958682057246,0.05327498912518471,-0.004315037512600366,0.011200864679657033,0.0,0.0,0.013111584919544863,0.0,0.0,1.0,1.0,0.0,0.0,0.0,26.147955730933045,0.09733761577500855,0.08,100.0,100.0,0.5,55.0,0.08,-0.3156178611551318,1.3670754708276744,0.0081,0.0022,0.0254,0.0154
171,1763355097.462037,-0.002975432264260108,0.029454381712014255,0.3831340509242921,-0.007081965715059174,0.011050821034842125,-0.03142993387798854,0.21003971872016544,-0.0021398401141567713,-0.199,0.062,1.127,0.997,-0.008,0.073,-0.029,0.094,0.006,-0.104,0.0,0.0,0.014,-0.154,0.031,1.25,0.999,-0.002,-0.014,-0.044,0.018,0.005,0.016,0.0,0.1,-0.0,-0.178142991870267,0.062033441820984365,1.1037943700467747,0.9997288291872373,0.0018573211368925605,0.004052500701501573,-0.022855977077660905,0.11693758049118544,-0.005995256841618568,-0.12769743402866987,0.0,0.0,0.012873117881998568,-0.18735564241682534,0.05351065798513994,1.119982607385923,0.9996939076641562,0.002999291236092172,0.0053112466530653634,-0.023976778145548622,0.06356067243879711,-0.005312281235450441,-0.002095234072783666,0.0,0.0,0.01296367963328854,0.0,0.0,1.0,1.0,0.0,0.0,0.0,26.132939397023133,0.09726355369756194,0.08,100.0,100.0,0.5,55.0,0.08,-0.3146582956000925,1.3654491048595718,0.006,0.0021,0.0189,0.0104
172,1763355097.536746,0.002196585177040071,0.04031523583357485,0.3689069541181534,-0.007060847399884747,0.02474430010740335,0.06534966374980833,0.0725397850659164,-0.002550145567275053,-0.202,0.065,1.128,0.997,-0.008,0.074,-0.029,-0.055,0.053,0.019,0.0,0.0,-0.0,-0.152,0.032,1.251,0.999,-0.004,-0.013,-0.043,0.021,0.003,0.017,-0.1,-0.0,0.0,-0.2105157888278743,0.07432604134706966,1.1274019738065761,0.9997128908068116,0.002995013392254379,0.005313660104750232,-0.023171768723156363,-0.03074993952564886,0.04211257510680967,0.014836850019012996,0.0,0.0,0.01154669376618312,-0.1896964864966681,0.056596961777753266,1.1217060564409862,0.9996801325787023,0.004198420027545625,0.007180773895520138,-0.023883933573892454,0.05283348830323707,-0.0007508750378554842,-0.02434834829635816,0.0,0.0,0.012831371039068725,0.0,0.0,1.0,1.0,0.0,0.0,0.0,26.139421892547215,0.0972978380952984,0.08,100.0,100.0,0.5,55.0,0.08,-0.3113319842408968,1.3722197375550178,0.0052,0.002,0.0114,0.0243
173,1763355097.5815742,-0.007274961410549983,0.03757143924160911,0.36317604140332127,-0.0070199834012902185,-0.046534013496560236,0.0013992304777618453,0.10968554422014698,-0.0024434977819841382,-0.201,0.061,1.13,0.997,-0.007,0.074,-0.028,0.013,-0.068,0.04,0.0,0.0,0.033,-0.151,0.032,1.253,0.999,-0.003,-0.013,-0.043,0.022,0.006,0.039,-0.1,0.1,0.0,-0.19596654712030584,0.04644624726248183,1.1399370845565855,0.9997260215908705,0.00418401049072516,0.007189179416302077,-0.021879019850625906,0.03571102346035579,-0.07710356341256111,0.05777996795287864,0.0,0.0,0.014238350271585432,-0.1890822880192934,0.05402516256812728,1.1235062003611007,0.9996950855770176,0.0016332028081497592,0.006799076564259093,-0.023682083515188832,0.05425371590457586,-0.013160799591163452,-0.015135360889775,0.0,0.0,0.012849754708642438,0.0,0.0,1.0,1.0,0.0,0.0,0.0,26.14785781196715,0.097343568372506,0.08,100.0,100.0,0.5,55.0,0.08,-0.3144753540910088,1.3747029453688382,0.0028,0.002,0.0091,0.0098
174,1763355097.6535652,-0.0016663726072054484,0.041671974043511584,0.3523633024000136,-0.006930550079352449,0.025314833487766416,0.03459196372511574,0.08212732050970725,-0.002185327165794987,-0.196,0.068,1.135,0.997,-0.007,0.074,-0.029,-0.037,0.023,0.146,0.0,0.0,-0.002,-0.149,0.031,1.256,0.999,0.004,-0.016,-0.043,0.021,-0.011,0.05,0.3,-0.1,-0.0,-0.2013067600491907,0.07179001311467924,1.166814085864998,0.9997117761322584,0.0016283370833309677,0.006800243516393712,-0.02296671219278563,-0.015390909884793713,0.014863895413293528,0.1475915399694936,0.0,0.0,0.011237742336472045,-0.19020655704749836,0.05582336590545403,1.129990495715563,0.999713985035719,0.0015849577294334007,0.00380103973417047,-0.023558186049384967,0.0468359151072542,-0.009441863209951438,0.029942452375513955,0.0,0.0,0.012574095449204365,0.0,0.0,1.0,1.0,0.0,0.0,0.0,26.16531101329606,0.09743164851179362,0.08,100.0,100.0,0.5,55.0,0.08,-0.3123326133723172,1.3799307414551667,0.0026,0.0019,0.0103,0.0126
175,1763355097.721682,0.009043972158375473,0.044294343337874686,0.36548667893678705,-0.006950766402089724,0.052926834100202574,0.028738836738132316,0.1977531210838721,-0.002700037893443543,-0.198,0.073,1.138,0.997,-0.007,0.074,-0.029,-0.042,0.109,0.07,0.0,0.0,-0.025,-0.148,0.031,1.26,0.999,-0.005,-0.013,-0.041,0.013,-0.005,0.035,-0.1,0.0,0.0,-0.2042513254889692,0.09394455752529392,1.148088748658029,0.9997108811343296,0.001585457128286786,0.003800831456299795,-0.02368953666827563,-0.01895632094308952,0.10155346543086534,0.013887086742100558,0.0,0.0,0.009193417517351843,-0.19178942662363996,0.061632661828667154,1.1342156324500992,0.9997007048785242,0.002977180509983826,0.006289842073244836,-0.023453676647522785,0.03949137317927919,0.005057994428237813,0.030002256879389764,0.0,0.0,0.012340843132924537,0.0,0.0,1.0,1.0,0.0,0.0,0.0,26.17123444867984,0.09745603776281152,0.08,100.0,100.0,0.5,55.0,0.08,-0.3059569513253292,1.3851751733494342,0.0022,0.0069,0.0119,0.0077
176,1763355097.7815197,-0.005308102314285185,0.03327623593046622,0.3798896980112459,-0.006914650236759328,-0.06836888280391248,-0.03848015828533927,0.20907259997358912,-0.002425956574131669,-0.193,0.067,1.134,0.997,-0.008,0.074,-0.028,0.066,-0.084,-0.058,0.0,0.0,0.023,-0.147,0.031,1.261,0.999,-0.002,-0.0,-0.045,0.011,0.006,0.007,-0.1,0.9,-0.1,-0.17731988004657,0.04953026677966649,1.1163490195997785,0.999737435208663,0.0029669734561542033,0.006294663263897827,-0.02183197025715422,0.0926622021926983,-0.09268431527489121,-0.1097203605138186,0.0,0.0,0.013202010206700856,-0.18840381047730445,0.058542853618774794,1.1323335177509783,0.9997099348755529,0.0006431474034820384,0.006223171806533773,-0.023257355937451266,0.049676901419990344,-0.009110424568917384,0.005442095465749511,0.0,0.0,0.012421631021052633,0.0,0.0,1.0,1.0,0.0,0.0,0.0,26.16190411891971,0.09742668211903803,0.08,100.0,100.0,0.5,55.0,0.08,-0.31016191671785087,1.3840401354183867,0.0023,0.0019,0.0113,0.0081
177,1763355097.8489149,-0.002140271726914533,0.04043279726458772,0.3633738357715359,-0.006788588320510102,0.01384861456899631,0.04826139514453235,0.05987932555566714,-0.001962684257538619,-0.196,0.067,1.137,0.997,-0.008,0.075,-0.028,-0.048,0.013,0.072,0.0,0.0,0.008,-0.146,0.03,1.259,0.999,0.002,0.002,-0.047,0.022,-0.017,-0.037,0.2,-0.1,-0.1,-0.20283330685927783,0.06865796923092572,1.1453820139020403,0.9997342089898456,0.0006364991732023453,0.0062238552938476376,-0.022189408949580235,-0.01982921292121767,0.001358681295982315,0.0519570021503044,0.0,0.0,0.011898333241802122,-0.19018418609355783,0.05958151287904989,1.1363004302001178,0.9997035549238278,0.00171490454238998,0.007379019573996503,-0.02313895946662864,0.04274641710943045,-0.007103052955114473,-0.015170751038200222,0.0,0.0,0.012289347838727645,0.0,0.0,1.0,1.0,0.0,0.0,0.0,26.17467437951806,0.09747058193139864,0.08,100.0,100.0,0.5,55.0,0.08,-0.3088870023309414,1.3894782367625638,0.0038,0.004,0.0091,0.0075
178,1763355097.911587,-0.007181249076810573,0.04466421428165897,0.3659990124489239,-0.0067692720163670655,-0.02600748864707315,0.036319384059576645,0.14939107180126582,-0.002449139099476102,-0.199,0.065,1.138,0.997,-0.007,0.076,-0.028,-0.064,-0.049,0.018,0.0,0.0,0.021,-0.143,0.029,1.257,0.999,0.002,-0.006,-0.04,0.034,-0.026,-0.056,0.4,0.3,0.1,-0.20890351913171146,0.053790466913530496,1.1420065199009697,0.9997380499443839,0.0017035229359262992,0.007381655442358873,-0.021597237460791858,-0.036613119538252775,-0.06142933495296607,0.01726061349247145,0.0,0.0,0.0128333991904776,-0.19289225032647891,0.05784258244263559,1.1368739240875911,0.9996840036456063,0.005384581408454179,0.008406740094950472,-0.02307002078722823,0.03602940803302728,-0.017062327024142957,-0.014682410899164312,0.0,0.0,0.01233132098477545,0.0,0.0,1.0,1.0,0.0,0.0,0.0,26.179404009246397,0.09748943261774033,0.08,100.0,100.0,0.5,55.0,0.08,-0.3106804390299575,1.3952405261171321,0.002,0.0016,0.0094,0.0069
179,1763355097.988362,-0.008638007103083895,0.03497073631674898,0.3654476829816855,-0.006750184150906424,-0.00997675853517058,-0.03171830946892784,0.13449298233215445,-0.002443037678834451,-0.192,0.068,1.134,0.997,-0.006,0.075,-0.028,0.051,-0.048,0.027,0.0,0.0,0.011,-0.142,0.027,1.257,0.999,-0.0,-0.003,-0.043,0.018,-0.026,0.002,-0.2,-0.0,-0.1,-0.17918130820128486,0.05724121016631192,1.1407187349866539,0.9997102544765005,0.005374763678334513,0.008413020347673855,-0.02190297008540576,0.07793523638264302,-0.057013556595650564,0.02445616220602663,0.0,0.0,0.011924663320541725,-0.190048040373237,0.05624933511702168,1.1371774982813088,0.9997212585190661,0.0018738682396291914,0.005575641815276522,-0.022864953558291715,0.04563127832826747,-0.025042206022533632,0.009032595518468415,0.0,0.0,0.012257328304597996,0.0,0.0,1.0,1.0,0.0,0.0,0.0,26.18199635152938,0.0974984566152508,0.08,100.0,100.0,0.5,55.0,0.08,-0.3117342102589563,1.3949248501101241,0.0029,0.0021,0.0132,0.0123
180,1763355098.0477653,-0.00811075256638226,0.03496883890768069,0.36578753711877915,-0.006648343475187693,-0.0006029799801482768,0.013104539073439381,0.13874215180360022,-0.0020221156779962573,-0.191,0.066,1.136,0.997,-0.006,0.076,-0.028,0.014,-0.043,0.051,0.0,0.0,0.014,-0.14,0.024,1.254,0.999,0.006,-0.012,-0.044,0.041,-0.032,-0.034,0.2,-0.2,0.1,-0.18555589327594682,0.056781108186602994,1.1422538997178964,0.999749482321427,0.001866787849329085,0.005578016399881624,-0.021595680915567777,0.041441123355485436,-0.047156237389703065,0.01915748331432743,0.0,0.0,0.012129678208148547,-0.18875776660703011,0.05469164348625191,1.1396448395319383,0.9997148409643732,0.002107265402076236,0.007016821515230217,-0.022727965239472202,0.047735501535284046,-0.029318039696634025,0.0005471777492255369,0.0,0.0,0.012098326350118148,0.0,0.0,1.0,1.0,0.0,0.0,0.0,26.189313183457394,0.09752303126041398,0.08,100.0,100.0,0.5,55.0,0.08,-0.31229283026718185,1.3968958803181724,0.002,0.0017,0.0113,0.0082
181,1763355098.1279254,-0.009787471694071348,0.03826650566350419,0.3735607990738935,-0.006630693216170499,-0.011425127850838799,0.02960164836949773,0.17603663619511412,-0.002404877508109418,-0.193,0.062,1.134,0.997,-0.007,0.076,-0.027,-0.022,-0.062,-0.03,0.0,0.0,0.005,-0.138,0.022,1.252,0.999,0.0,-0.004,-0.043,0.043,-0.048,-0.067,0.0,-0.2,0.1,-0.19451691806837873,0.04932437345038922,1.1256762588924847,0.9997356916131661,0.0021006918395167578,0.007018792306855427,-0.021791525029084026,0.00483372212064064,-0.06276717127142172,-0.051064999278636905,0.0,0.0,0.01125154678324227,-0.18923988632052935,0.052036668406292064,1.1379188170954615,0.9997079881886531,0.0005023408486515008,0.008583586180417133,-0.022583357893610646,0.04626823814724854,-0.03496840520322701,-0.009510675929250511,0.0,0.0,0.01198732716101231,0.0,0.0,1.0,1.0,0.0,0.0,0.0,26.18601491250715,0.09751324272478198,0.08,100.0,100.0,0.5,55.0,0.08,-0.31372288795103664,1.4007488357372222,0.0062,0.0044,0.015,0.0093
182,1763355098.1865616,-0.009741794042956779,0.02766181023243388,0.38370708031389095,-0.0065730840238128795,-0.0034419136297038993,-0.03867353753153746,0.19081670585269703,-0.00219846399427584,-0.187,0.058,1.126,0.997,-0.008,0.075,-0.027,0.099,-0.062,-0.128,0.0,0.0,0.018,-0.136,0.02,1.249,0.999,-0.003,-0.007,-0.041,0.038,-0.045,-0.057,-0.1,-0.3,0.1,-0.16466148045212595,0.04570862078724099,1.0985344625218525,0.9997387800097755,0.0004902605813874252,0.008584284629904206,-0.021176436114725396,0.12312753849072836,-0.059745337422126,-0.13265203667304648,0.0,0.0,0.01228321946307037,-0.18405947021622565,0.04915827914197147,1.1313133066528265,0.9997298600456218,-0.0005140528669464692,0.006223851203831545,-0.022387638531200443,0.06137151160694881,-0.03844880196095735,-0.03348607078345253,0.0,0.0,0.011981113398212978,0.0,0.0,1.0,1.0,0.0,0.0,0.0,26.17187482042777,0.09746461975251089,0.08,100.0,100.0,0.5,55.0,0.08,-0.31481274445807683,1.3985432345693112,0.0021,0.0017,0.0086,0.0161
183,1763355098.254634,-0.010300601704057383,0.030544719324885644,0.3680399723421902,-0.006448023918583339,-0.006447211071611831,0.02478772429942152,0.06555461525920557,-0.0018396059827821224,-0.185,0.055,1.126,0.997,-0.007,0.075,-0.026,0.031,-0.066,-0.006,0.0,0.0,0.021,-0.134,0.017,1.245,0.999,0.001,-0.01,-0.042,0.028,-0.048,-0.047,0.2,-0.1,-0.1,-0.17656418766150905,0.04212039673458041,1.124883353430312,0.9997625246375469,-0.0005234499982753923,0.006223067913558131,-0.020878068785238308,0.0521704522400008,-0.06175996820744333,0.020890586419220536,0.0,0.0,0.012446700745392841,-0.18172137709774625,0.04603069757427333,1.130059571455616,0.999737926879024,-0.0007353670349054847,0.00553510002427766,-0.0222013392090773,0.06316637045218448,-0.04136163752036842,-0.03643570204975968,0.0,0.0,0.011878705847198901,0.0,0.0,1.0,1.0,0.0,0.0,0.0,26.176194735748265,0.09748294277957327,0.08,100.0,100.0,0.5,55.0,0.08,-0.3160554999385535,1.400366930786248,0.0017,0.0015,0.0083,0.0185
184,1763355098.316637,-0.010650239811492716,0.03698674300798127,0.3659498088876606,-0.00638643389294634,-0.005610916176198173,0.043664388162310275,0.1275641723556734,-0.002110058841283757,-0.186,0.051,1.126,0.997,-0.008,0.075,-0.026,-0.019,-0.065,0.005,0.0,0.0,0.014,-0.132,0.015,1.243,0.999,-0.001,0.002,-0.042,0.017,-0.029,-0.018,-0.0,0.8,-0.1,-0.18775360787858364,0.03849345348675546,1.1304396545203597,0.9997648554020669,-0.0007422742142236808,0.005534177982833842,-0.020953658533284833,-0.0014104934429860193,-0.05925184168485935,0.031377970242359936,0.0,0.0,0.011695341613692546,-0.18174728319703023,0.04281592610020951,1.1291010085473965,0.9997373774681863,-0.00138578981541807,0.006161045086559367,-0.022029462160070033,0.05788716229704329,-0.04325876116835447,-0.02379383914850515,0.0,0.0,0.011798020252391149,0.0,0.0,1.0,1.0,0.0,0.0,0.0,26.180231804717046,0.09750296173875736,0.08,100.0,100.0,0.5,55.0,0.08,-0.3172383970605146,1.404721245200886,0.0055,0.0019,0.0098,0.0082
185,1763355098.394666,-0.011578323110162082,0.03659184994112077,0.34688382116499616,-0.00635584693884584,-0.008634256422656614,0.01189556329369047,0.04190123971955047,-0.002241977939352375,-0.182,0.045,1.129,0.997,-0.008,0.075,-0.025,0.013,-0.072,0.193,0.0,0.0,0.016,-0.13,0.012,1.244,0.999,-0.006,-0.002,-0.042,0.025,-0.035,0.013,-0.2,0.2,-0.1,-0.17785121041456517,0.031246385851996544,1.1703632371923434,0.9997654071133505,-0.001393868179086408,0.0061592224728827675,-0.020718393989531368,0.02780615818590587,-0.0650627467449457,0.20000299939277932,0.0,0.0,0.011740649998015676,-0.1801523434170567,0.03905130650332093,1.1366127402105817,0.9997559431393269,-0.0016571479886016074,0.0029607000499816665,-0.021829848221020094,0.05642979355689894,-0.04542270422230943,0.029152817438634085,0.0,0.0,0.011709598256635105,0.0,0.0,1.0,1.0,0.0,0.0,0.0,26.20446397257604,0.09761193268485165,0.08,100.0,100.0,0.5,55.0,0.08,-0.3186738642065251,1.4072427729148163,0.0031,0.0022,0.0201,0.0112
186,1763355098.451704,-0.01494271456969377,0.023479387775084737,0.404813955427988,-0.00633364881908531,-0.02116382846396922,-0.051840367102259845,0.4197321042518327,-0.0022724520032645396,-0.175,0.04,1.116,0.997,-0.009,0.073,-0.025,0.14,-0.109,-0.282,0.0,0.0,0.023,-0.128,0.008,1.241,0.999,-0.002,-0.009,-0.042,0.016,-0.032,-0.056,0.1,1.3,-0.2,-0.14567025833660247,0.018922264988993704,1.0565562515449534,0.9997887468003067,-0.0016617596445622613,0.0029581141164248736,-0.02027189895471428,0.15508631892498656,-0.10140494902926181,-0.33634291466360494,0.0,0.0,0.012253843519297694,-0.17277148698462275,0.03357597235504278,1.1233854624379302,0.9997588172468362,-0.001881976193462763,0.003191929036436583,-0.02164664158341325,0.07133528420978545,-0.05226598980984798,-0.02126399858283161,0.0,0.0,0.011567646712049472,0.0,0.0,1.0,1.0,0.0,0.0,0.0,26.165288049451075,0.0974774725474041,0.08,100.0,100.0,0.5,55.0,0.08,-0.3215705549870415,1.403124561611806,0.0021,0.0075,0.0108,0.0056
187,1763355098.518614,-0.01328490028641387,0.0338555784240105,0.3690927226497113,-0.006198053277662505,0.0026855534527643384,0.06068572366028556,-0.026800930605887688,-0.001697140600042974,-0.176,0.037,1.116,0.997,-0.009,0.073,-0.024,-0.02,-0.068,0.008,0.0,0.0,0.014,-0.125,0.005,1.236,0.999,0.004,-0.0,-0.039,0.028,-0.04,-0.097,0.4,0.5,0.1,-0.1783026281459062,0.02421273121942296,1.1137570029175223,0.9997845707640554,-0.0018858827880279983,0.003189622466096467,-0.02042258105057029,-0.0036887093523641393,-0.05828838392714107,0.02995125397434174,0.0,0.0,0.011458804737798553,-0.17258525550430454,0.029901145165922155,1.122823235397686,0.9997569479616455,-0.0020918838771544195,0.004849622560073553,-0.021404443120185072,0.0627771300907338,-0.05212594139492193,-0.024597092710522694,0.0,0.0,0.011415313517463352,0.0,0.0,1.0,1.0,0.0,0.0,0.0,26.169774522431258,0.09749562827849238,0.08,100.0,100.0,0.5,55.0,0.08,-0.32251132695075957,1.4077635560075983,0.0021,0.0034,0.009,0.0116
188,1763355098.595873,-0.011054217486760685,0.035574527795458256,0.36194878621216336,-0.006210346017456116,0.006171576390860725,0.021290588766242718,0.1026900888059018,-0.002385733678091485,-0.175,0.033,1.12,0.997,-0.01,0.074,-0.024,0.008,-0.054,0.059,0.0,0.0,0.001,-0.123,0.003,1.236,0.999,-0.003,-0.007,-0.039,0.023,-0.04,-0.028,0.2,0.4,0.0,-0.17179542750939053,0.023239715747416904,1.130974010438852,0.9997725730915741,-0.0020954860029158686,0.004848067196549223,-0.020661734601009743,0.021863592019230615,-0.04213312080558429,0.07651341554949365,0.0,0.0,0.010201247025249766,-0.17130139317987042,0.026798232893408137,1.1252887100018507,0.9997590027482982,-0.002497492920197755,0.00518118482623837,-0.02118618126605316,0.0601066504431729,-0.04989339496083427,-0.052979988748273546,0.0,0.0,0.011262339717718037,0.0,0.0,1.0,1.0,0.0,0.0,0.0,26.186053147629472,0.09757289371469664,0.08,100.0,100.0,0.5,55.0,0.08,-0.3227023879931321,1.4107432407488285,0.0017,0.0021,0.0239,0.0079
189,1763355098.6647196,-0.012227908649198439,0.028221270183746816,0.3665801049110703,-0.006156785385075724,-0.010013787369724005,-0.023425840135260372,0.15888738832409594,-0.002061076594644077,-0.17,0.025,1.119,0.997,-0.01,0.073,-0.024,0.089,-0.076,-0.023,0.0,0.0,0.02,-0.121,-0.0,1.239,0.999,-0.007,-0.013,-0.04,0.03,-0.047,0.027,-0.1,-0.3,0.1,-0.15096953022265844,0.011154490725604867,1.1252146688008287,0.999788324024607,-0.0025049118422334152,0.0051776021238329455,-0.019754113419166882,0.10164635876878472,-0.06282188604022443,0.026051063183967136,0.0,0.0,0.011759060305429354,-0.16628337083874123,0.022403863325869078,1.1216283109007923,0.9997715096604335,-0.0037453850189379293,0.001392211470994056,-0.02099910258981666,0.06774657913129802,-0.04965361664684415,0.01732279476793073,0.0,0.0,0.011264015807676747,0.0,0.0,1.0,1.0,0.0,0.0,0.0,26.17989838018167,0.09754439932607932,0.08,100.0,100.0,0.5,55.0,0.08,-0.32403328129856596,1.4095284345204584,0.002,0.0065,0.0115,0.0179
190,1763355098.7258878,-0.007200474403733736,0.03391842224043348,0.3713457332840039,-0.006138448880546802,0.020551705483874104,0.039068736602338394,0.16129568120631899,-0.0022171119967587818,-0.17,0.024,1.12,0.997,-0.011,0.073,-0.024,0.006,-0.016,0.015,0.0,0.0,-0.003,-0.12,-0.003,1.24,0.999,0.003,-0.003,-0.04,0.022,-0.032,-0.01,0.4,0.2,0.0,-0.16759754901852583,0.02208686550976103,1.1191444441509975,0.9997835577310656,-0.003746194373661853,0.0013900321704177847,-0.02041743198575725,0.01888041921268337,-0.003785723491604519,-0.017634439522181328,0.0,0.0,0.009754778507628797,-0.1650685973192634,0.02084312556496528,1.122636574040494,0.999771715869504,-0.0036352017361761975,0.0034521013613028543,-0.020769796625790232,0.06151233710383278,-0.04087534904528114,0.006860467461942367,0.0,0.0,0.011002389159821909,0.0,0.0,1.0,1.0,0.0,0.0,0.0,26.18095725042156,0.09754905664932134,0.08,100.0,100.0,0.5,55.0,0.08,-0.3226771085790294,1.4127473759325946,0.0029,0.0069,0.0126,0.012
191,1763355098.7979817,-0.008773878752368363,0.036606485430382626,0.36379365563621147,-0.006108594185972333,-0.010567199644573283,0.026159724289908245,0.10149426174253925,-0.0021526448573327087,-0.17,0.022,1.123,0.997,-0.01,0.074,-0.023,-0.002,-0.05,0.071,0.0,0.0,0.011,-0.119,-0.005,1.241,0.999,-0.005,0.001,-0.043,0.007,-0.028,0.017,-0.2,0.7,-0.1,-0.168971714333939,0.013147861400706114,1.1337183962904627,0.9997938351098886,-0.003638975347342718,0.003448123242118735,-0.019676269483554592,0.011596766456856537,-0.039484346846620264,0.05219661898956409,0.0,0.0,0.01089421863918958,-0.16441576626242552,0.017974263389596904,1.1260247572609552,0.9997755229625073,-0.002915806407256602,0.004327472568040486,-0.02053472033442926,0.056611245473760334,-0.0386722117214945,0.0015341017675688118,0.0,0.0,0.010993543164301388,0.0,0.0,1.0,1.0,0.0,0.0,0.0,26.191151680796125,0.09758509578725658,0.08,100.0,100.0,0.5,55.0,0.08,-0.323350746063161,1.4160581082623966,0.0027,0.0078,0.0147,0.0109
192,1763355098.845623,-0.00663865365529661,0.03533192234994165,0.3679181073840009,-0.006071914618741636,0.007385920953220629,0.007354616634188588,0.15704487960252633,-0.002107324983586137,-0.169,0.02,1.125,0.997,-0.01,0.074,-0.023,0.021,-0.018,0.022,0.0,0.0,-0.0,-0.117,-0.008,1.242,0.999,-0.006,-0.01,-0.041,0.028,-0.038,0.03,-0.2,-0.4,0.0,-0.16350546543143984,0.017379324918498973,1.1282559443849955,0.999789378922135,-0.0029187753233081166,0.004325470661533742,-0.019848648534840658,0.03479472527281,-0.009697402758324277,0.00784132388281774,0.0,0.0,0.009923416633119901,-0.16281771847746898,0.016573810662031254,1.1268989850318758,0.9997857105477439,-0.0031824636662074134,0.002367789393739501,-0.020317442824899643,0.05488229486838871,-0.03242711872104937,0.00013300164216650725,0.0,0.0,0.010872995978163734,0.0,0.0,1.0,1.0,0.0,0.0,0.0,26.194313038209625,0.09759538000592634,0.08,100.0,100.0,0.5,55.0,0.08,-0.32252758624296884,1.4180557996235847,0.0019,0.0017,0.009,0.0084
193,1763355098.9307861,-0.000745389823526438,0.03828860664630842,0.368978263964694,-0.006072170370105783,0.02697682403811463,0.02803289236306193,0.14327007317246626,-0.002278246738848851,-0.169,0.023,1.125,0.997,-0.01,0.074,-0.024,-0.012,0.036,0.011,0.0,0.0,-0.014,-0.115,-0.01,1.241,0.999,-0.007,-0.011,-0.04,0.04,-0.039,-0.015,-0.1,-0.4,0.2,-0.169992569777889,0.03091661140458806,1.1261893290196308,0.9997891589193036,-0.0031828671846424504,0.0023672469420746647,-0.020147039629477077,0.003738230612257901,0.04189428607312146,-0.0004983831843592482,0.0,0.0,0.00869686658525876,-0.1628017641424677,0.017950640443112027,1.127094691802932,0.9997895607400192,-0.0017004078309748026,0.0035628552620813347,-0.020130795087854328,0.04852567668369386,-0.020124180091579617,0.004712262923342408,0.0,0.0,0.010740769099049748,0.0,0.0,1.0,1.0,0.0,0.0,0.0,26.195135944271872,0.09759810618206043,0.08,100.0,100.0,0.5,55.0,0.08,-0.31939373233565693,1.4216081957383373,0.0092,0.0025,0.0184,0.009
194,1763355098.9828224,-0.0015570026691178393,0.037098002548402426,0.36843311684387814,-0.006088577751345471,-0.004337585411779423,0.008405207002835704,0.13564111338268067,-0.002359100794988105,-0.169,0.023,1.126,0.997,-0.01,0.075,-0.024,0.008,0.007,0.021,0.0,0.0,-0.01,-0.115,-0.012,1.24,0.999,-0.002,0.004,-0.043,0.002,-0.029,-0.029,0.0,0.6,-0.1,-0.16567193417191015,0.024865468242531857,1.1275034787965392,0.999795831338745,-0.0017015262709872726,0.003562321259982209,-0.019816919873124447,0.02637242114328265,0.009672517273264424,0.004331700074267148,0.0,0.0,0.009016034776440064,-0.16206831448287823,0.018218732487109004,1.128114817028244,0.9997881849598201,-0.0017150913367390097,0.004686710543440663,-0.01996693318307227,0.04705929684384201,-0.014454741542062013,-0.004255248250709871,0.0,0.0,0.010669909530130191,0.0,0.0,1.0,1.0,0.0,0.0,0.0,26.198789314278844,0.09760784323698914,0.08,100.0,100.0,0.5,55.0,0.08,-0.3181444897487916,1.423906301518166,0.0027,0.0017,0.0096,0.0108
195,1763355099.060594,-0.0012821566703984104,0.038814048925468976,0.36956150925812187,-0.0060593171943841674,0.0007903539926779543,0.022491982840983672,0.1438043808876726,-0.0021369138719480327,-0.17,0.024,1.126,0.997,-0.01,0.075,-0.024,-0.017,0.017,0.0,0.0,0.0,-0.009,-0.113,-0.014,1.239,0.999,-0.004,-0.012,-0.04,0.033,-0.043,-0.023,-0.1,-0.4,0.1,-0.1714743089245343,0.02754185075514003,1.1251312285233472,0.9997950967668282,-0.001716727905862926,0.00468611132054997,-0.01961779006405654,0.00308430475779333,0.015682638350938125,-0.006091270428540416,0.0,0.0,0.009114675236574344,-0.16255831176449564,0.019087457370836586,1.1278145036537526,0.9997926492436989,-0.0009783761843865668,0.004595110480312787,-0.0198137895916309,0.042812665914881795,-0.008570168180405837,-0.005819620688390286,0.0,0.0,0.010606001894135193,0.0,0.0,1.0,1.0,0.0,0.0,0.0,26.199530891793348,0.09761026788691388,0.08,100.0,100.0,0.5,55.0,0.08,-0.3166950821863382,1.4273300758979706,0.0069,0.0021,0.0133,0.0136
196,1763355099.1208556,-0.005869447194948493,0.033957933045437205,0.36898464004362014,-0.005982260725712539,-0.023417261374149814,-0.009725311053108013,0.13570121989928727,-0.0018869616045359204,-0.166,0.025,1.123,0.997,-0.007,0.075,-0.025,0.036,-0.03,0.006,0.0,0.0,0.007,-0.112,-0.017,1.236,0.999,0.001,-0.013,-0.04,0.023,-0.037,-0.033,-0.1,-0.3,0.0,-0.1567341942349211,0.018644714126645263,1.1234478827325933,0.9998107577616098,-0.0009826769661520239,0.004594192667340965,-0.01887793431155018,0.057374052875144785,-0.035230674500121184,0.001918550428733591,0.0,0.0,0.01042735724281567,-0.16054711731465898,0.01810371080748678,1.1275414965031163,0.9997893833262739,0.001207689676772253,0.005608475170504203,-0.019704707051246148,0.047241318782573025,-0.011763347381453893,-0.005532948432841754,0.0,0.0,0.010658334873194843,0.0,0.0,1.0,1.0,0.0,0.0,0.0,26.201062442128464,0.09761401799893503,0.08,100.0,100.0,0.5,55.0,0.08,-0.31755226715680673,1.4279861392658926,0.0016,0.0029,0.0097,0.0082
197,1763355099.1808312,-0.004668120105483388,0.029821946713059592,0.38045049355764643,-0.0058718856922004535,0.0038055927492198424,-0.00794570676984907,0.1956985075864891,-0.001691472604581778,-0.163,0.025,1.118,0.997,-0.007,0.074,-0.025,0.056,0.005,-0.097,0.0,0.0,0.008,-0.111,-0.019,1.234,0.999,0.001,0.003,-0.041,0.006,-0.039,-0.053,0.1,0.6,-0.0,-0.14961471588543016,0.025328750597681148,1.0980254274818995,0.9998080382871533,0.0012022453706082477,0.005609644744758394,-0.018734275227531336,0.07763285094226505,-0.0015007340169742684,-0.0994075620459716,0.0,0.0,0.01041344121809511,-0.1575247555552654,0.01863234550032079,1.1224599202991727,0.999791255706007,0.0015773947112380986,0.005582090122430929,-0.019590740404481544,0.05428737001516348,-0.01091156566740845,-0.02086015558527974,0.0,0.0,0.010704957306852139,0.0,0.0,1.0,1.0,0.0,0.0,0.0,26.189554173390814,0.09758619233147155,0.08,100.0,100.0,0.5,55.0,0.08,-0.31648050147217177,1.427993831526091,0.002,0.0015,0.009,0.0098
198,1763355099.252038,-0.007505923382421929,0.031365987224438605,0.37354843808659455,-0.005781059824594914,-0.015939561424248974,0.01890343257429241,0.10815865772885797,-0.0017478277965474742,-0.162,0.023,1.115,0.997,-0.006,0.074,-0.024,0.024,-0.028,-0.045,0.0,0.0,0.012,-0.11,-0.022,1.232,0.999,0.001,-0.003,-0.041,0.005,-0.029,-0.04,0.1,0.6,-0.1,-0.1550547350528418,0.016767619485069513,1.1062400745273087,0.9998123807115515,0.0015711990681119088,0.0055838371840829255,-0.018481219431884206,0.043593728482517816,-0.03320162502070186,-0.024862653339337105,0.0,0.0,0.01058838732149709,-0.15589204966621886,0.017585438905390556,1.1194844785769322,0.9997903151402785,0.001968365024361843,0.006113583708583291,-0.01944416069342783,0.05612073037802355,-0.015247532013425344,-0.024842984486770636,0.0,0.0,0.010708443618379722,0.0,0.0,1.0,1.0,0.0,0.0,0.0,26.186335786041465,0.09757779862335814,0.08,100.0,100.0,0.5,55.0,0.08,-0.317091880365431,1.4297714062897522,0.0029,0.0035,0.0126,0.0085
199,1763355099.3215563,-0.00536287963650711,0.03275773611350684,0.36842425143732294,-0.005751992290824894,0.007900497461165865,0.018720989654505638,0.11445973103611477,-0.002022559765372996,-0.16,0.024,1.115,0.997,-0.006,0.074,-0.024,0.019,0.004,-0.004,0.0,0.0,-0.004,-0.109,-0.025,1.23,0.999,0.002,-0.01,-0.04,0.022,-0.055,-0.01,-0.1,-0.4,0.0,-0.15438878492703495,0.024386924985676205,1.1158877876797766,0.9998001504294889,0.0019652310834801937,0.006114591844065252,-0.018931688634155765,0.034845462747616546,0.0010769024847751632,0.019875920027056793,0.0,0.0,0.009094282371852652,-0.15438739890668043,0.01795240098086553,1.1184669088500694,0.9998021783553361,0.0006157040360353939,0.0047570389748293205,-0.019302736714168194,0.05642060519775084,-0.013747737707673843,-0.023792353951578596,0.0,0.0,0.010549931318376747,0.0,0.0,1.0,1.0,0.0,0.0,0.0,26.189112100367044,0.09758686819707407,0.08,100.0,100.0,0.5,55.0,0.08,-0.316004505726363,1.4319218536188951,0.0022,0.0042,0.0114,0.011
200,1763355099.3910737,-0.0024112673154884313,0.029629869469862586,0.37416730277205096,-0.005802814874990117,0.012746981741403228,-0.0033551821756562187,0.16687435096263642,-0.0024111100298854536,-0.158,0.024,1.113,0.997,-0.006,0.074,-0.025,0.061,0.021,-0.058,0.0,0.0,-0.019,-0.108,-0.028,1.23,0.999,0.001,-0.013,-0.04,0.013,-0.051,0.01,-0.2,-0.2,0.0,-0.14442200985393458,0.02802335820863193,1.1051263905791484,0.9998012662366742,0.0006159285468867349,0.00475700991098037,-0.019349923004366852,0.07398900031762823,0.019942262393696883,-0.03524628383031718,0.0,0.0,0.007759519698575718,-0.15102507266956142,0.01904645209037071,1.1147105707596459,0.9998103002853322,0.000573017576216756,0.003152004944099647,-0.019211974366091306,0.06098389713838772,-0.009396588642350732,-0.010144849318027751,0.0,0.0,0.010293373594117257,0.0,0.0,1.0,1.0,0.0,0.0,0.0,26.181871613555412,0.09756412148613584,0.08,100.0,100.0,0.5,55.0,0.08,-0.3141668336758702,1.432090132382973,0.0019,0.0055,0.0112,0.0133
201,1763355099.4580545,-0.007620155780130657,0.03036749863985797,0.37145026927304803,-0.005753842375051418,-0.026948667566519282,0.014799346901175398,0.12672757104450466,-0.001931193078427798,-0.158,0.022,1.113,0.997,-0.006,0.074,-0.025,0.042,-0.044,-0.016,0.0,0.0,0.004,-0.107,-0.032,1.229,0.999,0.005,-0.007,-0.04,0.017,-0.064,0.004,-0.1,-0.4,-0.0,-0.14839650308769428,0.013158563845986175,1.110157291688243,0.999825193333455,0.0005705225938556829,0.0031524574985528553,-0.01842062136327202,0.05376451947696835,-0.044926643623586664,-0.006921870908269868,0.0,0.0,0.009725956916537576,-0.14863488573677416,0.017202527983098466,1.1135826458087539,0.9998124218405384,-0.00028381095912402104,0.003089604342301703,-0.01911792168895192,0.061204994727272415,-0.014247061152426025,-0.0073965890564207555,0.0,0.0,0.010202864124213989,0.0,0.0,1.0,1.0,0.0,0.0,0.0,26.180530635004306,0.09756055847234117,0.08,100.0,100.0,0.5,55.0,0.08,-0.31569590327843855,1.4331806877763151,0.0037,0.0037,0.0148,0.0113
202,1763355099.5158503,-0.00962506628721077,0.030758480618814477,0.37162832339892904,-0.00568486587353706,-0.012882110952949557,0.01334272188472928,0.14018412160679813,-0.001812808383072496,-0.158,0.022,1.113,0.997,-0.006,0.074,-0.025,0.042,-0.044,-0.016,0.0,0.0,0.004,-0.107,-0.035,1.229,0.999,0.002,-0.003,-0.041,0.008,-0.053,0.008,-0.1,-0.0,-0.0,-0.1484319984847245,0.013095500615553786,1.1097832329334714,0.9998272482811207,-0.00028625760408340867,0.003089378616581798,-0.018326139553922566,0.052893350554342355,-0.045418214063729534,-0.0095638597576008,0.0,0.0,0.009684515923873342,-0.1464222731712835,0.015410955371074056,1.1126937339041751,0.9998131432070712,0.00014723272674396838,0.0033758291455388205,-0.01903314925336174,0.061447392291048474,-0.018174811635800776,-0.012385034798145912,0.0,0.0,0.01014528413270244,0.0,0.0,1.0,1.0,0.0,0.0,0.0,26.179972457540014,0.09755936993976326,0.08,100.0,100.0,0.5,55.0,0.08,-0.3169751886958668,1.4343246583219698,0.0032,0.0019,0.0101,0.0082
203,1763355099.586581,-0.007295560787408298,0.03075743022956588,0.3758916287684866,-0.005645038159384788,0.00803812764130832,0.01152917828581243,0.1606771481223864,-0.0019326861318150427,-0.156,0.019,1.111,0.997,-0.005,0.073,-0.025,0.044,-0.01,-0.061,0.0,0.0,-0.002,-0.107,-0.039,1.227,0.999,0.005,0.0,-0.04,-0.009,-0.058,-0.042,0.4,0.7,-0.0,-0.1461657412374662,0.01680518987647008,1.1003437910807512,0.9998238532863444,0.00014530416421747064,0.003375912705559029,-0.018461974427208015,0.053910747552299874,-0.010516408917536278,-0.046786671187765305,0.0,0.0,0.009093160821577113,-0.14412180691587942,0.014922690213167767,1.1094742638745596,0.9998169176953142,0.0010679247590227702,0.0024197064550408507,-0.018950874587255206,0.06153167410525398,-0.017695646999616153,-0.011699544730492275,0.0,0.0,0.010156378082700389,0.0,0.0,1.0,1.0,0.0,0.0,0.0,26.172603549387663,0.09753944071198958,0.08,100.0,100.0,0.5,55.0,0.08,-0.3164560489323976,1.4354314556028775,0.0077,0.0018,0.0096,0.0096
204,1763355099.649007,-0.006289189428541389,0.030957744342602282,0.37601984464617527,-0.005628237869277469,0.002296021499056436,0.01253560690126923,0.1416004401766261,-0.002032887859232691,-0.156,0.019,1.111,0.997,-0.005,0.073,-0.025,0.044,-0.01,-0.061,0.0,0.0,-0.002,-0.106,-0.044,1.226,0.999,0.005,-0.009,-0.04,0.006,-0.069,-0.007,-0.1,-0.4,0.1,-0.14626225909631183,0.01704819295257401,1.0995189285187368,0.9998274533341783,0.001066559036954266,0.0024203087489391493,-0.018386628746781465,0.05350374807541987,-0.00812317756798812,-0.04461236495550118,0.0,0.0,0.009014332200197574,-0.14199047321524857,0.01445660512590638,1.1066224332522328,0.9998190796850427,-0.00029931785688532524,0.0024063262992884754,-0.01886605152956626,0.06099052578430119,-0.01684539257193322,-0.017201414085994484,0.0,0.0,0.010095163341031232,0.0,0.0,1.0,1.0,0.0,0.0,0.0,26.166167962651834,0.09752240744452007,0.08,100.0,100.0,0.5,55.0,0.08,-0.31597933229476427,1.4365373888907782,0.0034,0.0021,0.0085,0.0083
205,1763355099.7236292,-0.01171703639836365,0.03099744605494941,0.3749115128495691,-0.005608567791761625,-0.029497680884814324,0.011807662690211497,0.13546578275928506,-0.0020122388133998236,-0.15,0.004,1.106,0.997,-0.005,0.072,-0.024,0.039,-0.065,-0.053,0.0,0.0,0.004,-0.106,-0.049,1.226,0.999,-0.0,-0.011,-0.039,0.003,-0.08,0.004,-0.2,-0.1,0.0,-0.14123576066530177,-0.008665147302669703,1.0970554673025334,0.9998334690571152,-0.00030119177326530126,0.002406092465765831,-0.018087403234750565,0.04872196024443749,-0.06179268997055498,-0.028511155865009154,0.0,0.0,0.009475238278347576,-0.13979734875561103,0.010565083133974258,1.1038392599010312,0.9998204344433337,-0.001173475703037297,0.0024707706094449005,-0.01875145639445184,0.06008071916391384,-0.023113139682168986,-0.02008739150816383,0.0,0.0,0.010026310368047306,0.0,0.0,1.0,1.0,0.0,0.0,0.0,26.16128169576377,0.09750930335313943,0.08,100.0,100.0,0.5,55.0,0.08,-0.3183187149409393,1.4376793605435714,0.0039,0.0029,0.0119,0.0137
206,1763355099.7966764,-0.015103013322408765,0.035170681411712326,0.3713840999348474,-0.005482179021274256,-0.021323773269611945,0.032490219054420594,0.12295475274498005,-0.001471269069473767,-0.151,-0.001,1.105,0.997,-0.004,0.071,-0.023,-0.004,-0.075,-0.024,0.0,0.0,0.017,-0.107,-0.054,1.227,0.999,0.007,-0.009,-0.041,-0.001,-0.095,0.017,0.4,-0.3,-0.1,-0.15081946645741026,-0.015668850941580832,1.1030274511640419,0.9998431358718988,-0.0011765693475675458,0.0024692989289432097,-0.017499197044948307,0.005879680123768495,-0.0713246973292162,0.004888009785603116,0.0,0.0,0.010531835554461834,-0.1396932281136012,0.006053439228037683,1.1022791906165885,0.9998238474375637,-0.0007257990674308584,0.002379730395077553,-0.018603338251715732,0.053218309530783846,-0.02978096205668307,-0.01117775511257651,0.0,0.0,0.010024746700864725,0.0,0.0,1.0,1.0,0.0,0.0,0.0,26.159389659745294,0.0975050160116558,0.08,100.0,100.0,0.5,55.0,0.08,-0.32091849155969404,1.4407302620638156,0.0021,0.002,0.01,0.0248
207,1763355099.856873,-0.003352713205049679,0.029816958558182203,0.36816094659797327,-0.0055114676410119015,0.053087870590892136,-0.013579608738258489,0.12315327079119709,-0.0022022602316660745,-0.147,0.002,1.105,0.997,-0.004,0.071,-0.024,0.07,0.056,0.014,0.0,0.0,-0.021,-0.107,-0.059,1.229,0.999,0.003,-0.01,-0.04,0.001,-0.089,0.027,-0.1,-0.3,-0.0,-0.13200624541085274,0.013571102617092873,1.109960334703875,0.9998211512792171,-0.0007254555013773196,0.0023798351529172885,-0.01874768128760001,0.0808238909716447,0.06195263636565373,0.03199908121186252,0.0,0.0,0.007193248605071362,-0.13627191919787118,0.007571592033232275,1.1026781256847866,0.9998252879709592,-0.0005703474306299114,0.002517524794787017,-0.01851297670566363,0.05779935034407377,-0.017347518410346954,0.0009463791855035589,0.0,0.0,0.009830983261984281,0.0,0.0,1.0,1.0,0.0,0.0,0.0,26.16145691910936,0.09751001529658548,0.08,100.0,100.0,0.5,55.0,0.08,-0.3169512537580144,1.440425543501771,0.0067,0.0016,0.0089,0.0148
208,1763355099.9141665,-0.016568593561066706,0.04126715001083281,0.3759722383572189,-0.005407493828257346,-0.06733666923197876,0.06843231672257133,0.17711681377046767,-0.001546931301606686,-0.153,-0.007,1.102,0.997,-0.003,0.07,-0.023,-0.075,-0.122,-0.043,0.0,0.0,0.036,-0.108,-0.065,1.23,0.999,0.001,-0.011,-0.04,-0.009,-0.089,0.037,-0.0,-0.1,-0.0,-0.1668692680751328,-0.030641219784944686,1.094446535749651,0.999859297833085,-0.0005752267358950503,0.0025164144106853865,-0.016574718985442525,-0.06316152182247609,-0.11403855146286056,-0.03841586879262466,0.0,0.0,0.011956808311187887,-0.1396538330588981,0.0009189229624034061,1.100589989628708,0.9998268098338654,-0.001941330655374492,0.002362147045160764,-0.018357609704397333,0.04117148770625971,-0.031064104840089785,0.001338494102064755,0.0,0.0,0.009996201352450973,0.0,0.0,1.0,1.0,0.0,0.0,0.0,26.154705024609203,0.09749759249541166,0.08,100.0,100.0,0.5,55.0,0.08,-0.32210671856411394,1.4464550304077162,0.002,0.0015,0.0085,0.0071
209,1763355099.999575,-0.01930219872981409,0.03894102087594658,0.37272585025879035,-0.0054028642753288034,-0.01988124842913694,0.003844535579631183,0.1247576488918147,-0.0020046624209537883,-0.153,-0.013,1.102,0.997,-0.004,0.07,-0.022,-0.003,-0.097,-0.013,0.0,0.0,0.005,-0.109,-0.071,1.232,0.999,0.004,-0.005,-0.04,-0.012,-0.093,0.019,0.1,-0.0,-0.0,-0.1523434092706502,-0.031502202961893044,1.099171961560596,0.9998410870538459,-0.0019432077979945595,0.0023606030649542965,-0.01756280545947448,0.010913728909117914,-0.08850478753314212,-0.005131800880568145,0.0,0.0,0.009230441284719008,-0.1400479580551305,-0.004899674912975048,1.1000699944802386,0.9998217659777647,-0.003368849066620433,0.0037422319094872797,-0.018195681724126857,0.03783398025675599,-0.037766782634564594,-0.00013980411527959608,0.0,0.0,0.009779685704113071,0.0,0.0,1.0,1.0,0.0,0.0,0.0,26.152785819563984,0.09749504723124285,0.08,100.0,100.0,0.5,55.0,0.08,-0.32539602286258856,1.4486228591564585,0.0037,0.0079,0.017,0.0126
210,1763355100.0490532,-0.006212211240253002,0.03518384012648746,0.36999159406763377,-0.005441191837253279,0.05821161292412516,-0.004183020918815646,0.12610091289126357,-0.0022177119128706764,-0.152,-0.011,1.102,0.997,-0.003,0.07,-0.023,0.025,0.045,0.01,0.0,0.0,-0.027,-0.11,-0.077,1.233,0.999,0.002,-0.012,-0.039,-0.02,-0.106,0.021,-0.1,0.0,0.1,-0.14552803263121633,-0.0012170983608106156,1.1041611045507245,0.9998147768116507,-0.003367426247276855,0.0037435122768871864,-0.018575753695913404,0.04260730845121524,0.05547875370242366,0.019632261869374702,0.0,0.0,0.00651822313812705,-0.13918238344731557,-0.004150844018239319,1.1006368394378045,0.9998331973542836,-0.00044130328620870955,0.002435961457241364,-0.01809554673113536,0.03874096629090346,-0.024646459526573725,-0.003044020564103594,0.0,0.0,0.00958953605835156,0.0,0.0,1.0,1.0,0.0,0.0,0.0,26.154798937776942,0.09749826611911554,0.08,100.0,100.0,0.5,55.0,0.08,-0.3217636792473871,1.449676964940372,0.0028,0.0019,0.0072,0.0082
211,1763355100.147279,-0.017634692054437396,0.03920626348741563,0.3604243955701304,-0.005442137427673322,-0.05944198328601683,0.033306056852073634,0.09091085528784569,-0.002045174891070197,-0.154,-0.019,1.108,0.997,-0.003,0.071,-0.023,-0.037,-0.12,0.09,0.0,0.0,0.012,-0.112,-0.084,1.234,0.999,0.004,-0.004,-0.04,-0.024,-0.097,0.023,0.0,0.3,-0.1,-0.15943448009442882,-0.04180558677695615,1.12776086451892,0.9998515451127024,-0.00044384631586130653,0.002435499386056261,-0.017051659125441956,-0.016136409529013494,-0.10685711787585862,0.10139000924675311,0.0,0.0,0.009811797119606919,-0.14121481327365648,-0.010901608023946786,1.104795604817799,0.9998159348513648,-0.0035301892127081033,0.005708958511879646,-0.017973368469035165,0.03228274261357077,-0.03619679620844683,0.020167736629896717,0.0,0.0,0.00956334952969285,0.0,0.0,1.0,1.0,0.0,0.0,0.0,26.165321010638838,0.09751371994562825,0.08,100.0,100.0,0.5,55.0,0.08,-0.3263587081880566,1.4532780795272031,0.0077,0.0046,0.0255,0.0178
212,1763355100.1936638,-0.026493199146816526,0.03760447327946605,0.378826514063482,-0.005390869810765371,-0.05090554498230968,0.006693397768032972,0.22716974080555696,-0.0017844634508377348,-0.155,-0.031,1.104,0.997,-0.004,0.071,-0.022,-0.012,-0.166,-0.056,0.0,0.0,0.015,-0.112,-0.091,1.235,0.999,0.007,-0.012,-0.04,-0.015,-0.123,0.027,0.3,-0.0,-0.1,-0.15515895517349698,-0.06268300731941606,1.0924444391469494,0.9998360503167087,-0.003536788545960823,0.005704872474389245,-0.016817194888450317,0.009918231583914788,-0.1519938379413998,-0.07290892191730557,0.0,0.0,0.010079908050136656,-0.1422291362164259,-0.02024798883340794,1.1025434888724872,0.9998104031419224,-0.005032629533797801,0.00591331938439401,-0.01785673718852936,0.03201483822752671,-0.050226894300236774,0.012174300961075323,0.0,0.0,0.009579827853211528,0.0,0.0,1.0,1.0,0.0,0.0,0.0,26.155018549917425,0.0975092623717221,0.08,100.0,100.0,0.5,55.0,0.08,-0.33257028067171396,1.455452282621496,0.0058,0.0028,0.0147,0.0124
213,1763355100.2634654,-0.029376340996432,0.046124905996505906,0.3682391071069095,-0.005112985145888345,-0.02435065892813355,0.05670384106499902,0.08912290799094327,-0.0006321528546518904,-0.16,-0.038,1.106,0.997,-0.004,0.072,-0.022,-0.102,-0.153,0.038,0.0,0.0,0.027,-0.114,-0.098,1.236,0.999,0.002,-0.007,-0.038,-0.026,-0.1,0.03,-0.3,0.0,-0.0,-0.17826657419947783,-0.06729554231634223,1.1116141751217001,0.9998376494761589,-0.005042068172076208,0.0059052734665246374,-0.01625976579854567,-0.0799852037923133,-0.1368143440344297,0.035215941793549,0.0,0.0,0.011031119801905121,-0.14736318125388517,-0.02907182704000222,1.1046194330644432,0.9998300010804616,-0.0015228987096283662,0.0047376197887693695,-0.01775400455394393,0.018361055511106804,-0.0618867537679273,0.014295967514760588,0.0,0.0,0.009689182862839797,0.0,0.0,1.0,1.0,0.0,0.0,0.0,26.15843213725906,0.09751164942729848,0.08,100.0,100.0,0.5,55.0,0.08,-0.3375552701817558,1.4616237194575246,0.0022,0.0026,0.0185,0.0134
214,1763355100.3404126,-0.026269712365974415,0.045369505753010346,0.3591325166913321,-0.00501770779483491,0.00451701527862591,0.013519838531211898,0.09255671308720455,-0.0014409826744409518,-0.162,-0.043,1.112,0.997,-0.003,0.073,-0.021,-0.055,-0.108,0.118,0.0,0.0,0.022,-0.115,-0.105,1.235,0.999,0.002,-0.001,-0.039,-0.02,-0.114,0.007,-0.2,0.4,-0.0,-0.17078777404496404,-0.06284125511213708,1.1335066026669391,0.999853968257084,-0.0015295563561108965,0.004735474537594689,-0.016348635992630204,-0.03078343918582103,-0.08455937342083097,0.10860031560752391,0.0,0.0,0.010268542812079366,-0.15053181146119363,-0.035956118388445465,1.1107697039913957,0.9998195204850208,-0.004271571872816192,0.0058273383706541155,-0.017570493970076248,0.01320991245088588,-0.06565168497838808,0.011317365880545566,0.0,0.0,0.00970933728555231,0.0,0.0,1.0,1.0,0.0,0.0,0.0,26.17428528899007,0.09751291977507398,0.08,100.0,100.0,0.5,55.0,0.08,-0.3399070996030776,1.465210334564089,0.0025,0.0038,0.0176,0.0253
215,1763355100.3935132,-0.025186812945561406,0.03704918946000413,0.3767249124438348,-0.005107972263111272,-0.0044366450351753465,-0.024588016807652213,0.2226366725217629,-0.002332962764444899,-0.161,-0.053,1.108,0.997,-0.004,0.072,-0.021,0.019,-0.121,-0.05,0.0,0.0,0.008,-0.116,-0.113,1.236,0.999,-0.003,-0.006,-0.039,-0.009,-0.117,0.01,0.0,-0.3,0.0,-0.15459791449615437,-0.07432749547938665,1.0997908630836017,0.9998345143817253,-0.004276670016043925,0.00582359788486491,-0.016695497965284297,0.04753769669058116,-0.08925434706396485,-0.057639979589189226,0.0,0.0,0.008883030454952845,-0.15033906529969035,-0.043759242242266905,1.108199398760671,0.9998022723843315,-0.007670718871731517,0.005766058394719781,-0.01741633651795657,0.02016614160723421,-0.06696009711713669,0.019786432241350987,0.0,0.0,0.00959161747520515,0.0,0.0,1.0,1.0,0.0,0.0,0.0,26.16376651920487,0.09751890929591124,0.08,100.0,100.0,0.5,55.0,0.08,-0.3427610208694174,1.4652764102946743,0.0029,0.0028,0.0155,0.0143
216,1763355100.4676967,-0.03129011495146704,0.048144713641311905,0.35969497267164857,-0.004970949927463031,-0.039961564884113634,0.06937106695404044,0.056122143305507265,-0.0012303779204255235,-0.164,-0.074,1.107,0.997,-0.007,0.074,-0.02,-0.131,-0.177,0.127,0.0,0.0,0.014,-0.117,-0.12,1.233,0.999,0.007,-0.005,-0.038,-0.005,-0.125,-0.076,0.7,0.2,0.1,-0.1871495514378234,-0.10592666948651577,1.1290867325752303,0.9998204697430907,-0.007676931450382136,0.00575778437652802,-0.01633832688144658,-0.09978124930994715,-0.14132754716126383,0.11159448208327163,0.0,0.0,0.009419824031775421,-0.15668602038985263,-0.054975230901161506,1.1140302903015251,0.9997717578882849,-0.009531425897915875,0.008263389963336342,-0.017242402258245505,0.006481941323571053,-0.0739374893996255,0.028486104008467437,0.0,0.0,0.009255522605595241,0.0,0.0,1.0,1.0,0.0,0.0,0.0,26.17793236418228,0.09750669314899264,0.08,100.0,100.0,0.5,55.0,0.08,-0.3483914726241033,1.4721987936704364,0.0054,0.0033,0.023,0.0115
217,1763355100.5399663,-0.036162536487476374,0.04396220408110932,0.3711698838130968,-0.004994048609625184,-0.03609590078684682,-0.0028582801855209818,0.19226017045910915,-0.0019795996336094018,-0.167,-0.087,1.109,0.997,-0.007,0.074,-0.019,-0.046,-0.204,0.023,0.0,0.0,0.031,-0.118,-0.127,1.233,0.999,-0.002,-0.007,-0.039,-0.006,-0.108,-0.011,-0.0,-0.4,0.0,-0.17299562217103726,-0.12419591614782546,1.1105123432155939,0.9997996187806448,-0.009545456428260027,0.008247178603002274,-0.015543184768373314,-0.014336842640917356,-0.16719530071685948,-0.006206931391529778,0.0,0.0,0.010708989563120809,-0.15942244803177852,-0.06759859605842687,1.115395415788512,0.9997714159125206,-0.009261113410547205,0.008845077773671172,-0.017120522826373583,0.00804560205027117,-0.08333727721353955,0.008201134213726584,0.0,0.0,0.009126996682805153,0.0,0.0,1.0,1.0,0.0,0.0,0.0,26.179648658320936,0.09750461084554558,0.08,100.0,100.0,0.5,55.0,0.08,-0.3547296360110621,1.4748025385692782,0.0021,0.0048,0.0144,0.0272
218,1763355100.5989249,-0.0195869253318725,0.04978178352005672,0.36677937235307007,-0.004851274879292901,0.06931710459521574,0.045583723725152986,0.11723614912977756,-0.0011588995769480307,-0.173,-0.088,1.111,0.997,-0.006,0.075,-0.019,-0.115,-0.008,0.04,0.0,0.0,-0.017,-0.119,-0.133,1.231,0.999,-0.004,0.001,-0.04,-0.025,-0.113,-0.054,0.1,0.5,-0.1,-0.1928446432571249,-0.08583365440605872,1.1191613151965452,0.9997703902544477,-0.009260584425799218,0.008845631606502393,-0.017180312804022314,-0.08209218460738722,0.03247140059041109,0.03698932569040124,0.0,0.0,0.006685905731024438,-0.16528295974262094,-0.0711825637194347,1.1166203965717734,0.9997937117208385,-0.00934434521102752,0.00640166457915994,-0.0168592973359524,-0.001080199187202327,-0.06329206328152706,0.02614195712213184,0.0,0.0,0.008969007594606797,0.0,0.0,1.0,1.0,0.0,0.0,0.0,26.181398125100184,0.09750228207950146,0.08,100.0,100.0,0.5,55.0,0.08,-0.35228464577638335,1.4807472233390404,0.0051,0.0028,0.0141,0.0156
219,1763355100.6746585,-0.028413432722699562,0.03517583157375319,0.378255449733043,-0.005016601592352707,-0.051477633953587516,-0.054361590911496394,0.1949226515322658,-0.0026458616450338633,-0.169,-0.1,1.108,0.997,-0.007,0.075,-0.018,0.054,-0.171,-0.043,0.0,0.0,0.025,-0.119,-0.14,1.226,0.999,-0.002,0.005,-0.038,-0.005,-0.101,-0.053,-0.1,0.1,0.0,-0.15488573139065237,-0.13001816285522252,1.09565539213817,0.9998174091162803,-0.009353743260697342,0.006387924844570656,-0.015389942534062903,0.08915960170557603,-0.1286722438982683,-0.06745857386894755,0.0,0.0,0.01002115818307549,-0.16341841347070482,-0.08198277985719717,1.1148402728201,0.9997537833611546,-0.011026225304756387,0.009551853542570656,-0.016719961258553875,0.01511812186268242,-0.06861415586894964,-0.003963628859421916,0.0,0.0,0.008920588307277056,0.0,0.0,1.0,1.0,0.0,0.0,0.0,26.17523498709659,0.09751192046330677,0.08,100.0,100.0,0.5,55.0,0.08,-0.3575305313833815,1.4786690415683013,0.0035,0.0028,0.0206,0.0221
220,1763355100.7294729,-0.03679555511201339,0.03173810967459119,0.3753615864873106,-0.004924607052593179,-0.0525656492175815,-0.003997672655652533,0.12737647742122893,-0.001421252898334623,-0.168,-0.113,1.105,0.997,-0.009,0.076,-0.017,0.024,-0.214,-0.046,0.0,0.0,0.025,-0.119,-0.146,1.223,0.999,-0.004,0.004,-0.039,0.008,-0.114,-0.068,-0.2,0.1,-0.0,-0.1594595315774033,-0.1514024662060575,1.0961557522281398,0.9997772649443109,-0.011040244252392273,0.009535646670126212,-0.015251391736607058,0.060514100139145495,-0.17236523157224148,-0.03079129781529008,0.0,0.0,0.010174555290557347,-0.1625873290485204,-0.09492098063153785,1.1118540023733994,0.9997370281535867,-0.012967871109568176,0.009043210705029283,-0.016611116689270816,0.026542773749065614,-0.0767240239069219,-0.006366344008433561,0.0,0.0,0.008951497852070731,0.0,0.0,1.0,1.0,0.0,0.0,0.0,26.1687917762868,0.09752025844113335,0.08,100.0,100.0,0.5,55.0,0.08,-0.36452164625559696,1.4785989696378896,0.0059,0.0018,0.01,0.0074
221,1763355100.7769816,-0.02504262155845286,0.03495539458009993,0.376364220915747,-0.0047933177564882315,0.0449663346007976,0.02798821565551539,0.14577376707492323,-0.0011902811641977028,-0.168,-0.116,1.102,0.997,-0.009,0.076,-0.017,-0.014,-0.056,-0.056,0.0,0.0,0.005,-0.118,-0.152,1.22,0.999,-0.002,-0.014,-0.038,0.023,-0.101,-0.029,0.0,-1.0,0.0,-0.1672248437027703,-0.12326085031757673,1.0913360874675413,0.999748948861908,-0.012974503885442126,0.009033691930577237,-0.01587746543186291,0.01746271936415935,-0.015191144663952102,-0.03746927281527293,0.0,0.0,0.008425599960709781,-0.16324273953787133,-0.10045649257239182,1.1085907017724286,0.999771792065783,-0.008608226246487815,0.010680996206360309,-0.016376157989635792,0.0315566186477884,-0.06340586191985281,-0.020221879721158263,0.0,0.0,0.008702217967050977,0.0,0.0,1.0,1.0,0.0,0.0,0.0,26.163147146377025,0.09752495922839034,0.08,100.0,100.0,0.5,55.0,0.08,-0.36436210365388627,1.480908216907667,0.0019,0.0018,0.0077,0.0067
222,1763355100.8611636,-0.019394148602777897,0.030485331982651142,0.3762862379623531,-0.004883484958317236,0.01885138169395499,-0.009242040019706441,0.140746668076436,-0.002248330167828108,-0.165,-0.119,1.098,0.997,-0.008,0.075,-0.017,0.049,-0.041,-0.069,0.0,0.0,-0.009,-0.118,-0.158,1.218,0.999,-0.002,-0.0,-0.039,0.017,-0.09,-0.032,0.2,-0.1,-0.0,-0.15234488633483573,-0.12310152104608099,1.0879660806242233,0.9997754282032032,-0.008610613919427489,0.010679071448471848,-0.016152644428415585,0.07339266022038851,0.0020730838865165527,-0.032519122639535034,0.0,0.0,0.007097414906311899,-0.16078338092036956,-0.10494902708835342,1.1041005672670998,0.9997926999193816,-0.010375677464592203,0.0066899019887092645,-0.016190976389508064,0.04338953128046918,-0.05050477677336819,-0.012905630380050976,0.0,0.0,0.008744444789209969,0.0,0.0,1.0,1.0,0.0,0.0,0.0,26.154576624042186,0.09752726849856193,0.08,100.0,100.0,0.5,55.0,0.08,-0.36399570553994065,1.4806615488394996,0.002,0.0045,0.0165,0.0123
223,1763355100.9413269,-0.03234030720218364,0.03179997324268181,0.3693245850282064,-0.004789309477244355,-0.0720035987230704,0.01800520579364751,0.10629907456514925,-0.0013604294540045694,-0.164,-0.132,1.098,0.997,-0.009,0.074,-0.016,0.024,-0.192,0.006,0.0,0.0,0.029,-0.116,-0.163,1.217,0.999,-0.001,-0.003,-0.037,0.022,-0.074,-0.033,0.3,0.2,0.1,-0.15719683232395532,-0.16585712307329567,1.1015750513590674,0.9998174125202944,-0.010386407720772331,0.006673230561404543,-0.014585340234483287,0.042106747854826446,-0.14936674614770204,0.03399974700654476,0.0,0.0,0.010322408850845512,-0.15923811771664662,-0.11631182189377955,1.103492113186627,0.9997757195520821,-0.013059726497648744,0.004565066151292694,-0.016034784343960724,0.04653267785911323,-0.058141501344374555,-0.0040252754860098106,0.0,0.0,0.008806196223009329,0.0,0.0,1.0,1.0,0.0,0.0,0.0,26.15547767375126,0.09752797833018792,0.08,100.0,100.0,0.5,55.0,0.08,-0.3709087182059397,1.481602609415997,0.0057,0.0043,0.0241,0.014
224,1763355100.9851072,-0.02960100912930323,0.03289696976228097,0.3653999943773547,-0.004674677520603986,0.0015688751635831721,0.017409972564001504,0.11887376613131909,-0.0012228312707647853,-0.162,-0.137,1.1,0.997,-0.01,0.074,-0.016,0.025,-0.106,0.047,0.0,0.0,0.011,-0.115,-0.168,1.217,0.999,-0.0,-0.01,-0.037,0.016,-0.076,-0.01,0.4,-0.1,-0.1,-0.1553306178572032,-0.1540995601382056,1.1116812144404131,0.9997903809815716,-0.013064021069568417,0.004552761651233183,-0.015092972257478536,0.040017557087303306,-0.06712578588942497,0.06262917883225556,0.0,0.0,0.008718612055039836,-0.15756034474874953,-0.12363095773076671,1.104982701258392,0.9998113776827562,-0.010257184203172415,0.00466501818412624,-0.015818875866296975,0.04848064464085726,-0.05285876993940733,0.011790744088243547,0.0,0.0,0.008611674947683962,0.0,0.0,1.0,1.0,0.0,0.0,0.0,26.160376313630533,0.0975286620798119,0.08,100.0,100.0,0.5,55.0,0.08,-0.3738142226113132,1.4827422064051923,0.0021,0.0034,0.0136,0.007
225,1763355101.0704474,-0.02098641664252734,0.0353906993876819,0.37171820280815787,-0.004584115542823774,0.031972584010390735,0.024805011787860008,0.16861604004552397,-0.0013001941813254362,-0.162,-0.139,1.101,0.997,-0.008,0.074,-0.016,0.007,-0.022,0.003,0.0,0.0,0.009,-0.114,-0.172,1.218,0.999,0.003,0.001,-0.038,0.019,-0.064,0.011,0.1,-0.0,0.0,-0.15921224469406098,-0.13978392596283945,1.1023509371904434,0.9998247297138476,-0.010261228917180898,0.004656114640475344,-0.014951174876766985,0.020083117950503004,0.015855838628744935,-0.0006445130602412925,0.0,0.0,0.008402819976026647,-0.15671259694817324,-0.12683393092865883,1.104817371944381,0.9998425263519721,-0.007996514366963766,0.0030320570112472548,-0.015549433634878266,0.04661451941380803,-0.03936721796676222,0.019001936404838268,0.0,0.0,0.008645835519429232,0.0,0.0,1.0,1.0,0.0,0.0,0.0,26.157796939382347,0.09752988689377853,0.08,100.0,100.0,0.5,55.0,0.08,-0.3731732954934261,1.4847808727984402,0.0094,0.0015,0.015,0.0197
226,1763355101.1294248,-0.014211454045568214,0.030877251532062368,0.38076455800612363,-0.004658246745669114,0.026004906743847877,-0.009295727007716931,0.18462610204288793,-0.002089699342785609,-0.158,-0.138,1.096,0.997,-0.007,0.072,-0.016,0.065,0.012,-0.068,0.0,0.0,-0.011,-0.113,-0.176,1.22,0.999,-0.006,-0.013,-0.037,0.019,-0.063,0.016,-0.3,0.0,-0.0,-0.1437675184719452,-0.13169907350916407,1.0807629467009314,0.9998444190682164,-0.007996884832621457,0.003031079793456522,-0.015427250124382771,0.07798405144353605,0.05103356730598437,-0.07658777008462657,0.0,0.0,0.00656602737242045,-0.1531949755620286,-0.12807216532521098,1.1015341248336314,0.9998131692701338,-0.011350723143928597,0.003079969479886108,-0.015339538002292142,0.05235900472829815,-0.022087267893139514,0.0029554930665765325,0.0,0.0,0.008440383927693482,0.0,0.0,1.0,1.0,0.0,0.0,0.0,26.147070574080928,0.09753777106857418,0.08,100.0,100.0,0.5,55.0,0.08,-0.37146668797884985,1.4842522686647293,0.0036,0.0059,0.0133,0.0133
227,1763355101.181396,-0.02437495836590104,0.03244714413290313,0.36936849315647585,-0.004650339626399269,-0.05614681686875222,0.019428432328727162,0.0858063850040574,-0.0017073069332767007,-0.155,-0.147,1.098,0.997,-0.009,0.072,-0.016,0.025,-0.116,0.022,0.0,0.0,0.006,-0.113,-0.179,1.219,0.999,-0.003,0.003,-0.04,-0.003,-0.048,-0.018,0.1,0.6,-0.1,-0.14864781181712022,-0.16621475748576683,1.1013852808927498,0.9998242060737199,-0.011352990650382264,0.003071600751966162,-0.014602459421914647,0.03870726483227744,-0.0801901259549017,0.03533713888683369,0.0,0.0,0.008032401134934107,-0.15131240322472353,-0.13501017878125213,1.1023372644541134,0.9998190852165214,-0.011054994050574423,0.0032523368263027807,-0.015132952405536726,0.051895885805746174,-0.02388610060556189,-0.0035965299040184827,0.0,0.0,0.008313171680430421,0.0,0.0,1.0,1.0,0.0,0.0,0.0,26.150420924624147,0.0975362788462359,0.08,100.0,100.0,0.5,55.0,0.08,-0.3762925463202544,1.4854530849410523,0.0023,0.002,0.0107,0.0085
228,1763355101.2648735,-0.016425355624139437,0.03783810033440366,0.3660582669376299,-0.004537838089706121,0.030607404321595127,0.03912246005734131,0.12196205383944869,-0.0011813696764339853,-0.157,-0.146,1.101,0.997,-0.009,0.072,-0.016,-0.02,0.016,0.038,0.0,0.0,-0.01,-0.112,-0.182,1.22,0.999,-0.003,-0.008,-0.038,0.006,-0.042,0.036,0.1,-0.3,-0.0,-0.15958964723017796,-0.13953099878866937,1.1107222983388638,0.9998213454484405,-0.01105548211020032,0.0032506774064803554,-0.014982876805886986,-0.0067190621367541805,0.04574213762750553,0.05607881711210325,0.0,0.0,0.00669848365767495,-0.15165885288069916,-0.13572259700330333,1.1036804351124792,0.9998454263954774,-0.008568550946243654,0.003914285201930916,-0.014845255878075973,0.04566671807195351,-0.00831117100698158,0.005150598292544632,0.0,0.0,0.008097315829451274,0.0,0.0,1.0,1.0,0.0,0.0,0.0,26.15519464657966,0.09753516730466535,0.08,100.0,100.0,0.5,55.0,0.08,-0.37539231663488176,1.4887682732249887,0.0019,0.0018,0.0232,0.0133
229,1763355101.3281646,-0.014876805436871011,0.03267135799645966,0.3728275873775438,-0.0045783793344624756,0.0015832425772898534,-0.011644424064318589,0.17111845230118072,-0.0019043955074215687,-0.153,-0.146,1.1,0.997,-0.007,0.072,-0.017,0.052,0.004,-0.016,0.0,0.0,-0.01,-0.112,-0.186,1.222,0.999,-0.002,-0.01,-0.038,-0.001,-0.044,0.034,-0.1,0.0,-0.1,-0.14132117193482674,-0.14252265672350772,1.0991938765635707,0.9998476715816635,-0.00856914588718745,0.0039129825867906375,-0.014693261678933969,0.0652079413472678,0.030044030203375652,-0.009054697781817979,0.0,0.0,0.006578074514815469,-0.14871145359988383,-0.13655820128964052,1.1024328342592906,0.9998711571627532,-0.005766246400732788,0.002759275533693553,-0.014724329356267753,0.050143931626659435,0.0005741857758157363,0.019537876454624778,0.0,0.0,0.008102895395588632,0.0,0.0,1.0,1.0,0.0,0.0,0.0,26.149774314547233,0.0975387002426173,0.08,100.0,100.0,0.5,55.0,0.08,-0.37527039836478093,1.4887324532355746,0.0037,0.0022,0.0162,0.0115
230,1763355101.4109824,-0.012279565900451811,0.03261471181895294,0.37109841612202377,-0.004596915630480245,0.007407395643269373,0.011968528361138757,0.13116448898897864,-0.0018095737305122781,-0.151,-0.144,1.101,0.997,-0.007,0.072,-0.017,0.032,0.03,0.018,0.0,0.0,-0.016,-0.111,-0.188,1.223,0.999,-0.003,-0.005,-0.038,-0.006,-0.036,0.025,-0.0,0.4,-0.1,-0.14329013243964628,-0.13545941489493285,1.102785389893515,0.9998700786932953,-0.005766044784948566,0.0027596968244303797,-0.014797382702316028,0.046198080698688526,0.053860206249041934,0.009680698969797492,0.0,0.0,0.00608138685726223,-0.1466037537377104,-0.13593911639778636,1.103481875428824,0.9998574461316015,-0.008023996750299307,0.002975922109023172,-0.014554957194841428,0.05057231475163756,0.011730791265238717,0.014534175542987436,0.0,0.0,0.008054925100366659,0.0,0.0,1.0,1.0,0.0,0.0,0.0,26.150221870237402,0.09753830243440827,0.08,100.0,100.0,0.5,55.0,0.08,-0.37446853450109246,1.4897321605593388,0.0074,0.0035,0.0243,0.0171
231,1763355101.455863,-0.01756558198029136,0.03758374282898181,0.3682794694739432,-0.004530809305394264,-0.031034917611867163,0.03707567198225169,0.12506717280535587,-0.0013933117360001817,-0.153,-0.146,1.103,0.997,-0.007,0.072,-0.017,-0.021,-0.033,0.037,0.0,0.0,0.003,-0.111,-0.192,1.224,0.999,-0.005,-0.01,-0.037,-0.004,-0.041,0.016,-0.1,0.0,-0.0,-0.15567459867272357,-0.150283203433298,1.1091985185294093,0.9998662720619731,-0.008025839006911159,0.0029709500976842565,-0.01393547116694915,-0.0062453144701070246,-0.01253832385521005,0.033968327441674225,0.0,0.0,0.007691840276553601,-0.14707763562162104,-0.1379521241560947,1.1053584303175326,0.9998700310583734,-0.005826875193393593,0.004531963948617689,-0.014332823154439962,0.04449910092694236,0.012250700853758968,0.009778548058125412,0.0,0.0,0.007993500429622843,0.0,0.0,1.0,1.0,0.0,0.0,0.0,26.15399029762646,0.09753468024037595,0.08,100.0,100.0,0.5,55.0,0.08,-0.37698117504868234,1.492890035290423,0.0067,0.002,0.0111,0.011
232,1763355101.533054,-0.02074638418483723,0.03597893808517513,0.3758593607239441,-0.004436528624314946,-0.02249110426533861,0.006069879841834795,0.1760042573027332,-0.0012276500841262535,-0.152,-0.149,1.1,0.997,-0.007,0.072,-0.017,0.013,-0.038,-0.038,0.0,0.0,0.008,-0.111,-0.194,1.225,0.999,-0.001,-0.01,-0.036,-0.001,-0.044,0.039,-0.1,-0.1,0.0,-0.14793330564567986,-0.15478168792075844,1.0930932188309888,0.9998812483812083,-0.0058305226644231704,0.0045272703929193124,-0.013527674001307576,0.027594268367751175,-0.020918505768627308,-0.035379204029092226,0.0,0.0,0.008049241042149895,-0.14609070942991895,-0.14023058626217247,1.1033024506383562,0.9998824308619253,-0.004772562104741593,0.003387004977196629,-0.014173048433130626,0.044187645093107214,0.010321266818409494,0.007834195883786813,0.0,0.0,0.008056497854470168,0.0,0.0,1.0,1.0,0.0,0.0,0.0,26.146844391663844,0.09754369809147213,0.08,100.0,100.0,0.5,55.0,0.08,-0.37951985568030006,1.494361295800575,0.0032,0.0049,0.0126,0.0193
233,1763355101.607643,-0.022175004604023676,0.035493390822891366,0.3758901548559535,-0.004336060592683549,-0.014922996165246208,0.011064365470521875,0.14110123093152593,-0.0011613580759611223,-0.152,-0.149,1.1,0.997,-0.007,0.072,-0.017,0.013,-0.038,-0.038,0.0,0.0,0.008,-0.111,-0.197,1.225,0.999,0.004,-0.011,-0.035,0.008,-0.061,-0.03,0.4,-0.3,0.2,-0.1479882943684119,-0.15498651737098765,1.0921702362936256,0.999893462470137,-0.004775273503777978,0.0033831811543702803,-0.013372156061075,0.02846262259595951,-0.020510694363451244,-0.030267979436370537,0.0,0.0,0.007917936007831371,-0.14517763633875427,-0.1423571782825377,1.101457836226899,0.9998907546650252,-0.0035267377189383397,0.0031149029240847884,-0.014012074658725115,0.043043680911735334,0.0074655999871014594,0.0015504489397070087,0.0,0.0,0.008098189322604499,0.0,0.0,1.0,1.0,0.0,0.0,0.0,26.14072714921893,0.09755142437666317,0.08,100.0,100.0,0.5,55.0,0.08,-0.381892583639902,1.495794353809012,0.0142,0.0033,0.0153,0.0157
234,1763355101.6820257,-0.018493946661818257,0.03797826457801815,0.37311525734014556,-0.004252220966465241,0.010089662984518235,0.02573439033421818,0.12708432049194288,-0.0012068245911647857,-0.153,-0.149,1.099,0.997,-0.006,0.072,-0.017,-0.014,0.006,-0.018,0.0,0.0,-0.002,-0.112,-0.2,1.227,0.999,0.0,0.003,-0.039,-0.018,-0.036,0.016,0.0,0.5,-0.1,-0.15414904997772622,-0.1459579518188917,1.09574817135458,0.9998966125335587,-0.003528059639233545,0.0031134055865989626,-0.013587632050870742,0.003187177486605128,0.026829208857878893,-0.0022942432582341897,0.0,0.0,0.006920539302194389,-0.14560182607924443,-0.14252295628496464,1.1005066189297272,0.9998826973053542,-0.004777300035612064,0.004523971699401076,-0.013831222426178125,0.03897256865137326,0.011370191412189666,-0.005666454821357412,0.0,0.0,0.007989110471436947,0.0,0.0,1.0,1.0,0.0,0.0,0.0,26.138747064340098,0.09755374135557002,0.08,100.0,100.0,0.5,55.0,0.08,-0.3822935765632114,1.4984135054763381,0.0076,0.0032,0.0272,0.0178
235,1763355101.7290313,-0.023308437085321595,0.03836587104155894,0.3668343356174716,-0.0042135256908516616,-0.031007682115698536,0.016179881534460705,0.10851361288918474,-0.0014011064843565608,-0.154,-0.155,1.102,0.997,-0.006,0.073,-0.016,-0.011,-0.06,0.029,0.0,0.0,0.01,-0.112,-0.202,1.228,0.999,0.001,0.003,-0.038,-0.01,-0.04,0.059,-0.3,-0.0,-0.1,-0.1543985526764368,-0.16469260092730428,1.1103237202140184,0.9998941375940035,-0.0047811593412984375,0.004519892799653063,-0.01297785381243896,0.007262616707199451,-0.036035803016593614,0.051929643345034894,0.0,0.0,0.007781890874568839,-0.14601710699025605,-0.14588233525785635,1.1015295338526236,0.9998797790900743,-0.005926026331651487,0.004404314567480078,-0.013634940113230942,0.036639191363913,0.006846843158476303,0.008633449746632842,0.0,0.0,0.007900806168246108,0.0,0.0,1.0,1.0,0.0,0.0,0.0,26.141609193531146,0.0975523724583982,0.08,100.0,100.0,0.5,55.0,0.08,-0.3858063636958227,1.5006796778100457,0.0038,0.0045,0.0137,0.0158
236,1763355101.8067338,-0.021898138806033172,0.04419009534570787,0.36123524941520546,-0.0040991740614765675,-0.0016891725105534945,0.04350832316132922,0.10956744484522145,-0.0010083139871938994,-0.158,-0.157,1.108,0.997,-0.006,0.074,-0.016,-0.067,-0.025,0.091,0.0,0.0,-0.001,-0.113,-0.205,1.233,0.999,-0.007,-0.012,-0.036,-0.019,-0.028,0.054,-0.3,0.2,-0.0,-0.16957548655386379,-0.15950489238157622,1.1273772807000164,0.9998856960189539,-0.00592796844148442,0.0044017002453039435,-0.013193904721474628,-0.04796668661322867,0.00012082714790141486,0.09339582301477269,0.0,0.0,0.006775286669212199,-0.149125987229449,-0.14774437681249888,1.1059301674402244,0.9998780807406835,-0.006786559338387251,0.004198558785271487,-0.013421563649604527,0.026496839217735883,0.008976096368614366,0.027973801365319403,0.0,0.0,0.0077100980202837776,0.0,0.0,1.0,1.0,0.0,0.0,0.0,26.1509420920326,0.09754495643139798,0.08,100.0,100.0,0.5,55.0,0.08,-0.3877603628428245,1.505220954301868,0.002,0.0097,0.0288,0.0082
237,1763355101.8534446,-0.03069570252804839,0.036024461444308396,0.3748804521969201,-0.004134476924704435,-0.05219962066233853,-0.024256883752356906,0.2036892324392751,-0.0017137045891930556,-0.156,-0.165,1.107,0.997,-0.007,0.073,-0.016,0.035,-0.124,-0.014,0.0,0.0,0.022,-0.113,-0.208,1.235,0.999,-0.006,-0.012,-0.037,0.003,-0.052,0.06,-0.3,-0.5,0.1,-0.1470409643621557,-0.1872875513061111,1.1032152299899662,0.9998943949222048,-0.006791911952581956,0.004189894456332516,-0.012145522616637263,0.056276459583770595,-0.09827559957943409,-0.03606167193024658,0.0,0.0,0.00854579092144387,-0.1477147912641821,-0.15423056769339732,1.1057812993873342,0.9998819326195679,-0.005776006720900677,0.005067284446780311,-0.013307185865299524,0.03253878178444526,-0.0034965888639124885,0.025094632001607674,0.0,0.0,0.007653634195062,0.0,0.0,1.0,1.0,0.0,0.0,0.0,26.144877867912452,0.09755456800263916,0.08,100.0,100.0,0.5,55.0,0.08,-0.3937756356649027,1.5049960865678367,0.0022,0.0031,0.0135,0.0101
238,1763355101.9480202,-0.025576176164667626,0.034749651674283184,0.37151253895662995,-0.004060214739652263,0.014086743368885678,0.007135124191489553,0.12374060337239387,-0.0011791179215033007,-0.155,-0.168,1.108,0.997,-0.007,0.073,-0.016,0.014,-0.031,0.017,0.0,0.0,0.001,-0.114,-0.21,1.236,0.999,-0.001,0.004,-0.039,-0.026,-0.021,0.005,0.1,0.7,-0.1,-0.14994177374933362,-0.17157942297798962,1.1082756101931202,0.9998884708171861,-0.005778543433401091,0.005064391482968966,-0.01280649450727274,0.03775421147514151,-0.0024023805950331638,0.0015492133362670357,0.0,0.0,0.006786711062887725,-0.14711718464085768,-0.15674788110184654,1.1071845490482024,0.9998726275938762,-0.007191311361432851,0.005433981005657539,-0.013171388683467095,0.035352569078668364,-0.0009380397180087019,0.01652207158312614,0.0,0.0,0.007500175664537554,0.0,0.0,1.0,1.0,0.0,0.0,0.0,26.144883971565445,0.09755476221355398,0.08,100.0,100.0,0.5,55.0,0.08,-0.39538496115558625,1.5060664272818263,0.0078,0.0032,0.0147,0.0275
239,1763355101.9821033,-0.02589654749965463,0.039174247068107126,0.3716636170961688,-0.004005938734842094,-0.011192922736685339,0.0351540963469759,0.1400725928064306,-0.0012512005033187546,-0.158,-0.172,1.109,0.997,-0.008,0.074,-0.016,-0.036,-0.058,0.006,0.0,0.0,-0.001,-0.114,-0.213,1.237,0.999,0.002,-0.011,-0.037,-0.013,-0.03,-0.014,0.1,0.7,-0.1,-0.16272944862753222,-0.18058158810762395,1.1080368035792383,0.9998780930824755,-0.007193602239520673,0.00543094793627073,-0.012749739804621369,-0.012568486895604155,-0.02532137475740455,-0.000350677986729843,0.0,0.0,0.00652857493822885,-0.1488923040937408,-0.1604718596117122,1.108042209109262,0.999863514472092,-0.007058245722200823,0.007317859196378896,-0.013022385788471664,0.0319325747272101,-0.0020408331956890437,-0.0006756432355269763,0.0,0.0,0.00729720153444255,0.0,0.0,1.0,1.0,0.0,0.0,0.0,26.145697637221176,0.09755388781315791,0.08,100.0,100.0,0.5,55.0,0.08,-0.39827853103066757,1.5092974131309853,0.002,0.0071,0.0089,0.0062
240,1763355102.078954,-0.03550279868808296,0.03985939130633051,0.3632270321993915,-0.003936586371253447,-0.057742461254512135,0.01811606384165713,0.0971909319271769,-0.0011554652076225516,-0.159,-0.183,1.113,0.997,-0.008,0.075,-0.015,-0.026,-0.152,0.062,0.0,0.0,0.025,-0.115,-0.214,1.239,0.999,-0.005,0.004,-0.04,-0.012,-0.023,0.025,-0.1,0.1,-0.0,-0.16191458696020436,-0.20990030217387634,1.1269398004247675,0.9998804496131815,-0.0070682851360587325,0.007308162636967282,-0.01164974615384879,-0.004431915705849301,-0.11645260303796816,0.0741858107958284,0.0,0.0,0.008626743169328764,-0.15021977668137307,-0.16881344757495742,1.110830774796455,0.9998553617468237,-0.009709068144399043,0.005366955874520194,-0.012891290336374248,0.03044292055284989,-0.014356972635197234,0.017584182474044308,0.0,0.0,0.007393057507499792,0.0,0.0,1.0,1.0,0.0,0.0,0.0,26.152029557465262,0.09754492692792688,0.08,100.0,100.0,0.5,55.0,0.08,-0.4051347717201794,1.5118775810353258,0.0069,0.0023,0.0275,0.0176
241,1763355102.1125042,-0.032488922701780096,0.040566250621356846,0.36280385654507213,-0.0037851374699800406,0.0017558304234832154,0.018481568315005633,0.1340942588031747,-0.0007189753828530094,-0.16,-0.186,1.116,0.997,-0.008,0.075,-0.014,-0.025,-0.084,0.083,0.0,0.0,0.014,-0.114,-0.217,1.24,0.999,-0.004,-0.018,-0.037,0.004,-0.033,0.016,0.1,-0.6,-0.0,-0.16301036066794683,-0.1991784003123628,1.1320255121957916,0.9998672943605272,-0.009714223900299985,0.005357618277413171,-0.01192993916863489,-0.004315342172892319,-0.04664153814590194,0.06892417315888338,0.0,0.0,0.007593747744227503,-0.15149402012509433,-0.17407568026876946,1.1150636338132296,0.9998687680473624,-0.008965628029131865,0.004495005445708327,-0.012722386707539484,0.027640094014372014,-0.014580450298723055,0.027197845107253982,0.0,0.0,0.007292369978930021,0.0,0.0,1.0,1.0,0.0,0.0,0.0,26.160157420785943,0.0975314098079755,0.08,100.0,100.0,0.5,55.0,0.08,-0.40868828445360195,1.5143751816383053,0.0019,0.0017,0.0096,0.0081
242,1763355102.205577,-0.02233095483373304,0.03545726024224379,0.3747167133373134,-0.0038149492315947666,0.038606493327067726,-0.010332607912556472,0.19561573016560807,-0.0015684853593161434,-0.158,-0.185,1.115,0.997,-0.009,0.074,-0.015,0.03,0.004,-0.017,0.0,0.0,-0.008,-0.116,-0.217,1.239,0.999,0.002,0.013,-0.041,-0.035,-0.008,-0.022,0.2,1.3,-0.2,-0.1498659878018187,-0.18042633277088055,1.1098032121461145,0.9998706219084773,-0.008966286723207704,0.00449369139026388,-0.012575845277405608,0.052466943211930406,0.044428985132326904,-0.043075025691846486,0.0,0.0,0.0055448215735359905,-0.15025585874244968,-0.17513186327060265,1.1147034285769608,0.9998629700861578,-0.009146059933117867,0.005629828997358785,-0.012597446711438504,0.03329844556614119,-0.002649877990035578,0.022608975561918092,0.0,0.0,0.007092638813493187,0.0,0.0,1.0,1.0,0.0,0.0,0.0,26.154255816459173,0.09754440871059215,0.08,100.0,100.0,0.5,55.0,0.08,-0.40844384574090625,1.5146295772078766,0.0082,0.0027,0.0226,0.0141
243,1763355102.2581491,-0.023199040149699725,0.03918568071604239,0.3712401806079607,-0.0037612260139922994,-0.012714534642483316,0.031938574959834466,0.12313610385472919,-0.001161989873835701,-0.16,-0.188,1.116,0.997,-0.009,0.075,-0.014,-0.031,-0.045,0.015,0.0,0.0,0.012,-0.116,-0.218,1.239,0.999,-0.007,-0.001,-0.036,-0.007,-0.01,0.014,-0.6,-0.5,-0.0,-0.16385299028026215,-0.19274287536654222,1.1151551226290155,0.9998735507350751,-0.009150954072354157,0.005621870365398936,-0.011727623527113143,-0.00761404155025756,-0.002442205803041674,-0.0034355075247892975,0.0,0.0,0.007195390043433833,-0.1517531939105169,-0.17823420163437206,1.1159962972189752,0.9998313038190846,-0.012128372712152833,0.006043597111123302,-0.012399250491164523,0.030284381911446213,0.0023820338815223555,0.008230185349520927,0.0,0.0,0.007030160500119307,0.0,0.0,1.0,1.0,0.0,0.0,0.0,26.155048417735376,0.09754290853885107,0.08,100.0,100.0,0.5,55.0,0.08,-0.41085670177062433,1.5175194037379653,0.0022,0.0034,0.0165,0.0113
244,1763355102.3332217,-0.02507238457836072,0.038457173273585867,0.3756227698617636,-0.0037822013906850167,-0.01806636219944237,0.011052093056233291,0.16112801399699953,-0.0015153366387106995,-0.159,-0.197,1.112,0.997,-0.01,0.075,-0.014,-0.009,-0.058,-0.039,0.0,0.0,-0.0,-0.116,-0.219,1.238,0.999,-0.008,-0.011,-0.036,-0.001,-0.011,-0.016,0.1,-0.2,-0.1,-0.15845252190366635,-0.20429817347460763,1.1027622239902763,0.9998364574250554,-0.012130927147213429,0.006038468119935024,-0.011976473313489973,0.013683202951735928,-0.018158068993343938,-0.04101308275475082,0.0,0.0,0.006117412501194887,-0.15219134126515874,-0.182229562741535,1.1142414021350822,0.999831874090246,-0.012011567077756873,0.006438258552282395,-0.012267625537860625,0.031309085685211055,0.00604942036154558,-0.010527041885500611,0.0,0.0,0.006781369254937232,0.0,0.0,1.0,1.0,0.0,0.0,0.0,26.150504889723468,0.09755118976455678,0.08,100.0,100.0,0.5,55.0,0.08,-0.41402825323392506,1.5193732436411522,0.0083,0.0034,0.0153,0.015
245,1763355102.3939016,-0.01798071512345301,0.03581155283881814,0.3678068612670684,-0.0037469640422813297,0.026056203057653268,0.001193337803756087,0.10177899572468546,-0.0012421387794884463,-0.158,-0.195,1.113,0.997,-0.009,0.075,-0.014,0.018,0.028,0.012,0.0,0.0,-0.003,-0.116,-0.219,1.234,0.999,0.001,0.001,-0.037,-0.01,0.005,-0.075,0.6,1.0,-0.0,-0.15218767288126686,-0.18566171628855022,1.1171560720479392,0.9998356723774544,-0.012013585699428184,0.006434491082594238,-0.011954050555109222,0.040056669673585364,0.06341558732572755,0.03236232924482955,0.0,0.0,0.00588204257010945,-0.15133077569581227,-0.18200201495362317,1.1142306820573744,0.9998722228411383,-0.00910613424123928,0.004974877270636907,-0.012160053702340622,0.03546623110678908,0.01984326243754091,0.0014431492724723582,0.0,0.0,0.006720143354865925,0.0,0.0,1.0,1.0,0.0,0.0,0.0,26.15201726259212,0.0975495004529975,0.08,100.0,100.0,0.5,55.0,0.08,-0.4138166578281688,1.5202848401687148,0.0039,0.0044,0.0183,0.0094
246,1763355102.4553273,-0.012197789458228452,0.03682464595584342,0.37639375058591296,-0.003777469785167114,0.022171860154827895,0.018494797899683176,0.1808620195693729,-0.0015576402302844205,-0.158,-0.192,1.11,0.997,-0.009,0.075,-0.014,-0.001,0.064,-0.053,0.0,0.0,-0.013,-0.116,-0.219,1.234,0.999,-0.006,-0.011,-0.037,-0.004,0.004,0.005,-0.3,-0.2,0.1,-0.15603989850570252,-0.17590156996350403,1.1000758149336665,0.9998715440830418,-0.009105857170413293,0.00497538439413509,-0.012215737731156048,0.02031604857979621,0.09555860031179812,-0.04857727674255656,0.0,0.0,0.0050013482031655634,-0.15127720542705977,-0.1797638787418741,1.1115583169775196,0.9998744303511938,-0.008626272772988004,0.005717441913142718,-0.012000908544425107,0.03597223180836052,0.034842784997297635,-0.0061710526510849115,0.0,0.0,0.00657868805691992,0.0,0.0,1.0,1.0,0.0,0.0,0.0,26.14499292290365,0.09755634487592874,0.08,100.0,100.0,0.5,55.0,0.08,-0.4125755381061241,1.5220961104549888,0.0021,0.0027,0.0116,0.0143
247,1763355102.5379837,-0.015041790235441737,0.038091899958391164,0.3720538505193837,-0.00380578888487276,-0.018794174932902082,0.02014551224617997,0.1194481561370712,-0.0015581466679659,-0.159,-0.191,1.109,0.997,-0.008,0.075,-0.014,-0.01,0.015,-0.018,0.0,0.0,-0.007,-0.117,-0.218,1.233,0.999,-0.001,0.007,-0.039,-0.009,0.011,-0.032,0.2,0.2,-0.0,-0.15885195950250794,-0.1849139633521378,1.1065012690531102,0.9998763937388977,-0.008627214511557617,0.005716020797348881,-0.011836195322513262,0.010549074910848553,0.04225607702125342,-0.0024281461999380973,0.0,0.0,0.005532624074173253,-0.15167400910715406,-0.17942570326935284,1.1102475886631988,0.9998751066707116,-0.008822353576703525,0.005600095319385577,-0.011856477976824518,0.035534798633925155,0.040979169531649824,0.0005143025669368845,0.0,0.0,0.006578706843884161,0.0,0.0,1.0,1.0,0.0,0.0,0.0,26.142028427436696,0.0975585355394101,0.08,100.0,100.0,0.5,55.0,0.08,-0.4139671931199404,1.5242431140607324,0.0042,0.0026,0.0222,0.0169
248,1763355102.583602,-0.017500126134868687,0.04056493210874845,0.3695406486864309,-0.003718355435000904,-0.01793235083542539,0.02664962323618312,0.12695418478000486,-0.0009900035824680028,-0.161,-0.19,1.11,0.997,-0.008,0.075,-0.014,-0.028,0.007,0.012,0.0,0.0,0.005,-0.116,-0.218,1.232,0.999,0.001,0.001,-0.038,0.012,0.004,0.024,-0.2,-0.4,0.0,-0.1646434184295606,-0.1861505067190349,1.112211981433287,0.999882091023062,-0.00882573712231793,0.0055947613413189455,-0.011252069193290838,-0.00860366826694413,0.027983033755956895,0.01833462551439155,0.0,0.0,0.0065752717319117766,-0.15294657848157353,-0.1792209851896372,1.1107875779221015,0.9998989339581515,-0.006551198327815922,0.004688421864782984,-0.011714195245070492,0.031793637496965024,0.04365678281515575,-0.00422131421852933,0.0,0.0,0.006590247349814571,0.0,0.0,1.0,1.0,0.0,0.0,0.0,26.144216449242254,0.09755857724423232,0.08,100.0,100.0,0.5,55.0,0.08,-0.41590694633404046,1.5270406552304585,0.0042,0.0018,0.01,0.0084
249,1763355102.6670256,-0.014276326232233785,0.039408170906178486,0.36869814120830124,-0.003652410706472234,0.009556452212598755,0.009428043527930887,0.13436520586676318,-0.0010646596454819887,-0.161,-0.186,1.111,0.997,-0.006,0.075,-0.015,-0.004,0.055,0.012,0.0,0.0,-0.005,-0.116,-0.218,1.232,0.999,0.0,-0.016,-0.038,0.009,-0.007,-0.007,0.1,-0.5,-0.0,-0.15987804333537153,-0.17320473151570606,1.1152154153575213,0.9999017094805075,-0.006552320465485343,0.004686853489296974,-0.01147483676773712,0.016000673654734527,0.07196340169140694,0.022830104350756438,0.0,0.0,0.005650554151983109,-0.15317706099763345,-0.17660370020244365,1.110982910541402,0.9999126868840924,-0.004135649340673481,0.004742567541990594,-0.011619942593480617,0.03166538186445711,0.05030855557350727,0.008627619537505236,0.0,0.0,0.006588229520614249,0.0,0.0,1.0,1.0,0.0,0.0,0.0,26.14466888482329,0.09755884812633046,0.08,100.0,100.0,0.5,55.0,0.08,-0.4158189613052151,1.528792754497246,0.0036,0.0038,0.016,0.0189
250,1763355102.753072,-0.0077994394165283604,0.03876631308563106,0.37548271653709003,-0.003692206185102052,0.02703081174143946,0.011568774987079792,0.17218467959705702,-0.0015686314080761788,-0.161,-0.179,1.108,0.997,-0.005,0.075,-0.016,-0.003,0.109,-0.034,0.0,0.0,-0.026,-0.116,-0.218,1.232,0.999,-0.001,-0.012,-0.039,0.008,-0.002,-0.012,0.2,-0.2,-0.1,-0.15954376287395586,-0.15561336714614865,1.1008707545815666,0.9999063354569836,-0.0041331147317214545,0.004744776598933064,-0.012154207939100003,0.018504084003451014,0.12486281506924109,-0.03815001723052625,0.0,0.0,0.0037880774048167764,-0.15335543448068217,-0.17123770279756317,1.10934982426212,0.9999110054563555,-0.004278647687990011,0.005111725287358226,-0.011556150129218297,0.031876868979874046,0.0625373404310991,0.0035803623502054724,0.0,0.0,0.006514703757823403,0.0,0.0,1.0,1.0,0.0,0.0,0.0,26.139043405269252,0.09756039611084451,0.08,100.0,100.0,0.5,55.0,0.08,-0.4136672686599415,1.5305560949924029,0.014,0.0066,0.023,0.0144
251,1763355102.7957728,-0.013713915519766567,0.043880981119530704,0.37159577131775257,-0.0037672700486213254,-0.03249717029738917,0.040110707576609846,0.12137129260472135,-0.0017598966370096368,-0.165,-0.177,1.108,0.997,-0.005,0.075,-0.016,-0.059,0.022,-0.001,0.0,0.0,-0.016,-0.116,-0.217,1.23,0.999,-0.0,-0.0,-0.039,-0.001,0.008,-0.022,0.0,0.5,-0.1,-0.17456257219938498,-0.17098044241163515,1.10703994083186,0.9999089695190455,-0.004277753811462673,0.005112473352485701,-0.011730989468466556,-0.036357262538595975,0.036256232135708694,0.002862489237944547,0.0,0.0,0.004636157425885148,-0.15621046776786238,-0.16960295405601258,1.1092265513727846,0.9999058384495184,-0.004744421693861438,0.00588231436487319,-0.01145439108242831,0.024795806594273814,0.06125842694062382,0.00037642406739896124,0.0,0.0,0.006422501220689854,0.0,0.0,1.0,1.0,0.0,0.0,0.0,26.13856694512682,0.09756133400511581,0.08,100.0,100.0,0.5,55.0,0.08,-0.4156857844696541,1.5344339526740003,0.0033,0.0025,0.0169,0.015
252,1763355102.864931,-0.016614635883067334,0.036631034758259295,0.37484176261274227,-0.0037245056108491273,-0.019646320136416293,-0.01979436388653302,0.15557837071910635,-0.001198904079372005,-0.163,-0.176,1.106,0.997,-0.004,0.075,-0.016,0.034,0.016,-0.035,0.0,0.0,-0.003,-0.115,-0.217,1.229,0.999,0.002,-0.005,-0.039,0.008,-0.004,-0.009,0.4,-0.3,-0.0,-0.15390704593335178,-0.1714886279251136,1.0992074436600558,0.9999092537398443,-0.00474619881281533,0.005880880573996285,-0.011152269990065558,0.05759429840218572,0.027042010064611887,-0.027338718258321747,0.0,0.0,0.0058195237091964915,-0.15487662275269423,-0.16828186006483595,1.1074355927159005,0.9999101133200916,-0.0037917969689231818,0.005880128857588586,-0.01143729166219709,0.032149915151552445,0.05895111526058588,-0.00802551908431257,0.0,0.0,0.006381550199289392,0.0,0.0,1.0,1.0,0.0,0.0,0.0,26.134396645580328,0.09756107164305493,0.08,100.0,100.0,0.5,55.0,0.08,-0.4177620906749437,1.5343934026740345,0.002,0.0065,0.0201,0.0117
253,1763355102.916358,-0.01986075844620593,0.03682036779252841,0.3711310029492,-0.003655771640843695,-0.022461101271843233,0.014683303205692791,0.12201186266206737,-0.0010530197540412612,-0.163,-0.176,1.106,0.997,-0.004,0.075,-0.016,0.002,-0.002,-0.009,0.0,0.0,-0.003,-0.115,-0.217,1.229,0.999,0.0,0.005,-0.041,-0.002,0.005,-0.008,-0.3,0.5,-0.1,-0.16020839535291886,-0.1754802843299272,1.1059175256402132,0.9999135808781896,-0.0037936038014316975,0.005878963329800933,-0.011130010589441174,0.026302089741484357,0.007819633149124457,0.009629419100737767,0.0,0.0,0.005802859531743985,-0.15486215985271987,-0.1678327539798124,1.1065573421010901,0.9999178977023353,-0.0014579177557859267,0.0056570522498742655,-0.011404827495465956,0.03392890950203186,0.05254173391931179,0.0004111787070745724,0.0,0.0,0.006421526973692235,0.0,0.0,1.0,1.0,0.0,0.0,0.0,26.132808132520193,0.09756105998779678,0.08,100.0,100.0,0.5,55.0,0.08,-0.42044659858197425,1.5358721523491652,0.0021,0.0015,0.0104,0.0111
254,1763355103.0016701,-0.014724365629209483,0.0374730421168508,0.3754177952489143,-0.003626068405164516,0.01823417966765501,0.017071009543810113,0.16060808760452178,-0.0012223981869204901,-0.163,-0.172,1.103,0.997,-0.004,0.075,-0.017,-0.002,0.063,-0.038,0.0,0.0,-0.02,-0.113,-0.219,1.226,0.999,0.017,-0.01,-0.037,0.027,-0.02,-0.027,0.3,-0.3,0.1,-0.16093552870141875,-0.15840208264924724,1.0960655513352038,0.9999142511201159,-0.0014561335623668257,0.005657511766580097,-0.011720180995083446,0.021405597597734475,0.07543544426158029,-0.029326070319242937,0.0,0.0,0.0042938090222479405,-0.15500944555724652,-0.1644937438719469,1.1045671383415572,0.9999056476011073,-0.002663878297152454,0.00721324686150879,-0.01138282555181779,0.03565522577198826,0.05577392824552468,-0.004861136727401071,0.0,0.0,0.006438169325965073,0.0,0.0,1.0,1.0,0.0,0.0,0.0,26.12773528070377,0.09755924033480101,0.08,100.0,100.0,0.5,55.0,0.08,-0.4201649784563796,1.5376942588697093,0.0021,0.0034,0.0122,0.0261
255,1763355103.0481296,-0.021830995287742763,0.03462247947439885,0.3699343915617701,-0.003611243513189589,-0.04105478540361995,-0.000200422418440681,0.11336465478262175,-0.001285651192062059,-0.161,-0.174,1.103,0.997,-0.004,0.075,-0.017,0.028,-0.036,0.008,0.0,0.0,0.004,-0.112,-0.22,1.228,0.999,-0.002,-0.014,-0.039,0.013,-0.011,0.001,-0.3,-0.2,0.0,-0.15313223983826915,-0.1797297596282935,1.1058616039766074,0.9999118393136398,-0.0026679000515876998,0.007211760338630549,-0.010825267781752837,0.04939472309537653,-0.020054265715648185,0.024272636044067458,0.0,0.0,0.0062372291689462,-0.15365565065616615,-0.16572512497143366,1.10451628543155,0.9999138683296693,-0.0036316276815808665,0.0054222907706510705,-0.011387096433146341,0.041127552185038496,0.04592408750643669,0.0035108860646517557,0.0,0.0,0.006494787715647687,0.0,0.0,1.0,1.0,0.0,0.0,0.0,26.12819846624436,0.09756004730070869,0.08,100.0,100.0,0.5,55.0,0.08,-0.42409560288696696,1.538284733120198,0.0019,0.0015,0.0094,0.0074
256,1763355103.1191492,-0.031711357148864555,0.03972409641998596,0.3652071454546378,-0.003459119005157974,-0.0575884325385125,0.03849151453083513,0.11508916630000197,-0.0005935937772880215,-0.163,-0.179,1.106,0.997,-0.004,0.076,-0.017,-0.032,-0.108,0.058,0.0,0.0,0.016,-0.111,-0.22,1.227,0.999,-0.0,-0.011,-0.039,0.018,-0.017,0.005,0.2,0.0,-0.1,-0.1674174024774849,-0.1988756809856145,1.1179628186495731,0.9999246768660273,-0.003637007166689707,0.005418683944331863,-0.010394740860257039,-0.01291874018126024,-0.09008242746927721,0.06242858190428559,0.0,0.0,0.007206243534543801,-0.1549938024754157,-0.17050841405052766,1.107146745664897,0.9999114855309611,-0.004807562172262665,0.004962177517058101,-0.011370366903289174,0.03609457639319723,0.028533917103439367,0.010482309085321002,0.0,0.0,0.006503229569388804,0.0,0.0,1.0,1.0,0.0,0.0,0.0,26.13494839337112,0.09756486427747892,0.08,100.0,100.0,0.5,55.0,0.08,-0.4306110546749483,1.5413040747040747,0.002,0.0015,0.0081,0.0127
257,1763355103.1779997,-0.029170431371861566,0.035741863017285394,0.37468138598572837,-0.0034250424142284867,0.0008128699541907359,-0.005014630856008114,0.18432388220094206,-0.0011267866722868033,-0.16,-0.183,1.104,0.997,-0.004,0.075,-0.016,0.03,-0.046,-0.023,0.0,0.0,0.004,-0.111,-0.221,1.226,0.999,0.008,0.017,-0.044,0.008,-0.022,-0.041,0.4,0.6,-0.2,-0.15213053032265328,-0.19035474887942605,1.1000855525445623,0.9999175628573252,-0.004810279121613199,0.004959543781754524,-0.010822736701779032,0.048460802586541965,-0.02417893035885698,-0.02728290503846295,0.0,0.0,0.006015949494888522,-0.15347069393356086,-0.17290764505749018,1.1058855355173505,0.9999161481056908,-0.0036839556250629992,0.00501693008932663,-0.011355863723612901,0.040446133633627264,0.022133079156751608,0.013532578365221447,0.0,0.0,0.0064296756315151875,0.0,0.0,1.0,1.0,0.0,0.0,0.0,26.129276816833634,0.09756450178522207,0.08,100.0,100.0,0.5,55.0,0.08,-0.4338584095328571,1.5417635967193755,0.0021,0.0017,0.0081,0.008
258,1763355103.2714493,-0.02441767051789189,0.03599257018623831,0.37066091894730874,-0.003439886846872463,0.01282489250540031,0.01465673447624659,0.1204031845525496,-0.0013586130685555617,-0.159,-0.184,1.106,0.997,-0.005,0.075,-0.017,0.012,-0.009,0.019,0.0,0.0,-0.009,-0.109,-0.223,1.226,0.999,-0.0,0.002,-0.041,0.015,-0.015,0.001,-0.4,0.1,-0.1,-0.15478414025231232,-0.18339712816561535,1.1081801019682758,0.9999168624187312,-0.0036842720743701877,0.0050166977037330255,-0.011292791245370106,0.030628623599009096,0.019979044005684534,0.013690917918230447,0.0,0.0,0.004834678432333312,-0.15265268947343003,-0.173778906639323,1.106938551441884,0.9999106253559781,-0.0057541866960656544,0.004093762246707507,-0.011352169235475596,0.04104207138746476,0.022443530663722407,0.011409726569973473,0.0,0.0,0.006322898152597632,0.0,0.0,1.0,1.0,0.0,0.0,0.0,26.130281663568038,0.09756473849028395,0.08,100.0,100.0,0.5,55.0,0.08,-0.4354242961732936,1.5431267366285282,0.0044,0.0052,0.0257,0.0104
259,1763355103.3253484,-0.02896905889714229,0.033470544485961866,0.37165054872574216,-0.0035183438582432353,-0.03191356834046145,0.000887085318457151,0.14394599349740836,-0.0016822426244310334,-0.157,-0.189,1.106,0.997,-0.007,0.076,-0.017,0.038,-0.082,0.007,0.0,0.0,-0.005,-0.107,-0.224,1.223,0.999,0.002,0.01,-0.041,0.033,-0.013,-0.054,0.4,0.4,0.1,-0.1475086549766355,-0.20209263249452203,1.106134590390044,0.9999128806658945,-0.0057550071222217634,0.004092608812105481,-0.011151749843274246,0.05663532832277201,-0.04734936094458809,0.0035621802694602977,0.0,0.0,0.0051536406775076335,-0.1506502051833491,-0.17811455247160268,1.107452864912734,0.999877223708007,-0.009270930528770755,0.0054873204616553385,-0.011378781624139684,0.045595134913125626,0.015570044103646843,0.0008935677925346961,0.0,0.0,0.006119865974204488,0.0,0.0,1.0,1.0,0.0,0.0,0.0,26.130973049417204,0.0975649923051486,0.08,100.0,100.0,0.5,55.0,0.08,-0.43994826505073703,1.543455233654896,0.002,0.0022,0.0118,0.018
260,1763355103.383723,-0.02887657019624108,0.03619138489246226,0.3706111647439507,-0.0034076607499410817,-0.010400953581922312,0.026155656214737706,0.13417203586319634,-0.0007659634053304486,-0.157,-0.193,1.106,0.997,-0.007,0.076,-0.016,-0.001,-0.065,0.004,0.0,0.0,0.009,-0.105,-0.225,1.223,0.999,-0.005,-0.001,-0.041,0.034,-0.019,-0.019,-0.1,-0.3,0.0,-0.15532479241780783,-0.2023342773965495,1.1079516943579797,0.9998851064042832,-0.00927485285158688,0.005480688214048094,-0.01066363691135338,0.01655488340868263,-0.0286950032741269,0.013323414883237314,0.0,0.0,0.006423191159487967,-0.15035780683099825,-0.18183890901025185,1.107304562771613,0.9998787798546747,-0.009623949082565555,0.004510345409312331,-0.011378136256529524,0.04431694673118795,0.014240947853193589,0.009063788069953881,0.0,0.0,0.006086332306497837,0.0,0.0,1.0,1.0,0.0,0.0,0.0,26.129953360803878,0.09756573613293522,0.08,100.0,100.0,0.5,55.0,0.08,-0.4436557639347235,1.545479876284886,0.0034,0.0045,0.009,0.009
261,1763355103.459156,-0.029502499309221546,0.03616972333423843,0.3700483373624531,-0.003328474486503598,-0.013958359388492726,0.013463461543554241,0.13616504987149353,-0.0008819414640404868,-0.156,-0.195,1.107,0.997,-0.007,0.076,-0.016,0.013,-0.071,0.018,0.0,0.0,0.021,-0.103,-0.227,1.221,0.999,-0.001,-0.017,-0.039,0.032,-0.019,-0.022,0.1,-0.5,0.1,-0.151755246684424,-0.2056516856917232,1.1102097853183845,0.99989127806549,-0.00962916240954104,0.004499204701477928,-0.010220980232142907,0.02883846557185486,-0.03473088618385506,0.017134729443169686,0.0,0.0,0.007328507572649673,-0.14943695817919486,-0.1856923095945405,1.1081740725761788,0.99988993589451,-0.00846052300700669,0.004361888634709971,-0.01138022736411765,0.04449469361622737,0.011513534241139984,0.008820703849165633,0.0,0.0,0.0061513208406804324,0.0,0.0,1.0,1.0,0.0,0.0,0.0,26.131074965122945,0.09756592492697207,0.08,100.0,100.0,0.5,55.0,0.08,-0.4474705145114879,1.5468882592227038,0.0021,0.0018,0.0095,0.0203
262,1763355103.533737,-0.027639381746757265,0.032986487373157486,0.3733816182931102,-0.0033719749949363744,-0.0017478494286366653,-0.0023525335550653005,0.15543453116420522,-0.0014656804746027324,-0.153,-0.201,1.106,0.997,-0.008,0.076,-0.016,0.045,-0.046,-0.013,0.0,0.0,0.003,-0.102,-0.227,1.219,0.999,-0.006,0.007,-0.042,0.024,-0.008,-0.028,-0.0,0.2,0.0,-0.14246388088250816,-0.20653998327425535,1.103312708414444,0.9998954462590008,-0.008462680965633677,0.004357700412786885,-0.010885312512737097,0.06054265927500978,-0.008404698369573912,-0.013379921258263984,0.0,0.0,0.005701885431775306,-0.14698383964556813,-0.18871430457230515,1.1074977309866663,0.9998819903456078,-0.009673691027687033,0.0035495689595083906,-0.01139410569585977,0.048613647216816804,0.012729095861030357,0.006935341674091084,0.0,0.0,0.0061834915618293575,0.0,0.0,1.0,1.0,0.0,0.0,0.0,26.127910357045845,0.09756721557823028,0.08,100.0,100.0,0.5,55.0,0.08,-0.4502003891175249,1.5470690796803668,0.0047,0.0039,0.0155,0.0176
263,1763355103.5908837,-0.026693497132487466,0.0318643988987408,0.37325940624502413,-0.0033985510105240574,-0.0056353450836849825,0.00675949039285061,0.13940704661948597,-0.0013973707010395534,-0.153,-0.201,1.106,0.997,-0.008,0.076,-0.016,0.045,-0.046,-0.013,0.0,0.0,0.003,-0.1,-0.228,1.215,0.999,0.005,0.011,-0.038,0.046,-0.015,-0.085,0.5,0.2,0.2,-0.14244017809251358,-0.20634645008798527,1.103029038798007,0.9998874075244456,-0.009675414237274495,0.0035448691420987707,-0.01090837000407289,0.06043127563076518,-0.00720802883556939,-0.00992847811391217,0.0,0.0,0.0057071389045200175,-0.14464406090271145,-0.19149121858852486,1.106874064926568,0.9998770989746726,-0.009935512976845943,0.00414615226600345,-0.011396576208096525,0.05202191726876723,0.014641799835866807,0.0032335205554705725,0.0,0.0,0.006054931555797076,0.0,0.0,1.0,1.0,0.0,0.0,0.0,26.12530617767273,0.09756834429849891,0.08,100.0,100.0,0.5,55.0,0.08,-0.4529799611302319,1.5474274448801433,0.0022,0.0028,0.0152,0.0092
264,1763355103.648215,-0.020412438798728477,0.032030438839518886,0.3783497226972052,-0.0034296813680482173,0.021395230244112145,0.012779349290918222,0.16542385960278905,-0.0014301084165673212,-0.148,-0.201,1.1,0.997,-0.009,0.076,-0.016,0.037,0.015,-0.06,0.0,0.0,-0.006,-0.098,-0.227,1.214,0.999,-0.006,0.005,-0.041,0.023,0.004,-0.029,-0.1,0.1,-0.1,-0.1390456365352589,-0.19410841733963582,1.088204833167295,0.9998788545694036,-0.009936155930088446,0.004144611207209665,-0.011241494040007528,0.05126025179686277,0.053463124280829645,-0.051332090959523555,0.0,0.0,0.004991118658686291,-0.14238518487599627,-0.19143375926790404,1.1037483537005108,0.9998726688014723,-0.010354247223611581,0.0042369110665816615,-0.011379118281636178,0.05432726410364492,0.025182713707540327,-0.00744880825495742,0.0,0.0,0.005883805937363166,0.0,0.0,1.0,1.0,0.0,0.0,0.0,26.117266694316374,0.09757042266588975,0.08,100.0,100.0,0.5,55.0,0.08,-0.4534949450344052,1.5482439596839659,0.0023,0.0024,0.0102,0.0076
265,1763355103.7147887,-0.016195710985781448,0.03632684357044038,0.3661123091163685,-0.0035313117044753553,0.013428974515211977,0.03349343821942703,0.08069407810726897,-0.0017942821951537724,-0.148,-0.199,1.102,0.997,-0.009,0.077,-0.017,-0.004,0.036,0.041,0.0,0.0,-0.022,-0.096,-0.227,1.212,0.999,-0.006,0.007,-0.042,0.017,0.013,-0.012,-0.3,0.1,-0.1,-0.14746688010954975,-0.18798731517319603,1.1115090848531861,0.9998677238710458,-0.010352438953002452,0.004241327466507128,-0.011805630435528106,0.008090191303606092,0.0723403879226848,0.06318998065033438,0.0,0.0,0.0037054640010068347,-0.14197687852858548,-0.19012817482037947,1.1051122665945676,0.9998806491315311,-0.009959347716714969,0.0031994437195830947,-0.011369364329234572,0.049978111029431976,0.03728829410559775,0.003359938775876207,0.0,0.0,0.005797199490365076,0.0,0.0,1.0,1.0,0.0,0.0,0.0,26.122699203133706,0.0975716106453729,0.08,100.0,100.0,0.5,55.0,0.08,-0.4537130566907113,1.5507136405627238,0.0021,0.0032,0.0102,0.0081
266,1763355103.812023,-0.01211552077321635,0.031764935373563945,0.3800549261451955,-0.003584046252182879,0.014327559443157441,-0.009186974645467026,0.207005201062773,-0.001587914627715876,-0.145,-0.196,1.098,0.997,-0.009,0.077,-0.017,0.061,0.062,-0.077,0.0,0.0,-0.016,-0.095,-0.227,1.212,0.999,-0.004,0.006,-0.042,0.03,0.005,0.004,0.0,0.0,-0.0,-0.13170748310308542,-0.18012407242152728,1.08420492977199,0.9998783320857276,-0.009958701216308064,0.003201455472362474,-0.011571342981967069,0.07199700280277149,0.09311657606087174,-0.06903442180028126,0.0,0.0,0.0043399716060131995,-0.13868533288145912,-0.1873557709134468,1.1011570923547378,0.9998849678691145,-0.009627112737858084,0.0026470770330025302,-0.011417649184203802,0.05445776756975644,0.050903665561142994,-0.004780595107044519,0.0,0.0,0.005810504613944061,0.0,0.0,1.0,1.0,0.0,0.0,0.0,26.11180847405282,0.09757064504468253,0.08,100.0,100.0,0.5,55.0,0.08,-0.4532160174543527,1.550518680148925,0.0114,0.0025,0.0298,0.0074
267,1763355103.8693078,-0.017496492093819066,0.028740520444627635,0.37860089580226614,-0.0035777649401846513,-0.031448176892969706,-0.0032102238795950547,0.13525044558980182,-0.001312610784577441,-0.142,-0.196,1.095,0.997,-0.009,0.076,-0.017,0.072,-0.004,-0.067,0.0,0.0,0.002,-0.092,-0.226,1.21,0.999,-0.005,0.004,-0.042,0.032,0.011,-0.028,0.1,0.1,0.0,-0.12650306111174123,-0.19395224121269924,1.0832262187705568,0.9998901670397459,-0.009628342120723608,0.0026426018414393146,-0.010952878194486912,0.08337762502317375,0.020199591774101668,-0.04420863107410287,0.0,0.0,0.005947358311302767,-0.13485882253938725,-0.18730659552618015,1.0974124674346575,0.9999034307902268,-0.0074273821946564955,0.0024818458794591174,-0.011480571793208784,0.059489158511331006,0.05193194392580514,-0.0016324896266914028,0.0,0.0,0.005932514580530227,0.0,0.0,1.0,1.0,0.0,0.0,0.0,26.10177840994343,0.09756908766926427,0.08,100.0,100.0,0.5,55.0,0.08,-0.45571877041676456,1.549996750595976,0.0021,0.003,0.0231,0.0165
268,1763355103.9243803,-0.015129670081578915,0.038992796615571965,0.36542562887430274,-0.0035323421205567295,0.005272925526018617,0.06203907602145698,0.07609900128603342,-0.0011145477544296338,-0.145,-0.192,1.099,0.997,-0.008,0.077,-0.017,-0.043,0.053,0.056,0.0,0.0,-0.01,-0.089,-0.226,1.21,0.999,-0.005,-0.013,-0.037,0.03,0.007,-0.006,0.1,-0.1,-0.0,-0.15242547098990414,-0.1793577597754595,1.1101290184220454,0.9999038031904711,-0.007427462809481162,0.0024816046116701873,-0.011448091543869672,-0.0324454738280833,0.07117730195132284,0.0745571299451197,0.0,0.0,0.004966647403190212,-0.1363527101717244,-0.18447780556907795,1.10004660643352,0.9999137644012379,-0.0054825716968046135,0.0035153096760984106,-0.011403848754539158,0.048056241720869856,0.05826632993308935,-0.0042924781899153636,0.0,0.0,0.0060432139349610855,0.0,0.0,1.0,1.0,0.0,0.0,0.0,26.110629235080705,0.09757468132444944,0.08,100.0,100.0,0.5,55.0,0.08,-0.45617197720092834,1.5540813581010189,0.0036,0.0037,0.0162,0.0084
269,1763355103.9809823,-0.014105957760113858,0.042701149889905116,0.3653374053135099,-0.0035181860008868878,-0.000555064673266813,0.03316406510250523,0.1365934930238995,-0.0012538476968595672,-0.147,-0.189,1.102,0.997,-0.007,0.078,-0.018,-0.039,0.057,0.046,0.0,0.0,-0.005,-0.087,-0.226,1.209,0.999,0.007,-0.023,-0.04,0.042,-0.003,-0.0,0.4,-0.8,-0.0,-0.15379397048667218,-0.17598030824796132,1.1149039604710986,0.9999162100664776,-0.005483332685030267,0.0035141225355347096,-0.011187352312428218,-0.02919768965069626,0.07258242280321989,0.06362453983082254,0.0,0.0,0.00533452168682651,-0.1379148124638109,-0.18132034424005267,1.10174650288163,0.9999262911297321,-0.0035249900277041393,0.0023182146120134827,-0.01138475444863838,0.03867413907777366,0.06237969979818552,0.019396586402871927,0.0,0.0,0.006156790348470584,0.0,0.0,1.0,1.0,0.0,0.0,0.0,26.114527282838633,0.09757718284444591,0.08,100.0,100.0,0.5,55.0,0.08,-0.45658182634931055,1.5575912996731351,0.0059,0.0013,0.0074,0.0077
270,1763355104.06032,-0.010245755477851016,0.0340168442094409,0.38301731749379764,-0.003534485165006541,0.01401127725127152,-0.02740859719360664,0.2254010878940047,-0.0014008155709308485,-0.143,-0.183,1.096,0.997,-0.006,0.076,-0.018,0.063,0.09,-0.087,0.0,0.0,-0.011,-0.085,-0.225,1.209,0.999,0.002,-0.016,-0.04,0.035,0.008,0.007,-0.4,0.4,0.0,-0.12948739963858583,-0.16348477307568934,1.0790179930925439,0.9999262182909038,-0.0035249752000289817,0.0023182371582620926,-0.011391150107397172,0.07532560161581037,0.10447554899051333,-0.09588645216723621,0.0,0.0,0.004797379703103303,-0.13488519101251295,-0.17649151531093552,1.0976360879996703,0.9999232022759039,-0.004555726362336594,0.0012676839062319158,-0.011455474024548913,0.04362242041884982,0.07030931995716043,0.015249501119446562,0.0,0.0,0.006161292065499807,0.0,0.0,1.0,1.0,0.0,0.0,0.0,26.099140758863278,0.09758174714097742,0.08,100.0,100.0,0.5,55.0,0.08,-0.45562975625140606,1.5568796006888859,0.0026,0.0041,0.0174,0.0115
271,1763355104.1298904,-0.021970481337901943,0.03034887919153007,0.38155879918981966,-0.0034873128161453256,-0.062465787604448764,-0.0055835085110138155,0.13633890254028405,-0.001089570192571377,-0.139,-0.186,1.091,0.997,-0.005,0.075,-0.018,0.059,-0.046,-0.068,0.0,0.0,0.014,-0.083,-0.225,1.208,0.999,0.001,-0.008,-0.04,0.021,0.008,-0.026,-0.2,0.4,0.0,-0.1257339996819117,-0.19377251925282662,1.0747766128798857,0.9999331826122709,-0.004556874459162802,0.0012635506867703153,-0.010548395409745092,0.07590757289296074,-0.03329688249281519,-0.06521702583115607,0.0,0.0,0.006899160624223924,-0.1319039187342135,-0.17786744370532181,1.0945833817310544,0.9999189142732196,-0.0036727942720447926,0.004113117763295692,-0.011478576704731895,0.04854466611585472,0.05780323299772089,-0.008641067846922902,0.0,0.0,0.006229005624057212,0.0,0.0,1.0,1.0,0.0,0.0,0.0,26.089914861513137,0.09758563691983885,0.08,100.0,100.0,0.5,55.0,0.08,-0.46033150174592824,1.5563759305137101,0.0019,0.0025,0.0163,0.018
272,1763355104.1882946,-0.012156961855307851,0.027173491772541414,0.38277921645858,-0.003556079575565568,0.04082866691125723,-0.004496107398119494,0.14918663603998386,-0.0016515761031557095,-0.133,-0.175,1.083,0.997,-0.004,0.074,-0.019,0.072,0.1,-0.101,0.0,0.0,-0.018,-0.081,-0.225,1.208,0.999,0.007,0.009,-0.041,0.025,0.006,-0.012,0.2,0.8,-0.1,-0.11667221145006061,-0.15384428780268997,1.0640035534369399,0.9999158228195554,-0.0036716990799705424,0.004114095449263067,-0.011744791168522804,0.08937976067787946,0.11196120343808906,-0.06708396864172982,0.0,0.0,0.004168583306966861,-0.12807942412327164,-0.1723394519914824,1.0892194670421733,0.9999094988100162,-0.003306833217196049,0.006035648116478034,-0.01155984409019934,0.05731130933364866,0.06713943626503242,-0.03110951047446577,0.0,0.0,0.006098328793218447,0.0,0.0,1.0,1.0,0.0,0.0,0.0,26.079327929055218,0.0975827265212717,0.08,100.0,100.0,0.5,55.0,0.08,-0.45879070454172804,1.5558670014767066,0.003,0.0019,0.011,0.0145
273,1763355104.2456663,-0.008261491778257007,0.02613838148236745,0.37980868403457013,-0.0036488563351802623,0.014918489689513773,0.005014507963833209,0.12868954405191832,-0.001797413638910558,-0.133,-0.175,1.083,0.997,-0.004,0.074,-0.019,0.072,0.1,-0.101,0.0,0.0,-0.018,-0.078,-0.226,1.21,0.999,0.006,-0.013,-0.039,0.061,-0.031,0.014,0.8,-0.6,-0.1,-0.1169842590667667,-0.15380547598001104,1.0691798733139164,0.9999063878608363,-0.003305227283026315,0.006036527703890251,-0.01182587506202807,0.0845480000719682,0.11323795233554941,-0.03732001511580436,0.0,0.0,0.004236061382156447,-0.12433945311608584,-0.16702455977949332,1.0833389196130558,0.9999221301716011,-0.001995339656578479,0.004005205315224256,-0.011649486818102192,0.06456899825776784,0.07408953291558282,-0.019511429847892583,0.0,0.0,0.006063027461367633,0.0,0.0,1.0,1.0,0.0,0.0,0.0,26.06712289285424,0.0975701625203934,0.08,100.0,100.0,0.5,55.0,0.08,-0.4576278057456503,1.5556945134775109,0.0019,0.0018,0.0103,0.0071
274,1763355104.3306477,-0.021727720411445155,0.02560656941502155,0.37455095760592877,-0.003577603549818802,-0.07042920258278709,0.007142832719158278,0.116139624369757,-0.001012057198885298,-0.123,-0.178,1.079,0.997,-0.004,0.072,-0.018,0.073,-0.052,-0.036,0.0,0.0,0.017,-0.076,-0.226,1.215,0.999,0.002,-0.007,-0.04,0.017,-0.001,0.075,0.1,0.7,-0.2,-0.10748246491898679,-0.18695869215827055,1.0768259872260633,0.9999334831668498,-0.0019994204175576243,0.00400316973860328,-0.010630437048831435,0.07921555996767918,-0.03924056477531465,0.014451252873373134,0.0,0.0,0.0072919275782016,-0.11992759370153502,-0.1687194177195436,1.0807938017485794,0.9999164285561405,-0.004991485309210921,0.0024552107286443183,-0.011670172158908662,0.06905929518204375,0.059942656217518486,-0.0074341358367009626,0.0,0.0,0.006155754361380678,0.0,0.0,1.0,1.0,0.0,0.0,0.0,26.06257316418316,0.09756454321585693,0.08,100.0,100.0,0.5,55.0,0.08,-0.46271229371908995,1.555423599857037,0.0021,0.0028,0.0198,0.0148
275,1763355104.3856559,-0.022008148611643713,0.04039345295082174,0.3508776980545974,-0.0033725992948823885,-0.00955003615528472,0.083536881209634,0.022090311345566764,-0.00031658005649998623,-0.126,-0.178,1.085,0.997,-0.004,0.073,-0.018,-0.074,0.003,0.19,0.0,0.0,0.003,-0.075,-0.227,1.22,0.999,0.006,0.009,-0.042,0.024,-0.015,0.1,-0.2,0.1,-0.1,-0.14042821814664969,-0.17617560981627287,1.1270830230203335,0.9999222806082012,-0.004992743478068235,0.0024526511933672334,-0.011157497836871198,-0.07231836786933414,0.014488678320519852,0.2224559985936043,0.0,0.0,0.00607891052778265,-0.12220801851099565,-0.1681690934811675,1.0889171517137382,0.9999284281266811,-0.0027556887458984602,0.0006449087848955827,-0.011624495528816064,0.050320981705986395,0.05565759166999143,0.036883689609912645,0.0,0.0,0.006219387980252058,0.0,0.0,1.0,1.0,0.0,0.0,0.0,26.085357724882275,0.0975945207534115,0.08,100.0,100.0,0.5,55.0,0.08,-0.4653621093851382,1.5608141254056684,0.0022,0.0018,0.013,0.0093
276,1763355104.4563818,-0.021172221649953617,0.03801569707555212,0.3681159708074372,-0.00341799775889278,-0.004073420920915921,0.00325876548021007,0.2177705005346731,-0.0014917170556328536,-0.125,-0.177,1.09,0.997,-0.003,0.073,-0.018,0.012,0.01,0.068,0.0,0.0,0.001,-0.071,-0.229,1.227,0.999,-0.002,-0.016,-0.038,0.049,-0.028,0.112,-0.4,-0.5,0.2,-0.12259259726045456,-0.17401452356706484,1.1045937613266883,0.9999334042569742,-0.0027559698305606776,0.0006437065310731866,-0.01118826721407312,0.013603964961510215,0.022837559783134242,0.04202266369846689,0.0,0.0,0.005658730370738257,-0.12093198766141183,-0.1673479045986748,1.0923796904713556,0.9999318428021207,-0.0010757399202703454,-0.00021953012258564132,-0.011623439271745698,0.04482545647068248,0.0506543148355074,0.052747079983066526,0.0,0.0,0.006333591035130883,0.0,0.0,1.0,1.0,0.0,0.0,0.0,26.087487845242524,0.09759437683812412,0.08,100.0,100.0,0.5,55.0,0.08,-0.4673173462449321,1.5622429324288531,0.0027,0.0017,0.0181,0.0092
277,1763355104.5188165,-0.0339271562940973,0.03487895280302313,0.3681113846425857,-0.003486091651552247,-0.07171425633945101,-0.001427834959312915,0.1380205582285315,-0.0016222186228821256,-0.123,-0.185,1.096,0.997,-0.004,0.073,-0.018,0.03,-0.125,0.086,0.0,0.0,0.013,-0.07,-0.231,1.23,0.999,0.006,0.002,-0.039,0.037,-0.032,0.022,0.3,0.2,0.1,-0.11674655287992783,-0.20846320278612795,1.1092159717702268,0.9999415045024541,-0.0010755500030775358,-0.00022045870739353536,-0.010760212057289513,0.036948796716467544,-0.10683700079758257,0.045081009669037164,0.0,0.0,0.006634207007382149,-0.11893497935295419,-0.17308747531195415,1.0972349546321825,0.9999222462266064,-0.004480052291487866,-0.0006746247927150512,-0.011617896280842258,0.04197626233334083,0.028618778272935172,0.06045236167804021,0.0,0.0,0.006340539446197346,0.0,0.0,1.0,1.0,0.0,0.0,0.0,26.09108487544616,0.09758771312602493,0.08,100.0,100.0,0.5,55.0,0.08,-0.47429698524049557,1.5626181427946098,0.0038,0.0058,0.0098,0.008
278,1763355104.581981,-0.030427370500666153,0.03822138801599607,0.36866065115774493,-0.0033820882343965366,0.0047762453568692895,0.029791783365998335,0.14078810181676593,-0.0007872672835535438,-0.125,-0.189,1.103,0.997,-0.005,0.075,-0.018,-0.02,-0.041,0.085,0.0,0.0,0.002,-0.067,-0.233,1.234,0.999,-0.002,-0.008,-0.04,0.031,-0.029,0.067,-0.3,0.0,-0.1,-0.12794372475243157,-0.19511032518080024,1.1122728526424648,0.999927409895136,-0.004479746023265087,-0.0006766555345610919,-0.011164629562127276,-0.007039944448011733,-0.016798201651237705,0.034708418730351,0.0,0.0,0.005780027611010378,-0.1194850663385374,-0.17554365273138386,1.1029917379753764,0.9999110620554168,-0.0054836814677705755,0.003654387363555839,-0.011594941559368126,0.03490302969548478,0.023423886317677518,0.0270387526556913,0.0,0.0,0.006065230265603054,0.0,0.0,1.0,1.0,0.0,0.0,0.0,26.09960387598367,0.09756378237372995,0.08,100.0,100.0,0.5,55.0,0.08,-0.4773118696160809,1.5649523991782688,0.002,0.0058,0.0074,0.0082
279,1763355104.652872,-0.036970871557335916,0.03396209408489715,0.3769819136908058,-0.003418609567831709,-0.04412776922109861,-0.006963449149496063,0.1798540568494587,-0.0014508897550745622,-0.124,-0.195,1.101,0.997,-0.006,0.075,-0.017,0.027,-0.13,-0.028,0.0,0.0,0.021,-0.065,-0.235,1.237,0.999,-0.002,-0.018,-0.039,0.049,-0.036,0.048,0.0,-1.1,0.1,-0.11702453813043698,-0.2183384687961291,1.0942785987844765,0.9999237829820752,-0.005487897132856452,0.0036480535223695626,-0.010440446224802134,0.04299423860488526,-0.09909414908229064,-0.0383933186924897,0.0,0.0,0.007286212768762084,-0.11806551281025525,-0.18216197660723546,1.1019946256321516,0.9999085844074529,-0.005561614905008174,0.004168206198228719,-0.011598160415381744,0.03802520046133742,0.007319882256830328,0.018209087289970886,0.0,0.0,0.006124295187730323,0.0,0.0,1.0,1.0,0.0,0.0,0.0,26.0924776770997,0.0975860224918595,0.08,100.0,100.0,0.5,55.0,0.08,-0.48336775533338466,1.565329629211569,0.0021,0.003,0.017,0.0055
280,1763355104.7245114,-0.03732226447020598,0.03290574615035419,0.37217064519379883,-0.0033101587001034063,-0.015621041398351281,0.0074540456091216414,0.1173118751490172,-0.0007397242492953757,-0.122,-0.202,1.102,0.997,-0.007,0.076,-0.016,0.02,-0.107,0.009,0.0,0.0,0.027,-0.064,-0.236,1.238,0.999,-0.004,0.006,-0.042,0.017,-0.008,0.013,-0.1,1.1,-0.2,-0.11641552105218113,-0.21995187414225942,1.1024675158329686,0.999923574740066,-0.005567336083755987,0.004160561523769348,-0.010224440120854739,0.03603780903412609,-0.06867417206803553,0.010471544554872024,0.0,0.0,0.007804969468365209,-0.11682930724006317,-0.18819850052186785,1.1027071728976625,0.9998793821175322,-0.009707683616729915,0.003628462715925276,-0.01156790185722802,0.03956439806631123,-0.0008050846909735294,0.011698444953641104,0.0,0.0,0.006251355977414507,0.0,0.0,1.0,1.0,0.0,0.0,0.0,26.091871671933557,0.09758773981426708,0.08,100.0,100.0,0.5,55.0,0.08,-0.4880495387150771,1.5661120271332267,0.0022,0.0028,0.0183,0.0099
281,1763355104.7821515,-0.031578535135398204,0.028444999215972565,0.3813556007850646,-0.0033533598929531964,0.014722797497711628,-0.009964079865525279,0.18548876990400323,-0.0014573154767877287,-0.117,-0.211,1.1,0.997,-0.008,0.075,-0.015,0.061,-0.055,-0.083,0.0,0.0,0.011,-0.06,-0.238,1.241,0.999,-0.006,-0.002,-0.04,0.055,-0.026,0.075,-0.2,0.3,0.1,-0.10319145789962136,-0.2178505990856423,1.083693093997595,0.999888109024938,-0.00971051358580641,0.003620882321100122,-0.010787240965629606,0.07623241616389172,-0.010498863339141329,-0.07419534614305408,0.0,0.0,0.006332546330038101,-0.11355798091595415,-0.19239695843656968,1.0990773830988254,0.9998734311479752,-0.009920619008909675,0.004664064688443697,-0.01153037308318295,0.04706983799728933,0.0014146793945480785,-0.005753297855185692,0.0,0.0,0.006099732698453223,0.0,0.0,1.0,1.0,0.0,0.0,0.0,26.08032383324221,0.09761925487439216,0.08,100.0,100.0,0.5,55.0,0.08,-0.4905812600561752,1.5655062816919754,0.0051,0.0017,0.0097,0.0071
282,1763355104.8549693,-0.038437594105561544,0.03412907668304736,0.35632676732456026,-0.003269075790751431,-0.04613724552659102,0.0390872620413637,0.01786418299187737,-0.0008360894488486197,-0.118,-0.217,1.106,0.997,-0.01,0.076,-0.015,-0.016,-0.143,0.13,0.0,0.0,0.021,-0.057,-0.239,1.245,0.999,-0.009,-0.009,-0.039,0.054,-0.022,0.064,-0.2,-0.2,-0.0,-0.11972788422983924,-0.24091217271860488,1.1339900606866558,0.9998859873505953,-0.009925957051182103,0.004652693580713835,-0.010384609717617899,-0.003355539843190038,-0.09470778365087608,0.1582100636068509,0.0,0.0,0.0071930009392610975,-0.11371542115336733,-0.20046544000426295,1.1048910794479043,0.9998534684285508,-0.012175718843939145,0.0035367632070435646,-0.01150151503270959,0.04263319587388695,-0.007212522679472613,0.0232114394743025,0.0,0.0,0.006141604162133287,0.0,0.0,1.0,1.0,0.0,0.0,0.0,26.095978747682796,0.0975860026036889,0.08,100.0,100.0,0.5,55.0,0.08,-0.49654946785514936,1.5679273722382001,0.0049,0.0071,0.0097,0.0084
283,1763355104.923562,-0.035593161555756814,0.03520432462453963,0.36173724187010703,-0.003251365441246566,-0.000191935040561933,0.018174643463604114,0.16067491047444404,-0.0011373516740074648,-0.118,-0.223,1.113,0.997,-0.01,0.077,-0.014,0.001,-0.088,0.1,0.0,0.0,0.007,-0.054,-0.239,1.249,0.999,-0.006,0.003,-0.041,0.058,-0.005,0.089,-0.1,-0.2,0.0,-0.11670845516962647,-0.23567778974634082,1.1334956316916145,0.9998604825735588,-0.012177933751528062,0.0035291291975139694,-0.010874675370832466,0.01062904999472575,-0.03924105109701491,0.08480576762999247,0.0,0.0,0.005919043608869569,-0.1132144288451354,-0.2062140126897152,1.1101993935763028,0.999844612862416,-0.013085211719148056,0.0029508550116129294,-0.011437649189026703,0.04016122035293019,-0.005507984469387094,0.033867813864873544,0.0,0.0,0.005962915858073669,0.0,0.0,1.0,1.0,0.0,0.0,0.0,26.105722713639157,0.09756248677559264,0.08,100.0,100.0,0.5,55.0,0.08,-0.5002384158466369,1.569571279971835,0.0022,0.0019,0.0117,0.0165
284,1763355104.9905803,-0.023266740200067172,0.029187899693123447,0.3681488807775026,-0.0033314074657198123,0.04828467119503936,-0.01688050292287854,0.16770966023826797,-0.0016194721628336921,-0.113,-0.221,1.116,0.997,-0.01,0.076,-0.014,0.069,0.025,0.05,0.0,0.0,0.001,-0.051,-0.239,1.254,0.999,-0.01,-0.002,-0.04,0.049,0.028,0.135,-0.5,0.5,0.0,-0.09834355256004594,-0.21112515071207147,1.1252229984486621,0.9998491733803248,-0.013086408484242943,0.0029455430769257406,-0.011031780438664665,0.07823727187714916,0.07398813185912456,0.020982873213266737,0.0,0.0,0.005377331668859253,-0.10951106667646991,-0.20653354397895865,1.113060933064938,0.9998630882460959,-0.011900551453305496,0.0014168438225781541,-0.011409390503842055,0.0464548225589098,0.011951540607659204,0.0532949269652344,0.0,0.0,0.00592552581652209,0.0,0.0,1.0,1.0,0.0,0.0,0.0,26.10538236417753,0.0975637982217909,0.08,100.0,100.0,0.5,55.0,0.08,-0.4998105845010092,1.568693993405635,0.0039,0.0033,0.0091,0.0163
285,1763355105.0651686,-0.02491134038338691,0.028883063330148506,0.37349657419373283,-0.0034026001016859487,-0.016948028491623884,0.009421280570046547,0.16479429737271512,-0.001605240979475612,-0.11,-0.224,1.118,0.997,-0.01,0.076,-0.014,0.046,-0.038,0.027,0.0,0.0,0.005,-0.048,-0.239,1.255,0.999,-0.007,-0.028,-0.038,0.067,-0.005,0.004,0.1,-2.0,0.2,-0.0998556628241518,-0.22678062857912004,1.116012468533748,0.9998691963016841,-0.011901326855284416,0.0014103157072213597,-0.010860926098345037,0.055688086108047236,0.008858758091762502,-0.02492656994862237,0.0,0.0,0.005786217784880035,-0.10673731255614936,-0.20940991719847582,1.1159801150709858,0.9998381270394475,-0.01369923582005686,0.0027007131013402894,-0.011347105575445724,0.04853569946572552,0.017494541117616662,0.02094670825445424,0.0,0.0,0.005822439744842214,0.0,0.0,1.0,1.0,0.0,0.0,0.0,26.10619965752668,0.09756022683959945,0.08,100.0,100.0,0.5,55.0,0.08,-0.5022673069107526,1.568799171429929,0.0042,0.0017,0.0168,0.0152
286,1763355105.1327822,-0.023921119262245445,0.030256822699066953,0.36818782541473877,-0.003428857747777103,-0.004390647038062757,0.017699945593397912,0.1135174714276796,-0.0014072632685880018,-0.108,-0.225,1.121,0.997,-0.011,0.077,-0.014,0.029,-0.017,0.039,0.0,0.0,-0.002,-0.044,-0.238,1.257,0.999,0.001,-0.002,-0.037,0.083,0.01,0.053,-0.3,-0.9,0.2,-0.10115694119586771,-0.22373702006264343,1.12568650597339,0.9998414505229458,-0.01370003671524649,0.002696647420442329,-0.011050380213483594,0.03767885203891387,0.025505869680474733,0.02499320929956668,0.0,0.0,0.005310468392538155,-0.10471382637240306,-0.21114584559764615,1.1185289724655243,0.9998428861966424,-0.013281162805715079,0.003253212547241366,-0.011279638496794222,0.04903036248513714,0.026245405950956445,0.010168977072902798,0.0,0.0,0.005738664391319386,0.0,0.0,1.0,1.0,0.0,0.0,0.0,26.110412777523855,0.09754487614713786,0.08,100.0,100.0,0.5,55.0,0.08,-0.5042372858685822,1.5696384613358594,0.0044,0.0024,0.0171,0.0175
287,1763355105.2204728,-0.004173177302650835,0.02317254324047558,0.3783398397913734,-0.0035791708283439455,0.089769290074631,-0.024075088780806775,0.18883050641369997,-0.002037387058250624,-0.102,-0.216,1.117,0.997,-0.01,0.076,-0.015,0.11,0.183,-0.066,0.0,0.0,-0.033,-0.04,-0.237,1.26,0.999,-0.002,-0.016,-0.04,0.052,0.012,0.034,0.3,-0.3,-0.2,-0.07925936916373806,-0.17550021838417898,1.1033855272521755,0.9998331648578551,-0.013278454063749503,0.003264251066681694,-0.012110729663222238,0.11607117194241395,0.21899305809713765,-0.06926314304620462,0.0,0.0,0.0027811143067427474,-0.09891433433982254,-0.20335517425854577,1.1156810106884796,0.9998871432794372,-0.009730433566110528,0.0016504538168561824,-0.011326754579320692,0.060080008359147244,0.05957479934789145,-0.0036926576263656592,0.0,0.0,0.005650634796286883,0.0,0.0,1.0,1.0,0.0,0.0,0.0,26.101630116799708,0.09757305471792349,0.08,100.0,100.0,0.5,55.0,0.08,-0.4990993414525456,1.5677670474877503,0.0033,0.0042,0.0317,0.0204
288,1763355105.2620459,-0.005749783895161771,0.024688185903150504,0.37121878375626105,-0.0036579527309936882,-0.009447974451048752,0.016267917028552945,0.10627215974620297,-0.0017360985738776899,-0.098,-0.209,1.117,0.997,-0.008,0.074,-0.015,0.066,0.094,-0.01,0.0,0.0,-0.003,-0.038,-0.235,1.262,0.999,0.001,0.002,-0.041,0.055,0.026,0.052,-0.0,-0.4,0.0,-0.08434386549296538,-0.186891581046411,1.1154381855559339,0.9998902273725717,-0.009730888123218156,0.00164777168305485,-0.011051147887925907,0.06902953420455744,0.12221845076382337,0.003981759089464556,0.0,0.0,0.0054865459228288175,-0.09489961177776941,-0.1987652609537386,1.115111902730277,0.9998941178041987,-0.009098040327494967,0.0010809652059186733,-0.011305324276024797,0.06226133912298542,0.07390809276571145,-3.0934097181758557e-06,0.0,0.0,0.005823115402386344,0.0,0.0,1.0,1.0,0.0,0.0,0.0,26.10027139867005,0.09757638540611452,0.08,100.0,100.0,0.5,55.0,0.08,-0.4983319405216798,1.5676903874077428,0.0063,0.0021,0.0204,0.0085
289,1763355105.3232174,-0.007943844907594848,0.02920004590166585,0.36983039291568653,-0.003675138261237289,-0.013126474022851052,0.03181736970625817,0.13226508970572515,-0.0014576599253406362,-0.096,-0.202,1.117,0.997,-0.007,0.074,-0.016,0.028,0.086,0.007,0.0,0.0,-0.01,-0.034,-0.233,1.265,0.999,0.0,-0.007,-0.04,0.097,0.015,0.073,-0.1,-0.8,0.3,-0.09019256422975266,-0.18230604031503422,1.118444173666921,0.9998944386372586,-0.009098071039058693,0.0010807066879468517,-0.011276912640633614,0.02765742953534375,0.10326704879451287,0.01332869455133817,0.0,0.0,0.005044670738121489,-0.09261071960997147,-0.19404813312231428,1.1155760321081936,0.9999012159548056,-0.008326291086940725,0.0011793919349022827,-0.011262337390636657,0.058595180938765964,0.08435206073784401,-0.004979064639192137,0.0,0.0,0.0058821728369328795,0.0,0.0,1.0,1.0,0.0,0.0,0.0,26.10207957680573,0.09757365462927772,0.08,100.0,100.0,0.5,55.0,0.08,-0.4983760831902936,1.5690029250165116,0.002,0.0135,0.009,0.0072
290,1763355105.3998375,-0.001660533516741663,0.025395636779823597,0.36793624336213404,-0.003682458206655114,0.028437615113917854,-0.00807202839608658,0.12921564957562004,-0.0014147765750531106,-0.091,-0.194,1.118,0.997,-0.005,0.073,-0.017,0.087,0.166,0.018,0.0,0.0,-0.022,-0.031,-0.233,1.268,0.999,0.005,-0.018,-0.04,0.046,0.012,0.046,0.3,-0.4,0.0,-0.07381598534962575,-0.15966740504604934,1.1235402349023471,0.9998966350093461,-0.008325819067859303,0.0011827195144460767,-0.0116619555987034,0.08415805485756749,0.1723965154065503,0.0281018934998149,0.0,0.0,0.0041075700907441445,-0.0876422669399099,-0.18538410957970636,1.1161474541346397,0.9999331120242209,-0.0019859018916800327,-0.00105472653428856,-0.01134527316424865,0.06234678592452881,0.10039112539925667,0.01131539751234574,0.0,0.0,0.006020185772461589,0.0,0.0,1.0,1.0,0.0,0.0,0.0,26.103336179990315,0.09757208852207044,0.08,100.0,100.0,0.5,55.0,0.08,-0.4955881478827903,1.5681606839358537,0.0043,0.0022,0.0201,0.0087
291,1763355105.485748,0.008413680003037813,0.017557614057522417,0.38758947702109076,-0.0038407819423316968,0.049748367530119256,-0.029666749819072056,0.23624225955558403,-0.0021725405058785835,-0.083,-0.181,1.111,0.997,-0.003,0.071,-0.018,0.154,0.252,-0.14,0.0,0.0,-0.049,-0.028,-0.232,1.27,0.999,0.007,-0.006,-0.039,0.036,0.004,-0.002,0.6,0.7,-0.1,-0.052583984911763054,-0.1304363116980316,1.082253622492227,0.9999164397690162,-0.0019873607834790933,-0.0010519750480881462,-0.012730169883779674,0.15071658776294647,0.2513855466230595,-0.14798941070297475,0.0,0.0,0.0018670475677307543,-0.07952879048847046,-0.17242196281994857,1.1098390790763395,0.9999323207066773,-0.0007202651030806842,-0.0011256512254470342,-0.01155716806396302,0.0737933740236626,0.12228154671790986,-0.011571651087170818,0.0,0.0,0.006017518524521946,0.0,0.0,1.0,1.0,0.0,0.0,0.0,26.084582955340842,0.09759227097810591,0.08,100.0,100.0,0.5,55.0,0.08,-0.489795395698071,1.5651736332468942,0.0092,0.0029,0.0253,0.0209
292,1763355105.5141246,-0.0037642224653651763,0.011326806085268771,0.37407040644525774,-0.003771167233434209,-0.05773438234087576,-0.024569934589697334,0.07775070100374387,-0.0010922196838869496,-0.072,-0.175,1.109,0.997,-0.002,0.07,-0.019,0.177,0.084,-0.032,0.0,0.0,-0.018,-0.025,-0.232,1.271,0.999,0.017,-0.001,-0.04,0.069,-0.019,0.028,0.2,-0.7,0.1,-0.03687231212137387,-0.15839940605105873,1.1022690099912358,0.999929459032424,-0.0007205408810437763,-0.0011254747170909246,-0.011802164488934527,0.17218582353842996,0.07716950849613681,-0.007570179057309339,0.0,0.0,0.004651299079406206,-0.07002372679726007,-0.16669814327061014,1.1081332125602554,0.9999316449913241,-0.00031769202700692166,0.00018268133010392748,-0.011686361463347478,0.0877296997002769,0.1168480000328178,-0.017211429497376418,0.0,0.0,0.006167660647829482,0.0,0.0,1.0,1.0,0.0,0.0,0.0,26.082372190063513,0.09759198957652543,0.08,100.0,100.0,0.5,55.0,0.08,-0.49115286517533396,1.5615515560389315,0.0018,0.0017,0.0112,0.0083
293,1763355105.592042,-0.014924136625821436,0.024221613706943593,0.37130627620989876,-0.0036209158041315575,-0.05721115422679324,0.06872159039034988,0.12645575124017666,-0.000662930566024569,-0.07,-0.174,1.108,0.997,-0.001,0.069,-0.019,0.019,0.029,-0.016,0.0,0.0,0.001,-0.022,-0.233,1.275,0.999,0.017,-0.009,-0.04,0.043,-0.02,0.027,0.4,-0.2,0.0,-0.06679921053854267,-0.16917515511298012,1.1068085878499259,0.9999368853577414,-0.00031777554611715227,0.00018253600927557387,-0.01122902490721154,0.008189950910278921,0.01576827914971389,0.011869202457632616,0.0,0.0,0.0062151241460358135,-0.06751173349912795,-0.16373181287119987,1.1071195193795453,0.9999296554530493,0.002082868174337149,-0.0009434974180294922,-0.011638540215019385,0.07749638710574738,0.10275501190467534,-0.022820713031926256,0.0,0.0,0.006328131094936078,0.0,0.0,1.0,1.0,0.0,0.0,0.0,26.08326743658919,0.09759349401688074,0.08,100.0,100.0,0.5,55.0,0.08,-0.49452687806693574,1.5638498184162173,0.0031,0.0048,0.012,0.0114
294,1763355105.652496,-0.020000150238336553,0.028634044864171326,0.3627974373154586,-0.003539000552523833,-0.03097661929725863,0.031145260926242507,0.0966956591065111,-0.0009482671685107113,-0.069,-0.172,1.11,0.997,0.0,0.069,-0.019,0.032,0.025,0.053,0.0,0.0,-0.001,-0.021,-0.235,1.279,0.999,0.012,0.003,-0.043,0.026,-0.03,0.081,-0.2,0.1,-0.1,-0.06406489991770974,-0.16864864436072685,1.1258310692340758,0.9999340736822704,0.00208323222973466,-0.0009426933151824315,-0.011252544688661159,0.015268217196705314,0.01162502861142349,0.08494239987557975,0.0,0.0,0.005871332862352851,-0.06470633075543031,-0.16121064630336204,1.1086618493915508,0.9999080506053395,0.005996836575799372,-0.0037020134008011667,-0.011585481539113112,0.06790477510581563,0.0861823607880663,0.016679201074300702,0.0,0.0,0.006571879360776208,0.0,0.0,1.0,1.0,0.0,0.0,0.0,26.088679172428535,0.09760067428739742,0.08,100.0,100.0,0.5,55.0,0.08,-0.49737957527743715,1.5652744802376022,0.0072,0.0016,0.0107,0.0083
295,1763355105.7132027,-0.025966561512321816,0.017820049498622623,0.3786036626974143,-0.003635852516768096,-0.03733211270930253,-0.04333221000367926,0.2150801659030756,-0.0018113850284177517,-0.055,-0.165,1.109,0.998,0.002,0.065,-0.02,0.157,-0.027,-0.048,0.0,0.0,-0.006,-0.019,-0.238,1.284,0.999,0.006,-0.003,-0.041,0.006,-0.032,0.081,-0.1,0.9,-0.1,-0.025493766001768718,-0.17151637966555242,1.0988030993193356,0.9999102271924519,0.005997537704737157,-0.0037008774117515283,-0.011396078439650856,0.14119182242788073,-0.031475119876901006,-0.06428876201788802,0.0,0.0,0.005290371178452324,-0.05590389319289693,-0.16094385812998366,1.1068393415702806,0.9999068205513154,0.0035528180139650064,-0.00624040668545044,-0.011609695238000893,0.0746010042088903,0.06493047937092594,0.00837003951144391,0.0,0.0,0.006545351736919827,0.0,0.0,1.0,1.0,0.0,0.0,0.0,26.080206366995814,0.09759424173819,0.08,100.0,100.0,0.5,55.0,0.08,-0.5012764449980646,1.5617962138396895,0.002,0.0019,0.0097,0.0083
296,1763355105.7804148,-0.02701935947838159,0.01354395058163821,0.3780220660723129,-0.003633958621645046,-0.015001450397419566,-0.014697976022938588,0.1390683903860238,-0.001353975218172785,-0.055,-0.165,1.109,0.998,0.002,0.065,-0.02,0.157,-0.027,-0.048,0.0,0.0,-0.006,-0.017,-0.241,1.286,0.999,0.016,-0.009,-0.038,0.035,-0.062,0.027,0.3,-0.5,0.1,-0.024970419219874997,-0.17022760376567406,1.097830009965842,0.9999088982575995,0.003553943500496238,-0.0062397657837012874,-0.011429347918119889,0.14538736364477226,-0.018765623859000793,-0.04896103627216029,0.0,0.0,0.005356285486692591,-0.04768130798242049,-0.16116411603720174,1.104998927934405,0.9999271811773163,-0.00029104871754743274,-0.0030594689533104654,-0.011669930726209735,0.08087049189544561,0.05048781676065741,-0.0004910459539920553,0.0,0.0,0.006370568706445497,0.0,0.0,1.0,1.0,0.0,0.0,0.0,26.0731533423891,0.09758948990120114,0.08,100.0,100.0,0.5,55.0,0.08,-0.5045067861869957,1.5587096694398705,0.0022,0.002,0.01,0.0084
297,1763355105.8697255,-0.03793065993025854,0.03182264870367119,0.3584710807535084,-0.00322967335967809,-0.06468876206377785,0.09647247207827923,0.044003348183094336,0.0006586918267178881,-0.058,-0.175,1.117,0.998,-0.0,0.067,-0.019,-0.058,-0.139,0.118,0.0,0.0,0.023,-0.017,-0.245,1.291,0.999,0.006,-0.003,-0.041,0.005,-0.055,0.043,0.1,0.2,-0.0,-0.07049282718431425,-0.20143151666899076,1.139153372960009,0.9999409303531579,-0.00028724090055198766,-0.0030598288019604504,-0.010425485352200097,-0.0697544227673613,-0.11997047739649834,0.12559696340115742,0.0,0.0,0.007808683224140778,-0.049345049634182014,-0.1671842411420082,1.1111917353096092,0.9999279950876465,-0.002855835123747668,-0.0012717722826848614,-0.011585829318899342,0.05895881986575021,0.025617183681130116,0.0009738699402198729,0.0,0.0,0.006363002790190041,0.0,0.0,1.0,1.0,0.0,0.0,0.0,26.090762886410154,0.09761011246613027,0.08,100.0,100.0,0.5,55.0,0.08,-0.5116633777658564,1.5632764742093341,0.0074,0.002,0.0155,0.0203
298,1763355105.9336698,-0.04287838773657576,0.031017695433026946,0.37400943760187283,-0.0032170273985924302,-0.038962636505433024,0.007908726910655466,0.21211843952438753,-0.0011478977044509834,-0.057,-0.185,1.115,0.998,-0.001,0.067,-0.018,0.025,-0.158,-0.029,0.0,0.0,0.025,-0.017,-0.249,1.296,0.999,0.004,0.002,-0.042,-0.002,-0.057,0.082,-0.2,0.2,-0.0,-0.053346483780096474,-0.21426288764653786,1.1120181619415805,0.9999423649003578,-0.0028541603984681366,-0.0012755263277770992,-0.010271011561019477,0.011460987298046897,-0.12986714768523108,-0.02832084150089035,0.0,0.0,0.007519266114369208,-0.047655439097461304,-0.17483512878848415,1.1098862256966664,0.9999096032863236,-0.0056905473991280065,-0.003887438203349973,-0.011545161337120267,0.050806504280976425,0.004628891051532136,0.011406136132725977,0.0,0.0,0.006497697486002958,0.0,0.0,1.0,1.0,0.0,0.0,0.0,26.084792103167658,0.0976054506438873,0.08,100.0,100.0,0.5,55.0,0.08,-0.5185389977121326,1.5642365796138369,0.0021,0.0044,0.0163,0.0196
299,1763355106.0098586,-0.04173959102435404,0.023386937133166495,0.3736334729143208,-0.0033500590874424602,-0.010385411840107283,-0.02652215571191715,0.13837371566294238,-0.0018715437187223122,-0.05,-0.194,1.115,0.998,-0.003,0.066,-0.018,0.1,-0.132,-0.008,0.0,0.0,0.013,-0.016,-0.253,1.3,0.999,-0.004,-0.009,-0.04,0.0,-0.067,0.042,-0.3,-0.1,0.2,-0.031469518201489396,-0.21718166593408061,1.1125144856538427,0.9999191138702092,-0.0056872197569982205,-0.0038923048341819888,-0.010689771350656775,0.09020767535297465,-0.09340456797129768,-0.016160379109605875,0.0,0.0,0.006359451103053404,-0.04250905993759367,-0.1818965564310902,1.1098970028781983,0.9998914413620871,-0.007132558356930622,-0.005694286181717939,-0.011567506516686716,0.05191584979122245,-0.0076633282164480405,0.018440598433592477,0.0,0.0,0.006480187006476605,0.0,0.0,1.0,1.0,0.0,0.0,0.0,26.080869095406644,0.09760361760136405,0.08,100.0,100.0,0.5,55.0,0.08,-0.5236920915072506,1.562272719553091,0.0106,0.0026,0.0194,0.0184
300,1763355106.0721588,-0.05085764561687012,0.04202978453760116,0.35100067842702115,-0.002935858102176083,-0.06124261959671314,0.10198433844711075,0.026948579906372,0.0008147327685409623,-0.06,-0.211,1.131,0.997,-0.005,0.069,-0.016,-0.127,-0.223,0.201,0.0,0.0,0.03,-0.017,-0.257,1.303,0.999,-0.005,-0.015,-0.039,0.001,-0.066,0.044,0.0,-0.7,0.1,-0.08598824302519806,-0.25130595267483014,1.1668268390584018,0.99990725659637,-0.007124241409229996,-0.005704688262941043,-0.010108408484364069,-0.13040497941994783,-0.1743367095164152,0.18095005113288493,0.0,0.0,0.007875227106324224,-0.04820173178064229,-0.19384223214874452,1.1208877737860685,0.9998740847985327,-0.010996927047769424,-0.0009248102344631318,-0.011402932510228985,0.023313874061556775,-0.028745064216510297,0.019961460875601036,0.0,0.0,0.00608671154991084,0.0,0.0,1.0,1.0,0.0,0.0,0.0,26.10808720825745,0.09761689476089064,0.08,100.0,100.0,0.5,55.0,0.08,-0.5318948168466725,1.5681889096488504,0.0048,0.0029,0.0187,0.0205
301,1763355106.124775,-0.043470563155011396,0.03526695890690558,0.36223327238855646,-0.0031797746696390072,0.017863795202967332,-0.018052958951877453,0.18778822421780977,-0.002320529625630652,-0.064,-0.232,1.141,0.997,-0.01,0.073,-0.015,0.012,-0.117,0.081,0.0,0.0,-0.014,-0.017,-0.26,1.303,0.999,0.002,0.001,-0.038,0.006,-0.053,-0.014,0.3,0.1,0.2,-0.06160780281695279,-0.2500360709215648,1.1573160976137655,0.9998723220675547,-0.010997068924607445,-0.0009231216231698407,-0.011556465063867429,0.013782370886193118,-0.060379490749937606,0.05068755338161238,0.0,0.0,0.0037614496687346523,-0.048421460355771336,-0.20241378650380776,1.1260324383092077,0.999837595308459,-0.013980253417308809,0.0002627074249280051,-0.011369542954534436,0.021087308101213686,-0.028303819060136324,0.03673659341403262,0.0,0.0,0.005762763515024343,0.0,0.0,1.0,1.0,0.0,0.0,0.0,26.115105921175658,0.09761546259719862,0.08,100.0,100.0,0.5,55.0,0.08,-0.5357551800677833,1.5686522716060656,0.0035,0.0025,0.0136,0.0138
302,1763355106.22086,-0.03802701191035629,0.03703030221081319,0.35491304993442974,-0.003223777249326863,0.010916295040146275,0.02204182610962758,0.099236364875075,-0.0014124283995539094,-0.065,-0.237,1.149,0.997,-0.011,0.074,-0.015,-0.036,-0.091,0.167,0.0,0.0,-0.0,-0.019,-0.262,1.305,0.999,-0.008,0.002,-0.042,-0.017,-0.044,-0.005,0.0,-0.4,-0.0,-0.07194451406965502,-0.24926678726081886,1.1779783776557538,0.9998415476329937,-0.0139803453093794,0.0002577708940131227,-0.011016493364807525,-0.02928598543601381,-0.02920686273446446,0.11387183302387921,0.0,0.0,0.005099978263397386,-0.050750468192037046,-0.20961143467277688,1.1355471181869776,0.9998239271710548,-0.014862582624835087,-0.001566085650067792,-0.011347496186638302,0.011844105443156514,-0.022403021738364483,0.0589110412196099,0.0,0.0,0.0058452383271225036,0.0,0.0,1.0,1.0,0.0,0.0,0.0,26.131635741345814,0.09759445073113207,0.08,100.0,100.0,0.5,55.0,0.08,-0.5388319741734574,1.5706629056655852,0.0117,0.0037,0.0275,0.0198
303,1763355106.2608585,-0.03618291108582039,0.0404631502412191,0.3721296853250322,-0.0033109887429610377,-0.005039625343704113,0.031050603481084474,0.21917557067842336,-0.001644973936668447,-0.07,-0.243,1.151,0.997,-0.014,0.077,-0.015,-0.066,-0.097,0.032,0.0,0.0,-0.011,-0.019,-0.264,1.303,0.999,-0.012,-0.013,-0.04,-0.003,-0.034,-0.043,-0.1,-0.3,-0.0,-0.0822147575382371,-0.2561271129184417,1.1480643138518722,0.9998232326981117,-0.01486267818541249,-0.001565178488307886,-0.011408521839140283,-0.05374927506832623,-0.034765360520977916,-0.05173569529765069,0.0,0.0,0.004246843897417743,-0.05481640403793024,-0.216893399879601,1.1396664088843358,0.9997642371379128,-0.018181536657527027,0.0038566376290228906,-0.011226228708544526,0.002023406634054172,-0.01701116960425245,0.019797843431343956,0.0,0.0,0.005323300399628824,0.0,0.0,1.0,1.0,0.0,0.0,0.0,26.133686475793684,0.09759064309823916,0.08,100.0,100.0,0.5,55.0,0.08,-0.5422298667290403,1.5734775889257206,0.0059,0.0037,0.0127,0.0137
304,1763355106.331539,-0.038200459152294454,0.037136516626090785,0.3705949607730694,-0.0033573728917115466,-0.023656331989552942,-0.0014594867351843694,0.13187500923707282,-0.0014735415223629325,-0.071,-0.251,1.152,0.997,-0.015,0.078,-0.015,-0.026,-0.123,0.007,0.0,0.0,0.009,-0.02,-0.265,1.296,0.999,-0.008,-0.007,-0.042,-0.003,-0.023,-0.083,0.1,-0.5,-0.0,-0.07469246871299325,-0.2692793651255209,1.1482308294780268,0.9997717670252783,-0.01818420135758511,0.0038440538520413637,-0.010534321531176982,-0.009743943147456798,-0.06255282952964307,-0.02847449674986123,0.0,0.0,0.0060888393415914075,-0.05713055358827704,-0.22522230697279358,1.1412865420062899,0.9997874069223878,-0.01695546897738583,0.0032877828533493425,-0.011262482633681173,0.0016200524482236096,-0.014445122057377215,0.007620673348275275,0.0,0.0,0.005545347264339081,0.0,0.0,1.0,1.0,0.0,0.0,0.0,26.13368154366398,0.09759073743812004,0.08,100.0,100.0,0.5,55.0,0.08,-0.5466794144124143,1.5746655380999868,0.0036,0.0046,0.0177,0.014
305,1763355106.3987677,-0.02997673393263611,0.037988486230293245,0.36776379576328205,-0.0033354760050089147,0.02679345391618129,0.01818604175579637,0.12481728524096447,-0.0011495304008786737,-0.074,-0.253,1.153,0.997,-0.015,0.078,-0.015,-0.046,-0.02,0.021,0.0,0.0,-0.003,-0.022,-0.265,1.289,0.999,-0.008,0.006,-0.042,-0.018,0.007,-0.096,-0.1,0.2,-0.1,-0.08154641271398812,-0.25126056787223844,1.1525182632234678,0.99979027568515,-0.01695631556222435,0.0032834139075266708,-0.011004871697478972,-0.02805814460445917,0.0359821931112869,-0.0033455696660496417,0.0,0.0,0.005165788292943074,-0.06036212322106342,-0.22861834270523793,1.143529495857509,0.9998133631378184,-0.015230252902335364,0.003944733745242122,-0.011212375451031945,-0.0016254729453596198,3.0892174140882515e-05,-0.016181352843588636,0.0,0.0,0.005594942437357018,0.0,0.0,1.0,1.0,0.0,0.0,0.0,26.139417503288865,0.09758346387824846,0.08,100.0,100.0,0.5,55.0,0.08,-0.5477351783070847,1.5765472433398868,0.0032,0.0053,0.0186,0.0137
306,1763355106.449661,-0.02786097721257133,0.02942530279439274,0.38756858787056586,-0.0033894162157842114,-0.0006624916244146531,-0.028570234843142528,0.23693538394764962,-0.0015205045557548274,-0.071,-0.255,1.141,0.997,-0.014,0.077,-0.015,0.041,-0.031,-0.18,0.0,0.0,0.013,-0.022,-0.264,1.283,0.999,-0.011,-0.018,-0.039,-0.001,0.009,-0.095,0.1,-0.7,0.0,-0.06087208440320128,-0.25569834292891014,1.1059037089219692,0.9998225320192817,-0.015233600251441241,0.003931787274158684,-0.010362573944854146,0.06029336023579516,0.021796716496863433,-0.17657460459776259,0.0,0.0,0.006507336848701571,-0.059521327378456154,-0.2321018841109591,1.1349936354552606,0.9998227893967724,-0.01410913316881215,0.0053828240184895975,-0.011240434585371977,0.00926975224450004,0.010379084350086705,-0.03289949798180219,0.0,0.0,0.00578447999915513,0.0,0.0,1.0,1.0,0.0,0.0,0.0,26.11778676979103,0.09759099687505733,0.08,100.0,100.0,0.5,55.0,0.08,-0.5494378765531299,1.5754055758085916,0.0022,0.002,0.0123,0.0086
307,1763355106.5207675,-0.02174682339624909,0.02627109866126636,0.3756010940981751,-0.0035709029273928703,0.020122902626896942,-0.00473653211773464,0.08550075158950834,-0.002178464638962373,-0.069,-0.253,1.136,0.997,-0.015,0.077,-0.015,0.039,0.032,-0.077,0.0,0.0,-0.024,-0.023,-0.262,1.276,0.999,-0.009,0.001,-0.041,-0.006,0.03,-0.073,-0.1,-0.1,-0.0,-0.059258509235117864,-0.24146132175375276,1.1206918275435085,0.9998169935196052,-0.01410641672968401,0.005389938797221614,-0.011744659902630223,0.056817599619044104,0.08044584883827331,-0.04909117029904013,0.0,0.0,0.003467956968119832,-0.05845813365372388,-0.23230201783874216,1.1310562755204026,0.9998215021278136,-0.014376121952017788,0.004832191288229763,-0.011266806462212934,0.01866166607765873,0.027654664941655693,-0.039960212186791154,0.0,0.0,0.005732123059784349,0.0,0.0,1.0,1.0,0.0,0.0,0.0,26.112502919654172,0.09758423734594253,0.08,100.0,100.0,0.5,55.0,0.08,-0.5494324660394169,1.5747398008240923,0.0072,0.0016,0.0107,0.0097
308,1763355106.589495,-0.02599271737912883,0.04178323602130747,0.36388806964170517,-0.003452037301711862,-0.02938452868799213,0.08741234879818044,0.08228528800446608,-0.0007447604693672834,-0.077,-0.254,1.137,0.997,-0.015,0.078,-0.015,-0.126,-0.026,0.023,0.0,0.0,0.016,-0.023,-0.26,1.272,0.999,-0.007,-0.016,-0.041,-0.015,0.047,-0.058,0.2,0.3,-0.2,-0.10056870516486838,-0.2546158412288623,1.143714852238595,0.9998319222695943,-0.014380784498448837,0.004818297649015166,-0.010300691999217185,-0.11333371078633943,0.01577143897164701,0.05456128935390281,0.0,0.0,0.007044199085208003,-0.06489875273145213,-0.2346477652904843,1.1317723442216823,0.9998585981266787,-0.011698912289525177,0.004752122532296266,-0.01110569830460999,0.0031621277479627723,0.03284692231139112,-0.036673592726297,0.0,0.0,0.005865665653249648,0.0,0.0,1.0,1.0,0.0,0.0,0.0,26.121226220698496,0.0976105300680218,0.08,100.0,100.0,0.5,55.0,0.08,-0.552035770242423,1.5798746030849566,0.002,0.0051,0.0127,0.0086
309,1763355106.6595402,-0.015095276643713714,0.03399668750878746,0.36999928042973323,-0.0033634569695544523,0.04473993465990227,-0.023264029054609753,0.16701408005577945,-0.0008516123273548978,-0.076,-0.249,1.136,0.997,-0.013,0.077,-0.015,0.023,0.107,-0.036,0.0,0.0,-0.007,-0.024,-0.256,1.269,0.999,0.002,0.011,-0.041,-0.035,0.062,-0.052,0.3,1.5,-0.2,-0.07037230575139129,-0.22369830725823817,1.1342860684700364,0.9998600572303253,-0.011699540273957221,0.00475057624904749,-0.010973547195443455,0.03236940754752115,0.14232881701923744,-0.01201672122054329,0.0,0.0,0.005048499894498283,-0.06471267389749265,-0.23069157084524666,1.129277642087394,0.9998809268069697,-0.010450405804774385,0.002235500815557811,-0.011132105023510542,0.009298167034288289,0.05462014644263198,-0.006636824961325135,0.0,0.0,0.0058809306921403185,0.0,0.0,1.0,1.0,0.0,0.0,0.0,26.11726930682423,0.09759537673664301,0.08,100.0,100.0,0.5,55.0,0.08,-0.5500664492737338,1.5795318193412389,0.0021,0.0017,0.0113,0.0199
310,1763355106.7332299,-0.006607411592167104,0.026610591282985933,0.3853690890286552,-0.0035543392822610584,0.03677859651634039,-0.02418172331321232,0.2155987731557596,-0.0022157079271159508,-0.071,-0.239,1.127,0.997,-0.012,0.075,-0.016,0.069,0.151,-0.135,0.0,0.0,-0.031,-0.025,-0.253,1.266,0.999,0.002,0.015,-0.044,-0.015,0.059,-0.033,0.1,0.4,-0.1,-0.056421846896117,-0.20559028604291466,1.0992765824347912,0.999872350986755,-0.010448736526824274,0.0022432900779502606,-0.011877427618751464,0.07919428448775874,0.1800342139114301,-0.14333487944963072,0.0,0.0,0.002919464599768787,-0.06206865518410538,-0.2239565098957662,1.1230022411331746,0.9999036745291505,-0.008112089751125125,0.000596524008470957,-0.011246324825450606,0.01865418190792742,0.07711312421836525,-0.020391407377766044,0.0,0.0,0.005974872549715088,0.0,0.0,1.0,1.0,0.0,0.0,0.0,26.100548106877884,0.09753779111683451,0.08,100.0,100.0,0.5,55.0,0.08,-0.5470433388272408,1.5777669013405695,0.0018,0.0019,0.0153,0.0196
311,1763355106.7920182,-0.008561787886344006,0.03647580729104335,0.3652069802197751,-0.0037213800448638004,-0.012249660817947167,0.05930505177140678,0.04370286434134501,-0.002168081043861606,-0.076,-0.228,1.127,0.997,-0.011,0.077,-0.017,-0.061,0.102,0.043,0.0,0.0,-0.024,-0.025,-0.249,1.264,0.999,-0.004,-0.004,-0.042,-0.019,0.068,-0.045,0.0,0.5,-0.0,-0.08697494936344975,-0.2049369878743189,1.1334595350088825,0.999897966360095,-0.008111792519579863,0.0006005523643111615,-0.011742871366217439,-0.04956053741135913,0.12336120806622443,0.05470034244294416,0.0,0.0,0.0036757555964127796,-0.0654053813914375,-0.2185550290437561,1.1249542844831093,0.9998912843957345,-0.008459393186124117,0.004610597623443654,-0.011162456984273175,0.01011109484700823,0.08870702190649114,-0.025296108634594885,0.0,0.0,0.0058780640157261015,0.0,0.0,1.0,1.0,0.0,0.0,0.0,26.11079367939361,0.09758041767175318,0.08,100.0,100.0,0.5,55.0,0.08,-0.5467030906850839,1.580695370308654,0.0047,0.0017,0.0201,0.0075
312,1763355106.8523843,-0.002437257404594082,0.034145842970529236,0.36899867929602204,-0.0037386601203131557,0.02741198195137062,0.00202860613157068,0.1559111129636503,-0.0014819178940706985,-0.076,-0.219,1.127,0.997,-0.01,0.077,-0.018,0.001,0.176,-0.005,0.0,0.0,-0.034,-0.026,-0.245,1.261,0.999,-0.001,0.005,-0.044,-0.016,0.067,-0.026,-0.0,0.1,-0.1,-0.07461205782477706,-0.18201826278270483,1.1280776468996792,0.9998813783021646,-0.008455449293531616,0.004617826411555887,-0.012017087044746229,0.010839559191390433,0.1879262948497419,0.008144160460964521,0.0,0.0,0.0030890370260594374,-0.06599730605344906,-0.2094689867895663,1.1243350754055386,0.999918375080397,-0.0051007322943456635,0.0032280898947342736,-0.011260778937160409,0.012706634935285153,0.10736012750207065,-0.02259798334227019,0.0,0.0,0.00570449267536561,0.0,0.0,1.0,1.0,0.0,0.0,0.0,26.113720000893448,0.09759295127349707,0.08,100.0,100.0,0.5,55.0,0.08,-0.5440024047964097,1.581388315686591,0.0034,0.0056,0.0093,0.0083
313,1763355106.922757,-0.004445414202194657,0.03298817939752055,0.3758105177267194,-0.0037604710617106713,-0.010954755514725648,0.007016373248904999,0.1724336968894952,-0.001511052252105011,-0.075,-0.21,1.122,0.997,-0.008,0.075,-0.019,0.006,0.138,-0.062,0.0,0.0,-0.015,-0.026,-0.241,1.257,0.999,0.005,0.0,-0.04,-0.003,0.056,-0.094,0.5,0.3,0.2,-0.07303750594635194,-0.18170364425127578,1.112667913398671,0.9999167932181099,-0.005100281570933025,0.0032288019766265135,-0.011400377454485845,0.014388588900819461,0.1408083707806776,-0.0499465850295289,0.0,0.0,0.004788173359793784,-0.06616666782518464,-0.20159429565110035,1.1205496497988852,0.999934109932931,-0.0014062847601627223,0.0007085360851528189,-0.011370845721685284,0.013375735867280577,0.11431858513064852,-0.002884501364052803,0.0,0.0,0.005954695603548852,0.0,0.0,1.0,1.0,0.0,0.0,0.0,26.104947170846383,0.09755297060006522,0.08,100.0,100.0,0.5,55.0,0.08,-0.543043859708663,1.581835807480404,0.0045,0.0031,0.0156,0.0084
314,1763355107.0006435,-0.006719736977175443,0.029459589179216268,0.3851779874680041,-0.003735865470504609,-0.013038644200726925,-0.005272383817451207,0.18776629285394342,-0.0012871486921111903,-0.073,-0.203,1.116,0.997,-0.007,0.074,-0.019,0.039,0.129,-0.12,0.0,0.0,-0.013,-0.026,-0.237,1.256,0.999,0.002,-0.007,-0.042,0.008,0.05,-0.0,-0.4,-0.9,-0.0,-0.06432607903414735,-0.1772505433788771,1.0894238313243303,0.9999334552359846,-0.0014062440653585995,0.0007086168494139308,-0.011428273693536481,0.04847231235101743,0.12551571421776286,-0.1260647800114181,0.0,0.0,0.005005319220129184,-0.06479851035144722,-0.19402686352421733,1.1151080302187606,0.9999291711270071,-0.0006463848173266562,0.0030772498822951673,-0.011478913236304776,0.018701967767240705,0.11668208305818302,-0.032987088088396725,0.0,0.0,0.006234720360864848,0.0,0.0,1.0,1.0,0.0,0.0,0.0,26.092003634117585,0.0974952230883006,0.08,100.0,100.0,0.5,55.0,0.08,-0.5425283172413407,1.5811817604672833,0.0023,0.0026,0.0245,0.0116
315,1763355107.0591738,-0.004794887638890849,0.03649602417109742,0.36929598913923367,-0.0037650170083569747,0.007104345324982176,0.04622952090161185,0.06503175365664957,-0.0015467072407010572,-0.076,-0.193,1.116,0.997,-0.006,0.074,-0.02,-0.049,0.158,-0.005,0.0,0.0,-0.02,-0.026,-0.233,1.254,0.999,0.0,-0.015,-0.042,0.002,0.043,-0.028,-0.1,-0.7,0.1,-0.08474227247721769,-0.16195275558699013,1.116024378835716,0.999925518713552,-0.0006454188577576635,0.0030774526264764554,-0.01179278360964829,-0.039545227168941724,0.15122998453656125,0.02846064621450376,0.0,0.0,0.004394515174572074,-0.0673870973832341,-0.18495822123697142,1.1143016253202855,0.9999279667389308,0.0017418035766862757,0.002710384910952982,-0.011562061549851668,0.011966053926113806,0.12111585895103513,-0.031604353303602464,0.0,0.0,0.006313369821707586,0.0,0.0,1.0,1.0,0.0,0.0,0.0,26.096071877325503,0.09751658360224394,0.08,100.0,100.0,0.5,55.0,0.08,-0.5411160165542136,1.5837364306140478,0.0023,0.0019,0.0152,0.0105
316,1763355107.1290224,-0.005951438763199757,0.033363810479743995,0.37531159235455996,-0.0037355158791621632,-0.007580838486128613,-0.0019750593926056333,0.16856401200384402,-0.0012643757321598097,-0.076,-0.184,1.112,0.997,-0.004,0.074,-0.02,0.013,0.136,-0.062,0.0,0.0,-0.007,-0.027,-0.23,1.252,0.999,0.003,-0.011,-0.041,0.013,0.038,0.012,-0.1,-1.0,0.0,-0.07253749076114926,-0.1575828036789555,1.1034960083799894,0.9999298392074065,0.0017413614906711412,0.0027106689624678054,-0.011398973488210758,0.021275521781651454,0.12822221123686653,-0.032145581739062075,0.0,0.0,0.005511848735657972,-0.06727261378375131,-0.17674750055509247,1.1106274251736288,0.9999271595440901,0.0019728191866234695,0.002426486005458663,-0.011657433517293715,0.014480628702823488,0.12058422166415067,-0.027359156464987613,0.0,0.0,0.006431628576774755,0.0,0.0,1.0,1.0,0.0,0.0,0.0,26.090952129404716,0.09748752137408467,0.08,100.0,100.0,0.5,55.0,0.08,-0.5405139241958592,1.583945923622995,0.0023,0.0018,0.0217,0.0101
317,1763355107.187688,-0.012679930536402366,0.032057203845356194,0.36802864538069874,-0.003762385967056945,-0.035874248402212955,0.005978395757964964,0.10432711226365386,-0.001535168894159721,-0.075,-0.18,1.112,0.997,-0.004,0.074,-0.021,0.013,0.068,0.01,0.0,0.0,-0.013,-0.027,-0.227,1.253,0.999,0.005,-0.011,-0.042,0.0,0.035,0.019,-0.2,-0.3,-0.1,-0.07162056397369755,-0.16714389909522598,1.1176514799857118,0.9999264869901426,0.0019729588302705337,0.0024263724635459317,-0.011714980395814867,0.021678561016682443,0.06035139286190164,0.036989817357645026,0.0,0.0,0.004980228837663562,-0.0670246486226719,-0.17175770296021375,1.1102154579527685,0.9999288815924887,0.001626002181780425,0.0012571436396674068,-0.011747657807782322,0.015825466307344143,0.11068071371548767,0.0009887013830935875,0.0,0.0,0.0064207620962953155,0.0,0.0,1.0,1.0,0.0,0.0,0.0,26.092311312105206,0.09749523094238989,0.08,100.0,100.0,0.5,55.0,0.08,-0.5423490427315067,1.5841125916562317,0.002,0.0018,0.0098,0.0145
318,1763355107.2506502,-0.01595590631909012,0.028500356214594097,0.3773189091452723,-0.0037407654146032645,-0.02113485286458967,-0.005762786711801904,0.1844620608406301,-0.0013027919753779516,-0.072,-0.176,1.109,0.997,-0.004,0.073,-0.021,0.043,0.057,-0.044,0.0,0.0,-0.008,-0.029,-0.224,1.252,0.999,0.005,-0.0,-0.044,-0.026,0.047,-0.006,-0.2,0.8,-0.1,-0.06247432067362445,-0.16534610266341196,1.099368763619699,0.9999303618787354,0.0016258429011944198,0.0012573496278070909,-0.011620976716069372,0.05237797108588953,0.05069030738209804,-0.050085964658755526,0.0,0.0,0.005425656257537304,-0.06530212836873033,-0.16749298080164798,1.1082869378670697,0.9999223469712436,0.002254421500217693,0.0031345686342898913,-0.011848716837542855,0.02174896613259958,0.1005375556322626,-0.012165216867095572,0.0,0.0,0.006478055533650154,0.0,0.0,1.0,1.0,0.0,0.0,0.0,26.08751789320686,0.09747204220891195,0.08,100.0,100.0,0.5,55.0,0.08,-0.5441769462664888,1.5833281227891591,0.0021,0.0056,0.0096,0.0087
319,1763355107.317837,-0.017019696071228774,0.03428136547119977,0.3755220551491015,-0.0036978006297520433,-0.011302413630352068,0.039592679863501144,0.13251032094862306,-0.0011879631062201171,-0.074,-0.173,1.107,0.997,-0.003,0.073,-0.021,-0.032,0.057,-0.04,0.0,0.0,-0.009,-0.029,-0.222,1.251,0.999,0.008,0.006,-0.042,-0.011,0.034,-0.021,0.1,0.3,-0.1,-0.07941329305944175,-0.16216008155948938,1.0998319669465828,0.9999233983429717,0.0022541423024590953,0.003134769417992685,-0.011759656007678941,-0.02355916807784091,0.054669944658071894,-0.025802763851874973,0.0,0.0,0.005320318356025483,-0.06692119173418083,-0.1635188702193783,1.1060181204108066,0.9999235176198591,0.002069565358600914,0.002509423524950603,-0.01193225056416096,0.016943150923616156,0.09153294234696639,-0.00882409934869303,0.0,0.0,0.006458896651594444,0.0,0.0,1.0,1.0,0.0,0.0,0.0,26.08279584713032,0.09745131362790244,0.08,100.0,100.0,0.5,55.0,0.08,-0.5456864187999032,1.5852734252662095,0.002,0.0018,0.0117,0.0111
320,1763355107.402512,-0.022062788362086826,0.03641503611002448,0.3659817795816524,-0.0037143640579032776,-0.031597847481001064,0.02352386524582348,0.09311939284366776,-0.00146949237691319,-0.076,-0.172,1.111,0.997,-0.004,0.074,-0.021,-0.027,0.003,0.048,0.0,0.0,-0.005,-0.029,-0.221,1.253,0.999,-0.002,-0.016,-0.043,0.008,0.017,0.024,-0.3,-0.9,0.0,-0.08067484390516619,-0.17136708374249732,1.1204072023676945,0.9999262990524381,0.0020689745217520495,0.002509910681565645,-0.011696843851782265,-0.020305775963927884,0.006606332206490904,0.05850594930037441,0.0,0.0,0.0056027106495881605,-0.06843951572664606,-0.1622653314072694,1.1083590105082182,0.9999258351617724,3.587046463596153e-05,0.0020317745275424148,-0.01200811315782138,0.012794265556518367,0.07766698795092386,-0.0076958676975614915,0.0,0.0,0.006505811400749765,0.0,0.0,1.0,1.0,0.0,0.0,0.0,26.09117020682887,0.09748926301238196,0.08,100.0,100.0,0.5,55.0,0.08,-0.5488032910426093,1.5868235156567059,0.0021,0.0018,0.0225,0.0178
321,1763355107.467586,-0.027796189908704166,0.030275719741812025,0.37752723273531474,-0.0036950365771161444,-0.036940553368869276,-0.01704094329980306,0.19497043311143122,-0.001296249117778066,-0.073,-0.175,1.107,0.997,-0.005,0.073,-0.021,0.042,-0.045,-0.059,0.0,0.0,0.012,-0.029,-0.219,1.254,0.999,-0.0,-0.02,-0.041,-0.012,0.019,-0.004,0.4,-0.1,-0.1,-0.0639924119477481,-0.1833485910516857,1.0974849150276629,0.9999357418879737,3.413232333837477e-05,0.00203180447029406,-0.011152699248462695,0.04943095306634449,-0.03567966439952653,-0.05024704877919287,0.0,0.0,0.007027416113667336,-0.06675240367779425,-0.16366480355524982,1.1052722988097954,0.9999253940384623,-0.001501222026226141,0.0008966560449852806,-0.012089197549498127,0.018068028852658673,0.06094256312631577,-0.0037663040275246733,0.0,0.0,0.006576492579439966,0.0,0.0,1.0,1.0,0.0,0.0,0.0,26.082885674186155,0.09745716408432982,0.08,100.0,100.0,0.5,55.0,0.08,-0.5530978402715739,1.5858580471995298,0.0023,0.0052,0.0215,0.0121
322,1763355107.5250306,-0.03376617610646785,0.03363028880445677,0.3718662711929388,-0.003467626427578737,-0.04027350220458248,0.02812624021640324,0.11326790456386335,-0.00024858796873151735,-0.075,-0.181,1.107,0.997,-0.007,0.073,-0.019,-0.017,-0.085,0.001,0.0,0.0,0.034,-0.03,-0.216,1.253,0.999,-0.004,0.001,-0.043,0.003,0.022,-0.003,-0.1,-0.4,0.1,-0.0775659027535325,-0.19683513612826614,1.1072673937461384,0.9999440844811253,-0.0015027084131247607,0.0008941627705061477,-0.010429297750531067,-0.0078005782114181806,-0.06935784244271911,0.009092725663117992,0.0,0.0,0.008847448993615855,-0.06777084742767456,-0.16743433354217765,1.1052125185562318,0.9999215046038727,-0.0023088498044213854,0.0022621556571338327,-0.012105225941341478,0.01462103733119106,0.04207706117598775,0.0025618824535959244,0.0,0.0,0.006667711090088031,0.0,0.0,1.0,1.0,0.0,0.0,0.0,26.082627600167463,0.0974572579886523,0.08,100.0,100.0,0.5,55.0,0.08,-0.5582612159372629,1.5870199389527886,0.0048,0.0049,0.0122,0.0097
323,1763355107.580373,-0.02515883377218912,0.035247950908781356,0.3722714508362581,-0.003457798089586425,0.030374395631468213,0.020699668823294184,0.14147574991394868,-0.0012512182203804631,-0.076,-0.18,1.107,0.997,-0.007,0.073,-0.02,-0.02,0.02,0.002,0.0,0.0,-0.006,-0.03,-0.215,1.253,0.999,-0.004,-0.006,-0.044,-0.013,0.039,-0.005,-0.3,0.6,-0.1,-0.07896245740221751,-0.1741527417179224,1.1064495672172632,0.9999237815795236,-0.002309278629194361,0.0022617178977992567,-0.01191565760119686,-0.010174767593125812,0.04360705158614612,0.002591149212100524,0.0,0.0,0.005228214719585548,-0.06899603301982739,-0.16677418678388808,1.1055787144579334,0.99991102003221,-0.004405391165639833,0.003246120647500641,-0.01216582293003634,0.012524682491509474,0.042135174567832105,-0.008095325424670032,0.0,0.0,0.00654456664576967,0.0,0.0,1.0,1.0,0.0,0.0,0.0,26.084154162640836,0.09746241125955386,0.08,100.0,100.0,0.5,55.0,0.08,-0.5592603094212119,1.5883426419780167,0.0021,0.0018,0.0101,0.0085
324,1763355107.6596243,-0.027560578717569787,0.04072658691470758,0.36374283162895205,-0.003511060722896585,-0.021443287391474233,0.04061116162042415,0.09695869802706673,-0.0015629874501457085,-0.081,-0.184,1.112,0.997,-0.009,0.075,-0.019,-0.069,-0.045,0.064,0.0,0.0,0.006,-0.029,-0.212,1.253,0.999,-0.009,-0.017,-0.04,0.014,0.036,0.022,-0.3,-0.3,0.1,-0.09385356499748972,-0.19022995086845682,1.1266222312727456,0.9999183442206343,-0.004407395487421061,0.0032433987725668184,-0.011548165243225961,-0.05927321311140758,-0.014434908015824156,0.07688381873800969,0.0,0.0,0.006141689930559919,-0.07259898849491175,-0.1692612670950713,1.1084070928462442,0.999900699575104,-0.0068327485728813565,0.0016238325536120795,-0.012217516277671439,0.003373349787106534,0.03574042368261744,0.013869925952391376,0.0,0.0,0.006523653777038636,0.0,0.0,1.0,1.0,0.0,0.0,0.0,26.091707064608862,0.09748408444966063,0.08,100.0,100.0,0.5,55.0,0.08,-0.562565391994011,1.5911483111867164,0.0021,0.0053,0.0136,0.0141
325,1763355107.7222664,-0.03211297808783686,0.042285727181289215,0.36676506387994084,-0.0034902831300676483,-0.033097213870424066,0.023068171425923528,0.1515147231158011,-0.0012127598069415371,-0.085,-0.189,1.116,0.997,-0.01,0.076,-0.019,-0.061,-0.086,0.055,0.0,0.0,0.023,-0.03,-0.209,1.253,0.999,-0.004,-0.011,-0.043,0.014,0.034,-0.01,0.3,-0.6,-0.0,-0.096235584940088,-0.2028942951816101,1.1261939160197678,0.9999149648493978,-0.006834739851529149,0.0016154307116994652,-0.010988165679733097,-0.04939496008312893,-0.05322967327585876,0.03918267698201094,0.0,0.0,0.007591713654387085,-0.07607946238576449,-0.17383650914459436,1.1115604428558736,0.9998771091458423,-0.009474842520252104,0.0023101371387013172,-0.012274250762060155,-0.0038171730085696538,0.027114582538925496,0.019036274369757383,0.0,0.0,0.006332881269712687,0.0,0.0,1.0,1.0,0.0,0.0,0.0,26.09711733958747,0.0974952165540531,0.08,100.0,100.0,0.5,55.0,0.08,-0.5670601453843241,1.593350569305513,0.0052,0.0034,0.0134,0.0084
326,1763355107.7981114,-0.03186746124048398,0.04131077222338721,0.36878177323467476,-0.0034460415133880503,-0.010814782546174401,0.010982372903473432,0.14762044572864724,-0.0010876480903773784,-0.088,-0.193,1.118,0.997,-0.011,0.077,-0.018,-0.047,-0.066,0.041,0.0,0.0,0.023,-0.029,-0.206,1.251,0.999,-0.008,-0.011,-0.042,0.003,0.053,-0.041,-0.0,0.1,0.0,-0.09606401791022003,-0.20292842554728222,1.1243687939989053,0.9998914792254759,-0.00947768288023615,0.0022984563526121013,-0.011041757011749876,-0.0308749622072775,-0.03293836069585206,0.0192617468062558,0.0,0.0,0.007591519358261225,-0.07907742097389299,-0.17765413299894747,1.11406329910946,0.9998897391978879,-0.007771407330098746,0.0029241765863227917,-0.012311127737998312,-0.00726454115265579,0.02263699017378959,0.02357912001069305,0.0,0.0,0.006279445424671816,0.0,0.0,1.0,1.0,0.0,0.0,0.0,26.099737874785074,0.09749836754602144,0.08,100.0,100.0,0.5,55.0,0.08,-0.5705945226693337,1.5949011873661998,0.0021,0.0034,0.0153,0.0175
327,1763355107.8664336,-0.02356938802100903,0.031374604453866306,0.38267922145375527,-0.003572725212377728,0.02954006813219324,-0.03418929926383431,0.20778040605840592,-0.001925684062468905,-0.085,-0.192,1.113,0.997,-0.011,0.076,-0.018,0.046,0.016,-0.079,0.0,0.0,0.001,-0.028,-0.202,1.247,0.999,-0.001,0.006,-0.043,0.016,0.063,-0.07,0.4,0.4,0.0,-0.07396042656790446,-0.18554581697001893,1.093679734616228,0.99989490925059,-0.0077726563155498946,0.002920855080049893,-0.011883807224798627,0.06656937956622874,0.05057706776929409,-0.1038229534723572,0.0,0.0,0.0056982117260313365,-0.07777475921202458,-0.1777246562147068,1.1111113591595883,0.999876535316773,-0.008350782533365802,0.004985369146715379,-0.012341987217512024,0.004332156607031674,0.02949360735507072,-0.0043118632572918154,0.0,0.0,0.006215920579193438,0.0,0.0,1.0,1.0,0.0,0.0,0.0,26.08866509747145,0.09749713408077132,0.08,100.0,100.0,0.5,55.0,0.08,-0.5711869897348283,1.5933996582496623,0.0058,0.0026,0.0159,0.016
328,1763355107.9419441,-0.020216054324687184,0.03680083316307738,0.3724283049890243,-0.003706719454885738,0.007928147973730842,0.03889662021625525,0.09225012572150282,-0.0020097431671816995,-0.087,-0.191,1.113,0.997,-0.012,0.078,-0.018,-0.053,0.018,-0.011,0.0,0.0,-0.019,-0.027,-0.198,1.244,0.999,-0.011,-0.001,-0.043,0.036,0.084,-0.03,-0.6,-0.3,-0.1,-0.09534319657968741,-0.18376659110238405,1.109624140667631,0.9998727038746931,-0.008349253471775753,0.004987929521618113,-0.012648579835768043,-0.03134985560277399,0.054428525531229024,0.0011253777564083928,0.0,0.0,0.0041515831960202065,-0.08071733776952116,-0.17752202659764754,1.1106969522349905,0.9998568084578381,-0.009904299173892583,0.00599184499594785,-0.012343631229285461,0.002186735366631904,0.03704921290324832,-0.011656803908848126,0.0,0.0,0.006061409957179998,0.0,0.0,1.0,1.0,0.0,0.0,0.0,26.088764237964714,0.09749787401630203,0.08,100.0,100.0,0.5,55.0,0.08,-0.5720431752697852,1.5955478912778374,0.0051,0.0026,0.0222,0.0204
329,1763355108.008953,-0.02112344825155101,0.03777530153797099,0.3732533942242271,-0.0037469578259463213,-0.012117990006076829,0.018672654310622046,0.14378606054689863,-0.0015912116508850721,-0.09,-0.191,1.111,0.997,-0.013,0.079,-0.018,-0.038,-0.005,-0.028,0.0,0.0,0.001,-0.025,-0.193,1.241,0.999,-0.007,-0.005,-0.044,0.037,0.09,-0.048,0.2,-0.2,-0.1,-0.09548559416181628,-0.188334605350516,1.1067756259328922,0.9998620562711924,-0.00990689108159384,0.005987558574149484,-0.011910964720012795,-0.019334832334080215,0.02852575566701176,-0.009296744259360614,0.0,0.0,0.006020537893599376,-0.08306825333322769,-0.17817173529348024,1.1092501295891692,0.9998518894897223,-0.010269682006825341,0.006123962251701097,-0.012378602572614734,0.0029639953387031242,0.04136807364598723,-0.017552145927606955,0.0,0.0,0.006039897155655331,0.0,0.0,1.0,1.0,0.0,0.0,0.0,26.08714379825562,0.09749713082780194,0.08,100.0,100.0,0.5,55.0,0.08,-0.5738986140512594,1.5971392874679706,0.0044,0.0031,0.0241,0.0179
330,1763355108.0533934,-0.0188862813613908,0.03104447987959403,0.379498013001948,-0.003798651904173719,0.0032645413564694357,-0.019488370215145732,0.17119311672268966,-0.0016635795758668602,-0.087,-0.19,1.105,0.997,-0.014,0.079,-0.018,0.037,0.024,-0.089,0.0,0.0,-0.004,-0.023,-0.187,1.239,0.999,-0.006,0.002,-0.043,0.049,0.102,-0.019,-0.3,-0.1,0.1,-0.07793493026461178,-0.18206070968050872,1.0909762592608536,0.999855115956859,-0.010271295019458922,0.006121256472719508,-0.012115189338777314,0.053041195013029264,0.05203019374605261,-0.06179612907383127,0.0,0.0,0.005714236646136563,-0.08177437912919726,-0.17735339301981592,1.1043147450684012,0.9998852122648623,-0.00795694016798403,0.0032465584709109527,-0.012478351466009424,0.012593786920237295,0.04823393222883868,-0.007487200857603425,0.0,0.0,0.006161728392765204,0.0,0.0,1.0,1.0,0.0,0.0,0.0,26.074930972295743,0.09748478436900104,0.08,100.0,100.0,0.5,55.0,0.08,-0.5748714052099142,1.5962555352630594,0.0039,0.0019,0.0097,0.0133
331,1763355108.1341562,-0.00856290601165708,0.029225693044677585,0.3712365003568553,-0.003882609735352773,0.04453452123814703,0.002547745780265509,0.10100419165026699,-0.0018442836199604132,-0.085,-0.181,1.105,0.997,-0.014,0.078,-0.019,0.035,0.126,0.001,0.0,0.0,-0.017,-0.02,-0.181,1.236,0.999,-0.005,-0.003,-0.044,0.046,0.089,-0.04,0.0,-0.3,-0.0,-0.07650165801880407,-0.15332473638084584,1.105544235688414,0.9998826476212487,-0.007956278151596009,0.0032481805239791433,-0.012682190157068216,0.04962484266437194,0.14909520963558606,0.01828291101003588,0.0,0.0,0.004715005867347054,-0.08034252933234044,-0.1714305742719883,1.104238234012019,0.99989232881606,-0.006424269600549458,0.004126054170966099,-0.01253136911409015,0.01954305252094966,0.06608124526601586,-0.007502897539830303,0.0,0.0,0.006286699362611246,0.0,0.0,1.0,1.0,0.0,0.0,0.0,26.076365013842082,0.09748599449333718,0.08,100.0,100.0,0.5,55.0,0.08,-0.5726647225570437,1.5958149733856306,0.0038,0.0028,0.0177,0.0172
332,1763355108.1907735,-0.008722363741979607,0.031590525595359006,0.372579132554697,-0.003939017169459703,-0.004008378405984031,0.022783797645161183,0.14592684862302896,-0.0017380158212919408,-0.085,-0.176,1.104,0.997,-0.013,0.079,-0.019,0.003,0.086,-0.013,0.0,0.0,-0.004,-0.016,-0.174,1.234,0.999,0.0,-0.005,-0.045,0.056,0.097,-0.04,0.3,0.0,-0.0,-0.08291915494743055,-0.15663856329936318,1.103136551482211,0.9998957702420774,-0.006425415164580252,0.004124269982078377,-0.01225369695564008,0.015194366671166288,0.10438019034609294,0.0030192280727586573,0.0,0.0,0.005921056866337868,-0.0802491696788187,-0.16693139349174857,1.103392510634535,0.999892680223447,-0.006071698633882207,0.004459303505001532,-0.012564916375412126,0.021772669916278114,0.07496882640628931,-0.005658553217532362,0.0,0.0,0.006426066088154365,0.0,0.0,1.0,1.0,0.0,0.0,0.0,26.07528491922726,0.09748481802162881,0.08,100.0,100.0,0.5,55.0,0.08,-0.5723250418505977,1.5966022459667712,0.0032,0.0019,0.0182,0.0095
333,1763355108.263744,-0.0008854308712640223,0.026172224189420144,0.3751862504677426,-0.003962353854320254,0.03591377795033557,-0.015245059931434688,0.15275276427323997,-0.001593814862850148,-0.078,-0.155,1.099,0.997,-0.012,0.077,-0.02,0.07,0.161,-0.032,0.0,0.0,-0.017,-0.012,-0.167,1.233,0.999,-0.002,-0.003,-0.044,0.059,0.112,-0.046,0.2,0.3,-0.0,-0.06296424145621181,-0.12116490871092561,1.0947581283218342,0.9998902577764021,-0.006070845289250699,0.004460465169059006,-0.012756233448385626,0.07819342480642813,0.1725698516391192,-0.016716203087847332,0.0,0.0,0.004932840151290173,-0.07672212645045791,-0.15784031183384667,1.101272793867327,0.9999025192762636,-0.0052737403061392405,0.0025531796883133096,-0.012673629379300425,0.03223782053462535,0.09315845952709173,0.0037757078241299584,0.0,0.0,0.006477281544468458,0.0,0.0,1.0,1.0,0.0,0.0,0.0,26.070005874027892,0.09747887915272378,0.08,100.0,100.0,0.5,55.0,0.08,-0.5696192688814486,1.595308924266693,0.008,0.0017,0.0148,0.0142
334,1763355108.3512452,0.00133280007272702,0.024599408947323667,0.3763863944751505,-0.004049271462596652,0.010759118143231211,0.0019505078605501786,0.14669556396244293,-0.0019204707367520841,-0.078,-0.155,1.099,0.997,-0.012,0.077,-0.02,0.07,0.161,-0.032,0.0,0.0,-0.017,-0.008,-0.159,1.231,0.999,-0.006,-0.009,-0.043,0.072,0.116,-0.024,-0.2,-0.4,0.0,-0.0633964402074687,-0.12204543871491279,1.0923462669669592,0.9999001666078601,-0.005273269678088082,0.002554151569419887,-0.012857906292871212,0.07462044671035972,0.16391489881048726,-0.025397546989047625,0.0,0.0,0.004989852116849613,-0.07323711273655437,-0.1490156563500244,1.0997578209084684,0.9999157322012673,-0.0017744306430947487,0.0014157968047522121,-0.012781839136217943,0.03928974342857291,0.10568938189269982,-0.0039677846895922585,0.0,0.0,0.006588543488545437,0.0,0.0,1.0,1.0,0.0,0.0,0.0,26.065907338965378,0.09747532853461886,0.08,100.0,100.0,0.5,55.0,0.08,-0.5674787026495686,1.594311206741147,0.0082,0.0033,0.0269,0.0215
335,1763355108.4028852,-0.0004842839690239447,0.02173248332433431,0.3783258684914488,-0.004028619169652999,-0.008585620181482193,-0.005109849759700426,0.150842268009673,-0.0014152153337554773,-0.074,-0.148,1.096,0.997,-0.011,0.077,-0.02,0.095,0.141,-0.057,0.0,0.0,-0.003,-0.003,-0.152,1.229,0.999,0.002,-0.014,-0.045,0.073,0.099,-0.027,0.2,-0.6,-0.2,-0.05463283727786002,-0.11988699155895435,1.0857009038235663,0.9999199469106491,-0.001774903573555574,0.0014152038736803508,-0.012447758252203206,0.09634347951494822,0.1355477449854823,-0.03875762406286004,0.0,0.0,0.006277622963054546,-0.06852288375597712,-0.14092326849851083,1.096812845954337,0.9999152794236476,-0.0006841341267508405,0.0017364375581261243,-0.012882186158881044,0.04849879566781088,0.11127251487603447,-0.009931759153834652,0.0,0.0,0.006754255411823237,0.0,0.0,1.0,1.0,0.0,0.0,0.0,26.058913270953134,0.09746962436143516,0.08,100.0,100.0,0.5,55.0,0.08,-0.5663045924320713,1.5927048404498767,0.0035,0.0049,0.0176,0.0181
336,1763355108.4498312,0.00787137146981197,0.021968867527340164,0.37233052801763,-0.004157420194606505,0.04159667070579559,0.009331602261654632,0.11189549831519974,-0.0021547373133874027,-0.065,-0.114,1.096,0.997,-0.007,0.076,-0.023,0.081,0.223,-0.008,0.0,0.0,-0.029,0.001,-0.145,1.226,0.999,-0.0,-0.005,-0.044,0.071,0.111,-0.038,-0.1,-0.0,0.1,-0.04883152160552107,-0.0702808578789311,1.096455179117569,0.9999071749415809,-0.0006830670095266915,0.001736857609924433,-0.013496601255508311,0.07789587845206246,0.21085785836308407,0.018904799232921682,0.0,0.0,0.0041065938670700386,-0.06387896586546464,-0.12727050183284194,1.09605072636611,0.9999121108841015,0.0021758358716338234,-2.3173793389729416e-05,-0.013078062109325151,0.05373589179861206,0.12628083363529835,-0.004046605077192584,0.0,0.0,0.00671728481311224,0.0,0.0,1.0,1.0,0.0,0.0,0.0,26.058481778476867,0.09746848730089083,0.08,100.0,100.0,0.5,55.0,0.08,-0.5623303727798774,1.5918991522607768,0.0023,0.0028,0.0095,0.01
337,1763355108.5152843,0.0046326229013556475,0.017364382918103036,0.37871924330328943,-0.0041606279553088035,-0.013241978541102123,-0.014784097723433065,0.17156752443490816,-0.0015750713764889337,-0.056,-0.104,1.092,0.997,-0.006,0.074,-0.023,0.13,0.158,-0.06,0.0,0.0,-0.013,0.006,-0.138,1.226,0.999,0.001,-0.008,-0.044,0.076,0.111,-0.0,-0.1,-0.1,0.0,-0.03053882410953424,-0.0739081132778939,1.0823995308365317,0.9999118254712884,0.002175835365797888,-2.322123880764471e-05,-0.013099865797434962,0.12249415180746942,0.1403154124459294,-0.03952272581565231,0.0,0.0,0.005602612683645612,-0.056714852520788984,-0.11634076199536775,1.0928685002293246,0.9999039518211817,0.003926646336386141,-0.0009803964320657737,-0.013255466938919954,0.0636698587801201,0.12758797803822322,-0.0048872006914803,0.0,0.0,0.006874318396669689,0.0,0.0,1.0,1.0,0.0,0.0,0.0,26.050256532052003,0.09746166660690249,0.08,100.0,100.0,0.5,55.0,0.08,-0.5608835100486856,1.5895292135461758,0.002,0.0034,0.0107,0.008
338,1763355108.602566,0.006690558209361989,0.022243375976976957,0.3749007693546967,-0.004263074344115027,0.012026910128040077,0.030906608888658246,0.12292734649576978,-0.0020724674272719176,-0.053,-0.094,1.091,0.997,-0.005,0.074,-0.024,0.064,0.194,-0.024,0.0,0.0,-0.023,0.011,-0.131,1.224,0.999,0.008,-0.007,-0.042,0.075,0.094,-0.059,0.5,0.4,0.2,-0.041130099583713706,-0.05714716513538043,1.0882662101339666,0.9998987869083202,0.003926269495993674,-0.0009819045065033527,-0.013639509179388488,0.05252979799179137,0.17166274367689532,0.0006073116322457038,0.0,0.0,0.004806272587462354,-0.05245192924424483,-0.10392396358847755,1.0913562229567237,0.9998986581561565,0.004045318559553965,-0.002368944106098922,-0.01344235541457059,0.06158353934907586,0.13282811836704905,0.0023689070012137955,0.0,0.0,0.006854841098257069,0.0,0.0,1.0,1.0,0.0,0.0,0.0,26.046324827526558,0.09745906838189829,0.08,100.0,100.0,0.5,55.0,0.08,-0.5583426425047175,1.5895902249395195,0.0021,0.0019,0.0109,0.0298
339,1763355108.6639323,0.007370178991928937,0.0176410009453591,0.3832895451279955,-0.004296809588873364,0.005907063241345493,-0.014670609166722921,0.1825316673745052,-0.0017673291028348207,-0.046,-0.084,1.086,0.997,-0.004,0.072,-0.025,0.133,0.19,-0.091,0.0,0.0,-0.024,0.016,-0.125,1.224,0.999,0.006,-0.009,-0.045,0.062,0.09,0.014,-0.2,0.1,-0.1,-0.020697169566057723,-0.048439829409169834,1.069016363762833,0.999893043136817,0.004044343596324827,-0.002370608213298639,-0.013853728312959905,0.11865909981958658,0.16383469033936485,-0.07292791408603234,0.0,0.0,0.004863241641117519,-0.04509046923654267,-0.09171316772579571,1.0869803087926426,0.9998792253259532,0.006870886569799228,-0.002743434731710098,-0.01366745203721469,0.06858969791583407,0.13504204012787072,-0.011818680140208723,0.0,0.0,0.0069945477952662715,0.0,0.0,1.0,1.0,0.0,0.0,0.0,26.03443774589886,0.09745347932967068,0.08,100.0,100.0,0.5,55.0,0.08,-0.555980163832726,1.5873692634674106,0.002,0.0135,0.0145,0.0091
340,1763355108.7458858,0.011500257367259304,0.014945216588971234,0.3886073951997775,-0.004388660818219984,0.023414208998625185,-0.0068635464274296515,0.17032282978190785,-0.0020705597425606094,-0.037,-0.069,1.076,0.997,-0.002,0.069,-0.026,0.141,0.228,-0.147,0.0,0.0,-0.029,0.02,-0.12,1.225,0.999,0.006,-0.006,-0.044,0.064,0.082,0.006,-0.1,0.2,0.0,-0.01036764525512094,-0.026197188091609355,1.0498476293138448,0.9998709864772093,0.006869266550282245,-0.0027474885701990032,-0.014257450147567323,0.12463651719444421,0.19891866440187794,-0.10587992971714946,0.0,0.0,0.004514665047534105,-0.03710615597675883,-0.07764166395606337,1.0792679541646713,0.999871053318609,0.006674726198798173,-0.004378911552692263,-0.013933768310117464,0.07451948707952037,0.1409861105772412,-0.019731088324935926,0.0,0.0,0.007012075768554787,0.0,0.0,1.0,1.0,0.0,0.0,0.0,26.01516894450725,0.09744203035610152,0.08,100.0,100.0,0.5,55.0,0.08,-0.5523518658556325,1.5851258438299853,0.0118,0.0028,0.0252,0.0133
341,1763355108.80971,0.007529181376128652,0.014895754338900946,0.3833698480530328,-0.004415871764013539,-0.015542783442931021,0.005357144970512781,0.11954003746619304,-0.00178180253580027,-0.029,-0.059,1.07,0.997,-0.001,0.067,-0.026,0.128,0.165,-0.102,0.0,0.0,-0.016,0.024,-0.116,1.226,0.999,0.007,-0.002,-0.045,0.06,0.075,0.032,-0.2,0.2,-0.1,-0.005091520667348685,-0.028970670848463918,1.053125255696269,0.9998695879923025,0.006674267384308985,-0.004379610838644655,-0.014038524562354191,0.10935416362845655,0.13325774814791505,-0.04624844575503144,0.0,0.0,0.005737460482893196,-0.029577972019150304,-0.06642450517359252,1.0736572017964996,0.9998657286960675,0.007555951795757677,-0.003413734457057826,-0.014134305380837937,0.07768808094212525,0.1369191263733454,-0.02870864347839809,0.0,0.0,0.007200417874841704,0.0,0.0,1.0,1.0,0.0,0.0,0.0,26.003997084947468,0.09742870060673156,0.08,100.0,100.0,0.5,55.0,0.08,-0.5510881850194181,1.583372876727979,0.0093,0.0104,0.0149,0.0165
342,1763355108.8728118,0.00037944096530158,0.021178217955917497,0.3676010407467053,-0.004424739789492672,-0.03292525903808713,0.03699822596217059,0.06491965648824954,-0.0017002920389007387,-0.024,-0.05,1.072,0.997,-0.0,0.067,-0.027,0.058,0.105,0.028,0.0,0.0,-0.01,0.029,-0.112,1.229,0.999,0.009,-0.022,-0.044,0.076,0.039,0.064,0.2,-1.1,0.1,-0.014370344396545302,-0.03232680518671697,1.0842040498897354,0.9998674300604343,0.007556364420669777,-0.003412821006902275,-0.014013433335893445,0.036169331447686436,0.07052712293583703,0.094464178099161,0.0,0.0,0.0063044050542646664,-0.02512489955904191,-0.05798859342264475,1.073861558905395,0.9998533559924294,0.008124136453259517,-0.004792549209295182,-0.014293228803930904,0.07012337680461904,0.12400407193661177,-0.00289212872193905,0.0,0.0,0.0073306076323192545,0.0,0.0,1.0,1.0,0.0,0.0,0.0,26.008613158162696,0.097436585947105,0.08,100.0,100.0,0.5,55.0,0.08,-0.5517305505893614,1.5838181265099844,0.0035,0.0177,0.0192,0.0078
343,1763355108.928278,-0.0038773388112560295,0.01492812887402436,0.3839780550928491,-0.004391201137473078,-0.021141608520799958,-0.02330861367599662,0.21973546201073363,-0.0014915841609617802,-0.016,-0.045,1.067,0.998,-0.0,0.065,-0.027,0.148,0.087,-0.097,0.0,0.0,-0.01,0.032,-0.11,1.235,0.999,0.008,-0.015,-0.044,0.056,0.041,0.113,-0.3,-0.1,0.0,0.011235969638132283,-0.031140792054048894,1.0537466680671315,0.999855161642601,0.008124744525155164,-0.004791518280843476,-0.014166355057444168,0.12475096906711942,0.05349637464367121,-0.06170119838536528,0.0,0.0,0.006336394451984265,-0.016712947428762913,-0.05079758531948037,1.0685888733513322,0.9998320145553643,0.009671706070460629,-0.005894521107708098,-0.014410253042858222,0.0747087644073035,0.10893248243142914,0.008940710628591496,0.0,0.0,0.007489604121763896,0.0,0.0,1.0,1.0,0.0,0.0,0.0,25.992465521017174,0.09742068897430706,0.08,100.0,100.0,0.5,55.0,0.08,-0.5524311617853991,1.5811283236855231,0.002,0.0104,0.0113,0.0132
344,1763355108.9900208,-0.005583075675203334,0.02728033936784128,0.3667043304135789,-0.004370798289651781,-0.009982686373957533,0.06735910079684373,0.05762314726346756,-0.0015446861874459223,-0.016,-0.04,1.071,0.998,0.001,0.065,-0.027,-0.007,0.084,0.076,0.0,0.0,-0.005,0.035,-0.108,1.242,0.999,0.007,-0.008,-0.046,0.038,0.033,0.114,-0.0,0.5,-0.1,-0.019743194496524594,-0.026439766062850055,1.0880822097888847,0.9998364430350567,0.00967353681122334,-0.005891516185542423,-0.014099641896284983,-0.029668226572493267,0.05560835241818883,0.10201132860370155,0.0,0.0,0.006719853345973681,-0.015417699263640715,-0.04420121087589278,1.0719628454763832,0.9998326031941296,0.00891650688354666,-0.00651233619127402,-0.01458941302376539,0.056013669840388705,0.09539987976164628,0.03274758948681061,0.0,0.0,0.0075969563699224765,0.0,0.0,1.0,1.0,0.0,0.0,0.0,25.999063986564316,0.0974218182649698,0.08,100.0,100.0,0.5,55.0,0.08,-0.5528789001334178,1.5834646662113852,0.0023,0.002,0.0103,0.0175
345,1763355109.0588648,-0.018270895724042273,0.017581908900542835,0.3779947200315691,-0.004252654501355557,-0.06553275362239594,-0.03826202507355171,0.1939660719950428,-0.0010483304171382928,-0.009,-0.042,1.071,0.998,0.001,0.064,-0.026,0.136,-0.051,-0.007,0.0,0.0,0.042,0.038,-0.106,1.249,0.999,0.005,-0.007,-0.045,0.033,0.023,0.129,-0.3,0.3,0.0,0.016074013098504317,-0.054666766984128395,1.0691127382428234,0.9998601773902439,0.00892971775564344,-0.006494209611419911,-0.012558306075164467,0.11630499292052426,-0.07179204608399478,-0.010978248695675133,0.0,0.0,0.01062170838179747,-0.008019397201383775,-0.04428710259093429,1.072312882726392,0.9998602431005893,0.006801866068826226,-0.004573915902089745,-0.014570798815872175,0.06127912777543545,0.06690938518676111,0.015460758173545362,0.0,0.0,0.007874401506349887,0.0,0.0,1.0,1.0,0.0,0.0,0.0,25.99573022429331,0.09742492411386487,0.08,100.0,100.0,0.5,55.0,0.08,-0.5572778285694975,1.580582934720653,0.0037,0.002,0.0168,0.0101
346,1763355109.120707,-0.022066731195098707,0.02624029973535466,0.3627642777525907,-0.004101292590933192,-0.025830763251798013,0.049885170011762674,0.06559580861694653,-0.0008379358858965064,-0.009,-0.045,1.079,0.998,-0.0,0.065,-0.026,0.001,-0.043,0.108,0.0,0.0,0.006,0.041,-0.106,1.257,0.999,0.006,-0.013,-0.043,0.043,0.006,0.102,-0.0,-0.1,0.1,-0.010698782597928167,-0.055357620051091454,1.1029656502429104,0.9998702936955584,0.006805097774715178,-0.004569106364947693,-0.013863971164868882,-0.01616109805576501,-0.05548583405030427,0.1268059670258675,0.0,0.0,0.007455943655566468,-0.006773329913714855,-0.04481750713844574,1.0773741398235985,0.9998618971289637,0.004827304439461464,-0.006180415570005375,-0.014652176114846826,0.046467408321775275,0.04535908615049558,0.04894266960044812,0.0,0.0,0.007783839492103153,0.0,0.0,1.0,1.0,0.0,0.0,0.0,26.004918292801907,0.09740849588099819,0.08,100.0,100.0,0.5,55.0,0.08,-0.5606481256463586,1.5821531391990051,0.0027,0.0018,0.0159,0.0083
347,1763355109.1818395,-0.01970396580269339,0.033923677090361835,0.3580758160212601,-0.004114966495438744,0.0035388027638645772,0.048256999175793874,0.1125942955005685,-0.0016063542441277115,-0.012,-0.046,1.09,0.997,-0.002,0.067,-0.026,-0.041,-0.014,0.177,0.0,0.0,0.0,0.043,-0.106,1.264,0.999,0.002,-0.008,-0.044,0.032,0.003,0.102,-0.1,0.1,0.1,-0.021730408122300968,-0.04965134152349057,1.1229150847758813,0.9998687796615343,0.004830255083709134,-0.006178109791474357,-0.014174732921118306,-0.05505411972079424,-0.015987588894683952,0.14999972390389044,0.0,0.0,0.006734435076771621,-0.007973887584526438,-0.044579395002721386,1.0870855236994061,0.999879915400136,0.0035909816272692444,-0.0027783566094545767,-0.014816894577486594,0.029465598680520677,0.032849260904338845,0.05382496296682912,0.0,0.0,0.007697814808477169,0.0,0.0,1.0,1.0,0.0,0.0,0.0,26.023710898040704,0.0973477289142017,0.08,100.0,100.0,0.5,55.0,0.08,-0.5624130972408039,1.584694739762499,0.0019,0.0029,0.0096,0.0096
348,1763355109.2579248,-0.01810294367857357,0.03054822643937727,0.36899256653685647,-0.00420353651100754,0.0006161234445890961,-0.004155874346037137,0.18886218358595422,-0.00198596251363351,-0.011,-0.048,1.095,0.997,-0.002,0.068,-0.025,0.017,-0.019,0.075,0.0,0.0,0.008,0.045,-0.107,1.27,0.999,0.001,-0.02,-0.044,0.037,-0.013,0.101,0.0,-0.4,-0.1,-0.008891528282006459,-0.051507372946832615,1.108814053758264,0.999890860116964,0.0035930867396607954,-0.002775633653413029,-0.014058927415039963,0.0073656493684840256,-0.011199147832444552,0.03948852249660865,0.0,0.0,0.007352698709639731,-0.0068361781533093306,-0.045032355766418126,1.0916458757155678,0.9998771113084455,-0.0009320470334219643,-0.004735873637654213,-0.014915263011237178,0.023293752740499454,0.024602258226276152,0.06764676455162769,0.0,0.0,0.007565994305805357,0.0,0.0,1.0,1.0,0.0,0.0,0.0,26.02500965235535,0.09734213780553981,0.08,100.0,100.0,0.5,55.0,0.08,-0.5640396899313497,1.584934398777257,0.0041,0.0019,0.0114,0.016
349,1763355109.3220165,-0.03480626628797771,0.030968024974618313,0.3577379170570543,-0.004140685307771655,-0.09030521692648577,0.013554577590971685,0.08209896505231057,-0.0012620701754484038,-0.011,-0.061,1.108,0.997,-0.004,0.07,-0.024,-0.008,-0.203,0.19,0.0,0.0,0.037,0.047,-0.107,1.273,0.999,0.001,-0.004,-0.043,0.021,0.003,0.043,0.5,1.3,-0.2,-0.013362996251254743,-0.10038699897357727,1.1392462159007155,0.9999025507101634,-0.0009234444227797985,-0.004737558567698739,-0.013099308093361925,-0.011542431865725726,-0.18934098195160884,0.13697725383577533,0.0,0.0,0.009871626092901584,-0.00700366270601203,-0.054419061379105994,1.1026095802869096,0.9998798493890921,-0.0032355380068562283,-0.002409013110465523,-0.014967121810360888,0.015184052457287555,-0.004885863441277054,0.06670290412997087,0.0,0.0,0.007491389135709066,0.0,0.0,1.0,1.0,0.0,0.0,0.0,26.043894287101335,0.0972182611878412,0.08,100.0,100.0,0.5,55.0,0.08,-0.571249472570762,1.5856012084719864,0.002,0.0016,0.0162,0.0109
350,1763355109.390651,-0.03743355408778607,0.02895914594170949,0.3784662227939491,-0.004018002986351543,-0.026188788857033456,0.0015686142009377615,0.2377932475808695,-0.0009393453833138065,-0.011,-0.072,1.108,0.997,-0.006,0.071,-0.022,0.007,-0.165,-0.005,0.0,0.0,0.041,0.049,-0.107,1.276,0.999,-0.003,-0.005,-0.042,0.032,-0.004,0.037,-0.4,-0.4,0.0,-0.00958740162905991,-0.10351511721599181,1.101324495825721,0.9999073607052514,-0.0032307922337726537,-0.002415374070905012,-0.012999921426612831,0.008786984366566948,-0.1471729442571987,-0.06074581822922353,0.0,0.0,0.010170040201916055,-0.006723939205675262,-0.06287615151284312,1.104268366984437,0.9998816285500164,-0.0035005950951748637,0.0006074547928584342,-0.014970161015209973,0.013302936855608766,-0.023974413258361096,0.03424305102894944,0.0,0.0,0.007522518104280753,0.0,0.0,1.0,1.0,0.0,0.0,0.0,26.038322890047432,0.09726474817685711,0.08,100.0,100.0,0.5,55.0,0.08,-0.5763733405740304,1.5857626232078954,0.0021,0.0018,0.0119,0.0157
351,1763355109.4549,-0.029774530490952446,0.03520022525468075,0.35929337054217214,-0.003940092990027265,0.024257535201248362,0.04206507629299736,0.04606057228884582,-0.0011172011382604415,-0.015,-0.076,1.115,0.997,-0.007,0.073,-0.022,-0.067,-0.071,0.138,0.0,0.0,0.017,0.051,-0.107,1.276,0.999,0.001,-0.011,-0.043,0.029,0.002,-0.024,0.3,0.1,0.0,-0.028070514276673314,-0.0882168564380478,1.1393215792616997,0.9998973113194647,-0.0035012533704025274,0.0006036490553077514,-0.013883214640700208,-0.06343934574888535,-0.044278373956931044,0.12134771287973042,0.0,0.0,0.008007608611996434,-0.009936397046749154,-0.0673747272638147,1.1116264594299603,0.9998808725989774,-0.0034976560521633505,0.00045413028416102746,-0.015026668910084319,0.0026112449973533895,-0.027129854415729363,0.04641682166883346,0.0,0.0,0.007523928499152428,0.0,0.0,1.0,1.0,0.0,0.0,0.0,26.052128749724094,0.09715613153311102,0.08,100.0,100.0,0.5,55.0,0.08,-0.5780129210040136,1.5882749765533435,0.0028,0.0027,0.0163,0.0071
352,1763355109.555334,-0.02408302183504936,0.03157158561500842,0.3663988891816951,-0.00406579460363202,0.01729209434540826,-0.004943113727856337,0.17026260715092978,-0.002106042939284002,-0.015,-0.08,1.12,0.997,-0.007,0.074,-0.021,-0.004,-0.054,0.08,0.0,0.0,0.016,0.053,-0.107,1.277,0.999,-0.01,-0.008,-0.042,0.047,-0.001,0.035,-0.5,-0.6,0.2,-0.01544635628484167,-0.0876688790697748,1.1317604352505157,0.9998959483827953,-0.003498126094881298,0.0004504952813710803,-0.013987586478592218,0.00042792087192275116,-0.01866310109593624,0.040363806732376786,0.0,0.0,0.007779005235117234,-0.01044756962132407,-0.07125677959844345,1.116885636041989,0.9998477629964881,-0.00883723881657909,0.0009455565825437012,-0.015015324297749164,0.0023734016199983858,-0.024441894146969366,0.026878614529430432,0.0,0.0,0.0074325550967468445,0.0,0.0,1.0,1.0,0.0,0.0,0.0,26.060091622588136,0.09709227456859171,0.08,100.0,100.0,0.5,55.0,0.08,-0.5791228451720476,1.588526183012681,0.0104,0.0089,0.0177,0.0256
353,1763355109.5838048,-0.03158435598313649,0.031838749762788034,0.36131897859361817,-0.004124056493754618,-0.04653780392857917,0.013175165344526259,0.11200003050275092,-0.0018159824269749964,-0.016,-0.09,1.127,0.997,-0.01,0.076,-0.021,-0.025,-0.159,0.103,0.0,0.0,0.022,0.055,-0.107,1.277,0.999,-0.002,0.001,-0.044,0.028,0.016,-0.028,0.6,1.4,-0.1,-0.02050371790390774,-0.11780500329946829,1.1469793288483592,0.9998657806740834,-0.008838415871465074,0.0009344902541376298,-0.01376334878776729,-0.01885239060364701,-0.12074303303600639,0.08326453468884926,0.0,0.0,0.0083864424468648,-0.011884189631331789,-0.08003933515017804,1.1222557128997896,0.9998242585204514,-0.0111180285151292,0.0005280917614274205,-0.01508517931805391,-0.0007002384028082596,-0.03227523623347989,0.05218646866857156,0.0,0.0,0.007288669459139612,0.0,0.0,1.0,1.0,0.0,0.0,0.0,26.067781431492456,0.09703067716672521,0.08,100.0,100.0,0.5,55.0,0.08,-0.5836363330160864,1.5893553527087019,0.0037,0.0027,0.0117,0.0075
354,1763355109.656632,-0.028564370059742633,0.028075713460567548,0.37299843409054995,-0.004179737923849396,0.0032557961232930963,-0.006875650350056924,0.19389189445726585,-0.001824928335631868,-0.015,-0.097,1.129,0.997,-0.012,0.076,-0.02,0.015,-0.095,0.024,0.0,0.0,0.014,0.058,-0.105,1.275,0.999,-0.007,0.001,-0.045,0.049,0.021,-0.012,-0.3,-0.3,0.0,-0.011292895395134298,-0.11234989484972024,1.12766829461645,0.9998383172552078,-0.011118531740422781,0.000517388547345883,-0.014122673589047464,0.02234424410391059,-0.059974925661355996,-0.030126855086726058,0.0,0.0,0.007819598466429895,-0.011530218967948883,-0.08608534275289745,1.1250672252921294,0.9998354428654939,-0.009785687924283552,0.002428084666538684,-0.01508084568791186,0.0031608493933776363,-0.030748673343002145,0.024798665910479353,0.0,0.0,0.007120041363807162,0.0,0.0,1.0,1.0,0.0,0.0,0.0,26.06775776825957,0.09703128530304533,0.08,100.0,100.0,0.5,55.0,0.08,-0.5859498274483866,1.5889336382473243,0.0046,0.0075,0.0144,0.0055
355,1763355109.7141473,-0.02326720042181393,0.025995262744225135,0.37503129748167463,-0.004258227481316094,0.01577420941724003,0.0001261389660007638,0.15003872973957993,-0.0019598495087770115,-0.014,-0.1,1.127,0.997,-0.013,0.077,-0.019,0.02,-0.047,-0.019,0.0,0.0,0.009,0.06,-0.103,1.272,0.999,-0.011,-0.004,-0.045,0.035,0.041,-0.044,-0.2,0.4,-0.0,-0.009218644764236643,-0.10605000994368705,1.1199122834042325,0.9998470512710546,-0.009787604164543202,0.002420348738832025,-0.014290513681384284,0.0268611992655417,-0.012862926588102485,-0.04016365139718617,0.0,0.0,0.007506812586926611,-0.01083077483814759,-0.0898150190801406,1.1248288296419189,0.9998534195748717,-0.007954817370011778,0.0018236420749877052,-0.01505106556452621,0.007781290746923038,-0.024275806935251793,0.012086765217150696,0.0,0.0,0.0071846947834489005,0.0,0.0,1.0,1.0,0.0,0.0,0.0,26.06322664347256,0.09706719295770161,0.08,100.0,100.0,0.5,55.0,0.08,-0.586818280729037,1.5885224007371104,0.0035,0.0026,0.0067,0.0076
356,1763355109.8065486,-0.017552446460250247,0.021910955937034952,0.3785463127385675,-0.004324384102591077,0.01984856964963818,-0.010673310506866474,0.1582118128400925,-0.001927618411868454,-0.01,-0.101,1.123,0.997,-0.013,0.076,-0.019,0.056,-0.007,-0.059,0.0,0.0,0.011,0.063,-0.102,1.267,0.999,-0.009,-0.014,-0.044,0.051,0.045,-0.055,-0.3,-0.1,0.0,0.0017926915772316166,-0.09897506632730972,1.108475547345401,0.9998661360197685,-0.007956400980954424,0.001816720462309506,-0.014181158312703083,0.060185659500876953,0.026847399779573348,-0.06593851285447357,0.0,0.0,0.007789398722613559,-0.008270798488576522,-0.09154812789725991,1.1225294351409212,0.9998375729911597,-0.00979770023322201,0.0019391256576600671,-0.015002416371070196,0.016531851965570304,-0.01299705929888076,-0.015001437407953346,0.0,0.0,0.007268028454114284,0.0,0.0,1.0,1.0,0.0,0.0,0.0,26.056776910236696,0.09710987931106811,0.08,100.0,100.0,0.5,55.0,0.08,-0.5866625350702124,1.5871639442879744,0.0035,0.0054,0.0235,0.0135
357,1763355109.8715236,-0.009216530386895247,0.02452378936916126,0.3687008682653632,-0.004443732114992141,0.03509741294418116,0.02128077563701964,0.09272764491094108,-0.002218384100476975,-0.009,-0.102,1.122,0.997,-0.013,0.077,-0.019,0.016,0.059,0.005,0.0,0.0,-0.005,0.066,-0.098,1.263,0.999,-0.009,-0.012,-0.044,0.045,0.038,-0.057,-0.0,-0.5,-0.1,-0.005512849963887106,-0.08678110947479951,1.1245316120422253,0.9998418959481958,-0.00979826404965644,0.0019362747195283251,-0.014711491037314523,0.01617795861436592,0.08986365777934438,0.028571326192941077,0.0,0.0,0.006559460508231508,-0.007337176578492967,-0.09020615011552825,1.1222573350390421,0.9998440752126876,-0.009385732712053523,0.0007229387836279646,-0.014940235709601174,0.017858856632508982,0.0068704878451814905,-0.007939926725548193,0.0,0.0,0.0072841339983185345,0.0,0.0,1.0,1.0,0.0,0.0,0.0,26.05875790241151,0.09710052647677733,0.08,100.0,100.0,0.5,55.0,0.08,-0.5849518405111682,1.5873004512560598,0.0044,0.0026,0.0295,0.0105
358,1763355109.9403837,-0.0012025039387387904,0.014569883578735919,0.3785747128679069,-0.004549549807853386,0.03661393334569657,-0.040573107938691254,0.1876320486122301,-0.0021954880074282687,-0.003,-0.097,1.118,0.997,-0.013,0.076,-0.019,0.134,0.11,-0.076,0.0,0.0,-0.014,0.069,-0.095,1.26,0.999,-0.005,-0.006,-0.044,0.048,0.047,-0.048,0.1,-0.1,-0.0,0.023607108303374234,-0.07219393930915168,1.1047000316397735,0.999843631703879,-0.009385711268380836,0.0007232171275447361,-0.014969887179634253,0.12994017171421213,0.132790811369444,-0.0639706487754026,0.0,0.0,0.005977401618684179,-0.0009798338090182572,-0.08601759646459968,1.1183244835389174,0.9998578363168343,-0.00779677486588836,-0.00011971308319207993,-0.014950020946047943,0.03429231236717132,0.029887260942557364,-0.012316741839739105,0.0,0.0,0.007329464605759622,0.0,0.0,1.0,1.0,0.0,0.0,0.0,26.04945275690504,0.09713448106194571,0.08,100.0,100.0,0.5,55.0,0.08,-0.5821238921992127,1.5839067719185047,0.0074,0.0086,0.0205,0.0103
359,1763355109.9963255,0.000811823381671906,0.011148039996177446,0.3784474574636283,-0.004658801777019436,0.009620697625026431,-0.011645511570766398,0.1413292403040718,-0.002252341023775274,-0.003,-0.097,1.118,0.997,-0.013,0.076,-0.019,0.134,0.11,-0.076,0.0,0.0,-0.014,0.072,-0.091,1.257,0.999,-0.004,-0.005,-0.044,0.043,0.059,-0.032,0.1,0.0,-0.0,0.02319508139881814,-0.07313656589253893,1.104376795742621,0.9998575476793112,-0.007796777174227037,-0.00011956264921832898,-0.014969312582155715,0.1252509795128058,0.12182139368429043,-0.05624925907953825,0.0,0.0,0.006148689439570861,0.005248999541629858,-0.0816627048292238,1.1145169400290624,0.9998707292456273,-0.005583574400111832,-0.0017194745623803117,-0.014979716351295271,0.046707591504212595,0.047367181151494415,-0.010422793012875967,0.0,0.0,0.007412819184574359,0.0,0.0,1.0,1.0,0.0,0.0,0.0,26.039934144780833,0.09715863240521051,0.08,100.0,100.0,0.5,55.0,0.08,-0.5799134433776446,1.581000885745533,0.0036,0.0026,0.0173,0.0136
360,1763355110.058622,0.0005025940588206713,0.01752497638231174,0.3772087125531568,-0.004759947683177251,-0.001241712846129209,0.036065196929238,0.1357240719965027,-0.0022527801971713697,0.001,-0.089,1.114,0.997,-0.012,0.075,-0.019,0.059,0.11,-0.057,0.0,0.0,-0.014,0.076,-0.087,1.255,0.999,-0.005,-0.012,-0.044,0.05,0.055,-0.034,-0.0,-0.3,-0.0,0.01173333861739652,-0.06635969809338566,1.1027874118414165,0.9998706334319808,-0.005583585395798273,-0.0017194388561636593,-0.014986110385199165,0.043770770693402905,0.10993098721896917,-0.039366219617015544,0.0,0.0,0.006327697644307157,0.008363590392153335,-0.07664766029042591,1.111861756856984,0.999884622692348,-0.0022183951341326193,-0.0016154882645586356,-0.014940221687665815,0.046282371751304355,0.059211322590369285,-0.024283323279785114,0.0,0.0,0.007577403845275158,0.0,0.0,1.0,1.0,0.0,0.0,0.0,26.03523748606095,0.09716475756963816,0.08,100.0,100.0,0.5,55.0,0.08,-0.5781688550266021,1.5807031315482083,0.0101,0.0019,0.0138,0.0082
361,1763355110.1348207,0.00869479723712629,0.019769390777905797,0.37853950275443626,-0.004855845898896975,0.041149488663585844,0.017793938121337192,0.14810721821383127,-0.002264471459790088,0.008,-0.067,1.105,0.997,-0.009,0.073,-0.021,0.066,0.197,-0.078,0.0,0.0,-0.031,0.079,-0.083,1.253,0.999,0.003,-0.016,-0.044,0.048,0.049,-0.022,0.2,-0.5,-0.0,0.01934680081830621,-0.028119257117506895,1.0929311469442817,0.9998752047690662,-0.002219392452111707,-0.0016141178543029435,-0.01555775718778046,0.04443154905862831,0.18752547569811265,-0.04344218906334539,0.0,0.0,0.005070697847147468,0.01211045697740248,-0.06640088679344767,1.1072278258289432,0.999874647001087,0.0012396306277837762,-0.004868610016366962,-0.015015000395170092,0.04495591456768716,0.07843308362115427,-0.019973839873490717,0.0,0.0,0.007668379657703396,0.0,0.0,1.0,1.0,0.0,0.0,0.0,26.026677004682092,0.09716562500860274,0.08,100.0,100.0,0.5,55.0,0.08,-0.5737799768287134,1.5802106382837904,0.0058,0.0025,0.0208,0.0143
362,1763355110.1918275,0.00787306250142642,0.019782838011734263,0.37058902477673206,-0.004886803146871242,-0.0008481247145769952,0.00748075771085702,0.10219992364439315,-0.0019757284519576986,0.015,-0.054,1.105,0.997,-0.007,0.071,-0.022,0.076,0.157,0.001,0.0,0.0,-0.019,0.08,-0.079,1.253,0.999,0.001,-0.003,-0.045,0.028,0.068,0.009,-0.0,0.6,-0.1,0.02774977854852192,-0.02389956194742483,1.107905561149111,0.9998721416279711,0.0012388227079147256,-0.004868815655081135,-0.015180920548824398,0.05212364067625574,0.14031612210748065,0.03103857500117348,0.0,0.0,0.006234781756594254,0.016527275287573598,-0.05725187171783342,1.1065233803459251,0.9998569527425946,0.003182969538609499,-0.006911578605045433,-0.015105391037491613,0.04241065059968878,0.08679525991115739,-0.007902702100347214,0.0,0.0,0.007872223849772842,0.0,0.0,1.0,1.0,0.0,0.0,0.0,26.028028619875215,0.09716638079351404,0.08,100.0,100.0,0.5,55.0,0.08,-0.5710860131091315,1.5791935251241742,0.0073,0.0042,0.0136,0.0086
363,1763355110.2653573,0.007880824222511624,0.025026625415140412,0.3777415539916902,-0.00495322161718599,0.002991207043460918,0.033637501271431114,0.17473353036606504,-0.0021646435316504528,0.015,-0.048,1.103,0.997,-0.007,0.071,-0.023,0.023,0.168,-0.053,0.0,0.0,-0.028,0.083,-0.076,1.253,0.999,0.005,-0.001,-0.045,0.015,0.061,-0.003,0.2,0.8,-0.1,0.01726342750995924,-0.016300548266134716,1.0945863056409335,0.9998494921642327,0.0031796095691995954,-0.00691312497246304,-0.01559140163771922,0.0012633375561508875,0.14514417138988453,-0.03769779265706241,0.0,0.0,0.005560819006235598,0.018296213128142738,-0.04769820033031473,1.1036234310831807,0.9998592166720047,0.003992381632761501,-0.005827598606739921,-0.015219948075547357,0.032525400095054516,0.09407480810787827,-0.0072196229634098235,0.0,0.0,0.00801575722175242,0.0,0.0,1.0,1.0,0.0,0.0,0.0,26.021217976068172,0.09715861036915995,0.08,100.0,100.0,0.5,55.0,0.08,-0.568336311095515,1.579718222947839,0.0054,0.0028,0.0141,0.0164
364,1763355110.3506255,0.005711371095902942,0.02689275357420462,0.3659702280621857,-0.00494627369964599,-0.00789195654960155,0.018715625325998693,0.08279645309936118,-0.0018227185187447413,0.019,-0.037,1.102,0.997,-0.004,0.071,-0.024,0.017,0.143,0.059,0.0,0.0,-0.018,0.084,-0.073,1.255,0.999,0.002,-0.014,-0.045,0.011,0.053,0.038,-0.2,0.1,-0.1,0.020392296513149933,-0.010984424550536418,1.115105278533763,0.999857498805283,0.003991726270508504,-0.005828047529337826,-0.015332386188090533,-0.001347685187484675,0.11452533289750175,0.07484150221130605,0.0,0.0,0.006497378789283429,0.019774537771696465,-0.03890789413674904,1.1057147182446425,0.9998449961649198,0.007052466256740503,-0.005062701390187733,-0.015317160908690302,0.024353491949752757,0.09465764737555281,0.011356590586486845,0.0,0.0,0.008218556937886699,0.0,0.0,1.0,1.0,0.0,0.0,0.0,26.02827409119299,0.09716816806289026,0.08,100.0,100.0,0.5,55.0,0.08,-0.566512142779632,1.5800874313843383,0.0023,0.0029,0.0138,0.0401
365,1763355110.3801992,0.00845138051438506,0.02322284175168687,0.38161735488362836,-0.004955572563362981,0.015841811253374194,-0.008264776522262011,0.21547446963053293,-0.0019013469559522045,0.021,-0.028,1.099,0.997,-0.004,0.07,-0.024,0.058,0.183,-0.066,0.0,0.0,-0.032,0.086,-0.071,1.257,0.999,0.001,-0.011,-0.043,0.033,0.022,0.028,-0.1,-0.5,0.1,0.03090817717202202,0.0055608368317860285,1.0855148789985696,0.9998352785453073,0.007049316867092255,-0.005067085688638085,-0.015938869174419418,0.04369522200150276,0.15206718874597464,-0.07263062001260807,0.0,0.0,0.005340386232300366,0.02287056143349325,-0.02838752288540789,1.1025489547168907,0.9998385156565371,0.007773281098265614,-0.004772735394004118,-0.015483530203369357,0.023692382647004517,0.09902712545523225,-0.004258552446221371,0.0,0.0,0.008260728679449108,0.0,0.0,1.0,1.0,0.0,0.0,0.0,26.018870461413854,0.09715829685300931,0.08,100.0,100.0,0.5,55.0,0.08,-0.56332334658597,1.5791104582829232,0.0021,0.0018,0.0097,0.0086
366,1763355110.4579446,-0.02027789620626876,0.03119161299277234,0.360646485307693,-0.004630148763012538,-0.1404771159103747,0.048552421862309944,0.03825216020168403,-0.00023122070950889854,0.018,-0.036,1.106,0.997,-0.003,0.071,-0.023,-0.052,-0.125,0.105,0.0,0.0,0.058,0.087,-0.07,1.258,0.999,0.002,-0.008,-0.045,-0.002,0.03,0.009,0.1,0.7,-0.1,0.00635246431021084,-0.06416684022082551,1.1275852093558376,0.9998764185260749,0.007786043235996901,-0.004751887298855057,-0.012804092052765769,-0.06279321158684237,-0.15708291994699108,0.11994513518057878,0.0,0.0,0.012895978778491163,0.02080165395623256,-0.0322283351789729,1.1070649384594395,0.9998422005559374,0.00862229815223256,-0.0030802686455338093,-0.015223071539808472,0.008672385279458754,0.05818198675175061,0.020518030271771077,0.0,0.0,0.008777097450497883,0.0,0.0,1.0,1.0,0.0,0.0,0.0,26.031629943478336,0.09717372686533994,0.08,100.0,100.0,0.5,55.0,0.08,-0.5702210678136961,1.5808895251407726,0.0027,0.0018,0.0204,0.0084
367,1763355110.521065,0.0003142106682862446,0.023291855280866545,0.38831187065792505,-0.004597000975168277,0.09535632329542422,-0.02780193368723932,0.273569358741545,-0.0015705668469084,0.022,-0.023,1.098,0.997,-0.003,0.07,-0.024,0.063,0.196,-0.119,0.0,0.0,-0.033,0.088,-0.069,1.259,0.999,0.011,-0.0,-0.041,0.018,0.006,-0.015,0.4,0.4,0.2,0.03370121150457814,0.013087531632976237,1.0730610000607013,0.9998318906885596,0.00862025457889995,-0.003085983044283648,-0.015885788673708268,0.05543212398341218,0.16932766198195515,-0.13606086189913405,0.0,0.0,0.004892821336600998,0.02376256008848175,-0.021981376137364353,1.1017048433065846,0.999847656090887,0.007983190375663285,-0.001871448051134636,-0.015408794994323412,0.013637071787606548,0.06881225066801115,-0.011616249577998668,0.0,0.0,0.008551791435406407,0.0,0.0,1.0,1.0,0.0,0.0,0.0,26.01531253190847,0.09716270255117702,0.08,100.0,100.0,0.5,55.0,0.08,-0.5655142129548757,1.5794724216414984,0.0026,0.0021,0.0133,0.0116
368,1763355110.579942,-0.00428116839915268,0.027855862935503746,0.3689955853590844,-0.004737386256335954,-0.022859066336587283,0.03155448400351094,0.04903552500251886,-0.002425801771526483,0.021,-0.02,1.1,0.997,-0.003,0.071,-0.024,-0.021,0.056,0.026,0.0,0.0,-0.014,0.088,-0.069,1.261,0.999,0.002,0.003,-0.044,-0.004,0.001,0.027,-0.2,0.3,-0.2,0.016094121043617658,-0.011253497334544506,1.1067092297475032,0.9998479417780269,0.007983225092814615,-0.0018712999491352603,-0.015390246127373816,-0.02681267654477383,0.03760482138974277,0.05451162002213203,0.0,0.0,0.006337253603690357,0.02297286253575458,-0.017993974750569075,1.1021174221528005,0.9998381733587914,0.008836208502780591,-0.0026418546922216484,-0.01544568281546287,0.006039531549058429,0.05754373208719219,0.010811851097514005,0.0,0.0,0.008555043386995344,0.0,0.0,1.0,1.0,0.0,0.0,0.0,26.01754605812158,0.09716508798750649,0.08,100.0,100.0,0.5,55.0,0.08,-0.5655931265711865,1.5804476495984743,0.0025,0.0014,0.0099,0.0079
369,1763355110.6819904,-0.02916600688771221,0.02883532274491956,0.36843950864975594,-0.004535620307093357,-0.1260296305924799,0.015343247647892983,0.13559296096301404,-0.0007676900999129973,0.02,-0.032,1.103,0.997,-0.004,0.072,-0.022,-0.018,-0.182,0.049,0.0,0.0,0.051,0.089,-0.07,1.263,0.999,0.003,-0.007,-0.042,0.017,-0.017,0.049,0.1,-0.5,0.1,0.015938518942179333,-0.06964549306211032,1.111276173122543,0.9998721661738591,0.008842483897612387,-0.002620773824634863,-0.01306113830703092,-0.022536299897557573,-0.1936597302521747,0.04609710835631392,0.0,0.0,0.011886405451393252,0.0221019249144171,-0.025666172355087502,1.1048313779649614,0.9998832127780085,0.0005255436354382385,-0.00011012608676728695,-0.015273260321896869,0.0013063555260117697,0.019626079780519105,-0.006653803513630038,0.0,0.0,0.008485193862200823,0.0,0.0,1.0,1.0,0.0,0.0,0.0,26.025999824982208,0.09717531038066446,0.08,100.0,100.0,0.5,55.0,0.08,-0.5728716765547249,1.580818847283466,0.0045,0.0021,0.0195,0.0314
370,1763355110.7398267,-0.0319863059230443,0.02993568382105914,0.35899896064597375,-0.004334049146204104,-0.025038747759552518,0.016315051410042736,0.090962075724748,-0.00069300181071375,0.018,-0.038,1.109,0.997,-0.006,0.074,-0.022,-0.026,-0.118,0.11,0.0,0.0,0.014,0.089,-0.071,1.266,0.999,-0.002,-0.014,-0.043,0.007,-0.019,0.038,-0.2,-0.4,-0.1,0.012359515430388017,-0.06259230521810112,1.1350555327738991,0.9998984414055304,0.000525656998567029,-0.00010958370131465188,-0.014241437810961932,-0.029725748344592358,-0.12430726731942407,0.12517295282312482,0.0,0.0,0.008604469957624506,0.02075282601323334,-0.03114202856272733,1.109207492523225,0.9998724591897664,0.004495261329230641,-0.001955210568671428,-0.015199839835448582,-0.0039537548517107335,-0.0027888103198669793,0.04007755543281103,0.0,0.0,0.008297962522692496,0.0,0.0,1.0,1.0,0.0,0.0,0.0,26.036645813006263,0.09718419227114064,0.08,100.0,100.0,0.5,55.0,0.08,-0.577038221646614,1.5814495045422703,0.0048,0.0045,0.019,0.0201
371,1763355110.7994754,-0.016804460062548966,0.02482939168422857,0.374178318546125,-0.004345488191860996,0.06391436458133505,-0.014305579251255678,0.21052139974299652,-0.001682463658111,0.02,-0.035,1.11,0.997,-0.005,0.074,-0.022,0.035,0.041,0.021,0.0,0.0,0.004,0.089,-0.072,1.267,0.999,-0.001,0.006,-0.043,-0.015,-0.007,0.01,-0.1,0.7,-0.1,0.026638658413014146,-0.02731221947774965,1.1107032291042016,0.9998822694218372,0.004496550266844144,-0.0019522444733344074,-0.01454018820548007,0.03308753302841779,0.04582160142603982,-0.02204987490345812,0.0,0.0,0.0074846516857203955,0.022118506490375327,-0.02969067110606952,1.1110164025985574,0.9998785231200712,0.003441708266766694,-0.0007961316549488371,-0.015180903195129896,-8.833000576771461e-05,-0.0010384901755396431,0.027831264469898014,0.0,0.0,0.008338749384178556,0.0,0.0,1.0,1.0,0.0,0.0,0.0,26.0355159830641,0.09718434496623951,0.08,100.0,100.0,0.5,55.0,0.08,-0.5755733128608879,1.5803200067608818,0.0063,0.0043,0.0131,0.0159
372,1763355110.8802364,-0.024370421492823806,0.031006614309616452,0.36789199419912866,-0.004321761884881941,-0.044131479674830054,0.040197135008525134,0.1088852477198152,-0.0015109265370526043,0.017,-0.042,1.115,0.997,-0.006,0.075,-0.021,-0.055,-0.107,0.066,0.0,0.0,0.02,0.089,-0.073,1.268,0.999,-0.006,-0.015,-0.043,0.025,-0.04,0.013,0.2,-1.3,0.1,0.005949956356391076,-0.062113899639651866,1.124389587903856,0.9998963747774409,0.003442681244875542,-0.0007919136643119415,-0.01395566284796968,-0.05533915489229373,-0.08886441840308207,0.040329560077561215,0.0,0.0,0.00873570420793474,0.01940302991707724,-0.035240227720109533,1.1147026202766703,0.9998758506332592,-0.004292804355775223,-0.00022569900688801912,-0.015159294546174299,-0.008351361106100642,-0.014925081758026046,0.02719709622565395,0.0,0.0,0.008173729942852134,0.0,0.0,1.0,1.0,0.0,0.0,0.0,26.0414421844345,0.09717776744486999,0.08,100.0,100.0,0.5,55.0,0.08,-0.5788488305821775,1.5818540496252902,0.0049,0.0078,0.0181,0.0239
373,1763355110.939508,-0.0402698445111863,0.029353934967177045,0.36884783862527254,-0.004289782379387738,-0.08863602315162138,0.0033640836539091355,0.14273871995539222,-0.0014607631793597128,0.015,-0.062,1.119,0.997,-0.01,0.076,-0.019,-0.015,-0.246,0.052,0.0,0.0,0.035,0.09,-0.074,1.267,0.999,-0.013,-0.013,-0.041,0.002,-0.004,-0.021,-0.3,0.3,0.1,0.012006131353548206,-0.10885115944826138,1.125287347067147,0.9999010631144611,-0.00429239907107686,-0.00023327986044980407,-0.013393463827248826,-0.015138154344992128,-0.22304376293098144,0.02455791090514889,0.0,0.0,0.009945169686566627,0.01827025858518023,-0.04806007078664754,1.1180537672485276,0.9998593792693264,-0.00723756331321269,0.0004137862226714197,-0.015121777190742283,-0.0091919395154092,-0.041268066497162366,0.008548774545739577,0.0,0.0,0.00797535747330415,0.0,0.0,1.0,1.0,0.0,0.0,0.0,26.048044700742803,0.0971690752353408,0.08,100.0,100.0,0.5,55.0,0.08,-0.5859290074672739,1.5818979635507049,0.006,0.0028,0.0191,0.0197
374,1763355110.9848678,-0.030560394790608108,0.02506171729347066,0.3761465709172487,-0.0042889539182037525,0.033446056911196086,-0.010453362755840516,0.17481160094435771,-0.001604526086350475,0.017,-0.068,1.116,0.997,-0.012,0.075,-0.019,0.024,-0.083,-0.034,0.0,0.0,0.006,0.09,-0.075,1.266,0.999,-0.012,-0.012,-0.043,-0.006,-0.009,-0.026,0.0,0.0,-0.0,0.021755616683568072,-0.08234727238298502,1.1092207378281318,0.9998697720449284,-0.007237852678288754,0.0004086934770989563,-0.014418231828905293,0.024462695271120792,-0.05732058187079331,-0.039627257222910384,0.0,0.0,0.007479160300650839,0.019033747583266755,-0.053914571539699044,1.1163499901028993,0.9998776249073155,-0.004138156642240332,-0.0009365338299549716,-0.015057681551142893,-0.004965208192877726,-0.041589279453991074,0.009184848441071224,0.0,0.0,0.007800417209496536,0.0,0.0,1.0,1.0,0.0,0.0,0.0,26.041595933583526,0.09717857016940648,0.08,100.0,100.0,0.5,55.0,0.08,-0.5874464046710789,1.5808936822419173,0.0058,0.0022,0.0096,0.0082
375,1763355111.051241,-0.02248470473713904,0.02473665931556447,0.3763311135993256,-0.004315045276717173,0.028918302220867324,0.007772854095520551,0.14197767750435275,-0.0017388145118935063,0.018,-0.071,1.114,0.997,-0.012,0.075,-0.018,0.012,-0.038,-0.03,0.0,0.0,0.011,0.09,-0.075,1.263,0.999,-0.017,-0.009,-0.042,0.013,-0.006,-0.04,-0.2,-0.4,0.1,0.020493134573866124,-0.07592160679535785,1.1060465359341096,0.9998905466774644,-0.004137327032599298,-0.0009401920206484388,-0.01417368085682397,0.012964953529940527,-0.005577911531542369,-0.03475638338131108,0.0,0.0,0.007882310824938359,0.019358323624270094,-0.057683480355271786,1.1150857412175694,0.9998700613467826,-0.006003425761474041,0.0006722702825818017,-0.014945479389271078,-0.002634679375013336,-0.03620466651829397,-0.004277993290953938,0.0,0.0,0.007719756031406352,0.0,0.0,1.0,1.0,0.0,0.0,0.0,26.03772720034304,0.09718318057019029,0.08,100.0,100.0,0.5,55.0,0.08,-0.587617285794557,1.5804084980993889,0.0022,0.0019,0.0134,0.0092
376,1763355111.1156564,-0.02957316745582919,0.02251186414056538,0.3760270941342805,-0.0043033204439360115,-0.0438740778698779,-0.0018477286316587755,0.13960407027452176,-0.0015595178148631351,0.02,-0.082,1.111,0.997,-0.015,0.075,-0.018,0.029,-0.146,-0.038,0.0,0.0,0.02,0.09,-0.075,1.261,0.999,-0.014,-0.005,-0.045,-0.006,0.008,-0.027,-0.1,0.2,-0.1,0.025938905843115558,-0.10746811187698581,1.1033876257222086,0.9998874530606248,-0.0060042367329883415,0.0006649883161426767,-0.013732739847914153,0.028712813096781455,-0.10874794020748896,-0.02658282534467991,0.0,0.0,0.008662481536510148,0.020573858837233346,-0.06655107508734424,1.1130335180702284,0.9998252428796165,-0.01126169522141926,0.000662798019723516,-0.01490699903538265,0.002624720782049007,-0.04252237213658443,-0.013986602833823253,0.0,0.0,0.007693097458961265,0.0,0.0,1.0,1.0,0.0,0.0,0.0,26.034032453273912,0.09718499333569204,0.08,100.0,100.0,0.5,55.0,0.08,-0.5912042596876348,1.5794380483318133,0.0021,0.0019,0.0096,0.0082
377,1763355111.179423,-0.03186452764676313,0.02191166569298934,0.37476117370618467,-0.004222324909448308,-0.02254673875060568,0.005440956814831801,0.13468055815987612,-0.0012087674940374836,0.02,-0.082,1.111,0.997,-0.015,0.075,-0.018,0.029,-0.146,-0.038,0.0,0.0,0.02,0.091,-0.073,1.26,0.999,-0.011,-0.015,-0.044,0.006,0.016,-0.007,0.0,-0.4,-0.1,0.0256316695387747,-0.10737592949983374,1.105582644529839,0.9998426033632136,-0.011262491566899034,0.0006491257047868371,-0.013693188795771175,0.025561636901094805,-0.11019996876962206,-0.01476898870560003,0.0,0.0,0.008658504463893924,0.021822230478371774,-0.07485713061679636,1.1107539706386156,0.9998399918079133,-0.009881821574531276,-0.0006268359900547738,-0.014897901213343051,0.0062727008675498835,-0.04571965915922722,-0.009845050560569113,0.0,0.0,0.007686071310003442,0.0,0.0,1.0,1.0,0.0,0.0,0.0,26.02975424815631,0.09718376161966118,0.08,100.0,100.0,0.5,55.0,0.08,-0.5945951873211724,1.5786133947084908,0.0021,0.0019,0.0095,0.008
378,1763355111.2558331,-0.03852485930176089,0.03529349573891295,0.3548195447212642,-0.003910393679696062,-0.045250856142524956,0.07512602486448908,0.04082729521521715,-2.371569228188969e-05,0.016,-0.09,1.117,0.997,-0.016,0.076,-0.017,-0.108,-0.19,0.148,0.0,0.0,0.045,0.09,-0.071,1.259,0.999,-0.015,-0.008,-0.043,0.004,0.026,-0.011,-0.2,-0.2,0.0,-0.006096182514371358,-0.12469005086864424,1.148015811155707,0.9998694488894752,-0.009880464370798894,-0.0006478771539986315,-0.012768784455383368,-0.1144191097843537,-0.15614810936515125,0.16266935168537489,0.0,0.0,0.010657566509826008,0.016945231976345728,-0.08502829837370458,1.117308669845452,0.9998634162706125,-0.007269590028258972,-0.0013389065586344832,-0.014782056477646511,-0.010803602441012878,-0.05707460418776282,0.01831365083448072,0.0,0.0,0.007834065787177479,0.0,0.0,1.0,1.0,0.0,0.0,0.0,26.04898427290392,0.097199966872759,0.08,100.0,100.0,0.5,55.0,0.08,-0.5992220544194076,1.5818130604244758,0.0036,0.0025,0.0117,0.0133
379,1763355111.3166156,-0.01211419304272458,0.026972815353022865,0.37945556404272174,-0.004001670429454495,0.11760650905702119,-0.02836834102735808,0.25623742587776144,-0.0019227813786781896,0.019,-0.082,1.113,0.997,-0.015,0.075,-0.018,0.037,0.099,-0.054,0.0,0.0,-0.022,0.091,-0.069,1.258,0.999,-0.013,-0.006,-0.043,-0.007,0.055,-0.014,0.1,0.7,-0.0,0.025681704490280843,-0.058795027023782004,1.1025237118151878,0.9998583751257474,-0.007270041075809281,-0.0013364552771277295,-0.015119195777180097,0.03129001075082104,0.13546428656909307,-0.07710689824053109,0.0,0.0,0.004650600025461972,0.018492314186701983,-0.08183674572163496,1.1148024506701435,0.9998479723082938,-0.009135270456755286,-0.002078311643137607,-0.014705771839284409,-0.00596127181886975,-0.026271988664758092,0.01385153778812094,0.0,0.0,0.007561520767836361,0.0,0.0,1.0,1.0,0.0,0.0,0.0,26.0389292102445,0.09719936119085755,0.08,100.0,100.0,0.5,55.0,0.08,-0.5949164788159009,1.5804775738522496,0.0041,0.0017,0.0093,0.0072
380,1763355111.3894713,-0.010634633980066375,0.023734520803506194,0.3788310515484625,-0.00419771104723874,0.0028549729222693276,-0.006076666990199798,0.13917327404472468,-0.0024808294999666544,0.021,-0.083,1.112,0.997,-0.016,0.074,-0.017,0.034,0.004,-0.045,0.0,0.0,0.001,0.09,-0.066,1.256,0.999,-0.011,0.001,-0.044,-0.011,0.052,-0.033,0.1,0.6,-0.0,0.027296200276864628,-0.07832094326178447,1.1005885326965796,0.9998550465459505,-0.00913425268080727,-0.002082780249386007,-0.014216657518253106,0.03174350678382307,0.04125017111775403,-0.05608117906666328,0.0,0.0,0.00656712656351414,0.020044047112920012,-0.08240936250088661,1.1127527793493486,0.9998382845545911,-0.010141808391104606,-0.0025100507165974374,-0.014637216500771004,-0.0027738296703787337,-0.01151280159273944,0.008970857160580267,0.0,0.0,0.007460380073053624,0.0,0.0,1.0,1.0,0.0,0.0,0.0,26.03083654056958,0.09720229367189918,0.08,100.0,100.0,0.5,55.0,0.08,-0.5943328104725342,1.579250371509136,0.003,0.0025,0.0126,0.0134
381,1763355111.4502828,-0.00835192412350571,0.02961275813125047,0.37677387193129797,-0.004352433120507571,0.007425561540278436,0.038291631940036194,0.13177574624485083,-0.0023477520090586855,0.019,-0.081,1.11,0.997,-0.017,0.076,-0.018,-0.04,0.03,-0.027,0.0,0.0,-0.015,0.091,-0.062,1.254,0.999,-0.008,-0.007,-0.043,-0.002,0.068,-0.037,0.0,0.3,0.0,0.011033619769923222,-0.07137997793560447,1.100708309356408,0.9998367423591795,-0.010142071852412412,-0.0025089859669346353,-0.014742184252752373,-0.0402066181628606,0.058941823384235495,-0.0314626798140385,0.0,0.0,0.005443973310443141,0.018188916579022923,-0.08142760637767421,1.1119689413279112,0.9998154156661362,-0.012513438838687807,0.0013708867432847833,-0.014514445022763922,-0.008035253005189308,0.006054557576542856,-0.027245037841329964,0.0,0.0,0.006990452290770812,0.0,0.0,1.0,1.0,0.0,0.0,0.0,26.030855930959138,0.0972025658286617,0.08,100.0,100.0,0.5,55.0,0.08,-0.5935507471178436,1.5803455030325946,0.002,0.0018,0.0103,0.0114
382,1763355111.5207179,0.014316873709303228,0.027640673019165042,0.36648893036575636,-0.00444840141005386,0.11021201761773003,0.0012443587387917787,0.08986549414652889,-0.0021120038679217816,0.019,-0.067,1.111,0.997,-0.014,0.075,-0.019,0.006,0.257,0.024,0.0,0.0,-0.036,0.091,-0.058,1.252,0.999,-0.009,-0.008,-0.043,-0.01,0.072,-0.024,0.1,0.5,-0.1,0.020214363267694095,-0.013208544166109608,1.1199838379830664,0.9998026381198032,-0.012512261954379064,0.0013815870647529607,-0.015369428312383053,0.004772070213720406,0.2734058464917923,0.06127799229418489,0.0,0.0,0.003956237912650531,0.01835281984028298,-0.06940012973107515,1.112060602977672,0.9998798853317076,-0.005448054707616835,-0.00021017481234530497,-0.014508254047343185,-0.005248567399444806,0.05048906776218027,-0.003622028985433113,0.0,0.0,0.00684589676187434,0.0,0.0,1.0,1.0,0.0,0.0,0.0,26.035355480832866,0.09720778215756418,0.08,100.0,100.0,0.5,55.0,0.08,-0.5865200056344049,1.5801838977170461,0.0031,0.0018,0.011,0.0135
383,1763355111.5869389,0.017319999495283185,0.026132269440771835,0.37581433126728364,-0.004632438786205022,0.020384456570888505,0.002823234490220835,0.18406035339479526,-0.0025883374095260116,0.02,-0.057,1.109,0.997,-0.012,0.075,-0.02,0.015,0.213,-0.036,0.0,0.0,-0.023,0.09,-0.053,1.251,0.999,0.001,0.007,-0.045,-0.009,0.085,-0.024,0.4,0.6,-0.1,0.022697225134869752,-0.013493685796637756,1.1038834708075966,0.9998745983908721,-0.005448130005992289,-0.00020821380054356761,-0.014868154530514996,0.012451677946650403,0.21428580393756042,-0.029073869762094837,0.0,0.0,0.005235532747430162,0.019035128528727175,-0.05850317913236351,1.1099755825682578,0.9998879146574567,-0.0031216275852312594,-0.0014293592088633485,-0.014572937090158293,-0.003333104665310905,0.07735259050624924,0.0015859509954124712,0.0,0.0,0.00705513779845511,0.0,0.0,1.0,1.0,0.0,0.0,0.0,26.02995626851384,0.09720036142412973,0.08,100.0,100.0,0.5,55.0,0.08,-0.5817792362064168,1.5797452742273044,0.0019,0.0071,0.0101,0.0099
384,1763355111.6533778,0.0062310494122669625,0.0248069398203164,0.3783983363997199,-0.004600693628312795,-0.04894975060434992,0.0031729529380122904,0.15385039988741267,-0.001578438755365751,0.021,-0.054,1.108,0.997,-0.012,0.074,-0.02,0.02,0.1,-0.051,0.0,0.0,0.0,0.09,-0.049,1.25,0.999,0.001,-0.007,-0.044,0.004,0.062,-0.019,0.1,-0.4,0.0,0.02477794251834214,-0.034414860596617636,1.097881889885576,0.9998950479337543,-0.003120915383180532,-0.0014309135892381175,-0.014074995240726492,0.017622027660196965,0.08477357113060853,-0.046736714571127165,0.0,0.0,0.007426098422175669,0.019965699801370744,-0.052442413788571625,1.1074632393229384,0.9998929772427777,-0.001088949843706753,4.420822213953202e-06,-0.01458931901317536,-0.0006808723957592478,0.08225691814403004,0.0004700596673126514,0.0,0.0,0.007400905458075936,0.0,0.0,1.0,1.0,0.0,0.0,0.0,26.022289048088602,0.09719154338105256,0.08,100.0,100.0,0.5,55.0,0.08,-0.5811265626842523,1.5790805523117675,0.0028,0.0051,0.0118,0.0092
385,1763355111.7333813,0.011151127147167803,0.02458497378880925,0.38096203428117836,-0.004659159909541662,0.02693703220410433,0.00819277227508288,0.15471786555718758,-0.002017591516761631,0.022,-0.037,1.102,0.997,-0.01,0.073,-0.021,0.018,0.204,-0.069,0.0,0.0,-0.03,0.09,-0.045,1.248,0.999,0.002,-0.012,-0.042,-0.004,0.061,-0.021,-0.1,-0.1,0.0,0.025376006457402248,0.0014447388222927733,1.087124687240747,0.9998841969402529,-0.001088947046365934,5.063199474394743e-06,-0.015179159325864524,0.01458516411178026,0.17395616391753646,-0.06087920418564481,0.0,0.0,0.004947237822511544,0.020876644140046172,-0.0409422272262011,1.104173880963822,0.9998693443217764,0.00668051631663124,-0.0003997040745539284,-0.014714116485096374,0.0017401844823860856,0.09558591461703476,-0.020669996705059805,0.0,0.0,0.007493915916089799,0.0,0.0,1.0,1.0,0.0,0.0,0.0,26.0151451723026,0.09718078192970815,0.08,100.0,100.0,0.5,55.0,0.08,-0.577220767030164,1.578724404619902,0.0049,0.0025,0.0185,0.0158
386,1763355111.794797,0.018065445309558385,0.0302030589707152,0.37395867054727244,-0.004833531149180569,0.038753263492140824,0.03730979108033323,0.10784394418591219,-0.0026190411642726622,0.02,-0.02,1.1,0.997,-0.006,0.073,-0.022,-0.036,0.263,-0.027,0.0,0.0,-0.034,0.09,-0.042,1.247,0.999,-0.001,-0.015,-0.042,-0.009,0.045,-0.012,-0.1,-0.0,0.0,0.012349582828492977,0.02897613921864745,1.0973308820437373,0.9998583731196917,0.006680223709339511,-0.00040456494802379943,-0.015441652788458495,-0.0415001300244843,0.22603435071924888,0.008167560976076023,0.0,0.0,0.0046938958834847515,0.019336795157031832,-0.02622488272664761,1.1020975572975504,0.9998376782532262,0.010024480266872216,-0.001036128545119603,-0.014934971650961632,-0.004477408466967433,0.10955847117918052,-0.014527594333243129,0.0,0.0,0.007711980234635222,0.0,0.0,1.0,1.0,0.0,0.0,0.0,26.013343013207212,0.0971764564093435,0.08,100.0,100.0,0.5,55.0,0.08,-0.5716619956995973,1.5800873045608592,0.0022,0.0019,0.0108,0.022
387,1763355111.849046,0.017505033201759692,0.027589703557584652,0.3767675964726742,-0.0048779493371069885,0.003972481452090931,-0.0017406299516345217,0.15427913108223612,-0.0020346651205748107,0.021,-0.004,1.097,0.997,-0.004,0.072,-0.024,0.014,0.225,-0.046,0.0,0.0,-0.029,0.089,-0.039,1.247,0.999,0.005,0.001,-0.044,-0.035,0.045,-0.011,0.2,0.9,-0.2,0.023170630845732346,0.03729577952952992,1.0910062489643058,0.9998294515550532,0.010023918216534864,-0.0010415520011706652,-0.015475917941721202,0.00810845168658041,0.18611246929920555,-0.018312716243876453,0.0,0.0,0.005325716777959592,0.019995801680425394,-0.012791846420065256,1.0992174314970913,0.9998502971622635,0.008188691129517119,-0.0015247597304171758,-0.015165873198845657,-0.003479185680853883,0.11616293509667745,-0.00966157911431459,0.0,0.0,0.007759225086030582,0.0,0.0,1.0,1.0,0.0,0.0,0.0,26.0078448078985,0.09716219812764135,0.08,100.0,100.0,0.5,55.0,0.08,-0.5676352636131257,1.5797271541970987,0.0022,0.0025,0.0103,0.0084
388,1763355111.9206247,0.0017226398570834196,0.02593089912528627,0.37481134276027556,-0.004818964475412344,-0.07234757927272148,0.0020521166726023624,0.1315065801152596,-0.0015343066929419022,0.022,-0.0,1.095,0.997,-0.004,0.071,-0.024,0.015,0.061,-0.023,0.0,0.0,-0.007,0.089,-0.038,1.247,0.999,0.007,-0.019,-0.043,-0.001,0.012,0.017,0.0,-0.6,0.1,0.024419966594193928,0.008241174447546885,1.0930305851429614,0.9998544663045185,0.00818911384402095,-0.001522487799556593,-0.014888473939816965,0.010441287089109382,0.01779646110687624,0.0009805251683753474,0.0,0.0,0.0072889276963308425,0.020747009884492577,-0.006867097028023266,1.0974400650994596,0.9998356341687124,0.009769032131798127,-0.0017710179565837698,-0.01517017313855685,-0.0028863390150627995,0.09863501823748885,0.0014289414850269166,0.0,0.0,0.00795754552936316,0.0,0.0,1.0,1.0,0.0,0.0,0.0,26.00408297196147,0.09715307946945326,0.08,100.0,100.0,0.5,55.0,0.08,-0.5688994555884357,1.5790643673167533,0.0044,0.0029,0.0142,0.0076
389,1763355111.9819624,-0.0029400785511188455,0.025509767509390522,0.37328530040875374,-0.004663740843786563,-0.022667602094605048,0.0076184290925036,0.132924041777494,-0.0010309935201507185,0.022,0.004,1.096,0.997,-0.003,0.072,-0.024,0.012,0.079,0.002,0.0,0.0,0.001,0.088,-0.038,1.249,0.999,0.008,-0.021,-0.044,-0.012,-0.002,0.029,0.2,-0.3,-0.0,0.02405445861316055,0.015225746316091653,1.0970958827336983,0.9998442689142933,0.009770058189366772,-0.001765348795856975,-0.01458997689674725,0.008715913228611446,0.03398916764667767,0.013354155610235927,0.0,0.0,0.007928701460272856,0.02129903378883695,-0.0006196642470375659,1.0973786362928317,0.9998071201076987,0.012410614270495592,-0.00018390449756402064,-0.015220558942244694,-0.0019020184091098104,0.08382202611529685,0.0016084189338390889,0.0,0.0,0.008274598963944698,0.0,0.0,1.0,1.0,0.0,0.0,0.0,26.004092259457238,0.09715309424729064,0.08,100.0,100.0,0.5,55.0,0.08,-0.5690086342512577,1.5786009065396946,0.0019,0.0054,0.0108,0.006
390,1763355112.04816,-0.0014442042322138195,0.0288799738990664,0.3754370989579154,-0.004651930361277043,0.006376842137855561,0.026417194764400846,0.15074098039909106,-0.0016898504038723675,0.021,0.011,1.094,0.997,-0.002,0.072,-0.024,-0.025,0.109,-0.017,0.0,0.0,-0.012,0.087,-0.038,1.251,0.999,0.004,-0.016,-0.043,-0.02,-0.007,0.027,-0.1,0.1,0.0,0.015702422684694916,0.028292879442080445,1.0920125308957578,0.9998086211501368,0.01241063240543063,-0.00018267657903567208,-0.015121637028679039,-0.02865712370828943,0.0699337853052818,-0.004959393884874605,0.0,0.0,0.006638923037856272,0.020193301709303575,0.00668363410272018,1.0962233447760588,0.999796854875531,0.013080175735808549,-0.0006282276172784131,-0.015321987918592213,-0.005763183986266728,0.07352002484156295,0.005485052509799235,0.0,0.0,0.008372567170283287,0.0,0.0,1.0,1.0,0.0,0.0,0.0,26.00059625851157,0.0971465760601154,0.08,100.0,100.0,0.5,55.0,0.08,-0.5677113375468688,1.579325522279067,0.0039,0.0018,0.0096,0.0082
391,1763355112.11201,-0.016689996008291533,0.024482561241107353,0.3732479858162387,-0.0046094137507183735,-0.07677053546746875,-0.011157073077645348,0.12984334640083467,-0.0015318908326855463,0.02,0.014,1.098,0.997,-0.002,0.072,-0.024,0.032,-0.068,0.003,0.0,0.0,0.013,0.086,-0.039,1.253,0.999,0.002,-0.018,-0.042,-0.013,-0.015,0.038,0.0,-0.0,0.1,0.025966343412874463,-0.0030263775560470524,1.0990951218169187,0.9998117401651452,0.013080800138119061,-0.0006150893962102408,-0.014317770801537186,0.027866497087815887,-0.09691342951740049,0.012143573235222792,0.0,0.0,0.008656506081899093,0.021446580352215767,0.005869240828366186,1.0964731572423052,0.9998458378308882,0.008734317678109138,-0.0010006234430809037,-0.015199046669847052,-0.001675222554400591,0.042546744282484394,0.00772140399242289,0.0,0.0,0.008457372663534397,0.0,0.0,1.0,1.0,0.0,0.0,0.0,26.000097119760827,0.09714586127384607,0.08,100.0,100.0,0.5,55.0,0.08,-0.5715001542213737,1.5780351078806538,0.0018,0.0017,0.0088,0.008
392,1763355112.1936378,-0.02179370385695751,0.02784870772680616,0.37449396269354945,-0.004414675397765702,-0.0317772877464392,0.026011692893909324,0.1461978790676432,-0.0007548383917560297,0.019,0.01,1.098,0.997,-0.002,0.072,-0.024,-0.02,-0.07,-0.007,0.0,0.0,0.009,0.084,-0.041,1.255,0.999,0.005,-0.011,-0.044,-0.014,-0.045,0.038,0.1,-0.3,-0.0,0.014581056660321813,-0.006356751753464459,1.0970122773848936,0.9998583764628292,0.008735163712555132,-0.0009932106986097653,-0.014350521403015746,-0.023880178671242397,-0.08859511481478523,-0.0003697996413911241,0.0,0.0,0.00824677350166116,0.02040668270745884,0.004102912689423049,1.0963393667193817,0.9998647944374912,0.0061777254721801286,-0.001282719042118178,-0.01518496573333708,-0.005744987696412099,0.019476545823985607,0.006098600690409571,0.0,0.0,0.008304143821186665,0.0,0.0,1.0,1.0,0.0,0.0,0.0,25.998342063460576,0.0971442062671924,0.08,100.0,100.0,0.5,55.0,0.08,-0.574547029169306,1.5784037421111634,0.0034,0.0041,0.0191,0.0092
393,1763355112.2482061,-0.024528014293662102,0.029209624457449682,0.37178187719295175,-0.004315812007682846,-0.021844191129882045,0.01724784905076991,0.12687480850709282,-0.0011611863237478573,0.018,0.004,1.099,0.997,-0.003,0.073,-0.023,-0.02,-0.087,0.016,0.0,0.0,0.018,0.083,-0.043,1.256,0.999,0.002,-0.008,-0.043,-0.03,-0.028,0.029,-0.1,0.4,-0.1,0.013651827336895607,-0.01490478975486714,1.1029454900008888,0.9998819181564632,0.006179225817505116,-0.001275471852654539,-0.014012140578838476,-0.02345535443648051,-0.09458766456858278,0.024931135284939593,0.0,0.0,0.008761715661847672,0.019274562170564245,0.0008561530366639767,1.097192424887269,0.9998686847352649,0.005691559968885449,-0.0003549939306201775,-0.015168830218612945,-0.008752611964591223,-0.0014503460478653921,0.012012280789376958,0.0,0.0,0.00829455097691171,0.0,0.0,1.0,1.0,0.0,0.0,0.0,25.999155788421252,0.09714522556977716,0.08,100.0,100.0,0.5,55.0,0.08,-0.5774410246906033,1.5786857447225986,0.0019,0.0017,0.0087,0.0115
394,1763355112.332955,-0.03478418512254775,0.028050512336945922,0.3673951400213576,-0.004206924253444386,-0.06047885950455152,0.005158048569024833,0.11748451808938565,-0.0010739907316887664,0.017,-0.008,1.103,0.997,-0.006,0.073,-0.022,-0.006,-0.188,0.06,0.0,0.0,0.037,0.082,-0.046,1.258,0.999,-0.004,-0.018,-0.041,-0.014,-0.043,0.031,-0.2,-0.3,0.0,0.015461703934671061,-0.04580228640527567,1.114975040306885,0.999895119016815,0.005692209114232375,-0.00034442846869326636,-0.013312816786059134,-0.00860685444727427,-0.1829455759333081,0.06051110346090518,0.0,0.0,0.010165809277533999,0.01870474723131917,-0.007809871269364711,1.1003829381591381,0.9998844671728709,0.000710337563364179,-0.0013720255764934314,-0.015121682207595721,-0.00953384934641074,-0.030366283832802196,0.01903437026484535,0.0,0.0,0.008333729232651759,0.0,0.0,1.0,1.0,0.0,0.0,0.0,26.005651179811718,0.0971480197845302,0.08,100.0,100.0,0.5,55.0,0.08,-0.5827286240081139,1.5784063313243277,0.0044,0.003,0.0173,0.0164
395,1763355112.4114985,-0.03752892468309384,0.029776642446057325,0.36668666899073943,-0.004054434599510891,-0.02676776722368584,0.01914959267191175,0.13423082235491818,-0.0008151483253741623,0.016,-0.021,1.108,0.997,-0.008,0.074,-0.021,-0.028,-0.184,0.069,0.0,0.0,0.031,0.081,-0.048,1.261,0.999,-0.007,-0.009,-0.043,-0.005,-0.051,0.049,-0.2,-0.3,0.0,0.01018069393552637,-0.056687109909564624,1.1214764489974236,0.9999076452708445,0.0007125586042197042,-0.001370873397520996,-0.013502366284416164,-0.029128036221227147,-0.16678014525954477,0.058936845628154544,0.0,0.0,0.009475102248817905,0.01713814116456322,-0.01722409059220464,1.1041748420263007,0.999882618268114,-0.00240610280535578,-0.0005688306254933,-0.015120740269928514,-0.013203540056463434,-0.05048696635680064,0.02916487194129978,0.0,0.0,0.008104318533842669,0.0,0.0,1.0,1.0,0.0,0.0,0.0,26.011954347399463,0.09714613941315323,0.08,100.0,100.0,0.5,55.0,0.08,-0.5871826534121098,1.5787833518928187,0.0063,0.0015,0.0185,0.0252
396,1763355112.4693499,-0.03488723040948397,0.02978825505436614,0.37486496888859877,-0.004063367146425814,-0.0008648753881108449,0.011224303958815584,0.1783990003608239,-0.0015650757093912046,0.014,-0.031,1.108,0.997,-0.009,0.074,-0.02,-0.022,-0.155,0.005,0.0,0.0,0.017,0.08,-0.051,1.262,0.999,-0.009,-0.016,-0.042,-0.012,-0.046,0.022,-0.1,-0.6,-0.1,0.009598403177631666,-0.059831458148090017,1.1070638766701315,0.9998985687737131,-0.0024054787892345123,-0.000571463721493254,-0.01402637748279355,-0.02138831453253536,-0.1268553658579637,-0.017551064824758583,0.0,0.0,0.008079143386585132,0.015713378832013056,-0.025866715065663168,1.1051593854447812,0.9998752979650027,-0.004586248520486249,5.9483302594004615e-05,-0.015111297285210268,-0.014680869803102908,-0.06113120612122552,0.023932874739009128,0.0,0.0,0.007858658585726173,0.0,0.0,1.0,1.0,0.0,0.0,0.0,26.00932082151982,0.09715063985723216,0.08,100.0,100.0,0.5,55.0,0.08,-0.5903040647031067,1.5789696595425498,0.0048,0.0043,0.0226,0.013
397,1763355112.5267208,-0.036650966068853985,0.029736985336503374,0.3633037559839403,-0.004089842893285337,-0.02190138970040657,0.010914247056073457,0.08276829880993264,-0.0016561414142072925,0.013,-0.041,1.114,0.997,-0.011,0.075,-0.019,-0.023,-0.187,0.105,0.0,0.0,0.021,0.079,-0.053,1.261,0.999,-0.007,-0.012,-0.043,-0.019,-0.034,-0.044,0.2,0.4,0.0,0.008513531703004649,-0.07509205762325254,1.1319861739890262,0.9998931192936051,-0.0045863181799520175,5.384521512087544e-05,-0.013882102706339949,-0.021185349650630184,-0.14925879605917902,0.08859178765164562,0.0,0.0,0.008360434092050084,0.014249588980140978,-0.03623169671126288,1.1108905462244225,0.9998476679141056,-0.008711937262106484,-2.179472371596959e-05,-0.015124240174489368,-0.015786063725680137,-0.07137543820761498,0.026413585515957703,0.0,0.0,0.007662203666199787,0.0,0.0,1.0,1.0,0.0,0.0,0.0,26.02124071172633,0.09712915340855872,0.08,100.0,100.0,0.5,55.0,0.08,-0.5940668263502449,1.5791412143862074,0.0022,0.0057,0.0135,0.0124
398,1763355112.6150372,-0.031555520540399805,0.031228390695046886,0.37053444166074584,-0.004075695725627221,0.011733115366450702,0.01860839629390634,0.1723923368780053,-0.0014629552466914227,0.01,-0.05,1.116,0.997,-0.013,0.075,-0.019,-0.037,-0.134,0.036,0.0,0.0,0.017,0.078,-0.054,1.26,0.999,-0.01,-0.017,-0.042,-0.018,-0.011,-0.007,-0.3,-0.1,-0.1,0.002834475471817675,-0.07265299489799198,1.121187184172112,0.9998633687126383,-0.00871190875461955,-3.1172424425199595e-05,-0.014047974257743548,-0.034174014717328484,-0.09090397135269225,0.012523220610198393,0.0,0.0,0.008040549191350466,0.012047484349884304,-0.044476893053258665,1.1133705491359784,0.9998240811177519,-0.01108728902067615,0.0005414144475444512,-0.015119051213985562,-0.01837776467860724,-0.06948485121638585,0.018810886205844583,0.0,0.0,0.007398990487851248,0.0,0.0,1.0,1.0,0.0,0.0,0.0,26.023905889267112,0.09712344801760273,0.08,100.0,100.0,0.5,55.0,0.08,-0.5961768167241337,1.57973625424108,0.0074,0.0027,0.0263,0.0191
399,1763355112.6601796,-0.03281667358670003,0.03209565566879335,0.3760081911853151,-0.00410064260716943,-0.018139085434151093,0.016046971379374886,0.1663191632456259,-0.001653120304821251,0.008,-0.06,1.115,0.997,-0.015,0.075,-0.018,-0.041,-0.167,-0.02,0.0,0.0,0.025,0.076,-0.054,1.259,0.999,-0.017,-0.003,-0.043,-0.031,0.01,-0.018,-0.2,0.7,-0.0,0.00013725432469640974,-0.08894464810348661,1.1098955894963507,0.9998438855686798,-0.011088021487920353,0.0005262004517598988,-0.013747122735064014,-0.03722230035761044,-0.12240667478878992,-0.03342664188280014,0.0,0.0,0.008709411323722556,0.00963847886074912,-0.05421828272928083,1.1127720729699768,0.9998215675103297,-0.011294380962489397,0.0007034417251821238,-0.015125318826418493,-0.02073748114511243,-0.07113289573902336,0.018826976143751575,0.0,0.0,0.007360396624390215,0.0,0.0,1.0,1.0,0.0,0.0,0.0,26.018154652995975,0.09713968306473524,0.08,100.0,100.0,0.5,55.0,0.08,-0.5992771931072535,1.5803664314992583,0.0041,0.0029,0.0132,0.0144
400,1763355112.7330148,-0.023724393539550616,0.03729425395022849,0.3585389750262996,-0.004155319720538999,0.03315514764073457,0.03802886228297323,0.053656990899416,-0.0018111265445363831,0.003,-0.069,1.12,0.997,-0.016,0.077,-0.017,-0.087,-0.056,0.141,0.0,0.0,-0.008,0.075,-0.054,1.255,0.999,-0.013,-0.002,-0.044,-0.017,-0.0,-0.028,-0.1,-0.4,-0.2,-0.013982349369583001,-0.07577294465114784,1.1445877797394426,0.9998240335792227,-0.011294496126379817,0.0007015902206854403,-0.014961417238587222,-0.08204131891777115,-0.012185363036288236,0.1255575333281031,0.0,0.0,0.005973418142764484,0.005041141008659971,-0.059237865676108635,1.119990400491875,0.9998118807809299,-0.012275576932718434,0.0007097094652260156,-0.015000319088057802,-0.029147828668092235,-0.057053620933104086,0.01920130715177601,0.0,0.0,0.0072195833449627995,0.0,0.0,1.0,1.0,0.0,0.0,0.0,26.03624839057092,0.0970935064669864,0.08,100.0,100.0,0.5,55.0,0.08,-0.5993905132684471,1.5822669663553446,0.0022,0.0034,0.015,0.0211
401,1763355112.7942097,-0.015086399091019331,0.026197797586923283,0.3846313980324058,-0.004278666255409812,0.03429332466532494,-0.0414969365851904,0.26491423066539327,-0.0021749775695561867,0.006,-0.069,1.113,0.997,-0.017,0.076,-0.017,0.045,-0.01,-0.1,0.0,0.0,0.001,0.074,-0.052,1.252,0.999,-0.017,-0.008,-0.042,-0.014,0.047,-0.039,-0.4,0.2,0.1,0.015561153884013188,-0.06667610653126625,1.092624913357152,0.9998191857856603,-0.012275926848319655,0.0007036309905234505,-0.014505249337504428,0.05212711687799332,0.030592045598383515,-0.11961952997263194,0.0,0.0,0.006796702892526249,0.006436929852590381,-0.06164474373430398,1.1153762392944395,0.9998258966351631,-0.011134251839288093,0.001366227641858018,-0.014911011893981925,-0.017464852836378476,-0.03834890448727669,0.0012684360015915754,0.0,0.0,0.0071776363847731416,0.0,0.0,1.0,1.0,0.0,0.0,0.0,26.02115399435269,0.09713503148582106,0.08,100.0,100.0,0.5,55.0,0.08,-0.5984758461738895,1.580262049353165,0.0067,0.0027,0.0141,0.0079
402,1763355112.8570123,-0.012655557481478253,0.035751098014981386,0.3688590451367416,-0.004329405719352582,0.006496808388573146,0.057590676235386745,0.06537500978383178,-0.001858197165492533,-0.0,-0.07,1.116,0.997,-0.017,0.078,-0.017,-0.098,-0.007,0.032,0.0,0.0,0.008,0.073,-0.05,1.247,0.999,-0.014,-0.008,-0.043,-0.005,0.029,-0.064,0.1,-0.5,-0.1,-0.01877243107458617,-0.06751258465087415,1.121365018841979,0.9998369120917902,-0.011135284254757953,0.0013577873750358978,-0.014153129574895887,-0.0895896553192249,0.026995044030033385,0.0386698606789929,0.0,0.0,0.0075500275183754805,0.0014378066391549137,-0.06346621090626374,1.1166445375497176,0.9998260550249906,-0.011292761364830806,0.0016391374591765142,-0.014752845905503811,-0.026903700476384802,-0.02217634301336308,0.012019393478591862,0.0,0.0,0.007225387898849113,0.0,0.0,1.0,1.0,0.0,0.0,0.0,26.024125888191637,0.0971285108220894,0.08,100.0,100.0,0.5,55.0,0.08,-0.5980998652935837,1.5826002510418216,0.0022,0.0031,0.0184,0.0077
403,1763355112.929628,-0.01082940025954923,0.032675759142649266,0.3751936035560355,-0.004316608711693094,0.004384952054090761,-0.0019700326060426085,0.16999493402274743,-0.001559542106459776,-0.002,-0.069,1.115,0.997,-0.017,0.079,-0.016,-0.025,0.009,-0.016,0.0,0.0,0.012,0.073,-0.047,1.243,0.999,-0.013,-0.013,-0.042,-0.003,0.052,-0.075,-0.1,-0.2,0.0,-0.006111515512500773,-0.06422077218394003,1.1092970162081663,0.9998391219384908,-0.011294254871028541,0.0016288148333494052,-0.013838967100718476,-0.016967391585055752,0.032912101569634235,-0.026131356054891468,0.0,0.0,0.007993312416309037,-0.0004485471856502377,-0.06403243348569088,1.1163797543586957,0.9998516385840431,-0.008456985187221268,0.003417098486536593,-0.014611764447891225,-0.02377806542249843,-0.008281411829217067,-0.017015059925267334,0.0,0.0,0.007324849698596541,0.0,0.0,1.0,1.0,0.0,0.0,0.0,26.0242580366658,0.09712829676698692,0.08,100.0,100.0,0.5,55.0,0.08,-0.5975869153924508,1.582670346112912,0.0021,0.0045,0.0187,0.0129
404,1763355112.9895215,0.0043710832214007445,0.02691690489236527,0.3799158740404897,-0.004433311155686904,0.0719413923074189,-0.016540861572926495,0.16430895375578417,-0.002202240486853963,-0.001,-0.058,1.109,0.997,-0.016,0.078,-0.017,0.024,0.165,-0.088,0.0,0.0,-0.027,0.073,-0.042,1.238,0.999,-0.012,-0.006,-0.042,-0.001,0.061,-0.07,-0.2,-0.3,0.1,0.0045448641699246065,-0.023043948049745997,1.0951766671785954,0.9998440981764667,-0.00845525078554869,0.0034213878290905468,-0.015118934524778539,0.03178122145571883,0.17965961261365931,-0.061604190068907376,0.0,0.0,0.0047452319399705544,6.618686685260292e-05,-0.05681374943768183,1.111175058291464,0.9998802412717,-0.005236411399257235,0.0005622746131205083,-0.014552214861106355,-0.01503256960331182,0.022921557017321764,-0.0026119226619875525,0.0,0.0,0.007317075887334993,0.0,0.0,1.0,1.0,0.0,0.0,0.0,26.011721798700805,0.09714067008369555,0.08,100.0,100.0,0.5,55.0,0.08,-0.5928867247059785,1.5815608505914271,0.0021,0.0019,0.0108,0.0138
405,1763355113.0586414,0.0057154985578402534,0.028863821410093658,0.3786074201530135,-0.004630137002513011,0.008361232890222826,0.019828421923278904,0.13592618332780254,-0.0026466209175131225,-0.001,-0.052,1.106,0.997,-0.015,0.078,-0.018,-0.016,0.127,-0.053,0.0,0.0,-0.026,0.072,-0.037,1.234,0.999,-0.012,-0.008,-0.041,-0.003,0.074,-0.069,0.0,0.0,0.1,-0.003446794129569783,-0.02556981027911385,1.0946120738877982,0.9998733368436973,-0.005236148264351697,0.0005647197858740516,-0.01501912487356489,-0.009030311690846308,0.13164532593957007,-0.04174742864838636,0.0,0.0,0.004964666639694135,-0.0010235414698671263,-0.05066572227819897,1.1085329787731466,0.9998856854153928,-0.003275540036711157,0.002755721387685226,-0.014501480562046448,-0.013247311254265792,0.04137845850956083,-0.018996956513613956,0.0,0.0,0.007354577593728753,0.0,0.0,1.0,1.0,0.0,0.0,0.0,26.006726953123305,0.0971420101173395,0.08,100.0,100.0,0.5,55.0,0.08,-0.5900588227632992,1.5817550988044848,0.0037,0.0015,0.0135,0.0145
406,1763355113.1131423,0.004765915257113896,0.032188926036660535,0.37586716224094685,-0.004646297427699497,-0.0026046045444416896,0.027449456161619493,0.12827649299704652,-0.0018171035018748074,-0.003,-0.038,1.096,0.997,-0.013,0.077,-0.019,-0.043,0.117,-0.038,0.0,0.0,-0.008,0.072,-0.032,1.229,0.999,-0.006,-0.006,-0.043,-0.001,0.079,-0.048,-0.0,-0.3,-0.0,-0.010877064999734625,-0.014512900108667,1.0909694142889939,0.9998885800004595,-0.00327609386778077,0.0027550629517549595,-0.014300504248661666,-0.03805754776519077,0.11037058223249295,-0.00678298003380174,0.0,0.0,0.00673854594401834,-0.0032816750218268875,-0.043986186828336354,1.1054208693067356,0.9998910992271282,-0.0018439332433772243,0.0022236979701023207,-0.01447220660083502,-0.014640977181640934,0.054553982168923806,-0.016718961770352363,0.0,0.0,0.007430480805146873,0.0,0.0,1.0,1.0,0.0,0.0,0.0,26.00330865704488,0.09713983757074224,0.08,100.0,100.0,0.5,55.0,0.08,-0.5879343783217013,1.5827578858316993,0.0018,0.0026,0.0089,0.0086
407,1763355113.2022076,0.013929142620889335,0.02708719073904077,0.3783868713691421,-0.004583458341912345,0.0476033550402949,-0.01343782922435114,0.15354873148133152,-0.0014281661064515475,-0.001,-0.024,1.092,0.997,-0.011,0.076,-0.02,0.028,0.219,-0.057,0.0,0.0,-0.022,0.072,-0.027,1.226,0.999,-0.002,-0.005,-0.042,0.004,0.08,-0.059,0.3,-0.0,0.0,0.004897438031913941,0.018568676686685524,1.0839417093317942,0.9998867640851106,-0.0018432738085538704,0.002224244621206971,-0.01476868595841864,0.030499455715456016,0.20134804316315785,-0.02703514272732898,0.0,0.0,0.005668895744784647,-0.0022089391513560883,-0.032100784269087176,1.1013629755895253,0.9998881962156821,0.003324827963385011,0.000417032970016812,-0.014572805874826521,-0.007395776544969789,0.07635870310983774,-0.010768780360665076,0.0,0.0,0.007534539847138963,0.0,0.0,1.0,1.0,0.0,0.0,0.0,25.99627058482133,0.09713004823141937,0.08,100.0,100.0,0.5,55.0,0.08,-0.5830034651216696,1.5818178297317644,0.0021,0.0018,0.0151,0.0228
408,1763355113.2706223,0.01624886199611835,0.023593133443891582,0.38486684387983083,-0.004670678553685691,0.016822025358978577,-0.007312589948605676,0.17429493931687148,-0.0021548979370838565,0.002,-0.012,1.087,0.997,-0.009,0.075,-0.021,0.045,0.214,-0.107,0.0,0.0,-0.032,0.073,-0.021,1.225,0.999,-0.001,-0.013,-0.043,0.008,0.077,-0.038,0.3,-0.5,-0.0,0.011175703232011917,0.028562729987207106,1.068016154275188,0.9998784528937631,0.0033250999611941848,0.0004148586895008882,-0.015226655617390183,0.04680081916667557,0.18774691507733904,-0.07986461935861322,0.0,0.0,0.00478833215424572,-0.00013554445202266672,-0.01997200605610358,1.0952301321895557,0.9998768006952596,0.00543326717863369,0.0005103833104843886,-0.014717423281739597,0.0003659899721070404,0.09067488057846099,-0.01617038924494408,0.0,0.0,0.0077406485855132405,0.0,0.0,1.0,1.0,0.0,0.0,0.0,25.982493016027615,0.09710664011925448,0.08,100.0,100.0,0.5,55.0,0.08,-0.5786637318451626,1.5805605688469775,0.0021,0.0105,0.0242,0.0079
409,1763355113.333346,0.00899782878670891,0.026676875559234828,0.3789961259341266,-0.0046959016982077596,-0.030161842798502824,0.024266135618175592,0.1149714767264156,-0.0018776201802424778,0.001,-0.003,1.083,0.997,-0.009,0.075,-0.021,-0.002,0.133,-0.055,0.0,0.0,-0.009,0.073,-0.016,1.224,0.999,0.001,-0.006,-0.042,0.003,0.083,-0.006,0.0,0.3,0.0,0.0008149300384407236,0.02071836453313801,1.074312912007398,0.9998795403225774,0.00543317146768582,0.0005114011739953431,-0.014530105331804726,-0.0017920562133493633,0.0991113773635828,-0.01698262223076346,0.0,0.0,0.006791495113529048,-0.00014749577482569252,-0.01122505124546136,1.0914972717770388,0.9998701558453879,0.006305832912591912,0.0013707817117531692,-0.01476580097715396,0.0010515703720514543,0.09029580322612278,-0.01827045408211088,0.0,0.0,0.007923091786798269,0.0,0.0,1.0,1.0,0.0,0.0,0.0,25.976700038819487,0.09709377573882962,0.08,100.0,100.0,0.5,55.0,0.08,-0.5771214458197825,1.5807303909590003,0.0021,0.0061,0.0184,0.0155
410,1763355113.3948553,0.009882299459097634,0.025154233382856387,0.3743012044708947,-0.0046674987330482896,0.0077965391569594575,0.0023906174528208757,0.11864893990913805,-0.00161894831103056,0.003,0.008,1.082,0.997,-0.007,0.075,-0.022,0.028,0.171,-0.016,0.0,0.0,-0.019,0.073,-0.011,1.224,0.999,-0.0,-0.009,-0.041,0.003,0.088,0.014,0.1,0.2,-0.0,0.008497297467388865,0.03846608240836616,1.0827347753966614,0.9998675099521273,0.0063060769713853045,0.0013696585172108706,-0.014943894101265683,0.0250194937885622,0.13107066125845107,0.025204016768179866,0.0,0.0,0.006003046142291148,0.0012997256462084464,-0.0006514354926816799,1.0895428088497983,0.999843133162561,0.009620248567703504,-4.6891764138163464e-06,-0.014871444555945712,0.005381045102407034,0.09288513455719745,-0.009720629637680857,0.0,0.0,0.007878373518672778,0.0,0.0,1.0,1.0,0.0,0.0,0.0,25.975506570468166,0.09709060875332585,0.08,100.0,100.0,0.5,55.0,0.08,-0.574338621244177,1.5801331054896057,0.0057,0.0035,0.0117,0.0162
411,1763355113.447976,0.007391384945519058,0.028007661253504103,0.36817880985015633,-0.00468434228621483,-0.008748710270731267,0.023699976871809705,0.1097509785728936,-0.00183452979072581,0.002,0.023,1.085,0.997,-0.005,0.075,-0.023,-0.004,0.139,0.044,0.0,0.0,-0.012,0.073,-0.006,1.226,0.999,0.005,0.0,-0.043,-0.008,0.074,0.02,0.3,0.5,-0.1,0.0007117899143989826,0.046544561504315726,1.098059852699261,0.9998443813872591,0.009620248928323423,-3.879416037424951e-06,-0.01478728520846619,-0.00934256883196419,0.09735252349309742,0.07479361700205334,0.0,0.0,0.006579589577991873,0.0013159378972802708,0.008972475571704878,1.090559932728997,0.9998210202942462,0.011468788894773506,-0.0015096402142702485,-0.01497047913338252,0.0028475403991741685,0.0879345882217826,0.016656852202761353,0.0,0.0,0.008002803158590827,0.0,0.0,1.0,1.0,0.0,0.0,0.0,25.979417837947143,0.09710096046580571,0.08,100.0,100.0,0.5,55.0,0.08,-0.5724480651617022,1.580457086305932,0.0021,0.0026,0.0097,0.0081
412,1763355113.5265536,-0.004977668622572267,0.03417450170387375,0.36431902225764273,-0.004644624871865541,-0.05907349848588697,0.04133707522191225,0.11876811573124064,-0.0015580412855841126,0.001,0.024,1.088,0.997,-0.005,0.075,-0.023,-0.057,0.021,0.103,0.0,0.0,0.009,0.074,-0.002,1.229,0.999,-0.001,-0.012,-0.043,0.02,0.051,0.053,-0.1,-0.6,-0.0,-0.010966377962630806,0.024137765965233548,1.1094152803937265,0.999833435390015,0.011470073403413081,-0.0014998494623587662,-0.014116987777542995,-0.06235352913021436,-0.018151348126086923,0.10069771456417193,0.0,0.0,0.008349463295796252,-0.001049779662517427,0.012821624135784483,1.0949866053209945,0.9998356121297954,0.010162603358974608,-0.0011200943472980582,-0.014973830460456472,-0.007131472577271549,0.06721489977526234,0.035843086870433694,0.0,0.0,0.008169724820567211,0.0,0.0,1.0,1.0,0.0,0.0,0.0,25.989336097222864,0.09711618296527309,0.08,100.0,100.0,0.5,55.0,0.08,-0.5739536957982511,1.5819872465788978,0.005,0.0017,0.012,0.0148
413,1763355113.588032,-0.004496803955752325,0.030576350206739725,0.3811915354025886,-0.0045402138488036675,0.0005376976006351078,-0.005175319346717434,0.22098219907134506,-0.0012196792116402088,0.001,0.028,1.086,0.997,-0.006,0.074,-0.023,0.004,0.068,-0.032,0.0,0.0,-0.001,0.074,0.002,1.229,0.999,0.007,0.0,-0.04,0.004,0.059,-0.008,0.2,0.1,0.1,0.0013083593816534342,0.037863070314982324,1.0781327375396597,0.9998427607067811,0.01016314570676171,-0.0011151626436632887,-0.014488641891622234,0.0009561544883989598,0.03397310578191478,-0.05583557343912883,0.0,0.0,0.0074660207342600446,-0.0008388589236121939,0.018277120995446476,1.0934875550934902,0.9998338376693295,0.010226399907854912,-0.0015222431030083837,-0.015013346471752306,-0.007165324677287591,0.05684208868927871,0.02668279236023551,0.0,0.0,0.008158457155461107,0.0,0.0,1.0,1.0,0.0,0.0,0.0,25.980207413340025,0.09711757516585431,0.08,100.0,100.0,0.5,55.0,0.08,-0.5734827659941486,1.5816451518726646,0.0028,0.0017,0.0135,0.0116
414,1763355113.6488671,-0.004231364219652255,0.03097061690981257,0.3699412872377593,-0.004518580048761703,-0.0003591028029067706,0.013437464842891612,0.08669558495182421,-0.001594411193091551,-0.0,0.032,1.09,0.997,-0.006,0.075,-0.023,-0.016,0.06,0.063,0.0,0.0,-0.003,0.074,0.006,1.231,0.999,0.001,0.003,-0.042,-0.005,0.065,0.008,-0.1,0.4,-0.0,-0.0033783026892392994,0.04081998495307885,1.099541737923127,0.9998398956792921,0.01022702177237628,-0.0015180595533025366,-0.01460433253805792,-0.015388846729796346,0.03311138179655241,0.054738422871771865,0.0,0.0,0.007166298630064137,-0.0015806617949840705,0.02307272009047306,1.0965238352655988,0.9998413833546208,0.009455573736648692,-0.0007707098044506345,-0.015073362704660911,-0.009688237960786482,0.047399246598536,0.02253430526332364,0.0,0.0,0.008168551362580581,0.0,0.0,1.0,1.0,0.0,0.0,0.0,25.986027574859563,0.0971117741804842,0.08,100.0,100.0,0.5,55.0,0.08,-0.5729632958984282,1.581867442910493,0.0021,0.0038,0.0096,0.0077
415,1763355113.7307742,-0.014387303191429425,0.0288191190214661,0.37378697233037605,-0.004332569165728695,-0.052366456441255434,0.0008564918994473656,0.15795640817724366,-0.000764413103120606,-0.0,0.03,1.091,0.997,-0.006,0.075,-0.021,0.001,-0.054,0.018,0.0,0.0,0.043,0.074,0.009,1.231,0.999,-0.0,-0.01,-0.041,0.013,0.044,0.002,0.0,-0.6,0.1,0.000474972035585912,0.016923641398409794,1.0932700535721678,0.9998706709143497,0.009457162014403445,-0.0007509693237418968,-0.012986130177863172,0.004513809779878859,-0.0733905047452742,0.012704374239166585,0.0,0.0,0.01095222163468306,-0.0016297845015650421,0.022277025196636973,1.0974445900704435,0.9998712927862194,0.005564013529503728,0.001419039841874052,-0.014980852491924176,-0.007695543260484776,0.026119561778160365,0.007566911830710198,0.0,0.0,0.008343748361939293,0.0,0.0,1.0,1.0,0.0,0.0,0.0,25.987477507015292,0.09711011381419597,0.08,100.0,100.0,0.5,55.0,0.08,-0.575516401743725,1.58147646066885,0.0021,0.0043,0.0198,0.013
416,1763355113.800601,-0.013915040685442482,0.0285048858771897,0.37683076754605094,-0.004216990886228186,-0.0030339261668513202,0.009236003911667802,0.15538909070226514,-0.0010468220396457123,-0.001,0.028,1.089,0.997,-0.007,0.076,-0.021,-0.006,-0.017,-0.026,0.0,0.0,0.019,0.074,0.012,1.232,0.999,-0.001,0.002,-0.042,-0.011,0.07,-0.019,0.2,1.0,-0.0,-0.001770711893778661,0.022952174495109494,1.0860037803811016,0.9998885221024655,0.00556230955134747,0.0014257044168814142,-0.01378301299129243,-0.002100152029776014,-0.030178138828398086,-0.011953789946999135,0.0,0.0,0.008702854099555162,-0.001999418767614516,0.022546055941623924,1.095448098459246,0.999877921234249,0.004484583275074539,0.000973506234984079,-0.014935977595594757,-0.0061475928615644885,0.015112251596165926,0.018778170791974833,0.0,0.0,0.00819190690335541,0.0,0.0,1.0,1.0,0.0,0.0,0.0,25.98057760478748,0.09712097387271364,0.08,100.0,100.0,0.5,55.0,0.08,-0.5765229203308381,1.58143234414178,0.0039,0.0024,0.0216,0.0094
417,1763355113.8470254,-0.0069025525306579,0.031035025481675048,0.3683739580618985,-0.004252789822532628,0.029844300516881972,0.023340030226372873,0.09902749040900649,-0.001760366263857779,-0.003,0.032,1.094,0.997,-0.007,0.077,-0.021,-0.029,0.045,0.063,0.0,0.0,-0.002,0.075,0.015,1.232,0.999,-0.005,-0.008,-0.041,0.005,0.059,0.008,0.0,0.1,-0.0,-0.008466993213411673,0.03989595957804099,1.1053637396457436,0.9998840643630195,0.0044841768148286285,0.0009753767651448988,-0.014518905996954082,-0.026229415735031958,0.03832241321361539,0.06381472208401812,0.0,0.0,0.006746157328744861,-0.003437619441425415,0.02550346515931255,1.0984816002039919,0.9998803199242817,0.0038676207527535956,0.0010857084204525685,-0.014940166500231106,-0.0083082878280159,0.015330819973262282,0.017442779324653046,0.0,0.0,0.008019809850352654,0.0,0.0,1.0,1.0,0.0,0.0,0.0,25.987181462766678,0.09710850537021239,0.08,100.0,100.0,0.5,55.0,0.08,-0.5754953591954611,1.5821318421178923,0.0027,0.0016,0.0099,0.0082
418,1763355113.91266,-0.010033355963241276,0.026974906620453834,0.3766354255038704,-0.004319019280532823,-0.01824247436191359,-0.0086624597504779,0.17944757148307172,-0.001925943473450711,-0.001,0.03,1.093,0.997,-0.009,0.077,-0.021,0.021,-0.022,-0.017,0.0,0.0,0.005,0.076,0.018,1.232,0.999,-0.006,-0.009,-0.04,0.009,0.051,0.012,-0.1,0.2,0.0,0.00343434355793282,0.02524073853001258,1.0902592078700282,0.9998899550980386,0.0038669039191111124,0.0010882587659812452,-0.014280771722186655,0.023213185182078815,-0.023811177300339194,-0.01629878878247232,0.0,0.0,0.0073086615531795926,-0.002533824475571278,0.02519882494174186,1.0975235626425226,0.9998885529590078,0.0004534505741659725,0.0005944545389533948,-0.014910488520479858,-0.0033582606582461478,0.008420558061200054,0.014479234918806143,0.0,0.0,0.007764644660651258,0.0,0.0,1.0,1.0,0.0,0.0,0.0,25.982354488315796,0.09711881643558355,0.08,100.0,100.0,0.5,55.0,0.08,-0.5764133047956134,1.5813200477808182,0.002,0.0032,0.0065,0.0096
419,1763355113.9984586,-0.011557610075678298,0.030294902731719874,0.36626010234727113,-0.0042660673172759435,-0.011383779048400594,0.0267155705390004,0.08936166878095492,-0.0013548724139154085,-0.003,0.029,1.098,0.997,-0.009,0.077,-0.02,-0.028,-0.029,0.074,0.0,0.0,0.012,0.076,0.021,1.231,0.999,-0.005,-0.006,-0.04,0.013,0.045,0.009,-0.2,-0.3,-0.0,-0.008407477975933598,0.023200542497568737,1.1129305826811324,0.9999017673978231,0.00045290688739303095,0.0005948688707990191,-0.013996305265597912,-0.0262012373328734,-0.02976295742344258,0.07880145179697072,0.0,0.0,0.007973759290490368,-0.0038252864410659184,0.02440372452833531,1.1008605288459579,0.999888822921307,-0.0004706932568847093,0.0003051642071814511,-0.014900574475766653,-0.006368448540215463,0.0036908103401781826,0.029080568874223688,0.0,0.0,0.007585774227795737,0.0,0.0,1.0,1.0,0.0,0.0,0.0,25.98901909954962,0.09710265103341502,0.08,100.0,100.0,0.5,55.0,0.08,-0.5774064633826503,1.5819781401683521,0.0033,0.0026,0.0135,0.0159
420,1763355114.060711,-0.008901556807516356,0.030818591292788005,0.3745452916991033,-0.0042702471653969865,0.008946162562430355,0.013979031329735587,0.1787734851393874,-0.0016206744845836958,-0.004,0.029,1.099,0.997,-0.01,0.078,-0.02,-0.018,0.004,0.011,0.0,0.0,0.005,0.077,0.024,1.229,0.999,-0.003,-0.003,-0.041,0.01,0.057,-0.011,-0.2,0.2,0.1,-0.007412428232034333,0.02962207710116308,1.0996994070329815,0.9998984733880587,-0.00047089528772712103,0.0003048523633134741,-0.014238266709618645,-0.016448480491344338,0.0024507676055930618,-0.004439491594799944,0.0,0.0,0.007356948662835761,-0.004739679915990614,0.025004534464487818,1.1017996950803617,0.9998881678482094,0.0011270727209150956,0.0009499738706613502,-0.014882172350761736,-0.0072946963383368115,0.0035025235238197333,0.017519788487258103,0.0,0.0,0.007536612341818968,0.0,0.0,1.0,1.0,0.0,0.0,0.0,25.987942689795737,0.09710568100534946,0.08,100.0,100.0,0.5,55.0,0.08,-0.5773559861100651,1.5823164414522886,0.0033,0.0041,0.011,0.0147
421,1763355114.125882,-0.0024271868779112155,0.02927846240870441,0.3791189902358031,-0.004335378104156077,0.02903376584520707,0.0038563273143775267,0.163322977070663,-0.00192699738081932,-0.004,0.033,1.096,0.997,-0.01,0.077,-0.02,0.001,0.06,-0.04,0.0,0.0,-0.008,0.078,0.028,1.228,0.999,-0.004,-0.006,-0.039,0.02,0.054,-0.039,0.1,0.1,0.1,-0.003665756450481256,0.0448078699867693,1.0880159713745787,0.9998909311785568,0.001126895195328109,0.0009501844515233278,-0.014695339519911164,0.0027475809971033746,0.05866598228298579,-0.0393794157977417,0.0,0.0,0.00626369302091272,-0.00478024233229472,0.02821530514095014,1.0997234737367616,0.999889760197575,0.0003585739473845222,-0.00010499675500958183,-0.014843444763302715,-0.005773856230553678,0.010818234737799637,0.016671753842342547,0.0,0.0,0.007524954640900099,0.0,0.0,1.0,1.0,0.0,0.0,0.0,25.979282369630617,0.09713325698813183,0.08,100.0,100.0,0.5,55.0,0.08,-0.5757550993505273,1.5821455187992988,0.0021,0.0029,0.0133,0.0145
422,1763355114.1906762,-0.005365403630493262,0.02167038051415502,0.3832355051440965,-0.004294721044002564,-0.015601278842126929,-0.02706098606948279,0.1627521958798935,-0.0014224814882909617,0.0,0.033,1.091,0.997,-0.01,0.076,-0.02,0.071,0.001,-0.072,0.0,0.0,0.013,0.079,0.031,1.227,0.999,-0.005,-0.004,-0.042,0.024,0.053,-0.012,-0.1,-0.5,-0.0,0.01438971149090757,0.03311986334884971,1.074967699739744,0.9999034757039074,0.00035867402547156736,-0.00010465437285408419,-0.013888832767773404,0.07334325849385648,-0.0014264344427682646,-0.06788461301232131,0.0,0.0,0.008090257137261468,-0.0015378822453172868,0.028818191479731598,1.0963712928783398,0.9998902976531322,-0.00018504204081000214,0.0007718900358500872,-0.014790625556301876,0.005361664238505584,0.00959799162905252,-0.008649229642488186,0.0,0.0,0.0075453905396524025,0.0,0.0,1.0,1.0,0.0,0.0,0.0,25.9696604014653,0.09716129209913701,0.08,100.0,100.0,0.5,55.0,0.08,-0.5759480653965031,1.5800646899042787,0.0041,0.0027,0.0132,0.0085
423,1763355114.2816985,0.0010434585407302242,0.025615381629037266,0.371050697608067,-0.0044007303550161764,0.030032284494682458,0.027851398267219375,0.08278927674888925,-0.0021405669465690224,0.0,0.037,1.092,0.997,-0.01,0.077,-0.02,0.0,0.081,0.013,0.0,0.0,-0.016,0.081,0.035,1.226,0.999,-0.004,-0.007,-0.042,0.02,0.054,-0.009,-0.1,-0.2,-0.0,0.00028068952060646276,0.052846947224561354,1.0968444112966744,0.9998887328010773,-0.00018496066359853378,0.0007719095395400748,-0.01489603848920168,0.001043767960255933,0.07515618896945586,0.04797434010554806,0.0,0.0,0.005638015405198272,-0.001336381385223823,0.03305254347195334,1.096288797074241,0.9998904158001534,0.00033261425312963695,0.001014409805424031,-0.014765389649505955,0.005654871880474987,0.019599190738089904,-0.0018141541937122,0.0,0.0,0.007431861589096417,0.0,0.0,1.0,1.0,0.0,0.0,0.0,25.97167146932209,0.09715696197515064,0.08,100.0,100.0,0.5,55.0,0.08,-0.5739697694790159,1.5802951722679304,0.0072,0.0069,0.03,0.0124
424,1763355114.3096497,0.0055799191304388394,0.025818909591132005,0.36756775430041966,-0.004404134471227805,0.023073599901316907,0.010623407921362658,0.12172929506478816,-0.0016672944641892076,0.001,0.045,1.094,0.997,-0.009,0.077,-0.021,0.017,0.101,0.048,0.0,0.0,0.004,0.082,0.039,1.227,0.999,-0.004,-0.007,-0.042,0.012,0.069,0.014,-0.1,0.4,0.1,0.004394861698485697,0.06439880338231105,1.1068643560481486,0.9998995387128948,0.0003319737346445938,0.00101461960075268,-0.014134101395047963,0.014544459047352238,0.0911100574950072,0.07074130574207575,0.0,0.0,0.007433062034213855,-0.00034182218821610165,0.038641573505545715,1.0979311084962189,0.9998879398425323,0.002386268827587231,0.0006255848673828683,-0.01476557219049173,0.008122318900251531,0.029487778403975224,0.015010582775032796,0.0,0.0,0.007550187842037602,0.0,0.0,1.0,1.0,0.0,0.0,0.0,25.976419830003795,0.09714919285406101,0.08,100.0,100.0,0.5,55.0,0.08,-0.5716250076802684,1.5800848443756845,0.002,0.0016,0.007,0.0074
425,1763355114.390271,0.008270769206467053,0.02144319674346821,0.3801230284677952,-0.004462225038697487,0.015546720054055633,-0.012196473141644477,0.20061427869953521,-0.0019420032640588367,0.005,0.053,1.091,0.997,-0.009,0.076,-0.021,0.065,0.113,-0.048,0.0,0.0,-0.016,0.083,0.043,1.227,0.999,-0.002,0.002,-0.041,0.021,0.066,0.007,-0.0,0.4,0.1,0.01753887863184707,0.07444565136382124,1.0833983370170448,0.9998864672149309,0.0023863309985179427,0.0006253476707603028,-0.014864960312800345,0.05964866446968453,0.09848915971678178,-0.04534790709186393,0.0,0.0,0.005789453138371144,0.002998596595142124,0.04510127332688847,1.0952565467508184,0.9998874552841727,0.0020316285143247353,-0.0017282385726746527,-0.014763551143180988,0.01521984028271237,0.03897761171210751,0.02207613496301212,0.0,0.0,0.0074488690836032705,0.0,0.0,1.0,1.0,0.0,0.0,0.0,25.965692986079233,0.09717119235526275,0.08,100.0,100.0,0.5,55.0,0.08,-0.5691569559020989,1.5785845391219548,0.0026,0.002,0.0109,0.0144
426,1763355114.4490476,0.007523503398895122,0.0216230838483174,0.3854646298127859,-0.004529178860238514,-0.000634790585434507,0.008940634303046528,0.16925414240037628,-0.002008103497216692,0.008,0.058,1.087,0.997,-0.009,0.075,-0.022,0.048,0.097,-0.082,0.0,0.0,-0.017,0.085,0.046,1.227,0.999,0.0,-0.005,-0.041,0.026,0.06,0.011,-0.0,-0.1,-0.0,0.01697479375968371,0.07573248453211061,1.0688020120860091,0.9998855458066553,0.002031405942320989,-0.0017285001827598485,-0.014892312242986816,0.04105316479154268,0.07616259892611879,-0.0823977047041307,0.0,0.0,0.005791862874867425,0.0057172401040704295,0.050989339881353235,1.0915071363352549,0.9998811097977157,0.004102344023919062,-0.0012601855207739002,-0.014810434688121049,0.01816130293783899,0.043913021173105984,0.001066195186672841,0.0,0.0,0.007528996571511295,0.0,0.0,1.0,1.0,0.0,0.0,0.0,25.95304898717971,0.0972009444096712,0.08,100.0,100.0,0.5,55.0,0.08,-0.5673804285812553,1.5776956970381122,0.0021,0.0018,0.01,0.0084
427,1763355114.541771,0.01078580093252943,0.025255749635850887,0.37460530919138924,-0.004606074235923436,0.019132801442757207,0.02627198538078642,0.09025263307281117,-0.002082918951014049,0.009,0.068,1.087,0.997,-0.007,0.075,-0.022,0.012,0.136,-0.003,0.0,0.0,-0.019,0.086,0.05,1.227,0.999,-0.002,-0.012,-0.041,0.02,0.056,-0.005,-0.1,0.2,0.1,0.010688878714535392,0.09277595807159085,1.0865294593703223,0.9998781480437662,0.0041020936127906735,-0.0012610004081103998,-0.015009056283825739,0.003127062039217404,0.10866925280719618,0.023771051268868016,0.0,0.0,0.005719283499336719,0.0068389360583306896,0.05896015312716917,1.0911274681046754,0.9998699428841589,0.006079397041149337,-0.001313188675615426,-0.014879979299284236,0.015910086748237236,0.051503113883534575,-0.009308857886367018,0.0,0.0,0.007540150206756232,0.0,0.0,1.0,1.0,0.0,0.0,0.0,25.95377459902389,0.09719934362033013,0.08,100.0,100.0,0.5,55.0,0.08,-0.564594845706574,1.5779066908311388,0.002,0.0075,0.0222,0.019
428,1763355114.6313424,0.012202542945918488,0.028815223096286664,0.36681643820937904,-0.0046354165376252,0.01112838541664383,0.027268273415622955,0.10153263603672051,-0.0018739893469801084,0.008,0.076,1.09,0.997,-0.006,0.075,-0.023,-0.008,0.139,0.051,0.0,0.0,-0.008,0.087,0.053,1.229,0.999,0.005,-0.003,-0.044,0.013,0.051,0.028,0.2,0.1,-0.1,0.005381216774535248,0.10080508135080986,1.104549291999587,0.9998730784152975,0.00607967560861852,-0.001311898386182767,-0.014667771726985067,-0.01865867916601731,0.10729827541111628,0.08666052664451293,0.0,0.0,0.006761703967265528,0.006936710996549329,0.0672328992953727,1.0927852009678636,0.9998550329437033,0.007604626036159718,-0.002759241074959523,-0.014982301181283233,0.010085954424528473,0.056332255206691245,0.011967725124443118,0.0,0.0,0.007662308484214871,0.0,0.0,1.0,1.0,0.0,0.0,0.0,25.95944502626797,0.09719404930871921,0.08,100.0,100.0,0.5,55.0,0.08,-0.5618545336788867,1.5785726445080983,0.0088,0.0018,0.0544,0.0085
429,1763355114.6620088,0.012244264623406016,0.030308365563136253,0.36914763783838883,-0.004639683811630235,0.004784561992157073,0.018271420995355447,0.14921216247356606,-0.0017596175716346224,0.008,0.076,1.09,0.997,-0.006,0.075,-0.023,-0.008,0.139,0.051,0.0,0.0,-0.008,0.087,0.053,1.229,0.999,0.005,-0.003,-0.044,0.013,0.051,0.028,0.2,0.1,-0.1,0.005269082113921461,0.10049196750136068,1.1031289955895365,0.9998582977432142,0.007605231557006289,-0.0027575716534476062,-0.014762814283955785,-0.017663637362891504,0.10431927145815655,0.058440382405704254,0.0,0.0,0.006829934749837934,0.006919434127082217,0.07499059957273096,1.0946292200772105,0.9998492004732841,0.00799423807313429,-0.0031390924911428053,-0.015093527384178315,0.0040650452182838595,0.059159906797640334,0.036529964162107895,0.0,0.0,0.007783551486843219,0.0,0.0,1.0,1.0,0.0,0.0,0.0,25.961364999012215,0.09719070079259005,0.08,100.0,100.0,0.5,55.0,0.08,-0.5592571900115071,1.5790488004018783,0.0034,0.0062,0.0116,0.0085
430,1763355114.7335682,0.0034177608033663202,0.03052571711596998,0.3747262279817403,-0.004610304048254966,-0.03954091986642122,0.012452394850344743,0.16632331490615304,-0.0015929826124849895,0.011,0.084,1.089,0.997,-0.004,0.074,-0.023,-0.011,0.046,0.028,0.0,0.0,0.004,0.09,0.058,1.234,0.999,0.009,-0.001,-0.041,0.022,0.032,0.007,0.4,0.5,0.0,0.007968387929265458,0.08962408642172896,1.0926848659999444,0.9998590067859676,0.007996321672750255,-0.003133781061880931,-0.014429303688695636,-0.016995265610361483,0.008559351040237192,0.007064343277343164,0.0,0.0,0.00785904120515181,0.00686538424243589,0.0788913273395381,1.0960502265596794,0.9998385650967769,0.009419997990216925,-0.0022355747757980245,-0.015136366423429762,-0.000856385868838632,0.04804744550968552,0.03418830139336682,0.0,0.0,0.00797148349308629,0.0,0.0,1.0,1.0,0.0,0.0,0.0,25.960184926762725,0.09719359888506085,0.08,100.0,100.0,0.5,55.0,0.08,-0.5592795091095811,1.5793322304266335,0.0043,0.0058,0.0149,0.0172
431,1763355114.7978702,0.0031171972426823537,0.0308384738930876,0.3750281661701595,-0.004574031485176862,-0.000221157502157468,0.013010927804076849,0.14203202643524848,-0.0015475012027050925,0.011,0.094,1.093,0.997,-0.003,0.075,-0.023,-0.017,0.076,0.021,0.0,0.0,-0.008,0.092,0.059,1.235,0.999,0.011,-0.014,-0.042,0.026,0.01,0.01,0.3,-0.8,-0.0,0.0071963799074870214,0.10533187588510633,1.0941453457702306,0.999841946358415,0.009420500889045284,-0.0022334546589022875,-0.014911342847059498,-0.019197481981601948,0.03778864299430648,0.004816101478089511,0.0,0.0,0.0068227347995849,0.006445326136408238,0.08431339002697584,1.0974702876854094,0.9998302765881972,0.010343369702053996,-0.0009444815070784352,-0.015216460674498004,-0.004604786278651754,0.041875370815085036,0.02029327788227313,0.0,0.0,0.008017701728373109,0.0,0.0,1.0,1.0,0.0,0.0,0.0,25.960076910139854,0.09719338356479403,0.08,100.0,100.0,0.5,55.0,0.08,-0.558098095590202,1.5797305452147052,0.0021,0.0082,0.0179,0.0104
432,1763355114.8537428,-0.00348969764776573,0.023569691989890264,0.38291574679060697,-0.004455809955745862,-0.03186552548623453,-0.024779481806078814,0.180073465416047,-0.0011241541597863266,0.014,0.094,1.089,0.997,-0.003,0.075,-0.023,0.052,0.006,-0.065,0.0,0.0,0.016,0.092,0.06,1.235,0.999,0.003,-0.007,-0.043,0.014,0.008,0.005,-0.1,-0.1,0.0,0.02433189678788654,0.0913857853076184,1.075238133025995,0.999846445716779,0.01034440474840342,-0.0009330769056141741,-0.014114093857329618,0.05250257432683176,-0.0293842453344635,-0.06314104974892104,0.0,0.0,0.008780212215566666,0.009120331583957825,0.08625168985085048,1.0943729014391401,0.9998261967598863,0.010826118397784213,4.7816562898613406e-05,-0.015177916414134636,0.003010731107802443,0.0258598336229498,0.002129506100069409,0.0,0.0,0.008151502842060612,0.0,0.0,1.0,1.0,0.0,0.0,0.0,25.949877123377448,0.09722582235694706,0.08,100.0,100.0,0.5,55.0,0.08,-0.5586558030193458,1.5781526751339225,0.0023,0.0076,0.0109,0.0082
433,1763355114.9286199,-0.0018790232864963133,0.027719612092789822,0.37271899601160074,-0.004449411101173591,0.006744735188434936,0.029588235010706645,0.09260965115144648,-0.0016389344605433388,0.013,0.096,1.09,0.997,-0.002,0.075,-0.023,-0.021,0.045,0.011,0.0,0.0,-0.008,0.094,0.06,1.235,0.999,0.008,0.001,-0.04,0.029,0.005,-0.026,0.4,0.5,0.2,0.008919294563572924,0.10167963150966007,1.0934023256126606,0.9998294715500126,0.010826107750858136,5.0169246941068234e-05,-0.014960638156049751,-0.020410065995744922,0.015292256248741648,0.03611103010805,0.0,0.0,0.0066148752195805335,0.008567319436424688,0.0895009604915463,1.0944190453854914,0.9998492557326464,0.00829394177693054,0.0004456734525224105,-0.015247219938327972,3.967147658004997e-05,0.01874979526771647,0.006226378509340441,0.0,0.0,0.008061109480366714,0.0,0.0,1.0,1.0,0.0,0.0,0.0,25.95038322859048,0.09722422547657683,0.08,100.0,100.0,0.5,55.0,0.08,-0.5577632196909826,1.5788044571403033,0.0044,0.0034,0.0136,0.016
434,1763355114.9944353,-0.0066493032740266925,0.025224370274120583,0.3744094892436752,-0.004427582043321407,-0.02455603367008801,-0.002081354558550002,0.14822208966472236,-0.0015593838736791747,0.014,0.095,1.09,0.997,-0.003,0.075,-0.023,0.021,-0.021,-0.003,0.0,0.0,0.01,0.096,0.059,1.237,0.999,0.005,-0.004,-0.043,0.012,-0.01,0.015,0.1,0.4,-0.1,0.018226212305795342,0.08812228047311113,1.091366240400874,0.9998621398567197,0.008293550982957717,0.0004528875340281243,-0.014377523643383896,0.019837490752469003,-0.04457413447666735,0.014707277564727493,0.0,0.0,0.008070789042208017,0.009848760782075996,0.08948821871149928,1.093953456099136,0.9998547052543917,0.007597191447223508,0.0008140632146895529,-0.015237728303466692,0.0037429164687584455,0.005072527718835965,0.0070763806163038,0.0,0.0,0.008069630191045257,0.0,0.0,1.0,1.0,0.0,0.0,0.0,25.94878237834403,0.09722779695294517,0.08,100.0,100.0,0.5,55.0,0.08,-0.5585273194634393,1.578205919009142,0.0023,0.0068,0.0118,0.013
435,1763355115.0625217,-0.008753580977769874,0.02455749589578197,0.3698286740665678,-0.0044031354856201264,-0.013014877246475919,0.006124766961102166,0.11749948258084122,-0.0015381104777391261,0.016,0.093,1.093,0.997,-0.003,0.075,-0.023,0.018,-0.028,0.038,0.0,0.0,0.0,0.097,0.058,1.239,0.999,0.009,-0.008,-0.041,0.025,-0.026,0.059,-0.1,-0.3,-0.1,0.019340965396554312,0.08527465106087279,1.103042760709501,0.9998621493782163,0.007596786226912592,0.0008178360629538411,-0.014741174443386264,0.014779840038176924,-0.04644213063108484,0.05408365276551745,0.0,0.0,0.007189251558062976,0.011162182072339917,0.08873057347897347,1.0953253179032372,0.9998697835313433,0.005172657409951562,-0.0012313994565998961,-0.015236247952909666,0.0053826229497590805,-0.0060439340953949965,0.02719101846349836,0.0,0.0,0.00789476756853011,0.0,0.0,1.0,1.0,0.0,0.0,0.0,25.950362202934137,0.09722439748964798,0.08,100.0,100.0,0.5,55.0,0.08,-0.5591604461413346,1.5777503653193168,0.009,0.0071,0.0124,0.0094
436,1763355115.1376984,-0.006326792555837743,0.024417132121360346,0.37870233936078906,-0.004407942076436461,0.008851349242996943,0.008507242088810147,0.1830540792460692,-0.001675208761189222,0.017,0.093,1.091,0.997,-0.003,0.075,-0.023,0.021,-0.002,-0.02,0.0,0.0,-0.002,0.099,0.056,1.241,0.999,0.007,-0.006,-0.041,0.018,-0.017,0.006,0.3,0.8,0.1,0.020803912361148792,0.0909870456983391,1.0861487392219735,0.9998761286952957,0.005173176973140778,-0.0012292149148978597,-0.014813997975094834,0.016580353252463795,-0.015374019566953126,-0.02855859818491827,0.0,0.0,0.006988762709637789,0.01259514320762711,0.08891428248636267,1.0946203764904183,0.9998717343223356,0.004843539147247736,-0.0004975333844946222,-0.015258030420240674,0.006693902146326426,-0.01042293330569372,0.016788015109553547,0.0,0.0,0.007822325885751234,0.0,0.0,1.0,1.0,0.0,0.0,0.0,25.944699655823573,0.09723950036109352,0.08,100.0,100.0,0.5,55.0,0.08,-0.5588600407691143,1.5772816923681985,0.0083,0.0079,0.022,0.0083
437,1763355115.18895,-0.00952050229099117,0.022593528001853026,0.3737082588294231,-0.0043890079884696355,-0.018341095884206286,3.840394797351848e-05,0.11704297460346605,-0.0015583078388295498,0.019,0.09,1.092,0.997,-0.003,0.075,-0.023,0.037,-0.048,0.016,0.0,0.0,0.008,0.1,0.054,1.242,0.999,0.005,-0.017,-0.042,0.025,-0.043,0.016,0.1,-0.5,-0.1,0.025939816708550563,0.0792345687147361,1.094867353054081,0.9998834281326048,0.004843929048605734,-0.0004937229098204096,-0.014471445499691265,0.03158272469831563,-0.0575825669501978,0.021850127970628824,0.0,0.0,0.007820722700681756,0.014784737058262403,0.08679939252057944,1.0953151802146581,0.9998780072743291,0.0031181466273893523,-0.0011286656715841872,-0.0152634807474796,0.010065003401036863,-0.019536538956444454,0.018113679876753334,0.0,0.0,0.007813610940085187,0.0,0.0,1.0,1.0,0.0,0.0,0.0,25.944309349209796,0.09724059892620798,0.08,100.0,100.0,0.5,55.0,0.08,-0.5596895512084635,1.5763880933621321,0.0022,0.0019,0.0171,0.0097
438,1763355115.269998,-0.01293873338788902,0.0238060614381148,0.3685853239923777,-0.004354084523169273,-0.020661343843610933,0.014535240182003776,0.11452592287580692,-0.0014712606691742996,0.021,0.085,1.096,0.997,-0.004,0.075,-0.022,0.017,-0.072,0.061,0.0,0.0,0.006,0.102,0.051,1.244,0.999,0.003,-0.014,-0.041,0.029,-0.051,0.025,0.0,-0.6,0.0,0.023785102701659934,0.06982209461826336,1.1076859627016447,0.9998886222777823,0.0031189495124950596,-0.0011264450837120315,-0.014551505587063467,0.010089955049662003,-0.07872378510207777,0.06296268384853362,0.0,0.0,0.0076297815951086746,0.016181758204887337,0.08325869721722665,1.0983833177497646,0.9998804467848135,0.0019135693639240419,-0.0015190943810527826,-0.015268357539455223,0.009690167175711025,-0.02919007285692297,0.01729313129875712,0.0,0.0,0.007777199508784129,0.0,0.0,1.0,1.0,0.0,0.0,0.0,25.95082348275226,0.09722360835121399,0.08,100.0,100.0,0.5,55.0,0.08,-0.5609618047604155,1.5760812105557198,0.0039,0.0027,0.0217,0.0172
439,1763355115.3211496,-0.007598743332081526,0.025558586780301772,0.37070441020781775,-0.00437927455412906,0.02184792525857908,0.017689899750227903,0.14881492757434192,-0.0017587318509874183,0.021,0.085,1.098,0.997,-0.004,0.075,-0.023,0.007,-0.006,0.037,0.0,0.0,-0.005,0.104,0.048,1.246,0.999,-0.002,-0.01,-0.041,0.026,-0.05,0.023,-0.3,-0.0,0.1,0.0216513983851298,0.08318918617188394,1.1066081258645446,0.999885098171915,0.0019140367643957852,-0.0015185054210097877,-0.014960650329817533,-0.001038811501943761,-0.010246735469237146,0.03743399598742752,0.0,0.0,0.006662688621132617,0.017047249490653296,0.08259976770575934,1.1000254257779756,0.9998792640080731,0.0020565759858884878,-0.0017465045658991009,-0.01530286325135515,0.007578808655925921,-0.027897050761363604,0.029778776304656647,0.0,0.0,0.007717665434024639,0.0,0.0,1.0,1.0,0.0,0.0,0.0,25.95179739593956,0.09722047091386474,0.08,100.0,100.0,0.5,55.0,0.08,-0.560256638706336,1.5760832727318916,0.0021,0.0029,0.0104,0.0144
440,1763355115.3824255,-0.012364723911787834,0.025744067458073443,0.371890883969436,-0.0044088955618739436,-0.026679431648062114,0.010511873431471525,0.14494652263602292,-0.0017903329965228165,0.023,0.077,1.1,0.997,-0.005,0.075,-0.022,0.01,-0.075,0.04,0.0,0.0,0.007,0.105,0.045,1.247,0.999,-0.001,-0.008,-0.041,0.03,-0.062,0.028,-0.1,-0.5,0.0,0.024151801949102176,0.061682795239060666,1.1064649555253305,0.9998903935774965,0.0020578773300425728,-0.0017449710252426733,-0.01455750831889699,0.0017264541596150092,-0.07690570249061178,0.024907425539554974,0.0,0.0,0.007682548540272469,0.018092787928849777,0.07847839915327426,1.1022501999066086,0.9998792862265695,0.001059646246925594,-0.0023954064737865487,-0.015315095582545051,0.005771375238862834,-0.036053837593010056,0.03021220496138291,0.0,0.0,0.007727034990549763,0.0,0.0,1.0,1.0,0.0,0.0,0.0,25.95323375133097,0.09721571289236916,0.08,100.0,100.0,0.5,55.0,0.08,-0.5614465546940098,1.5758746324745943,0.0019,0.0027,0.0084,0.0107
441,1763355115.4748824,-0.019095664986930445,0.019845239976171856,0.37798664956264544,-0.004321412992445108,-0.038291476842633496,-0.019840112112730394,0.1699379094545854,-0.0012159229885585526,0.025,0.074,1.099,0.997,-0.005,0.075,-0.022,0.07,-0.128,-0.014,0.0,0.0,0.024,0.106,0.04,1.247,0.999,-0.0,-0.013,-0.041,0.011,-0.055,-0.007,-0.0,0.2,-0.0,0.0381828949162885,0.048336274166730066,1.0938960017304702,0.9998993090832831,0.0010629234425776457,-0.0023939540719280492,-0.01394671547103323,0.06257297021192067,-0.12838215107169354,-0.02938966919020538,0.0,0.0,0.009145103439268349,0.02171289950813852,0.07201639248231408,1.1020040096997332,0.9998805183634342,-0.00022904725011053367,-0.002124516968924552,-0.015309570937036141,0.012441772597843282,-0.049013823153191256,0.01529359786650028,0.0,0.0,0.007773830239925059,0.0,0.0,1.0,1.0,0.0,0.0,0.0,25.948825074529168,0.09723244538498882,0.08,100.0,100.0,0.5,55.0,0.08,-0.5637886245879289,1.5740261149140735,0.0045,0.004,0.0209,0.0183
442,1763355115.5291448,-0.016037429911997775,0.022713523669350016,0.37535672099126866,-0.004286376596882406,0.008130301004564432,0.02178338345695524,0.12859535072910827,-0.0014453478943534073,0.026,0.068,1.099,0.997,-0.005,0.075,-0.022,0.016,-0.067,-0.004,0.0,0.0,0.004,0.107,0.036,1.246,0.999,0.002,-0.008,-0.041,0.012,-0.063,-0.008,-0.1,0.2,0.0,0.028512114358173545,0.054582195708924815,1.0973228103969164,0.9998900632976048,-0.00022769452378762497,-0.002124662372676819,-0.014672943934944997,0.008601174849104073,-0.06500066045547453,-0.000600164233297641,0.0,0.0,0.007382385470736022,0.02297028073328578,0.06794549864960317,1.1018494461242465,0.999880967966684,0.0008856456412785038,-0.0016516363002499887,-0.01531462135792667,0.011073129928322248,-0.051876409976548195,0.008699614118837476,0.0,0.0,0.007735334679460926,0.0,0.0,1.0,1.0,0.0,0.0,0.0,25.94684297478181,0.09723916909735805,0.08,100.0,100.0,0.5,55.0,0.08,-0.5642380235359544,1.5738355661866275,0.0043,0.0025,0.0189,0.0113
443,1763355115.6007097,-0.010326270914843467,0.024853439510350253,0.3758156436416549,-0.00437834035468792,0.02254175876877236,0.019217150581007446,0.1430533836236571,-0.002067210012858473,0.027,0.067,1.098,0.997,-0.005,0.075,-0.022,0.007,-0.022,-0.015,0.0,0.0,-0.008,0.108,0.032,1.244,0.999,0.004,-0.001,-0.042,0.0,-0.058,-0.018,0.0,0.7,-0.0,0.027644973435103776,0.0629207394026672,1.0954054459080864,0.9998839137063019,0.0008859653341970161,-0.0016514648336613928,-0.015121072736360975,-0.0018682689673412281,-0.01576670223850682,-0.004797511592393676,0.0,0.0,0.006310277792247856,0.02379780991472912,0.06593247420251269,1.101011855741729,0.9998814113111033,-0.00046400519467039723,-0.0014545991857059714,-0.015324234235517977,0.009004815871348612,-0.04776156011834695,0.0030412285949552986,0.0,0.0,0.007692145095965434,0.0,0.0,1.0,1.0,0.0,0.0,0.0,25.94402509104384,0.09724686292670384,0.08,100.0,100.0,0.5,55.0,0.08,-0.5634428679025333,1.5738910297744397,0.0065,0.002,0.0178,0.0162
444,1763355115.6561115,-0.013078492557247167,0.022668996272984375,0.3778621744276868,-0.0044112241916621185,-0.0176334598050848,-0.001602176370448044,0.1511635202957804,-0.00180629681787896,0.029,0.063,1.096,0.997,-0.005,0.075,-0.022,0.037,-0.077,-0.038,0.0,0.0,0.007,0.11,0.026,1.245,0.999,-0.002,-0.011,-0.041,0.027,-0.084,0.02,-0.2,-0.5,0.0,0.03539524159160089,0.04848600824454578,1.0901729659201604,0.9998924599706914,-0.0004629304105852039,-0.0014549415956295307,-0.014585517959524414,0.026935592181566877,-0.06810726981127856,-0.021027739024694223,0.0,0.0,0.007648605290375246,0.025972702810889443,0.06148131113269072,1.0988168507273584,0.9998734098749581,-0.0028558740112583515,-0.0031084061990089237,-0.015340991478965896,0.010411343767829238,-0.04963754676767065,0.005194309224994239,0.0,0.0,0.0076369139897072705,0.0,0.0,1.0,1.0,0.0,0.0,0.0,25.937476609817686,0.09726162650938759,0.08,100.0,100.0,0.5,55.0,0.08,-0.5642361448488008,1.5730367695917127,0.0019,0.0029,0.0157,0.011
445,1763355115.7185998,-0.015999535786222978,0.02223362097237416,0.36874489329997645,-0.004402507870731309,-0.01950965085384674,0.006323997099318066,0.09611190977183101,-0.0016106274672192415,0.03,0.058,1.099,0.997,-0.006,0.075,-0.021,0.033,-0.095,0.048,0.0,0.0,0.003,0.11,0.021,1.246,0.999,-0.001,-0.005,-0.042,-0.0,-0.073,0.006,0.1,0.7,-0.1,0.03556291064307994,0.03992967492100294,1.1093180729150534,0.9998823727440875,-0.002854021479517387,-0.003110107210478661,-0.01474525246265598,0.023187028718115406,-0.08722987702962105,0.06161170153836441,0.0,0.0,0.0073808518891654235,0.027908270414709724,0.05619576875651293,1.1009105601800344,0.9998753637446834,-0.002638616667247911,-0.002689583218966111,-0.015331693338589414,0.01052690112696015,-0.052793378953750844,0.013039944527764583,0.0,0.0,0.007570016267510998,0.0,0.0,1.0,1.0,0.0,0.0,0.0,25.942636442478683,0.09725254706836367,0.08,100.0,100.0,0.5,55.0,0.08,-0.5654663685926558,1.572297554323926,0.0041,0.0019,0.0149,0.0062
446,1763355115.7806325,-0.015542423769413996,0.022189746446880695,0.37507003906481634,-0.004417648224764065,-0.0037142658357886965,0.008118235237173001,0.16990506381169054,-0.0017266422216880213,0.032,0.053,1.099,0.997,-0.006,0.075,-0.021,0.03,-0.074,-0.004,0.0,0.0,-0.002,0.111,0.016,1.246,0.999,0.001,-0.006,-0.041,0.008,-0.089,0.023,0.1,0.2,0.0,0.03708787191397352,0.03882588715686309,1.0991179530893391,0.9998817002557238,-0.0026374894459338747,-0.002690688616508793,-0.014912724027304189,0.02065589682311619,-0.06762714831404298,-0.0023022996709377228,0.0,0.0,0.006977693342955628,0.029713836672470552,0.051790068250553496,1.1006934098597276,0.9998801434992384,-0.0010140174967849234,-0.002042490540355728,-0.015313348322665956,0.01086902433607858,-0.05384480027204976,0.013976123746671319,0.0,0.0,0.007630540883833205,0.0,0.0,1.0,1.0,0.0,0.0,0.0,25.93988136250141,0.0972572605346396,0.08,100.0,100.0,0.5,55.0,0.08,-0.5660450851508277,1.5716811907222574,0.0021,0.0017,0.0089,0.0084
447,1763355115.8485532,-0.015488018054920987,0.026317618590166087,0.3715532547477705,-0.00440949406169452,-0.005556380341065205,0.028960515634007217,0.1230673430640768,-0.0016158472689387967,0.031,0.047,1.101,0.997,-0.005,0.075,-0.021,-0.013,-0.069,0.03,0.0,0.0,0.002,0.112,0.01,1.247,0.999,0.001,-0.003,-0.042,0.005,-0.081,0.008,0.0,0.4,-0.0,0.027448668642953162,0.033821443809321575,1.1070970929490245,0.9998886592155675,-0.0010128601043572572,-0.002043064732266211,-0.014746836033661892,-0.022990251535943834,-0.061559741443263226,0.031158877635135175,0.0,0.0,0.007329288107364911,0.02950491815600538,0.04744737155081488,1.1020863444699331,0.9998786376474168,-0.001456833409754721,-0.0025849765463520314,-0.015293969694522538,0.0050748665939753836,-0.0546521537121483,0.022947855115713973,0.0,0.0,0.007698200185424788,0.0,0.0,1.0,1.0,0.0,0.0,0.0,25.940911616101797,0.0972555642666721,0.08,100.0,100.0,0.5,55.0,0.08,-0.5664915840762799,1.572198535516335,0.0021,0.0023,0.0109,0.0082
448,1763355115.9196827,-0.019417763521921143,0.021462874610836458,0.37553348897514566,-0.004424765760188836,-0.025456734105596138,-0.014404612925335868,0.15923364166728965,-0.0017299187656070244,0.033,0.043,1.101,0.997,-0.005,0.075,-0.021,0.053,-0.112,0.004,0.0,0.0,0.008,0.112,0.004,1.247,0.999,-0.001,-0.008,-0.04,0.006,-0.1,0.0,0.0,0.1,0.1,0.04256426781656161,0.021460840659217342,1.1000600525453688,0.9998903539496448,-0.0014548004368626674,-0.002586121230312268,-0.014507777608069674,0.043168529829039314,-0.10278580932384063,-0.00661551130424322,0.0,0.0,0.007825013305286253,0.03214698277041847,0.041277744684775894,1.1026766352290935,0.9998768703118427,-0.0023351742454247137,-0.0027238292958875086,-0.015276515656555443,0.00898944140026759,-0.0604764721023953,0.010725007989158167,0.0,0.0,0.007739952834955991,0.0,0.0,1.0,1.0,0.0,0.0,0.0,25.93982018354904,0.09725744186839363,0.08,100.0,100.0,0.5,55.0,0.08,-0.5679941925241029,1.570816552801177,0.0025,0.0038,0.0129,0.0088
449,1763355115.9902203,-0.017157360133319897,0.024783134965750662,0.3748706382736148,-0.00437142573863419,0.004020355622285804,0.02464987975363468,0.13751080485802503,-0.0013925870522975806,0.033,0.039,1.101,0.997,-0.005,0.075,-0.021,-0.001,-0.071,-0.003,0.0,0.0,0.004,0.113,-0.002,1.248,0.999,-0.0,-0.014,-0.042,0.008,-0.167,-0.003,-0.1,-0.0,0.1,0.031833118066888905,0.02580089756095136,1.1005611291595583,0.9998864500388758,-0.002333429113987533,-0.0027253244503407815,-0.014636076792138875,-0.01012040229573811,-0.060140900565660634,0.001626704321378904,0.0,0.0,0.007507634302319594,0.032382423449559584,0.03689312149835234,1.1024605326014354,0.9998763969309777,-0.002505837356735487,-0.0028704979139940415,-0.015253585847045253,0.004603540784856139,-0.059157868065120474,0.012306540879773176,0.0,0.0,0.007758433957660193,0.0,0.0,1.0,1.0,0.0,0.0,0.0,25.937482579882886,0.0972616588290236,0.08,100.0,100.0,0.5,55.0,0.08,-0.5683331407078623,1.570968620471289,0.0031,0.005,0.0133,0.0094
450,1763355116.054846,-0.013649387110973162,0.022800226337196014,0.3791428440429284,-0.004421851385036781,0.011105855061738702,-0.0006208675306167456,0.16193751819917396,-0.00189141288400078,0.036,0.036,1.098,0.997,-0.004,0.074,-0.021,0.032,-0.045,-0.037,0.0,0.0,-0.002,0.113,-0.009,1.247,0.999,0.0,-0.011,-0.041,0.003,-0.103,-0.007,-0.1,-0.0,0.0,0.04155411042610539,0.028137371990991002,1.0901903580488008,0.9998827098956072,-0.0025046325627066674,-0.0028715492087868994,-0.014833997191733611,0.023471715217592542,-0.03250985735053539,-0.03405275457493089,0.0,0.0,0.006946073348191567,0.03411587652215632,0.03373943811742849,1.100723622530493,0.9998792384046181,-0.0026240916877744254,-0.0016088592430021735,-0.015232672849870614,0.006275955749117081,-0.05430880818592169,0.0012582900544949654,0.0,0.0,0.0077260485089819695,0.0,0.0,1.0,1.0,0.0,0.0,0.0,25.931659214192365,0.097270185799194,0.08,100.0,100.0,0.5,55.0,0.08,-0.5680052026150034,1.5701928980988338,0.0019,0.002,0.0135,0.0124
451,1763355116.1110322,-0.016287665389236355,0.024813702301206393,0.37154700809028923,-0.004457380576615388,-0.018309911557930887,0.018617464696500382,0.1041993867529026,-0.0018358402272818253,0.036,0.03,1.099,0.997,-0.004,0.074,-0.021,0.0,-0.083,0.022,0.0,0.0,-0.004,0.113,-0.016,1.247,0.999,0.001,-0.007,-0.042,-0.019,-0.2,-0.013,0.0,1.2,-0.0,0.03513899467147948,0.014749036562707341,1.104342647164146,0.9998844465232636,-0.0026235351395646634,-0.0016097666356058517,-0.01488688401302844,-0.008690209604208491,-0.06987394689897995,0.038583676050333485,0.0,0.0,0.0068221271718779085,0.034417709426378215,0.028834423886535177,1.1014280189386827,0.9998728588087773,-0.0038688746538333187,-0.002777802825202723,-0.01521781317864648,0.0030855326382207486,-0.05460850823826181,0.007656362839924144,0.0,0.0,0.007721897201468271,0.0,0.0,1.0,1.0,0.0,0.0,0.0,25.93370641029827,0.09726846474018486,0.08,100.0,100.0,0.5,55.0,0.08,-0.5688481738566213,1.5702424617228017,0.0018,0.0017,0.0087,0.0076
452,1763355116.1769073,-0.017289399516900977,0.0243500310924969,0.3753198201561642,-0.004470413342910768,-0.011116545159286756,0.006986782319404925,0.15819418836323332,-0.001736681547707669,0.037,0.025,1.099,0.997,-0.004,0.074,-0.022,0.014,-0.081,-0.008,0.0,0.0,-0.004,0.112,-0.024,1.246,0.999,0.006,0.001,-0.043,-0.032,-0.134,-0.04,0.4,1.5,-0.1,0.03891365787502678,0.010113074177914513,1.0983823704105975,0.9998780630009415,-0.0038679135492939733,-0.0027791409460418194,-0.014871945059832897,0.005400774852593982,-0.06892747239703932,-0.0007375418053997616,0.0,0.0,0.006872350865006422,0.03528903264782861,0.024010265338660512,1.1009309365044404,0.99987580533864,-0.003526825156332624,-0.001999968970048946,-0.015229429629554465,0.002214302161629862,-0.05423328870571271,0.006924810026085552,0.0,0.0,0.0076535343363058,0.0,0.0,1.0,1.0,0.0,0.0,0.0,25.931385473331662,0.09727002291975859,0.08,100.0,100.0,0.5,55.0,0.08,-0.569628314101713,1.5698504919139242,0.0017,0.0013,0.0092,0.0068
453,1763355116.265943,-0.02126184717163329,0.024806095663675476,0.37523949640071225,-0.00439031574318071,-0.02634576309249944,0.011411584515579217,0.14034331378130172,-0.0012759170049412548,0.037,0.019,1.099,0.997,-0.003,0.074,-0.021,0.005,-0.113,-0.006,0.0,0.0,0.015,0.112,-0.032,1.246,0.999,0.002,-0.006,-0.042,-0.006,-0.126,-0.006,-0.0,0.3,0.0,0.03716178002420432,-0.002483778389009944,1.0988856226705908,0.9998912056827178,-0.0035247288082077516,-0.0020036612470898467,-0.014182327975213632,-0.003033194653036336,-0.10173346805137796,0.003013602620207702,0.0,0.0,0.008500239045310899,0.03570720758753214,0.01776729057008396,1.1004189577971388,0.9998786560825288,-0.002389964020366855,-0.0024677080519703203,-0.015194459501660528,0.000248484115752663,-0.05926894396373944,0.014093069608579431,0.0,0.0,0.007783117983475296,0.0,0.0,1.0,1.0,0.0,0.0,0.0,25.928290972633558,0.0972720066883859,0.08,100.0,100.0,0.5,55.0,0.08,-0.57123138216288,1.5696466205860242,0.0078,0.0018,0.0143,0.0174
454,1763355116.3337388,-0.019033302192925452,0.021473338520041633,0.38416077774822804,-0.004424648257643141,0.0031695322041767164,-0.007361499844290902,0.1853212178878461,-0.0018180309760049195,0.04,0.014,1.094,0.997,-0.002,0.073,-0.021,0.041,-0.072,-0.075,0.0,0.0,-0.004,0.112,-0.041,1.245,0.999,0.009,-0.013,-0.042,-0.009,-0.135,-0.024,0.2,0.1,0.0,0.04742141600209797,0.0007317465936892489,1.078408447058034,0.9998839322555783,-0.002389096957443189,-0.0024685475033596077,-0.01484319729956265,0.03361093112696498,-0.05926704199447983,-0.07271530667779087,0.0,0.0,0.006822998235567423,0.03779433403002814,0.013249493455251277,1.0969396684194397,0.9998787961897573,-0.002926128557845296,-0.0018748833494497408,-0.015176149518595331,0.0038132827938501786,-0.058187602761003446,-0.0036965909378177814,0.0,0.0,0.0077826160110239925,0.0,0.0,1.0,1.0,0.0,0.0,0.0,25.917490957191777,0.09727808083372215,0.08,100.0,100.0,0.5,55.0,0.08,-0.5715998403955599,1.568512253599123,0.0021,0.0061,0.017,0.0145
455,1763355116.3875568,-0.021798944287972404,0.028901946979153267,0.36735181639294207,-0.004372387042544999,-0.02096569879758182,0.04519554424057377,0.06001548487915533,-0.0013979370211254672,0.036,0.007,1.098,0.997,-0.002,0.074,-0.021,-0.05,-0.105,0.059,0.0,0.0,0.004,0.111,-0.05,1.245,0.999,-0.0,-0.008,-0.041,-0.016,-0.13,-0.0,-0.4,0.3,0.1,0.025288004669158225,-0.012594554890288882,1.1108900763609744,0.9998883331892261,-0.002924924283777228,-0.0018767615312692085,-0.014534226369508471,-0.057532650025443936,-0.08948676681298731,0.08414348049700611,0.0,0.0,0.007506977679008618,0.03564319839235036,0.007160919264702699,1.099384786143649,0.9998782126815874,-0.0032695315639014373,-0.001991249733561914,-0.015129603184670224,-0.005705182790788315,-0.061348384720961026,0.007989136275708462,0.0,0.0,0.007829320759453081,0.0,0.0,1.0,1.0,0.0,0.0,0.0,25.925072201525563,0.09727957926241217,0.08,100.0,100.0,0.5,55.0,0.08,-0.5729510373590546,1.5697809930818356,0.0028,0.004,0.0173,0.0055
456,1763355116.4530113,-0.024266443971435576,0.02313057090728064,0.38016680080926574,-0.004416754515437401,-0.02051210252530551,-0.018018650242180658,0.20183185322897157,-0.0018614825054163895,0.039,-0.001,1.095,0.997,-0.002,0.073,-0.021,0.038,-0.121,-0.047,0.0,0.0,0.005,0.11,-0.059,1.245,0.999,0.004,-0.007,-0.042,-0.016,-0.236,0.013,-0.0,-0.4,-0.1,0.04583614976947488,-0.023520204910733433,1.0874053717359018,0.9998881938295566,-0.003268187214987122,-0.001993455411227672,-0.014454927468452746,0.03073996608494572,-0.10347527811439905,-0.03872613253619123,0.0,0.0,0.007528872547892447,0.03741705561720371,0.00017186226384142966,1.0970378538930503,0.9998738953881898,-0.004578326231581648,-0.0017058002711073206,-0.015110343993430354,-0.0014311174853607837,-0.06535245439419568,0.0022303739055340444,0.0,0.0,0.007758407502949024,0.0,0.0,1.0,1.0,0.0,0.0,0.0,25.91756410508083,0.09727794438202707,0.08,100.0,100.0,0.5,55.0,0.08,-0.5745923202140141,1.5685434055506773,0.0057,0.002,0.0109,0.0097
457,1763355116.512211,-0.03275922862891428,0.02510098969441044,0.37418557390382345,-0.004299077340668908,-0.05156383977668187,0.018526058025879224,0.11265641577626312,-0.001067897069446557,0.038,-0.014,1.095,0.997,-0.003,0.073,-0.021,-0.008,-0.193,0.006,0.0,0.0,0.013,0.109,-0.07,1.246,0.999,0.002,-0.003,-0.043,-0.05,-0.458,0.117,-0.3,0.3,0.2,0.03566641914668245,-0.05074505174351697,1.0981817804293763,0.9998880672308966,-0.0045766712414075225,-0.0017102356550404828,-0.014141505705345826,-0.01443938596868277,-0.17319424794903066,0.024690676133918718,0.0,0.0,0.008241006783824037,0.037135853459696985,-0.010387803841422943,1.0968179275459755,0.9998739132286057,-0.004193746392899739,-0.002709946412856123,-0.015074028212333772,-0.004776143009720295,-0.07846046075442084,0.02000962081404506,0.0,0.0,0.007819312620846251,0.0,0.0,1.0,1.0,0.0,0.0,0.0,25.91529555997065,0.09727777942534328,0.08,100.0,100.0,0.5,55.0,0.08,-0.5780688066192704,1.5685222770858527,0.0021,0.0029,0.0071,0.0084
458,1763355116.5950174,-0.03037683790035788,0.025986343789996445,0.3776239801144556,-0.004221357002796873,-0.00037275709306084856,0.01383964161333397,0.15751162126709445,-0.0012235523133906686,0.038,-0.023,1.095,0.997,-0.003,0.073,-0.02,-0.007,-0.132,-0.008,0.0,0.0,0.011,0.108,-0.081,1.246,0.999,0.003,-0.015,-0.041,-0.011,-0.179,0.005,0.2,-0.3,-0.0,0.036046083783272384,-0.047342304023161946,1.0919431457774764,0.9998869640364724,-0.004191326963092175,-0.0027136869121119835,-0.014181954433639633,-0.0125109919450123,-0.10815562453722263,-0.010344042098101625,0.0,0.0,0.00794181769182875,0.03681646590137968,-0.018508172522643935,1.0968633527357354,0.9998742301379702,-0.005080975071324257,-0.0006758450273777878,-0.015008358731888,-0.006573663279793151,-0.08120106068554514,0.002115059627605177,0.0,0.0,0.0077709227990576295,0.0,0.0,1.0,1.0,0.0,0.0,0.0,25.913667218019878,0.0972778582027543,0.08,100.0,100.0,0.5,55.0,0.08,-0.5796184029784752,1.5684772526732678,0.0032,0.0047,0.016,0.0101
459,1763355116.6687834,-0.03586330899247391,0.027022858735332785,0.37485293122763474,-0.004185180244298696,-0.03882366967321438,0.014927453647930342,0.12775374810881682,-0.0014021250835579415,0.037,-0.036,1.095,0.997,-0.004,0.073,-0.02,-0.018,-0.197,-0.0,0.0,0.0,0.019,0.107,-0.091,1.247,0.999,0.0,-0.011,-0.041,-0.016,-0.233,0.003,0.1,-0.4,0.1,0.032869706420767135,-0.07273593733884309,1.0972009484667233,0.9998912598550406,-0.00508017324952379,-0.0006818459732760186,-0.013827342164107444,-0.02325707607610116,-0.16678957369319097,0.020295763039138798,0.0,0.0,0.008489494080886742,0.035969972424582344,-0.029819135308689175,1.096459640282256,0.9998680090424414,-0.0060429565433981255,-0.0019306378820935582,-0.014957266029826529,-0.009509390209814894,-0.09142440375403854,0.013893329211119356,0.0,0.0,0.007848204958401255,0.0,0.0,1.0,1.0,0.0,0.0,0.0,25.911421095307055,0.09727769055811059,0.08,100.0,100.0,0.5,55.0,0.08,-0.582825347841379,1.5686235038936662,0.0031,0.0029,0.021,0.0172
460,1763355116.716213,-0.03625418139322838,0.025344563654900634,0.3747130821375855,-0.004201833766717135,-0.015403102875950033,0.0017420966235890487,0.13987060376011692,-0.0016527102037042142,0.037,-0.051,1.096,0.997,-0.005,0.073,-0.019,0.005,-0.177,0.014,0.0,0.0,0.008,0.105,-0.101,1.249,0.999,-0.001,-0.005,-0.041,-0.032,-0.147,0.022,0.0,0.6,0.0,0.03745634296477989,-0.08307255203517928,1.0990684694089992,0.9998791889983205,-0.006041473715898045,-0.0019352730446337558,-0.014190233318864206,0.00041814051356118615,-0.14093012845135025,0.02049995310210138,0.0,0.0,0.007480720133560373,0.03609459489733143,-0.04079743615736956,1.0972354037939236,0.9998471089616772,-0.009024963244272597,-0.0014851667743249009,-0.014903121118340494,-0.009143538574307764,-0.0954238854525435,0.012591358735109727,0.0,0.0,0.007686472406268133,0.0,0.0,1.0,1.0,0.0,0.0,0.0,25.911475580823105,0.09727749576951698,0.08,100.0,100.0,0.5,55.0,0.08,-0.5853133788405834,1.5681236999122075,0.0024,0.0025,0.0103,0.0099
461,1763355116.8020718,-0.045612876857435876,0.028082871511848073,0.3710924163362975,-0.004048383610500999,-0.060388795343498114,0.023195750655324927,0.12241407679515469,-0.0008084368814382423,0.035,-0.069,1.099,0.997,-0.006,0.074,-0.018,-0.033,-0.269,0.042,0.0,0.0,0.034,0.104,-0.111,1.251,0.999,-0.003,-0.015,-0.041,-0.018,-0.163,0.027,-0.0,-0.4,-0.0,0.02801149256080729,-0.1189349355645832,1.1083658790312194,0.9998712040244918,-0.009022402160155037,-0.0015006469166528452,-0.013187861111845162,-0.03644675262522602,-0.22796665316062512,0.050277491745852575,0.0,0.0,0.009658209223424247,0.034453093850351946,-0.05627403859839182,1.0992362658717267,0.9998479299981703,-0.009113315656460211,-0.0011933170931755568,-0.01482026823087126,-0.01371998001833466,-0.110279568817779,0.022730150163583856,0.0,0.0,0.007670144918094643,0.0,0.0,1.0,1.0,0.0,0.0,0.0,25.914128363612914,0.09727635579748643,0.08,100.0,100.0,0.5,55.0,0.08,-0.5901243747188323,1.5685551786256555,0.0022,0.0072,0.0158,0.0187
462,1763355116.8502076,-0.04688604119031224,0.031400538438003466,0.37078786480396086,-0.003901056277160643,-0.023470650485920307,0.02711941144771997,0.1376368984644285,-0.0007815071872360967,0.032,-0.081,1.101,0.997,-0.007,0.074,-0.017,-0.055,-0.241,0.055,0.0,0.0,0.028,0.102,-0.121,1.252,0.999,-0.002,-0.009,-0.04,-0.023,-0.139,0.02,0.1,0.1,0.0,0.020708257874437825,-0.12490600713494483,1.1117031046027996,0.999868926288704,-0.009111525327186436,-0.0012069109955534908,-0.013328680142269251,-0.05753209417120866,-0.19459706374006733,0.049917316699446886,0.0,0.0,0.008978879718498348,0.03168263522151861,-0.07062226732343496,1.1020888934323303,0.9998300723273904,-0.011090300187862622,-0.0007811817388114342,-0.014704470974479559,-0.020312199298245216,-0.11795694680931038,0.027638252919080834,0.0,0.0,0.0076076478987362525,0.0,0.0,1.0,1.0,0.0,0.0,0.0,25.91799077217462,0.09727255811371259,0.08,100.0,100.0,0.5,55.0,0.08,-0.5938582816756555,1.569477352508339,0.0021,0.0033,0.0087,0.0108
463,1763355116.9221218,-0.04412051538516406,0.027729444483748773,0.37446458025607454,-0.004015777195498174,-0.0037546364206261437,-0.00658026785702218,0.1574290265620538,-0.002036500695622892,0.032,-0.095,1.103,0.997,-0.008,0.075,-0.017,-0.005,-0.21,0.025,0.0,0.0,0.012,0.1,-0.13,1.253,0.999,-0.003,-0.005,-0.04,-0.033,-0.136,0.02,-0.2,0.4,0.0,0.030784433223609624,-0.13206419544288384,1.1071328335069104,0.9998428528218127,-0.01108959541753452,-0.0007911236574364165,-0.013808137382468607,-0.00571531043884656,-0.1564156194149937,0.014203354299766604,0.0,0.0,0.007418155287898774,0.031116332349230898,-0.08378861855537083,1.10364554813379,0.999821113526446,-0.011923344958467048,-0.001073429553027811,-0.014643173861351187,-0.01895778419375668,-0.11882949665746159,0.02808372620508941,0.0,0.0,0.007529908658507339,0.0,0.0,1.0,1.0,0.0,0.0,0.0,25.91731398481564,0.09727289936796947,0.08,100.0,100.0,0.5,55.0,0.08,-0.596601294299072,1.5689882151687051,0.0048,0.0025,0.0108,0.0128
464,1763355116.9871066,-0.0401568620718974,0.02662231571014807,0.37707707376207317,-0.004086636510097708,0.003273073296896762,0.004862897813402274,0.1534866851260212,-0.0018602130213094881,0.031,-0.106,1.103,0.997,-0.009,0.075,-0.016,-0.009,-0.181,-0.001,0.0,0.0,0.006,0.098,-0.138,1.254,0.999,-0.009,-0.006,-0.04,-0.024,-0.124,-0.003,0.0,-0.0,0.1,0.02922872207691274,-0.13649288324989442,1.1010293431364802,0.9998306165928409,-0.01192262954124133,-0.0010813467650271458,-0.013979260265688116,-0.0074460827665699,-0.12100278159633732,-0.010851248384979643,0.0,0.0,0.006977011184554937,0.030359756753728744,-0.09563121239256464,1.1040656330758671,0.9997777719599966,-0.015255516831908093,-0.000223616281606026,-0.01454736734447223,-0.01794488271207461,-0.11321876664849015,0.018501562555517277,0.0,0.0,0.00728751889432171,0.0,0.0,1.0,1.0,0.0,0.0,0.0,25.914197015754954,0.09727881181903575,0.08,100.0,100.0,0.5,55.0,0.08,-0.5986323505387751,1.5686735398096325,0.0022,0.0041,0.0131,0.0094
465,1763355117.0936785,-0.04674225783485837,0.031748928697493656,0.36422226635669097,-0.003940215262593464,-0.04798580209176638,0.03561643332803345,0.07712986563386665,-0.0008003824537654201,0.027,-0.124,1.11,0.997,-0.011,0.076,-0.015,-0.068,-0.257,0.104,0.0,0.0,0.034,0.097,-0.146,1.255,0.999,-0.009,-0.002,-0.042,-0.032,-0.116,0.009,0.1,0.3,-0.1,0.013674539446064591,-0.16911512879813048,1.1297129243916255,0.9998009325051256,-0.015255117072122392,-0.0002494016156131106,-0.012857471128934225,-0.06569804040123976,-0.19422079754294777,0.10385816650933574,0.0,0.0,0.009427309428053572,0.026860921649300783,-0.1110628446089377,1.1093613266986924,0.9997571581442911,-0.016640087588398363,0.0009624512315222995,-0.014415474738216335,-0.024140060201546337,-0.11676708086818299,0.02526429303769854,0.0,0.0,0.007170802701015749,0.0,0.0,1.0,1.0,0.0,0.0,0.0,25.925599906065273,0.0972537535549048,0.08,100.0,100.0,0.5,55.0,0.08,-0.6028475483553499,1.569859667553137,0.0034,0.0216,0.0184,0.0253
466,1763355117.1282787,-0.04916215339861704,0.03364861028978133,0.364511818540556,-0.003831291330475577,-0.02962782450686519,0.02140425622299851,0.13803111080308422,-0.0009329610628831134,0.027,-0.124,1.11,0.997,-0.011,0.076,-0.015,-0.068,-0.257,0.104,0.0,0.0,0.034,0.097,-0.146,1.255,0.999,-0.009,-0.002,-0.042,-0.032,-0.116,0.009,0.1,0.3,-0.1,0.013623139862177187,-0.16909671202555038,1.1306174081015117,0.9997801893354887,-0.016641697472569557,0.000934201559675434,-0.012718261869123533,-0.0658378535051562,-0.1948687730953399,0.08981503742149835,0.0,0.0,0.009301650323249918,0.023516270899936558,-0.12541610830241384,1.114274899454942,0.9997620786584033,-0.016456241700263496,0.00021130669059280684,-0.014315499824101631,-0.029234488269023376,-0.11855166446175648,0.03745085506833539,0.0,0.0,0.007279026680031245,0.0,0.0,1.0,1.0,0.0,0.0,0.0,25.934963076862996,0.09722802172006437,0.08,100.0,100.0,0.5,55.0,0.08,-0.6068887603380484,1.570875654578651,0.0032,0.0026,0.0153,0.0126
467,1763355117.1869073,-0.04015368228512394,0.025797452369300346,0.380631495473306,-0.003965451473846827,0.026606548042984082,-0.02663756074373694,0.21729031661645892,-0.002107534965784595,0.024,-0.146,1.112,0.997,-0.012,0.077,-0.014,0.024,-0.148,-0.039,0.0,0.0,0.015,0.094,-0.158,1.256,0.999,-0.012,-0.002,-0.041,-0.027,-0.077,0.001,-0.1,0.2,-0.0,0.028994652078992173,-0.16942389107926378,1.1025724930327694,0.9997758304309731,-0.016456443844544325,0.0001949292341840506,-0.013320523437286156,0.027696720334711253,-0.0851440758041907,-0.06792356079528995,0.0,0.0,0.007539931133734814,0.02400681078947616,-0.13573172498378294,1.1129104370539868,0.9997790214371343,-0.015463913594507595,-0.00012858230540604878,-0.014239351710605884,-0.021572626013215593,-0.10607059957154674,0.03187872642225468,0.0,0.0,0.00729923879804912,0.0,0.0,1.0,1.0,0.0,0.0,0.0,25.924186284463843,0.09726597981196342,0.08,100.0,100.0,0.5,55.0,0.08,-0.608091904764713,1.5695185159170517,0.0033,0.0034,0.0139,0.008
468,1763355117.2687936,-0.030623932718913196,0.029654771550663997,0.37293592170990014,-0.004058291270982788,0.03259111697413224,0.028960640545305887,0.10425894198546058,-0.0019512432883723619,0.021,-0.151,1.114,0.997,-0.013,0.077,-0.014,-0.046,-0.078,0.027,0.0,0.0,-0.005,0.093,-0.164,1.254,0.999,-0.013,-0.015,-0.041,-0.01,-0.083,-0.033,0.1,-0.5,-0.0,0.012307653589921702,-0.160234087032775,1.114592809848256,0.9997825741863968,-0.01546388073695854,-0.00013247498172493558,-0.013987680156274577,-0.040439094107953114,-0.013138600484290568,0.006053277500120341,0.0,0.0,0.005961101973596046,0.021394294023751186,-0.14246291545459322,1.114963134358002,0.9997514577033316,-0.017292443544134634,0.0012698495607249916,-0.014013625456305474,-0.024061119801443494,-0.08550753728395472,0.013325290728893355,0.0,0.0,0.0070318486770157024,0.0,0.0,1.0,1.0,0.0,0.0,0.0,25.926210274714506,0.09725872925112315,0.08,100.0,100.0,0.5,55.0,0.08,-0.6079669283249862,1.5701638189874345,0.003,0.0068,0.0151,0.0169
469,1763355117.3160465,-0.03923528131204051,0.02736513467592263,0.37428932264908815,-0.0040755479725415635,-0.05454071773522897,-0.000327645042207822,0.14661797533715248,-0.001608142734412423,0.02,-0.168,1.113,0.997,-0.014,0.078,-0.013,-0.01,-0.198,-0.009,0.0,0.0,0.028,0.092,-0.168,1.252,0.999,-0.012,-0.01,-0.041,-0.012,-0.064,-0.039,0.1,-0.5,0.0,0.01863764513767245,-0.20098815399580228,1.1096838611799391,0.9997709087413028,-0.017294284714335275,0.0012445231430015266,-0.012549458671822566,-0.004962811793371467,-0.13564892134951143,-0.012712804580344832,0.0,0.0,0.008867918812543181,0.020365154180883974,-0.15466478823582686,1.1147840050695292,0.9997318099988912,-0.01838565211726679,0.0022952524607587647,-0.013892720709241751,-0.019849684663283344,-0.08315943136340813,-0.004204959354177263,0.0,0.0,0.006969723052749739,0.0,0.0,1.0,1.0,0.0,0.0,0.0,25.924989899749498,0.09725966535465314,0.08,100.0,100.0,0.5,55.0,0.08,-0.6113478045377646,1.5697998326623488,0.0022,0.002,0.0117,0.0083
470,1763355117.3937216,-0.026899156168855808,0.027754207648409746,0.37112987748044163,-0.004096015116856992,0.046967395223908324,0.012207290365906558,0.1245612701501754,-0.0016306662112802297,0.019,-0.169,1.113,0.997,-0.015,0.078,-0.013,-0.019,-0.029,-0.006,0.0,0.0,-0.01,0.09,-0.17,1.251,0.999,-0.007,-0.004,-0.041,-0.018,-0.064,-0.048,0.7,0.3,0.1,0.015610658256080162,-0.16871095730875688,1.1138298055331908,0.9997329780465756,-0.018385845615409808,0.0022937019514514107,-0.013808411150079148,-0.0157923545070491,0.027458034385883998,0.0073749462198752485,0.0,0.0,0.005760060124983865,0.019073954025131276,-0.1587999915733096,1.1139852869604785,0.9997741348383066,-0.016212012754135235,0.00019873103088366282,-0.013740831734382394,-0.018278656766686805,-0.05738070414348878,0.00907250772279962,0.0,0.0,0.006939238959948742,0.0,0.0,1.0,1.0,0.0,0.0,0.0,25.92281999723409,0.09726444333175235,0.08,100.0,100.0,0.5,55.0,0.08,-0.6105909665199328,1.569843633957285,0.0022,0.0058,0.012,0.014
471,1763355117.4604628,-0.0204998754891667,0.025322894960984332,0.38307907661465895,-0.004169751487126521,0.0219092198351246,-0.0017487355689734217,0.1989196997262524,-0.0019046875201690113,0.02,-0.17,1.107,0.997,-0.014,0.077,-0.013,0.012,-0.006,-0.103,0.0,0.0,-0.001,0.09,-0.173,1.25,0.999,-0.006,-0.004,-0.041,-0.023,-0.032,-0.046,0.2,0.8,0.0,0.022623086741361924,-0.1659961327806581,1.0856614396955884,0.9997798090650554,-0.01621209466531022,0.0001919326077026702,-0.013321581523173023,0.013801295702893202,0.04337627450424617,-0.1092025915036037,0.0,0.0,0.006552883127562748,0.019285329082555477,-0.16116912171978687,1.1091312756499399,0.999825252190945,-0.012784464618864523,0.0008739718333325681,-0.01361097788392576,-0.013262808693721734,-0.03578498023771134,-0.010145473803411428,0.0,0.0,0.007052613607387229,0.0,0.0,1.0,1.0,0.0,0.0,0.0,25.90904245919509,0.09728493988268791,0.08,100.0,100.0,0.5,55.0,0.08,-0.6096796715457834,1.5691399713433414,0.003,0.0016,0.0112,0.0135
472,1763355117.5239704,-0.01304014468750446,0.030039583308574223,0.3633319395623323,-0.004296803877924657,0.02961120069987368,0.03307952734831858,0.04491896846886376,-0.0021989187616631273,0.017,-0.166,1.111,0.997,-0.012,0.077,-0.014,-0.044,0.057,0.051,0.0,0.0,-0.026,0.089,-0.174,1.25,0.999,-0.006,-0.006,-0.041,-0.022,-0.018,0.005,0.2,0.1,-0.1,0.008374305333065966,-0.14981195064767988,1.1209601633408874,0.999818402476493,-0.012784031073777803,0.0008802907821515703,-0.014105165968433307,-0.04328513847211522,0.10010015162772741,0.06382439015814467,0.0,0.0,0.004551588320832315,0.01699115422072774,-0.16000967577102987,1.1112193996712953,0.9998063383492529,-0.014391543268049612,0.0001965223112767804,-0.013421276318012175,-0.016859685016645743,-0.008719733485447152,-0.0010729786272322614,0.0,0.0,0.006987423731309694,0.0,0.0,1.0,1.0,0.0,0.0,0.0,25.91705784159802,0.09728476634378767,0.08,100.0,100.0,0.5,55.0,0.08,-0.6078643026217746,1.5699851128537305,0.0035,0.0025,0.0118,0.0149
473,1763355117.6318939,-0.01760658296612829,0.021681621154747154,0.37825520313475935,-0.004273575981473729,-0.02772224565093334,-0.03052496702842,0.21086579519801038,-0.0014951619719671084,0.021,-0.167,1.105,0.997,-0.012,0.076,-0.014,0.059,-0.016,-0.078,0.0,0.0,0.004,0.088,-0.175,1.25,0.999,-0.007,-0.017,-0.041,-0.004,-0.023,0.005,-0.1,-0.4,-0.0,0.0327999061761521,-0.16621537227454228,1.0894890872336638,0.9998143677530045,-0.014391660885872822,0.00018771148343156192,-0.012809172338796214,0.05864819406209297,0.016621932252485563,-0.08669487425216474,0.0,0.0,0.007240418477420423,0.01946274770780209,-0.16152026971680628,1.1073364576613878,0.9998531363776992,-0.010672528240856185,0.00022771656007057945,-0.0134071235466201,-0.005835027775322176,0.0027873600910848857,-0.017060578669237263,0.0,0.0,0.007119620645249292,0.0,0.0,1.0,1.0,0.0,0.0,0.0,25.9078332796596,0.09727808516572639,0.08,100.0,100.0,0.5,55.0,0.08,-0.6083399229469373,1.5680974630327245,0.0121,0.0158,0.0272,0.0178
474,1763355117.6710153,-0.020823555907251358,0.018521553866510304,0.37559547393578935,-0.004194996978048873,-0.02268733331791345,-0.007669728508154073,0.12854705518068438,-0.0012096959759283696,0.021,-0.167,1.105,0.997,-0.012,0.076,-0.014,0.059,-0.016,-0.078,0.0,0.0,0.004,0.088,-0.175,1.25,0.999,-0.007,-0.017,-0.041,-0.004,-0.023,0.005,-0.1,-0.4,-0.0,0.032722911251284875,-0.16744763740954563,1.090405046415823,0.9998612725482602,-0.010672667649235487,0.00022108625593983465,-0.012785966693617578,0.05749189288588682,0.006250494191151883,-0.0700416134982158,0.0,0.0,0.007266281488177596,0.021978438893919282,-0.16265688258937516,1.1030920515776206,0.999881584845946,-0.0076084780413265725,-0.0005742706989295463,-0.013364039846478288,0.0030076512349454885,0.009372850624353363,-0.009296990770565053,0.0,0.0,0.007259796780666992,0.0,0.0,1.0,1.0,0.0,0.0,0.0,25.89752948087344,0.09726080987406081,0.08,100.0,100.0,0.5,55.0,0.08,-0.6090159062205202,1.566470123773646,0.0038,0.0027,0.0165,0.0149
475,1763355117.7196143,-0.00794280704857944,0.022846142941029827,0.369771377286952,-0.00431521789649569,0.05659491082814032,0.02856852807253895,0.1117278194817338,-0.002174228459002406,0.021,-0.152,1.101,0.997,-0.008,0.074,-0.016,0.008,0.133,-0.019,0.0,0.0,-0.035,0.086,-0.177,1.249,0.999,-0.003,-0.011,-0.04,-0.015,-0.015,-0.015,0.1,-0.2,-0.0,0.02241364720362766,-0.12360825747284863,1.0941719326137123,0.9998705096156287,-0.007608937591487818,-0.000568149337622825,-0.014168460609467465,0.0034025732488599985,0.14981640842502802,-0.02948885317795624,0.0,0.0,0.003916140526685168,0.022297785418262932,-0.1561021387170228,1.102225446844795,0.9999010671169741,-0.0043705550191630894,0.0005113480420706407,-0.013360117901452771,0.0037744597924492178,0.03234328921954355,-0.03150787617301812,0.0,0.0,0.0072701816318616625,0.0,0.0,1.0,1.0,0.0,0.0,0.0,25.899719635181548,0.09726734985987921,0.08,100.0,100.0,0.5,55.0,0.08,-0.6059538927788702,1.566496053580777,0.0058,0.0015,0.0074,0.0138
476,1763355117.7985034,-0.004748363013044712,0.02076680365674992,0.373349480249167,-0.004395218265117,0.01299366753445634,-0.001829392818513336,0.15655478129368228,-0.0020182085542924284,0.024,-0.144,1.096,0.997,-0.006,0.073,-0.017,0.048,0.114,-0.076,0.0,0.0,-0.022,0.085,-0.178,1.249,0.999,-0.001,-0.023,-0.042,-0.008,-0.021,0.012,0.0,-0.3,-0.0,0.03295949323213833,-0.11958073043682893,1.082401075628703,0.9998965849870468,-0.00437038533043292,0.000512796313557238,-0.013691460960971564,0.039268783811403446,0.12845350666382085,-0.07069510187671749,0.0,0.0,0.005111566478423979,0.024567071612447915,-0.14981644251301152,1.0976140095107,0.9998978746476042,-0.0045598111351739445,-0.0017520456384933151,-0.013430515019771681,0.009120078005438428,0.048547456101360194,-0.02815605654659272,0.0,0.0,0.007285183513478936,0.0,0.0,1.0,1.0,0.0,0.0,0.0,25.892748469778418,0.09723528290396473,0.08,100.0,100.0,0.5,55.0,0.08,-0.6038459432784437,1.5654883612635235,0.0033,0.005,0.0126,0.0197
477,1763355117.8618674,-0.010499394171076797,0.021930051888815295,0.369423008908884,-0.004356299891604048,-0.030535791920052197,0.013603792531608082,0.12037369839202289,-0.0014536149818541121,0.026,-0.141,1.093,0.997,-0.005,0.072,-0.018,0.03,0.044,-0.036,0.0,0.0,-0.007,0.083,-0.179,1.249,0.999,-0.003,-0.012,-0.04,-0.03,-0.008,-0.013,-0.2,0.4,0.1,0.03089519205978229,-0.13078733090675718,1.084956392836228,0.9999008255493423,-0.0045594228693892035,-0.0017530557908721775,-0.013208994066011887,0.01844056228906193,0.05311976157307404,-0.043352272612761984,0.0,0.0,0.006491345891596409,0.026178577983476423,-0.1464339657502351,1.0950917945527265,0.999891142508101,-0.005144064240793211,-0.003333767788680249,-0.013421167209386988,0.009096745658132262,0.0532969880514933,-0.027878010495309153,0.0,0.0,0.007273470937286246,0.0,0.0,1.0,1.0,0.0,0.0,0.0,25.891435252327792,0.0972279949606436,0.08,100.0,100.0,0.5,55.0,0.08,-0.6040482448478495,1.5648958980887475,0.0021,0.003,0.0212,0.0099
478,1763355117.9287558,-0.018930818609617234,0.023331893548968516,0.3670483610931411,-0.0042857009508411705,-0.046094395006855984,0.015232977759071844,0.12666038926211676,-0.0012806177555371313,0.028,-0.142,1.092,0.997,-0.005,0.071,-0.018,0.02,-0.013,-0.018,0.0,0.0,-0.009,0.082,-0.181,1.248,0.999,0.006,-0.02,-0.043,-0.018,-0.03,-0.015,0.2,-0.3,-0.1,0.030822069099239312,-0.14403344003716187,1.0862751374438213,0.9998932511365403,-0.005143537299309058,-0.0033345807281974617,-0.013263141672223427,0.008028255087922702,-0.01095717156076785,-0.03677612901704245,0.0,0.0,0.006325626224988403,0.027379205997801005,-0.14563112934978784,1.0936196099312916,0.9999071482757875,-0.001094040497601594,-0.0026670290216669573,-0.013318590712599516,0.007461742992530767,0.04703844356179887,-0.034562124995684146,0.0,0.0,0.007412895325417982,0.0,0.0,1.0,1.0,0.0,0.0,0.0,25.89368045922696,0.09724530651080157,0.08,100.0,100.0,0.5,55.0,0.08,-0.6058192405506025,1.5644671747665804,0.0021,0.0024,0.0177,0.0146
479,1763355117.9991577,-0.01431575954708128,0.027649908920179614,0.3635475059730029,-0.004209414742428092,0.015976238334073294,0.030339536936918696,0.12013885980923672,-0.001225706814500047,0.027,-0.131,1.09,0.997,-0.002,0.071,-0.019,-0.018,0.072,0.008,0.0,0.0,-0.016,0.079,-0.182,1.246,0.999,0.006,0.003,-0.044,-0.048,-0.009,-0.012,-0.2,0.8,-0.1,0.0222124132245592,-0.11671251008087861,1.0898759851244064,0.9999058326953801,-0.0010943029657772688,-0.002666921339653126,-0.013416995690008518,-0.029618073691924332,0.07218923932060756,-0.014981438800415884,0.0,0.0,0.005651312187492628,0.02678828174955148,-0.1405631978074542,1.092984998346139,0.9999054942013688,0.000936818332672867,-0.0033565330691523246,-0.013298824124102217,0.0006419601986085276,0.05062004642717581,-0.029119213018323178,0.0,0.0,0.007511292154234431,0.0,0.0,1.0,1.0,0.0,0.0,0.0,25.899171943961086,0.09729227229057777,0.08,100.0,100.0,0.5,55.0,0.08,-0.6051262467464348,1.5650424138248957,0.0025,0.0031,0.0191,0.0166
480,1763355118.0478964,-0.012404249527226536,0.02931933607795978,0.3641497672997279,-0.0042358996384684235,0.004189140269118253,0.018715851633968186,0.1393416213735016,-0.00171095500861219,0.027,-0.131,1.09,0.997,-0.002,0.071,-0.019,-0.018,0.072,0.008,0.0,0.0,-0.016,0.078,-0.184,1.245,0.999,-0.003,-0.015,-0.041,-0.01,-0.032,-0.029,-0.4,-0.6,0.2,0.02225750947131044,-0.11647640634134383,1.0878894152866438,0.9999040809706309,0.0009364630512646502,-0.003356632208979887,-0.013404660213725588,-0.027910094706862575,0.07577546227208812,-0.03339458951169218,0.0,0.0,0.005529757902643499,0.026104554088078588,-0.13582065857078876,1.092627772871505,0.9999065356820412,3.2004311628178056e-05,-0.0031839041797541655,-0.01329592532458737,-0.005371642494123051,0.05324463176168964,-0.03193283275352633,0.0,0.0,0.007494847634773227,0.0,0.0,1.0,1.0,0.0,0.0,0.0,25.90506940755,0.09734853223366943,0.08,100.0,100.0,0.5,55.0,0.08,-0.6045429626439481,1.5654351554226744,0.0021,0.0021,0.0105,0.0087
481,1763355118.1484966,-0.022304571860632783,0.027495107993172462,0.3675756718099344,-0.004229511506420725,-0.05415320523974118,0.0018736106052983162,0.1536856852884302,-0.0015565217041871619,0.027,-0.134,1.088,0.997,-0.002,0.07,-0.019,0.002,-0.042,-0.025,0.0,0.0,-0.004,0.075,-0.186,1.24,0.999,0.005,0.001,-0.044,-0.04,-0.026,-0.087,0.2,0.5,-0.0,0.026527735540766328,-0.14175421873113286,1.0781995664713369,0.9999108378980289,3.304738803080714e-05,-0.0031838935239676567,-0.01296834545961618,-0.004451552495971619,-0.03542001716555368,-0.07321411298456382,0.0,0.0,0.006531018986790391,0.026191492482547003,-0.13647564736947845,1.0906985784770116,0.9999064095527368,-0.0024139633724708184,-0.002661657702876404,-0.013200776282624862,-0.007324633033965496,0.04155132589543282,-0.04205326264541287,0.0,0.0,0.00746900397723524,0.0,0.0,0.9898876404494382,1.0,0.0,0.0,0.0,25.90735719960289,0.09737472043840927,0.08,100.0,100.0,0.5,55.0,0.08,-0.607001965344184,1.5650702602041762,0.0062,0.004,0.0351,0.0119
482,1763355118.1898434,-0.03006865826014489,0.028202064956245856,0.3662949322642977,-0.0040809522702303334,-0.04718464644529781,0.013845450312806661,0.13143717920054204,-0.0008432706339558157,0.026,-0.14,1.087,0.997,-0.003,0.07,-0.019,-0.017,-0.082,-0.023,0.0,0.0,0.005,0.074,-0.189,1.235,0.999,0.008,-0.01,-0.043,-0.031,-0.049,-0.092,0.4,-0.0,-0.1,0.022138720041058643,-0.15567367187303338,1.0769727647225675,0.9999148420353458,-0.0024122193698017497,-0.0026632383676391492,-0.012545797564872443,-0.020020194834231134,-0.07406919707530832,-0.06855183039913387,0.0,0.0,0.00727740688954389,0.02533158904788157,-0.1394299873953518,1.0888245701230514,0.9999124823560609,-0.0015815182039864957,-0.0012168064823720353,-0.013078448329032842,-0.01046716749251767,0.026417625149750858,-0.05583939195325451,0.0,0.0,0.007423194556523233,0.0,0.0,0.9797752808988764,1.0,0.0,0.0,0.0,25.911989024455835,0.09743335585085654,0.08,100.0,100.0,0.5,55.0,0.08,-0.6102073090473258,1.565129494576856,0.0023,0.0019,0.0101,0.0177
483,1763355118.270119,-0.026642110846707045,0.03208801784192472,0.3637033041408055,-0.003948478559272564,0.005856990219634862,0.03000553878698652,0.12440245898165045,-0.0008679885465475303,0.021,-0.141,1.086,0.997,-0.003,0.071,-0.019,-0.054,-0.015,-0.014,0.0,0.0,-0.003,0.071,-0.191,1.227,0.999,0.012,0.003,-0.041,-0.028,-0.037,-0.144,0.3,0.5,0.2,0.010042045972600906,-0.14318990939501286,1.0786915610870635,0.9999171311401961,-0.0015810795403133249,-0.001217376413557402,-0.012718059384784278,-0.05500719855965807,-0.0025207563113987183,-0.05411153648938589,0.0,0.0,0.006437714028891846,0.022526009560292406,-0.13968060968157497,1.0871169726787422,0.9999146623646296,-0.0010003174436905287,-0.0003210801326466336,-0.013021684253177571,-0.017195033968507058,0.021874729195852708,-0.06438186321223902,0.0,0.0,0.007409371250606854,0.0,0.0,0.9696629213483146,1.0,0.0,0.0,0.0,25.919359619858707,0.09753852614940021,0.08,100.0,100.0,0.5,55.0,0.08,-0.6113264856401635,1.566148008661074,0.0034,0.0019,0.0116,0.0282
484,1763355118.3216681,-0.02204955487784228,0.033037868967029795,0.3670590622795857,-0.004013102156838235,0.012971988276808689,0.016782262316247114,0.15316752974670306,-0.0018037974475555655,0.018,-0.14,1.082,0.997,-0.002,0.071,-0.02,-0.048,0.011,-0.053,0.0,0.0,-0.021,0.069,-0.194,1.222,0.999,-0.001,-0.012,-0.041,-0.038,-0.05,-0.081,-0.5,-0.6,-0.1,0.00834363002052108,-0.13622634725668195,1.0676304208783993,0.9999105859441717,-0.0010004167296126742,-0.0003207706452327204,-0.01333103106827979,-0.04749956108422468,0.031221577996556074,-0.09357464326679563,0.0,0.0,0.004723013473719168,0.019835177556119996,-0.13887431668631192,1.08328945139763,0.9999071516073299,-0.003939047252477548,-0.0004677156438332902,-0.013036614335604215,-0.021878996700050064,0.02318139717991883,-0.07120626227194678,0.0,0.0,0.00730497251688739,0.0,0.0,0.9595505617977528,1.0,0.0,0.0,0.0,25.921999781027115,0.09758156746358498,0.08,100.0,100.0,0.5,55.0,0.08,-0.6117000724211474,1.5669032999816925,0.0051,0.0018,0.0131,0.0081
485,1763355118.4021127,-0.037331830635573965,0.03402958902874632,0.37229122445497365,-0.0038837210810073602,-0.08467996186784923,0.0173478011712188,0.1638079592317846,-0.0008580079296599631,0.014,-0.152,1.075,0.997,-0.003,0.07,-0.019,-0.058,-0.17,-0.102,0.0,0.0,0.04,0.066,-0.197,1.213,0.999,-0.001,-0.006,-0.043,-0.049,-0.044,-0.122,-0.3,0.0,-0.1,0.0025062350208676113,-0.18356891589595203,1.0501214736735724,0.9999302695868449,-0.003938144939424093,-0.0004752532133775665,-0.011122999271724667,-0.05508987964192573,-0.14481282833565318,-0.14232380634282266,0.0,0.0,0.009841552744570856,0.016526234193860637,-0.1467049192005487,1.0770219310242122,0.9998924596702394,-0.006871104678831469,-0.00016280776414257964,-0.012954941478945168,-0.027223320529852713,0.002187560797203683,-0.08690385742297062,0.0,0.0,0.00737627840921856,0.0,0.0,0.949438202247191,1.0,0.0,0.0,0.0,25.919492936813356,0.09754096731240963,0.08,100.0,100.0,0.5,55.0,0.08,-0.616681523731475,1.5676421084732073,0.0085,0.0027,0.0154,0.0173
486,1763355118.445803,-0.03614727541928599,0.03718287727321689,0.3700848785942764,-0.0036921102749184692,-0.008076660406900343,0.02852753710813276,0.12857747986712917,-0.0004983413749333043,0.009,-0.163,1.066,0.997,-0.005,0.072,-0.018,-0.085,-0.092,-0.092,0.0,0.0,0.013,0.063,-0.2,1.203,0.999,-0.003,-0.006,-0.042,-0.041,-0.051,-0.155,-0.3,-0.4,0.1,-0.007552348058255842,-0.17876185115781926,1.043315800624814,0.9999039374542608,-0.006870952235254127,-0.00016911905978070905,-0.012036497729423086,-0.07877563366474696,-0.06400971514337166,-0.12054564585883086,0.0,0.0,0.007435811612078824,0.011825719975168687,-0.1518631165365165,1.070767407142392,0.9998922604269744,-0.006936358149016609,0.0010969135123234924,-0.01288996720750223,-0.034654203654006704,-0.004047129847352183,-0.10330370445264593,0.0,0.0,0.007153122138350286,0.0,0.0,0.9393258426966292,1.0,0.0,0.0,0.0,25.920879875805184,0.09757444245301847,0.08,100.0,100.0,0.5,55.0,0.08,-0.6192831515270342,1.5690144112650273,0.0023,0.0017,0.0086,0.0085
487,1763355118.5391061,-0.035278935117832096,0.038003604570111045,0.36784468564938566,-0.0036707913267536615,-0.009213526774962753,0.018047215461927134,0.12758086474840014,-0.0012779466122703896,0.009,-0.163,1.066,0.997,-0.005,0.072,-0.018,-0.085,-0.092,-0.092,0.0,0.0,0.013,0.061,-0.203,1.194,0.999,-0.007,-0.009,-0.043,-0.034,-0.047,-0.139,-0.3,0.0,0.0,-0.007223789588023521,-0.1785435266281384,1.0453176060909992,0.9999036129845991,-0.006937356809038037,0.0010905797215428792,-0.011976996982553983,-0.07547468991857356,-0.059045491623875075,-0.10947016191510732,0.0,0.0,0.0071818039246741424,0.007320994093595331,-0.1567402490303926,1.0645664227209675,0.9998990048501646,-0.005815721515239802,0.0017667793144834135,-0.012846632779124598,-0.03984091094398916,-0.009938141458189956,-0.11060140400861655,0.0,0.0,0.007154120308214799,0.0,0.0,0.9292134831460674,1.0,0.0,0.0,0.0,25.923565957513382,0.09763986338607582,0.08,100.0,100.0,0.5,55.0,0.08,-0.6216710874541921,1.570215267308626,0.0061,0.0027,0.0274,0.0113
488,1763355118.57933,-0.03278756204500248,0.034016793312793364,0.3683184106056025,-0.0037354621182317904,-0.000772735305038923,-0.0056827045727967755,0.14031038189960376,-0.0016999007049232659,0.006,-0.167,1.06,0.997,-0.005,0.072,-0.018,-0.042,-0.073,-0.103,0.0,0.0,0.005,0.058,-0.205,1.183,0.999,0.0,0.003,-0.044,-0.055,-0.032,-0.187,0.2,1.0,-0.2,-0.0013111093646296446,-0.177956971602389,1.0380446388616797,0.9999065738684537,-0.005816786442936141,0.0017632700774935048,-0.012243341405097816,-0.029174743636820773,-0.033546680212082805,-0.12039335166801428,0.0,0.0,0.006400875725240475,0.00463687904868057,-0.1609390017980669,1.0576411651336335,0.9998613832598797,-0.010318905905750008,0.0024988657892301234,-0.012825370026463511,-0.0375637396630549,-0.009985396905719182,-0.110033115332175,0.0,0.0,0.006954539438708181,0.0,0.0,0.9191011235955056,1.0,0.0,0.0,0.0,25.92459353823267,0.09766787876607391,0.08,100.0,100.0,0.5,55.0,0.08,-0.6234891715202433,1.5702975352948076,0.0036,0.0014,0.0071,0.0081
489,1763355118.656947,-0.03888160187460283,0.031774529810251494,0.3708891346711414,-0.0037130681180633294,-0.042765534914877695,0.0015449799795881833,0.15097302430479517,-0.0012888282934946174,0.003,-0.18,1.05,0.997,-0.007,0.073,-0.017,-0.038,-0.149,-0.119,0.0,0.0,0.022,0.057,-0.209,1.172,0.999,-0.005,-0.011,-0.042,-0.021,-0.065,-0.177,-0.2,-1.0,-0.1,-0.0031688808764939375,-0.20555089835474702,1.0235795123325635,0.9998762583158776,-0.010321940887978397,0.002486299585606449,-0.011607924315582996,-0.023011528317653854,-0.1062683106761436,-0.14417507101009738,0.0,0.0,0.007869348830416746,0.0021240579891687187,-0.16901137314034945,1.0498925690635565,0.9998488826280404,-0.011110151427408265,0.0037855506537635077,-0.012823651935664057,-0.033952122194720845,-0.018290589288448112,-0.11694089669191138,0.0,0.0,0.0067479885038769566,0.0,0.0,0.9089887640449438,1.0,0.0,0.0,0.0,25.92406033985711,0.09765951476433103,0.08,100.0,100.0,0.5,55.0,0.08,-0.6272211258429348,1.5703314791498395,0.0024,0.0047,0.0143,0.0074
490,1763355118.734799,-0.036026552941735616,0.02558272288518173,0.3800120838362028,-0.003748432561713618,-0.00030535603863999367,-0.019043585946504505,0.18469817132698463,-0.0015692227625251891,0.004,-0.186,1.036,0.997,-0.008,0.072,-0.016,0.016,-0.095,-0.203,0.0,0.0,0.013,0.056,-0.21,1.161,0.999,-0.009,-0.011,-0.041,-0.007,-0.032,-0.188,-0.4,-0.4,0.2,0.008776675343698831,-0.2007029431840217,0.9925952755566295,0.9998599067140528,-0.01111351839028848,0.0037756545764769073,-0.01193319266892916,0.030625802034319034,-0.051366096248564225,-0.2238937479088233,0.0,0.0,0.007114387495452668,0.002218128428548519,-0.1748099622180219,1.0379500497473104,0.9998421569790213,-0.011427571995526527,0.004566097077726756,-0.012814932044375628,-0.022243753164932833,-0.017596918863301867,-0.13808295961079756,0.0,0.0,0.006625368863731009,0.0,0.0,0.898876404494382,1.0,0.0,0.0,0.0,25.914243334211367,0.09736679578328941,0.08,100.0,100.0,0.5,55.0,0.08,-0.6294179591073291,1.5692041987857763,0.006,0.0027,0.0206,0.0143
491,1763355118.79844,-0.028852962717390802,0.01906216745094201,0.3771972149738033,-0.0038450420397088433,0.02235799376857323,-0.02300925608925545,0.1284301871265785,-0.0018887096006187354,0.004,-0.192,1.02,0.997,-0.009,0.071,-0.016,0.062,-0.03,-0.189,0.0,0.0,0.004,0.054,-0.212,1.15,0.999,-0.006,-0.006,-0.042,-0.028,-0.021,-0.183,0.3,0.3,-0.1,0.017772738451439563,-0.19359386660084688,0.9806054358234793,0.9998492258090529,-0.01143014554281987,0.004559650985121781,-0.012251000155148425,0.0730851361793179,0.01568063799790252,-0.1867430188023093,0.0,0.0,0.006404668315271892,0.004494946866299381,-0.177850180604846,1.025907752406628,0.9998503090134615,-0.010996955663336494,0.003733714259764012,-0.012825206027612735,-0.006071068823956253,-0.00826456639192601,-0.153257073504944,0.0,0.0,0.006608482587618568,0.0,0.0,0.8887640449438202,1.0,0.0,0.0,0.0,25.908718642516565,0.09718734725413695,0.08,100.0,100.0,0.5,55.0,0.08,-0.6300850180897258,1.5672960659401343,0.0061,0.0082,0.0131,0.0129
492,1763355118.856696,-0.025505359993517007,0.024135711568465654,0.3589592714439395,-0.003991000236855799,0.005918152600347438,0.03251603338172149,0.050259237965857226,-0.002171681750625592,0.003,-0.194,1.017,0.997,-0.01,0.072,-0.017,-0.011,-0.019,-0.04,0.0,0.0,-0.027,0.054,-0.213,1.139,0.999,-0.008,-0.003,-0.043,-0.028,-0.002,-0.17,-0.1,0.7,-0.1,0.0016978000813477351,-0.1931156938734152,1.009407171669677,0.999842832058506,-0.010994824497764445,0.0037399853339702424,-0.013395429264908163,-0.006392899678823233,0.027163305358842066,-0.02659858693055705,0.0,0.0,0.00392771733088605,0.0037636924949651426,-0.18019311557679762,1.0206772332588847,0.9998312045076868,-0.012856305961970342,0.0028084283587472476,-0.012821490548074162,-0.0033039374979924882,0.002345345866701435,-0.1410774911384734,0.0,0.0,0.006417018661523775,0.0,0.0,0.8786516853932584,1.0,0.0,0.0,0.0,25.923496383816307,0.09772796735259046,0.08,100.0,100.0,0.5,55.0,0.08,-0.6308261870266652,1.5675238722664,0.0021,0.0053,0.0115,0.0129
493,1763355118.9149911,-0.02621403286875857,0.02690156054603593,0.36139862199995987,-0.003986678595866633,-0.013107874373776703,0.022880136726026006,0.1468064795715792,-0.0014750168838750927,0.002,-0.196,1.014,0.997,-0.011,0.072,-0.016,-0.011,-0.039,-0.058,0.0,0.0,-0.001,0.053,-0.213,1.129,0.999,-0.01,-0.004,-0.041,-0.0,-0.007,-0.147,-0.0,-0.0,0.0,-5.391094033367158e-05,-0.19917722152963063,1.003943897710424,0.9998361539959646,-0.012857405941943562,0.0028033881782736397,-0.012429532964831987,-0.013143794530062848,0.0031514117606086045,-0.06956250962976893,0.0,0.0,0.006314890023975567,0.003100862509208049,-0.1831504185524438,1.0148030412611244,0.9998395181030947,-0.012505145565892176,0.0005724200663303969,-0.012815291998817674,-0.0027365118251439576,0.009772186360798867,-0.11755768356496622,0.0,0.0,0.006502629033212803,0.0,0.0,0.8685393258426966,1.0,0.0,0.0,0.0,25.932198757070726,0.09805947120154203,0.08,100.0,100.0,0.5,55.0,0.08,-0.6323137641777579,1.5677474031796592,0.0021,0.0019,0.011,0.0083
494,1763355118.98216,-0.01697549948194566,0.026003141322008014,0.36540108619593253,-0.0040089133928699556,0.036362404608280115,0.00559598908462389,0.1555368042298481,-0.0016061784584665995,0.003,-0.193,1.011,0.997,-0.011,0.072,-0.017,0.018,0.064,-0.072,0.0,0.0,-0.015,0.053,-0.213,1.118,0.999,-0.007,-0.005,-0.042,-0.01,0.0,-0.198,0.1,0.3,-0.0,0.006080480070737843,-0.17628344013176497,0.9936747540673452,0.9998381068333546,-0.012505082722087332,0.0005737913124502667,-0.012924929150170749,0.012428818580169705,0.09966586859611741,-0.1164268920281076,0.0,0.0,0.0051995214532883065,0.003842935119875523,-0.1811256119773444,1.0090999930962965,0.9998603942580138,-0.010477043025508547,-0.002155975581012305,-0.012836484446487833,-0.0010332481594767726,0.028880255199431767,-0.10600871545919029,0.0,0.0,0.006578487744824568,0.0,0.0,0.8584269662921349,1.0,0.0,0.0,0.0,25.937444884917717,0.09824971458258897,0.08,100.0,100.0,0.5,55.0,0.08,-0.6314110380703385,1.5672630595259653,0.0021,0.0041,0.0099,0.008
495,1763355119.0782735,-0.01412622644164605,0.02594472193153116,0.36649142474750085,-0.004087081429665102,0.0078805528957684,0.009459081043368745,0.1424771000813166,-0.0018941827063019636,0.003,-0.193,1.011,0.997,-0.011,0.072,-0.017,0.018,0.064,-0.072,0.0,0.0,-0.015,0.053,-0.213,1.106,0.999,-0.008,-0.009,-0.042,-0.01,0.011,-0.178,-0.2,0.5,-0.0,0.006014739224551467,-0.17696454683513782,0.9889713479694479,0.999859076711585,-0.010477263384116649,-0.0021549044628769807,-0.012938703806510781,0.01300813212818535,0.09331989795173544,-0.13430080510042947,0.0,0.0,0.005242404012603795,0.004546974991313318,-0.17884869781106827,1.0045283774285463,0.9998771794419297,-0.008856405838971482,-0.0015808431240799468,-0.012833200765346685,-0.00036397391984891933,0.04264052394899951,-0.12666550844738236,0.0,0.0,0.0067648045238053655,0.0,0.0,0.848314606741573,1.0,0.0,0.0,0.0,25.945844449242806,0.09855996705760213,0.08,100.0,100.0,0.5,55.0,0.08,-0.6309216331843573,1.5667994803208705,0.0021,0.0027,0.0256,0.0175
496,1763355119.1327608,-0.017840583253800044,0.02800282414064035,0.371460150675714,-0.004071286022619467,-0.023869118976387237,0.020019781769870116,0.16227791392137836,-0.0014536785008962393,0.007,-0.183,0.988,0.997,-0.01,0.07,-0.018,-0.009,0.016,-0.126,0.0,0.0,-0.003,0.052,-0.213,1.091,0.999,-0.008,-0.01,-0.041,-0.002,0.007,-0.226,-0.1,0.1,0.1,0.004817371369292603,-0.17705728008294852,0.9576823886368959,0.9998814711285153,-0.008855869590959221,-0.0015838444227394353,-0.012494346902047149,-0.012702907269250264,0.03893906749997098,-0.16843199690616645,0.0,0.0,0.006341002258953483,0.004353966853592892,-0.17776536407252638,0.9956717226992567,0.9998825339178516,-0.008362132978888194,-0.0008498811056562318,-0.012816817084041263,-0.0025489417396846966,0.047368246854969286,-0.14395688227515036,0.0,0.0,0.006870821562127565,0.0,0.0,0.8382022471910112,1.0,0.0,0.0,0.0,25.948130815684223,0.09865671941935053,0.08,100.0,100.0,0.5,55.0,0.08,-0.631849282805867,1.566948277000786,0.0049,0.004,0.014,0.0185
497,1763355119.1874473,-0.014223696068246685,0.02842236985437004,0.37830625303141013,-0.004037302540532917,0.011394217207591768,0.01259878762138857,0.1735280682818735,-0.001356814848049546,0.007,-0.179,0.975,0.997,-0.009,0.069,-0.018,-0.005,0.073,-0.204,0.0,0.0,-0.009,0.052,-0.213,1.074,0.999,0.003,-0.002,-0.042,-0.008,0.009,-0.274,0.6,0.5,-0.0,0.00566444464787654,-0.16240685508592476,0.9309158597991365,0.9998841081841753,-0.00836202802085543,-0.0008509131734728564,-0.012693409112059626,-0.008155891203643715,0.08963484000386679,-0.22653179188407496,0.0,0.0,0.005849752796648487,0.00430651898222033,-0.17391562146805437,0.9826986257737712,0.9999034141127114,-0.005282950110936722,-0.0009972293347058684,-0.012816334012609627,-0.003625812932059222,0.05736987353712109,-0.1631922108198803,0.0,0.0,0.0069154201518710915,0.0,0.0,0.8280898876404494,1.0,0.0,0.0,0.0,25.941867338686176,0.09840815335542154,0.08,100.0,100.0,0.5,55.0,0.08,-0.6314166627112976,1.5669984473446192,0.0028,0.0018,0.0099,0.0085
498,1763355119.249549,-0.021429741581301544,0.026645858354503386,0.3725662383471334,-0.00393663646705629,-0.04136411359086679,0.001775831196055495,0.11316477146539508,-0.0010106580853167131,0.007,-0.179,0.966,0.998,-0.007,0.068,-0.018,0.013,-0.009,-0.169,0.0,0.0,0.021,0.052,-0.212,1.058,0.999,0.003,-0.002,-0.041,-0.012,0.006,-0.261,-0.4,-0.1,-0.0,0.009292487276839038,-0.17941215294649349,0.930366121078933,0.9999183694324104,-0.005281724060479845,-0.0010037027296926832,-0.011590963868857416,0.010680860184619372,0.0035301169199881527,-0.16944441594997559,0.0,0.0,0.008328190583684301,0.005004502266617531,-0.17360120544864446,0.971184489482112,0.9999123970238121,-0.00328479062384694,-0.0010105161581935292,-0.012782303616548913,-0.0022175119968123416,0.05192882246043924,-0.17375724950408838,0.0,0.0,0.00716349107880195,0.0,0.0,0.8179775280898876,1.0,0.0,0.0,0.0,25.94222927341423,0.09843352318390666,0.08,100.0,100.0,0.5,55.0,0.08,-0.633169813068176,1.5665208788225056,0.0022,0.0019,0.0112,0.0097
499,1763355119.3258717,-0.0015900424699528057,0.018927682799816912,0.38991600864616527,-0.004197993145433732,0.0911623424637556,-0.028598680890493593,0.2264611908753343,-0.002783022067033317,0.013,-0.164,0.944,0.998,-0.006,0.065,-0.02,0.086,0.219,-0.333,0.0,0.0,-0.059,0.051,-0.213,1.043,0.999,0.006,0.001,-0.041,-0.003,-0.006,-0.274,0.6,0.6,0.1,0.030031657980679145,-0.11899938213202473,0.8783158705454461,0.9998890549277941,-0.00328651535944181,-0.001004892601543095,-0.014493682874077011,0.08469881213314744,0.23090731894638014,-0.3216352403550322,0.0,0.0,0.0014932229753825475,0.009204624274361466,-0.16267069925332764,0.9514321996185372,0.9999074077665189,-0.003951578902217904,-0.0002661246135509618,-0.0130188361810899,0.009699464900245118,0.07878767475209468,-0.19746138823824338,0.0,0.0,0.006859525885000672,0.0,0.0,0.8078651685393259,1.0,0.0,0.0,0.0,25.92224828331234,0.097543000672117,0.08,100.0,100.0,0.5,55.0,0.08,-0.6290443099032416,1.5645770424234682,0.0035,0.0079,0.0152,0.008
500,1763355119.3991985,-0.0010648033232036926,0.02199566895794866,0.3669645016074667,-0.0044654109640595305,0.0020299298075132713,0.02243781184059007,0.031460968048818774,-0.002911336522666643,0.014,-0.155,0.935,0.998,-0.005,0.066,-0.022,0.02,0.139,-0.142,0.0,0.0,-0.049,0.051,-0.213,1.029,0.999,0.002,-0.011,-0.043,-0.012,-0.005,-0.186,-0.4,-0.0,-0.0,0.01789369620124852,-0.12600246405230123,0.9088924331558264,0.9998889779220207,-0.003951933539384851,-0.00026080535016833863,-0.014364749629786648,0.017039658036402408,0.1487176396407317,-0.10047908867606466,0.0,0.0,0.0025983582636611075,0.010601145079253952,-0.15472255433158583,0.9402009780444175,0.9999094907677414,-0.002696152391077487,-2.1907420394770362e-05,-0.013181068050249805,0.011258387741634512,0.09052849345711345,-0.18062068529451547,0.0,0.0,0.006734839077481692,0.0,0.0,0.797752808988764,1.0,0.0,0.0,0.0,25.92790367296164,0.09780195639537333,0.08,100.0,100.0,0.5,55.0,0.08,-0.6276521615049145,1.5643937899723033,0.0021,0.0067,0.0132,0.0176
501,1763355119.44808,-0.006428655169232235,0.01763857657675179,0.37621316033036056,-0.00444517524495057,-0.0272185604763441,-0.013537086046753573,0.18385498171726955,-0.0015733505159775218,0.018,-0.151,0.924,0.998,-0.004,0.064,-0.022,0.078,0.088,-0.213,0.0,0.0,-0.023,0.05,-0.214,1.015,0.999,0.006,-0.008,-0.043,0.003,-0.019,-0.14,-0.4,-1.0,0.0,0.033187060419939504,-0.13254713028857826,0.8836891844598468,0.999904399152799,-0.002696160537580909,-2.0880770403159575e-05,-0.013561815410514903,0.0711888331899099,0.0906730700422799,-0.19744825853845033,0.0,0.0,0.0051636211860886985,0.014682045994426015,-0.14903190644254524,0.9264028433680989,0.9999012330058058,-0.00441728843678808,-0.0003397041119282053,-0.013337780829358955,0.020554947032690524,0.09391485687481974,-0.18742175941641392,0.0,0.0,0.006691820146783785,0.0,0.0,0.7876404494382022,1.0,0.0,0.0,0.0,25.924006201823364,0.09761861836105912,0.08,100.0,100.0,0.5,55.0,0.08,-0.6277729278645668,1.5628075033162805,0.0024,0.0018,0.0098,0.0084
502,1763355119.5365906,-0.029496995947635083,0.026597026871858664,0.36793451532098054,-0.004146466949144612,-0.11775244958047631,0.05140671769181629,0.0996867100769849,-0.00017339923782667748,0.016,-0.157,0.917,0.998,-0.004,0.064,-0.022,-0.033,-0.121,-0.147,0.0,0.0,0.021,0.05,-0.216,1.002,0.999,0.012,-0.003,-0.04,-0.002,-0.026,-0.251,0.7,0.7,0.1,0.008466522066845289,-0.1813508057073051,0.8914800904496469,0.9999172222248174,-0.004416857550966734,-0.00034526133856944166,-0.012079770783741827,-0.04428580605417741,-0.12676053898941766,-0.12283417800753821,0.0,0.0,0.008957469682763109,0.01383658101226744,-0.15289226716935886,0.915329939217146,0.9999065370931454,0.0016360167214950795,-0.0030109252131799804,-0.01323536388022288,0.010983163988898096,0.06461631820204124,-0.15259521519291253,0.0,0.0,0.007202915024075442,0.0,0.0,0.7775280898876404,1.0,0.0,0.0,0.0,25.924581203377127,0.09766236231556422,0.08,100.0,100.0,0.5,55.0,0.08,-0.6331973816351335,1.5638217084329349,0.0047,0.0032,0.0223,0.0136
503,1763355119.587834,-0.013522880264035853,0.02218163564970193,0.37987602063432774,-0.004100560555898673,0.068809204937633,-0.012103071033836649,0.19768296981210368,-0.0013253931396995352,0.021,-0.145,0.899,0.998,-0.002,0.061,-0.023,0.058,0.14,-0.211,0.0,0.0,-0.034,0.049,-0.218,0.99,0.999,0.005,-0.015,-0.043,-0.019,-0.03,-0.141,-0.6,-0.4,-0.1,0.031335175336403676,-0.11795000300072987,0.8542994389062595,0.9998962939535171,0.0016337504452038887,-0.003012155513111917,-0.013987820297297608,0.04545639742838331,0.1345663701355766,-0.23021990300414555,0.0,0.0,0.004024908604210572,0.017084063420473944,-0.14507694833886559,0.902351251564217,0.9999008913141771,0.0031011010920781452,-0.002768828980323944,-0.013450810652472603,0.014597903787922688,0.07228206224314755,-0.175655533152703,0.0,0.0,0.007430854180510344,0.0,0.0,0.7674157303370787,1.0,0.0,0.0,0.0,25.919275767491527,0.09740840807284289,0.08,100.0,100.0,0.5,55.0,0.08,-0.6311788107971209,1.5627148885638833,0.0056,0.0018,0.0101,0.0085
504,1763355119.6679108,-0.005811460904097471,0.02134910527368704,0.37365165715735077,-0.004377786065789891,0.03348601670067847,0.0041554614885637685,0.11133169035298804,-0.0029238377579180923,0.027,-0.136,0.878,0.998,-0.001,0.058,-0.025,0.045,0.145,-0.168,0.0,0.0,-0.048,0.048,-0.221,0.978,0.999,-0.002,-0.017,-0.043,-0.02,-0.048,-0.198,-0.1,0.1,0.0,0.034727978793617637,-0.1072642425853203,0.8447313548597718,0.9998828074101151,0.003097545463926967,-0.0027728061606386183,-0.014733913389225086,0.03358293873156659,0.14826456877421504,-0.1568565162388213,0.0,0.0,0.0026858320296844983,0.02008156152527788,-0.1368279552647369,0.8898283477620373,0.999894639664278,0.002199406515025336,-0.004220657108165614,-0.013713432655632254,0.01517209427840706,0.0795799809052844,-0.1686142265272235,0.0,0.0,0.007391222826183476,0.0,0.0,0.7573033707865169,1.0,0.0,0.0,0.0,25.919004531220107,0.09739787157152925,0.08,100.0,100.0,0.5,55.0,0.08,-0.629236163057117,1.5619619938760825,0.0045,0.0046,0.0254,0.0087
505,1763355119.734294,-0.002210997985016555,0.0211055571455448,0.37329986207709803,-0.004578518805655641,0.01582301675636804,0.006788173836921437,0.13836039603274328,-0.0026453334739999614,0.027,-0.136,0.878,0.998,-0.001,0.058,-0.025,0.045,0.145,-0.168,0.0,0.0,-0.048,0.047,-0.224,0.965,0.999,-0.001,-0.014,-0.042,-0.028,-0.052,-0.202,-0.2,0.1,0.1,0.03497385617938205,-0.10612382019773856,0.843701701584323,0.9998760393351218,0.002193938072976661,-0.004223502240438411,-0.015008485202284675,0.03481614290275575,0.15274334284730676,-0.16536540903877286,0.0,0.0,0.0029515080448982477,0.022822243565126292,-0.12916393008477986,0.8786571884616359,0.9998888553367076,-0.004910531910031811,-0.001811843240452972,-0.013959973992859337,0.016550464975237128,0.09057239875390816,-0.17849053291651026,0.0,0.0,0.007029787453890179,0.0,0.0,0.747191011235955,1.0,0.0,0.0,0.0,25.920584715336112,0.09747115252183074,0.08,100.0,100.0,0.5,55.0,0.08,-0.6277023333648231,1.5612414698810329,0.0049,0.0018,0.0185,0.0178
506,1763355119.801794,-0.0392699112798828,0.027510538416090892,0.3682037794499275,-0.004273317597823257,-0.18612369071871243,0.039939490282309774,0.11450703514305874,-0.00019093851295894234,0.024,-0.156,0.867,0.998,-0.003,0.059,-0.023,-0.035,-0.247,-0.134,0.0,0.0,0.047,0.045,-0.228,0.954,0.999,0.001,-0.016,-0.042,-0.027,-0.057,-0.168,0.0,-0.4,0.0,0.016016472810765972,-0.20461053636256232,0.8422351903571933,0.9999171861461758,-0.004906527988052785,-0.001822658133021791,-0.01175690222578866,-0.04580378133384741,-0.2445936173561188,-0.12066972655261589,0.0,0.0,0.011240346727440089,0.02179090223826502,-0.13988485621419613,0.868407248438318,0.9998992053868195,-0.0014372654490754232,-0.0027416891711865062,-0.01385627927419767,0.006994342452818224,0.046247730305316696,-0.15965734764240505,0.0,0.0,0.007322535137577684,0.0,0.0,0.7370786516853932,1.0,0.0,0.0,0.0,25.924116272990144,0.09765240272167844,0.08,100.0,100.0,0.5,55.0,0.08,-0.6361579809735621,1.56210696801827,0.0024,0.0059,0.0124,0.0208
507,1763355119.8627415,-0.02973325262222347,0.02987965617068352,0.3675483066992177,-0.003995364732419442,0.032957076558340626,0.022162040678997234,0.13479905354017396,-0.00021272977216464802,0.022,-0.156,0.859,0.998,-0.003,0.059,-0.023,-0.024,0.012,-0.11,0.0,0.0,-0.009,0.043,-0.232,0.942,0.999,0.001,-0.013,-0.041,-0.033,-0.076,-0.178,-0.1,0.0,-0.0,0.016032759947028352,-0.1538247141186486,0.8362246055958493,0.9999015256622681,-0.0014368035167293515,-0.002741931278646768,-0.013687818919980822,-0.03480410447443058,0.012680361881483266,-0.12156636791599942,0.0,0.0,0.006302703307463683,0.020976674695053134,-0.13965188177428658,0.8599665003460152,0.9998975863798278,0.0011111388474510822,-0.0031833516992539152,-0.013908572687923863,-0.0004930038762994476,0.04061685291940648,-0.15355274714736528,0.0,0.0,0.00751650605677243,0.0,0.0,0.7269662921348314,1.0,0.0,0.0,0.0,25.930577291801946,0.09795192767648728,0.08,100.0,100.0,0.5,55.0,0.08,-0.6371060452538362,1.5627358412425703,0.0036,0.0063,0.0145,0.0137
508,1763355119.924239,-0.025576691054695483,0.03337641061048921,0.36460594604455554,-0.004167547288251538,0.009632838104306131,0.02868864326303476,0.1231188117388958,-0.0023591745538177737,0.025,-0.153,0.832,0.998,-0.001,0.055,-0.024,-0.054,0.01,-0.059,0.0,0.0,-0.025,0.041,-0.237,0.928,0.999,0.005,-0.009,-0.041,-0.028,-0.078,-0.141,-0.6,-0.5,-0.0,0.0131645162101587,-0.15083014306559528,0.81849996374602,0.9998915261325693,0.0011097727634484542,-0.003183828197777903,-0.014337629186941127,-0.061480458332518154,0.0213031287142834,-0.0802547252975532,0.0,0.0,0.004554527044401747,0.019033688616926243,-0.1393795029590199,0.8524522523904232,0.9998917175452239,0.0029958355869879735,-0.0034737645076632156,-0.013982528875108402,-0.011314750955693054,0.03321068001473267,-0.1411427387880837,0.0,0.0,0.0077098915617264735,0.0,0.0,0.7168539325842697,1.0,0.0,0.0,0.0,25.942117676567584,0.0984749499719766,0.08,100.0,100.0,0.5,55.0,0.08,-0.6378951926165393,1.5638580742691746,0.0022,0.0019,0.0098,0.0188
509,1763355119.9798157,-0.0422282259548345,0.0343968639860314,0.35617778637104264,-0.004245551532790327,-0.09284893364620589,0.01761842085664442,0.09458643139914338,-0.0019528514557882685,0.021,-0.165,0.834,0.998,-0.004,0.058,-0.024,-0.057,-0.184,0.021,0.0,0.0,0.011,0.038,-0.242,0.917,0.999,-0.008,-0.013,-0.043,-0.042,-0.076,-0.202,-0.3,0.2,-0.0,0.009079555930134191,-0.19986257035734897,0.8345603124102217,0.9999034200885777,0.002998834437624608,-0.0034711759872816787,-0.013119010040642054,-0.05895194334603064,-0.1599556436702926,-0.01673953410720971,0.0,0.0,0.007625896336480993,0.01656422713492293,-0.14855122490914388,0.8494983969542739,0.9998735865965381,-0.00735423437685871,-0.0014452251313974895,-0.014022745366893047,-0.019842850629429754,0.005477994405827712,-0.12758899145207242,0.0,0.0,0.007573347286309642,0.0,0.0,0.7067415730337079,1.0,0.0,0.0,0.0,25.96360489525776,0.09941411981213123,0.08,100.0,100.0,0.5,55.0,0.08,-0.6433497562058117,1.5646746235955629,0.0021,0.0041,0.0085,0.0072
510,1763355120.056415,-0.05273738331244574,0.032452893188062,0.3783367969616119,-0.0040985803200981495,-0.06838137152111914,0.0031789700049147714,0.24436172284198712,-0.0008572257613354922,0.019,-0.182,0.822,0.998,-0.008,0.058,-0.023,-0.041,-0.241,-0.173,0.0,0.0,0.03,0.036,-0.247,0.903,0.999,-0.002,-0.008,-0.041,-0.039,-0.076,-0.27,0.5,0.5,0.0,0.01088126152639468,-0.22725336480079486,0.7832001811459219,0.9998942099882965,-0.007351975019302493,-0.0014566750721232988,-0.012465768846331892,-0.03749411572488383,-0.2096003218895361,-0.22727870598197683,0.0,0.0,0.009335917101605251,0.014625967098720247,-0.16123615747794992,0.8376349091266447,0.9998753058254581,-0.007120143141686782,-0.00016587325572112107,-0.014094284236926147,-0.023096863787935355,-0.021708160154263877,-0.1427845343158283,0.0,0.0,0.00733364443274632,0.0,0.0,0.696629213483146,1.0,0.0,0.0,0.0,25.958385656244566,0.0992105381077778,0.08,100.0,100.0,0.5,55.0,0.08,-0.6495433543312671,1.5649929363919322,0.0023,0.0062,0.0062,0.0167
511,1763355120.1319904,-0.051179655406560685,0.03140573072515003,0.3824362850946725,-0.0038815543055294778,-0.011987879212741822,0.006934022630963429,0.1623737395259074,-0.00045183754719344937,0.016,-0.194,0.808,0.998,-0.008,0.058,-0.021,-0.039,-0.179,-0.218,0.0,0.0,0.044,0.034,-0.252,0.884,0.999,0.002,0.003,-0.04,-0.031,-0.068,-0.286,0.3,0.4,0.1,0.008764457163886808,-0.22656705234480093,0.7591671062738896,0.9999024833063095,-0.007119782357484883,-0.00018069719732155038,-0.012012490398773739,-0.0315369082521016,-0.13855067267321117,-0.2468979399748157,0.0,0.0,0.010397501372272754,0.012607716391770017,-0.17175629565180023,0.8234566295103009,0.9998780606090953,-0.006524044782606899,0.0014112449939159676,-0.014117688898538754,-0.024143488677383133,-0.03744066162349319,-0.16709601463393542,0.0,0.0,0.00754725412722265,0.0,0.0,0.6865168539325842,1.0,0.0,0.0,0.0,25.95015489269184,0.09888857963819488,0.08,100.0,100.0,0.5,55.0,0.08,-0.653570188089829,1.56529569641891,0.0047,0.0025,0.0179,0.0156
512,1763355120.2100594,-0.05085915255233276,0.036688158948587006,0.37774655952415515,-0.0037225740426656386,-0.017589856506320622,0.03818929013911611,0.11996497905791527,-0.0006606815502543574,0.011,-0.203,0.798,0.998,-0.009,0.058,-0.02,-0.099,-0.186,-0.2,0.0,0.0,0.032,0.032,-0.256,0.869,0.999,0.0,0.003,-0.04,-0.022,-0.07,-0.289,0.3,0.1,0.1,-0.007907883041946685,-0.2355939701557986,0.7546847533057951,0.9998997916502382,-0.006526341773000429,0.0014005840996894167,-0.01248406524542365,-0.08966258733947587,-0.13103594215683595,-0.197314277497463,0.0,0.0,0.00909447301232429,0.007796434225996206,-0.18283822123826413,0.8101569161827415,0.9998290041525555,-0.011701133620002888,0.0023165700966494792,-0.014130797228154647,-0.03219221722332728,-0.04929794030922627,-0.19931496194959894,0.0,0.0,0.007646658508670273,0.0,0.0,0.6764044943820224,1.0,0.0,0.0,0.0,25.949473216663627,0.09887078954292182,0.08,100.0,100.0,0.5,55.0,0.08,-0.657422694226564,1.5670246010310676,0.0021,0.0026,0.0333,0.0138
513,1763355120.2591145,-0.04573506453308415,0.02481687662800469,0.3689478787218547,-0.004040302618457281,0.006548257889118277,-0.04559835199719145,0.09766155581005614,-0.0029846081449578254,0.014,-0.213,0.787,0.998,-0.011,0.058,-0.02,0.043,-0.147,-0.159,0.0,0.0,0.006,0.03,-0.26,0.853,0.999,-0.002,0.001,-0.041,-0.016,-0.055,-0.257,0.3,-0.1,0.1,0.02359297020184149,-0.23608934561999564,0.7593897708755827,0.9998381042973434,-0.011702658564883943,0.002308854157282569,-0.013471531838985426,0.053555697670917994,-0.08006821340753387,-0.1194620748249532,0.0,0.0,0.006633097662718424,0.009418381756334356,-0.1925057621622423,0.7975474255712821,0.9997589209403925,-0.016547445142213804,0.0024026234133924466,-0.014230581860934646,-0.018668049864919174,-0.04770468478845788,-0.18092482572760454,0.0,0.0,0.007380996286280273,0.0,0.0,0.6662921348314607,1.0,0.0,0.0,0.0,25.952160472366668,0.09899521266017337,0.08,100.0,100.0,0.5,55.0,0.08,-0.6602040624563572,1.565280028410348,0.0022,0.004,0.0116,0.0145
514,1763355120.35348,-0.03305510417329658,0.02789401139999071,0.3611487886450726,-0.004165981249782553,0.046249152599031326,0.024692002595431847,0.09936000413678495,-0.002143506638547842,0.011,-0.216,0.782,0.998,-0.014,0.06,-0.02,-0.034,-0.041,-0.075,0.0,0.0,-0.015,0.028,-0.262,0.843,0.999,-0.02,-0.009,-0.042,-0.02,-0.028,-0.177,-0.4,-0.1,0.0,0.0052707847075882585,-0.21719040591799182,0.7699067800945989,0.9997571873139691,-0.016547153565204996,0.0024046307181520665,-0.014351859602856183,-0.02384676089037329,0.028954812658841745,-0.06159768679061167,0.0,0.0,0.00516541704974417,0.007702547925652283,-0.19717424538453646,0.7895231708002945,0.9997342842380919,-0.01799305705583673,0.002121155055597081,-0.014251719824837345,-0.017925588696423633,-0.02830700454016594,-0.15131016511621592,0.0,0.0,0.006940467728096856,0.0,0.0,0.6561797752808989,1.0,0.0,0.0,0.0,25.963204507902635,0.09945322764003309,0.08,100.0,100.0,0.5,55.0,0.08,-0.6607102718761704,1.5657074334953704,0.0021,0.0024,0.0385,0.0192
515,1763355120.4038906,-0.03558900276236723,0.03616346090563978,0.3531549821382971,-0.004255884954679249,-0.025065157010339525,0.05180750180324184,0.09546176320802428,-0.0020117614931519363,0.006,-0.221,0.783,0.998,-0.015,0.062,-0.02,-0.104,-0.112,0.022,0.0,0.0,-0.005,0.028,-0.263,0.833,0.999,-0.016,-0.011,-0.042,-0.02,-0.018,-0.22,0.2,0.1,0.1,-0.013793448374260194,-0.23645944075184774,0.7864046578338572,0.9997378910098612,-0.017993598134643022,0.002116560217298879,-0.013996423763606007,-0.09652747926678727,-0.04661398863638459,-0.005643693499322531,0.0,0.0,0.006241132555184566,0.0027686078705907204,-0.20449680003117945,0.7870883160122935,0.9997155232219335,-0.018749686494949236,0.0036060154596888544,-0.014294003565884228,-0.02628759943107208,-0.020931326327085973,-0.1210993231960364,0.0,0.0,0.006649135507762191,0.0,0.0,0.646067415730337,1.0,0.0,0.0,0.0,25.984121818962223,0.10029127485374885,0.08,100.0,100.0,0.5,55.0,0.08,-0.6633495326801616,1.5678045803059355,0.0039,0.0026,0.0186,0.0208
516,1763355120.4765794,-0.04272834305724023,0.027537890073876345,0.37925464621861354,-0.004263362644638326,-0.04904257751025267,-0.02956655631920227,0.2629314387034437,-0.001633345307800096,0.007,-0.233,0.771,0.998,-0.016,0.061,-0.019,0.017,-0.172,-0.187,0.0,0.0,0.038,0.026,-0.263,0.818,0.999,-0.014,-0.009,-0.043,-0.012,-0.004,-0.194,-0.0,-0.2,-0.0,0.010958699845442288,-0.2611472034008408,0.7286797308849405,0.999740343369829,-0.018756350513634074,0.0035711911967991473,-0.012437513723498996,0.0222196613129929,-0.11515243988805417,-0.252265152333862,0.0,0.0,0.010042631150803196,0.003292615246280965,-0.2145433107079263,0.7755899091937015,0.9997381138324504,-0.01765582618844134,0.0005376560577373238,-0.014549449415763005,-0.017908155372792535,-0.024050017934660675,-0.1383288460565319,0.0,0.0,0.007121939204690337,0.0,0.0,0.6359550561797752,1.0,0.0,0.0,0.0,25.97626945184587,0.10003049376400804,0.08,100.0,100.0,0.5,55.0,0.08,-0.6673544417639121,1.5667923293360326,0.0067,0.004,0.0136,0.0252
517,1763355120.5343513,-0.03373481851041821,0.021160303008021734,0.3918588066387068,-0.004283847818584472,0.02894449408764498,-0.021561226551569446,0.20524129443244615,-0.0017011868614701018,0.01,-0.235,0.756,0.998,-0.015,0.058,-0.019,0.054,-0.042,-0.314,0.0,0.0,0.021,0.026,-0.263,0.801,0.999,-0.006,-0.009,-0.043,-0.008,0.002,-0.224,-0.2,-0.8,-0.1,0.021246230642898913,-0.23810406464795505,0.6866064673869536,0.999755420190608,-0.0176564806117827,0.0005157177897012763,-0.013307235891342013,0.0596675864404245,0.009930868875881524,-0.3495849766239109,0.0,0.0,0.008665727061080424,0.005723594872128009,-0.21848379959589467,0.758163158110942,0.9997998476918607,-0.01362078394415488,0.0006899210928057388,-0.014637718707659725,-0.006952243825280558,-0.011824428601459375,-0.1822400166715688,0.0,0.0,0.007339436214570585,0.0,0.0,0.6258426966292134,1.0,0.0,0.0,0.0,25.956615107385982,0.09933612562978819,0.08,100.0,100.0,0.5,55.0,0.08,-0.668142272298837,1.5651175621724458,0.0046,0.003,0.0179,0.0161
518,1763355120.598153,-0.028668183861981188,0.03300837263644975,0.3574972752211593,-0.004313768861643214,0.012682616300778316,0.0671754617701482,-0.024860604598222633,-0.001756048147262885,0.002,-0.228,0.74,0.998,-0.013,0.059,-0.02,-0.091,-0.013,-0.033,0.0,0.0,-0.006,0.025,-0.262,0.785,0.999,-0.016,-0.012,-0.043,-0.012,0.016,-0.3,0.1,-0.2,-0.1,-0.015489719014192488,-0.22555690653679208,0.7297920036093855,0.9998035845263912,-0.013620961183945356,0.0006864129901885762,-0.01438021633397308,-0.0861944667878711,0.03863561342707625,-0.016683816131673454,0.0,0.0,0.006439809858395105,0.0014156002350927928,-0.22013731054440175,0.7524664337587962,0.9998046095872458,-0.013133704152185682,0.002879065520284744,-0.014489977400526094,-0.01643101658613396,0.0007330580956202461,-0.19334119668253097,0.0,0.0,0.007390643533659094,0.0,0.0,0.6157303370786517,1.0,0.0,0.0,0.0,25.9796123940146,0.10020753300958847,0.08,100.0,100.0,0.5,55.0,0.08,-0.668718782809819,1.5671165057826373,0.0045,0.0031,0.0172,0.0155
519,1763355120.6582947,0.01402051255030353,0.026254028427170353,0.36291908091262026,-0.00461679171588327,0.20269291311318063,-0.02139358130772831,0.1611705066652395,-0.0031327775943164856,0.003,-0.215,0.736,0.998,-0.014,0.059,-0.022,0.036,0.398,-0.119,0.0,0.0,-0.118,0.024,-0.26,0.77,0.999,-0.012,-0.015,-0.044,-0.011,0.03,-0.234,0.2,-0.2,-0.1,0.010615234128772815,-0.13004991814237743,0.7174945840946152,0.9997414875524373,-0.013122534268000606,0.002929555838754684,-0.018335071950028998,0.0382179080371076,0.44763043061409497,-0.09946683603832251,0.0,0.0,-0.0029011291555859535,0.002728609010552865,-0.20311695737322022,0.7421810799308416,0.9997744630012574,-0.015453607020404436,0.0009881465205998977,-0.014533847634414633,-0.006872031676941691,0.07116119354737867,-0.16701164734362078,0.0,0.0,0.006874331150754812,0.0,0.0,0.6056179775280899,1.0,0.0,0.0,0.0,25.987667129135723,0.10043850356298174,0.08,100.0,100.0,0.5,55.0,0.08,-0.6599758330999596,1.5662145488395505,0.0025,0.002,0.0131,0.0157
520,1763355120.7126997,0.001215296983423781,0.029371836987942122,0.3673495308676214,-0.004946170221359946,-0.058768385628034936,0.0254343034640477,0.15824690511723866,-0.0033781894208396077,0.013,-0.211,0.701,0.998,-0.012,0.053,-0.022,-0.032,0.098,-0.102,0.0,0.0,-0.02,0.024,-0.258,0.756,0.999,-0.007,-0.01,-0.043,-0.011,0.036,-0.153,-0.6,-0.6,-0.1,0.006563169068343222,-0.18666539702815713,0.682481802354734,0.9997708591662212,-0.015453363585724258,0.0009919462559425502,-0.014779673830928654,-0.03193305381946703,0.13268305902533217,-0.11582945670744864,0.0,0.0,0.005674866478091927,0.002033047157329073,-0.19836103210992145,0.7310498532262562,0.9998090573775356,-0.012917927841664241,-0.0014971574978018295,-0.014585418936330908,-0.010279837986168602,0.0899527905932262,-0.1272569862591225,0.0,0.0,0.007133992182490477,0.0,0.0,0.595505617977528,1.0,0.0,0.0,0.0,25.99036640496113,0.10053044064978403,0.08,100.0,100.0,0.5,55.0,0.08,-0.6598723147047044,1.5667515830171277,0.0021,0.0019,0.0089,0.0085
521,1763355120.7906466,-0.006429395074313811,0.03093699679800988,0.3711376040973103,-0.004882874964055827,-0.03776772391990403,0.018840237920817106,0.15669644022380236,-0.001538337546489391,0.013,-0.211,0.701,0.998,-0.012,0.053,-0.022,-0.032,0.098,-0.102,0.0,0.0,-0.02,0.022,-0.255,0.738,0.999,0.006,0.002,-0.043,-0.02,0.044,-0.316,0.7,0.9,-0.0,0.006667392393759571,-0.188912438140633,0.6727781096825453,0.9998057711116799,-0.012918262280374774,-0.0014942690357210848,-0.014808974018597423,-0.031451715878193766,0.10785081334353229,-0.15961329840107116,0.0,0.0,0.006166452525485949,0.0012726791658445877,-0.1935372013444279,0.7225233593990842,0.999836601445223,-0.010605054537359788,0.0012964293881575903,-0.014581580832246565,-0.012543010239780092,0.10168723095560646,-0.15517292798095011,0.0,0.0,0.007278298539539391,0.0,0.0,0.5853932584269663,1.0,0.0,0.0,0.0,25.997424055987757,0.100769740562234,0.08,100.0,100.0,0.5,55.0,0.08,-0.6601422467824298,1.5672069698836468,0.0021,0.0025,0.018,0.0097
522,1763355120.8643324,-0.012888493633360611,0.02862963006086646,0.38889536374864175,-0.004777674363136339,-0.034706515948101674,6.454011353660381e-05,0.22796539979314898,-0.0013050751069234963,0.012,-0.206,0.681,0.998,-0.011,0.052,-0.022,-0.006,0.08,-0.292,0.0,0.0,-0.003,0.022,-0.253,0.723,0.999,-0.002,-0.005,-0.043,-0.007,0.032,-0.265,-0.2,-0.3,0.1,0.010899324341702151,-0.1901998585622047,0.6194077490113694,0.9998427623739137,-0.0106056094956379,0.0012918816218559937,-0.01415283072755269,-0.0049011419993035665,0.07137820689133868,-0.3114625679975211,0.0,0.0,0.007671081484584828,0.001585021862272339,-0.18902577900995843,0.7039910293039696,0.9998871818273842,0.003369391499137423,-0.000348929450233575,-0.0146338329379461,-0.010663175845815734,0.09985325353850862,-0.1881429895131363,0.0,0.0,0.007768940734150071,0.0,0.0,0.5752808988764044,1.0,0.0,0.0,0.0,25.981200341584294,0.10022675995365277,0.08,100.0,100.0,0.5,55.0,0.08,-0.6607365928191345,1.5670077532003892,0.0083,0.007,0.0144,0.0098
523,1763355120.9327755,0.01205150127222349,0.022377736683650902,0.3969155443661839,-0.004983753178636448,0.11986678941541029,-0.020523355613252848,0.18593666449345148,-0.002822021963676675,0.016,-0.181,0.656,0.999,-0.005,0.047,-0.025,0.057,0.375,-0.389,0.0,0.0,-0.079,0.021,-0.251,0.705,0.999,-0.001,-0.011,-0.042,-0.009,0.026,-0.289,-0.1,-0.3,0.0,0.027476705298077206,-0.10747872328808135,0.5780842234359876,0.9998500971789857,0.003368563593889692,-0.0003568335040614818,-0.016979653127708952,0.058504122310015276,0.3622717591985721,-0.35917613633559264,0.0,0.0,0.0011993691972104952,0.004865962680924875,-0.1705818920084872,0.6800764978935598,0.9998791354079417,0.0032639963316340444,0.0003978258744649322,-0.01519548085410799,-0.0006520377363562983,0.13354494392703314,-0.22378856418326842,0.0,0.0,0.007952068578914614,0.0,0.0,0.5651685393258427,1.0,0.0,0.0,0.0,25.956687956941828,0.09933722059214595,0.08,100.0,100.0,0.5,55.0,0.08,-0.6537957615844082,1.5657940958136913,0.0056,0.0026,0.0142,0.0181
524,1763355120.9976768,-0.009308964314684368,0.01905305726556388,0.38188268271650305,-0.004907853270669448,-0.10228301495745545,-0.008231745834066011,0.07367902088891444,-0.0014894079021536713,0.02,-0.174,0.624,0.999,-0.003,0.045,-0.025,0.054,0.041,-0.269,0.0,0.0,-0.003,0.02,-0.251,0.689,0.999,0.002,-0.017,-0.044,-0.011,0.006,-0.254,0.3,-0.2,-0.1,0.031021013909192357,-0.16680020854326558,0.5745584151260682,0.9998856169991802,0.0032638238838453046,0.00039923819275620054,-0.014762824278891463,0.05467715088625509,0.028981224100095175,-0.19119180439503505,0.0,0.0,0.007750445391554584,0.008252617551316703,-0.16647469020766956,0.6600501690817039,0.9998807455170814,0.002438937446076785,0.0010582010850751571,-0.015212709778451159,0.008309098234171473,0.11689547512549621,-0.2330387478676007,0.0,0.0,0.008259281158360565,0.0,0.0,0.5550561797752809,1.0,0.0,0.0,0.0,25.949910243589713,0.09909545762933693,0.08,100.0,100.0,0.5,55.0,0.08,-0.6559446989545887,1.5644026815650507,0.0073,0.0024,0.0186,0.0089
525,1763355121.0511227,-0.017652206120003896,0.028073901229524637,0.3578294641790891,-0.0045444596605334255,-0.04520707064460429,0.05224911629439024,0.022939913331618704,-2.3476925820928524e-05,0.018,-0.172,0.621,0.999,-0.003,0.046,-0.026,-0.049,0.046,-0.074,0.0,0.0,-0.012,0.019,-0.25,0.675,0.999,0.001,-0.007,-0.044,-0.016,0.005,-0.217,0.1,-0.1,0.1,0.008168859106270554,-0.16396258025849444,0.6159878421075401,0.999882346758105,0.0024388256616489274,0.0010584586880990985,-0.015107098864522108,-0.05278610968833046,0.0308414875327168,0.01262522968936957,0.0,0.0,0.006963865190349227,0.00706281360891426,-0.16266038671287575,0.6491378864692394,0.9998840113598081,0.0006037493294449767,0.000441522581910093,-0.01521198118509612,0.0016126952632206449,0.10492451700600706,-0.1835335789287872,0.0,0.0,0.008237040748993995,0.0,0.0,0.544943820224719,1.0,0.0,0.0,0.0,25.965069215233576,0.09968224385806969,0.08,100.0,100.0,0.5,55.0,0.08,-0.6577473973083509,1.5656357251605928,0.0021,0.0035,0.0133,0.0077
526,1763355121.1316974,-0.015688502916840947,0.02137981252666639,0.3812564208451426,-0.004486909728510356,0.0031989387208132755,-0.022942730553219513,0.2513208323974259,-0.0014164227125846884,0.023,-0.171,0.588,0.999,-0.001,0.041,-0.026,0.06,0.094,-0.225,0.0,0.0,-0.033,0.019,-0.25,0.663,0.999,0.008,-0.006,-0.042,-0.012,-0.011,-0.139,-0.0,-0.1,-0.0,0.03435219213868248,-0.15401942451451606,0.5505094778230641,0.9998736986145449,0.0006040421330323423,0.00044112191587309714,-0.015875369709936086,0.05237708106015727,0.07925390278029656,-0.1995511320625678,0.0,0.0,0.004787809693847976,0.010855460948235045,-0.1571344013476373,0.6307781936449627,0.999851348841861,0.0077108384372921645,-0.0015798655032885811,-0.015340378570838132,0.009336913077409094,0.09725498570224575,-0.1530136824522016,0.0,0.0,0.008387775120397577,0.0,0.0,0.5348314606741573,1.0,0.0,0.0,0.0,25.952689409560925,0.09923875039376645,0.08,100.0,100.0,0.5,55.0,0.08,-0.6578669933311234,1.564199832862156,0.0107,0.0037,0.0112,0.0146
527,1763355121.1922026,-0.036023595092184474,0.022286999363799943,0.39193020374834353,-0.0041273749856569845,-0.10755864947053297,0.012553363883167669,0.196340072332933,0.00011508256607548116,0.024,-0.179,0.57,0.999,-0.001,0.038,-0.025,0.022,-0.119,-0.281,0.0,0.0,0.041,0.018,-0.252,0.654,0.999,0.003,-0.005,-0.047,-0.018,-0.017,-0.168,0.0,0.4,-0.2,0.027482950508676343,-0.2040881908802026,0.5132671395339151,0.9998803707303129,0.007714022751835136,-0.0015642433949591816,-0.01331507505790197,0.01343021961127924,-0.1256204551532004,-0.2778903097014083,0.0,0.0,0.010777883290628027,0.012998296114010651,-0.16188527445016515,0.611038967565467,0.9998748095581842,0.003347621242138157,-0.0031325697448965936,-0.01514416223491061,0.00859848404227394,0.06014414290758391,-0.16289352709092683,0.0,0.0,0.008679374330858533,0.0,0.0,0.5247191011235954,1.0,0.0,0.0,0.0,25.933229624520454,0.09859771684426304,0.08,100.0,100.0,0.5,55.0,0.08,-0.6630764201457847,1.5635120692680498,0.0054,0.0029,0.0123,0.0134
528,1763355121.250671,-0.03475474255449841,0.028585469369521496,0.3758624907716707,-0.003799606124572541,-0.007164585471138858,0.039849974790032716,0.06663526152226487,9.107868580084393e-05,0.022,-0.181,0.562,0.999,-0.002,0.038,-0.024,-0.034,-0.032,-0.146,0.0,0.0,-0.0,0.017,-0.252,0.642,0.999,0.0,-0.002,-0.044,-0.007,-0.016,-0.161,-0.2,-0.1,0.1,0.014434788697372743,-0.1873828328386843,0.5302728510885417,0.9998821696885842,0.0033491685190929904,-0.003130915428141199,-0.014650159646291759,-0.04225999656893052,-0.02532347237574137,-0.12242237134416234,0.0,0.0,0.006852327986507743,0.01240703045206218,-0.16350424974256125,0.5984825288920934,0.9998854317056994,-4.592461269806146e-05,-0.0010141929270876939,-0.015102740358752116,0.0010330873987207537,0.04525718405492925,-0.1906484739655358,0.0,0.0,0.008203958731440886,0.0,0.0,0.5146067415730337,1.0,0.0,0.0,0.0,25.938505485396686,0.09877218113652785,0.08,100.0,100.0,0.5,55.0,0.08,-0.6653874267586597,1.5643032191443031,0.0035,0.0026,0.012,0.0074
529,1763355121.3474948,-0.03153175963782943,0.03127838285085867,0.3545296900227671,-0.0037441861125780637,0.0030818861254080215,0.024184118420256417,0.03428443029485847,-0.0011477522367423143,0.02,-0.182,0.562,0.999,-0.003,0.039,-0.025,-0.038,-0.018,0.002,0.0,0.0,-0.002,0.016,-0.254,0.632,0.999,-0.003,-0.005,-0.043,-0.015,-0.032,-0.122,-0.3,-0.3,0.0,0.011574302616960092,-0.18447869402651976,0.5688103943769242,0.9998913528241917,-4.5521689924084104e-05,-0.0010142110920082796,-0.01470550410711156,-0.04576034078886888,0.0013013972916269025,0.05578358204249238,0.0,0.0,0.006183449683327929,0.011427967942029979,-0.16476975199383853,0.5919937600390567,0.99988158374423,-0.000655334088165047,-0.002641695311654319,-0.015146302263058766,-0.006162176370949762,0.03636578276737028,-0.14714130777196224,0.0,0.0,0.007982009472289574,0.0,0.0,0.5044943820224719,1.0,0.0,0.0,0.0,25.959720582848618,0.0994634114176679,0.08,100.0,100.0,0.5,55.0,0.08,-0.6670491004603483,1.565058044552961,0.002,0.013,0.033,0.0083
530,1763355121.4121654,-0.04147385400664103,0.030832470832092167,0.36076742635843706,-0.003753987452729524,-0.06153488170824407,0.009499833475239484,0.16413731543688737,-0.0014530764929740754,0.018,-0.192,0.561,0.999,-0.006,0.04,-0.024,-0.025,-0.143,-0.024,0.0,0.0,0.019,0.015,-0.256,0.626,0.999,-0.011,-0.012,-0.043,-0.016,-0.027,-0.125,-0.3,0.2,0.1,0.012212283802173854,-0.2180575472218601,0.5606790804969131,0.9998980917288169,-0.0006523427022595183,-0.0026424355972352992,-0.01401421207859547,-0.0300068972878776,-0.1132961276143956,-0.026738741843774817,0.0,0.0,0.0077157875255083165,0.010780360627557174,-0.17226710646838578,0.585402760093854,0.999855492449807,-0.007179856059225118,-0.0026082576055411312,-0.015186865285044503,-0.011431372437295915,0.01575662009659381,-0.09982129081737884,0.0,0.0,0.007577179125424867,0.0,0.0,0.4943820224719101,1.0,0.0,0.0,0.0,25.97017903721522,0.09976574691409251,0.08,100.0,100.0,0.5,55.0,0.08,-0.6715715186638044,1.5652426263364585,0.0076,0.0025,0.0251,0.0187
531,1763355121.4579792,-0.04022198981096267,0.035915215251214536,0.36115898842517224,-0.0034753437443455636,-0.009293374274098607,0.03697589865764637,0.1372455952180898,-1.4526752853769834e-05,0.013,-0.198,0.562,0.999,-0.008,0.042,-0.023,-0.08,-0.098,0.015,0.0,0.0,0.018,0.013,-0.258,0.617,0.999,-0.007,-0.012,-0.045,-0.019,-0.026,-0.153,0.2,-0.3,-0.1,-0.00325289604123057,-0.21420333021200588,0.5604053003731831,0.9998712905028301,-0.00717703878203878,-0.0026159998259109446,-0.01410847573046353,-0.0799980361082209,-0.06162828044013766,-0.042729144332028825,0.0,0.0,0.007588469809509658,0.007344819933356636,-0.1781495939198754,0.5824583860896384,0.9998445266032632,-0.008856929822394895,-0.0008279279958280654,-0.015224715132034937,-0.022287317012481697,0.008119691529480458,-0.08379856900351348,0.0,0.0,0.007078527789552107,0.0,0.0,0.4842696629213482,1.0,0.0,0.0,0.0,25.984247234332706,0.10010804988827822,0.08,100.0,100.0,0.5,55.0,0.08,-0.6746448478411945,1.5666966592621583,0.0051,0.003,0.0162,0.0091
532,1763355121.518959,-0.028498341334394522,0.03130852095232825,0.3747401745670668,-0.0035286972922080385,0.04353499620372975,-0.00956526577522597,0.2033405513689125,-0.0015700216434419594,0.012,-0.198,0.555,0.999,-0.009,0.043,-0.024,-0.015,0.008,-0.097,0.0,0.0,-0.014,0.012,-0.259,0.606,0.999,-0.016,-0.014,-0.042,-0.01,-0.017,-0.164,-0.2,-0.2,0.1,0.009243940853273349,-0.19267954080430702,0.5266550545238683,0.9998429981133595,-0.008857012625912063,-0.0008270417096726381,-0.015324766002896093,-0.010401619044684212,0.048970872411897536,-0.17251865399964453,0.0,0.0,0.004588059785835339,0.006614260010175473,-0.17924550659734861,0.5751238139184773,0.9998416056825468,-0.009029167610715556,0.0005766950623298765,-0.01532661414695017,-0.02078600952014454,0.016448846497033136,-0.11880044503604283,0.0,0.0,0.006700870715278932,0.0,0.0,0.47415730337078643,1.0,0.0,0.0,0.0,25.986752347618484,0.10015390448880176,0.08,100.0,100.0,0.5,55.0,0.08,-0.6749948943829881,1.5665210665413174,0.004,0.0044,0.0083,0.0103
533,1763355121.605816,-0.03906865325999413,0.034002683522891784,0.370195301169467,-0.0034830327697088718,-0.06353843762839603,0.025211508209940732,0.11780319847465098,-0.0010949388720821805,0.007,-0.208,0.549,0.999,-0.011,0.043,-0.022,-0.067,-0.146,-0.093,0.0,0.0,0.036,0.011,-0.259,0.592,0.999,-0.015,-0.008,-0.044,-0.022,-0.009,-0.214,0.0,0.1,-0.1,-0.005792335857569688,-0.23280722543583268,0.5251915753513616,0.9998665126176687,-0.009030147165288055,0.0005611480290891942,-0.013605090989926164,-0.0593824397652551,-0.10133332821985308,-0.1240886601283747,0.0,0.0,0.008747764808007596,0.0033899141891194475,-0.18741473667377942,0.567111440791314,0.9998052464866287,-0.012268116743539453,0.0009615463919394039,-0.01542847490566779,-0.02594978686864796,0.004226704855923219,-0.13236057392345946,0.0,0.0,0.006796577522414645,0.0,0.0,0.46404494382022465,1.0,0.0,0.0,0.0,25.99174070710127,0.10025577282039472,0.08,100.0,100.0,0.5,55.0,0.08,-0.6791328865205709,1.567518665718404,0.0034,0.0038,0.022,0.013
534,1763355121.6776905,-0.040327869282666844,0.023223692054512163,0.38687442176324605,-0.0034821118756009706,-0.020946825085861362,-0.04114395102081367,0.22221884090744556,-0.0013015328181013202,0.011,-0.221,0.518,0.999,-0.013,0.04,-0.02,0.052,-0.118,-0.248,0.0,0.0,0.037,0.01,-0.259,0.577,0.999,-0.014,-0.007,-0.043,-0.003,-0.001,-0.2,-0.2,-0.7,0.0,0.022294889441200092,-0.24001008155961767,0.46571195237184276,0.9998306477440487,-0.0122697760176098,0.000940136359605425,-0.01368373384055692,0.061392271472085064,-0.07338460654533348,-0.26220059155073827,0.0,0.0,0.008754602852528224,0.00561104609757332,-0.19500127294326186,0.5504161349671943,0.9997917470483796,-0.01293423584938654,0.002947999042144416,-0.015507333058552186,-0.012394853075013859,-0.0008166342299152432,-0.16699067173438992,0.0,0.0,0.0065184619608826344,0.0,0.0,0.4539325842696629,1.0,0.0,0.0,0.0,25.978394526376164,0.09999620356084014,0.08,100.0,100.0,0.5,55.0,0.08,-0.6823107852694139,1.5657270167851147,0.0021,0.0049,0.0233,0.0208
535,1763355121.7119095,-0.015852359181821228,0.02228793442538205,0.38205545382270767,-0.003688200656322996,0.10725459952322798,0.0040300963747915,0.1209830684585253,-0.0023362358569604894,0.012,-0.216,0.509,0.999,-0.012,0.039,-0.021,0.021,0.141,-0.244,0.0,0.0,-0.047,0.009,-0.258,0.562,0.999,-0.013,-0.005,-0.043,-0.016,0.015,-0.192,-0.3,-0.1,-0.0,0.017191285781899646,-0.1834137723273939,0.46176023772215724,0.999770227678717,-0.012930301748159179,0.0029652069171631277,-0.016837656959511373,0.02941782882506993,0.1866358643132979,-0.21028338605288868,0.0,0.0,0.0017195948908203394,0.006704397187412671,-0.1907451092884665,0.5334649327865741,0.9998267301209529,-0.010103318892510387,0.0020775300722685303,-0.015495694621352108,-0.004573759683640079,0.029890343110035206,-0.17246628728418595,0.0,0.0,0.006112349040482632,0.0,0.0,0.4438202247191011,1.0,0.0,0.0,0.0,25.967118409752377,0.09975486167664134,0.08,100.0,100.0,0.5,55.0,0.08,-0.6795222559392454,1.5650874921015216,0.002,0.0019,0.0085,0.0079
536,1763355121.7872155,-0.015334335164139326,0.02833660651343902,0.37112627379090585,-0.0038420246051376877,-0.0033545146047734287,0.03860133584980315,0.08862489502450666,-0.0021521949901945783,0.01,-0.213,0.5,0.999,-0.012,0.039,-0.021,-0.04,0.052,-0.149,0.0,0.0,-0.023,0.009,-0.257,0.55,0.999,-0.015,-0.011,-0.043,-0.007,0.029,-0.166,-0.2,-0.2,0.1,0.002707281797372508,-0.1980214920087927,0.4724186028646033,0.9998196592989513,-0.01010238343450691,0.002082074155052531,-0.015945397313453135,-0.03651730618970755,0.09593732828653732,-0.1101744235496421,0.0,0.0,0.003962253393275216,0.005125772459286742,-0.18979268522852227,0.5213550703823915,0.9997970142998445,-0.012584725029557074,0.0027766420986478292,-0.015486934871139927,-0.006462754004293045,0.043907702780345406,-0.17494202887585333,0.0,0.0,0.0059864002949600766,0.0,0.0,0.4337078651685393,1.0,0.0,0.0,0.0,25.970188894735784,0.09981125649318213,0.08,100.0,100.0,0.5,55.0,0.08,-0.6794961019770254,1.5659609319009224,0.0022,0.0018,0.0148,0.0092
537,1763355121.852303,-0.02271224680827758,0.029405946751150595,0.3550738367754468,-0.003671244166488931,-0.042639933907243514,0.015972928631097526,0.058910167594294315,-0.0005868570336828488,0.008,-0.214,0.499,0.999,-0.014,0.04,-0.021,-0.024,-0.022,-0.016,0.0,0.0,0.011,0.008,-0.255,0.538,0.999,-0.006,0.001,-0.043,-0.015,0.036,-0.189,0.5,0.9,-0.0,0.0032928072187384813,-0.21397779003980774,0.5014656769641419,0.9998092190173815,-0.01258696777292867,0.0027664576079887266,-0.014677892302374323,-0.025339953816672523,0.013500362192956066,0.020126204427495974,0.0,0.0,0.007061060318572508,0.004209623562028302,-0.19186813094104344,0.5153146349756915,0.9997878234321469,-0.013474709393581264,-0.00031778485627858666,-0.015576884680634165,-0.007475682506882186,0.04827256484185447,-0.12825417791424498,0.0,0.0,0.006097991775603465,0.0,0.0,0.42359550561797743,1.0,0.0,0.0,0.0,25.986158847940608,0.10013828354804623,0.08,100.0,100.0,0.5,55.0,0.08,-0.6815658030730821,1.5663472107221394,0.0018,0.0014,0.0073,0.0172
538,1763355121.916174,-0.021233151713438144,0.027531525020555614,0.39120743458062635,-0.003459740094324387,-0.001121617078906914,0.0016551213787065772,0.3138206778166901,-0.0003191962016106277,0.008,-0.212,0.48,0.999,-0.01,0.036,-0.021,0.006,0.029,-0.297,0.0,0.0,0.015,0.008,-0.252,0.529,0.999,-0.008,-0.007,-0.043,-0.0,0.038,-0.126,-0.3,-0.5,0.1,0.008839864630029049,-0.20333322979470397,0.42168140605544724,0.9998024639813247,-0.01347439477316346,-0.0003308563937608878,-0.014606992723207828,0.0033380865450981898,0.0520094827266781,-0.31787224864864855,0.0,0.0,0.00727848713796716,0.0046290307465003564,-0.19127781900363902,0.49714785053515603,0.9998564805317954,-0.006391206417788518,-0.0015352753099772516,-0.015614536458664582,-0.006584755626191296,0.05463344480823054,-0.13952877788473728,0.0,0.0,0.0064059013987485345,0.0,0.0,0.41348314606741565,1.0,0.0,0.0,0.0,25.96189152307211,0.0997080532502536,0.08,100.0,100.0,0.5,55.0,0.08,-0.6823077237952785,1.565983423159074,0.0019,0.0027,0.0113,0.0091
539,1763355121.97915,-0.011443756935363592,0.02500834709062341,0.37507711232248175,-0.003470478021920767,0.040984541997833454,-0.0022915677669526854,0.06605117667701214,-0.0013510921733535456,0.01,-0.205,0.471,0.999,-0.009,0.035,-0.021,0.027,0.138,-0.151,0.0,0.0,-0.03,0.007,-0.25,0.517,0.999,-0.01,-0.01,-0.043,-0.024,0.055,-0.256,-0.4,-0.2,-0.1,0.015231469699910172,-0.175618943209372,0.4374999363009774,0.9998455583390176,-0.006392255798251504,-0.0015309002455832694,-0.01629892266335481,0.026305637045345005,0.1558116122687716,-0.1491255614598284,0.0,0.0,0.0032199104424599596,0.006047184291256374,-0.18544465805581248,0.4861163883020078,0.9998673946835215,-0.004402040142410111,-0.00021625028721657143,-0.015676999942112753,-0.002526281283653178,0.07038823174518603,-0.1468401144604649,0.0,0.0,0.006471577354129505,0.0,0.0,0.4033707865168539,1.0,0.0,0.0,0.0,25.960887873966506,0.09967714237110036,0.08,100.0,100.0,0.5,55.0,0.08,-0.6805805191278683,1.5652586122404462,0.0021,0.002,0.0101,0.0066
540,1763355122.0561097,-0.011690636120266579,0.024662339353396186,0.37237533349709506,-0.003396850797122182,-0.005525804775276283,0.007648091472847654,0.1271450229939976,-0.0009332931342273619,0.011,-0.199,0.462,0.999,-0.009,0.035,-0.022,0.016,0.096,-0.14,0.0,0.0,-0.016,0.006,-0.246,0.506,0.999,-0.001,0.005,-0.045,-0.026,0.059,-0.178,0.4,1.3,-0.2,0.01424779944816344,-0.1780025397327904,0.4320917926662537,0.9998643808873937,-0.004402081382902743,-0.0002154091465382866,-0.01586805315931965,0.015812440063218573,0.112352452127226,-0.13301462108945641,0.0,0.0,0.004303397320229745,0.00703974568298393,-0.1810925651524349,0.47596947410446255,0.9998606745870824,-0.005542851359543798,0.0003642120457621007,-0.015740888242290092,0.00047965118135188554,0.07794560182687885,-0.17678978409213553,0.0,0.0,0.006338928266221206,0.0,0.0,0.3932584269662921,1.0,0.0,0.0,0.0,25.96586430362561,0.09976016600136799,0.08,100.0,100.0,0.5,55.0,0.08,-0.6802143824287129,1.564861496079781,0.004,0.0018,0.0133,0.0125
541,1763355122.131377,-0.022956233436641747,0.030075149398524643,0.3544741973270231,-0.0032290110492278,-0.0607119751269758,0.03631242748316585,0.05013506921105083,-0.000434620309448909,0.008,-0.2,0.461,0.999,-0.008,0.036,-0.021,-0.043,-0.016,-0.019,0.0,0.0,0.016,0.006,-0.243,0.497,0.999,-0.005,-0.002,-0.044,-0.019,0.055,-0.137,-0.0,0.4,-0.1,-0.000658882453889026,-0.20154470172281375,0.4635773802788141,0.9998754832136465,-0.005543202289021098,0.00035883142457985965,-0.014770315388265615,-0.044988960428343105,-0.003773509003056869,0.01903101340707021,0.0,0.0,0.006875596936026285,0.0053031820499000095,-0.18173197477678282,0.470097623887593,0.9998651357625413,-0.004919920687228281,-9.824166627980377e-05,-0.015668280555348413,-0.005231604420564491,0.06976945122396462,-0.11886556612861414,0.0,0.0,0.006217048287003383,0.0,0.0,0.3831460674157303,1.0,0.0,0.0,0.0,25.980268759478818,0.1000176816271257,0.08,100.0,100.0,0.5,55.0,0.08,-0.6827394778031497,1.565760685860986,0.0036,0.0057,0.0143,0.0161
542,1763355122.1892345,-0.015161599147700582,0.028271243636305374,0.36824456052341303,-0.0030975518719986634,0.03036458390596518,0.0022586522133504067,0.20177963997958326,-0.0005535832573147412,0.009,-0.188,0.447,0.999,-0.007,0.034,-0.023,0.002,0.107,-0.081,0.0,0.0,-0.02,0.006,-0.24,0.488,0.999,0.003,-0.002,-0.043,-0.007,0.051,-0.173,0.8,0.8,0.0,0.009093395772249172,-0.16571348991285267,0.42930860779784996,0.9998595363122403,-0.004919955097656739,-9.650300851117113e-05,-0.016021622092603383,-0.0009697771720688802,0.11492546877304603,-0.11865075276475692,0.0,0.0,0.0036476081395635162,0.005580700940952376,-0.17633093717869217,0.46265485101133763,0.9998733372253932,-0.0019011201787283562,-0.0009531550221216544,-0.015772975094286792,-0.0046635902255074595,0.07762935764437565,-0.1142398468475648,0.0,0.0,0.006040401800754402,0.0,0.0,0.37303370786516843,1.0,0.0,0.0,0.0,25.984731183375025,0.10007697894702572,0.08,100.0,100.0,0.5,55.0,0.08,-0.6820187949546126,1.565617107374317,0.002,0.0019,0.0098,0.0175
543,1763355122.2504177,-0.015785513334063035,0.030563933894368994,0.364039415351648,-0.0030114640061719307,-0.008805170612199993,0.022065167653932634,0.11706598433745481,-0.0007311426228658355,0.007,-0.184,0.444,0.999,-0.006,0.034,-0.023,-0.028,0.072,-0.044,0.0,0.0,-0.017,0.005,-0.237,0.478,0.999,-0.004,-0.004,-0.045,-0.003,0.046,-0.15,-0.2,-0.2,-0.0,0.0010848865568129599,-0.1689218484455196,0.43094961902806606,0.9998692385823003,-0.0019013657880423054,-0.0009526649832056026,-0.01603068851987066,-0.02986733171521831,0.08020812248835647,-0.0857808260893394,0.0,0.0,0.0036771268594658372,0.004434793168873829,-0.17235381391478918,0.4572144080007477,0.9998732550441585,-0.0010012616364327874,-0.001364202441925314,-0.01583067510348521,-0.009098450241492733,0.07752957579327013,-0.1058696757796908,0.0,0.0,0.005890204630215087,0.0,0.0,0.36292134831460665,1.0,0.0,0.0,0.0,25.993484020723013,0.10018667130224872,0.08,100.0,100.0,0.5,55.0,0.08,-0.6822797115019857,1.5661098805277898,0.0023,0.0026,0.0102,0.0087
544,1763355122.331419,-0.016401535150068314,0.029802362775330916,0.3827766599340602,-0.0028994505561497383,-0.008999676580300025,0.007653619615198,0.2302010036689289,-0.0005692317522035083,0.006,-0.18,0.431,0.999,-0.006,0.033,-0.024,-0.012,0.065,-0.205,0.0,0.0,-0.008,0.004,-0.234,0.466,0.999,-0.006,-0.006,-0.042,-0.003,0.044,-0.182,-0.1,-0.1,0.1,0.0035359405440196705,-0.16601606204647018,0.38311820648477113,0.9998741404824718,-0.0010011851972950981,-0.001364258541429823,-0.015774651225026744,-0.0116638052745087,0.07450170941497636,-0.25767394862963366,0.0,0.0,0.004263510203256014,0.003864850309274057,-0.168724950283545,0.4448418255408251,0.999865424617121,-0.003915007676135308,0.00019315373857004735,-0.015930099238656577,-0.009827099896918327,0.07789038002081097,-0.15149763045531572,0.0,0.0,0.005682875534138432,0.0,0.0,0.3528089887640449,1.0,0.0,0.0,0.0,25.985033409846643,0.10008009753661405,0.08,100.0,100.0,0.5,55.0,0.08,-0.6826862107981975,1.5661600991514673,0.0039,0.0064,0.0182,0.0113
545,1763355122.3931386,-0.01900951134507286,0.027382043319136507,0.3750944161000173,-0.002831258380742813,-0.019190456656298347,-0.0009257112402229675,0.10513002830505819,-0.000746333081521523,0.007,-0.178,0.419,0.999,-0.006,0.032,-0.024,0.006,0.036,-0.178,0.0,0.0,-0.007,0.004,-0.231,0.452,0.999,-0.006,-0.008,-0.044,-0.005,0.046,-0.17,-0.4,-0.7,-0.1,0.00832990809126269,-0.1698056290281803,0.3817640412571102,0.9998667076579291,-0.003915023259868158,0.0001928376146224221,-0.0158493635147476,0.007960161721895809,0.04499494026247125,-0.17293302788575918,0.0,0.0,0.004173300565570551,0.004164402768914227,-0.16640741553540583,0.4323403747477342,0.9998691071378868,-0.0021800484598350402,3.6237720713532344e-05,-0.016031676981073363,-0.007273530317651789,0.07463435427148023,-0.1589032262267558,0.0,0.0,0.005473479962768044,0.0,0.0,0.3426966292134831,1.0,0.0,0.0,0.0,25.98165746381843,0.10003570344828074,0.08,100.0,100.0,0.5,55.0,0.08,-0.683781621741729,1.5657723536915942,0.0061,0.004,0.0139,0.011
546,1763355122.4641156,-0.021382877931121307,0.03361284246127567,0.3601501613483951,-0.002588307379154646,-0.018995399684644563,0.04142226195537198,0.06593913227939521,0.00015303311516227925,0.003,-0.176,0.416,0.999,-0.006,0.032,-0.024,-0.067,0.027,-0.062,0.0,0.0,0.006,0.004,-0.228,0.439,0.999,-0.008,-0.01,-0.044,0.001,0.049,-0.195,-0.0,0.1,0.0,-0.010168036321029876,-0.16980889234566862,0.4029545456318562,0.9998777288236887,-0.00218006796012156,3.50449551728379e-05,-0.01548462069029857,-0.06470278734574056,0.035397800954657874,-0.05332182173636501,0.0,0.0,0.00513623357946646,0.0010929738717034738,-0.1645512128562145,0.4256645477925624,0.9998682732911791,-0.0019898618258279354,0.0006871807144934717,-0.01609361048042187,-0.014990205373193285,0.06954336918026849,-0.15936372976198313,0.0,0.0,0.0053663096269944525,0.0,0.0,0.3325842696629213,1.0,0.0,0.0,0.0,25.995613993552617,0.10023220111763732,0.08,100.0,100.0,0.5,55.0,0.08,-0.6850518204117931,1.5670858461065265,0.0065,0.0038,0.0162,0.0097
547,1763355122.510919,-0.02279171638538227,0.030141343106159287,0.37281229868047955,-0.0024937756741938402,-0.015062771495475323,-0.004752680852603518,0.19836699716607023,-0.0004979567423789652,0.003,-0.175,0.403,0.999,-0.006,0.032,-0.024,-0.008,0.017,-0.18,0.0,0.0,0.0,0.003,-0.224,0.427,0.999,-0.005,-0.008,-0.044,-0.014,0.051,-0.195,0.2,0.3,-0.0,0.0016530126427746442,-0.17070649193369863,0.3701934236040114,0.9998732730907396,-0.0019900773152750515,0.000686556406631448,-0.01577992368141321,-0.005166825941080574,0.027110096843633413,-0.17798489727343839,0.0,0.0,0.0043125821368487785,0.0005974764055618337,-0.16328916117237277,0.412809916751106,0.9998666261349641,-0.002030175464941297,0.0007389316929712115,-0.01618833867382546,-0.01303864695559161,0.06383350426362674,-0.14251625181955957,0.0,0.0,0.005175857773195925,0.0,0.0,0.32247191011235943,1.0,0.0,0.0,0.0,25.98962172809926,0.10015109495362848,0.08,100.0,100.0,0.5,55.0,0.08,-0.6863728932162982,1.56690528725842,0.0018,0.0015,0.0072,0.008
548,1763355122.5832417,-0.022359301039877294,0.03330415992345675,0.3675804151694442,-0.002335659399591512,-0.00638481691699345,0.027117087751297043,0.11364519445000297,-0.00014458450481104508,0.003,-0.173,0.384,0.999,-0.007,0.03,-0.023,-0.055,0.026,-0.097,0.0,0.0,0.015,0.002,-0.221,0.413,0.999,0.002,0.005,-0.044,-0.012,0.053,-0.254,0.7,0.9,0.0,-0.007718787637509493,-0.16667832496952786,0.36238951885501924,0.9998799897231598,-0.002030801127097045,0.0007372104499451188,-0.015340747007513866,-0.0510861931553123,0.03897418747725301,-0.11568482425351079,0.0,0.0,0.005370013992070009,-0.0018013616195532963,-0.1617112203784699,0.4037560582289778,0.9998640458585599,-0.0028318071409406324,1.860712322806775e-05,-0.016244085737376998,-0.018285448345544814,0.06069024173419803,-0.13471612525332616,0.0,0.0,0.005105435511222727,0.0,0.0,0.31235955056179765,1.0,0.0,0.0,0.0,25.994471282647524,0.10021149129783918,0.08,100.0,100.0,0.5,55.0,0.08,-0.6874066934280124,1.567814335272899,0.0028,0.0031,0.0073,0.0122
549,1763355122.6797721,-0.021836664208108342,0.03451144697639169,0.3661432220221572,-0.0021423972749872885,-0.005771553731109203,0.018525495235971,0.13065668995210677,9.043834817429959e-05,0.003,-0.173,0.384,0.999,-0.007,0.03,-0.023,-0.055,0.026,-0.097,0.0,0.0,0.015,0.002,-0.217,0.4,0.999,-0.003,-0.005,-0.043,0.005,0.057,-0.232,0.4,0.2,0.2,-0.007514967047143747,-0.16636702410246693,0.3602433886353307,0.9998771488461481,-0.0028318215723077823,1.6263183251266273e-05,-0.015416476166403428,-0.04932341600637502,0.04166176582742093,-0.12765888766716485,0.0,0.0,0.005119427746815492,-0.004153114871230797,-0.16032119416257384,0.3958934594701147,0.9998584370279087,-0.0037558201498798178,0.0017545627708769683,-0.016307091359057568,-0.021959708786562997,0.0587494358972316,-0.15173221178100144,0.0,0.0,0.004803639164918116,0.0,0.0,0.30224719101123587,1.0,0.0,0.0,0.0,26.0020926887176,0.10031178936547101,0.08,100.0,100.0,0.5,55.0,0.08,-0.6883882783026826,1.5686100235470934,0.0065,0.0056,0.0266,0.0165
550,1763355122.7355428,-0.02243414883697477,0.0322445090878723,0.3678770272284243,-0.002041405946917108,-0.011176172222372795,0.0016071031735498623,0.14597273428964458,-0.0002984423377693316,0.0,-0.168,0.361,0.999,-0.006,0.029,-0.023,-0.029,0.011,-0.117,0.0,0.0,0.011,0.002,-0.213,0.387,0.999,-0.01,-0.013,-0.044,-0.011,0.062,-0.199,-0.1,-0.0,-0.0,-0.005142102914755903,-0.16410647700338712,0.33674894050300935,0.9998690871277273,-0.003756989124178694,0.0017520582855583714,-0.015640458140677344,-0.021488733849700306,0.028297807808323656,-0.1329315196881827,0.0,0.0,0.004498966727768428,-0.005512883915832611,-0.15935121380194253,0.3852701007665513,0.9998547127063572,-0.004505153966092897,0.0011988708015948544,-0.016395724303320133,-0.021024024608160163,0.05623149072612914,-0.14411671388749214,0.0,0.0,0.004585619448532989,0.0,0.0,0.2921348314606741,1.0,0.0,0.0,0.0,26.005178146316773,0.10034981524610173,0.08,100.0,100.0,0.5,55.0,0.08,-0.6896459153652057,1.5687550745711585,0.002,0.009,0.0222,0.0112
551,1763355122.7990718,-0.016403819755754466,0.02767500052423834,0.38341454799573144,-0.001988427420043491,0.021738839592236,-0.010755851910217669,0.21564148904719438,-0.0005006345957258277,0.0,-0.165,0.351,0.999,-0.006,0.029,-0.023,0.01,0.071,-0.25,0.0,0.0,-0.011,0.001,-0.21,0.372,0.999,-0.004,-0.006,-0.045,-0.003,0.057,-0.229,-0.1,-0.2,-0.0,0.0028057437397760445,-0.14904183640498042,0.29814003990851345,0.9998521073815542,-0.004504964320139364,0.0011995832323730253,-0.01655384128255293,0.018853019328216907,0.08869303962259527,-0.2744224241660365,0.0,0.0,0.0024526680702985303,-0.005118757596468522,-0.1557431546926961,0.36926995305308025,0.9998501630059886,-0.004745343638411502,0.0021831404650385937,-0.016503549568529806,-0.01453325570298624,0.0627290204113838,-0.16782455532819868,0.0,0.0,0.004219436106416575,0.0,0.0,0.2820224719101123,1.0,0.0,0.0,0.0,25.992364510283892,0.10017630321980456,0.08,100.0,100.0,0.5,55.0,0.08,-0.6894554456631877,1.5681038975358803,0.002,0.012,0.0162,0.0094
552,1763355122.8655732,-0.019042941534505975,0.02588999364071214,0.3798675878534108,-0.0018561878915918598,-0.01934704130216545,0.0014530907789583923,0.1260456547867962,-8.446264025815443e-05,0.001,-0.164,0.336,0.999,-0.006,0.028,-0.023,0.007,0.019,-0.251,0.0,0.0,0.005,0.002,-0.206,0.357,0.999,-0.005,-0.005,-0.046,-0.012,0.065,-0.247,0.1,0.6,-0.1,0.0033623214158048833,-0.158430782799766,0.2839479874510884,0.9998569008780593,-0.004746245843730111,0.0021811783346567678,-0.01609016401364664,0.015604574136225704,0.03598848330229641,-0.24312859973337783,0.0,0.0,0.003673481338428414,-0.004689714663352922,-0.1544004832819498,0.3528798035058643,0.999847080767292,-0.0046576039793894365,0.0028342707074944977,-0.016615917544683834,-0.008470485956517598,0.06106160886333091,-0.18972716791507682,0.0,0.0,0.003937729474625313,0.0,0.0,0.2719101123595504,1.0,0.0,0.0,0.0,25.982653285471848,0.10003393870322408,0.08,100.0,100.0,0.5,55.0,0.08,-0.6905956950667997,1.5676384080094117,0.0035,0.0035,0.0138,0.0151
553,1763355122.9619844,-0.010586869340064947,0.02834715832659539,0.37054389685973244,-0.0017469081630351272,0.03513925789676541,0.021994571044683317,0.09583189047663726,-0.0001496718165632856,-0.001,-0.156,0.323,0.999,-0.006,0.027,-0.024,-0.02,0.117,-0.181,0.0,0.0,-0.035,0.002,-0.203,0.339,0.999,0.008,0.004,-0.044,0.011,0.052,-0.27,0.6,0.1,0.1,-0.004208330542930604,-0.13094458473462345,0.2880848315494469,0.9998288774087992,-0.004654592414493241,0.002839213751574129,-0.017677373509330106,-0.014463869025094249,0.13215073270781957,-0.15205475178607672,0.0,0.0,0.00014200202264438486,-0.005457208602468391,-0.1484513475777846,0.339334431961566,0.9998441275404593,-0.005004714580261017,0.0023553612742545416,-0.016766804349542922,-0.007075833860674148,0.07352255432345374,-0.19551256838665118,0.0,0.0,0.0035417111275391033,0.0,0.0,0.26179775280898865,1.0,0.0,0.0,0.0,25.98425083011018,0.10005787276763872,0.08,100.0,100.0,0.5,55.0,0.08,-0.6895171654205798,1.5680022150284747,0.0021,0.0137,0.0249,0.0301
554,1763355122.9953103,-0.0074930876291453225,0.02970817025812793,0.3689926402087807,-0.0017446109083627754,0.011498832552073752,0.017435244030136007,0.131197678067641,-0.000643604287776412,-0.001,-0.156,0.323,0.999,-0.006,0.027,-0.024,-0.02,0.117,-0.181,0.0,0.0,-0.035,0.002,-0.203,0.339,0.999,0.008,0.004,-0.044,0.011,0.052,-0.27,0.6,0.1,0.1,-0.004630034160098293,-0.13119987703914454,0.29152435370892815,0.9998255790684298,-0.00500218676323863,0.00236072496234005,-0.017838625107249928,-0.017984844576527794,0.12871517123918175,-0.15052171366462413,0.0,0.0,-3.4989430567818134e-05,-0.006116717918374809,-0.1426758686748988,0.3262583633166273,0.9998508650633858,-0.0033011446126370307,0.0008393200879096819,-0.016930611862412313,-0.00701168245537699,0.08326536808839656,-0.17327632549103758,0.0,0.0,0.003325298250279945,0.0,0.0,0.25168539325842687,1.0,0.0,0.0,0.0,25.983018404609744,0.10003403938788125,0.08,100.0,100.0,0.5,55.0,0.08,-0.6887247087366956,1.5683533303919854,0.0031,0.0023,0.0112,0.0158
