step,timestamp,u0,u1,u2,u3,u0_rate,u1_rate,u2_rate,u3_rate,pose_x,pose_y,pose_z,pose_qw,pose_qx,pose_qy,pose_qz,pose_vx,pose_vy,pose_vz,pose_avx,pose_avy,pose_avz,est_pose_x,est_pose_y,est_pose_z,est_pose_qw,est_pose_qx,est_pose_qy,est_pose_qz,est_pose_vx,est_pose_vy,est_pose_vz,est_pose_avx,est_pose_avy,est_pose_avz,traj_x_ref,traj_y_ref,traj_z_ref,traj_qw_ref,traj_qx_ref,traj_qy_ref,traj_qz_ref,est_param_thrust_ratio,est_param_drag_coeff_z,est_param_tau_rate,est_param_centre_rate_deg,est_param_max_rate_deg,est_param_rate_expo,MPC_setup_time,MPC_solve_time,Visualisation_time,UKF_update_time
0,1763002623.9921992,0.0007215495435657412,0.00010406000803825984,0.0500000000681379,-0.004147736556745629,0.007215495435657412,0.0010406000803825984,0.500000000681379,-0.041477365567456286,0.0,0.0,0.0,1.0,0.0,0.0,0.0,0.0,0.0,0.0,0.0,0.0,0.0,0.00496700877613955,-0.02500004294664565,-0.007239498068038412,0.9999255713117047,-0.0014199082147608548,-0.005068587326018067,-0.02169895493403328,-0.0009785162105663647,-3.7687003049962584e-06,-0.32109865551796435,-0.07363142854694703,-0.0106189256533112,-0.42327283912625197,0.0,0.0,0.0,1.0,0.0,0.0,0.0,28.0,0.2,0.12,100.0,100.0,0.0,0.0016,0.0016,0.0022,0.0
0,1763002624.0281618,0.008757905605650988,0.015726521749423867,0.09949998212054306,-0.021146666166208476,0.08043571557520904,0.1562350234146599,0.49999982053086545,-0.17040406975030303,0.0,0.0,0.0,1.0,0.0,0.0,0.0,0.0,0.0,0.0,0.0,0.0,0.0,0.005,-0.025,-0.002,1.0,-0.001,-0.004,-0.018,-0.001,0.002,0.002,-0.1,0.0,0.0,0.0,0.0,0.0,1.0,0.0,0.0,0.0,28.0,0.2,0.12,100.0,100.0,0.0,0.0036,0.0022,0.0021,0.0
0,1763002624.0679638,0.001462244341757124,0.031655746675870025,0.14850498039902996,-0.030982830860380794,-0.07208082207837353,0.16086490143940402,0.4999999809969232,-0.10047631355834404,0.0,0.0,0.0,1.0,0.0,0.0,0.0,0.0,0.0,0.0,0.0,0.0,0.0,0.006,-0.025,-0.002,1.0,-0.0,-0.006,-0.018,0.002,-0.001,-0.004,0.0,-0.1,-0.0,0.0,0.0,0.0,1.0,0.0,0.0,0.0,28.0,0.2,0.12,100.0,100.0,0.0,0.0015,0.0037,0.0091,0.0
0,1763002624.093858,-0.008624993936622605,0.027919148922655315,0.19701993051876943,-0.036315730250694865,-0.10072615834962158,-0.034200402864560095,0.4999999992372975,-0.05642727698917885,0.0,0.0,0.0,1.0,0.0,0.0,0.0,0.0,0.0,0.0,0.0,0.0,0.0,0.006,-0.025,-0.002,1.0,0.0,-0.005,-0.018,0.0,-0.0,0.0,0.0,-0.0,-0.0,0.0,0.0,0.0,1.0,0.0,0.0,0.0,28.0,0.2,0.12,100.0,100.0,0.0,0.0022,0.0016,0.0033,0.0
0,1763002624.1351626,-0.010733682026058185,0.023986974452687097,0.24504973118891754,-0.03917463969291367,-0.021949380288018055,-0.03652982980741666,0.49999999975335785,-0.032220667447257545,0.0,0.0,0.0,1.0,0.0,0.0,0.0,0.0,0.0,0.0,0.0,0.0,0.0,0.005,-0.025,-0.002,1.0,-0.0,-0.005,-0.018,-0.002,0.002,0.005,-0.0,0.0,0.0,0.0,0.0,0.0,1.0,0.0,0.0,0.0,28.0,0.2,0.12,100.0,100.0,0.0,0.006,0.0047,0.0043,0.0
0,1763002624.1598926,-0.008514916710537064,0.02377670215138814,0.2925988648632722,-0.040707820446026076,0.021114284952605387,0.00029597443227911274,0.4999963098624383,-0.019249271500415447,0.0,0.0,0.0,1.0,0.0,0.0,0.0,0.0,0.0,0.0,0.0,0.0,0.0,0.005,-0.025,-0.002,1.0,-0.001,-0.005,-0.018,-0.001,0.001,0.003,-0.0,0.0,0.0,0.0,0.0,0.0,1.0,0.0,0.0,0.0,28.0,0.2,0.12,100.0,100.0,0.0,0.0022,0.0012,0.003,0.0
0,1763002624.1977835,-0.011387670979371815,0.027210027511699333,0.33382268921274805,-0.04155101186213216,-0.029579034359401228,0.03671092381825076,0.4414981299810858,-0.012502696205663369,0.0,0.0,0.0,1.0,0.0,0.0,0.0,0.0,0.0,0.0,0.0,0.0,0.0,0.006,-0.025,-0.002,1.0,-0.0,-0.006,-0.018,0.001,0.001,-0.002,0.0,-0.0,0.0,0.0,0.0,0.0,1.0,0.0,0.0,0.0,28.0,0.2,0.12,100.0,100.0,0.0,0.001,0.0011,0.0087,0.0
0,1763002624.2312088,-0.00823677341043063,0.026226021583794938,0.3534952980981638,-0.0419859904675277,0.03037020859147468,-0.00711905652787405,0.23010835777543226,-0.008504887240168478,0.0,0.0,0.0,1.0,0.0,0.0,0.0,0.0,0.0,0.0,0.0,0.0,0.0,0.005,-0.025,-0.002,1.0,-0.001,-0.005,-0.018,-0.001,0.002,0.007,-0.0,0.0,0.0,0.0,0.0,0.0,1.0,0.0,0.0,0.0,28.0,0.2,0.12,100.0,100.0,0.0,0.0062,0.0021,0.0024,0.0
0,1763002624.258189,-0.03187020842742061,0.024951651492813733,0.363720396489128,-0.04226637892096671,-0.23715802751094286,-0.010121098751432578,0.13760051371945828,-0.007002483581142929,0.0,0.0,0.0,1.0,0.0,0.0,0.0,0.0,0.0,0.0,0.0,0.0,0.0,0.006,-0.025,-0.002,1.0,-0.0,-0.005,-0.018,0.001,-0.001,-0.006,0.1,0.0,-0.0,0.0,0.0,0.0,1.0,0.0,0.0,0.0,28.0,0.2,0.12,100.0,100.0,0.0,0.0015,0.0011,0.0022,0.0
0,1763002624.303543,-0.0138369286678501,0.026216886151523993,0.3682174338362147,-0.042338661913333055,0.17714577675296295,0.01514751173638397,0.08134241311977956,-0.0049494678157600835,0.0,0.0,0.0,1.0,0.0,0.0,0.0,0.0,0.0,0.0,0.0,0.0,0.0,0.005,-0.025,-0.002,1.0,-0.001,-0.005,-0.018,-0.002,0.002,0.004,-0.0,0.0,0.0,0.0,0.0,0.0,1.0,0.0,0.0,0.0,28.0,0.2,0.12,100.0,100.0,0.0,0.006,0.0037,0.0065,0.0
0,1763002624.3239338,-0.009750691928287909,0.04506494691951583,0.37060570776490337,-0.04242770331477332,0.03947867452883698,0.19110229629507078,0.0607044826705082,-0.005124280205736041,0.0,0.0,0.0,1.0,0.0,0.0,0.0,0.0,0.0,0.0,0.0,0.0,0.0,0.005,-0.025,-0.002,1.0,-0.001,-0.005,-0.018,0.001,-0.001,-0.0,-0.0,-0.1,-0.0,0.0,0.0,0.0,1.0,0.0,0.0,0.0,28.0,0.2,0.12,100.0,100.0,0.0,0.0011,0.0009,0.0019,0.0
0,1763002624.3639584,-0.007840437816249862,0.02807541294241702,0.37167958310808324,-0.042245158615081914,0.01812747192755168,-0.1653888450790365,0.047799324208289376,-0.0024173233345632095,0.0,0.0,0.0,1.0,0.0,0.0,0.0,0.0,0.0,0.0,0.0,0.0,0.0,0.005,-0.025,-0.002,1.0,-0.001,-0.004,-0.018,-0.001,0.001,0.002,-0.0,0.0,0.0,0.0,0.0,0.0,1.0,0.0,0.0,0.0,28.0,0.2,0.12,100.0,100.0,0.0,0.0058,0.0013,0.0021,0.0
0,1763002624.4036222,-0.008526856934422115,0.024966099484134887,0.3725893173062641,-0.042187221315183925,-0.0076482349633475374,-0.02828559328857963,0.046265300292616524,-0.0036451428625283167,0.0,0.0,0.0,1.0,0.0,0.0,0.0,0.0,0.0,0.0,0.0,0.0,0.0,0.006,-0.025,-0.002,1.0,-0.001,-0.005,-0.018,0.002,-0.002,-0.006,0.0,-0.0,-0.0,0.0,0.0,0.0,1.0,0.0,0.0,0.0,28.0,0.2,0.12,100.0,100.0,0.0,0.0025,0.0024,0.0113,0.0
0,1763002624.434908,-0.0075346529930251805,0.025419171677904844,0.3726453232788608,-0.0421349731857624,0.009069353720527144,0.00702733188611309,0.03781899145659441,-0.0036962408373031608,0.0,0.0,0.0,1.0,0.0,0.0,0.0,0.0,0.0,0.0,0.0,0.0,0.0,0.005,-0.025,-0.002,1.0,-0.001,-0.005,-0.018,0.0,0.001,0.002,-0.0,-0.0,-0.0,0.0,0.0,0.0,1.0,0.0,0.0,0.0,28.0,0.2,0.12,100.0,100.0,0.0,0.0078,0.0034,0.0032,0.0
0,1763002624.4581995,-0.007664615575076664,0.025555163007111522,0.3727690402376511,-0.04211640507497841,-0.0020530911198173435,0.003901830459857314,0.03850170191578907,-0.004027816210736307,0.0,0.0,0.0,1.0,0.0,0.0,0.0,0.0,0.0,0.0,0.0,0.0,0.0,0.005,-0.025,-0.002,1.0,-0.001,-0.005,-0.018,0.0,0.0,-0.0,-0.0,0.0,0.0,0.0,0.0,0.0,1.0,0.0,0.0,0.0,28.0,0.2,0.12,100.0,100.0,0.0,0.001,0.0011,0.0024,0.0
0,1763002624.4986632,-0.007706654040299672,0.025592875123884234,0.37278126162435515,-0.04210625956927537,-0.0011868462097377533,0.002932637468438311,0.03739911789080587,-0.004110185450467381,0.0,0.0,0.0,1.0,0.0,0.0,0.0,0.0,0.0,0.0,0.0,0.0,0.0,0.005,-0.025,-0.002,1.0,-0.001,-0.005,-0.018,0.0,0.0,0.001,-0.0,-0.0,-0.0,0.0,0.0,0.0,1.0,0.0,0.0,0.0,28.0,0.2,0.12,100.0,100.0,0.0,0.0013,0.0014,0.0092,0.0
0,1763002624.5242698,-0.01272183551946049,0.04790621772458176,0.373168113605275,-0.04230915181838728,-0.050922480195638144,0.2256927135193636,0.04114664597163406,-0.006239548448046688,0.0,0.0,0.0,1.0,0.0,0.0,0.0,0.0,0.0,0.0,0.0,0.0,0.0,0.006,-0.025,-0.002,1.0,-0.0,-0.006,-0.018,0.003,-0.002,-0.007,0.0,-0.1,-0.0,0.0,0.0,0.0,1.0,0.0,0.0,0.0,28.0,0.2,0.12,100.0,100.0,0.0,0.001,0.0009,0.002,0.0
0,1763002624.5686386,-0.013291954894425704,0.03564822101563259,0.37306771220875085,-0.04221066136960136,-0.006973377301598187,-0.11778934531703342,0.03631279739528569,-0.003246010693979527,0.0,0.0,0.0,1.0,0.0,0.0,0.0,0.0,0.0,0.0,0.0,0.0,0.0,0.006,-0.025,-0.002,1.0,0.0,-0.006,-0.018,-0.0,-0.0,-0.001,0.0,-0.0,0.0,0.0,0.0,0.0,1.0,0.0,0.0,0.0,28.0,0.2,0.12,100.0,100.0,0.0,0.0053,0.0042,0.0057,0.0
0,1763002624.5935829,0.011137912675182429,0.028637194882535334,0.3725448294578921,-0.0423272491968923,0.24296948020663875,-0.06654543922940936,0.03207794371228807,-0.005386944409869518,0.0,0.0,0.0,1.0,0.0,0.0,0.0,0.0,0.0,0.0,0.0,0.0,0.0,0.006,-0.025,-0.002,1.0,-0.001,-0.005,-0.018,-0.002,0.002,0.009,-0.1,0.0,0.0,0.0,0.0,0.0,1.0,0.0,0.0,0.0,28.0,0.2,0.12,100.0,100.0,0.0,0.0022,0.0019,0.0024,0.0
0,1763002624.6293833,0.0025616672904037845,0.026823921171124202,0.3725324046100602,-0.042177535611773474,-0.08464866258026821,-0.015269017625857847,0.03713023446747092,-0.0027355890685010348,0.0,0.0,0.0,1.0,0.0,0.0,0.0,0.0,0.0,0.0,0.0,0.0,0.0,0.005,-0.025,-0.002,1.0,-0.002,-0.005,-0.018,-0.001,0.001,0.004,-0.0,0.0,0.0,0.0,0.0,0.0,1.0,0.0,0.0,0.0,28.0,0.2,0.12,100.0,100.0,0.0,0.0016,0.0035,0.0041,0.0
0,1763002624.6574712,-0.004819483474039974,0.030007524374182255,0.3727620591370772,-0.041974195418723104,-0.07355534091539721,0.034518424147693,0.03954978573117676,-0.00218435163067366,0.0,0.0,0.0,1.0,0.0,0.0,0.0,0.0,0.0,0.0,0.0,0.0,0.0,0.005,-0.025,-0.002,1.0,-0.001,-0.006,-0.018,-0.0,-0.0,-0.001,0.0,0.0,0.0,0.0,0.0,0.0,1.0,0.0,0.0,0.0,28.0,0.2,0.12,100.0,100.0,0.0,0.001,0.0009,0.0022,0.0
0,1763002624.6992204,-0.006966142266359828,0.03018975744095331,0.37287287630104066,-0.042028940501205064,-0.021948536270602535,0.004823083105128766,0.03838437755334238,-0.004744870366691904,0.0,0.0,0.0,1.0,0.0,0.0,0.0,0.0,0.0,0.0,0.0,0.0,0.0,0.006,-0.025,-0.002,1.0,-0.001,-0.006,-0.018,0.001,-0.0,-0.001,-0.0,-0.0,-0.0,0.0,0.0,0.0,1.0,0.0,0.0,0.0,28.0,0.2,0.12,100.0,100.0,0.0,0.0015,0.0026,0.0083,0.0
0,1763002624.7278187,-0.0075257212386917694,0.02685158380783518,0.37287970224083433,-0.042060317669357174,-0.006292403949955401,-0.030362760587085997,0.03735554702804029,-0.0045166657316416045,0.0,0.0,0.0,1.0,0.0,0.0,0.0,0.0,0.0,0.0,0.0,0.0,0.0,0.005,-0.025,-0.002,1.0,-0.001,-0.005,-0.018,-0.0,0.0,-0.0,-0.0,0.0,0.0,0.0,0.0,0.0,1.0,0.0,0.0,0.0,28.0,0.2,0.12,100.0,100.0,0.0,0.0036,0.0016,0.0023,0.0
0,1763002624.768455,-0.008460018765314294,0.025123166110106412,0.3730291114770102,-0.042080463492985394,-0.010095547390094425,-0.014599018596504115,0.03878206258584266,-0.004407490003218044,0.0,0.0,0.0,1.0,0.0,0.0,0.0,0.0,0.0,0.0,0.0,0.0,0.0,0.006,-0.025,-0.002,1.0,-0.001,-0.005,-0.018,0.001,-0.002,-0.003,0.0,-0.0,-0.0,0.0,0.0,0.0,1.0,0.0,0.0,0.0,28.0,0.2,0.12,100.0,100.0,0.0,0.0027,0.0057,0.0061,0.0
0,1763002624.7934608,-0.00791998359395296,0.025080975770138368,0.37281235827386233,-0.042085420782250096,0.004554349837081903,0.0020904132113301957,0.035135379116221846,-0.004257619241945496,0.0,0.0,0.0,1.0,0.0,0.0,0.0,0.0,0.0,0.0,0.0,0.0,0.0,0.006,-0.025,-0.002,1.0,-0.001,-0.005,-0.018,0.0,-0.0,0.003,0.0,-0.0,0.0,0.0,0.0,0.0,1.0,0.0,0.0,0.0,28.0,0.2,0.12,100.0,100.0,0.0,0.0012,0.001,0.0024,0.0
0,1763002624.825422,-0.008184446639769142,0.025856675167731814,0.37294645979389396,-0.042090178764226556,-0.0034366288175571233,0.010265091552948316,0.0386222510277027,-0.004256121897989594,0.0,0.0,0.0,1.0,0.0,0.0,0.0,0.0,0.0,0.0,0.0,0.0,0.0,0.005,-0.025,-0.002,1.0,-0.001,-0.005,-0.018,-0.001,-0.001,-0.002,0.0,-0.0,0.0,0.0,0.0,0.0,1.0,0.0,0.0,0.0,28.0,0.2,0.12,100.0,100.0,0.0,0.0011,0.0012,0.003,0.0
0,1763002624.872277,-0.007849205375874805,0.025680428175796674,0.37286781957773474,-0.042090924035704615,0.002533967974966439,0.0008231975974217834,0.03650824381779682,-0.004216470591203211,0.0,0.0,0.0,1.0,0.0,0.0,0.0,0.0,0.0,0.0,0.0,0.0,0.0,0.005,-0.025,-0.002,1.0,-0.001,-0.005,-0.018,-0.0,0.0,0.001,-0.0,0.0,-0.0,0.0,0.0,0.0,1.0,0.0,0.0,0.0,28.0,0.2,0.12,100.0,100.0,0.0,0.0058,0.0046,0.0081,0.0
0,1763002624.8956275,-0.007753767813670598,0.025646913341812898,0.37287772457497576,-0.042092268322165616,0.000169455084454595,0.0022328944777419077,0.03738583193018356,-0.004222535268180422,0.0,0.0,0.0,1.0,0.0,0.0,0.0,0.0,0.0,0.0,0.0,0.0,0.0,0.006,-0.025,-0.002,1.0,-0.001,-0.005,-0.018,-0.001,-0.0,0.0,-0.0,-0.0,0.0,0.0,0.0,0.0,1.0,0.0,0.0,0.0,28.0,0.2,0.12,100.0,100.0,0.0,0.0042,0.0016,0.0022,0.0
0,1763002624.9386547,-0.002768066493038684,0.026467798287153805,0.37264078820587393,-0.04206782359802755,0.049081636424952065,0.010773540787590373,0.03491840876647948,-0.003964779590835847,0.0,0.0,0.0,1.0,0.0,0.0,0.0,0.0,0.0,0.0,0.0,0.0,0.0,0.005,-0.025,-0.002,1.0,-0.002,-0.005,-0.018,-0.002,0.002,0.005,-0.0,0.0,0.0,0.0,0.0,0.0,1.0,0.0,0.0,0.0,28.0,0.2,0.12,100.0,100.0,0.0,0.0054,0.0066,0.0064,0.0
0,1763002624.9644005,-0.0021890548450489928,0.0258695683402714,0.3728165354759407,-0.042077572586531574,0.005513309830593047,-0.0033355196401086487,0.03902155152125578,-0.0043042722448431575,0.0,0.0,0.0,1.0,0.0,0.0,0.0,0.0,0.0,0.0,0.0,0.0,0.0,0.005,-0.025,-0.002,1.0,-0.002,-0.005,-0.018,-0.0,0.0,-0.001,-0.0,0.0,-0.0,0.0,0.0,0.0,1.0,0.0,0.0,0.0,28.0,0.2,0.12,100.0,100.0,0.0,0.006,0.0011,0.0026,0.0
0,1763002624.9956641,-0.030843114385649722,0.02506929664643041,0.3731951440358561,-0.04232464901503802,-0.28675950089051216,-0.005415760104382758,0.041067739146748036,-0.006678521543717668,0.0,0.0,0.0,1.0,0.0,0.0,0.0,0.0,0.0,0.0,0.0,0.0,0.0,0.006,-0.025,-0.002,1.0,-0.0,-0.005,-0.018,0.001,-0.002,-0.007,0.1,0.0,-0.0,0.0,0.0,0.0,1.0,0.0,0.0,0.0,28.0,0.2,0.12,100.0,100.0,0.0,0.0011,0.0013,0.0064,0.0
0,1763002625.038492,0.003823332618214246,0.029125243972949584,0.3727963127398788,-0.04229263322900873,0.3435801586000746,0.043066402929834796,0.033331201443812145,-0.003912307041210955,0.0,0.0,0.0,1.0,0.0,0.0,0.0,0.0,0.0,0.0,0.0,0.0,0.0,0.006,-0.025,-0.002,1.0,-0.001,-0.006,-0.018,-0.0,0.001,0.005,-0.1,-0.0,0.0,0.0,0.0,0.0,1.0,0.0,0.0,0.0,28.0,0.2,0.12,100.0,100.0,0.0,0.0082,0.0054,0.0043,0.0
0,1763002625.0580556,-0.02408337731664173,0.030177708519440627,0.3730442168044442,-0.04244961028722178,-0.2786847660867383,0.013437169862205403,0.0397586719196422,-0.005799033905031364,0.0,0.0,0.0,1.0,0.0,0.0,0.0,0.0,0.0,0.0,0.0,0.0,0.0,0.006,-0.025,-0.002,1.0,-0.001,-0.006,-0.018,0.001,-0.001,-0.004,0.1,-0.0,-0.0,0.0,0.0,0.0,1.0,0.0,0.0,0.0,28.0,0.2,0.12,100.0,100.0,0.0,0.0009,0.001,0.0025,0.0
0,1763002625.1068063,-0.016874078530438683,0.030191472343622617,0.37314723468737904,-0.042267974773674846,0.06968465013036627,0.003155409093763939,0.03833460050979201,-0.0024286058932527985,0.0,0.0,0.0,1.0,0.0,0.0,0.0,0.0,0.0,0.0,0.0,0.0,0.0,0.006,-0.025,-0.002,1.0,-0.0,-0.006,-0.018,0.001,-0.001,-0.004,0.0,-0.0,-0.0,0.0,0.0,0.0,1.0,0.0,0.0,0.0,28.0,0.2,0.12,100.0,100.0,0.0,0.0047,0.0053,0.0096,0.0
0,1763002625.129081,0.009316913972666006,0.030934207751637122,0.37272618081421366,-0.04233726235644563,0.26022251717800293,0.010446501314507348,0.03310418473708383,-0.004919673305075339,0.0,0.0,0.0,1.0,0.0,0.0,0.0,0.0,0.0,0.0,0.0,0.0,0.0,0.006,-0.025,-0.002,1.0,-0.001,-0.006,-0.018,-0.001,0.0,0.006,-0.1,0.0,0.0,0.0,0.0,0.0,1.0,0.0,0.0,0.0,28.0,0.2,0.12,100.0,100.0,0.0,0.0034,0.0024,0.0027,0.0
0,1763002625.1623204,-0.002838050189839257,0.027145329856448054,0.3727666592948015,-0.042439973533361146,-0.12061795022778604,-0.03479535817672692,0.037677402887300246,-0.0052608380047997755,0.0,0.0,0.0,1.0,0.0,0.0,0.0,0.0,0.0,0.0,0.0,0.0,0.0,0.006,-0.025,-0.002,1.0,-0.001,-0.005,-0.018,-0.001,0.001,0.001,0.0,0.0,-0.0,0.0,0.0,0.0,1.0,0.0,0.0,0.0,28.0,0.2,0.12,100.0,100.0,0.0,0.0011,0.001,0.0068,0.0
0,1763002625.196547,-0.010912937631787214,0.025193044568162255,0.37306922589749736,-0.042314513360314866,-0.08103267943846348,-0.016808319897213174,0.040302331956438786,-0.0029893956228732657,0.0,0.0,0.0,1.0,0.0,0.0,0.0,0.0,0.0,0.0,0.0,0.0,0.0,0.006,-0.025,-0.002,1.0,0.0,-0.005,-0.018,0.001,-0.001,-0.005,0.0,0.0,-0.0,0.0,0.0,0.0,1.0,0.0,0.0,0.0,28.0,0.2,0.12,100.0,100.0,0.0,0.0034,0.0032,0.0027,0.0
0,1763002625.2285702,0.01140720106374251,0.025405526124054154,0.3727366034390798,-0.04237791744569085,0.2221100931921185,0.004644120015735206,0.03398069800557414,-0.0048654921897913275,0.0,0.0,0.0,1.0,0.0,0.0,0.0,0.0,0.0,0.0,0.0,0.0,0.0,0.006,-0.025,-0.002,1.0,-0.001,-0.005,-0.018,-0.001,0.001,0.005,-0.1,-0.0,0.0,0.0,0.0,0.0,1.0,0.0,0.0,0.0,28.0,0.2,0.12,100.0,100.0,0.0,0.0013,0.0029,0.0042,0.0
0,1763002625.2581608,-0.0022799751065052595,0.02564845855465177,0.372724016382806,-0.04247573867487005,-0.1357310415961034,0.00496987691838164,0.03714778978116925,-0.005216004036360987,0.0,0.0,0.0,1.0,0.0,0.0,0.0,0.0,0.0,0.0,0.0,0.0,0.0,0.006,-0.025,-0.002,1.0,-0.001,-0.005,-0.018,-0.001,0.001,0.002,-0.0,0.0,0.0,0.0,0.0,0.0,1.0,0.0,0.0,0.0,28.0,0.2,0.12,100.0,100.0,0.0,0.001,0.0011,0.0027,0.0
0,1763002625.3040416,-0.002145018621918223,0.02565342206859607,0.3728065373008472,-0.042310381628601804,0.0011215673352198141,0.002614480994908193,0.03809761081869283,-0.0025940034048045416,0.0,0.0,0.0,1.0,0.0,0.0,0.0,0.0,0.0,0.0,0.0,0.0,0.0,0.005,-0.025,-0.002,1.0,-0.002,-0.005,-0.018,-0.0,0.0,0.0,-0.0,-0.0,0.0,0.0,0.0,0.0,1.0,0.0,0.0,0.0,28.0,0.2,0.12,100.0,100.0,0.0,0.0017,0.0021,0.0133,0.0
0,1763002625.3282928,-0.005792557140471482,0.026440186189104622,0.3728001820820925,-0.0422119922298855,-0.03668988704772441,0.010432983411945151,0.03721710154253741,-0.0032471441756972558,0.0,0.0,0.0,1.0,0.0,0.0,0.0,0.0,0.0,0.0,0.0,0.0,0.0,0.005,-0.025,-0.002,1.0,-0.001,-0.005,-0.018,-0.002,0.001,0.001,0.0,0.0,0.0,0.0,0.0,0.0,1.0,0.0,0.0,0.0,28.0,0.2,0.12,100.0,100.0,0.0,0.004,0.001,0.0027,0.0
0,1763002625.3624291,-0.006817961267311216,0.02625579649009292,0.372747746517434,-0.04215983343355922,-0.010833296982444483,0.0008001216287934071,0.03675566256162447,-0.00369961125972576,0.0,0.0,0.0,1.0,0.0,0.0,0.0,0.0,0.0,0.0,0.0,0.0,0.0,0.005,-0.025,-0.002,1.0,-0.001,-0.005,-0.018,-0.001,0.001,0.002,0.0,0.0,0.0,0.0,0.0,0.0,1.0,0.0,0.0,0.0,28.0,0.2,0.12,100.0,100.0,0.0,0.0027,0.0026,0.0035,0.0
0,1763002625.4079003,-0.007858990221890358,0.024984215477601157,0.3731086731201423,-0.04213365060612083,-0.011092085672522546,-0.010090230475908391,0.040884040678826485,-0.003954155068971975,0.0,0.0,0.0,1.0,0.0,0.0,0.0,0.0,0.0,0.0,0.0,0.0,0.0,0.006,-0.025,-0.002,1.0,-0.001,-0.005,-0.018,0.001,-0.001,-0.006,0.0,-0.0,-0.0,0.0,0.0,0.0,1.0,0.0,0.0,0.0,28.0,0.2,0.12,100.0,100.0,0.0,0.0072,0.0024,0.0106,0.0
0,1763002625.424841,-0.007664694387217336,0.02910906324000092,0.37294572497655576,-0.04191304636977096,0.001157059324541184,0.04374689917175775,0.03568138587614947,-0.0020073226971133173,0.0,0.0,0.0,1.0,0.0,0.0,0.0,0.0,0.0,0.0,0.0,0.0,0.0,0.006,-0.025,-0.002,1.0,-0.001,-0.006,-0.018,-0.0,0.0,0.001,-0.0,-0.0,0.0,0.0,0.0,0.0,1.0,0.0,0.0,0.0,28.0,0.2,0.12,100.0,100.0,0.0,0.0013,0.0011,0.0024,0.0
0,1763002625.4673712,-0.007684636690803718,0.007657351589715578,0.37287510123138656,-0.04218755365255435,-0.0009658924745855543,-0.21160621017885334,0.036588335045962844,-0.0069363774648110235,0.0,0.0,0.0,1.0,0.0,0.0,0.0,0.0,0.0,0.0,0.0,0.0,0.0,0.005,-0.025,-0.002,1.0,-0.001,-0.005,-0.018,-0.002,0.001,0.001,0.0,0.1,0.0,0.0,0.0,0.0,1.0,0.0,0.0,0.0,28.0,0.2,0.12,100.0,100.0,0.0,0.0087,0.0015,0.0032,0.0
0,1763002625.4942987,-0.00790868573106615,0.021180304496214206,0.37288279568468735,-0.04235230731257648,-0.003008954071704699,0.1359952642239578,0.03736445465614581,-0.005866291965476604,0.0,0.0,0.0,1.0,0.0,0.0,0.0,0.0,0.0,0.0,0.0,0.0,0.0,0.005,-0.025,-0.002,1.0,-0.001,-0.005,-0.018,-0.001,0.0,-0.0,-0.0,0.0,0.0,0.0,0.0,0.0,1.0,0.0,0.0,0.0,28.0,0.2,0.12,100.0,100.0,0.0,0.0011,0.001,0.0052,0.0
0,1763002625.5402272,-0.0077635992541060335,0.024074700863301577,0.3729319633439936,-0.04224101764848114,0.0006599961964945805,0.03106199412049514,0.0377799561615319,-0.0031223340903042476,0.0,0.0,0.0,1.0,0.0,0.0,0.0,0.0,0.0,0.0,0.0,0.0,0.0,0.006,-0.025,-0.002,1.0,-0.001,-0.005,-0.018,-0.0,-0.0,-0.001,0.0,0.0,0.0,0.0,0.0,0.0,1.0,0.0,0.0,0.0,28.0,0.2,0.12,100.0,100.0,0.0,0.0098,0.0033,0.0065,0.0
0,1763002625.5602064,-0.008598886409991492,0.05228594043245981,0.3729506202998634,-0.042369447130739396,-0.009129231484265178,0.2845198657779125,0.03747976589309739,-0.005508396587430728,0.0,0.0,0.0,1.0,0.0,0.0,0.0,0.0,0.0,0.0,0.0,0.0,0.0,0.006,-0.025,-0.002,1.0,-0.001,-0.007,-0.018,0.001,-0.002,-0.001,0.0,-0.1,0.0,0.0,0.0,0.0,1.0,0.0,0.0,0.0,28.0,0.2,0.12,100.0,100.0,0.0,0.002,0.0018,0.003,0.0
0,1763002625.607356,-0.012919874581726356,0.018174961408853295,0.37317164937976727,-0.04244003400754848,-0.0440697703583478,-0.3358811961928192,0.039505352829024815,-0.004942813481164647,0.0,0.0,0.0,1.0,0.0,0.0,0.0,0.0,0.0,0.0,0.0,0.0,0.0,0.006,-0.025,-0.002,1.0,-0.0,-0.006,-0.018,0.001,-0.001,-0.005,0.0,0.1,-0.0,0.0,0.0,0.0,1.0,0.0,0.0,0.0,28.0,0.2,0.12,100.0,100.0,0.0,0.0109,0.0027,0.0065,0.0
0,1763002625.629114,-0.013538708238213392,0.02736847667801904,0.37307322222804196,-0.04249282190656203,-0.0074803240230430015,0.09375264883254272,0.03633289342072377,-0.0047718823908904084,0.0,0.0,0.0,1.0,0.0,0.0,0.0,0.0,0.0,0.0,0.0,0.0,0.0,0.006,-0.025,-0.002,1.0,-0.0,-0.006,-0.018,0.0,-0.0,-0.001,0.0,-0.0,-0.0,0.0,0.0,0.0,1.0,0.0,0.0,0.0,28.0,0.2,0.12,100.0,100.0,0.0,0.0049,0.0014,0.0023,0.0
0,1763002625.6619115,0.010229034343590846,0.03437711607831369,0.37278331014827926,-0.042454258179955066,0.23632355499422109,0.07282324167074838,0.03440820142517744,-0.0038636449245865734,0.0,0.0,0.0,1.0,0.0,0.0,0.0,0.0,0.0,0.0,0.0,0.0,0.0,0.006,-0.025,-0.002,1.0,-0.001,-0.007,-0.018,-0.001,0.0,0.004,-0.1,-0.0,0.0,0.0,0.0,0.0,1.0,0.0,0.0,0.0,28.0,0.2,0.12,100.0,100.0,0.0,0.0012,0.0014,0.0057,0.0
0,1763002625.6961694,-0.0026180884164653077,0.031865468180582064,0.37269666968305065,-0.04251587795489884,-0.12744832416620244,-0.02167876736948493,0.03641192636254212,-0.004861623567433221,0.0,0.0,0.0,1.0,0.0,0.0,0.0,0.0,0.0,0.0,0.0,0.0,0.0,0.006,-0.025,-0.002,1.0,-0.001,-0.006,-0.018,-0.0,0.001,0.003,-0.0,0.0,0.0,0.0,0.0,0.0,1.0,0.0,0.0,0.0,28.0,0.2,0.12,100.0,100.0,0.0,0.0029,0.0028,0.0037,0.0
0,1763002625.7305787,-0.010871549279238994,0.03064362153426746,0.37303371220905573,-0.04235398025434432,-0.0827964174693834,-0.009031919645087871,0.04064009222835586,-0.0026326107899446866,0.0,0.0,0.0,1.0,0.0,0.0,0.0,0.0,0.0,0.0,0.0,0.0,0.0,0.006,-0.025,-0.002,1.0,-0.0,-0.006,-0.018,0.001,-0.001,-0.005,0.0,-0.0,-0.0,0.0,0.0,0.0,1.0,0.0,0.0,0.0,28.0,0.2,0.12,100.0,100.0,0.0,0.0039,0.0024,0.0036,0.0
0,1763002625.772436,-0.008598043658345827,0.031134128696923415,0.3727144320300973,-0.042161284677689766,0.02164790128100775,0.007969433779986324,0.034110569431321305,-0.002308442258888911,0.0,0.0,0.0,1.0,0.0,0.0,0.0,0.0,0.0,0.0,0.0,0.0,0.0,0.006,-0.025,-0.002,1.0,-0.001,-0.006,-0.018,-0.001,0.0,0.005,-0.0,0.0,0.0,0.0,0.0,0.0,1.0,0.0,0.0,0.0,28.0,0.2,0.12,100.0,100.0,0.0,0.0015,0.0017,0.0158,0.0
0,1763002625.8020809,-0.007825543916238208,0.03491497702744442,0.37284793049618375,-0.041841846880531684,0.0068651930552416016,0.04092189617490237,0.038606427863874485,-0.0010217504961881618,0.0,0.0,0.0,1.0,0.0,0.0,0.0,0.0,0.0,0.0,0.0,0.0,0.0,0.006,-0.025,-0.002,1.0,-0.001,-0.007,-0.018,0.0,-0.0,-0.001,0.0,-0.0,0.0,0.0,0.0,0.0,1.0,0.0,0.0,0.0,28.0,0.2,0.12,100.0,100.0,0.0,0.0045,0.0037,0.0068,0.0
0,1763002625.8239958,-0.008150635775240007,0.03150842434529616,0.3731077005234317,-0.04195487509757434,-0.004033472981641827,-0.030574029118738247,0.039882493322097465,-0.005314466858479652,0.0,0.0,0.0,1.0,0.0,0.0,0.0,0.0,0.0,0.0,0.0,0.0,0.0,0.006,-0.025,-0.002,1.0,-0.001,-0.006,-0.018,0.001,-0.001,-0.005,0.0,0.0,-0.0,0.0,0.0,0.0,1.0,0.0,0.0,0.0,28.0,0.2,0.12,100.0,100.0,0.0,0.0008,0.0008,0.0024,0.0
0,1763002625.8644023,-0.00782972419416309,0.031362297260014375,0.37284905655222805,-0.041959589146679376,0.002394052233245167,0.0016895715817117352,0.03472433034030637,-0.004242628000807852,0.0,0.0,0.0,1.0,0.0,0.0,0.0,0.0,0.0,0.0,0.0,0.0,0.0,0.006,-0.025,-0.002,1.0,-0.001,-0.006,-0.018,-0.001,0.0,0.003,-0.0,0.0,0.0,0.0,0.0,0.0,1.0,0.0,0.0,0.0,28.0,0.2,0.12,100.0,100.0,0.0,0.0049,0.0027,0.0032,0.0
0,1763002625.8919098,-0.007747319146283576,0.03094285662018076,0.37301197732436026,-0.04200372258785411,4.1078059378807374e-05,-0.0010581766723347097,0.03891411337654452,-0.004637293326415284,0.0,0.0,0.0,1.0,0.0,0.0,0.0,0.0,0.0,0.0,0.0,0.0,0.0,0.006,-0.025,-0.002,1.0,-0.001,-0.006,-0.018,0.0,-0.0,-0.003,0.0,0.0,-0.0,0.0,0.0,0.0,1.0,0.0,0.0,0.0,28.0,0.2,0.12,100.0,100.0,0.0,0.0012,0.0009,0.003,0.0
0,1763002625.931439,-0.007279962971433287,0.004478700083594949,0.37295679481163385,-0.0422345914546051,0.003898829833874542,-0.26154727970384,0.03674937260517204,-0.006509060926295322,0.0,0.0,0.0,1.0,0.0,0.0,0.0,0.0,0.0,0.0,0.0,0.0,0.0,0.005,-0.025,-0.002,1.0,-0.001,-0.004,-0.018,-0.003,0.002,0.0,-0.0,0.1,-0.0,0.0,0.0,0.0,1.0,0.0,0.0,0.0,28.0,0.2,0.12,100.0,100.0,0.0,0.0052,0.0026,0.0026,0.0
0,1763002625.9585352,-0.007356526821141586,0.015727256582004412,0.37268211956459213,-0.0423776672700198,-0.0014936347942263173,0.11293343499245412,0.03454892701074646,-0.005654217299607599,0.0,0.0,0.0,1.0,0.0,0.0,0.0,0.0,0.0,0.0,0.0,0.0,0.0,0.005,-0.025,-0.002,1.0,-0.001,-0.004,-0.018,0.0,0.001,0.005,-0.0,-0.0,0.0,0.0,0.0,0.0,1.0,0.0,0.0,0.0,28.0,0.2,0.12,100.0,100.0,0.0,0.0009,0.001,0.0032,0.0
0,1763002626.0034728,-0.007987249374344672,0.022483445779506124,0.37273821383071093,-0.04221839690692013,-0.00704287821414501,0.06913461763321754,0.037829154617646785,-0.0026450630960052554,0.0,0.0,0.0,1.0,0.0,0.0,0.0,0.0,0.0,0.0,0.0,0.0,0.0,0.005,-0.025,-0.002,1.0,-0.001,-0.005,-0.018,0.001,-0.001,0.001,-0.0,-0.0,0.0,0.0,0.0,0.0,1.0,0.0,0.0,0.0,28.0,0.2,0.12,100.0,100.0,0.0,0.0101,0.0029,0.0031,0.0
0,1763002626.0246542,-0.0073970567606346654,0.025192554087072265,0.3727648042685615,-0.042158011473189275,0.005103201199665605,0.029339427653611996,0.037539725761576354,-0.003617985353383507,0.0,0.0,0.0,1.0,0.0,0.0,0.0,0.0,0.0,0.0,0.0,0.0,0.0,0.005,-0.025,-0.002,1.0,-0.001,-0.005,-0.018,-0.001,0.001,0.001,-0.0,0.0,0.0,0.0,0.0,0.0,1.0,0.0,0.0,0.0,28.0,0.2,0.12,100.0,100.0,0.0,0.0009,0.0009,0.0028,0.0
0,1763002626.0775454,-0.03247051962624352,0.02488807810710186,0.3731664861233605,-0.0423625883599521,-0.251474334332152,-0.000525504390996856,0.04129329897484629,-0.006261570014947135,0.0,0.0,0.0,1.0,0.0,0.0,0.0,0.0,0.0,0.0,0.0,0.0,0.0,0.006,-0.025,-0.002,1.0,0.0,-0.005,-0.018,0.001,-0.002,-0.007,0.1,0.0,-0.0,0.0,0.0,0.0,1.0,0.0,0.0,0.0,27.999995766237877,0.20000011820181648,0.17300131420695758,100.00000633863691,100.00000633863691,0.5,0.0069,0.0038,0.0048,0.0082
1,1763002626.1161032,-0.014214096054259176,0.02367423924721349,0.37347951593512213,-0.042966994740731755,0.179317183757219,-0.009649580788173531,0.0404469467299516,-0.010280322643791848,0.0,0.0,0.0,1.0,0.0,0.0,0.0,0.0,0.0,0.0,0.0,0.0,0.0,0.005,-0.025,-0.002,1.0,-0.001,-0.004,-0.018,-0.002,0.001,0.002,-0.0,0.0,0.0,0.0,0.0,0.008403361344537815,1.0,0.0,0.0,0.0,28.000427530418357,0.19999314262378104,0.19059038328768257,99.99983575876772,100.00000306439787,0.5,0.0042,0.0036,0.0087,0.0124
2,1763002626.1373549,-0.009137017283130896,0.023347881259699423,0.3742425598569542,-0.043278208974417864,0.04934937810585688,-0.0008961559504193015,0.04497839081183294,-0.007408841810934236,0.0,0.0,0.0,1.0,0.0,0.0,0.0,0.0,0.0,0.0,0.0,0.0,0.0,0.005,-0.025,-0.002,1.0,-0.001,-0.004,-0.018,-0.001,0.0,0.001,0.0,0.0,-0.0,0.0,0.0,0.01680672268907563,1.0,0.0,0.0,0.0,28.00068592182627,0.1999909638520093,0.19964990775859487,99.99951706686866,99.9999969038307,0.5,0.0021,0.0022,0.0048,0.0082
3,1763002626.1652079,-0.010718674239196382,0.057899344146035946,0.3739430113353793,-0.04267917448470942,-0.016730271288967945,0.34784941698933514,0.03442877076994717,0.001662523999642694,0.0,0.0,0.0,1.0,0.0,0.0,0.0,0.0,0.0,0.0,0.0,0.0,0.0,0.006,-0.025,-0.001,1.0,-0.001,-0.006,-0.017,0.01,-0.007,0.025,-0.0,-0.1,0.0,0.0,0.0,0.025210084033613446,1.0,0.0,0.0,0.0,28.001414649896976,0.19998182824023147,0.21534044334779717,99.99843619255338,99.99997997211767,0.5,0.0011,0.0012,0.0039,0.0057
4,1763002626.2041016,0.03929803248222068,0.027292321691755446,0.3697635444335246,-0.028848608970784895,0.4990951997902509,-0.3002802901282013,-0.004400367885009788,0.1340377376907743,0.0,0.0,0.0,1.0,0.0,0.0,0.0,0.0,0.0,0.0,0.0,0.0,0.0,0.006,-0.025,0.002,1.0,-0.005,-0.004,-0.017,0.012,-0.005,0.117,-0.3,-0.0,0.1,0.0,0.0,0.03361344537815126,1.0,0.0,0.0,0.0,28.006472575334236,0.19983687313496093,0.19341472340279026,99.99922922930945,99.99997607069396,0.5,0.0019,0.0018,0.0047,0.009
5,1763002626.2422795,-0.010671856575084647,-0.02277288738561279,0.3622533741164261,-0.019262952970044857,-0.4957690873248312,-0.4979228586045068,-0.03812534872763294,0.09297169911032192,0.0,0.0,0.0,1.0,0.0,0.0,0.0,0.0,0.0,0.0,0.0,0.0,0.0,0.007,-0.025,0.01,1.0,0.001,-0.0,-0.014,0.016,-0.005,0.232,0.1,0.2,0.1,0.0,0.0,0.04201680672268907,1.0,0.0,0.0,0.0,28.01727246324537,0.19911872222990007,0.15832085666822293,100.00329406002382,100.00329406002382,0.5,0.0019,0.002,0.0094,0.0087
6,1763002626.2634258,-0.01331397287407881,-0.07072357693313125,0.35344788408294747,-0.005323149300385518,-0.0274883486474502,-0.4817841842137458,-0.05182956292314372,0.13747174139958884,0.0,0.0,0.0,1.0,0.0,0.0,0.0,0.0,0.0,0.0,0.0,0.0,0.0,0.007,-0.025,0.021,1.0,-0.0,0.002,-0.011,0.016,-0.001,0.33,-0.0,0.2,0.2,0.0,0.0,0.05042016806722689,1.0,0.0,0.0,0.0,28.03417033609929,0.1971231644303533,0.1850549780044941,100.0072855085742,100.0072855085742,0.5,0.0011,0.0017,0.0038,0.0033
7,1763002626.3053122,-0.06280047178422683,-0.11976053133021475,0.34711520513907745,-0.0030031359321922614,-0.49619638638888813,-0.4974419016641481,-0.027982001030405178,0.022667818751893984,0.0,0.0,0.0,1.0,0.0,0.0,0.0,0.0,0.0,0.0,0.0,0.0,0.0,0.008,-0.026,0.033,1.0,0.003,0.007,-0.01,0.015,-0.01,0.364,0.2,0.3,0.1,0.0,0.0,0.058823529411764705,1.0,0.0,0.0,0.0,28.052593269869355,0.19377056278702673,0.29131213752614676,100.00148711702772,100.00705240585133,0.5,0.0014,0.0023,0.0062,0.0083
8,1763002626.3323867,-0.11213547721367202,-0.1419190733084995,0.34057424281754456,-0.003633729074220864,-0.4996301014728746,-0.23356147291586923,-0.030698102701421193,-0.006606245013505256,0.0,0.0,0.0,1.0,0.0,0.0,0.0,0.0,0.0,0.0,0.0,0.0,0.0,0.008,-0.026,0.047,1.0,0.009,0.01,-0.009,0.02,-0.01,0.407,0.3,0.1,0.0,0.0,0.0,0.06722689075630252,1.0,0.0,0.0,0.0,28.073138998265197,0.18849592015475394,0.3,99.99318487760542,100.00676177708165,0.5,0.0012,0.0012,0.0039,0.0058
9,1763002626.363747,-0.061020372357789794,-0.09049997869685325,0.3547029745857535,0.04639839349868842,0.4999375008374549,0.4999990387856124,0.17534474196384317,0.49995785282167077,0.0,0.0,0.0,1.0,0.0,0.0,0.0,0.0,0.0,0.0,0.0,0.0,0.0,0.009,-0.027,0.061,1.0,0.002,0.001,-0.01,0.014,-0.017,0.448,-0.2,-0.4,0.0,0.0,0.0,0.07563025210084033,1.0,0.0,0.0,0.0,28.094869954537536,0.18092981113934037,0.14434926221847613,100.02215330372317,100.02215330372317,0.5,0.0007,0.0009,0.0027,0.0061
10,1763002626.395873,-0.01065227029753435,-0.03964641782918404,0.3441813203241477,0.006606354055537514,0.4975789833667755,0.49948561080700665,-0.06974624515748241,-0.39328055508164017,0.0,0.0,0.0,1.0,0.0,0.0,0.0,0.0,0.0,0.0,0.0,0.0,0.0,0.009,-0.027,0.073,1.0,-0.001,-0.001,-0.011,0.012,-0.017,0.421,-0.3,-0.3,-0.1,0.0,0.0,0.08403361344537814,1.0,0.0,0.0,0.0,28.11197648764652,0.17384548704756525,0.07,100.04795073976442,100.04795073976442,0.5,0.0019,0.0016,0.0025,0.0032
11,1763002626.4404213,0.03863102505740554,0.010682686664749669,0.33953095183352616,-0.015378733752674883,0.49176772651964545,0.49932640315641863,-0.012085552873800781,-0.21919024267657022,0.0,0.0,0.0,1.0,0.0,0.0,0.0,0.0,0.0,0.0,0.0,0.0,0.0,0.009,-0.028,0.087,1.0,-0.009,-0.012,-0.012,0.006,-0.013,0.386,-0.4,-0.5,-0.1,0.0,0.0,0.09243697478991596,1.0,0.0,0.0,0.0,28.125414338843022,0.1676230137023383,0.0967174695235351,100.07155214228453,100.07155214228453,0.5,0.0012,0.0015,0.0088,0.0086
12,1763002626.4713776,-0.0016716587767228383,0.010199189327103564,0.34154495635120996,-0.02200592540182875,-0.3991637358355432,-0.003766704709986135,0.05409314036018992,-0.06780978986680616,0.0,0.0,0.0,1.0,0.0,0.0,0.0,0.0,0.0,0.0,0.0,0.0,0.0,0.009,-0.028,0.095,1.0,-0.005,-0.006,-0.012,-0.007,-0.015,0.298,0.1,0.1,-0.0,0.0,0.0,0.10084033613445378,1.0,0.0,0.0,0.0,28.129000087509347,0.1657272500818528,0.1358451787046172,100.07359458582826,100.07359458582826,0.5,0.0019,0.0018,0.0047,0.0096
13,1763002626.4995494,0.0471079452935829,0.058112917614369645,0.34363204910899825,-0.024862175427385814,0.487628874825385,0.48015720180537114,0.05502542321300351,-0.030763092795753517,0.0,0.0,0.0,1.0,0.0,0.0,0.0,0.0,0.0,0.0,0.0,0.0,0.0,0.008,-0.028,0.105,1.0,-0.008,-0.009,-0.012,-0.018,-0.005,0.275,-0.2,-0.1,0.0,0.0,0.0,0.1092436974789916,1.0,0.0,0.0,0.0,28.130124401416737,0.16491783569041393,0.10702863628140588,100.07068468938328,100.07344425217201,0.5,0.0012,0.0013,0.0046,0.0057
14,1763002626.5295374,-0.003235529785110179,0.008221279445914657,0.35039165203191935,-0.01977465859861907,-0.4987239562575725,-0.49310508992311286,0.10195923414011107,0.048388950744928785,0.0,0.0,0.0,1.0,0.0,0.0,0.0,0.0,0.0,0.0,0.0,0.0,0.0,0.008,-0.028,0.11,1.0,-0.001,-0.005,-0.011,-0.019,-0.004,0.165,0.3,0.3,0.1,0.0,0.0,0.11764705882352941,1.0,0.0,0.0,0.0,28.119411409339737,0.1712527578913602,0.08212151300112341,100.07378086855893,100.07378086855893,0.5,0.0009,0.0012,0.0032,0.0042
15,1763002626.5697773,-0.0051967684198017255,-0.024669762322600562,0.3551858248222174,-0.022815824760448463,-0.019935939325426477,-0.3280882897405607,0.08298089310617263,-0.032389127478155845,0.0,0.0,0.0,1.0,0.0,0.0,0.0,0.0,0.0,0.0,0.0,0.0,0.0,0.007,-0.028,0.115,1.0,-0.002,-0.001,-0.011,-0.03,0.0,0.135,0.0,0.3,0.0,0.0,0.0,0.12605042016806722,1.0,0.0,0.0,0.0,28.10664138376321,0.1791964123190125,0.11379347547680913,100.07695654739359,100.07695654739359,0.5,0.0012,0.0013,0.0049,0.0084
16,1763002626.6088517,0.043365721360402926,0.02530744588348007,0.35906698226835393,-0.023608839145774663,0.4851052209600663,0.4973051058285463,0.07433015694358741,-0.010211726329306857,0.0,0.0,0.0,1.0,0.0,0.0,0.0,0.0,0.0,0.0,0.0,0.0,0.0,0.005,-0.028,0.119,1.0,-0.007,-0.005,-0.01,-0.038,0.006,0.114,-0.2,-0.2,0.0,0.0,0.0,0.13445378151260504,1.0,0.0,0.0,0.0,28.106078814333856,0.1793390910054834,0.07,100.06908809630693,100.07665651981793,0.5,0.0012,0.0013,0.0103,0.009
17,1763002626.6329792,-0.001300296027584802,0.06971985572402366,0.36608018112788476,-0.02530029906182384,-0.442323601743837,0.44665484299378383,0.10603868682214349,-0.01927548307506919,0.0,0.0,0.0,1.0,0.0,0.0,0.0,0.0,0.0,0.0,0.0,0.0,0.0,0.004,-0.029,0.119,1.0,-0.003,-0.007,-0.011,-0.04,-0.01,0.017,0.1,-0.2,-0.0,0.0,0.0,0.14285714285714285,1.0,0.0,0.0,0.0,44.146277092893996,1.0,0.3,160.04087465182016,160.04087465182016,0.5,0.0012,0.0014,0.0048,0.0056
18,1763002626.6747139,0.011501317102161568,0.019022942883281872,0.31241952444435483,-0.023521850067598014,0.1278861016947052,-0.49999714283501545,-0.4999985487225108,0.015254460036075886,0.0,0.0,0.0,1.0,0.0,0.0,0.0,0.0,0.0,0.0,0.0,0.0,0.0,0.002,-0.029,0.118,1.0,-0.005,-0.002,-0.01,-0.05,-0.001,-0.019,-0.0,0.2,0.0,0.0,0.0,0.15126050420168066,1.0,0.0,0.0,0.0,38.55534322998218,0.01,0.07,150.19873697639417,159.75842020057814,0.5,0.0019,0.0019,0.005,0.0123
19,1763002626.7034576,-0.038241641093050255,-0.015339940291157865,0.29566625161962745,-0.014915349731944093,-0.49627945024190206,-0.3417265374560692,-0.13629077580283833,0.08371281834977941,0.0,0.0,0.0,1.0,0.0,0.0,0.0,0.0,0.0,0.0,0.0,0.0,0.0,0.001,-0.029,0.115,1.0,0.003,0.001,-0.009,-0.049,-0.001,-0.079,0.4,0.3,0.1,0.0,0.0,0.15966386554621848,1.0,0.0,0.0,0.0,38.60464160608697,1.0,0.08044554424913786,149.81169587364064,159.7630338056006,0.5,0.0012,0.0013,0.0062,0.0081
20,1763002626.746196,0.010913280270281808,0.03460747970023281,0.29154534421367245,-0.008951365779236935,0.48772504952401546,0.497940205884791,-0.011642448897587573,0.05814830455387719,0.0,0.0,0.0,1.0,0.0,0.0,0.0,0.0,0.0,0.0,0.0,0.0,0.0,-0.001,-0.029,0.113,1.0,-0.004,-0.005,-0.008,-0.054,-0.006,-0.073,-0.3,-0.4,0.1,0.0,0.0,0.1680672268907563,1.0,0.0,0.0,0.0,38.60323911757747,1.0,0.07,149.77985869672833,159.7603657267112,0.5,0.002,0.002,0.0055,0.0165
21,1763002626.7684772,0.013361929275212889,0.026030881469720726,0.2935535333593909,-0.016197303973731775,0.02557781807633902,-0.08230523433509762,0.04923642587855234,-0.07335451852287206,0.0,0.0,0.0,1.0,0.0,0.0,0.0,0.0,0.0,0.0,0.0,0.0,0.0,-0.002,-0.029,0.108,1.0,-0.004,-0.003,-0.009,-0.058,-0.004,-0.171,-0.1,0.1,-0.1,0.0,0.0,0.1764705882352941,1.0,0.0,0.0,0.0,38.60099529628965,0.9997890812420596,0.07,149.7113592051527,159.75827359216947,0.5,0.001,0.0008,0.003,0.0038
22,1763002626.7952404,-0.00045900697171672583,0.05112371814060429,0.30054079675430034,-0.015273888525204343,-0.13687316954177486,0.25353145485580764,0.09922798728503383,0.007614424087901153,0.0,0.0,0.0,1.0,0.0,0.0,0.0,0.0,0.0,0.0,0.0,0.0,0.0,-0.004,-0.029,0.098,1.0,-0.002,-0.005,-0.008,-0.057,0.004,-0.305,-0.0,-0.1,0.0,0.0,0.0,0.18487394957983191,1.0,0.0,0.0,0.0,38.597574161324204,0.9997041951355408,0.07,149.66435279270152,159.7572794588738,0.5,0.0007,0.0008,0.0032,0.0035
23,1763002626.8342605,0.007804929757354076,0.04987216795603593,0.30854565132474493,-0.015546474864544947,0.08259346659353634,-0.007403130031623226,0.11010262537987636,-0.004253252245926452,0.0,0.0,0.0,1.0,0.0,0.0,0.0,0.0,0.0,0.0,0.0,0.0,0.0,-0.007,-0.029,0.085,1.0,-0.003,-0.005,-0.009,-0.067,-0.003,-0.398,-0.1,0.0,0.0,0.0,0.0,0.19327731092436973,1.0,0.0,0.0,0.0,38.587397011818545,0.9996702864260779,0.07,149.58963935819386,159.7553630372283,0.5,0.0051,0.0016,0.0038,0.0034
24,1763002626.8619506,4.286345463464566e-05,0.00868272903642877,0.3191702114165888,-0.014839058916489973,-0.07684017005145888,-0.406907172400468,0.13710016605091374,0.005519511994095243,0.0,0.0,0.0,1.0,0.0,0.0,0.0,0.0,0.0,0.0,0.0,0.0,0.0,-0.009,-0.029,0.068,1.0,-0.003,-0.001,-0.008,-0.072,-0.002,-0.541,-0.0,0.3,0.0,0.0,0.0,0.20168067226890757,1.0,0.0,0.0,0.0,38.563684834555836,0.9996391840196495,0.07,149.6065023818665,159.75571001591297,0.5,0.0008,0.0009,0.0031,0.0037
25,1763002626.9040651,0.009105383027885085,0.01799829573930951,0.328614818914123,-0.014670137188753344,0.09062948207796785,0.0940239399324502,0.12636309611700022,0.0002053113857172703,0.0,0.0,0.0,1.0,0.0,0.0,0.0,0.0,0.0,0.0,0.0,0.0,0.0,-0.011,-0.029,0.048,1.0,-0.003,-0.001,-0.008,-0.061,-0.002,-0.607,-0.1,0.1,0.0,0.0,0.0,0.21008403361344538,1.0,0.0,0.0,0.0,38.524775069851266,0.9995865944828861,0.07,149.59392726965226,159.75545377833785,0.5,0.0012,0.0013,0.0077,0.0068
26,1763002626.9339957,0.0039638600819321525,0.018603543136413533,0.3381353124139428,-0.014385837382760122,-0.05050469115674082,0.007852303544971198,0.12806641688961115,0.0013759843410568705,0.0,0.0,0.0,1.0,0.0,0.0,0.0,0.0,0.0,0.0,0.0,0.0,0.0,-0.013,-0.03,0.026,1.0,-0.004,-0.0,-0.008,-0.066,-0.002,-0.687,0.0,0.1,0.0,0.0,0.0,0.2184873949579832,1.0,0.0,0.0,0.0,38.46753851157399,0.9995125917756286,0.07006353323173711,149.59131498238443,159.75543694228816,0.5,0.0013,0.0013,0.0046,0.0067
27,1763002626.964391,-0.045736488737682504,-0.023488675485777877,0.34656772055357077,-0.013327058511459343,-0.4966071021879533,-0.41906183190827273,0.11813761263767443,0.009149204974731814,0.0,0.0,0.0,1.0,0.0,0.0,0.0,0.0,0.0,0.0,0.0,0.0,0.0,-0.014,-0.03,0.004,1.0,0.007,0.006,-0.007,-0.062,-0.004,-0.731,0.4,0.3,-0.0,0.0,0.0,0.226890756302521,1.0,0.0,0.0,0.0,38.39252959664285,0.9994246539064412,0.0701020949706202,149.64491178477297,159.75615501691178,0.5,0.0012,0.0012,0.0048,0.0038
28,1763002627.0049622,-0.02118678591595525,0.022567810798342303,0.33155417927304176,-0.01349253759238762,0.24092337934350427,0.4582159952926239,-0.1154786407499333,-0.002987496660428725,0.0,0.0,0.0,1.0,0.0,0.0,0.0,0.0,0.0,0.0,0.0,0.0,0.0,-0.016,-0.029,-0.004,1.0,0.002,-0.001,-0.008,-0.023,0.011,-0.143,0.0,-0.1,-0.0,0.0,0.0,0.23529411764705882,1.0,0.0,0.0,0.0,38.3504883423757,0.9993907732571395,0.07016986215907028,149.6348571420198,159.75591419155225,0.5,0.0012,0.0013,0.0072,0.0082
29,1763002627.0365486,0.025101936071199114,0.013602695830881136,0.302415082206342,-0.01370782482454485,0.4607685412799481,-0.08739436859477737,-0.2582355527396932,-0.0035021260808110258,0.0,0.0,0.0,1.0,0.0,0.0,0.0,0.0,0.0,0.0,0.0,0.0,0.0,-0.015,-0.029,0.013,1.0,-0.004,-0.0,-0.008,0.018,0.021,0.474,-0.2,-0.1,-0.0,0.0,0.0,0.24369747899159663,1.0,0.0,0.0,0.0,38.35332671188296,0.9994037161299039,0.07058722106748093,149.6413435336261,159.75628354083148,0.5,0.0013,0.0013,0.0053,0.0083
30,1763002627.0707707,0.06273794486067344,-0.00832471455400825,0.282928977353493,-0.013879349035375157,0.37887028150186314,-0.21791383426580574,-0.1646195403078553,-0.0030860245907575433,0.0,0.0,0.0,1.0,0.0,0.0,0.0,0.0,0.0,0.0,0.0,0.0,0.0,-0.015,-0.028,0.034,1.0,-0.009,0.001,-0.008,0.008,0.034,0.601,-0.3,0.1,0.0,0.0,0.0,0.25210084033613445,1.0,0.0,0.0,0.0,38.362782103051,0.9994080640565156,0.071674282847656,149.63857286935186,159.75645344867797,0.5,0.0012,0.0013,0.006,0.0087
31,1763002627.106692,0.033697077606546895,-0.0006865251459712667,0.2742918581481069,-0.008138381096075144,-0.2841348780551981,0.075549422624969,-0.058078294318511,0.05602174448946261,0.0,0.0,0.0,1.0,0.0,0.0,0.0,0.0,0.0,0.0,0.0,0.0,0.0,-0.014,-0.027,0.053,1.0,-0.007,-0.0,-0.006,0.013,0.028,0.557,0.0,0.0,0.1,0.0,0.0,0.26050420168067223,1.0,0.0,0.0,0.0,38.364845088367005,0.9993962290334758,0.0723510596725175,149.63336160767616,159.75601242153277,0.5,0.0013,0.0015,0.0056,0.0116
32,1763002627.1399212,-5.2058249992492645e-05,-0.003892192348236772,0.27180193805022734,-0.009614113282118527,-0.3341216508047392,-0.03212532453725216,0.002529984836015048,-0.015571159970041305,0.0,0.0,0.0,1.0,0.0,0.0,0.0,0.0,0.0,0.0,0.0,0.0,0.0,-0.014,-0.026,0.066,1.0,-0.001,0.002,-0.006,0.008,0.026,0.499,0.1,0.0,-0.0,0.0,0.0,0.2689075630252101,1.0,0.0,0.0,0.0,38.35967590330901,0.9993790116017798,0.07277159815787718,149.64284754296995,159.75631215923573,0.5,0.0035,0.0013,0.0064,0.0086
33,1763002627.1750913,-0.02175544995368106,-0.0386530679774362,0.2770587582114709,-0.01137062373398151,-0.21703912286188495,-0.347997975526818,0.0797483954174581,-0.01852651584684168,0.0,0.0,0.0,1.0,0.0,0.0,0.0,0.0,0.0,0.0,0.0,0.0,0.0,-0.014,-0.025,0.077,1.0,0.001,0.005,-0.007,-0.002,0.031,0.308,0.2,0.3,-0.0,0.0,0.0,0.2773109243697479,1.0,0.0,0.0,0.0,38.33486398101618,0.9993852350778147,0.07346925785190501,149.66384710179705,159.75709439897787,0.5,0.002,0.0017,0.0057,0.012
34,1763002627.2102602,-0.006997705967391698,0.010007068076773276,0.2830260035208943,-0.012892798762444847,0.14540189486752553,0.4827360537443511,0.0873783289153809,-0.016358812658031484,0.0,0.0,0.0,1.0,0.0,0.0,0.0,0.0,0.0,0.0,0.0,0.0,0.0,-0.014,-0.024,0.083,1.0,0.001,0.001,-0.008,0.006,0.027,0.219,-0.0,-0.3,-0.0,0.0,0.0,0.2857142857142857,1.0,0.0,0.0,0.0,38.30115086624093,0.9994137192209412,0.07340591277114189,149.71029370193963,159.75811461238666,0.5,0.002,0.0025,0.0053,0.0137
35,1763002627.24396,0.04117747044054047,0.05700354997370339,0.2914166253564925,-0.01230085907865762,0.48105199348258254,0.4709655257769785,0.11220881870807056,0.00463011696162782,0.0,0.0,0.0,1.0,0.0,0.0,0.0,0.0,0.0,0.0,0.0,0.0,0.0,-0.014,-0.023,0.085,1.0,-0.002,-0.004,-0.007,0.002,0.028,0.074,-0.4,-0.4,0.0,0.0,0.0,0.29411764705882354,1.0,0.0,0.0,0.0,38.25304618534004,0.9994880599775374,0.07351636072644012,149.73069662477863,159.7583379430951,0.5,0.0019,0.0072,0.0065,0.0083
36,1763002627.2724667,0.021589462434700703,0.020114642583934396,0.30361782495143386,-0.006187962662886003,-0.1917623330143436,-0.3631887189003196,0.15115365848506362,0.05989887824985042,0.0,0.0,0.0,1.0,0.0,0.0,0.0,0.0,0.0,0.0,0.0,0.0,0.0,-0.014,-0.023,0.081,1.0,-0.001,-0.002,-0.005,0.008,0.024,-0.129,-0.1,-0.0,0.1,0.0,0.0,0.3025210084033613,1.0,0.0,0.0,0.0,38.184585882676096,0.9996354785340023,0.07429312639226791,149.69595269709995,159.75688986200387,0.5,0.002,0.0018,0.0052,0.0096
37,1763002627.2996128,-0.022205058307303134,0.002323744999479481,0.31522175399077296,-0.012813056737358983,-0.4357862611765684,-0.17589751158615569,0.14640107288853454,-0.06686973701101837,0.0,0.0,0.0,1.0,0.0,0.0,0.0,0.0,0.0,0.0,0.0,0.0,0.0,-0.014,-0.022,0.072,1.0,0.001,-0.001,-0.006,-0.003,0.018,-0.25,0.2,0.1,-0.1,0.0,0.0,0.31092436974789917,1.0,0.0,0.0,0.0,38.104323174458244,0.99983780108767,0.0744480692535938,149.72546159481706,159.75766673166015,0.5,0.0011,0.0015,0.0064,0.0039
38,1763002627.3332014,-0.04071652505195764,-0.044931898689707706,0.3270778222266711,-0.0068341200192686006,-0.18733517327727534,-0.4723240623919238,0.15008285775805852,0.05850806150716792,0.0,0.0,0.0,1.0,0.0,0.0,0.0,0.0,0.0,0.0,0.0,0.0,0.0,-0.014,-0.021,0.06,1.0,0.004,0.007,-0.005,-0.007,0.019,-0.381,0.2,0.3,0.1,0.0,0.0,0.31932773109243695,1.0,0.0,0.0,0.0,38.01012903347552,1.0,0.07507865883168127,149.76760254275217,159.7586165804361,0.5,0.0014,0.0014,0.0053,0.0046
39,1763002627.3726285,0.004416807511290269,0.005443576587106383,0.3361702741577864,-0.007880465609963161,0.44726167312728327,0.4992615628991701,0.12363230153382089,-0.011146867908872454,0.0,0.0,0.0,1.0,0.0,0.0,0.0,0.0,0.0,0.0,0.0,0.0,0.0,-0.014,-0.021,0.046,1.0,0.001,-0.003,-0.006,0.009,0.011,-0.412,-0.2,-0.6,0.0,0.0,0.0,0.3277310924369748,1.0,0.0,0.0,0.0,37.91183927505103,1.0,0.07357801411257789,149.8854444815217,159.76155275742767,0.5,0.0011,0.0015,0.0081,0.0084
40,1763002627.3951614,-0.023515690415436403,0.0023906644052599235,0.345583630557442,-0.009870364891433864,-0.27888329851613763,-0.029984764159753874,0.1277505914123354,-0.020687039375703348,0.0,0.0,0.0,1.0,0.0,0.0,0.0,0.0,0.0,0.0,0.0,0.0,0.0,-0.014,-0.021,0.03,1.0,0.003,-0.001,-0.006,-0.006,0.01,-0.51,0.1,0.1,0.0,0.0,0.0,0.3361344537815126,1.0,0.0,0.0,0.0,37.80182744467298,1.0,0.07400923328551778,149.86641988365477,159.7606999767707,0.5,0.0007,0.0008,0.0035,0.0035
41,1763002627.4399827,0.02523817374276929,0.05030683727198597,0.35288828939746336,-0.005110436377877615,0.4851870725405133,0.47940079510778644,0.10760495145595853,0.04661224864641909,0.0,0.0,0.0,1.0,0.0,0.0,0.0,0.0,0.0,0.0,0.0,0.0,0.0,-0.014,-0.02,0.013,1.0,-0.003,-0.005,-0.005,-0.002,0.01,-0.521,-0.3,-0.3,0.1,0.0,0.0,0.3445378151260504,1.0,0.0,0.0,0.0,37.68895820029942,1.0,0.07404174617004222,149.92343965126523,159.76174855830217,0.5,0.0013,0.0013,0.0085,0.0088
42,1763002627.4744797,-0.02431065850668049,0.0009522430915145791,0.3581633264604355,-0.012563428381529435,-0.4929645051202207,-0.4885152580775153,0.08803919956946822,-0.07504096367430593,0.0,0.0,0.0,1.0,0.0,0.0,0.0,0.0,0.0,0.0,0.0,0.0,0.0,-0.014,-0.02,-0.001,1.0,0.004,0.002,-0.006,0.001,0.004,-0.511,0.3,0.2,-0.1,0.0,0.0,0.3529411764705882,1.0,0.0,0.0,0.0,37.575300590497335,1.0,0.07342012501849865,149.96753964639026,159.76284688155528,0.5,0.002,0.0018,0.0072,0.0101
43,1763002627.5074406,-0.0031834201818271325,0.01975354562071198,0.34339469020667,-0.006495442546038968,0.2088413173978655,0.1881082496011255,-0.1118700298916118,0.059423515516751735,0.0,0.0,0.0,1.0,0.0,0.0,0.0,0.0,0.0,0.0,0.0,0.0,0.0,-0.014,-0.02,-0.002,1.0,0.001,-0.001,-0.005,0.002,0.001,0.013,-0.1,-0.1,0.1,0.0,0.0,0.36134453781512604,1.0,0.0,0.0,0.0,37.51967432188158,1.0,0.07371736278126705,149.96309282000843,159.76202299971558,0.5,0.0015,0.0017,0.0077,0.0096
44,1763002627.5448442,0.005802075208529147,0.007354433934026164,0.32384267721071525,0.0020810376033422624,0.08953661188538009,-0.12201576230478695,-0.161180660938881,0.08511525723920838,0.0,0.0,0.0,1.0,0.0,0.0,0.0,0.0,0.0,0.0,0.0,0.0,0.0,-0.014,-0.02,0.012,1.0,-0.001,0.0,-0.003,0.004,-0.001,0.362,-0.1,0.0,0.2,0.0,0.0,0.36974789915966383,1.0,0.0,0.0,0.0,37.50018159098752,1.0,0.0740949619343888,149.97501678115148,159.76160573101677,0.5,0.002,0.0018,0.0062,0.0144
45,1763002627.5780754,-0.036004039980704075,0.011765320638023788,0.31075594610775253,-0.002070807519781331,-0.4174809443714793,0.04484431043337883,-0.09848304330855531,-0.0413103474709017,0.0,0.0,0.0,1.0,0.0,0.0,0.0,0.0,0.0,0.0,0.0,0.0,0.0,-0.014,-0.02,0.025,1.0,0.002,-0.001,-0.003,-0.004,-0.003,0.456,0.2,0.0,-0.0,0.0,0.0,0.37815126050420167,1.0,0.0,0.0,0.0,37.48700623088182,1.0,0.07421125787848447,149.96105741205028,159.76091543734532,0.5,0.0019,0.0018,0.0057,0.014
46,1763002627.600304,-0.0845072059531986,-0.03753792263294281,0.3044037570026056,-0.004438746663154802,-0.4886320637230158,-0.49185590064586354,-0.032446296440694036,-0.023886472185712854,0.0,0.0,0.0,1.0,0.0,0.0,0.0,0.0,0.0,0.0,0.0,0.0,0.0,-0.014,-0.02,0.042,1.0,0.008,0.006,-0.003,-0.003,0.0,0.437,0.5,0.4,0.0,0.0,0.0,0.38655462184873945,1.0,0.0,0.0,0.0,37.4685135644415,1.0,0.07541989289012943,149.88498175209122,159.75815951997188,0.5,0.0013,0.0013,0.0064,0.0042
47,1763002627.647234,-0.0345809372377319,-0.006466011952092225,0.3008539290220729,-0.0056345866521161254,0.49081196655934706,0.30696531454521153,-0.005057904105066444,-0.012402274555928718,0.0,0.0,0.0,1.0,0.0,0.0,0.0,0.0,0.0,0.0,0.0,0.0,0.0,-0.015,-0.021,0.055,1.0,0.003,0.006,-0.003,-0.012,-0.012,0.446,-0.2,-0.1,0.0,0.0,0.0,0.3949579831932773,1.0,0.0,0.0,0.0,37.449680037964555,1.0,0.07488244821450167,149.95271718155553,159.7607659954347,0.5,0.0017,0.0018,0.0058,0.0178
48,1763002627.6763086,-0.0012536068051616153,0.022248974594968773,0.30190290381325696,-0.010721957529264015,0.32981521060192964,0.28650326427540074,0.040575140814048165,-0.0514371674366905,0.0,0.0,0.0,1.0,0.0,0.0,0.0,0.0,0.0,0.0,0.0,0.0,0.0,-0.015,-0.021,0.067,1.0,0.001,0.002,-0.004,-0.011,-0.014,0.36,-0.2,-0.2,-0.1,0.0,0.0,0.40336134453781514,1.0,0.0,0.0,0.0,37.42044867428772,1.0,0.0744876915918561,150.02581384076277,159.7632969817379,0.5,0.0021,0.0057,0.0064,0.0087
49,1763002627.7075837,0.04547179677413737,0.02680685064978538,0.3054109284219077,-0.008538505239322954,0.46712867511247375,0.04780365800766294,0.06527053646783348,0.0207623271464842,0.0,0.0,0.0,1.0,0.0,0.0,0.0,0.0,0.0,0.0,0.0,0.0,0.0,-0.016,-0.022,0.075,1.0,-0.006,0.0,-0.004,-0.018,-0.015,0.278,-0.4,-0.1,-0.0,0.0,0.0,0.4117647058823529,1.0,0.0,0.0,0.0,37.38248769677075,1.0,0.07507563697961953,150.13598515717325,159.76772399168686,0.5,0.0015,0.0019,0.0077,0.0087
50,1763002627.7363086,0.03134267474524116,0.05012752453937387,0.3124739977483875,-0.008079167876555066,-0.13674404061154824,0.23588742396086343,0.10117178610698938,0.0037395231037465858,0.0,0.0,0.0,1.0,0.0,0.0,0.0,0.0,0.0,0.0,0.0,0.0,0.0,-0.016,-0.022,0.08,1.0,-0.008,-0.004,-0.004,-0.015,-0.019,0.137,-0.1,-0.2,0.0,0.0,0.0,0.42016806722689076,1.0,0.0,0.0,0.0,37.330003442627934,1.0,0.07626110926954091,150.08061720110368,159.76728329834066,0.5,0.0013,0.0013,0.0052,0.0082
51,1763002627.7784228,-0.0012746357429142402,0.014267361503225884,0.32069411631364153,-0.007690317302692842,-0.32303883740703,-0.3535888779075424,0.11344858542737948,0.0030805889509667433,0.0,0.0,0.0,1.0,0.0,0.0,0.0,0.0,0.0,0.0,0.0,0.0,0.0,-0.016,-0.023,0.08,1.0,-0.005,-0.001,-0.004,-0.014,-0.016,0.024,0.1,0.1,-0.0,0.0,0.0,0.42857142857142855,1.0,0.0,0.0,0.0,37.26639663831371,1.0,0.07589677980488807,150.12196396796134,159.76809791192517,0.5,0.0029,0.0049,0.0073,0.0097
52,1763002627.81029,0.005287905281067141,-0.0015411901173095245,0.32871206647583867,-0.007444936062744808,0.06549794666552236,-0.1566587800550315,0.11224891325333522,0.0016847806692110445,0.0,0.0,0.0,1.0,0.0,0.0,0.0,0.0,0.0,0.0,0.0,0.0,0.0,-0.017,-0.023,0.078,1.0,-0.005,0.001,-0.004,-0.013,-0.008,-0.063,0.0,0.1,-0.0,0.0,0.0,0.4369747899159664,1.0,0.0,0.0,0.0,37.19449360110106,1.0,0.07594562580036886,150.14999719752493,159.76878017435894,0.5,0.0019,0.0018,0.0064,0.0133
53,1763002627.8477242,-0.011608741667224313,-0.04947927931667696,0.3375710167250621,-0.007170865374210054,-0.16843767895480782,-0.47953501100540524,0.12146070913981817,0.0019962132790730704,0.0,0.0,0.0,1.0,0.0,0.0,0.0,0.0,0.0,0.0,0.0,0.0,0.0,-0.018,-0.023,0.073,1.0,-0.003,0.007,-0.004,-0.023,-0.01,-0.169,0.1,0.4,-0.0,0.0,0.0,0.4453781512605042,1.0,0.0,0.0,0.0,37.11216154202078,1.0,0.07624327815344754,150.2446578994594,159.77091996331237,0.5,0.0021,0.0069,0.0069,0.0119
54,1763002627.877263,-0.020326399467956547,-0.03801748067244727,0.3440238147447051,-0.006977270444506947,-0.08833745217404476,0.10967005851062922,0.09828508186893602,0.0012188627596100583,0.0,0.0,0.0,1.0,0.0,0.0,0.0,0.0,0.0,0.0,0.0,0.0,0.0,-0.018,-0.024,0.069,1.0,-0.002,0.008,-0.004,-0.012,-0.017,-0.196,0.1,0.1,-0.0,0.0,0.0,0.453781512605042,1.0,0.0,0.0,0.0,37.02768548111878,1.0,0.07711253405845202,150.22316158614356,159.77024355122143,0.5,0.002,0.0017,0.006,0.0139
55,1763002627.9077897,-0.06502780497923928,-0.05080990660266459,0.3536372304270614,-0.006909631204611088,-0.449046695059623,-0.1317260073694178,0.13053653829803372,-2.1334645492093393e-05,0.0,0.0,0.0,1.0,0.0,0.0,0.0,0.0,0.0,0.0,0.0,0.0,0.0,-0.018,-0.025,0.055,1.0,0.003,0.009,-0.004,-0.011,-0.027,-0.326,0.3,0.2,0.0,0.0,0.0,0.4621848739495798,1.0,0.0,0.0,0.0,36.929233537613925,1.0,0.07903312221486077,150.08871371820314,159.7677886542038,0.5,0.0012,0.0029,0.0075,0.0093
56,1763002627.9387834,-0.015108805556827393,-0.0004591135033342117,0.3592704309628897,-0.005767947108372093,0.49268721372619495,0.49842694033303725,0.0916957284009893,0.010725877841928834,0.0,0.0,0.0,1.0,0.0,0.0,0.0,0.0,0.0,0.0,0.0,0.0,0.0,-0.018,-0.026,0.044,1.0,0.001,0.002,-0.004,-0.004,-0.019,-0.296,-0.3,-0.5,-0.0,0.0,0.0,0.47058823529411764,1.0,0.0,0.0,0.0,36.833717442210364,1.0,0.07559845765956674,150.46563266152518,159.77853177752826,0.5,0.002,0.0019,0.0058,0.0087
57,1763002627.9726748,0.030970975001845813,0.0038911373316865908,0.3648686726961372,-0.005748824618570674,0.4592869250310493,0.043456596999874586,0.09190946042876391,-0.0003855698128230334,0.0,0.0,0.0,1.0,0.0,0.0,0.0,0.0,0.0,0.0,0.0,0.0,0.0,-0.019,-0.026,0.035,1.0,-0.005,0.002,-0.004,-0.01,-0.024,-0.341,-0.3,-0.0,0.0,0.0,0.0,0.4789915966386554,1.0,0.0,0.0,0.0,36.73260138773768,1.0,0.07530120038971784,150.56056517391758,159.78136278112433,0.5,0.0014,0.0014,0.0084,0.0081
58,1763002628.009131,-0.00045087312977607624,0.046448583419001266,0.36928834098458235,-0.006917838698934401,-0.31112138381603427,0.42596357460631534,0.08068355015406557,-0.012265023265494323,0.0,0.0,0.0,1.0,0.0,0.0,0.0,0.0,0.0,0.0,0.0,0.0,0.0,-0.019,-0.027,0.023,1.0,-0.004,-0.004,-0.004,-0.007,-0.03,-0.332,0.0,-0.2,0.0,0.0,0.0,0.48739495798319327,1.0,0.0,0.0,0.0,36.63155285219511,1.0,0.07559196814031716,150.6062871989386,159.78286329056647,0.5,0.002,0.002,0.0064,0.0114
59,1763002628.0462184,-0.00047073551791543614,0.010052782566635096,0.3711388651258641,-0.006092036384014717,-0.00024371119437116562,-0.3593131501817616,0.05543407551127551,0.007566239279303406,0.0,0.0,0.0,1.0,0.0,0.0,0.0,0.0,0.0,0.0,0.0,0.0,0.0,-0.019,-0.028,0.015,1.0,-0.005,-0.001,-0.003,-0.011,-0.024,-0.28,-0.0,0.1,0.0,0.0,0.0,0.49579831932773105,1.0,0.0,0.0,0.0,36.53486766423187,1.0,0.07523706938606277,150.63853010554078,159.78372804646907,0.5,0.002,0.002,0.0069,0.0135
60,1763002628.077911,-0.049787881072325194,-0.03985554675689072,0.3717162831906223,-0.00014706093318109324,-0.49321852909588915,-0.49807801497859466,0.042888067160169074,0.05884055086993477,0.0,0.0,0.0,1.0,0.0,0.0,0.0,0.0,0.0,0.0,0.0,0.0,0.0,-0.02,-0.029,0.007,1.0,0.0,0.007,-0.002,-0.013,-0.031,-0.226,0.4,0.6,0.1,0.0,0.0,0.5042016806722689,1.0,0.0,0.0,0.0,36.44246156186381,1.0,0.07308277691977312,150.76502162315737,159.78618497267752,0.5,0.002,0.0019,0.012,0.0085
61,1763002628.1073217,-0.009351844682240248,0.007190673933643289,0.36806971501206115,-0.001286686687059588,0.3993815757936169,0.466476652229651,0.000705946533451185,-0.011410963632103047,0.0,0.0,0.0,1.0,0.0,0.0,0.0,0.0,0.0,0.0,0.0,0.0,0.0,-0.02,-0.03,0.005,1.0,-0.002,0.003,-0.001,0.001,-0.025,-0.084,-0.1,-0.2,0.0,0.0,0.0,0.5126050420168067,1.0,0.0,0.0,0.0,36.36402800863304,1.0,0.072354565119299,150.8412278951108,159.7882935796976,0.5,0.002,0.0021,0.0068,0.0082
62,1763002628.1391785,0.0063643117383165755,0.05119198531978788,0.3630752949701007,-0.0026385418538290967,0.1562263797373442,0.4407321812548103,-0.013137228918397886,-0.013647220336401046,0.0,0.0,0.0,1.0,0.0,0.0,0.0,0.0,0.0,0.0,0.0,0.0,0.0,-0.019,-0.031,0.006,1.0,-0.005,-0.004,-0.002,0.01,-0.028,0.032,-0.1,-0.3,-0.0,0.0,0.0,0.5210084033613445,1.0,0.0,0.0,0.0,36.296237306327804,1.0,0.0724409371623939,150.8879928253792,159.7902355157232,0.5,0.0021,0.0019,0.0062,0.0086
63,1763002628.1763537,0.03471633294218396,0.0423994306253263,0.3581296845944634,-0.0029142122877521106,0.2841566432125055,-0.08280634841263701,-0.01314857425936218,-0.0030205585246130496,0.0,0.0,0.0,1.0,0.0,0.0,0.0,0.0,0.0,0.0,0.0,0.0,0.0,-0.019,-0.031,0.01,1.0,-0.009,-0.006,-0.002,0.014,-0.024,0.119,-0.2,-0.1,-0.0,0.0,0.0,0.5294117647058824,1.0,0.0,0.0,0.0,36.23574350648448,1.0,0.07369890190579315,150.8646316836814,159.7899155485509,0.5,0.0065,0.0014,0.0064,0.0087
64,1763002628.2097962,0.004283219349807292,0.007001371773417933,0.3533218036976669,-0.003113221934925168,-0.3008595026295482,-0.34974064545655104,-0.012265840508519102,-0.0022815177005057873,0.0,0.0,0.0,1.0,0.0,0.0,0.0,0.0,0.0,0.0,0.0,0.0,0.0,-0.018,-0.032,0.016,1.0,-0.007,-0.003,-0.002,0.023,-0.012,0.2,0.1,0.1,-0.0,0.0,0.0,0.5378151260504201,1.0,0.0,0.0,0.0,36.181897078634854,1.0,0.07322511824382613,150.91691297833503,159.79102560121493,0.5,0.0013,0.0015,0.0064,0.0139
65,1763002628.2493315,-0.03292922649243315,-0.04249973042132492,0.3478503442744109,-0.008459436199965649,-0.37169613648742367,-0.4943108847700867,-0.019382413862793352,-0.05377346484389733,0.0,0.0,0.0,1.0,0.0,0.0,0.0,0.0,0.0,0.0,0.0,0.0,0.0,-0.018,-0.032,0.027,1.0,-0.003,0.003,-0.003,0.013,0.002,0.289,0.3,0.5,-0.1,0.0,0.0,0.5462184873949579,1.0,0.0,0.0,0.0,36.1357957330485,1.0,0.07229092525235067,151.1391233167942,159.79608249017807,0.5,0.0019,0.0043,0.0141,0.0091
66,1763002628.2818785,-0.012323661487590135,-0.04105405330033204,0.34333006331088706,-0.006970791728844043,0.2027627273991868,0.010206798167796294,-0.010417775207796812,0.014040501091219505,0.0,0.0,0.0,1.0,0.0,0.0,0.0,0.0,0.0,0.0,0.0,0.0,0.0,-0.017,-0.032,0.037,1.0,-0.002,0.007,-0.003,0.016,-0.006,0.342,-0.0,0.1,-0.0,0.0,0.0,0.5546218487394958,1.0,0.0,0.0,0.0,36.09365079867829,1.0,0.07320584826376898,151.1302228271907,159.79579185074513,0.5,0.0021,0.0045,0.0082,0.0113
67,1763002628.309562,-0.02464600779736196,-0.01587954223011031,0.34155933256408066,-0.006013334606751779,-0.12445582924647722,0.24763970537218402,0.016625698863024785,0.008877492048038237,0.0,0.0,0.0,1.0,0.0,0.0,0.0,0.0,0.0,0.0,0.0,0.0,0.0,-0.017,-0.032,0.042,1.0,-0.001,0.006,-0.003,0.016,-0.01,0.343,0.1,-0.1,0.0,0.0,0.0,0.5630252100840336,1.0,0.0,0.0,0.0,36.049963365488026,1.0,0.07315136860996836,151.1383572386219,159.79619911697242,0.5,0.0022,0.0021,0.008,0.0102
68,1763002628.3419552,0.022005306915645194,-0.007004441732670629,0.3400192718365144,-0.005524440038480063,0.4640485463503353,0.0871630507513857,0.0187553259807456,0.004287612222041992,0.0,0.0,0.0,1.0,0.0,0.0,0.0,0.0,0.0,0.0,0.0,0.0,0.0,-0.016,-0.033,0.061,1.0,-0.007,0.002,-0.003,0.01,-0.013,0.348,-0.2,-0.0,0.0,0.0,0.0,0.5714285714285714,1.0,0.0,0.0,0.0,36.0060124556884,1.0,0.0728962899329949,151.19169884701753,159.79703448946265,0.5,0.0013,0.0014,0.0096,0.0093
69,1763002628.378018,0.015955415276697898,-0.024768668046847384,0.3409443328457877,-0.004249926617402103,-0.058298385697908406,-0.1783427073150346,0.04325253727638505,0.012192690206931612,0.0,0.0,0.0,1.0,0.0,0.0,0.0,0.0,0.0,0.0,0.0,0.0,0.0,-0.016,-0.033,0.07,1.0,-0.008,0.004,-0.002,0.015,-0.009,0.306,-0.0,0.1,0.0,0.0,0.0,0.5798319327731092,1.0,0.0,0.0,0.0,35.95703416441354,1.0,0.07309651327358,151.16863237941033,159.79675969535222,0.5,0.002,0.0017,0.0085,0.0114
70,1763002628.4080243,0.008813026713411401,-0.022356744841222242,0.3434114227771894,-0.0038118270095016285,-0.06982834410519517,0.021642365251566684,0.05876533259859565,0.003956003417264537,0.0,0.0,0.0,1.0,0.0,0.0,0.0,0.0,0.0,0.0,0.0,0.0,0.0,-0.015,-0.034,0.079,1.0,-0.007,0.003,-0.002,0.008,-0.016,0.255,0.0,0.1,0.0,0.0,0.0,0.5882352941176471,1.0,0.0,0.0,0.0,35.902727473307365,1.0,0.07353698377020218,151.1184766537313,159.7960966265707,0.5,0.0021,0.0018,0.0082,0.0088
71,1763002628.4392827,0.008824342830525727,-0.03038206963939116,0.3465076060798962,-0.0036119150031678343,0.0009944638424844148,-0.08248892246581138,0.06530297530478739,0.001617937362387775,0.0,0.0,0.0,1.0,0.0,0.0,0.0,0.0,0.0,0.0,0.0,0.0,0.0,-0.015,-0.034,0.085,1.0,-0.007,0.005,-0.002,0.013,-0.013,0.215,-0.0,0.1,-0.0,0.0,0.0,0.5966386554621849,1.0,0.0,0.0,0.0,35.844534671369225,1.0,0.07390764903642971,151.06142250657211,159.79543679759752,0.5,0.0014,0.0021,0.0067,0.0088
72,1763002628.4730637,0.0035818968548604908,-0.029290231900335514,0.3503670512531566,-0.007471036485801132,-0.05154202547359978,0.007880170426617344,0.07324521234059332,-0.03895240632664976,0.0,0.0,0.0,1.0,0.0,0.0,0.0,0.0,0.0,0.0,0.0,0.0,0.0,-0.014,-0.035,0.091,1.0,-0.006,0.004,-0.002,0.014,-0.018,0.163,0.0,0.1,-0.1,0.0,0.0,0.6050420168067226,1.0,0.0,0.0,0.0,35.78142040170409,1.0,0.0743868777866651,150.9700869583148,159.79428503576835,0.5,0.0013,0.0018,0.0094,0.007
73,1763002628.5281034,-0.002062307727677919,0.0008145539509016551,0.3544940108840677,-0.006285071238798275,-0.056083856139898025,0.2981188353223381,0.07630630143442685,0.011112548821448447,0.0,0.0,0.0,1.0,0.0,0.0,0.0,0.0,0.0,0.0,0.0,0.0,0.0,-0.014,-0.035,0.094,1.0,-0.004,0.003,-0.003,-0.001,-0.011,0.12,0.0,-0.1,0.0,0.0,0.0,0.6134453781512604,1.0,0.0,0.0,0.0,35.71435820000851,1.0,0.07433662077019065,150.99937282497817,159.79475554153228,0.5,0.0016,0.0018,0.0341,0.0036
74,1763002628.5403368,-0.0027233082890878234,0.0061346562437034815,0.357459209980704,-0.005690788520227047,-0.00681623638686683,0.053282478323108395,0.06510139205476988,0.005314320061832455,0.0,0.0,0.0,1.0,0.0,0.0,0.0,0.0,0.0,0.0,0.0,0.0,0.0,-0.014,-0.035,0.094,1.0,-0.004,0.003,-0.003,-0.001,-0.011,0.12,0.0,-0.1,0.0,0.0,0.0,0.6218487394957983,1.0,0.0,0.0,0.0,35.64762479847749,1.0,0.0744792793720087,151.03107113460507,159.79528718066965,0.5,0.0007,0.0008,0.0047,0.0056
75,1763002628.5669694,-0.0056227458694639385,-0.02029283374430061,0.3641002865691663,0.0006640228339068414,-0.029266706632669934,-0.2636614342556705,0.10215668688269308,0.06297903468931618,0.0,0.0,0.0,1.0,0.0,0.0,0.0,0.0,0.0,0.0,0.0,0.0,0.0,-0.014,-0.036,0.096,1.0,-0.004,0.004,-0.001,0.004,-0.018,-0.003,-0.0,0.1,0.1,0.0,0.0,0.6302521008403361,1.0,0.0,0.0,0.0,35.568712173187876,1.0,0.07410858002874725,151.035119471023,159.79502676150423,0.5,0.0008,0.001,0.0072,0.0045
76,1763002628.5977263,-0.01221334215761616,0.029750107307992886,0.3692448392823184,0.004295335691016538,-0.0664682374684686,0.4984001271485049,0.08785555578843722,0.03637953085448767,0.0,0.0,0.0,1.0,0.0,0.0,0.0,0.0,0.0,0.0,0.0,0.0,0.0,-0.014,-0.037,0.095,1.0,-0.003,-0.007,0.0,0.012,-0.026,-0.023,0.0,-0.6,0.1,0.0,0.0,0.6386554621848739,1.0,0.0,0.0,0.0,35.48834222882074,1.0,0.0741095618748022,151.23375073229292,159.79797298904793,0.5,0.0015,0.0014,0.0043,0.0039
77,1763002628.6382043,-0.01318838985247284,-0.014250673929047289,0.37357222756959285,-0.0030493322641770015,-0.01097181116432843,-0.4370328016396023,0.08019836680097625,-0.07301714598283374,0.0,0.0,0.0,1.0,0.0,0.0,0.0,0.0,0.0,0.0,0.0,0.0,0.0,-0.014,-0.038,0.093,1.0,-0.003,0.002,-0.001,-0.007,-0.024,-0.047,-0.0,0.2,-0.1,0.0,0.0,0.6470588235294117,1.0,0.0,0.0,0.0,35.40568812332535,1.0,0.07289006013285307,151.26506615745177,159.79867630257928,0.5,0.0013,0.0014,0.0066,0.0089
78,1763002628.6734443,-0.040462671829516315,-0.06392964305990961,0.37875432576281776,-0.002136759333562365,-0.274061658755682,-0.49821475870152804,0.08917820468920831,0.008820796079728667,0.0,0.0,0.0,1.0,0.0,0.0,0.0,0.0,0.0,0.0,0.0,0.0,0.0,-0.014,-0.039,0.09,1.0,0.001,0.014,-0.001,-0.015,-0.03,-0.098,0.1,0.7,-0.0,0.0,0.0,0.6554621848739496,1.0,0.0,0.0,0.0,35.317919998314586,1.0,0.07289695069152234,151.16284228157323,159.79862124498976,0.5,0.002,0.0018,0.0092,0.007
79,1763002628.709986,0.009350462093038296,-0.03473756987418575,0.38268686815035136,-0.0040633109873170845,0.4940850720425944,0.2855277675512477,0.07720085645161757,-0.01947919247090343,0.0,0.0,0.0,1.0,0.0,0.0,0.0,0.0,0.0,0.0,0.0,0.0,0.0,-0.015,-0.039,0.087,1.0,-0.007,0.009,-0.001,-0.009,-0.019,-0.103,-0.3,-0.0,0.0,0.0,0.0,0.6638655462184874,1.0,0.0,0.0,0.0,35.22956509137869,1.0,0.07219541683138964,151.24806034443762,159.79922342128754,0.5,0.0019,0.002,0.0076,0.0117
80,1763002628.743741,-0.0031298975404711535,0.01546744799482997,0.38537298421629684,-0.004098035326780316,-0.12386855012579057,0.49857642170273864,0.06512984747449037,-0.0007535744933640271,0.0,0.0,0.0,1.0,0.0,0.0,0.0,0.0,0.0,0.0,0.0,0.0,0.0,-0.015,-0.04,0.084,1.0,-0.005,0.001,-0.001,-0.002,-0.025,-0.083,-0.0,-0.5,-0.0,0.0,0.0,0.6722689075630252,1.0,0.0,0.0,0.0,35.14284063565961,1.0,0.07003863109088346,151.56687722419267,159.80774054128995,0.5,0.002,0.0091,0.0088,0.0038
81,1763002628.775281,0.018234009382724438,0.04960047516829012,0.3876819596956334,-0.0024147114843198407,0.2133260794779088,0.3428770165340846,0.06162705321499565,0.01642343489192672,0.0,0.0,0.0,1.0,0.0,0.0,0.0,0.0,0.0,0.0,0.0,0.0,0.0,-0.015,-0.041,0.081,1.0,-0.008,-0.004,-0.001,-0.019,-0.017,-0.081,-0.1,-0.2,-0.0,0.0,0.0,0.680672268907563,1.0,0.0,0.0,0.0,35.055712206917526,1.0,0.07090162390109468,151.63312700516423,159.80991681777945,0.5,0.0019,0.002,0.0075,0.0104
82,1763002628.8063335,0.02592189326408368,0.004204946329163385,0.3906398061493025,-0.0018253529463913944,0.07870223975186486,-0.4489952408744383,0.06834666050625494,0.005652114230852484,0.0,0.0,0.0,1.0,0.0,0.0,0.0,0.0,0.0,0.0,0.0,0.0,0.0,-0.016,-0.042,0.078,1.0,-0.01,-0.001,-0.001,-0.021,-0.025,-0.096,-0.1,0.2,-0.0,0.0,0.0,0.6890756302521008,1.0,0.0,0.0,0.0,34.96635992532448,1.0,0.07,151.68755203841602,159.8113951071637,0.5,0.002,0.0019,0.0084,0.0071
83,1763002628.845919,-0.006280602443806738,-0.01281042893257148,0.39160191699015245,-0.007471999039362462,-0.31943276775249574,-0.1697332579844323,0.04868508902343034,-0.0566489962243498,0.0,0.0,0.0,1.0,0.0,0.0,0.0,0.0,0.0,0.0,0.0,0.0,0.0,-0.016,-0.042,0.076,1.0,-0.006,0.004,-0.003,-0.018,-0.02,-0.048,0.1,0.1,-0.1,0.0,0.0,0.6974789915966386,1.0,0.0,0.0,0.0,34.88114933442959,1.0,0.07,151.7250215180211,159.8121056265386,0.5,0.0021,0.0042,0.0075,0.0115
84,1763002628.877406,0.0018052324032151422,0.036992033422164186,0.3928390619016907,0.0007549586985591073,0.08023028822583811,0.4967435806540995,0.05153164081439732,0.08152237747527943,0.0,0.0,0.0,1.0,0.0,0.0,0.0,0.0,0.0,0.0,0.0,0.0,0.0,-0.017,-0.043,0.075,1.0,-0.007,-0.005,0.0,-0.021,-0.019,-0.039,0.0,-0.4,0.1,0.0,0.0,0.7058823529411764,1.0,0.0,0.0,0.0,34.79590319905533,1.0,0.07,151.7537900803359,159.81112221764144,0.5,0.0012,0.0017,0.0114,0.0095
85,1763002628.9080682,-0.017277817098265185,0.0010455668097644824,0.3938609565044335,-0.0007609327455430047,-0.19064997177448176,-0.3557654627817806,0.049502852217595955,-0.015083418571165214,0.0,0.0,0.0,1.0,0.0,0.0,0.0,0.0,0.0,0.0,0.0,0.0,0.0,-0.018,-0.043,0.074,1.0,-0.004,0.0,-0.001,-0.029,-0.016,-0.026,0.1,0.2,-0.0,0.0,0.0,0.7142857142857143,1.0,0.0,0.0,0.0,34.71106744618674,1.0,0.07,151.8380030495825,159.81321729662105,0.5,0.002,0.0019,0.007,0.0103
86,1763002628.9454556,-0.014456437860065292,-0.0005006504813280556,0.3936779935430147,-0.001390260762539003,0.026486010672172426,-0.015357616229948967,0.03755646603625515,-0.006369373444514283,0.0,0.0,0.0,1.0,0.0,0.0,0.0,0.0,0.0,0.0,0.0,0.0,0.0,-0.019,-0.044,0.075,1.0,-0.003,0.002,-0.001,-0.031,-0.019,0.021,-0.0,0.1,0.0,0.0,0.0,0.7226890756302521,1.0,0.0,0.0,0.0,34.63011235194092,1.0,0.07002587927802302,151.85997470100514,159.81385200897006,0.5,0.0019,0.0017,0.0113,0.0103
87,1763002628.9672465,0.03274343115794593,0.02888274696463363,0.39287182999329767,-0.005636507499873222,0.47055304639410567,0.2937839094114841,0.03130616385713149,-0.04260149344959608,0.0,0.0,0.0,1.0,0.0,0.0,0.0,0.0,0.0,0.0,0.0,0.0,0.0,-0.02,-0.045,0.077,1.0,-0.008,0.0,-0.001,-0.032,-0.018,0.063,-0.3,-0.1,-0.1,0.0,0.0,0.7310924369747899,1.0,0.0,0.0,0.0,34.55236483795625,1.0,0.07,151.9131290700678,159.81377282035757,0.5,0.0018,0.002,0.0061,0.0039
88,1763002629.0036185,-0.01261504598423608,0.030347121090869258,0.39281226843003575,-0.004658337344688924,-0.45031042830602547,0.01753201595881962,0.03869156736671073,0.009218050801855653,0.0,0.0,0.0,1.0,0.0,0.0,0.0,0.0,0.0,0.0,0.0,0.0,0.0,-0.021,-0.046,0.079,1.0,-0.005,0.0,-0.002,-0.023,-0.031,0.074,0.1,-0.1,-0.0,0.0,0.0,0.7394957983193277,1.0,0.0,0.0,0.0,34.47474446381428,1.0,0.07016083260701361,151.87148877060582,159.81297866855644,0.5,0.0013,0.0014,0.0089,0.0053
89,1763002629.0444224,-0.0207024570309689,0.013875748540567823,0.3926274358551062,0.0007816961810650997,-0.08213561506575187,-0.16167901339392737,0.0374329010937077,0.05393450152307133,0.0,0.0,0.0,1.0,0.0,0.0,0.0,0.0,0.0,0.0,0.0,0.0,0.0,-0.022,-0.046,0.082,1.0,-0.004,-0.001,-0.001,-0.025,-0.016,0.096,0.1,0.1,0.1,0.0,0.0,0.7478991596638656,1.0,0.0,0.0,0.0,34.39854748151019,1.0,0.07006514999080488,151.90844018490847,159.81377828758252,0.5,0.0014,0.0018,0.0069,0.0143
90,1763002629.071487,-0.009928051070389148,-0.03603870072538773,0.3918090215940743,-0.004704513099805171,0.10567381390270066,-0.4977569178054988,0.031078600975192702,-0.05478392319059618,0.0,0.0,0.0,1.0,0.0,0.0,0.0,0.0,0.0,0.0,0.0,0.0,0.0,-0.023,-0.047,0.086,1.0,-0.001,0.009,-0.001,-0.046,-0.01,0.132,-0.1,0.6,-0.1,0.0,0.0,0.7563025210084033,1.0,0.0,0.0,0.0,34.32521949623837,1.0,0.07,152.2127899806711,159.81802810895627,0.5,0.0021,0.0033,0.0083,0.0041
91,1763002629.1091068,0.038567101414851264,0.007363107045127673,0.3902607855092772,-0.0033547061051249247,0.4839587197453652,0.4304142076326153,0.023698541311435506,0.013027618636821944,0.0,0.0,0.0,1.0,0.0,0.0,0.0,0.0,0.0,0.0,0.0,0.0,0.0,-0.024,-0.047,0.091,1.0,-0.008,0.005,-0.0,-0.04,-0.01,0.176,-0.4,-0.1,0.0,0.0,0.0,0.7647058823529411,1.0,0.0,0.0,0.0,34.25549772455122,1.0,0.07,152.32835555860814,159.8188835528894,0.5,0.002,0.0023,0.0072,0.0108
92,1763002629.1403785,0.022759242097791118,0.004069016117667398,0.3897264732877034,-0.002414100029123756,-0.15422188302911632,-0.03220459857008995,0.03368295633519004,0.009070590149499194,0.0,0.0,0.0,1.0,0.0,0.0,0.0,0.0,0.0,0.0,0.0,0.0,0.0,-0.025,-0.047,0.097,1.0,-0.008,0.005,-0.001,-0.034,-0.015,0.18,-0.1,-0.0,-0.0,0.0,0.0,0.7731092436974789,1.0,0.0,0.0,0.0,34.18554557052302,1.0,0.07102494872610575,152.28808797789952,159.81735479076391,0.5,0.0014,0.0013,0.0094,0.0082
93,1763002629.1760893,-0.011382171122521826,0.023528669719083437,0.38999042326378497,-0.002094177955262424,-0.33913820799335037,0.19500343762592712,0.041612147089586854,0.0029578107357009506,0.0,0.0,0.0,1.0,0.0,0.0,0.0,0.0,0.0,0.0,0.0,0.0,0.0,-0.026,-0.048,0.103,1.0,-0.005,0.002,-0.001,-0.029,-0.016,0.175,0.1,-0.1,-0.0,0.0,0.0,0.7815126050420168,1.0,0.0,0.0,0.0,34.11472502264719,1.0,0.07056251111131089,152.31110629714902,159.81812278560471,0.5,0.0021,0.0019,0.0073,0.0114
94,1763002629.210572,-0.024305939300237975,-0.007670764522854388,0.38949524633746074,-0.002026042419258799,-0.13037589888941364,-0.3096414754474699,0.03404727306313664,0.0004719375645100051,0.0,0.0,0.0,1.0,0.0,0.0,0.0,0.0,0.0,0.0,0.0,0.0,0.0,-0.028,-0.048,0.109,1.0,-0.003,0.004,-0.001,-0.038,-0.014,0.199,0.1,0.2,-0.0,0.0,0.0,0.7899159663865546,1.0,0.0,0.0,0.0,34.04603535062974,1.0,0.0701910024497216,152.38387116525666,159.81906584159933,0.5,0.0039,0.002,0.0077,0.0101
95,1763002629.242506,-0.04159986578772966,-0.008275432776787887,0.3873733619946121,-0.001815853571161708,-0.1753698588049406,-0.006813758991620428,0.017730681205259696,0.0018992842390450288,0.0,0.0,0.0,1.0,0.0,0.0,0.0,0.0,0.0,0.0,0.0,0.0,0.0,-0.029,-0.049,0.115,1.0,-0.002,0.005,-0.001,-0.031,-0.016,0.26,0.2,0.1,-0.0,0.0,0.0,0.7983193277310924,1.0,0.0,0.0,0.0,33.982928888669115,1.0,0.07161250112782877,152.34304204319244,159.81901025730795,0.5,0.0022,0.0018,0.0074,0.011
96,1763002629.278588,-0.06953102644112918,-0.05601343250264254,0.38866612983697274,-0.00285788193385754,-0.2834715931127681,-0.4782075405362254,0.051665014623067745,-0.010601868984074489,0.0,0.0,0.0,1.0,0.0,0.0,0.0,0.0,0.0,0.0,0.0,0.0,0.0,-0.03,-0.049,0.122,1.0,0.002,0.011,-0.002,-0.034,-0.016,0.197,0.3,0.4,-0.0,0.0,0.0,0.8067226890756303,1.0,0.0,0.0,0.0,33.91364353666747,1.0,0.076032265913489,152.10005615006747,159.81498766120646,0.5,0.0014,0.0014,0.0118,0.0105
97,1763002629.301082,-0.021455812812250376,-0.006494874265374664,0.3892300902683858,-0.007464567523337937,0.4737990336446751,0.48958423912241444,0.04450621729782739,-0.04635264408818972,0.0,0.0,0.0,1.0,0.0,0.0,0.0,0.0,0.0,0.0,0.0,0.0,0.0,-0.031,-0.05,0.128,1.0,0.0,0.007,-0.002,-0.032,-0.025,0.208,-0.2,-0.2,-0.1,0.0,0.0,0.8151260504201681,1.0,0.0,0.0,0.0,33.8456021924989,1.0,0.07335538279493833,152.29991289311812,159.82161998315857,0.5,0.0014,0.0014,0.0055,0.0061
98,1763002629.3387263,0.023991807297221147,0.035508857425647,0.39013502455431043,9.700353546717583e-06,0.45233061981349015,0.4193878294836792,0.047972351886085327,0.07399622201651275,0.0,0.0,0.0,1.0,0.0,0.0,0.0,0.0,0.0,0.0,0.0,0.0,0.0,-0.032,-0.051,0.135,1.0,-0.006,0.002,-0.001,-0.028,-0.02,0.192,-0.3,-0.2,0.1,0.0,0.0,0.8235294117647058,1.0,0.0,0.0,0.0,33.77636171042699,1.0,0.07202024531564336,152.5949035104059,159.8298426330087,0.5,0.0013,0.0013,0.0079,0.0082
99,1763002629.3751233,0.03757574203291109,0.04893812681074579,0.3903139435821431,0.003994389615985711,0.13823852808662157,0.13784357959355265,0.04080269273375778,0.039847862659744604,0.0,0.0,0.0,1.0,0.0,0.0,0.0,0.0,0.0,0.0,0.0,0.0,0.0,-0.033,-0.051,0.142,1.0,-0.01,0.0,0.0,-0.028,-0.014,0.202,-0.2,-0.2,0.1,0.0,0.0,0.8319327731092436,1.0,0.0,0.0,0.0,33.70849037552898,1.0,0.07504098560842769,152.6174165991258,159.83192134146861,0.5,0.002,0.0017,0.0096,0.0083
100,1763002629.413,-0.004378814238539468,0.02438243117912285,0.39152784495867454,-0.0034865921606577806,-0.41578798851121446,-0.24066314363515473,0.051170408123528036,-0.07441037880483634,0.0,0.0,0.0,1.0,0.0,0.0,0.0,0.0,0.0,0.0,0.0,0.0,0.0,-0.033,-0.052,0.148,1.0,-0.007,0.001,-0.001,-0.024,-0.015,0.176,0.1,-0.0,-0.1,0.0,0.0,0.8403361344537815,1.0,0.0,0.0,0.0,33.63860374698666,1.0,0.07479551654109076,152.59889490656175,159.83101443507724,0.5,0.0014,0.0014,0.0077,0.0157
101,1763002629.4411497,0.011824382405233737,0.022162725731153844,0.39196711832038755,0.0014833918037570337,0.16159408501387806,-0.019758811361777706,0.043545518112997963,0.04935118042808236,0.0,0.0,0.0,1.0,0.0,0.0,0.0,0.0,0.0,0.0,0.0,0.0,0.0,-0.034,-0.052,0.153,1.0,-0.007,0.001,-0.001,-0.028,-0.013,0.185,-0.1,0.0,0.1,0.0,0.0,0.8487394957983193,1.0,0.0,0.0,0.0,33.57008365530726,1.0,0.07553945067150449,152.56766796777083,159.83032635389142,0.5,0.002,0.0019,0.008,0.0092
102,1763002629.4725225,-0.0019365517395386542,0.0034561523032491485,0.3925703246454746,-0.00030230106859009545,-0.1364269032072005,-0.18484946170593153,0.04522877508290876,-0.01770858954309559,0.0,0.0,0.0,1.0,0.0,0.0,0.0,0.0,0.0,0.0,0.0,0.0,0.0,-0.035,-0.052,0.159,1.0,-0.005,0.003,-0.001,-0.027,-0.007,0.176,0.0,0.1,0.0,0.0,0.0,0.8571428571428571,1.0,0.0,0.0,0.0,33.50125843300581,1.0,0.07543130235143368,152.60147338732656,159.83080821481354,0.5,0.0014,0.0013,0.0072,0.0092
103,1763002629.5123591,-0.019787571961961205,-0.021824630466255504,0.3932354321407555,-0.0011101423656434608,-0.1787038573981794,-0.2524622124647216,0.04590810741735728,-0.00810864307739266,0.0,0.0,0.0,1.0,0.0,0.0,0.0,0.0,0.0,0.0,0.0,0.0,0.0,-0.036,-0.053,0.165,1.0,-0.004,0.006,-0.001,-0.025,-0.008,0.168,0.1,0.2,-0.0,0.0,0.0,0.8655462184873949,1.0,0.0,0.0,0.0,33.43231322496002,1.0,0.07540412676517633,152.69236411157308,159.83214500865006,0.5,0.0022,0.0018,0.0118,0.0095
104,1763002629.5472765,-0.00931772237019164,-0.018242112327321716,0.39368146909432816,-0.0015551722969816765,0.10271973872149955,0.03364271834271232,0.04378391274980127,-0.004561313549946504,0.0,0.0,0.0,1.0,0.0,0.0,0.0,0.0,0.0,0.0,0.0,0.0,0.0,-0.037,-0.053,0.17,1.0,-0.005,0.007,-0.001,-0.023,-0.013,0.167,-0.0,0.1,0.0,0.0,0.0,0.8739495798319328,1.0,0.0,0.0,0.0,33.36391036696393,1.0,0.07612630576319498,152.69549963756253,159.83227701996086,0.5,0.0019,0.0018,0.0073,0.0152
105,1763002629.5802462,0.030759064965798298,0.008916147364086482,0.39353840899764697,-0.0018332161785595013,0.3998361011228802,0.2697583856813498,0.037937545942620554,-0.0029359560454764134,0.0,0.0,0.0,1.0,0.0,0.0,0.0,0.0,0.0,0.0,0.0,0.0,0.0,-0.037,-0.053,0.177,1.0,-0.009,0.005,-0.001,-0.013,-0.009,0.174,-0.2,-0.1,0.0,0.0,0.0,0.8823529411764706,1.0,0.0,0.0,0.0,33.29678985752942,1.0,0.0752820049432941,152.75661608131298,159.83261536564848,0.5,0.0018,0.0019,0.014,0.0089
106,1763002629.6125576,0.025841238532167708,-0.012057345549854999,0.3943564892828646,0.0035312833159048527,-0.04610235783972605,-0.20884331440300619,0.04753464375194112,0.05346167332678759,0.0,0.0,0.0,1.0,0.0,0.0,0.0,0.0,0.0,0.0,0.0,0.0,0.0,-0.037,-0.054,0.179,1.0,-0.009,0.006,-0.0,-0.016,-0.007,0.157,-0.1,0.1,0.1,0.0,0.0,0.8907563025210083,1.0,0.0,0.0,0.0,33.228782452449074,1.0,0.07609139504013597,152.73479354717045,159.83179887761366,0.5,0.0021,0.0019,0.0078,0.0135
107,1763002629.6435375,-0.013239909510096674,0.017490397389704024,0.39449013560058427,0.0005711887120182129,-0.38822735656942703,0.29427169484060467,0.04077211210548293,-0.02924781770727591,0.0,0.0,0.0,1.0,0.0,0.0,0.0,0.0,0.0,0.0,0.0,0.0,0.0,-0.038,-0.054,0.187,1.0,-0.005,0.003,-0.001,-0.013,-0.011,0.16,0.1,-0.1,0.0,0.0,0.0,0.8991596638655461,1.0,0.0,0.0,0.0,33.16182275550887,1.0,0.07545623217042374,152.78130669858464,159.83234469858266,0.5,0.0021,0.0045,0.0077,0.0087
108,1763002629.679098,-0.02192725947369211,-0.0077718880691336825,0.3944601839842078,-0.0008375931976729017,-0.08819749058696405,-0.25087381484940663,0.03914949739629302,-0.014030700225709323,0.0,0.0,0.0,1.0,0.0,0.0,0.0,0.0,0.0,0.0,0.0,0.0,0.0,-0.039,-0.054,0.193,1.0,-0.004,0.002,-0.001,-0.013,-0.008,0.157,0.1,0.2,-0.0,0.0,0.0,0.907563025210084,1.0,0.0,0.0,0.0,33.09536024449139,1.0,0.07517377816594407,152.82222932374694,159.83303525176157,0.5,0.002,0.0018,0.0086,0.0129
109,1763002629.7064233,-0.011325440303490107,-0.007514625171157443,0.394278644348155,-0.0024374369877531153,0.10382546575465079,0.0017954401728489944,0.03763062203789408,-0.016082197220569427,0.0,0.0,0.0,1.0,0.0,0.0,0.0,0.0,0.0,0.0,0.0,0.0,0.0,-0.039,-0.055,0.197,1.0,-0.004,0.004,-0.002,-0.014,-0.005,0.165,0.0,0.1,-0.0,0.0,0.0,0.9159663865546218,1.0,0.0,0.0,0.0,33.030354871826745,1.0,0.07544110316762712,152.81763955018087,159.83311317552636,0.5,0.0019,0.0049,0.0073,0.0056
110,1763002629.730249,0.009496601715495264,-0.011699436943800389,0.39442330576453954,-0.0020954271906083112,0.2070878761595047,-0.04259958024354518,0.04087447859866089,0.00317635427267273,0.0,0.0,0.0,1.0,0.0,0.0,0.0,0.0,0.0,0.0,0.0,0.0,0.0,-0.039,-0.055,0.203,1.0,-0.006,0.005,-0.001,-0.012,-0.003,0.154,-0.1,0.1,0.0,0.0,0.0,0.9243697478991596,1.0,0.0,0.0,0.0,32.96518552832074,1.0,0.07541031650141292,152.82974089307274,159.83324000713094,0.5,0.0009,0.001,0.0043,0.004
111,1763002629.7687564,0.018172677597488807,-0.006066964961556179,0.394276953580926,-0.001913935459023852,0.08771041899148493,0.05515477612806207,0.03797880874031888,0.0016053745967837614,0.0,0.0,0.0,1.0,0.0,0.0,0.0,0.0,0.0,0.0,0.0,0.0,0.0,-0.039,-0.055,0.208,1.0,-0.008,0.005,-0.001,0.001,-0.009,0.156,-0.1,0.0,0.0,0.0,0.0,0.9327731092436974,1.0,0.0,0.0,0.0,32.901036158492836,1.0,0.07560571874921007,152.83261521721508,159.83325839684878,0.5,0.0014,0.0013,0.0085,0.0041
112,1763002629.8065233,0.03491258130677224,-0.001062711585717891,0.39437978750277486,-0.0018610180977944083,0.1692163048525832,0.04943583726222725,0.04045603457658084,0.00033778006639205395,0.0,0.0,0.0,1.0,0.0,0.0,0.0,0.0,0.0,0.0,0.0,0.0,0.0,-0.04,-0.055,0.214,1.0,-0.009,0.005,-0.001,-0.008,-0.006,0.15,-0.2,-0.0,0.0,0.0,0.0,0.9411764705882353,1.0,0.0,0.0,0.0,32.83725661100683,1.0,0.07654656762689274,152.7838243765437,159.83284297018776,0.5,0.0012,0.0012,0.009,0.008
113,1763002629.8485882,-0.013588012091829103,0.015428729064084143,0.3938930271239515,-0.0028479574881881114,-0.48151467585533614,0.16480813533944855,0.034570374962044,-0.010055495713716469,0.0,0.0,0.0,1.0,0.0,0.0,0.0,0.0,0.0,0.0,0.0,0.0,0.0,-0.04,-0.055,0.219,1.0,-0.005,0.003,-0.002,0.0,0.001,0.163,0.2,-0.1,-0.0,0.0,0.0,0.9495798319327731,1.0,0.0,0.0,0.0,32.77543732016834,1.0,0.07536058388004449,152.89199231387047,159.8344020254334,0.5,0.0019,0.0077,0.0082,0.0107
114,1763002629.8763595,-0.0564855105990568,-0.033923751436865324,0.39507950120374363,-0.0027321593637240366,-0.4303337862814598,-0.4919819321030863,0.05125404351031629,0.000873185495821935,0.0,0.0,0.0,1.0,0.0,0.0,0.0,0.0,0.0,0.0,0.0,0.0,0.0,-0.04,-0.055,0.222,1.0,0.001,0.011,-0.001,-0.004,0.007,0.121,0.3,0.3,0.0,0.0,0.0,0.9579831932773109,1.0,0.0,0.0,0.0,32.71093338282122,1.0,0.07495169793427535,152.9726192430602,159.83600167197127,0.5,0.0019,0.0019,0.0101,0.009
115,1763002629.9180162,-0.01459512828247464,-0.0009575587501247512,0.3934266182880073,-0.007645992112683195,0.4132552721059159,0.3262695517237192,0.022979120963010732,-0.04941154342596398,0.0,0.0,0.0,1.0,0.0,0.0,0.0,0.0,0.0,0.0,0.0,0.0,0.0,-0.04,-0.055,0.228,1.0,-0.001,0.009,-0.002,0.002,0.002,0.181,-0.1,-0.2,-0.1,0.0,0.0,0.9663865546218487,1.0,0.0,0.0,0.0,32.65242450027889,1.0,0.07348583941681817,153.0636824333384,159.83864582061656,0.5,0.0019,0.0059,0.0082,0.0141
116,1763002629.9434392,0.011517532765250749,-0.014773074039072378,0.3934577928378259,-0.005121748807326681,0.2596670976490064,-0.13825090876448876,0.03965440732698637,0.02447783384229682,0.0,0.0,0.0,1.0,0.0,0.0,0.0,0.0,0.0,0.0,0.0,0.0,0.0,-0.04,-0.055,0.232,1.0,-0.003,0.009,-0.002,-0.006,0.005,0.157,-0.2,0.0,-0.0,0.0,0.0,0.9747899159663865,1.0,0.0,0.0,0.0,32.5926136665455,1.0,0.07272678787730577,153.14750585651518,159.8410482120781,0.5,0.002,0.0018,0.0106,0.009
117,1763002629.9807098,0.04282275497235219,0.00801533034545265,0.3929748322013244,0.0005849573428270425,0.3142039753475395,0.22640673644134307,0.034516172918767934,0.05655488662080456,0.0,0.0,0.0,1.0,0.0,0.0,0.0,0.0,0.0,0.0,0.0,0.0,0.0,-0.04,-0.054,0.239,1.0,-0.008,0.004,-0.001,0.003,0.004,0.165,-0.3,-0.1,0.1,0.0,0.0,0.9831932773109243,1.0,0.0,0.0,0.0,32.53437777072438,1.0,0.07333318071928047,153.24215765133525,159.84427222360662,0.5,0.002,0.002,0.0084,0.0145
118,1763002630.0029125,0.020129641943316075,-0.021545463316981758,0.39315180477306716,-0.0015057059018389815,-0.22264885479312596,-0.2948064035897988,0.04106720893756001,-0.020848136712377525,0.0,0.0,0.0,1.0,0.0,0.0,0.0,0.0,0.0,0.0,0.0,0.0,0.0,-0.04,-0.054,0.244,1.0,-0.008,0.005,-0.002,-0.002,0.015,0.152,-0.0,0.2,-0.0,0.0,0.0,0.9915966386554621,1.0,0.0,0.0,0.0,32.47592821899019,1.0,0.07326372976907972,153.20348270763463,159.8431279092685,0.5,0.002,0.0017,0.0066,0.0058
119,1763002630.0344682,-0.02994674803251316,-0.003503037571605791,0.39468693688628886,0.003435815585664314,-0.4987509355639608,0.17826971112206147,0.05466650160952326,0.04926464428484905,0.0,0.0,0.0,1.0,0.0,0.0,0.0,0.0,0.0,0.0,0.0,0.0,0.0,-0.039,-0.053,0.248,1.0,-0.001,0.003,-0.001,0.011,0.013,0.115,0.7,-0.0,0.1,0.0,0.0,1.0,1.0,0.0,0.0,0.0,32.4153930236855,1.0,0.07,153.56118963984795,159.84802084422117,0.5,0.0012,0.0013,0.0065,0.0045
120,1763002630.0785127,-0.07943829709366781,-0.003498322366958838,0.3950915736650556,0.005268314124914397,-0.49791016541479777,-0.00030315171069104224,0.04351506147629647,0.018668566951067268,0.0,0.0,0.0,1.0,0.0,0.0,0.0,0.0,0.0,0.0,0.0,0.0,0.0,-0.039,-0.053,0.253,1.0,0.008,0.004,-0.0,0.011,0.015,0.114,0.7,-0.0,0.1,0.0,0.0,1.0,1.0,0.0,0.0,0.0,32.35587594872018,1.0,0.07533531278455745,153.46331125194317,159.8447993502107,0.5,0.0013,0.0014,0.0133,0.0091
121,1763002630.1113083,-0.02864423107970375,0.01886411755669159,0.3930916534352591,-0.005498620589582419,0.49999683043027376,0.22327456699980833,0.019509955068539864,-0.10714251573247671,0.0,0.0,0.0,1.0,0.0,0.0,0.0,0.0,0.0,0.0,0.0,0.0,0.0,-0.039,-0.052,0.26,1.0,-0.004,0.005,-0.003,-0.001,0.032,0.202,-0.5,-0.2,-0.1,0.0,0.0,1.0,1.0,0.0,0.0,0.0,32.30425439337496,1.0,0.07,153.9811710821926,159.86808185441782,0.5,0.0023,0.003,0.0098,0.0095
122,1763002630.144517,0.02012098756482439,0.03351935569508749,0.39181402027243806,-0.005264603587710438,0.48478776333731094,0.14843879313962813,0.026532833715315396,0.0017903079597615598,0.0,0.0,0.0,1.0,0.0,0.0,0.0,0.0,0.0,0.0,0.0,0.0,0.0,-0.039,-0.051,0.265,1.0,-0.006,0.0,-0.003,0.014,0.03,0.178,-0.2,-0.2,-0.0,0.0,0.0,1.0,1.0,0.0,0.0,0.0,32.251167816572895,1.0,0.07042539664333065,154.07843984626356,159.87258637206676,0.5,0.0021,0.0019,0.0115,0.0088
123,1763002630.1769137,0.040894130280960825,0.03217331062225168,0.39239666808603024,-0.005169634902909629,0.20974352591784684,-0.010108515158849397,0.04500788016316702,0.0004232264892370498,0.0,0.0,0.0,1.0,0.0,0.0,0.0,0.0,0.0,0.0,0.0,0.0,0.0,-0.039,-0.05,0.27,1.0,-0.01,-0.001,-0.003,0.004,0.033,0.146,-0.1,-0.1,0.0,0.0,0.0,1.0,1.0,0.0,0.0,0.0,32.19633163941833,1.0,0.0724599234304847,154.02723394043275,159.8731205352736,0.5,0.0022,0.0021,0.0085,0.0099
124,1763002630.22042,0.039287766934170375,-0.0019346417717858166,0.3921467356215236,-0.005019327847188607,-0.011974220439808395,-0.3378621928781498,0.0367403421635365,0.0009861070669192678,0.0,0.0,0.0,1.0,0.0,0.0,0.0,0.0,0.0,0.0,0.0,0.0,0.0,-0.038,-0.048,0.275,1.0,-0.01,0.003,-0.003,0.004,0.047,0.16,-0.0,0.1,-0.0,0.0,0.0,1.0,1.0,0.0,0.0,0.0,32.14350189496163,1.0,0.07261667978889635,154.05112964373455,159.87371844426633,0.5,0.0021,0.0047,0.0117,0.0153
125,1763002630.24923,0.03883476032099691,-0.008956376472069155,0.3922875415776684,-0.005170259611711645,-0.000601289438317526,-0.070410811180012,0.040622733123600846,-0.002011250429949235,0.0,0.0,0.0,1.0,0.0,0.0,0.0,0.0,0.0,0.0,0.0,0.0,0.0,-0.038,-0.048,0.275,1.0,-0.01,0.003,-0.003,0.004,0.047,0.16,-0.0,0.1,-0.0,0.0,0.0,1.0,1.0,0.0,0.0,0.0,32.09137746669479,1.0,0.07343669837156096,154.04213042618306,159.87382648604915,0.5,0.0021,0.0019,0.0084,0.0157
126,1763002630.278867,0.004278211168015453,-0.02878540148952327,0.39240286421686854,-0.005090130217003298,-0.3416820154977148,-0.19918588782174806,0.040381980549768284,0.000284267985912294,0.0,0.0,0.0,1.0,0.0,0.0,0.0,0.0,0.0,0.0,0.0,0.0,0.0,-0.038,-0.044,0.285,1.0,-0.004,0.008,-0.003,0.009,0.06,0.148,0.2,0.1,-0.0,0.0,0.0,1.0,1.0,0.0,0.0,0.0,32.039177286160886,1.0,0.07244194723138797,154.18771971209515,159.8766204771963,0.5,0.002,0.0025,0.0123,0.0087
127,1763002630.313397,0.039223849777062725,-0.013884832429523927,0.3920385103464631,-0.004412402514698127,0.34988420720727426,0.14612715045104113,0.0355967477176323,0.006268264001351379,0.0,0.0,0.0,1.0,0.0,0.0,0.0,0.0,0.0,0.0,0.0,0.0,0.0,-0.038,-0.042,0.29,1.0,-0.006,0.006,-0.002,0.008,0.067,0.158,-0.1,-0.0,0.0,0.0,0.0,1.0,1.0,0.0,0.0,0.0,31.98856148752808,1.0,0.07285991651500702,154.08396697959265,159.87487584346323,0.5,0.0021,0.0019,0.0078,0.0149
128,1763002630.3520336,0.017779151072788123,0.03584718811924098,0.39232777311490014,-0.004488112887119656,-0.21052460206503976,0.49593172224469667,0.042096478719017505,-0.0011983439756851084,0.0,0.0,0.0,1.0,0.0,0.0,0.0,0.0,0.0,0.0,0.0,0.0,0.0,-0.037,-0.04,0.295,1.0,-0.005,-0.001,-0.002,0.018,0.058,0.143,0.1,-0.5,0.0,0.0,0.0,1.0,1.0,0.0,0.0,0.0,31.937528264677415,1.0,0.07020402208492008,154.28663489939711,159.87666981600816,0.5,0.0074,0.0019,0.0083,0.0144
129,1763002630.378127,0.012097946447729028,-0.012216893807844922,0.3929467878860119,-0.008916636763666528,-0.05503413114331218,-0.47705610045893493,0.04542292502260717,-0.04473405005418068,0.0,0.0,0.0,1.0,0.0,0.0,0.0,0.0,0.0,0.0,0.0,0.0,0.0,-0.037,-0.039,0.297,1.0,-0.003,0.006,-0.003,0.006,0.07,0.132,0.1,0.2,-0.1,0.0,0.0,1.0,1.0,0.0,0.0,0.0,31.88642617722108,1.0,0.07,154.36267185908636,159.87928238932378,0.5,0.0019,0.0019,0.0105,0.0104
130,1763002630.41031,0.007527543166543579,-0.007565876321723404,0.3927224945150015,-0.007853077536453859,-0.04449423816708158,0.04528848548043074,0.03705174507849772,0.009743928595760034,0.0,0.0,0.0,1.0,0.0,0.0,0.0,0.0,0.0,0.0,0.0,0.0,0.0,-0.036,-0.035,0.304,1.0,-0.001,0.004,-0.004,0.015,0.075,0.142,0.1,-0.0,-0.0,0.0,0.0,1.0,1.0,0.0,0.0,0.0,31.836925058990065,1.0,0.07012493095746357,154.40376821045737,159.88001289602522,0.5,0.0021,0.0025,0.008,0.0107
131,1763002630.4411159,0.02428904721018634,-0.03718403901405723,0.39293155207504127,-0.007466036578616211,0.16836779475308197,-0.2969382145555106,0.041362825051898255,0.003085101824731089,0.0,0.0,0.0,1.0,0.0,0.0,0.0,0.0,0.0,0.0,0.0,0.0,0.0,-0.036,-0.033,0.308,1.0,-0.002,0.007,-0.004,0.016,0.084,0.133,-0.0,0.2,0.0,0.0,0.0,1.0,1.0,0.0,0.0,0.0,31.787454578317192,1.0,0.07047483331022317,154.3532146192998,159.8804917440284,0.5,0.0019,0.0019,0.0082,0.0091
132,1763002630.4752452,0.013017034056380803,-0.013534103576988293,0.3927074299442534,-0.0072763248006378475,-0.11029122681703674,0.23278095046928365,0.03705193389962479,0.0011505141219220142,0.0,0.0,0.0,1.0,0.0,0.0,0.0,0.0,0.0,0.0,0.0,0.0,0.0,-0.035,-0.03,0.313,1.0,-0.001,0.005,-0.004,0.01,0.08,0.14,0.1,0.0,-0.0,0.0,0.0,1.0,1.0,0.0,0.0,0.0,31.73923904447991,1.0,0.07093502023528939,154.35495082478786,159.88047327639535,0.5,0.0019,0.0017,0.0082,0.0101
133,1763002630.5095527,0.04019189735755975,-0.020886935988605238,0.3923900531861215,-0.0062160020007085304,0.27305033641742754,-0.07488173447386826,0.036096975413106955,0.009875595519229396,0.0,0.0,0.0,1.0,0.0,0.0,0.0,0.0,0.0,0.0,0.0,0.0,0.0,-0.035,-0.027,0.317,1.0,-0.003,0.008,-0.003,0.013,0.082,0.145,-0.1,0.0,-0.0,0.0,0.0,1.0,1.0,0.0,0.0,0.0,31.692053184119782,1.0,0.07094157498011912,154.22899894843218,159.87904622986596,0.5,0.002,0.0018,0.0103,0.0088
134,1763002630.5481026,-0.0007040651837033063,0.025559062052121235,0.39231275564437623,-0.006819768483117444,-0.4049404356768746,0.4623712868084042,0.03846602990115923,-0.006659265024160007,0.0,0.0,0.0,1.0,0.0,0.0,0.0,0.0,0.0,0.0,0.0,0.0,0.0,-0.034,-0.025,0.322,1.0,0.001,0.001,-0.004,0.025,0.076,0.14,0.2,-0.3,-0.0,0.0,0.0,1.0,1.0,0.0,0.0,0.0,31.645141547517934,1.0,0.07,154.54497748177135,159.88373697137428,0.5,0.0019,0.0037,0.0089,0.0136
135,1763002630.5778246,0.03221992564686651,0.008639772930076749,0.3921738985415778,-0.006831221973122579,0.32916950178732773,-0.16663698501523272,0.03784270453645314,-0.0007965117483631065,0.0,0.0,0.0,1.0,0.0,0.0,0.0,0.0,0.0,0.0,0.0,0.0,0.0,-0.033,-0.022,0.327,1.0,-0.0,0.003,-0.004,0.023,0.089,0.14,-0.1,-0.1,0.0,0.0,0.0,1.0,1.0,0.0,0.0,0.0,31.59891220117444,1.0,0.07039021840203198,154.45667930922718,159.88169324477556,0.5,0.002,0.0022,0.0114,0.0089
136,1763002630.6151452,0.027613547265909186,-0.025985254926308612,0.39235210285756617,-0.005813072347703336,-0.04284179124488653,-0.3453863012708459,0.04099943301404084,0.00949837405688018,0.0,0.0,0.0,1.0,0.0,0.0,0.0,0.0,0.0,0.0,0.0,0.0,0.0,-0.033,-0.019,0.331,1.0,-0.0,0.005,-0.003,0.011,0.087,0.132,0.0,0.2,0.0,0.0,0.0,1.0,1.0,0.0,0.0,0.0,31.55273974755698,1.0,0.07,154.40604293861261,159.88059679616555,0.5,0.002,0.0019,0.0156,0.0088
137,1763002630.6523564,0.005767129674316654,-0.04975110793114656,0.392631249066386,-0.006403828584467328,-0.2157028211893344,-0.2402570555410103,0.04202667237395592,-0.006488869602410267,0.0,0.0,0.0,1.0,0.0,0.0,0.0,0.0,0.0,0.0,0.0,0.0,0.0,-0.033,-0.016,0.335,1.0,0.003,0.009,-0.004,0.02,0.082,0.126,0.1,0.2,-0.0,0.0,0.0,1.0,1.0,0.0,0.0,0.0,31.506809633098516,1.0,0.07095151148676825,154.3492562195846,159.87984250025772,0.5,0.0019,0.0017,0.0128,0.0148
138,1763002630.6806262,0.00046886266988307567,-0.00040008373112171425,0.3919160612235496,-0.01157530483944118,-0.0524059570769041,0.4885351312071337,0.032111246478273986,-0.05235514540818525,0.0,0.0,0.0,1.0,0.0,0.0,0.0,0.0,0.0,0.0,0.0,0.0,0.0,-0.032,-0.015,0.337,1.0,0.004,0.004,-0.005,0.018,0.085,0.154,0.1,-0.3,-0.1,0.0,0.0,1.0,1.0,0.0,0.0,0.0,31.46350269240347,1.0,0.07,154.58843593039526,159.88635492943672,0.5,0.0022,0.0021,0.0088,0.0143
139,1763002630.7173595,0.013571119946190553,-0.024401582781605667,0.39249437577706686,-0.00903327711504092,0.13106945903006306,-0.2400549988779518,0.044974751657527456,0.024262746760058487,0.0,0.0,0.0,1.0,0.0,0.0,0.0,0.0,0.0,0.0,0.0,0.0,0.0,-0.031,-0.011,0.344,1.0,0.003,0.006,-0.004,0.019,0.082,0.12,0.0,0.1,0.0,0.0,0.0,1.0,1.0,0.0,0.0,0.0,31.418317682855164,1.0,0.07,154.48767380907074,159.88366170277402,0.5,0.0054,0.0033,0.0111,0.0104
140,1763002630.7490468,0.011490213188406862,0.010330599865615415,0.3925068718257317,-0.007925127359411985,-0.019451955583217845,0.3448816681940502,0.03937439806435439,0.010178169844785244,0.0,0.0,0.0,1.0,0.0,0.0,0.0,0.0,0.0,0.0,0.0,0.0,0.0,-0.031,-0.009,0.346,1.0,0.004,0.003,-0.004,0.022,0.077,0.131,0.0,-0.2,-0.0,0.0,0.0,1.0,1.0,0.0,0.0,0.0,31.374566222555295,1.0,0.07,154.58341638322707,159.88593578520184,0.5,0.0021,0.0021,0.0088,0.0142
141,1763002630.77517,0.002956641869918855,0.006485629778230246,0.3919172419658823,-0.007379342694783721,-0.0841866918660394,-0.0374166408872902,0.03335438858407937,0.004665333910341452,0.0,0.0,0.0,1.0,0.0,0.0,0.0,0.0,0.0,0.0,0.0,0.0,0.0,-0.03,-0.005,0.353,1.0,0.004,0.003,-0.004,0.019,0.079,0.14,0.1,-0.1,-0.0,0.0,0.0,1.0,1.0,0.0,0.0,0.0,31.332077532305952,1.0,0.07066213850858613,154.64224521688786,159.88721672925112,0.5,0.002,0.0018,0.0135,0.0042
142,1763002630.8014874,-0.005548986179078726,-0.009765003853537685,0.3925523829429458,-0.007152593506489916,-0.08476061630298393,-0.16185777333985626,0.045543133967223676,0.001529557613459685,0.0,0.0,0.0,1.0,0.0,0.0,0.0,0.0,0.0,0.0,0.0,0.0,0.0,-0.029,-0.003,0.356,1.0,0.006,0.004,-0.004,0.026,0.076,0.115,0.1,0.0,0.0,0.0,0.0,1.0,1.0,0.0,0.0,0.0,31.288348646030204,1.0,0.07090985659685126,154.66506147678032,159.887459166181,0.5,0.0014,0.0015,0.0064,0.0043
143,1763002630.8496718,0.005482446627524654,-0.03373378967601404,0.3929709784386335,-0.006200798431076073,0.10975942944812593,-0.2406643586101173,0.04344119325117206,0.008802691403489436,0.0,0.0,0.0,1.0,0.0,0.0,0.0,0.0,0.0,0.0,0.0,0.0,0.0,-0.029,-0.001,0.36,1.0,0.005,0.005,-0.003,0.016,0.07,0.112,-0.0,0.2,0.0,0.0,0.0,1.0,1.0,0.0,0.0,0.0,31.24506521503522,1.0,0.07063658621151238,154.60027279322162,159.88632122840795,0.5,0.002,0.0017,0.0152,0.0106
144,1763002630.885368,0.012396277408588865,0.012631909106576841,0.3916574858573375,-0.011661608647650588,0.06968655247339457,0.4602836088583074,0.026162172030903777,-0.05522818200885275,0.0,0.0,0.0,1.0,0.0,0.0,0.0,0.0,0.0,0.0,0.0,0.0,0.0,-0.028,0.002,0.365,1.0,0.004,0.001,-0.005,0.02,0.071,0.151,-0.0,-0.2,-0.1,0.0,0.0,1.0,1.0,0.0,0.0,0.0,31.205120579445136,1.0,0.07,154.66614868378676,159.88814748094637,0.5,0.0074,0.0018,0.008,0.0148
145,1763002630.9100513,-0.0009345844513099898,0.02189763686443591,0.39209914560047465,-0.009159994062450345,-0.13206899085812965,0.09392046848924837,0.0435823460171057,0.023849984987237373,0.0,0.0,0.0,1.0,0.0,0.0,0.0,0.0,0.0,0.0,0.0,0.0,0.0,-0.028,0.003,0.367,1.0,0.005,-0.0,-0.004,0.031,0.067,0.121,0.1,-0.2,0.0,0.0,0.0,1.0,1.0,0.0,0.0,0.0,31.163479105867015,1.0,0.07102872606380795,154.72125603066695,159.88963788029804,0.5,0.002,0.0019,0.0082,0.0113
146,1763002630.9446638,0.0009139896127944407,-0.0071667782532337035,0.3930504543219768,-0.007030689672293755,0.018392282195913323,-0.28845438749025254,0.048723001775070024,0.020377044495320854,0.0,0.0,0.0,1.0,0.0,0.0,0.0,0.0,0.0,0.0,0.0,0.0,0.0,-0.026,0.005,0.372,1.0,0.006,0.001,-0.003,0.021,0.058,0.099,0.0,0.1,0.0,0.0,0.0,1.0,1.0,0.0,0.0,0.0,31.120926705791383,1.0,0.07028340227215721,154.72810947503126,159.88942310175054,0.5,0.002,0.0019,0.0119,0.0089
147,1763002630.979772,0.00505515023765408,-0.0016843285435678493,0.39265106944318157,-0.010764433900194392,0.04150300520987583,0.05410781927133518,0.035311196644245244,-0.03804051124623571,0.0,0.0,0.0,1.0,0.0,0.0,0.0,0.0,0.0,0.0,0.0,0.0,0.0,-0.026,0.007,0.376,1.0,0.005,0.001,-0.004,0.019,0.057,0.122,-0.0,0.0,-0.1,0.0,0.0,1.0,1.0,0.0,0.0,0.0,31.080603503999292,1.0,0.07026098369657999,154.68033734800366,159.8891638220814,0.5,0.002,0.0017,0.0084,0.0142
148,1763002631.0205703,-0.013418998211371212,0.008603152165654961,0.3929289407395588,-0.003737089168067042,-0.18423596946648751,0.1027063742378713,0.04204381990809036,0.06919700393125405,0.0,0.0,0.0,1.0,0.0,0.0,0.0,0.0,0.0,0.0,0.0,0.0,0.0,-0.025,0.009,0.379,1.0,0.007,0.0,-0.003,0.031,0.048,0.109,0.1,-0.1,0.1,0.0,0.0,1.0,1.0,0.0,0.0,0.0,31.039860594223384,1.0,0.07029446457549204,154.73402955077256,159.88936435101235,0.5,0.0023,0.0078,0.0085,0.0152
149,1763002631.0502462,-0.0053177340413689145,-0.0016333091967084823,0.39322629659978603,-0.0045060359207819275,0.07967074187888586,-0.10150429840706893,0.04226645267622785,-0.008063176443955558,0.0,0.0,0.0,1.0,0.0,0.0,0.0,0.0,0.0,0.0,0.0,0.0,0.0,-0.024,0.01,0.381,1.0,0.007,0.001,-0.003,0.026,0.051,0.107,0.0,0.0,-0.0,0.0,0.0,1.0,1.0,0.0,0.0,0.0,30.999492589458512,1.0,0.07036570611998448,154.7237663465248,159.889238581315,0.5,0.0021,0.0018,0.0088,0.0159
150,1763002631.0822315,0.0013949634670115995,-0.04722460864181357,0.39312235185051236,-0.004013073966913308,0.06659520167966823,-0.4560763253707217,0.03828318216724218,0.004479015946608004,0.0,0.0,0.0,1.0,0.0,0.0,0.0,0.0,0.0,0.0,0.0,0.0,0.0,-0.024,0.012,0.386,1.0,0.006,0.006,-0.002,0.021,0.053,0.111,-0.0,0.3,0.0,0.0,0.0,1.0,1.0,0.0,0.0,0.0,30.959928139560674,1.0,0.07026895621665424,154.72764194637736,159.8891977569037,0.5,0.0023,0.0021,0.0155,0.0088
151,1763002631.120744,0.0014811164111708539,-0.015596929454265503,0.39292544591549594,-0.0047107369427522635,0.0010010257882936899,0.31155433101129926,0.03734317583488751,-0.007377937155080895,0.0,0.0,0.0,1.0,0.0,0.0,0.0,0.0,0.0,0.0,0.0,0.0,0.0,-0.023,0.014,0.39,1.0,0.006,0.005,-0.003,0.024,0.048,0.113,-0.0,-0.1,-0.0,0.0,0.0,1.0,1.0,0.0,0.0,0.0,30.92097938258097,1.0,0.07,154.7528431995981,159.89004875190574,0.5,0.0039,0.0056,0.0092,0.015
152,1763002631.1505892,0.0014449239278550806,-0.008701188588570878,0.39303119807472764,-0.00505326671251699,-0.00021381319204064053,0.06739771571151967,0.040350066183867175,-0.003896371391922485,0.0,0.0,0.0,1.0,0.0,0.0,0.0,0.0,0.0,0.0,0.0,0.0,0.0,-0.023,0.014,0.39,1.0,0.006,0.005,-0.003,0.024,0.048,0.113,-0.0,-0.1,-0.0,0.0,0.0,1.0,1.0,0.0,0.0,0.0,30.88243720531803,1.0,0.07,154.78727151896035,159.89089319767382,0.5,0.0021,0.0017,0.0155,0.0099
153,1763002631.188065,0.004477786819553652,-0.009849312236767438,0.39274126464267,-0.005161900061323411,0.03047312130977122,-0.012351355340822705,0.03640378548689603,-0.0015916601593159102,0.0,0.0,0.0,1.0,0.0,0.0,0.0,0.0,0.0,0.0,0.0,0.0,0.0,-0.021,0.016,0.397,1.0,0.007,0.002,-0.003,0.028,0.035,0.115,-0.1,-0.0,-0.0,0.0,0.0,1.0,1.0,0.0,0.0,0.0,30.84453457710438,1.0,0.07006357655552448,154.76158992444968,159.89043790549422,0.5,0.0074,0.0018,0.0089,0.0164
154,1763002631.2161622,-0.009476892620414392,0.00479993410151178,0.3924169718776335,-0.009775002467747157,-0.13909901571772507,0.14550753215911544,0.036031198813902696,-0.04664721407036978,0.0,0.0,0.0,1.0,0.0,0.0,0.0,0.0,0.0,0.0,0.0,0.0,0.0,-0.02,0.016,0.399,1.0,0.008,-0.0,-0.004,0.03,0.03,0.121,0.0,-0.1,-0.1,0.0,0.0,1.0,1.0,0.0,0.0,0.0,30.807448347598616,1.0,0.0700576620139112,154.77241723895352,159.89085358850073,0.5,0.0021,0.0017,0.0139,0.0093
155,1763002631.257195,-0.024114969823746557,-0.019034653499674776,0.39336924784156174,-0.0024471850446439562,-0.14732846129536306,-0.23786588260171437,0.0487644568270455,0.07230067398425727,0.0,0.0,0.0,1.0,0.0,0.0,0.0,0.0,0.0,0.0,0.0,0.0,0.0,-0.019,0.018,0.403,1.0,0.008,0.002,-0.002,0.03,0.023,0.089,0.1,0.1,0.1,0.0,0.0,1.0,1.0,0.0,0.0,0.0,30.76865827990716,1.0,0.07,154.7555235472125,159.89010760367188,0.5,0.0057,0.0067,0.0091,0.0156
156,1763002631.2876344,-0.0018205000804027878,-0.008699065160462913,0.3932562369564125,-0.003077497923412972,0.220533200451063,0.10145241804215113,0.03820681593266374,-0.006547847292154539,0.0,0.0,0.0,1.0,0.0,0.0,0.0,0.0,0.0,0.0,0.0,0.0,0.0,-0.018,0.018,0.406,1.0,0.007,0.001,-0.002,0.026,0.026,0.106,-0.1,0.0,0.0,0.0,0.0,1.0,1.0,0.0,0.0,0.0,30.73153331427748,1.0,0.07,154.76676097897936,159.89010210021343,0.5,0.0021,0.0019,0.0156,0.0098
157,1763002631.3149166,-0.01376465848177683,-0.0069117583344376265,0.39275969170049096,-0.004225936719284418,-0.11962363402178068,0.01700316174420656,0.0343601711364261,-0.01179213775105576,0.0,0.0,0.0,1.0,0.0,0.0,0.0,0.0,0.0,0.0,0.0,0.0,0.0,-0.017,0.019,0.409,1.0,0.008,0.001,-0.003,0.025,0.016,0.117,0.0,0.0,-0.0,0.0,0.0,1.0,1.0,0.0,0.0,0.0,30.6955536178153,1.0,0.07000198395572836,154.7467116768718,159.88979501603953,0.5,0.0019,0.0017,0.0126,0.01
158,1763002631.3527956,-0.011201380926227439,-0.033998021815214746,0.3932111895291473,-0.003914708280872955,0.024256309707316237,-0.2715538106412149,0.04379094745661205,0.002689690712186192,0.0,0.0,0.0,1.0,0.0,0.0,0.0,0.0,0.0,0.0,0.0,0.0,0.0,-0.017,0.019,0.412,1.0,0.007,0.003,-0.002,0.027,0.022,0.098,-0.0,0.2,0.0,0.0,0.0,1.0,1.0,0.0,0.0,0.0,30.658682161452454,1.0,0.07,154.6278573301315,159.8886395500007,0.5,0.002,0.0018,0.0082,0.0177
159,1763002631.3793423,-0.01417882228841049,-0.024171667493126103,0.3930968724238611,-0.0035732407107459353,-0.030894551714453253,0.09486374103936493,0.03817794790005319,0.0030232048731829077,0.0,0.0,0.0,1.0,0.0,0.0,0.0,0.0,0.0,0.0,0.0,0.0,0.0,-0.016,0.02,0.416,1.0,0.007,0.002,-0.002,0.022,0.011,0.105,0.0,0.1,-0.0,0.0,0.0,1.0,1.0,0.0,0.0,0.0,30.62275250202738,1.0,0.07125491697911222,154.4663144065028,159.8860604363832,0.5,0.002,0.0017,0.0118,0.01
160,1763002631.402286,-0.00046897777978740195,-0.01330472183509909,0.392897723904365,-0.003520475076740092,0.1356805628573898,0.10625228983095751,0.03731820204742396,0.0001703322689838426,0.0,0.0,0.0,1.0,0.0,0.0,0.0,0.0,0.0,0.0,0.0,0.0,0.0,-0.015,0.02,0.421,1.0,0.005,0.002,-0.002,0.024,0.005,0.105,-0.1,0.0,0.0,0.0,0.0,1.0,1.0,0.0,0.0,0.0,30.58724991927485,1.0,0.07139535721336993,154.44870458080607,159.88545527033082,0.5,0.0014,0.0017,0.008,0.0041
161,1763002631.4426622,-0.02742076015392076,0.0365964884907974,0.39261066375760184,-0.004591570554196327,-0.26956472151931227,0.49768163107545504,0.03641917092280575,-0.011063002282236355,0.0,0.0,0.0,1.0,0.0,0.0,0.0,0.0,0.0,0.0,0.0,0.0,0.0,-0.014,0.02,0.425,1.0,0.007,-0.009,-0.003,0.032,-0.003,0.108,0.1,-0.5,-0.0,0.0,0.0,1.0,1.0,0.0,0.0,0.0,30.55235489102677,1.0,0.07070104243029388,154.80679885769635,159.88983680997086,0.5,0.0021,0.0019,0.0109,0.0073
162,1763002631.4699638,-0.007899781552546798,-0.010117778542386137,0.391257347940991,-0.005067366786062288,0.1924677099983475,-0.46348302148275544,0.02572790820965168,-0.005217119374079238,0.0,0.0,0.0,1.0,0.0,0.0,0.0,0.0,0.0,0.0,0.0,0.0,0.0,-0.013,0.02,0.429,1.0,0.007,-0.001,-0.003,0.024,0.007,0.137,-0.1,0.2,-0.0,0.0,0.0,1.0,1.0,0.0,0.0,0.0,30.51972955007012,1.0,0.07,154.86396476032513,159.8919393410737,0.5,0.0014,0.0038,0.0075,0.0038
163,1763002631.5116553,-0.014415171119833944,-0.02760604760982228,0.3914315994330174,-0.005054020151107395,-0.06594387382812616,-0.17589446852860005,0.0408682497143637,-0.00037327032905730157,0.0,0.0,0.0,1.0,0.0,0.0,0.0,0.0,0.0,0.0,0.0,0.0,0.0,-0.012,0.02,0.433,1.0,0.006,-0.001,-0.003,0.013,-0.002,0.111,0.0,0.3,-0.0,0.0,0.0,1.0,1.0,0.0,0.0,0.0,30.485747863985218,1.0,0.07,154.7841816698856,159.89309101636957,0.5,0.0013,0.0013,0.0129,0.0091
164,1763002631.5413997,-0.01603703138801134,-0.03155926939434511,0.3914068789118077,-0.005131364053773549,-0.01766011979375735,-0.04229282260621052,0.03889595473120508,-0.0012788410417722915,0.0,0.0,0.0,1.0,0.0,0.0,0.0,0.0,0.0,0.0,0.0,0.0,0.0,-0.012,0.02,0.436,1.0,0.006,0.002,-0.003,0.014,-0.003,0.114,-0.0,0.2,-0.0,0.0,0.0,1.0,1.0,0.0,0.0,0.0,30.452398697511544,1.0,0.0716447101263281,154.60471969094021,159.8916987846452,0.5,0.0019,0.0025,0.0086,0.0078
165,1763002631.5836518,0.006806710444140451,0.015527298035916542,0.3899194765733977,-0.005173845067037772,0.22683371518271678,0.46770974736318205,0.02426666450708133,-0.0009379465380195823,0.0,0.0,0.0,1.0,0.0,0.0,0.0,0.0,0.0,0.0,0.0,0.0,0.0,-0.012,0.019,0.441,1.0,0.004,-0.001,-0.003,0.013,-0.014,0.15,-0.2,-0.2,-0.0,0.0,0.0,1.0,1.0,0.0,0.0,0.0,30.421773328306585,1.0,0.07013242846622074,154.8621935860911,159.89442588771237,0.5,0.0021,0.0023,0.015,0.0109
166,1763002631.6147277,-0.0132047911850105,0.001985190687626103,0.3905588894234647,-0.004320441891695687,-0.19943434524709547,-0.13386834367931272,0.04538607615800916,0.008016647246717069,0.0,0.0,0.0,1.0,0.0,0.0,0.0,0.0,0.0,0.0,0.0,0.0,0.0,-0.011,0.019,0.444,1.0,0.005,-0.0,-0.002,0.014,-0.014,0.11,0.0,-0.0,0.0,0.0,0.0,1.0,1.0,0.0,0.0,0.0,30.388856492994815,1.0,0.07007157500361852,154.8515872318037,159.89424839808828,0.5,0.0019,0.0019,0.0087,0.0155
167,1763002631.6372824,-0.020515887207255154,0.0145675120813506,0.3902423569340784,-0.009437211266410492,-0.07443143934094762,0.12602173300600755,0.03589056404848334,-0.0515997379363176,0.0,0.0,0.0,1.0,0.0,0.0,0.0,0.0,0.0,0.0,0.0,0.0,0.0,-0.011,0.018,0.448,1.0,0.006,-0.002,-0.004,0.016,-0.015,0.125,0.0,-0.1,-0.1,0.0,0.0,1.0,1.0,0.0,0.0,0.0,30.357367990723198,1.0,0.07047037729514016,154.82184103811085,159.89422526970242,0.5,0.0014,0.0013,0.0077,0.0069
168,1763002631.6764174,-0.022119369532265287,0.009680011925353359,0.3901665314686301,-0.00808427196225794,-0.01808641197082681,-0.04741825035183733,0.038265981038924424,0.012585671914884472,0.0,0.0,0.0,1.0,0.0,0.0,0.0,0.0,0.0,0.0,0.0,0.0,0.0,-0.01,0.018,0.452,1.0,0.006,-0.002,-0.004,0.009,-0.016,0.12,0.0,0.0,-0.0,0.0,0.0,1.0,1.0,0.0,0.0,0.0,30.325949658290174,1.0,0.070755338246276,154.78043056526815,159.89384000699974,0.5,0.0023,0.0018,0.0084,0.0083
169,1763002631.7089787,0.007116046329071056,-0.025579829967769446,0.3905552738837093,-0.0006203450417351557,0.2901422216601369,-0.3516304177386927,0.04290407729765509,0.07383084200900206,0.0,0.0,0.0,1.0,0.0,0.0,0.0,0.0,0.0,0.0,0.0,0.0,0.0,-0.01,0.017,0.456,1.0,0.003,0.001,-0.001,-0.002,-0.015,0.106,-0.2,0.3,0.1,0.0,0.0,1.0,1.0,0.0,0.0,0.0,30.294058866855487,1.0,0.07,155.02710838048813,159.89532363858217,0.5,0.0019,0.0018,0.0092,0.0092
170,1763002631.7453403,4.0275134201940566e-05,0.0014531765273550143,0.3901376875212336,-0.002261483664806165,-0.07004610731578408,0.26777208195446767,0.03487966376361335,-0.0164734207348836,0.0,0.0,0.0,1.0,0.0,0.0,0.0,0.0,0.0,0.0,0.0,0.0,0.0,-0.01,0.016,0.46,1.0,0.003,-0.001,-0.002,0.002,-0.021,0.12,-0.1,0.0,-0.0,0.0,0.0,1.0,1.0,0.0,0.0,0.0,30.26349531555167,1.0,0.070734099792847,155.04896409152715,159.89560906231466,0.5,0.0022,0.003,0.0098,0.0098
171,1763002631.7729926,-0.008602246488716757,-0.021622788765972893,0.3907702842269836,-0.0029839670830597268,-0.08642118871576679,-0.23061433528054362,0.045339735809623964,-0.007450982549016238,0.0,0.0,0.0,1.0,0.0,0.0,0.0,0.0,0.0,0.0,0.0,0.0,0.0,-0.01,0.016,0.463,1.0,0.002,0.002,-0.002,-0.003,-0.023,0.096,-0.0,0.2,0.0,0.0,0.0,1.0,1.0,0.0,0.0,0.0,30.231788539711857,1.0,0.07075144715269129,155.01318373858547,159.89434380758493,0.5,0.0013,0.0014,0.0087,0.0079
172,1763002631.8076727,-0.0184378396600159,-0.010917803149104819,0.3905139963592725,-0.004103568948244259,-0.09921615636186312,0.10488757729208342,0.03651414974558608,-0.011494415360151302,0.0,0.0,0.0,1.0,0.0,0.0,0.0,0.0,0.0,0.0,0.0,0.0,0.0,-0.01,0.015,0.467,1.0,0.004,0.0,-0.003,0.001,-0.028,0.109,-0.0,0.1,-0.0,0.0,0.0,1.0,1.0,0.0,0.0,0.0,30.20134820588715,1.0,0.07164991158264775,154.9280716243131,159.8930456648631,0.5,0.0012,0.0012,0.009,0.0092
173,1763002631.8313556,-0.02073350211851443,0.02914406427115174,0.39013007053836957,-0.0046812203902623275,-0.024800408550986842,0.39952689388765505,0.03521214142689786,-0.006186871315005107,0.0,0.0,0.0,1.0,0.0,0.0,0.0,0.0,0.0,0.0,0.0,0.0,0.0,-0.01,0.014,0.47,1.0,0.004,-0.002,-0.003,-0.001,-0.028,0.115,-0.0,-0.2,-0.0,0.0,0.0,1.0,1.0,0.0,0.0,0.0,30.171634213252702,1.0,0.07109690149637815,154.99307562316338,159.89383896047752,0.5,0.001,0.0009,0.0049,0.0041
174,1763002631.8758779,-0.03492483117809806,0.04152777536831165,0.38993672772849913,-0.005047706532853343,-0.14398664080768775,0.12675151739871424,0.03707957895513245,-0.0041329834649363895,0.0,0.0,0.0,1.0,0.0,0.0,0.0,0.0,0.0,0.0,0.0,0.0,0.0,-0.01,0.013,0.474,1.0,0.005,-0.004,-0.003,-0.0,-0.031,0.111,0.1,-0.2,-0.0,0.0,0.0,1.0,1.0,0.0,0.0,0.0,30.142024220533955,1.0,0.0740644609845755,154.81146812816294,159.89114769828618,0.5,0.0013,0.0013,0.0093,0.0101
175,1763002631.9069858,-0.028864880303964315,0.03126452638093047,0.3900806043371271,-0.005119016456150019,0.057107025623527645,-0.09847971233698061,0.04043243885913053,-0.0012178698862521063,0.0,0.0,0.0,1.0,0.0,0.0,0.0,0.0,0.0,0.0,0.0,0.0,0.0,-0.011,0.012,0.477,1.0,0.005,-0.005,-0.003,-0.012,-0.032,0.103,-0.0,0.0,-0.0,0.0,0.0,1.0,1.0,0.0,0.0,0.0,30.11228392803473,1.0,0.07552738903379945,154.67303439306556,159.88863793721785,0.5,0.0015,0.0014,0.0083,0.0088
176,1763002631.9334126,-0.011744837566324058,0.028972467179419537,0.3896263552203419,-0.010148176261401447,0.1683139393460062,-0.01979413937701624,0.03446556926586052,-0.05080349969812928,0.0,0.0,0.0,1.0,0.0,0.0,0.0,0.0,0.0,0.0,0.0,0.0,0.0,-0.011,0.011,0.48,1.0,0.003,-0.005,-0.004,-0.01,-0.032,0.117,-0.1,-0.0,-0.1,0.0,0.0,1.0,1.0,0.0,0.0,0.0,30.083776350835386,1.0,0.0761087892015353,154.60912438228343,159.8877265472451,0.5,0.0014,0.0012,0.0065,0.0043
177,1763002631.9798024,0.008065598999923502,-0.00452161468769649,0.3903866595531867,-0.0031468985769695073,0.19692988190584312,-0.3320435719532183,0.046565678850482045,0.06899795921817924,0.0,0.0,0.0,1.0,0.0,0.0,0.0,0.0,0.0,0.0,0.0,0.0,0.0,-0.012,0.01,0.483,1.0,0.001,-0.0,-0.003,-0.019,-0.035,0.089,-0.2,0.2,0.1,0.0,0.0,1.0,1.0,0.0,0.0,0.0,30.05386985333724,1.0,0.07485526322769238,154.97484701463563,159.89283125138698,0.5,0.0013,0.0014,0.0136,0.0095
178,1763002632.010787,-0.010011731200479497,-0.00856363380347982,0.3908673536630678,-0.004237604030348698,-0.17996674210403768,-0.04087235262660294,0.04384560705412982,-0.011221744391488854,0.0,0.0,0.0,1.0,0.0,0.0,0.0,0.0,0.0,0.0,0.0,0.0,0.0,-0.012,0.009,0.486,1.0,0.001,0.002,-0.003,-0.015,-0.033,0.086,-0.0,0.1,0.0,0.0,0.0,1.0,1.0,0.0,0.0,0.0,30.024199818247425,1.0,0.07499455567046301,155.01222497587065,159.8937225898514,0.5,0.0019,0.0018,0.0102,0.01
179,1763002632.0444262,-0.012379457029056939,0.013697073760229222,0.39044832439336963,-0.0047829412707221216,-0.024678431405822408,0.2217507122567424,0.03489644266932468,-0.005877132806769104,0.0,0.0,0.0,1.0,0.0,0.0,0.0,0.0,0.0,0.0,0.0,0.0,0.0,-0.012,0.008,0.489,1.0,0.001,0.001,-0.003,-0.01,-0.03,0.103,-0.0,-0.1,-0.0,0.0,0.0,1.0,1.0,0.0,0.0,0.0,29.995939771977348,1.0,0.07411199359015021,154.94960906123436,159.8922559590564,0.5,0.002,0.0017,0.0084,0.0122
180,1763002632.079106,-0.035625191537942344,0.013260996686904367,0.39035232652142354,-0.0041166421130049285,-0.23369529079175974,-0.00299106335722564,0.03808485371987641,0.006184697450099716,0.0,0.0,0.0,1.0,0.0,0.0,0.0,0.0,0.0,0.0,0.0,0.0,0.0,-0.013,0.007,0.492,1.0,0.004,-0.0,-0.002,-0.018,-0.036,0.083,0.1,-0.0,0.0,0.0,0.0,1.0,1.0,0.0,0.0,0.0,29.966765617531653,1.0,0.07395961940429129,154.84284310451747,159.89112256920123,0.5,0.002,0.0018,0.0129,0.009
181,1763002632.1094744,-0.009845049621453526,-0.0003103728633744741,0.39058301502638815,-0.004805036670891005,0.25423890001109395,-0.13438759583409798,0.04134211770178934,-0.007295609790161256,0.0,0.0,0.0,1.0,0.0,0.0,0.0,0.0,0.0,0.0,0.0,0.0,0.0,-0.014,0.005,0.494,1.0,0.001,0.001,-0.003,-0.018,-0.037,0.076,-0.1,0.1,-0.0,0.0,0.0,1.0,1.0,0.0,0.0,0.0,29.93757418846392,1.0,0.0736368578192992,154.9209082764967,159.89224278546294,0.5,0.0013,0.0021,0.0092,0.0101
182,1763002632.14813,-0.033330450568662254,0.009472682297094368,0.390867684447646,-0.005018156198552337,-0.23583851443423262,0.09779951431835097,0.04190499571521833,-0.0026116989437024295,0.0,0.0,0.0,1.0,0.0,0.0,0.0,0.0,0.0,0.0,0.0,0.0,0.0,-0.014,0.004,0.497,1.0,0.003,0.0,-0.003,-0.013,-0.038,0.071,0.1,0.0,-0.0,0.0,0.0,1.0,1.0,0.0,0.0,0.0,29.908502453859708,1.0,0.07353076973445713,154.77645888455476,159.89010005701533,0.5,0.002,0.0018,0.0142,0.0098
183,1763002632.1856327,-0.021240742364404406,0.0220317877302191,0.3904899004487643,-0.005012165482516773,0.11756403698571224,0.12653832256095676,0.03530892845594853,-0.00044190845949958375,0.0,0.0,0.0,1.0,0.0,0.0,0.0,0.0,0.0,0.0,0.0,0.0,0.0,-0.015,0.003,0.499,1.0,0.002,0.0,-0.003,-0.016,-0.029,0.084,-0.0,-0.1,-0.0,0.0,0.0,1.0,1.0,0.0,0.0,0.0,29.880610643926115,1.0,0.07387567710958041,154.6298188682717,159.88805723597474,0.5,0.002,0.0017,0.0091,0.013
184,1763002632.2163262,-0.0074383194253354185,0.015225244896491349,0.3906509416990979,-0.005096273792984115,0.13590015515424944,-0.06586224956425561,0.04065940254821196,-0.0013422996529250915,0.0,0.0,0.0,1.0,0.0,0.0,0.0,0.0,0.0,0.0,0.0,0.0,0.0,-0.015,0.002,0.501,1.0,0.001,-0.0,-0.003,-0.018,-0.034,0.075,-0.1,-0.0,0.0,0.0,0.0,1.0,1.0,0.0,0.0,0.0,29.852497120102345,1.0,0.07395164682994697,154.64287897499003,159.88842045422666,0.5,0.002,0.0018,0.0172,0.0082
185,1763002632.2459636,-9.46897872616901e-05,-0.015291135464888205,0.3911024929997699,-0.004137097545891989,0.07269246443820375,-0.3036412791241464,0.04358060717663047,0.009082135091622864,0.0,0.0,0.0,1.0,0.0,0.0,0.0,0.0,0.0,0.0,0.0,0.0,0.0,-0.016,0.001,0.503,1.0,-0.001,0.006,-0.002,-0.018,-0.038,0.066,-0.1,0.1,0.0,0.0,0.0,1.0,1.0,0.0,0.0,0.0,29.824193401686443,1.0,0.0739892115151799,154.73793761269152,159.8895183045283,0.5,0.002,0.0034,0.0125,0.0072
186,1763002632.273331,-0.00627354696258994,-0.03731458780747378,0.3912607781326307,-0.0036970881203446,-0.06179804073200865,-0.22176363697234458,0.04069310062858513,0.003986384500884692,0.0,0.0,0.0,1.0,0.0,0.0,0.0,0.0,0.0,0.0,0.0,0.0,0.0,-0.016,-0.0,0.506,1.0,-0.001,0.008,-0.002,-0.02,-0.028,0.067,0.0,0.2,0.0,0.0,0.0,1.0,1.0,0.0,0.0,0.0,29.796327862810344,1.0,0.07545167652604527,154.75321000582568,159.8897538194539,0.5,0.0035,0.0011,0.0083,0.0052
187,1763002632.3100119,-0.014099662160169066,0.012220180521554186,0.3913759865571178,-0.0024709977742164834,-0.07888850667205026,0.49161622450953224,0.040278162058134025,0.01189119464924671,0.0,0.0,0.0,1.0,0.0,0.0,0.0,0.0,0.0,0.0,0.0,0.0,0.0,-0.017,-0.001,0.508,1.0,-0.0,0.001,-0.001,-0.01,-0.037,0.068,0.0,-0.3,0.0,0.0,0.0,1.0,1.0,0.0,0.0,0.0,29.768823447736022,1.0,0.07128533571362554,154.876722657016,159.89287582852998,0.5,0.0013,0.0034,0.0086,0.0096
188,1763002632.3474445,-0.026669203471244546,-0.021839876835281567,0.39171080952704573,-0.0031505906565623414,-0.1271053793267717,-0.3393785555162021,0.04248582835499111,-0.007043028600880226,0.0,0.0,0.0,1.0,0.0,0.0,0.0,0.0,0.0,0.0,0.0,0.0,0.0,-0.017,-0.002,0.51,1.0,0.001,0.005,-0.002,-0.018,-0.03,0.059,0.1,0.2,-0.0,0.0,0.0,1.0,1.0,0.0,0.0,0.0,29.74109432008103,1.0,0.0708968685484422,154.75990954301474,159.89048565661784,0.5,0.0021,0.002,0.0125,0.0103
189,1763002632.3722334,-0.020408615612607685,-0.019605950862994624,0.39186268312771705,-0.004317615449802109,0.059938958239244125,0.020155272039341227,0.04068981695941785,-0.011985306998053917,0.0,0.0,0.0,1.0,0.0,0.0,0.0,0.0,0.0,0.0,0.0,0.0,0.0,-0.018,-0.003,0.512,1.0,0.001,0.005,-0.003,-0.012,-0.034,0.063,0.0,0.1,-0.0,0.0,0.0,1.0,1.0,0.0,0.0,0.0,29.71391672429857,1.0,0.0721535545725957,154.62144551039063,159.88828647469055,0.5,0.0021,0.0041,0.0078,0.0038
190,1763002632.4057572,-0.06504470430768577,-0.042694662384266016,0.3924874759647593,-0.004689819924731902,-0.44840174851204156,-0.2328477102990133,0.045434196683194226,-0.004153806294278129,0.0,0.0,0.0,1.0,0.0,0.0,0.0,0.0,0.0,0.0,0.0,0.0,0.0,-0.018,-0.004,0.513,1.0,0.006,0.009,-0.003,-0.012,-0.034,0.051,0.3,0.2,-0.0,0.0,0.0,1.0,1.0,0.0,0.0,0.0,29.686290332559576,1.0,0.07497000158489452,154.05258125425448,159.88162814443348,0.5,0.0015,0.0015,0.0081,0.008
191,1763002632.4397008,-0.014667408421821404,0.004845496097446264,0.39175354645766985,-0.004678777878702324,0.4972684884278751,0.47113211857869614,0.03190945252558161,-0.0003585615321774153,0.0,0.0,0.0,1.0,0.0,0.0,0.0,0.0,0.0,0.0,0.0,0.0,0.0,-0.019,-0.005,0.517,1.0,-0.002,0.004,-0.002,-0.017,-0.026,0.08,-0.4,-0.2,0.0,0.0,0.0,1.0,1.0,0.0,0.0,0.0,29.660675686636928,1.0,0.07,154.78817632312877,159.90349640184857,0.5,0.0013,0.0014,0.0086,0.0082
192,1763002632.4738986,0.021432209599466623,0.029708519664076977,0.3921179874038176,-0.0039924749120499835,0.3595294393706982,0.24911478527605171,0.04281976410724442,0.006395151878653171,0.0,0.0,0.0,1.0,0.0,0.0,0.0,0.0,0.0,0.0,0.0,0.0,0.0,-0.019,-0.006,0.518,1.0,-0.005,0.001,-0.002,-0.016,-0.025,0.061,-0.2,-0.2,0.0,0.0,0.0,1.0,1.0,0.0,0.0,0.0,29.63410473750959,1.0,0.07089133413389061,155.1065382329984,159.91248791487638,0.5,0.0012,0.0012,0.009,0.009
193,1763002632.512193,0.008256988540843578,0.017449965788133855,0.3924056588827913,-0.0037106283674413886,-0.12960898962628375,-0.11961468679302353,0.04208851353011799,0.0024192179548809378,0.0,0.0,0.0,1.0,0.0,0.0,0.0,0.0,0.0,0.0,0.0,0.0,0.0,-0.02,-0.007,0.52,1.0,-0.005,0.0,-0.002,-0.015,-0.027,0.061,-0.0,-0.0,0.0,0.0,0.0,1.0,1.0,0.0,0.0,0.0,29.607777508622608,1.0,0.0711534806278124,155.0791528365266,159.91209238289164,0.5,0.0022,0.002,0.0087,0.0126
194,1763002632.5502017,-0.007584260662017929,0.011310099973559152,0.3920267625366928,-0.00844892692588452,-0.15758679317453067,-0.05965366156693365,0.03545160242729525,-0.04775404842117545,0.0,0.0,0.0,1.0,0.0,0.0,0.0,0.0,0.0,0.0,0.0,0.0,0.0,-0.02,-0.008,0.523,1.0,-0.004,0.001,-0.003,-0.013,-0.028,0.074,0.1,0.0,-0.1,0.0,0.0,1.0,1.0,0.0,0.0,0.0,29.582441039802184,1.0,0.0702336889359642,154.99147547324716,159.91017542848562,0.5,0.0019,0.0078,0.0099,0.0102
195,1763002632.575854,-0.02491137616591789,0.0161064114115593,0.39227473165402615,-0.011428939308880452,-0.17402958110520145,0.04909412437735736,0.04168236742700329,-0.03064501652254774,0.0,0.0,0.0,1.0,0.0,0.0,0.0,0.0,0.0,0.0,0.0,0.0,0.0,-0.021,-0.008,0.525,1.0,-0.001,0.0,-0.004,-0.02,-0.015,0.071,0.2,-0.0,-0.1,0.0,0.0,1.0,1.0,0.0,0.0,0.0,29.557113536560028,1.0,0.07,154.84713536994914,159.90785669953712,0.5,0.0021,0.0018,0.0083,0.0103
196,1763002632.6075087,0.008590937787684022,-0.012927842283387343,0.39274456554100473,-0.0031619185651262406,0.3325320019194273,-0.2887318958083105,0.04392581203518747,0.08152731350665407,0.0,0.0,0.0,1.0,0.0,0.0,0.0,0.0,0.0,0.0,0.0,0.0,0.0,-0.022,-0.009,0.527,1.0,-0.004,0.004,-0.002,-0.025,-0.015,0.062,-0.1,0.2,0.1,0.0,0.0,1.0,1.0,0.0,0.0,0.0,29.531430485788086,1.0,0.07,155.02622376910088,159.9089924937662,0.5,0.0019,0.0017,0.0116,0.0055
197,1763002632.632644,0.0058304869026584855,0.0038278543102696523,0.39295014234709535,-0.004402219247439523,-0.026745415071486978,0.16626418170823115,0.04133022461500669,-0.012719198679645431,0.0,0.0,0.0,1.0,0.0,0.0,0.0,0.0,0.0,0.0,0.0,0.0,0.0,-0.022,-0.009,0.529,1.0,-0.004,0.003,-0.003,-0.023,-0.016,0.064,-0.0,-0.0,0.0,0.0,0.0,1.0,1.0,0.0,0.0,0.0,29.506060355119782,1.0,0.07,155.00103925909178,159.9085850630421,0.5,0.0013,0.0016,0.0049,0.0037
198,1763002632.6771472,0.008831274068555458,0.0014719121285558462,0.3934915911515763,-7.126496282590291e-05,0.03059092034923558,-0.02317663638611106,0.044709502279518795,0.04286932092139224,0.0,0.0,0.0,1.0,0.0,0.0,0.0,0.0,0.0,0.0,0.0,0.0,0.0,-0.023,-0.01,0.532,1.0,-0.005,0.002,-0.002,-0.026,-0.014,0.064,-0.0,0.1,0.1,0.0,0.0,1.0,1.0,0.0,0.0,0.0,29.48087932663356,1.0,0.07013031574438666,155.0325839761069,159.90841898797817,0.5,0.002,0.0017,0.0106,0.0091
199,1763002632.7156172,-0.006412886581054033,-0.007084405392698394,0.39341178472777755,-0.0019160404471509286,-0.15155847908923933,-0.08541598399968682,0.038551094877170275,-0.018454881339532853,0.0,0.0,0.0,1.0,0.0,0.0,0.0,0.0,0.0,0.0,0.0,0.0,0.0,-0.024,-0.01,0.534,1.0,-0.002,0.004,-0.002,-0.02,-0.005,0.074,0.1,0.1,-0.0,0.0,0.0,1.0,1.0,0.0,0.0,0.0,29.45641962073945,1.0,0.07,155.04548211927383,159.90788384834798,0.5,0.0031,0.0027,0.012,0.0109
200,1763002632.7485006,0.003015111289238502,0.0020991186297810325,0.39312407526241816,-0.00381628770262093,0.09363869004481992,0.09112679968552442,0.03646408381918395,-0.01919407659941511,0.0,0.0,0.0,1.0,0.0,0.0,0.0,0.0,0.0,0.0,0.0,0.0,0.0,-0.025,-0.01,0.537,1.0,-0.003,0.004,-0.003,-0.022,-0.005,0.079,0.0,0.0,-0.0,0.0,0.0,1.0,1.0,0.0,0.0,0.0,29.43235226570479,1.0,0.07000335996844152,155.0280358237553,159.9075621565019,0.5,0.002,0.0018,0.0086,0.0157
201,1763002632.7803783,0.017571227890281503,0.0045481878897742824,0.39351310600268935,-0.004625362740621649,0.14586267713935389,0.024700604462910607,0.04320271492895408,-0.008472379150269283,0.0,0.0,0.0,1.0,0.0,0.0,0.0,0.0,0.0,0.0,0.0,0.0,0.0,-0.026,-0.01,0.539,1.0,-0.004,0.004,-0.003,-0.023,-0.005,0.083,-0.1,0.0,-0.0,0.0,0.0,1.0,1.0,0.0,0.0,0.0,29.408606917065185,1.0,0.0701679846002437,155.00544778290862,159.90737264494828,0.5,0.002,0.0019,0.0135,0.0096
202,1763002632.8109038,0.007274136935454045,-0.004870709467458082,0.3938797110967824,-0.0001453489788354658,-0.10121378675924642,-0.09373415478334621,0.04301736154119932,0.04433760134379967,0.0,0.0,0.0,1.0,0.0,0.0,0.0,0.0,0.0,0.0,0.0,0.0,0.0,-0.026,-0.011,0.542,1.0,-0.003,0.004,-0.002,-0.023,-0.005,0.077,0.0,0.1,0.1,0.0,0.0,1.0,1.0,0.0,0.0,0.0,29.384580789421396,1.0,0.0702311856009508,155.01195423906907,159.90699555692515,0.5,0.002,0.0017,0.0089,0.0115
203,1763002632.8370125,0.002432890354204828,-0.01455808644641529,0.3935651354024698,-0.002028129364955771,-0.04768505211894674,-0.09736084073631787,0.03624221416655183,-0.018842338759086603,0.0,0.0,0.0,1.0,0.0,0.0,0.0,0.0,0.0,0.0,0.0,0.0,0.0,-0.027,-0.01,0.545,1.0,-0.001,0.004,-0.002,-0.027,0.005,0.089,0.0,0.2,0.0,0.0,0.0,1.0,1.0,0.0,0.0,0.0,29.36134557441888,1.0,0.07077678820310632,154.98584023786844,159.90682664753442,0.5,0.0014,0.0014,0.008,0.006
204,1763002632.888117,0.005598888553795324,0.011367527860023619,0.3938262037716097,-0.0029049264218930105,0.03190327103132545,0.25780033441974753,0.04196719723164612,-0.008970783505867974,0.0,0.0,0.0,1.0,0.0,0.0,0.0,0.0,0.0,0.0,0.0,0.0,0.0,-0.028,-0.01,0.548,1.0,-0.002,0.004,-0.002,-0.02,0.007,0.1,-0.0,-0.1,-0.0,0.0,0.0,1.0,1.0,0.0,0.0,0.0,29.338793654563275,1.0,0.07022703576961585,154.99918330757055,159.9066695940444,0.5,0.0021,0.008,0.0096,0.015
205,1763002632.9114983,0.006143185326856255,0.015860965631641,0.39407577759816487,-0.003248440166080035,0.00600285658598886,0.04607113050217615,0.0418783586427125,-0.003725630084059547,0.0,0.0,0.0,1.0,0.0,0.0,0.0,0.0,0.0,0.0,0.0,0.0,0.0,-0.028,-0.01,0.548,1.0,-0.002,0.004,-0.002,-0.02,0.007,0.1,-0.0,-0.1,-0.0,0.0,0.0,1.0,1.0,0.0,0.0,0.0,29.316187600228254,1.0,0.07058881678960398,154.9771013416532,159.90643270156838,0.5,0.0019,0.0017,0.0092,0.0099
206,1763002632.9520774,0.004639187617512249,0.016003692243595442,0.3932327244898008,-0.0072878075933373474,-0.014425658560754433,0.003013362682708534,0.03097704667617638,-0.040718518289181126,0.0,0.0,0.0,1.0,0.0,0.0,0.0,0.0,0.0,0.0,0.0,0.0,0.0,-0.029,-0.01,0.555,1.0,-0.001,0.002,-0.002,-0.027,0.012,0.117,-0.0,-0.0,-0.1,0.0,0.0,1.0,1.0,0.0,0.0,0.0,29.294599008642717,1.0,0.07072683427104168,154.93479332182181,159.90616528386687,0.5,0.002,0.0051,0.0104,0.0144
207,1763002632.9781525,-0.0012647262527623786,0.0014869723191050198,0.39391409906779606,-0.009997331273702729,-0.058575219940995044,-0.14356683002054463,0.046137018228932736,-0.02782401756298754,0.0,0.0,0.0,1.0,0.0,0.0,0.0,0.0,0.0,0.0,0.0,0.0,0.0,-0.029,-0.01,0.557,1.0,-0.0,0.003,-0.003,-0.023,0.005,0.116,0.0,0.1,-0.1,0.0,0.0,1.0,1.0,0.0,0.0,0.0,29.272907802835668,1.0,0.07045210507651883,154.92838086447853,159.90609751225156,0.5,0.0018,0.0018,0.0106,0.0103
208,1763002633.0219061,-0.007375349605968937,0.04595060015546516,0.3941972269556971,-0.007272344371955893,-0.06123270615734183,0.4447849755955119,0.042222688785789705,0.026250135890098072,0.0,0.0,0.0,1.0,0.0,0.0,0.0,0.0,0.0,0.0,0.0,0.0,0.0,-0.03,-0.01,0.562,1.0,0.001,-0.003,-0.003,-0.02,0.0,0.113,0.0,-0.2,0.0,0.0,0.0,1.0,1.0,0.0,0.0,0.0,29.251022426071327,1.0,0.0703886931303577,154.8175314388821,159.90500087185976,0.5,0.0022,0.0023,0.0168,0.0136
209,1763002633.0473604,-0.00824329476645059,0.05528755457101875,0.3944159216677831,-0.006126165709144959,-0.009416986565413434,0.0979646041710823,0.04160666981643012,0.010734552190913772,0.0,0.0,0.0,1.0,0.0,0.0,0.0,0.0,0.0,0.0,0.0,0.0,0.0,-0.03,-0.01,0.562,1.0,0.001,-0.003,-0.003,-0.02,0.0,0.113,0.0,-0.2,0.0,0.0,0.0,1.0,1.0,0.0,0.0,0.0,29.22909217539364,1.0,0.07463063367556755,154.4406028345639,159.89519472798358,0.5,0.0015,0.002,0.0091,0.0117
210,1763002633.0828006,-0.012886992185143218,0.00796240510286051,0.39554057771979695,-0.00565406313209834,-0.047261303663571334,-0.4677227392244805,0.05068815268691701,0.0041084091995516984,0.0,0.0,0.0,1.0,0.0,0.0,0.0,0.0,0.0,0.0,0.0,0.0,0.0,-0.032,-0.009,0.569,1.0,0.0,0.004,-0.003,-0.014,0.007,0.112,0.1,0.1,0.0,0.0,0.0,1.0,1.0,0.0,0.0,0.0,29.207162679022066,1.0,0.07509590157072879,154.4095075607029,159.89517826559538,0.5,0.0021,0.002,0.0154,0.0099
211,1763002633.1058457,0.001928281274419007,-0.005802997456901278,0.3958200630483353,-0.004545580640642301,0.14686403537710793,-0.13685778508733176,0.04234891105736268,0.010519418601350562,0.0,0.0,0.0,1.0,0.0,0.0,0.0,0.0,0.0,0.0,0.0,0.0,0.0,-0.032,-0.009,0.573,1.0,-0.001,0.004,-0.002,-0.015,0.014,0.117,-0.0,0.1,0.0,0.0,0.0,1.0,1.0,0.0,0.0,0.0,29.185479099489473,1.0,0.07514317955679033,154.46116390707692,159.89699081074338,0.5,0.0021,0.0018,0.0094,0.0058
212,1763002633.1440492,0.004422333074942434,-0.025066634382445156,0.3953452107613716,-0.003940355416288523,0.02513334613267617,-0.19321666900112888,0.034833483435196676,0.005597694179473554,0.0,0.0,0.0,1.0,0.0,0.0,0.0,0.0,0.0,0.0,0.0,0.0,0.0,-0.032,-0.008,0.578,1.0,-0.001,0.009,-0.002,-0.013,0.011,0.128,-0.0,0.1,0.0,0.0,0.0,1.0,1.0,0.0,0.0,0.0,29.164370280374623,1.0,0.07569028496991889,154.52125669486685,159.8990946129609,0.5,0.0021,0.0018,0.0105,0.0094
213,1763002633.1793175,0.004833676138124831,-0.012814128940204141,0.3962340724043611,-0.0037050559955345134,0.004555663939318215,0.12001839098416558,0.04842313750603252,0.0019589586659112387,0.0,0.0,0.0,1.0,0.0,0.0,0.0,0.0,0.0,0.0,0.0,0.0,0.0,-0.033,-0.008,0.581,1.0,-0.001,0.007,-0.002,-0.009,0.011,0.134,-0.0,-0.0,-0.0,0.0,0.0,1.0,1.0,0.0,0.0,0.0,29.143530805087416,1.0,0.07591641157585731,154.51542331775445,159.8991751237068,0.5,0.0022,0.0019,0.0088,0.013
214,1763002633.204938,-0.005420388964135723,0.01223165293770414,0.39645605029618386,-0.003613327164228997,-0.10205728340879305,0.24917640588506237,0.04184318615866408,0.0005467827135017082,0.0,0.0,0.0,1.0,0.0,0.0,0.0,0.0,0.0,0.0,0.0,0.0,0.0,-0.033,-0.008,0.586,1.0,-0.001,0.006,-0.002,-0.002,0.012,0.135,0.1,-0.2,0.0,0.0,0.0,1.0,1.0,0.0,0.0,0.0,29.122635122998155,1.0,0.07371029474883234,154.55122651995785,159.89772090935776,0.5,0.0023,0.0019,0.0098,0.0041
215,1763002633.2437792,-0.01904713195536489,-0.00876189988482759,0.39636966190149747,-0.002647720934486674,-0.13680946880870523,-0.20871236293154685,0.03878172108275479,0.009294729581000326,0.0,0.0,0.0,1.0,0.0,0.0,0.0,0.0,0.0,0.0,0.0,0.0,0.0,-0.033,-0.007,0.59,1.0,0.003,0.007,-0.001,0.0,0.014,0.136,0.1,-0.0,0.0,0.0,0.0,1.0,1.0,0.0,0.0,0.0,29.10170091479195,1.0,0.07385535934319606,154.53707466030744,159.89758992802203,0.5,0.0013,0.0013,0.0097,0.0113
216,1763002633.2722309,-0.007911165086782664,-0.005302144166699045,0.39690400245233304,-0.003139992143856425,0.10945495549028578,0.03372136719280265,0.04498037169850599,-0.005187484187146181,0.0,0.0,0.0,1.0,0.0,0.0,0.0,0.0,0.0,0.0,0.0,0.0,0.0,-0.033,-0.007,0.596,1.0,0.002,0.005,-0.002,-0.002,0.014,0.154,0.0,-0.0,-0.0,0.0,0.0,1.0,1.0,0.0,0.0,0.0,29.081724734016927,1.0,0.07406362577513886,154.51824227195243,159.89742034210266,0.5,0.0012,0.0015,0.01,0.0059
217,1763002633.3078275,-0.004960507077543967,0.006799983937855383,0.3969289260682446,-0.007381680073182868,0.02871546358370871,0.12049106662887438,0.039939636404348604,-0.04273087850765007,0.0,0.0,0.0,1.0,0.0,0.0,0.0,0.0,0.0,0.0,0.0,0.0,0.0,-0.033,-0.006,0.601,1.0,0.002,0.004,-0.002,0.004,0.015,0.155,0.0,-0.1,-0.1,0.0,0.0,1.0,1.0,0.0,0.0,0.0,29.06163699169676,1.0,0.07379539618084195,154.49768890371863,159.89707078940904,0.5,0.002,0.0014,0.0087,0.0091
218,1763002633.3395278,0.012526543526038797,-0.019676817564338322,0.39578255998523565,-0.006183315473359292,0.17437445532807325,-0.2640880166281515,0.0282292317767349,0.01124547799091747,0.0,0.0,0.0,1.0,0.0,0.0,0.0,0.0,0.0,0.0,0.0,0.0,0.0,-0.032,-0.006,0.607,1.0,-0.0,0.006,-0.003,0.008,0.015,0.178,-0.1,0.1,-0.0,0.0,0.0,1.0,1.0,0.0,0.0,0.0,29.042702510151408,1.0,0.07350672006410684,154.53094489564214,159.8972621203131,0.5,0.0014,0.0014,0.0084,0.0083
219,1763002633.378654,0.004862229268063021,-0.026632104280145473,0.39640517600664493,-0.004606407592833348,-0.07539048822715388,-0.07152054891450531,0.0458044162126163,0.015150747257923508,0.0,0.0,0.0,1.0,0.0,0.0,0.0,0.0,0.0,0.0,0.0,0.0,0.0,-0.032,-0.005,0.612,1.0,-0.0,0.007,-0.002,0.005,0.013,0.18,-0.0,0.1,0.0,0.0,0.0,1.0,1.0,0.0,0.0,0.0,29.023726882169427,1.0,0.0744291063620674,154.46552557307115,159.89660900446887,0.5,0.0017,0.0019,0.009,0.0123
220,1763002633.4098685,0.011253370922785671,-0.0361667413565408,0.3963670444467101,-0.004037382226420221,0.0643976394740328,-0.09800958119196779,0.03925920200131647,0.0052296129048479325,0.0,0.0,0.0,1.0,0.0,0.0,0.0,0.0,0.0,0.0,0.0,0.0,0.0,-0.032,-0.005,0.618,1.0,-0.002,0.009,-0.002,0.01,0.017,0.182,-0.0,0.1,0.0,0.0,0.0,1.0,1.0,0.0,0.0,0.0,29.00470375769984,1.0,0.07590095795275995,154.33104854652802,159.89501445967124,0.5,0.0021,0.0018,0.0098,0.0093
221,1763002633.4438107,0.024646820478579475,0.003003139746128085,0.3952745629720339,-0.003855580746973429,0.1350598326502166,0.38808213689103477,0.0287118896979089,0.001414276571825906,0.0,0.0,0.0,1.0,0.0,0.0,0.0,0.0,0.0,0.0,0.0,0.0,0.0,-0.032,-0.004,0.624,1.0,-0.002,0.006,-0.002,0.012,0.02,0.203,-0.1,-0.2,-0.0,0.0,0.0,1.0,1.0,0.0,0.0,0.0,28.986703396131002,1.0,0.0747799917625416,154.47713548402834,159.8980191870589,0.5,0.002,0.0018,0.0082,0.0108
222,1763002633.4770396,0.01181937030813755,0.017228783384080033,0.39619602474950466,-0.0037239372866128347,-0.1258098196565613,0.1425567503541323,0.04874207407191135,0.000930876528908605,0.0,0.0,0.0,1.0,0.0,0.0,0.0,0.0,0.0,0.0,0.0,0.0,0.0,-0.031,-0.004,0.631,1.0,-0.001,0.003,-0.002,0.016,0.016,0.191,-0.0,-0.2,0.0,0.0,0.0,1.0,1.0,0.0,0.0,0.0,28.967926402414854,1.0,0.0755742634605042,154.58972214029788,159.90070600037467,0.5,0.002,0.0017,0.0105,0.0094
223,1763002633.5101368,0.0030328518829316944,-0.00029913633209561336,0.3956840270421957,-0.003649988097642927,-0.08668324722124478,-0.17355631882334843,0.03449962540186042,0.0003670981610377983,0.0,0.0,0.0,1.0,0.0,0.0,0.0,0.0,0.0,0.0,0.0,0.0,0.0,-0.031,-0.003,0.637,1.0,0.001,0.003,-0.002,0.014,0.016,0.21,0.0,-0.0,-0.0,0.0,0.0,1.0,1.0,0.0,0.0,0.0,28.950077248255592,1.0,0.075760707112601,154.56212019270473,159.90048893462688,0.5,0.0052,0.0018,0.0087,0.0066
224,1763002633.5373025,-0.010626385819748271,-0.004376057407589138,0.39437714228715376,-0.008641376343427208,-0.13628909183850652,-0.04079912438814484,0.02649955515380012,-0.050278881267607094,0.0,0.0,0.0,1.0,0.0,0.0,0.0,0.0,0.0,0.0,0.0,0.0,0.0,-0.03,-0.002,0.646,1.0,0.002,0.003,-0.003,0.016,0.019,0.224,0.1,-0.0,-0.1,0.0,0.0,1.0,1.0,0.0,0.0,0.0,28.932886390521386,1.0,0.07571647516111095,154.5771594580968,159.90080027453445,0.5,0.0008,0.001,0.0048,0.0106
225,1763002633.568796,-0.004120997912890358,-0.00539751209324155,0.39496977413888834,-0.011892336778517566,0.06399124048660429,-0.010652152597283037,0.04536403274606203,-0.03337374198524632,0.0,0.0,0.0,1.0,0.0,0.0,0.0,0.0,0.0,0.0,0.0,0.0,0.0,-0.03,-0.002,0.652,1.0,0.002,0.003,-0.004,0.017,0.015,0.215,-0.0,0.0,-0.1,0.0,0.0,1.0,1.0,0.0,0.0,0.0,28.915102657190737,1.0,0.07590850505799486,154.52898762331623,159.90066038602674,0.5,0.0012,0.0026,0.0056,0.0061
226,1763002633.6126113,0.00992262312165337,-0.0489660752671993,0.3949881764603517,-0.0039685505426662465,0.14002411055414823,-0.43622538294890173,0.03968100062852264,0.07804862868066142,0.0,0.0,0.0,1.0,0.0,0.0,0.0,0.0,0.0,0.0,0.0,0.0,0.0,-0.029,-0.001,0.659,1.0,0.002,0.007,-0.003,0.014,0.02,0.213,-0.1,0.3,0.1,0.0,0.0,1.0,1.0,0.0,0.0,0.0,28.897152783808252,1.0,0.07507622958275677,154.48059785447523,159.89984999795288,0.5,0.0013,0.0014,0.0137,0.0097
227,1763002633.6462831,0.0011242694282865093,-0.05433494373470104,0.39396817030469145,-0.0035072391475565448,-0.08699127462150325,-0.05858529220173726,0.02929875608943345,0.004216258896830416,0.0,0.0,0.0,1.0,0.0,0.0,0.0,0.0,0.0,0.0,0.0,0.0,0.0,-0.028,-0.001,0.667,1.0,0.002,0.009,-0.002,0.017,0.018,0.228,0.0,0.2,0.0,0.0,0.0,1.0,1.0,0.0,0.0,0.0,28.88000870950402,1.0,0.07940332980274807,154.12280782668694,159.88934786980278,0.5,0.0038,0.0017,0.0092,0.011
228,1763002633.67772,0.0017196079443799733,-0.013634133173361283,0.3937512749623933,-0.0035132603312129774,0.0060658121037633,0.40157461123992744,0.03722786360748836,-0.00041093575131998395,0.0,0.0,0.0,1.0,0.0,0.0,0.0,0.0,0.0,0.0,0.0,0.0,0.0,-0.027,-0.0,0.674,1.0,0.001,0.005,-0.002,0.025,0.014,0.236,-0.0,-0.1,0.0,0.0,0.0,1.0,1.0,0.0,0.0,0.0,28.863268297687455,1.0,0.07925978839060267,154.13096175364547,159.88973501644378,0.5,0.002,0.0019,0.011,0.0094
229,1763002633.711598,-0.00653338379793064,0.013898679328323383,0.3935826076359898,-0.003550941802619826,-0.08235795662866813,0.2739647116995105,0.037688454232204224,-0.0007281407471897818,0.0,0.0,0.0,1.0,0.0,0.0,0.0,0.0,0.0,0.0,0.0,0.0,0.0,-0.027,-0.0,0.681,1.0,0.003,0.002,-0.002,0.027,0.009,0.227,0.0,-0.2,-0.0,0.0,0.0,1.0,1.0,0.0,0.0,0.0,28.846006811469998,1.0,0.07865415787172267,154.35652905274102,159.8957821522879,0.5,0.0021,0.0018,0.0093,0.0109
230,1763002633.7426293,-0.007609564845636615,0.008216885647195159,0.3929277722654603,0.0007058723350514317,-0.011415148856852802,-0.05542806887844991,0.03280990705830346,0.04221304719645059,0.0,0.0,0.0,1.0,0.0,0.0,0.0,0.0,0.0,0.0,0.0,0.0,0.0,-0.026,0.0,0.689,1.0,0.003,0.002,-0.002,0.024,0.01,0.23,0.0,-0.1,0.1,0.0,0.0,1.0,1.0,0.0,0.0,0.0,28.828961739727532,1.0,0.07948864709149772,154.45651412522673,159.89826105659236,0.5,0.0013,0.0013,0.0097,0.0102
231,1763002633.7809286,0.0018957688237809288,-0.02684744643156617,0.3928402037954113,0.003658330768016406,0.09429238020961178,-0.34982163222289375,0.03841709252605647,0.02959517156315488,0.0,0.0,0.0,1.0,0.0,0.0,0.0,0.0,0.0,0.0,0.0,0.0,0.0,-0.025,0.001,0.697,1.0,0.001,0.003,-0.001,0.021,0.018,0.228,-0.0,0.2,0.1,0.0,0.0,1.0,1.0,0.0,0.0,0.0,28.811898454380767,1.0,0.0777406461976459,154.38347814831315,159.8943732567232,0.5,0.003,0.0032,0.0099,0.0113
232,1763002633.8121111,-0.030505580352136883,-0.0005882925183459155,0.3921849149475625,-0.0001937588044795646,-0.32382391487679996,0.25990679448904586,0.03273113190105296,-0.03815506264815807,0.0,0.0,0.0,1.0,0.0,0.0,0.0,0.0,0.0,0.0,0.0,0.0,0.0,-0.024,0.001,0.704,1.0,0.004,0.002,-0.002,0.025,0.007,0.234,0.2,-0.1,-0.0,0.0,0.0,1.0,1.0,0.0,0.0,0.0,28.795243991362575,1.0,0.07755343327232074,154.4250902029225,159.895696088151,0.5,0.002,0.0019,0.009,0.0121
233,1763002633.8438854,-0.010611735020915607,0.015632339597381622,0.3912317422456506,-0.0020008492332266974,0.19588789527699904,0.1621474919054408,0.029686764475637083,-0.01809028016791928,0.0,0.0,0.0,1.0,0.0,0.0,0.0,0.0,0.0,0.0,0.0,0.0,0.0,-0.024,0.002,0.712,1.0,0.003,0.002,-0.002,0.024,0.011,0.238,0.0,-0.2,-0.0,0.0,0.0,1.0,1.0,0.0,0.0,0.0,28.77891607252333,1.0,0.07861143018101947,154.50736732591673,159.89823758060282,0.5,0.002,0.002,0.011,0.0088
234,1763002633.882664,-0.02095145557312837,-0.015507776372581713,0.39137378247086263,-0.003887591893459883,-0.10445837902421912,-0.30983792573989516,0.040543576476685224,-0.01906751152565453,0.0,0.0,0.0,1.0,0.0,0.0,0.0,0.0,0.0,0.0,0.0,0.0,0.0,-0.023,0.002,0.719,1.0,0.004,0.003,-0.003,0.02,0.012,0.218,0.1,0.1,-0.0,0.0,0.0,1.0,1.0,0.0,0.0,0.0,28.761673521179507,1.0,0.0783099624844735,154.40499699354442,159.89598124691432,0.5,0.0021,0.0021,0.0097,0.0139
235,1763002633.9198418,0.009306491993377318,-0.021906704248067482,0.39036746425532715,-0.004842520992420656,0.300484330107744,-0.06554005639211585,0.029074196091731272,-0.009938050178953725,0.0,0.0,0.0,1.0,0.0,0.0,0.0,0.0,0.0,0.0,0.0,0.0,0.0,-0.022,0.002,0.727,1.0,0.001,0.003,-0.003,0.019,0.015,0.235,-0.1,0.1,-0.0,0.0,0.0,1.0,1.0,0.0,0.0,0.0,28.745559222929135,1.0,0.0779913089022373,154.40822183114489,159.8955577087285,0.5,0.0021,0.0023,0.0145,0.014
236,1763002633.947479,0.015150848038158984,-0.022910358621811292,0.38991321142605306,-0.00509666212066348,0.05937420964715435,-0.012227214162244864,0.03449421813279233,-0.0030256633816703087,0.0,0.0,0.0,1.0,0.0,0.0,0.0,0.0,0.0,0.0,0.0,0.0,0.0,-0.022,0.002,0.727,1.0,0.001,0.003,-0.003,0.019,0.015,0.235,-0.1,0.1,-0.0,0.0,0.0,1.0,1.0,0.0,0.0,0.0,28.729539476821863,1.0,0.07912116402943088,154.3377804385695,159.89483303166475,0.5,0.0022,0.0019,0.0142,0.0087
237,1763002633.9922519,0.018864605107698582,-0.013391552364581906,0.388743157357655,-0.004227357701670193,0.03865265549921188,0.09289702671011271,0.02729078045862473,0.008183377977866535,0.0,0.0,0.0,1.0,0.0,0.0,0.0,0.0,0.0,0.0,0.0,0.0,0.0,-0.021,0.003,0.741,1.0,-0.0,0.003,-0.002,0.021,0.012,0.238,-0.1,-0.0,-0.0,0.0,0.0,1.0,1.0,0.0,0.0,0.0,28.713955293940888,1.0,0.08035332726899722,154.28402959782505,159.89470558090628,0.5,0.0088,0.0051,0.0084,0.0164
238,1763002634.0174854,0.01971455170260552,-0.011689324903512884,0.3882046084902352,-0.003829974439914937,0.01038592645983926,0.015683119374232057,0.0334888270615672,0.0035510968473855516,0.0,0.0,0.0,1.0,0.0,0.0,0.0,0.0,0.0,0.0,0.0,0.0,0.0,-0.021,0.003,0.741,1.0,-0.0,0.003,-0.002,0.021,0.012,0.238,-0.1,-0.0,-0.0,0.0,0.0,1.0,1.0,0.0,0.0,0.0,28.698512894510202,1.0,0.08170795254579724,154.1867630433682,159.8942158751685,0.5,0.0022,0.0019,0.0107,0.0096
239,1763002634.0446212,0.00409623546383533,0.0016855611723668902,0.38798946362860887,-0.004635417833138393,-0.1542117072174413,0.13257992826844645,0.03666901223275949,-0.008437431376226054,0.0,0.0,0.0,1.0,0.0,0.0,0.0,0.0,0.0,0.0,0.0,0.0,0.0,-0.02,0.004,0.755,1.0,0.002,0.002,-0.003,0.023,0.015,0.213,0.0,-0.1,-0.0,0.0,0.0,1.0,1.0,0.0,0.0,0.0,28.682108036555675,1.0,0.08195742422802338,154.22040804518846,159.8945478912115,0.5,0.002,0.0017,0.0115,0.0094
240,1763002634.0797951,-0.018849283343187105,0.02242416696992053,0.38738378756917563,-0.004035225326665462,-0.22904556452384078,0.2075546140927731,0.03274218576852859,0.00553838328141547,0.0,0.0,0.0,1.0,0.0,0.0,0.0,0.0,0.0,0.0,0.0,0.0,0.0,-0.019,0.004,0.763,1.0,0.004,0.0,-0.002,0.022,0.01,0.214,0.1,-0.2,0.0,0.0,0.0,1.2,1.0,0.0,0.0,0.0,28.66612803767136,1.0,0.08242838120269129,154.3773933837258,159.89610753582323,0.5,0.0015,0.0021,0.0093,0.0135
241,1763002634.114382,-0.005751131080128546,-0.01389431436573255,0.3865693477283221,-0.0038422506646436506,0.12909659429626685,-0.3609423966595387,0.030593980348382108,0.0015262240875515655,0.0,0.0,0.0,1.0,0.0,0.0,0.0,0.0,0.0,0.0,0.0,0.0,0.0,-0.018,0.005,0.77,1.0,0.003,0.002,-0.002,0.019,0.016,0.217,-0.0,0.1,-0.0,0.0,0.0,1.2,1.0,0.0,0.0,0.0,28.650653875731134,1.0,0.08151038915168457,154.3721958653542,159.89598235244952,0.5,0.0021,0.0019,0.0147,0.0089
242,1763002634.1495836,-0.01823882942007974,-0.009208588128264368,0.38621526044270194,-0.003589262168979615,-0.12545209650752479,0.04546783093810852,0.035116061916630865,0.002145659890175995,0.0,0.0,0.0,1.0,0.0,0.0,0.0,0.0,0.0,0.0,0.0,0.0,0.0,-0.018,0.005,0.776,1.0,0.004,0.002,-0.002,0.019,0.013,0.206,0.1,0.0,0.0,0.0,0.0,1.2,1.0,0.0,0.0,0.0,28.634952775698054,1.0,0.08192826035492513,154.3464350727103,159.89573726261708,0.5,0.002,0.0017,0.0083,0.0148
243,1763002634.1766138,-0.005967606536407105,-0.034917607444732324,0.3858053460634321,-0.0036523802373642413,0.12088834589471839,-0.25801105197750596,0.03452238225157166,-0.000990106900744218,0.0,0.0,0.0,1.0,0.0,0.0,0.0,0.0,0.0,0.0,0.0,0.0,0.0,-0.017,0.006,0.784,1.0,0.003,0.003,-0.002,0.021,0.014,0.2,0.0,0.2,0.0,0.0,0.0,1.2,1.0,0.0,0.0,0.0,28.61934462017704,1.0,0.0822782217289825,154.23136185825396,159.8950530394389,0.5,0.0022,0.0019,0.009,0.0099
244,1763002634.2132618,0.013462576034897306,-0.021051417453079768,0.38529201572747496,-0.004699160188917926,0.1937050650594034,0.13517013917205228,0.033447231246771854,-0.010833037539273272,0.0,0.0,0.0,1.0,0.0,0.0,0.0,0.0,0.0,0.0,0.0,0.0,0.0,-0.016,0.006,0.789,1.0,0.001,0.004,-0.003,0.022,0.012,0.201,-0.1,0.0,-0.0,0.0,0.0,1.2,1.0,0.0,0.0,0.0,28.60416248541214,1.0,0.08250942597899046,154.20503660446352,159.8942550907535,0.5,0.0014,0.0015,0.0082,0.015
245,1763002634.2455587,0.005297754459388012,-0.011261869052597828,0.3855670022170097,-0.004072755124116648,-0.08030195815160321,0.09579034225951143,0.041279066468094074,0.005794134629120988,0.0,0.0,0.0,1.0,0.0,0.0,0.0,0.0,0.0,0.0,0.0,0.0,0.0,-0.016,0.006,0.796,1.0,0.001,0.002,-0.002,0.02,0.011,0.176,-0.0,0.0,0.0,0.0,0.0,1.2,1.0,0.0,0.0,0.0,28.58809937595815,1.0,0.08285913830545093,154.1373663063417,159.8933293780315,0.5,0.0021,0.0017,0.0106,0.011
246,1763002634.2701516,-0.012220967314262681,-0.02351860918748149,0.3858030145522491,-0.0037677968338795586,-0.17465744229056812,-0.12369358825409642,0.04091682357409516,0.002642307389959242,0.0,0.0,0.0,1.0,0.0,0.0,0.0,0.0,0.0,0.0,0.0,0.0,0.0,-0.015,0.007,0.801,1.0,0.003,0.003,-0.002,0.019,0.013,0.167,0.1,0.1,0.0,0.0,0.0,1.2,1.0,0.0,0.0,0.0,28.57201744143325,1.0,0.08284945348972723,153.98249439509922,159.89131047896163,0.5,0.0015,0.0015,0.0088,0.005
247,1763002634.3091092,-0.004485448682482346,0.0033786277188050003,0.3851336886858489,-0.0091438328532694,0.07613308958637707,0.26662050814411675,0.03188704279122362,-0.054137139877286355,0.0,0.0,0.0,1.0,0.0,0.0,0.0,0.0,0.0,0.0,0.0,0.0,0.0,-0.015,0.007,0.807,1.0,0.003,0.001,-0.003,0.017,0.014,0.18,0.0,-0.1,-0.1,0.0,0.0,1.2,1.0,0.0,0.0,0.0,28.55702590847305,1.0,0.08264418790028998,154.00694740650874,159.8919202881011,0.5,0.0019,0.002,0.0099,0.0087
248,1763002634.3490188,0.010218011776165891,0.0053490626449934145,0.3854524977973956,-0.00501580585876651,0.14658605971823413,0.02004221203376469,0.04170145998405252,0.04036588665970196,0.0,0.0,0.0,1.0,0.0,0.0,0.0,0.0,0.0,0.0,0.0,0.0,0.0,-0.014,0.007,0.812,1.0,0.002,-0.001,-0.001,0.011,0.012,0.155,-0.1,-0.0,0.0,0.0,0.0,1.2,1.0,0.0,0.0,0.0,28.541128750175233,1.0,0.0824516578603257,153.99983268812196,159.8916452403593,0.5,0.0018,0.0018,0.016,0.0092
249,1763002634.375839,0.0025454249174165916,0.017980288596569378,0.3851847607806877,-0.004175846861936821,-0.0757040674098764,0.12684716578025895,0.03586787961266046,0.00789800938242025,0.0,0.0,0.0,1.0,0.0,0.0,0.0,0.0,0.0,0.0,0.0,0.0,0.0,-0.014,0.008,0.817,1.0,0.002,-0.002,-0.002,0.016,0.012,0.16,0.0,-0.1,0.0,0.0,0.0,1.2,1.0,0.0,0.0,0.0,28.525901924363694,1.0,0.08310199274718362,154.02793379977004,159.89234265918665,0.5,0.002,0.0026,0.0088,0.0086
250,1763002634.4024284,-0.0144430743851672,-0.0021393750195545687,0.3858384847817443,-0.003877214078581422,-0.16963045053409626,-0.19939860730158254,0.045055716088634956,0.0025687431473602985,0.0,0.0,0.0,1.0,0.0,0.0,0.0,0.0,0.0,0.0,0.0,0.0,0.0,-0.013,0.008,0.821,1.0,0.003,-0.001,-0.002,0.006,0.01,0.134,0.1,0.1,-0.0,0.0,0.0,1.2,1.0,0.0,0.0,0.0,28.509734021746397,1.0,0.08198810709383815,154.03259131880824,159.89188842715822,0.5,0.0008,0.0013,0.0049,0.0087
251,1763002634.434391,-0.0058947375262016505,-0.01681326842341798,0.38608558225028317,-0.003742257827681485,0.08403906115113877,-0.14695287154058959,0.041054823163562126,0.0009618411011412253,0.0,0.0,0.0,1.0,0.0,0.0,0.0,0.0,0.0,0.0,0.0,0.0,0.0,-0.013,0.008,0.825,1.0,0.003,0.002,-0.002,0.011,0.011,0.132,0.0,0.1,0.0,0.0,0.0,1.2,1.0,0.0,0.0,0.0,28.493881700439452,1.0,0.08169918090059293,154.0113464697675,159.8915379849462,0.5,0.0015,0.0013,0.0075,0.0041
252,1763002634.477267,-0.004723373559242827,0.02736435043267047,0.38646449917675507,-0.004618811820359607,0.011124165916968045,0.44009486171854273,0.04239772748974727,-0.00913976570954937,0.0,0.0,0.0,1.0,0.0,0.0,0.0,0.0,0.0,0.0,0.0,0.0,0.0,-0.013,0.009,0.829,1.0,0.003,-0.002,-0.003,0.006,0.008,0.121,0.0,-0.2,-0.0,0.0,0.0,1.2,1.0,0.0,0.0,0.0,28.477856631645068,1.0,0.08107826550070207,154.06973843650573,159.89199426615718,0.5,0.002,0.002,0.0102,0.0096
253,1763002634.5210555,-0.008153717348431632,0.00591985929600683,0.38676883034617743,-0.00506644656470777,-0.03477577524781232,-0.21170847632336934,0.04168976161189825,-0.004938228625517586,0.0,0.0,0.0,1.0,0.0,0.0,0.0,0.0,0.0,0.0,0.0,0.0,0.0,-0.013,0.009,0.833,1.0,0.004,0.001,-0.003,0.002,0.007,0.113,0.0,-0.0,0.0,0.0,0.0,1.2,1.0,0.0,0.0,0.0,28.46180888706444,1.0,0.0813579689677479,154.0445658986149,159.89160528294317,0.5,0.0021,0.0056,0.0097,0.0166
254,1763002634.551076,-0.008784183441382157,0.0018546253677764364,0.3870386677506875,-0.0051999103761847494,-0.007120032664348436,-0.04006035335270325,0.04137525707971932,-0.0018412827712405684,0.0,0.0,0.0,1.0,0.0,0.0,0.0,0.0,0.0,0.0,0.0,0.0,0.0,-0.013,0.009,0.833,1.0,0.004,0.001,-0.003,0.002,0.007,0.113,0.0,-0.0,0.0,0.0,0.0,1.2,1.0,0.0,0.0,0.0,28.44607685520426,1.0,0.08147043140141838,154.01914935102877,159.89133032531416,0.5,0.002,0.0017,0.0166,0.009
255,1763002634.5847454,-0.005650332308999885,-0.02881254154608906,0.38772650125639047,-0.004292251860072461,0.03046009297968451,-0.3064862066018773,0.045582201832098206,0.008556594123504414,0.0,0.0,0.0,1.0,0.0,0.0,0.0,0.0,0.0,0.0,0.0,0.0,0.0,-0.013,0.009,0.838,1.0,0.003,0.004,-0.002,-0.003,0.007,0.092,0.0,0.2,-0.0,0.0,0.0,1.2,1.0,0.0,0.0,0.0,28.42962968309847,1.0,0.0811847879737608,154.05702678890157,159.89224253802487,0.5,0.0062,0.0021,0.012,0.0111
256,1763002634.6113484,-0.006425759792439383,0.01666785839872259,0.3873910616350963,-0.004826644722670856,-0.008319308065294977,0.45192274529350757,0.03541825391269741,-0.005773153811991201,0.0,0.0,0.0,1.0,0.0,0.0,0.0,0.0,0.0,0.0,0.0,0.0,0.0,-0.013,0.009,0.841,1.0,0.003,-0.0,-0.003,0.009,0.003,0.108,-0.0,-0.2,-0.0,0.0,0.0,1.2,1.0,0.0,0.0,0.0,28.41431676146174,1.0,0.07940683988300073,154.11287753878113,159.89340957173403,0.5,0.0021,0.0019,0.0101,0.0105
257,1763002634.6458538,0.0140829931795597,-0.021733926790363123,0.3878065606008476,-0.005011357335035615,0.20444495374074687,-0.3823510660509848,0.042894095821022535,-0.0023297905959146657,0.0,0.0,0.0,1.0,0.0,0.0,0.0,0.0,0.0,0.0,0.0,0.0,0.0,-0.013,0.01,0.845,1.0,0.001,0.003,-0.003,-0.005,0.011,0.087,-0.1,0.2,0.0,0.0,0.0,1.2,1.0,0.0,0.0,0.0,28.39823201605019,1.0,0.07843289753317814,154.1690294734726,159.89320944449562,0.5,0.003,0.0029,0.0099,0.0099
258,1763002634.6777503,-0.012572475046731797,0.006606919832140918,0.388559188222116,-0.005067768116161735,-0.265146382944959,0.2812350735460041,0.04630693227276826,-0.0010652435447647494,0.0,0.0,0.0,1.0,0.0,0.0,0.0,0.0,0.0,0.0,0.0,0.0,0.0,-0.013,0.01,0.847,1.0,0.003,0.001,-0.003,0.003,0.004,0.072,0.1,-0.1,-0.0,0.0,0.0,1.2,1.0,0.0,0.0,0.0,28.381697475477985,1.0,0.07719966301963783,154.19125571983608,159.89370059640905,0.5,0.0021,0.0021,0.0097,0.0104
259,1763002634.7140946,-0.003361780615705646,-0.015316406992427093,0.3889290908088397,-0.0042666324990555185,0.09084969680558835,-0.21857257626246598,0.042554944689447996,0.007504579359445982,0.0,0.0,0.0,1.0,0.0,0.0,0.0,0.0,0.0,0.0,0.0,0.0,0.0,-0.013,0.01,0.85,1.0,0.002,0.003,-0.002,0.003,0.005,0.07,-0.0,0.1,0.0,0.0,0.0,1.2,1.0,0.0,0.0,0.0,28.365387578833772,1.0,0.0770085979179903,154.1573938752864,159.89288149861252,0.5,0.0021,0.0019,0.0128,0.0103
260,1763002634.749969,-0.0016329137605219741,0.009006286005456336,0.3890180669294049,-0.004850477633529059,0.01695249049026615,0.24169528927959155,0.03978267028653645,-0.0062651145946409515,0.0,0.0,0.0,1.0,0.0,0.0,0.0,0.0,0.0,0.0,0.0,0.0,0.0,-0.013,0.01,0.852,1.0,0.002,0.001,-0.003,0.001,0.005,0.072,0.0,-0.1,-0.0,0.0,0.0,1.2,1.0,0.0,0.0,0.0,28.349453352054514,1.0,0.07660916617257466,154.1805836212848,159.89326172640918,0.5,0.0022,0.0019,0.0089,0.0156
261,1763002634.7869215,-0.017467750959618722,0.01936058213844133,0.3894613524421996,-0.004138492865147699,-0.15851166336701966,0.10444358993039554,0.04333466182088732,0.0066347999204606906,0.0,0.0,0.0,1.0,0.0,0.0,0.0,0.0,0.0,0.0,0.0,0.0,0.0,-0.013,0.01,0.854,1.0,0.004,-0.001,-0.002,0.002,0.005,0.06,0.1,-0.1,-0.0,0.0,0.0,1.2,1.0,0.0,0.0,0.0,28.333159609149714,1.0,0.07697632686607381,154.1497543157765,159.89349012436642,0.5,0.0019,0.0071,0.0118,0.0124
262,1763002634.8083603,-0.021306266819241023,0.021422824945325998,0.38979812595577445,-0.003787169248281719,-0.04013193369218486,0.022558486282690866,0.042313870379968095,0.0030993868821450237,0.0,0.0,0.0,1.0,0.0,0.0,0.0,0.0,0.0,0.0,0.0,0.0,0.0,-0.013,0.01,0.854,1.0,0.004,-0.001,-0.002,0.002,0.005,0.06,0.1,-0.1,-0.0,0.0,0.0,1.2,1.0,0.0,0.0,0.0,28.317100216509466,1.0,0.07888059367632438,154.00691676335222,159.89272250839198,0.5,0.0022,0.0019,0.009,0.0075
263,1763002634.8455567,-0.01576407504579301,-0.008389269171474631,0.38973267048269594,-0.008044800036634218,0.053291291052556006,-0.29597865867347367,0.038325257864792746,-0.04295502480835318,0.0,0.0,0.0,1.0,0.0,0.0,0.0,0.0,0.0,0.0,0.0,0.0,0.0,-0.012,0.011,0.858,1.0,0.002,0.002,-0.002,-0.001,0.004,0.062,0.1,0.1,-0.1,0.0,0.0,1.2,1.0,0.0,0.0,0.0,28.3013829838115,1.0,0.07923243817084402,153.88146276081903,159.89179295794284,0.5,0.0021,0.0022,0.0113,0.0094
264,1763002634.8796604,-0.017998558076057394,-0.02028924306705477,0.39069965280290525,-0.005522226279772641,-0.0239212378072231,-0.11983866587294886,0.04864309025036224,0.02442125756495234,0.0,0.0,0.0,1.0,0.0,0.0,0.0,0.0,0.0,0.0,0.0,0.0,0.0,-0.012,0.011,0.859,1.0,0.003,0.004,-0.002,-0.002,0.004,0.036,0.1,0.1,-0.0,0.0,0.0,1.2,1.0,0.0,0.0,0.0,28.284558983894847,1.0,0.08017731309656374,153.75740751961567,159.89101311729132,0.5,0.0023,0.0019,0.0101,0.0112
265,1763002634.912931,0.013642173882346814,0.0034688005946168776,0.3903279951448474,-0.004462907411888339,0.3146074637764363,0.23555151231001098,0.035353388699712746,0.010040966050865767,0.0,0.0,0.0,1.0,0.0,0.0,0.0,0.0,0.0,0.0,0.0,0.0,0.0,-0.012,0.011,0.861,1.0,0.0,0.002,-0.002,0.005,0.007,0.059,-0.1,-0.1,-0.0,0.0,0.0,1.2,1.0,0.0,0.0,0.0,28.26913841494241,1.0,0.07913665018037119,153.83499674022175,159.89153999031353,0.5,0.002,0.003,0.0113,0.0094
266,1763002634.9416196,0.0031616671464828362,-0.021118165341486795,0.3909648421109607,-0.0038850418053625844,-0.10344084997040506,-0.245522779301575,0.04540126917561841,0.0053323653240687115,0.0,0.0,0.0,1.0,0.0,0.0,0.0,0.0,0.0,0.0,0.0,0.0,0.0,-0.012,0.012,0.862,1.0,0.002,0.004,-0.002,0.007,0.008,0.037,0.0,0.1,0.0,0.0,0.0,1.2,1.0,0.0,0.0,0.0,28.252762185867088,1.0,0.07917732160487378,153.81368145822591,159.8911815294295,0.5,0.0015,0.0016,0.0093,0.0092
267,1763002634.970573,0.0008769913442924918,-0.017744821672222515,0.39118955633335817,-0.002685150989189278,-0.022530591307255196,0.03162162015849408,0.04134362643507083,0.011610403981196803,0.0,0.0,0.0,1.0,0.0,0.0,0.0,0.0,0.0,0.0,0.0,0.0,0.0,-0.012,0.012,0.863,1.0,0.002,0.005,-0.001,0.006,0.007,0.041,0.0,0.0,0.0,0.0,0.0,1.2,1.0,0.0,0.0,0.0,28.236793799663538,1.0,0.07940587718401437,153.78382706882948,159.8908380013561,0.5,0.0015,0.0014,0.0081,0.0062
268,1763002635.0045302,0.015541904410911477,-0.03209266906958258,0.39104086697307605,-0.002198124060235477,0.14673682980061908,-0.14525295614082284,0.03763206203051401,0.004601754190619089,0.0,0.0,0.0,1.0,0.0,0.0,0.0,0.0,0.0,0.0,0.0,0.0,0.0,-0.011,0.012,0.865,1.0,0.001,0.006,-0.001,0.01,0.012,0.047,-0.1,0.1,-0.0,0.0,0.0,1.2,1.0,0.0,0.0,0.0,28.221297985998227,1.0,0.08077407518339007,153.6753267841439,159.88983212050002,0.5,0.0013,0.0013,0.0086,0.0062
269,1763002635.045654,0.02125206196856537,-0.011012820137101267,0.3908769196847699,-0.008470538739887278,0.058655766017630076,0.20758922241785482,0.03746461381424648,-0.06294395920254155,0.0,0.0,0.0,1.0,0.0,0.0,0.0,0.0,0.0,0.0,0.0,0.0,0.0,-0.011,0.012,0.867,1.0,-0.0,0.005,-0.003,0.012,0.008,0.048,-0.1,-0.1,-0.1,0.0,0.0,1.2,1.0,0.0,0.0,0.0,28.205991426177413,1.0,0.08111571102665105,153.6638277507175,159.89047515326791,0.5,0.0015,0.0014,0.0085,0.0142
270,1763002635.079895,0.009042573744542415,0.01997595609854878,0.3906986449459537,-0.005788713006120949,-0.119969676043373,0.3087864803427903,0.03730494458031504,0.02597120346367455,0.0,0.0,0.0,1.0,0.0,0.0,0.0,0.0,0.0,0.0,0.0,0.0,0.0,-0.011,0.013,0.868,1.0,0.001,-0.0,-0.002,0.012,0.011,0.051,0.0,-0.2,0.0,0.0,0.0,1.2,1.0,0.0,0.0,0.0,28.19096131092794,1.0,0.08089928196843443,153.82563790302265,159.8927379468186,0.5,0.0021,0.0018,0.0134,0.0091
271,1763002635.0984805,-0.00915516913784056,0.054090355175365826,0.3908762318304387,-0.004564500125494545,-0.18107317144937551,0.3431415863780254,0.04084573333944483,0.011663257505651947,0.0,0.0,0.0,1.0,0.0,0.0,0.0,0.0,0.0,0.0,0.0,0.0,0.0,-0.01,0.013,0.869,1.0,0.002,-0.003,-0.002,0.019,0.006,0.044,0.1,-0.4,0.0,0.0,0.0,1.2,1.0,0.0,0.0,0.0,28.175697185112224,1.0,0.08476682536549458,154.0122775785587,159.89540141733528,0.5,0.0009,0.001,0.005,0.0038
272,1763002635.1424758,-0.01824155505852589,0.004988266782720685,0.39193413705449437,-0.004298485889464594,-0.09177937612063736,-0.48561184840891486,0.04966667542360072,0.0022036923477500667,0.0,0.0,0.0,1.0,0.0,0.0,0.0,0.0,0.0,0.0,0.0,0.0,0.0,-0.01,0.013,0.87,1.0,0.004,0.002,-0.002,0.013,0.01,0.02,0.1,0.1,0.0,0.0,0.0,1.2,1.0,0.0,0.0,0.0,28.15937916246827,1.0,0.08396545425040766,154.06851618860725,159.89748800561176,0.5,0.002,0.0018,0.0142,0.0044
273,1763002635.177266,-0.006953168014499137,-0.007016636001929991,0.3917133855914168,-0.004935282590130727,0.1110597149344149,-0.11955020116823473,0.03698589907467348,-0.0067978155956077875,0.0,0.0,0.0,1.0,0.0,0.0,0.0,0.0,0.0,0.0,0.0,0.0,0.0,-0.009,0.014,0.872,1.0,0.004,0.002,-0.003,0.013,0.013,0.039,0.0,-0.0,-0.0,0.0,0.0,1.2,1.0,0.0,0.0,0.0,28.144214055822214,1.0,0.08434433198226406,154.03209120865682,159.89655252961157,0.5,0.0014,0.0014,0.0087,0.0124
274,1763002635.2052114,-0.040840072452654586,-0.010071064318815503,0.3917370939980756,-0.00410934654724786,-0.3395643611830045,-0.03124594676904811,0.03940842262573031,0.007765832169815601,0.0,0.0,0.0,1.0,0.0,0.0,0.0,0.0,0.0,0.0,0.0,0.0,0.0,-0.009,0.014,0.873,1.0,0.007,0.002,-0.002,0.016,-0.001,0.036,0.2,-0.0,0.0,0.0,0.0,1.2,1.0,0.0,0.0,0.0,28.128999384452957,1.0,0.08536091476152066,153.9471331057486,159.89617832658675,0.5,0.0013,0.0014,0.0104,0.005
275,1763002635.2324042,-0.0037610130669099018,-0.003989516091101023,0.3916755157661197,-0.0028454736243712876,0.3667065866121813,0.05980837584526324,0.03855792708024856,0.012227794574040926,0.0,0.0,0.0,1.0,0.0,0.0,0.0,0.0,0.0,0.0,0.0,0.0,0.0,-0.008,0.014,0.874,1.0,0.005,0.003,-0.001,0.02,0.009,0.039,-0.1,-0.1,0.0,0.0,0.0,1.2,1.0,0.0,0.0,0.0,28.11404760570442,1.0,0.08430654852582858,153.98830224425376,159.89600384886842,0.5,0.0014,0.0012,0.0053,0.0044
276,1763002635.2776296,0.027642394580010457,-0.04691079322353143,0.39154101157061916,-0.007765123886752879,0.3136579751625126,-0.42961172293341415,0.03782250962160598,-0.04948104998625304,0.0,0.0,0.0,1.0,0.0,0.0,0.0,0.0,0.0,0.0,0.0,0.0,0.0,-0.008,0.015,0.875,1.0,0.002,0.006,-0.002,0.02,0.017,0.042,-0.2,0.2,-0.1,0.0,0.0,1.2,1.0,0.0,0.0,0.0,28.099345603993196,1.0,0.08415106536648662,154.08451039930782,159.9014554436274,0.5,0.0017,0.0019,0.0107,0.0096
277,1763002635.307714,0.00958300139717512,-0.04665908647324417,0.3920995197352668,-0.00527325204401722,-0.17782969237035232,-0.0021740118194805425,0.04473918280353794,0.024142206038681304,0.0,0.0,0.0,1.0,0.0,0.0,0.0,0.0,0.0,0.0,0.0,0.0,0.0,-0.007,0.015,0.876,1.0,0.002,0.007,-0.002,0.018,0.016,0.025,-0.0,0.1,-0.0,0.0,0.0,1.2,1.0,0.0,0.0,0.0,28.083893365131704,1.0,0.08699035738187046,153.88473175188471,159.89652792369696,0.5,0.0013,0.0018,0.0087,0.0087
278,1763002635.3436534,0.0055780106340822325,-0.023393152108837353,0.3925300722141971,-0.004288317625500676,-0.03909160749121142,0.22799343499674374,0.04351547676282942,0.00932201898076372,0.0,0.0,0.0,1.0,0.0,0.0,0.0,0.0,0.0,0.0,0.0,0.0,0.0,-0.006,0.016,0.877,1.0,0.002,0.006,-0.002,0.027,0.013,0.023,0.0,-0.1,0.0,0.0,0.0,1.2,1.0,0.0,0.0,0.0,28.068481806675635,1.0,0.08668585080637284,153.91112413454826,159.897597635494,0.5,0.002,0.0019,0.0102,0.0095
279,1763002635.380519,-0.014624813489446591,0.01674569139281207,0.3919573616651267,-0.0049009826137215665,-0.20147044017187998,0.39904911980561053,0.03352590173071518,-0.006555481644758977,0.0,0.0,0.0,1.0,0.0,0.0,0.0,0.0,0.0,0.0,0.0,0.0,0.0,-0.005,0.016,0.878,1.0,0.004,0.001,-0.003,0.038,0.01,0.045,0.1,-0.3,-0.0,0.0,0.0,1.2,1.0,0.0,0.0,0.0,28.05427989774732,1.0,0.08409769770162707,154.36220452247198,159.90659917070045,0.5,0.0022,0.002,0.0091,0.0138
280,1763002635.4007125,-0.0047887937825767165,0.013722140142750423,0.39155445047398946,-0.010614532970843162,0.09689771571975409,-0.028560943361335245,0.03516662425514048,-0.05762560183258812,0.0,0.0,0.0,1.0,0.0,0.0,0.0,0.0,0.0,0.0,0.0,0.0,0.0,-0.004,0.016,0.88,1.0,0.004,-0.002,-0.004,0.026,0.015,0.046,-0.0,-0.1,-0.1,0.0,0.0,1.2,1.0,0.0,0.0,0.0,28.040186655595043,1.0,0.08488681863731647,154.3859417402458,159.90851662177994,0.5,0.0014,0.0013,0.0069,0.0041
281,1763002635.4453502,0.015505552772536688,-0.035759284783048,0.39243453368553194,-0.006646738937335345,0.20246458617287635,-0.4934420352437091,0.04795627716282322,0.03861648703799386,0.0,0.0,0.0,1.0,0.0,0.0,0.0,0.0,0.0,0.0,0.0,0.0,0.0,-0.003,0.017,0.88,1.0,0.003,0.004,-0.002,0.028,0.023,0.02,-0.1,0.3,0.0,0.0,0.0,1.2,1.0,0.0,0.0,0.0,28.024858742975898,1.0,0.08129584292452104,154.25974907212745,159.90339818808985,0.5,0.0022,0.0021,0.0092,0.0119
282,1763002635.4727614,0.018352040236537533,0.010311412775248559,0.3924172136753472,-0.005984213024268925,0.030015429917262113,0.4571310471046606,0.039070253266705914,0.005960585236930674,0.0,0.0,0.0,1.0,0.0,0.0,0.0,0.0,0.0,0.0,0.0,0.0,0.0,-0.002,0.018,0.881,1.0,0.002,-0.0,-0.003,0.04,0.012,0.032,-0.1,-0.3,0.0,0.0,0.0,1.2,1.0,0.0,0.0,0.0,28.010266020873342,1.0,0.0801993578955772,154.51555152114514,159.9121113799586,0.5,0.0024,0.0036,0.0086,0.0046
283,1763002635.5050902,-0.00602111418991896,-0.021502200119170513,0.392472329358003,-0.005743449632459017,-0.2418963402409111,-0.31710498766666584,0.039792878194092746,0.0018092126156721861,0.0,0.0,0.0,1.0,0.0,0.0,0.0,0.0,0.0,0.0,0.0,0.0,0.0,-0.001,0.018,0.882,1.0,0.003,0.0,-0.003,0.037,0.014,0.032,0.1,0.1,0.0,0.0,0.0,1.2,1.0,0.0,0.0,0.0,27.995760375319005,1.0,0.0788106284090776,154.4787332869604,159.90963816643398,0.5,0.0013,0.0015,0.0086,0.0066
284,1763002635.5382555,0.01784485447878977,-0.030767247688246263,0.3922986574405536,-0.004614040088887947,0.23805757526809543,-0.09480069570267453,0.037510513761306,0.010719750472464804,0.0,0.0,0.0,1.0,0.0,0.0,0.0,0.0,0.0,0.0,0.0,0.0,0.0,0.0,0.019,0.884,1.0,0.002,0.001,-0.002,0.037,0.022,0.036,-0.1,0.1,0.0,0.0,0.0,1.2,1.0,0.0,0.0,0.0,27.981546954548513,1.0,0.07910614710043828,154.3002160924532,159.90597511809216,0.5,0.0014,0.0014,0.0113,0.0041
285,1763002635.579568,-0.00790830437263439,-0.011353347753945725,0.39239080651684577,0.0013643270544576279,-0.2557471030663626,0.1910622745741808,0.04015135650697729,0.05932226742456695,0.0,0.0,0.0,1.0,0.0,0.0,0.0,0.0,0.0,0.0,0.0,0.0,0.0,0.002,0.019,0.884,1.0,0.004,0.001,-0.001,0.037,0.016,0.033,0.1,-0.1,0.1,0.0,0.0,1.2,1.0,0.0,0.0,0.0,27.967242612022183,1.0,0.07830017999288894,154.44840417376676,159.9077187576292,0.5,0.0014,0.0014,0.0089,0.0145
286,1763002635.6112554,0.0008000785926973002,-0.011810732704524096,0.3921435672954029,0.0038525451459538325,0.08629299921605343,-0.005709184281178253,0.036766688437256084,0.025018613620407804,0.0,0.0,0.0,1.0,0.0,0.0,0.0,0.0,0.0,0.0,0.0,0.0,0.0,0.003,0.02,0.886,1.0,0.003,0.002,-0.001,0.038,0.015,0.04,-0.0,-0.1,0.1,0.0,0.0,1.2,1.0,0.0,0.0,0.0,27.95337518667329,1.0,0.07850261207877643,154.5461257858854,159.9090248609066,0.5,0.0021,0.0018,0.0114,0.009
287,1763002635.642685,-0.017730680401297588,-0.0029888093001620188,0.3917497140678212,-0.0003691804805728634,-0.18522758208067913,0.08703816077316837,0.03527582445372429,-0.041832001750671574,0.0,0.0,0.0,1.0,0.0,0.0,0.0,0.0,0.0,0.0,0.0,0.0,0.0,0.004,0.02,0.887,1.0,0.006,-0.001,-0.002,0.039,0.014,0.047,0.1,-0.1,-0.0,0.0,0.0,1.2,1.0,0.0,0.0,0.0,27.939908383268115,1.0,0.07870937286750807,154.63406030235785,159.91020315120937,0.5,0.0015,0.0014,0.0089,0.0094
288,1763002635.6799245,0.006933887222157823,-0.04337751899039065,0.3919547040252849,-0.0013210783221104154,0.24487260819442433,-0.4041859778323024,0.041224870981419186,-0.0095558964634328,0.0,0.0,0.0,1.0,0.0,0.0,0.0,0.0,0.0,0.0,0.0,0.0,0.0,0.005,0.021,0.888,1.0,0.005,0.003,-0.001,0.029,0.022,0.037,-0.1,0.2,0.0,0.0,0.0,1.2,1.0,0.0,0.0,0.0,27.92600104054097,1.0,0.07697674999441302,154.42837413371004,159.9072620287163,0.5,0.0023,0.0023,0.013,0.0088
289,1763002635.7132423,0.01516734658480482,-0.015142935673534627,0.390902954005628,-0.002682411858658266,0.08302798234868573,0.2780080812695211,0.028677970205960628,-0.013745443197689548,0.0,0.0,0.0,1.0,0.0,0.0,0.0,0.0,0.0,0.0,0.0,0.0,0.0,0.006,0.021,0.89,1.0,0.003,0.001,-0.002,0.035,0.015,0.065,-0.1,-0.1,-0.0,0.0,0.0,1.2,1.0,0.0,0.0,0.0,27.91355821117683,1.0,0.07673314891412854,154.47203503112178,159.90857686210404,0.5,0.0023,0.003,0.0098,0.0111
290,1763002635.744409,-0.014328976558444794,-0.0017437185082197406,0.391314367293988,-0.004288863781410668,-0.29344649677401563,0.13247787808579542,0.043204428284161905,-0.016332760413389852,0.0,0.0,0.0,1.0,0.0,0.0,0.0,0.0,0.0,0.0,0.0,0.0,0.0,0.007,0.022,0.892,1.0,0.006,-0.001,-0.003,0.03,0.012,0.038,0.1,-0.1,-0.0,0.0,0.0,1.2,1.0,0.0,0.0,0.0,27.899807734729826,1.0,0.0761298954502155,154.57215525922027,159.91001870053026,0.5,0.0021,0.0019,0.0107,0.0096
291,1763002635.782676,-0.0064264579978984965,-0.02006957915932288,0.39115404563376066,-0.0029811474221049135,0.07759228794961848,-0.1834329783618533,0.03752822012712522,0.012648277214916476,0.0,0.0,0.0,1.0,0.0,0.0,0.0,0.0,0.0,0.0,0.0,0.0,0.0,0.008,0.022,0.893,1.0,0.006,0.002,-0.001,0.03,0.021,0.049,-0.0,0.0,0.0,0.0,0.0,1.2,1.0,0.0,0.0,0.0,27.886712365207178,1.0,0.07605668144826501,154.52028934676198,159.9091006924131,0.5,0.0021,0.0041,0.0117,0.0114
292,1763002635.811414,-0.03951668257996226,0.02864678781581778,0.3904911846926012,-0.0073933015754502115,-0.33154489162042755,0.4851567118354742,0.03248679515178142,-0.04441965627566346,0.0,0.0,0.0,1.0,0.0,0.0,0.0,0.0,0.0,0.0,0.0,0.0,0.0,0.009,0.023,0.895,1.0,0.009,-0.005,-0.002,0.039,0.008,0.062,0.2,-0.4,-0.1,0.0,0.0,1.2,1.0,0.0,0.0,0.0,27.874320294631897,1.0,0.0765730574963065,154.93241544229417,159.91640589634682,0.5,0.0022,0.0021,0.0109,0.0093
293,1763002635.8480113,-0.004167777064387396,-0.019501520657128235,0.3913950410660358,-0.006343010914928714,0.3495373868977523,-0.4786184059478783,0.048087682203606597,0.009763576447669963,0.0,0.0,0.0,1.0,0.0,0.0,0.0,0.0,0.0,0.0,0.0,0.0,0.0,0.01,0.023,0.896,1.0,0.006,-0.0,-0.003,0.024,0.009,0.03,-0.1,0.2,-0.0,0.0,0.0,1.2,1.0,0.0,0.0,0.0,27.860412920313436,1.0,0.07232281267508316,154.915474067453,159.91725050468796,0.5,0.0022,0.0022,0.0092,0.014
294,1763002635.86634,0.008963178011445343,-0.027730128826888547,0.39160254598115807,-0.0048124448397710495,0.13089277305188862,-0.08423623376331602,0.041214553257826574,0.014671359660083774,0.0,0.0,0.0,1.0,0.0,0.0,0.0,0.0,0.0,0.0,0.0,0.0,0.0,0.011,0.023,0.897,1.0,0.004,0.0,-0.002,0.03,0.012,0.036,-0.1,0.1,0.0,0.0,0.0,1.2,1.0,0.0,0.0,0.0,27.84694732150677,1.0,0.07253794031007381,154.86808673284727,159.9176504100888,0.5,0.0008,0.0009,0.0062,0.0051
295,1763002635.9107995,0.004009878898528007,-0.037060060889570104,0.39224874096941303,-0.005068130970357427,-0.048636673328028825,-0.0960723335095044,0.04562220448066532,-0.003038105789840883,0.0,0.0,0.0,1.0,0.0,0.0,0.0,0.0,0.0,0.0,0.0,0.0,0.0,0.012,0.024,0.898,1.0,0.003,0.003,-0.003,0.024,0.009,0.023,-0.0,0.1,-0.0,0.0,0.0,1.2,1.0,0.0,0.0,0.0,27.832958921186975,1.0,0.07388706887423596,154.66175008799607,159.91507027513995,0.5,0.0019,0.002,0.0087,0.0109
296,1763002635.9483442,0.017892813373542128,-0.009591089825177954,0.3921228040161737,-0.00521500389466143,0.13923033263999396,0.27098370455496446,0.03796550456454798,-0.001975542340075781,0.0,0.0,0.0,1.0,0.0,0.0,0.0,0.0,0.0,0.0,0.0,0.0,0.0,0.012,0.024,0.899,1.0,0.002,0.0,-0.003,0.025,0.013,0.036,-0.1,-0.1,-0.0,0.0,0.0,1.2,1.0,0.0,0.0,0.0,27.81973162862689,1.0,0.07412152424943987,154.7171233431764,159.91685114364924,0.5,0.0023,0.002,0.0144,0.0091
297,1763002635.988241,-0.004546253531056553,-0.002303256171790887,0.39225066606228476,-0.005342243846446277,-0.22260138770863255,0.07191922755135285,0.04049090086272844,-0.0017938999073145974,0.0,0.0,0.0,1.0,0.0,0.0,0.0,0.0,0.0,0.0,0.0,0.0,0.0,0.013,0.024,0.899,1.0,0.003,-0.001,-0.003,0.027,0.009,0.033,0.1,-0.1,-0.0,0.0,0.0,1.2,1.0,0.0,0.0,0.0,27.806415236590322,1.0,0.07321854379142782,154.80428744145735,159.91756060075778,0.5,0.0022,0.002,0.0098,0.0167
298,1763002636.0174096,-0.014493509663214483,-0.007984470599098181,0.3926048144710131,-0.005342085719159284,-0.099927186674685,-0.05704246989025202,0.042766550693511006,-0.0005326431117747051,0.0,0.0,0.0,1.0,0.0,0.0,0.0,0.0,0.0,0.0,0.0,0.0,0.0,0.014,0.025,0.9,1.0,0.005,-0.002,-0.003,0.026,0.009,0.026,0.1,-0.0,0.0,0.0,0.0,1.2,1.0,0.0,0.0,0.0,27.7928404324093,1.0,0.07306123302350565,154.7544703547206,159.91667240985294,0.5,0.002,0.0017,0.015,0.0094
299,1763002636.0499377,-0.01553586746712982,-0.007362506016943285,0.39288469291151634,-0.004314423141803559,-0.011872929005474799,0.00542119876163915,0.04205926585213398,0.009742417201641327,0.0,0.0,0.0,1.0,0.0,0.0,0.0,0.0,0.0,0.0,0.0,0.0,0.0,0.014,0.025,0.901,1.0,0.005,-0.002,-0.002,0.021,0.011,0.024,0.1,0.0,0.0,0.0,0.0,1.2,1.0,0.0,0.0,0.0,27.779269106202484,1.0,0.07373793428528945,154.66255789279606,159.91586318639955,0.5,0.002,0.0017,0.0087,0.0139
300,1763002636.0890346,0.004155842725820601,0.017859750359180745,0.3924455307342764,-0.0028147544259221726,0.19536351518279121,0.25148631315954595,0.03489684751875216,0.01456524484463351,0.0,0.0,0.0,1.0,0.0,0.0,0.0,0.0,0.0,0.0,0.0,0.0,0.0,0.015,0.025,0.902,1.0,0.005,-0.004,-0.001,0.024,0.01,0.04,-0.1,-0.2,0.0,0.0,0.0,1.2,1.0,0.0,0.0,0.0,27.766556938709538,1.0,0.07373758061604055,154.84627509733843,159.91726178232634,0.5,0.0021,0.0018,0.0151,0.0163
301,1763002636.1188564,0.007618022750430356,0.022414688184529113,0.3922777143081405,-0.0022385767801449204,0.03503738451867963,0.04733535328940175,0.03756638881206862,0.005480301015180301,0.0,0.0,0.0,1.0,0.0,0.0,0.0,0.0,0.0,0.0,0.0,0.0,0.0,0.015,0.025,0.902,1.0,0.005,-0.004,-0.001,0.024,0.01,0.04,-0.1,-0.2,0.0,0.0,0.0,1.2,1.0,0.0,0.0,0.0,27.75386728110695,1.0,0.07694778864262991,154.88643532730728,159.9180059347727,0.5,0.0021,0.0018,0.0089,0.0163
302,1763002636.151224,-0.016729911827154595,0.0028876137115236046,0.39247111866013357,-0.007304934239419268,-0.24271754350080643,-0.1930292759116021,0.041161814950745154,-0.05088743227075798,0.0,0.0,0.0,1.0,0.0,0.0,0.0,0.0,0.0,0.0,0.0,0.0,0.0,0.016,0.026,0.904,1.0,0.006,-0.003,-0.002,0.014,0.006,0.031,0.1,0.0,-0.1,0.0,0.0,1.2,1.0,0.0,0.0,0.0,27.740804284904836,1.0,0.07679317703255435,154.80971882759604,159.91709027810512,0.5,0.0021,0.0019,0.0168,0.01
303,1763002636.169269,0.003169527389724855,-0.017189358140002848,0.3934571401662782,-0.006257690799165337,0.19732140098607903,-0.20048095714411213,0.049107326927459456,0.009741940978597383,0.0,0.0,0.0,1.0,0.0,0.0,0.0,0.0,0.0,0.0,0.0,0.0,0.0,0.017,0.026,0.904,1.0,0.005,-0.001,-0.003,0.012,0.006,0.01,-0.1,0.1,0.0,0.0,0.0,1.2,1.0,0.0,0.0,0.0,27.726802335566724,1.0,0.07586101272284368,154.85565385227585,159.9175280953844,0.5,0.0046,0.001,0.0063,0.0038
304,1763002636.2113085,-0.018022354274758068,-0.011590326382731952,0.393569731334213,0.0005172772697864944,-0.21160186390585678,0.05427138175870866,0.04047162569597643,0.06712391160960178,0.0,0.0,0.0,1.0,0.0,0.0,0.0,0.0,0.0,0.0,0.0,0.0,0.0,0.017,0.026,0.905,1.0,0.006,-0.001,-0.001,0.016,0.004,0.021,0.1,0.0,0.1,0.0,0.0,1.2,1.0,0.0,0.0,0.0,27.71346319533345,1.0,0.07559643876252412,154.8417853587098,159.91654572680105,0.5,0.0018,0.0018,0.0105,0.0099
305,1763002636.2480729,0.0008008308191195662,0.0032212867039579894,0.3930497996669891,-0.0007151335491361213,0.18642961551130052,0.14695709822862618,0.03415765646118159,-0.01227238046224751,0.0,0.0,0.0,1.0,0.0,0.0,0.0,0.0,0.0,0.0,0.0,0.0,0.0,0.018,0.026,0.906,1.0,0.005,-0.002,-0.001,0.014,0.0,0.037,-0.1,-0.1,0.0,0.0,0.0,1.2,1.0,0.0,0.0,0.0,27.70096754873835,1.0,0.07472672933254881,154.89941012085373,159.91675085257495,0.5,0.002,0.0038,0.011,0.0113
306,1763002636.2818873,0.027133559339377,0.046626896376522065,0.39121415488043787,-0.006446892511378989,0.2634073682844863,0.43437822539603654,0.020948532101186364,-0.057389102977342274,0.0,0.0,0.0,1.0,0.0,0.0,0.0,0.0,0.0,0.0,0.0,0.0,0.0,0.018,0.026,0.908,1.0,0.002,-0.009,-0.002,0.017,0.009,0.076,-0.2,-0.3,-0.1,0.0,0.0,1.2,1.0,0.0,0.0,0.0,27.690375377471728,1.0,0.07552664790022764,155.00329928203269,159.918522089556,0.5,0.0019,0.002,0.0093,0.0152
307,1763002636.3073494,-0.021507217526052544,-0.003666051270708612,0.3927294125798443,-0.004738878477915306,-0.48369441272035774,-0.4982667868346546,0.054273992482108,0.016435451083498927,0.0,0.0,0.0,1.0,0.0,0.0,0.0,0.0,0.0,0.0,0.0,0.0,0.0,0.018,0.027,0.909,1.0,0.007,0.001,-0.002,0.005,0.007,0.014,0.3,0.5,0.0,0.0,0.0,1.2,1.0,0.0,0.0,0.0,27.67673023952006,1.0,0.07,155.55027196874366,159.937383916718,0.5,0.0013,0.0015,0.0097,0.0077
308,1763002636.3478026,-0.028776598456291047,-0.029584384231219955,0.3925298638055577,-0.003119699429460066,-0.07484453105499023,-0.25954993473218435,0.037277453515118145,0.015717902636760872,0.0,0.0,0.0,1.0,0.0,0.0,0.0,0.0,0.0,0.0,0.0,0.0,0.0,0.019,0.027,0.91,1.0,0.008,0.003,-0.001,0.008,0.0,0.033,0.1,0.1,0.0,0.0,0.0,1.2,1.0,0.0,0.0,0.0,27.664167987877857,1.0,0.07142757735055166,155.54841018854205,159.93909980959103,0.5,0.0021,0.0018,0.0088,0.0113
309,1763002636.37805,-0.0017079776846497356,0.011141973714895403,0.391530187345185,-0.007252280997458312,0.267808547870784,0.40430514103803156,0.029256221776829495,-0.041637785622928455,0.0,0.0,0.0,1.0,0.0,0.0,0.0,0.0,0.0,0.0,0.0,0.0,0.0,0.019,0.026,0.912,1.0,0.005,-0.002,-0.002,0.006,-0.001,0.059,-0.1,-0.2,-0.1,0.0,0.0,1.2,1.0,0.0,0.0,0.0,27.65293337650974,1.0,0.07,155.58735339313915,159.9383426171005,0.5,0.0021,0.0019,0.0111,0.0091
310,1763002636.4118826,0.010963523519820897,-0.006546423233108917,0.39179325881673394,-0.005052330159754222,0.1265442142762414,-0.17576977210855366,0.04178373345000751,0.021274280277295072,0.0,0.0,0.0,1.0,0.0,0.0,0.0,0.0,0.0,0.0,0.0,0.0,0.0,0.019,0.027,0.913,1.0,0.003,-0.001,-0.002,0.014,0.003,0.038,-0.1,0.0,0.0,0.0,0.0,1.2,1.0,0.0,0.0,0.0,27.64068500700674,1.0,0.07,155.61969821344206,159.93908222184095,0.5,0.0035,0.0015,0.0094,0.0105
311,1763002636.4426641,-0.01695602210539849,-0.021162115121182035,0.3925010518376517,-0.004121306184471484,-0.2780991039002118,-0.1468115612040421,0.04625725609085144,0.008805006736851969,0.0,0.0,0.0,1.0,0.0,0.0,0.0,0.0,0.0,0.0,0.0,0.0,0.0,0.02,0.027,0.914,1.0,0.006,0.0,-0.002,0.009,-0.002,0.023,0.1,0.1,-0.0,0.0,0.0,1.2,1.0,0.0,0.0,0.0,27.627812641965843,1.0,0.07,155.56008537433104,159.93828767336373,0.5,0.0021,0.0018,0.011,0.0072
312,1763002636.4702785,-0.02260199975339547,-0.014459981733131254,0.39201393407605095,-0.0037234620622419684,-0.058155378690509685,0.0649051223683896,0.034378927567758,0.0035663106038480025,0.0,0.0,0.0,1.0,0.0,0.0,0.0,0.0,0.0,0.0,0.0,0.0,0.0,0.02,0.026,0.915,1.0,0.006,0.0,-0.002,0.01,-0.002,0.046,0.1,0.0,-0.0,0.0,0.0,1.2,1.0,0.0,0.0,0.0,27.616163281227735,1.0,0.07106066320236411,155.43532849345033,159.93679248792665,0.5,0.0021,0.0021,0.008,0.0042
313,1763002636.5048473,-0.009146814945549399,-0.004205086735784324,0.39090677662059264,-0.002578345703979714,0.1322916481031211,0.10110295180015617,0.028129818853021838,0.011078817376398344,0.0,0.0,0.0,1.0,0.0,0.0,0.0,0.0,0.0,0.0,0.0,0.0,0.0,0.02,0.027,0.918,1.0,0.005,-0.003,-0.001,0.011,0.003,0.065,-0.0,-0.0,0.0,0.0,0.0,1.2,1.0,0.0,0.0,0.0,27.60547070076845,1.0,0.071664979330593,155.34309495127138,159.93593394356313,0.5,0.0014,0.0013,0.0083,0.0066
314,1763002636.536407,-0.008464198618571304,0.008001433047404504,0.39155471590569674,-0.0031105259145430587,0.005911481775225998,0.12164468915830985,0.04557007051310055,-0.0055796366760314225,0.0,0.0,0.0,1.0,0.0,0.0,0.0,0.0,0.0,0.0,0.0,0.0,0.0,0.021,0.027,0.919,1.0,0.005,-0.003,-0.002,0.008,-0.003,0.032,-0.0,-0.1,-0.0,0.0,0.0,1.2,1.0,0.0,0.0,0.0,27.593201486977087,1.0,0.07164259379383793,155.35850104398446,159.93587673660642,0.5,0.0039,0.0014,0.0062,0.0043
315,1763002636.5701907,0.0039145696363949625,0.01477790915503513,0.39195040176793927,-0.0032990696565388276,0.12294126268780556,0.0685649043810467,0.04311233021299474,-0.002196490011411996,0.0,0.0,0.0,1.0,0.0,0.0,0.0,0.0,0.0,0.0,0.0,0.0,0.0,0.021,0.026,0.92,1.0,0.004,-0.004,-0.002,0.004,-0.003,0.031,-0.1,-0.1,-0.0,0.0,0.0,1.2,1.0,0.0,0.0,0.0,27.581014807094206,1.0,0.07224215177136983,155.4489464626953,159.93688386153838,0.5,0.0015,0.0014,0.008,0.0058
316,1763002636.604898,-0.0033460537797732302,-0.011634848715688428,0.3917192294580027,-0.004416074983907659,-0.07221477719804241,-0.26264978779173204,0.03688331707742741,-0.011499960239342202,0.0,0.0,0.0,1.0,0.0,0.0,0.0,0.0,0.0,0.0,0.0,0.0,0.0,0.021,0.026,0.921,1.0,0.004,-0.002,-0.003,0.009,-0.003,0.043,0.0,0.1,-0.0,0.0,0.0,1.2,1.0,0.0,0.0,0.0,27.569500378216773,1.0,0.07137636301037406,155.4407148042765,159.9364514444723,0.5,0.0014,0.0014,0.0087,0.0064
317,1763002636.6480565,0.008959900981657496,-0.03491626405812785,0.3922718127272841,-0.003959521689895101,0.12272494223632993,-0.2339776382959631,0.04469775563861464,0.004123925441734819,0.0,0.0,0.0,1.0,0.0,0.0,0.0,0.0,0.0,0.0,0.0,0.0,0.0,0.021,0.026,0.922,1.0,0.003,0.001,-0.002,0.007,-0.001,0.025,-0.1,0.2,0.0,0.0,0.0,1.2,1.0,0.0,0.0,0.0,27.557192043624596,1.0,0.07236940950415295,155.42993854325508,159.93653776080524,0.5,0.0016,0.0023,0.0148,0.0088
318,1763002636.676721,-0.023436919292614433,-0.032858806961700064,0.3930097080490399,-0.003564714511079867,-0.32307221264455355,0.01708294455846511,0.0466061344902857,0.003552119619162828,0.0,0.0,0.0,1.0,0.0,0.0,0.0,0.0,0.0,0.0,0.0,0.0,0.0,0.021,0.026,0.922,1.0,0.005,0.002,-0.002,0.008,-0.001,0.015,0.2,0.1,0.0,0.0,0.0,1.2,1.0,0.0,0.0,0.0,27.54451576453821,1.0,0.07336762844858957,155.22577275630988,159.93223835939952,0.5,0.002,0.0048,0.0091,0.0072
319,1763002636.7143288,-0.024317509978125443,-0.010850709513621399,0.3925934137822666,-0.003439664937859325,-0.011149598784371523,0.2167950937846166,0.03513802813717083,0.0008940242810974337,0.0,0.0,0.0,1.0,0.0,0.0,0.0,0.0,0.0,0.0,0.0,0.0,0.0,0.022,0.026,0.923,1.0,0.006,0.001,-0.002,0.011,-0.002,0.037,0.1,-0.1,-0.0,0.0,0.0,1.2,1.0,0.0,0.0,0.0,27.53300428331442,1.0,0.07381715021126707,155.1735086296353,159.93167992246669,0.5,0.0015,0.0015,0.0093,0.0154
320,1763002636.7531703,-0.011897121759248976,0.024219828813733312,0.3921988560553259,-0.0033908276524565735,0.12177213119095211,0.34962031232218493,0.03531376410881944,0.00014440636024158626,0.0,0.0,0.0,1.0,0.0,0.0,0.0,0.0,0.0,0.0,0.0,0.0,0.0,0.022,0.026,0.925,1.0,0.005,-0.004,-0.002,0.02,-0.004,0.04,-0.0,-0.3,0.0,0.0,0.0,1.2,1.0,0.0,0.0,0.0,27.521673523372556,1.0,0.07343223746251049,155.49726044664666,159.93691133967218,0.5,0.002,0.0018,0.0183,0.0109
321,1763002636.7829936,-0.009654083530434895,0.032078985186804534,0.392052897507236,-0.003495214789736022,0.02124067011221594,0.08101354661208551,0.03776030012463314,-0.001382954138040144,0.0,0.0,0.0,1.0,0.0,0.0,0.0,0.0,0.0,0.0,0.0,0.0,0.0,0.022,0.026,0.925,1.0,0.005,-0.004,-0.002,0.02,-0.004,0.04,-0.0,-0.3,0.0,0.0,0.0,1.2,1.0,0.0,0.0,0.0,27.510374386432304,1.0,0.0786526855432606,155.57848788803994,159.93875833438412,0.5,0.0023,0.002,0.0095,0.015
322,1763002636.8177211,-0.002699304117744942,-0.014676997319050714,0.3918945530277146,-0.003540203765162773,0.06858238577385603,-0.464351926539872,0.037621844955510055,-0.0007994112332411103,0.0,0.0,0.0,1.0,0.0,0.0,0.0,0.0,0.0,0.0,0.0,0.0,0.0,0.023,0.026,0.928,1.0,0.003,0.001,-0.002,0.003,-0.003,0.039,-0.0,0.1,-0.0,0.0,0.0,1.2,1.0,0.0,0.0,0.0,27.499102931854658,1.0,0.077374619368079,155.55921677581736,159.93884761106415,0.5,0.0022,0.002,0.0176,0.0092
323,1763002636.8474422,-0.0014799519693578515,-0.025792613647126657,0.39183262539993446,-0.003516430781120631,0.011923591072096382,-0.1126238630126645,0.03857017902497114,-0.00011629053609486014,0.0,0.0,0.0,1.0,0.0,0.0,0.0,0.0,0.0,0.0,0.0,0.0,0.0,0.023,0.026,0.928,1.0,0.003,0.001,-0.002,0.003,-0.003,0.039,-0.0,0.1,-0.0,0.0,0.0,1.2,1.0,0.0,0.0,0.0,27.487881753535365,1.0,0.07733560811935387,155.52029433429382,159.9389346006576,0.5,0.0023,0.0018,0.0094,0.0081
324,1763002636.879901,-0.005417968255809598,0.020033555462596865,0.3915559487255005,-0.003476562549757813,-0.03952815806145324,0.4556824297325225,0.036416495795653175,4.703923551611488e-05,0.0,0.0,0.0,1.0,0.0,0.0,0.0,0.0,0.0,0.0,0.0,0.0,0.0,0.023,0.026,0.93,1.0,0.004,-0.003,-0.002,0.017,-0.006,0.044,0.0,-0.3,0.0,0.0,0.0,1.2,1.0,0.0,0.0,0.0,27.476959846366764,1.0,0.07489732542371333,155.67245183765678,159.94022040059252,0.5,0.0021,0.0019,0.0119,0.0104
325,1763002636.9023476,-0.01767495165855434,0.0040547911564774025,0.3913465683312078,-0.004631589708525125,-0.1231116308530284,-0.1577842875149349,0.03706179092962275,-0.011897927842648901,0.0,0.0,0.0,1.0,0.0,0.0,0.0,0.0,0.0,0.0,0.0,0.0,0.0,0.024,0.026,0.932,1.0,0.005,-0.004,-0.003,0.01,-0.001,0.044,0.1,-0.0,-0.0,0.0,0.0,1.2,1.0,0.0,0.0,0.0,27.46610716012946,1.0,0.0748605245181912,155.57683803028465,159.93952220676718,0.5,0.0022,0.0025,0.0064,0.0045
326,1763002636.952399,-0.00307863654343281,-0.0251040755962628,0.39169357729638316,-0.004090602510357083,0.14419565598535986,-0.2911831884117543,0.04260474648487475,0.004946713010827906,0.0,0.0,0.0,1.0,0.0,0.0,0.0,0.0,0.0,0.0,0.0,0.0,0.0,0.024,0.026,0.933,1.0,0.006,-0.002,-0.002,0.009,-0.002,0.032,-0.1,0.2,0.0,0.0,0.0,1.2,1.0,0.0,0.0,0.0,27.454749553112563,1.0,0.0735288768279502,155.64141118807586,159.94012598859388,0.5,0.0022,0.002,0.0158,0.012
327,1763002636.9708707,0.027106337228106223,-0.05822511215633475,0.3912061770275217,-0.00384239880185024,0.301541874061047,-0.33372077316034576,0.034295355041023254,0.0020729768340327134,0.0,0.0,0.0,1.0,0.0,0.0,0.0,0.0,0.0,0.0,0.0,0.0,0.0,0.024,0.026,0.933,1.0,0.004,0.001,-0.002,0.007,0.003,0.051,-0.3,0.4,0.0,0.0,0.0,1.2,1.0,0.0,0.0,0.0,27.444379007390285,1.0,0.0783268655701283,155.5781076501169,159.9381807515447,0.5,0.0014,0.0014,0.0083,0.0061
328,1763002637.0037515,0.021625883151576913,-0.028102606797691176,0.39133040658572615,-0.0037660238610914393,-0.052093907042482485,0.2954025423708023,0.04036291328479763,0.00037950952740298596,0.0,0.0,0.0,1.0,0.0,0.0,0.0,0.0,0.0,0.0,0.0,0.0,0.0,0.025,0.026,0.935,1.0,0.001,0.001,-0.002,0.014,-0.001,0.038,-0.1,-0.0,-0.0,0.0,0.0,1.2,1.0,0.0,0.0,0.0,27.433430141493957,1.0,0.08231297324362662,155.3740977303117,159.93140084887673,0.5,0.0014,0.0014,0.0083,0.006
329,1763002637.0401163,0.0012342808418077111,0.021607631477291698,0.39067644746504804,-0.010272530813243332,-0.20175343478253432,0.4942921220700595,0.032593449451791066,-0.06544167190762806,0.0,0.0,0.0,1.0,0.0,0.0,0.0,0.0,0.0,0.0,0.0,0.0,0.0,0.025,0.025,0.937,1.0,0.003,-0.006,-0.004,0.011,-0.007,0.056,-0.0,-0.4,-0.1,0.0,0.0,1.2,1.0,0.0,0.0,0.0,27.42341499114763,1.0,0.07812246533780931,155.9950391046266,159.94954788665265,0.5,0.0013,0.0014,0.0091,0.0079
330,1763002637.076885,0.0012441373005223529,0.032651713734633714,0.39060250831415816,-0.00745033511839655,0.00022199267132719247,0.11260158572114931,0.03832825323760605,0.027194703867143486,0.0,0.0,0.0,1.0,0.0,0.0,0.0,0.0,0.0,0.0,0.0,0.0,0.0,0.026,0.026,0.938,1.0,0.003,-0.007,-0.003,0.015,0.003,0.048,0.0,-0.2,-0.0,0.0,0.0,1.2,1.0,0.0,0.0,0.0,27.413055718884724,1.0,0.08039926611496338,156.1593002359202,159.95549572173107,0.5,0.0014,0.0019,0.0093,0.0106
331,1763002637.1126537,-0.012383621462819738,-0.0002725849472168321,0.39076690239144735,-0.007276262279543647,-0.13615317390336867,-0.3259778154450421,0.04070419160430837,0.0009956948766893826,0.0,0.0,0.0,1.0,0.0,0.0,0.0,0.0,0.0,0.0,0.0,0.0,0.0,0.026,0.026,0.94,1.0,0.004,-0.006,-0.004,0.018,0.004,0.042,0.1,0.1,-0.0,0.0,0.0,1.2,1.0,0.0,0.0,0.0,27.40249027039797,1.0,0.0789148551000084,156.17103201906824,159.95523070013573,0.5,0.0015,0.0015,0.0133,0.009
332,1763002637.145503,-0.019939788396887963,-0.03818050282920198,0.39125131260463425,-0.00622323265337621,-0.07680003148696424,-0.3791064373145733,0.043920792371014185,0.009802670033720012,0.0,0.0,0.0,1.0,0.0,0.0,0.0,0.0,0.0,0.0,0.0,0.0,0.0,0.027,0.026,0.941,1.0,0.005,-0.002,-0.003,0.015,-0.002,0.031,0.1,0.3,0.0,0.0,0.0,1.2,1.0,0.0,0.0,0.0,27.391498703847933,1.0,0.07758858329543837,156.1489530067073,159.95495140072026,0.5,0.0024,0.0025,0.0094,0.011
333,1763002637.1801565,-0.01459778618424825,-0.0470329355931168,0.3921605205746563,-0.0006650533148097118,0.05142604328670833,-0.09234237792206836,0.04821721096068331,0.05495947012032737,0.0,0.0,0.0,1.0,0.0,0.0,0.0,0.0,0.0,0.0,0.0,0.0,0.0,0.027,0.025,0.941,1.0,0.006,0.002,-0.002,0.01,-0.003,0.015,-0.0,0.2,0.1,0.0,0.0,1.2,1.0,0.0,0.0,0.0,27.379869344146737,1.0,0.08098718453044228,155.9410596321412,159.94802462442772,0.5,0.0021,0.0018,0.0126,0.0102
334,1763002637.202669,-0.011261560930752694,0.0001109567964184266,0.392335687134095,-0.002244135269711137,0.031902473916530755,0.4667356303360406,0.04096771765185279,-0.01585732488049522,0.0,0.0,0.0,1.0,0.0,0.0,0.0,0.0,0.0,0.0,0.0,0.0,0.0,0.027,0.025,0.942,1.0,0.005,-0.002,-0.002,0.013,-0.006,0.024,-0.0,-0.2,-0.0,0.0,0.0,1.2,1.0,0.0,0.0,0.0,27.368794876809513,1.0,0.07875916241342469,156.12664536054348,159.95441903713487,0.5,0.0031,0.0021,0.0063,0.004
335,1763002637.2419717,-0.012100681834474646,0.036791196959004735,0.39189245552117663,-0.002976741090165488,-0.009517365130294761,0.3668134973055049,0.03480125258422534,-0.0075504717315146245,0.0,0.0,0.0,1.0,0.0,0.0,0.0,0.0,0.0,0.0,0.0,0.0,0.0,0.028,0.025,0.943,1.0,0.005,-0.007,-0.002,0.014,-0.01,0.038,0.0,-0.3,-0.0,0.0,0.0,1.2,1.0,0.0,0.0,0.0,27.358456577321576,1.0,0.0789734254439371,156.44804363582844,159.96527143923043,0.5,0.0016,0.0014,0.0099,0.009
336,1763002637.2679915,-0.010473529655912795,-0.012177163055291651,0.39212086187673184,-0.004399428627248895,0.015061453602171055,-0.48600448044706335,0.041473309107669123,-0.01452454947985061,0.0,0.0,0.0,1.0,0.0,0.0,0.0,0.0,0.0,0.0,0.0,0.0,0.0,0.028,0.025,0.944,1.0,0.005,-0.003,-0.003,0.017,-0.005,0.027,-0.0,0.2,-0.0,0.0,0.0,1.2,1.0,0.0,0.0,0.0,27.347637699545217,1.0,0.07569936863890782,156.36958498780845,159.96380903597915,0.5,0.0015,0.0016,0.0071,0.0044
337,1763002637.310958,-0.01116264018222013,-0.02636023552759017,0.3922123784081686,-0.0038896273914763354,-0.007938458228664624,-0.14304844102851436,0.04012725150204069,0.004658069495000706,0.0,0.0,0.0,1.0,0.0,0.0,0.0,0.0,0.0,0.0,0.0,0.0,0.0,0.029,0.025,0.945,1.0,0.005,-0.0,-0.002,0.01,-0.008,0.026,-0.0,0.1,0.0,0.0,0.0,1.2,1.0,0.0,0.0,0.0,27.336855785737452,1.0,0.07572423691290125,156.27212743874483,159.9630006874022,0.5,0.002,0.0018,0.0107,0.0096
338,1763002637.3471878,-0.013830096122980758,-0.028581016976160823,0.392122465758061,-0.0036556973735025295,-0.027790823425828285,-0.024843838038465536,0.03832211133974014,0.001950337440590419,0.0,0.0,0.0,1.0,0.0,0.0,0.0,0.0,0.0,0.0,0.0,0.0,0.0,0.029,0.024,0.946,1.0,0.006,0.0,-0.002,0.009,-0.005,0.03,0.0,0.1,0.0,0.0,0.0,1.2,1.0,0.0,0.0,0.0,27.326337644658985,1.0,0.07704844166973468,156.08439414722505,159.96100520908166,0.5,0.002,0.0019,0.0089,0.0144
339,1763002637.3833754,0.004988070371306108,-0.008808170693722247,0.3916194581906562,-0.003595797444170325,0.18679865533057055,0.19487036112676964,0.034182170901758076,0.00023342955597179405,0.0,0.0,0.0,1.0,0.0,0.0,0.0,0.0,0.0,0.0,0.0,0.0,0.0,0.029,0.024,0.947,1.0,0.003,-0.0,-0.002,0.01,-0.007,0.042,-0.1,-0.1,-0.0,0.0,0.0,1.2,1.0,0.0,0.0,0.0,27.316432054013298,1.0,0.07635599728434533,156.20837213476136,159.9619729660065,0.5,0.0021,0.0018,0.0149,0.0109
340,1763002637.4125154,-0.0027401345341886846,0.013413351908435654,0.39119305804586263,-0.004625290440406689,-0.07678324201781728,0.2213344089522068,0.03489794437113039,-0.010654509706780675,0.0,0.0,0.0,1.0,0.0,0.0,0.0,0.0,0.0,0.0,0.0,0.0,0.0,0.03,0.024,0.949,1.0,0.003,-0.003,-0.003,0.012,-0.009,0.044,-0.0,-0.2,-0.0,0.0,0.0,1.2,1.0,0.0,0.0,0.0,27.306651410984273,1.0,0.07601034955906437,156.39669863631585,159.96424757773093,0.5,0.0023,0.002,0.0093,0.0118
341,1763002637.4457955,0.002340406874917455,0.0014747878879364327,0.39149663662719214,-0.004941501425287323,0.050531400637642526,-0.11804430501414864,0.042155091617881855,-0.003624638892847005,0.0,0.0,0.0,1.0,0.0,0.0,0.0,0.0,0.0,0.0,0.0,0.0,0.0,0.03,0.024,0.95,1.0,0.001,-0.004,-0.003,0.01,-0.008,0.03,-0.0,0.0,0.0,0.0,0.0,1.2,1.0,0.0,0.0,0.0,27.296257443453943,1.0,0.07599072360611753,156.3600336446952,159.96383206005353,0.5,0.0013,0.0019,0.0119,0.0101
342,1763002637.4812875,-0.01220700446570663,-0.0025677714245533863,0.3913810029048417,-0.004110268527042963,-0.14524007271874909,-0.040278114336104544,0.03799332643921523,0.007818178839914862,0.0,0.0,0.0,1.0,0.0,0.0,0.0,0.0,0.0,0.0,0.0,0.0,0.0,0.031,0.023,0.951,1.0,0.003,-0.004,-0.002,0.012,-0.006,0.037,0.1,-0.0,0.0,0.0,0.0,1.2,1.0,0.0,0.0,0.0,27.286274467679597,1.0,0.07549734522373064,156.288779611955,159.9629004701296,0.5,0.0014,0.0014,0.0091,0.0151
343,1763002637.5175457,-0.016097477376558204,0.02454601038536839,0.39130989545486033,-0.0036754966485679132,-0.04012542955508641,0.2708810409567624,0.03842702579067085,0.003936691932046206,0.0,0.0,0.0,1.0,0.0,0.0,0.0,0.0,0.0,0.0,0.0,0.0,0.0,0.031,0.023,0.952,1.0,0.003,-0.006,-0.002,0.008,-0.008,0.037,0.1,-0.2,-0.0,0.0,0.0,1.2,1.0,0.0,0.0,0.0,27.27634997451413,1.0,0.07638344161726965,156.2592497067227,159.96305603109866,0.5,0.0024,0.002,0.0169,0.0092
344,1763002637.5526536,-0.020087072536969907,0.03404621776953018,0.3915612252969279,-0.0035756713899765843,-0.04150569934177282,0.09745667488015475,0.04164428796616186,0.000630702921056497,0.0,0.0,0.0,1.0,0.0,0.0,0.0,0.0,0.0,0.0,0.0,0.0,0.0,0.031,0.023,0.952,1.0,0.004,-0.007,-0.002,0.005,-0.008,0.031,0.1,-0.2,-0.0,0.0,0.0,1.2,1.0,0.0,0.0,0.0,27.26619936324892,1.0,0.08025357651586126,156.0261729642287,159.96095417739932,0.5,0.0021,0.0019,0.011,0.0132
345,1763002637.5831525,-0.010278121932977542,0.0008772573460584798,0.3921696455166903,-0.0035914141408956535,0.09608079878622666,-0.32828498245776394,0.0452403247273168,-0.0005149946481883445,0.0,0.0,0.0,1.0,0.0,0.0,0.0,0.0,0.0,0.0,0.0,0.0,0.0,0.031,0.023,0.953,1.0,0.004,-0.005,-0.002,0.001,-0.007,0.019,0.0,0.1,0.0,0.0,0.0,1.2,1.0,0.0,0.0,0.0,27.255568545112023,1.0,0.07963013214323905,156.01586014777578,159.96143087899281,0.5,0.0022,0.0019,0.0148,0.0104
346,1763002637.6120348,0.007228289544548279,-0.03194538549334329,0.39240189924879976,-0.0035989813999997033,0.17403630258196046,-0.3281387026594119,0.04153950187276379,-0.0004348140051300608,0.0,0.0,0.0,1.0,0.0,0.0,0.0,0.0,0.0,0.0,0.0,0.0,0.0,0.031,0.023,0.954,1.0,0.003,0.0,-0.002,-0.001,-0.002,0.021,-0.1,0.2,-0.0,0.0,0.0,1.2,1.0,0.0,0.0,0.0,27.24513482199103,1.0,0.0788670077436913,156.24214852220447,159.96516327781723,0.5,0.0023,0.0021,0.0096,0.0114
347,1763002637.65026,0.019925980146914154,-0.01890610429006787,0.39223195913927095,-0.004531268610076596,0.12769973497811354,0.12719827348341986,0.03754078882959148,-0.009682770240768895,0.0,0.0,0.0,1.0,0.0,0.0,0.0,0.0,0.0,0.0,0.0,0.0,0.0,0.031,0.023,0.955,1.0,-0.0,0.001,-0.003,-0.005,0.001,0.028,-0.1,0.0,-0.0,0.0,0.0,1.2,1.0,0.0,0.0,0.0,27.23510512579145,1.0,0.0798242042290907,156.28378305164472,159.96572721213454,0.5,0.002,0.0017,0.0148,0.0117
348,1763002637.6779177,-0.030272792966249,-0.04059455410308782,0.39535515029124174,0.002899128236619486,-0.4999951331169401,-0.21877510855920637,0.07045510743363506,0.07385084160595315,0.0,0.0,0.0,1.0,0.0,0.0,0.0,0.0,0.0,0.0,0.0,0.0,0.0,0.031,0.023,0.953,1.0,0.018,0.003,0.0,0.015,0.0,-0.046,1.0,0.1,0.1,0.0,0.0,1.2,1.0,0.0,0.0,0.0,27.221663203754016,1.0,0.07,156.24232008860162,159.96168723955256,0.5,0.002,0.002,0.011,0.0095
349,1763002637.7198536,0.018887771099684692,0.00945392182978367,0.39094649815433935,-0.00094491233033785,0.4885783613627121,0.49642530391840606,-0.00455100633989936,-0.03815049284591142,0.0,0.0,0.0,1.0,0.0,0.0,0.0,0.0,0.0,0.0,0.0,0.0,0.0,0.031,0.023,0.956,1.0,0.01,-0.005,-0.002,-0.009,-0.004,0.098,-0.7,-0.5,-0.1,0.0,0.0,1.2,1.0,0.0,0.0,0.0,27.215153439283696,1.0,0.07,157.3293580782414,159.98889319354518,0.5,0.002,0.0047,0.0107,0.0155
350,1763002637.7503157,0.045611083089205,0.05442629302873683,0.38878599315340223,-0.0066468057637292105,0.26912189700517164,0.45066910417251005,0.017489599806062447,-0.05711342556694739,0.0,0.0,0.0,1.0,0.0,0.0,0.0,0.0,0.0,0.0,0.0,0.0,0.0,0.031,0.023,0.956,1.0,0.01,-0.005,-0.002,-0.009,-0.004,0.098,-0.7,-0.5,-0.1,0.0,0.0,1.2,1.0,0.0,0.0,0.0,27.208417318252387,1.0,0.08230787471214276,157.93062951810555,160.01057092578262,0.5,0.0023,0.0023,0.015,0.0101
351,1763002637.7905014,0.02600488921449513,0.0067942581820544246,0.39023944990584103,-0.004503066886561533,-0.19150083043817817,-0.4708777191639504,0.053413166839728195,0.020772708195303843,0.0,0.0,0.0,1.0,0.0,0.0,0.0,0.0,0.0,0.0,0.0,0.0,0.0,0.031,0.023,0.959,1.0,0.001,-0.003,-0.002,-0.009,0.004,0.028,-0.1,0.1,0.0,0.0,0.0,1.2,1.0,0.0,0.0,0.0,27.198349017808493,1.0,0.08393062174309442,157.80282362582386,160.00869204862786,0.5,0.0076,0.0021,0.0094,0.0178
352,1763002637.8183405,0.022319875434845694,-0.00854672498375545,0.39107538925824004,-0.0038594459391046473,-0.03424964887504489,-0.15273040583989334,0.0473833385145742,0.005985902785912715,0.0,0.0,0.0,1.0,0.0,0.0,0.0,0.0,0.0,0.0,0.0,0.0,0.0,0.031,0.023,0.959,1.0,0.001,-0.003,-0.002,-0.009,0.004,0.028,-0.1,0.1,0.0,0.0,0.0,1.2,1.0,0.0,0.0,0.0,27.188427287527066,1.0,0.08530725984016072,157.6284165982823,160.00720166163407,0.5,0.0023,0.0019,0.0137,0.0091
353,1763002637.8448637,-0.016007177082764164,-0.03660624174982058,0.3916874844112099,-0.004554182611543558,-0.38103853763261397,-0.28144984015902674,0.045228490455522116,-0.007333311318299568,0.0,0.0,0.0,1.0,0.0,0.0,0.0,0.0,0.0,0.0,0.0,0.0,0.0,0.03,0.023,0.96,1.0,0.006,0.001,-0.003,-0.006,0.006,0.024,0.1,0.2,-0.0,0.0,0.0,1.2,1.0,0.0,0.0,0.0,27.178430923465168,1.0,0.0836682168712398,157.71099687725143,160.01221624205417,0.5,0.0024,0.0021,0.0112,0.009
354,1763002637.8792784,-0.012707392633369962,-0.024953784675161468,0.3921153150712254,-0.004889048092605397,0.03139712678566556,0.11286394657160909,0.04344705504127669,-0.003804073071772748,0.0,0.0,0.0,1.0,0.0,0.0,0.0,0.0,0.0,0.0,0.0,0.0,0.0,0.03,0.023,0.961,1.0,0.006,0.003,-0.003,-0.006,0.003,0.021,-0.0,-0.0,-0.0,0.0,0.0,1.2,1.0,0.0,0.0,0.0,27.168394085039655,1.0,0.08404948517598941,157.649187777577,160.01158449188003,0.5,0.0022,0.0019,0.0091,0.0127
355,1763002637.9158862,-0.012497605720808878,-0.003850467118141198,0.3922461160908189,-0.005100435694127493,0.0008271298622738524,0.20853779710268655,0.04051954170305742,-0.0026027808244814994,0.0,0.0,0.0,1.0,0.0,0.0,0.0,0.0,0.0,0.0,0.0,0.0,0.0,0.03,0.023,0.962,1.0,0.006,0.0,-0.003,-0.001,0.001,0.024,0.0,-0.1,-0.0,0.0,0.0,1.2,1.0,0.0,0.0,0.0,27.15857934336918,1.0,0.08365255240487196,157.69308536228112,160.01216291575204,0.5,0.0021,0.0019,0.0145,0.0103
356,1763002637.9448533,-0.029395021938564865,-0.015565661714653458,0.393149815066929,-0.005295184041568197,-0.17022392274964077,-0.11753699267693671,0.04826160137018347,-0.0024575270438197804,0.0,0.0,0.0,1.0,0.0,0.0,0.0,0.0,0.0,0.0,0.0,0.0,0.0,0.03,0.023,0.962,1.0,0.008,0.001,-0.003,0.002,0.003,0.004,0.1,0.0,0.0,0.0,0.0,1.2,1.0,0.0,0.0,0.0,27.147902812729598,1.0,0.0843533436728847,157.61248103359887,160.0123825050711,0.5,0.0022,0.002,0.0095,0.011
357,1763002637.978864,-0.043238924198029285,0.0014030102107400692,0.3940676002918589,-0.005202197819610611,-0.14137852478850071,0.1681301530824699,0.04849283375599198,0.0004003438154190613,0.0,0.0,0.0,1.0,0.0,0.0,0.0,0.0,0.0,0.0,0.0,0.0,0.0,0.03,0.023,0.961,1.0,0.011,-0.001,-0.003,-0.002,-0.0,-0.004,0.1,-0.1,-0.0,0.0,0.0,1.2,1.0,0.0,0.0,0.0,27.13695868470576,1.0,0.08587645460745608,157.53737397660277,160.01186950429832,0.5,0.002,0.0024,0.0118,0.0092
358,1763002638.011232,-0.015004321422214077,0.02570440244924132,0.3935529457470559,-0.004092727881944053,0.27802213533834913,0.24315422340608647,0.034260214581155725,0.010574479594704499,0.0,0.0,0.0,1.0,0.0,0.0,0.0,0.0,0.0,0.0,0.0,0.0,0.0,0.03,0.023,0.962,1.0,0.008,-0.005,-0.002,0.007,-0.004,0.023,-0.1,-0.2,0.0,0.0,0.0,1.2,1.0,0.0,0.0,0.0,27.127354883393032,1.0,0.08604200140521048,157.73615033285648,160.01507685047096,0.5,0.0024,0.0022,0.0097,0.0095
359,1763002638.0458589,-0.02510365987630799,-0.013147737683297078,0.39417888727985695,-0.0028438448105616953,-0.10249381668316052,-0.3859509610804598,0.045614709902715656,0.012079557925629179,0.0,0.0,0.0,1.0,0.0,0.0,0.0,0.0,0.0,0.0,0.0,0.0,0.0,0.03,0.023,0.962,1.0,0.009,-0.001,-0.001,-0.004,-0.006,0.001,-0.0,0.1,0.0,0.0,0.0,1.2,1.0,0.0,0.0,0.0,27.11674053268672,1.0,0.08522147031823808,157.6092039122856,160.01317334036816,0.5,0.0023,0.0021,0.012,0.0089
360,1763002638.0843534,0.007250145858311779,0.007108664843997019,0.3936214450716491,0.003354345668103401,0.3210276913585669,0.20124925150461123,0.03384346664590678,0.06169752030559479,0.0,0.0,0.0,1.0,0.0,0.0,0.0,0.0,0.0,0.0,0.0,0.0,0.0,0.03,0.023,0.963,1.0,0.005,-0.003,-0.0,0.001,-0.007,0.024,-0.2,-0.1,0.1,0.0,0.0,1.2,1.0,0.0,0.0,0.0,27.107260196141645,1.0,0.08439762070704204,157.95662254349662,160.01760032833607,0.5,0.0026,0.0057,0.0096,0.0131
361,1763002638.110695,0.024091960294046318,-0.0018408407455511727,0.3930755563983314,0.0006159654689379588,0.1691431589431765,-0.08878418941108222,0.03390325777398846,-0.02704836742484408,0.0,0.0,0.0,1.0,0.0,0.0,0.0,0.0,0.0,0.0,0.0,0.0,0.0,0.03,0.023,0.964,1.0,0.002,-0.002,-0.001,-0.003,-0.003,0.03,-0.2,0.0,-0.0,0.0,0.0,1.2,1.0,0.0,0.0,0.0,27.098058468121675,1.0,0.08550167225710603,158.18710848905368,160.02226527759697,0.5,0.0021,0.0018,0.0102,0.01
362,1763002638.1459525,0.022823978102600243,-0.003262454779785741,0.3932889941550165,-0.0007340552332028402,-0.010270625885056112,-0.014400224416900805,0.04144193320668422,-0.013438610474514195,0.0,0.0,0.0,1.0,0.0,0.0,0.0,0.0,0.0,0.0,0.0,0.0,0.0,0.03,0.023,0.964,1.0,0.0,-0.002,-0.001,-0.005,-0.004,0.018,-0.1,-0.0,-0.0,0.0,0.0,1.2,1.0,0.0,0.0,0.0,27.08829711172185,1.0,0.08709430558225342,158.21916105885444,160.02365317077948,0.5,0.002,0.0039,0.009,0.0107
363,1763002638.1779354,0.012160149678999487,-0.003830233842378022,0.3934025531643681,-0.0013079356757439496,-0.10435588642574752,-0.006004036103901385,0.04046448950901835,-0.005812209948731379,0.0,0.0,0.0,1.0,0.0,0.0,0.0,0.0,0.0,0.0,0.0,0.0,0.0,0.03,0.023,0.965,1.0,0.0,-0.002,-0.001,-0.004,-0.001,0.018,0.0,-0.0,-0.0,0.0,0.0,1.2,1.0,0.0,0.0,0.0,27.07858724190049,1.0,0.0874370862193594,158.19277693410103,160.02360482169055,0.5,0.0014,0.0019,0.0119,0.009
364,1763002638.2104592,-0.004399917925245415,-0.018584355747463095,0.3936051489510118,-0.0015576544870912765,-0.16438466107454902,-0.1479242424350885,0.04136621318287406,-0.0026279816810476676,0.0,0.0,0.0,1.0,0.0,0.0,0.0,0.0,0.0,0.0,0.0,0.0,0.0,0.03,0.022,0.965,1.0,0.001,-0.001,-0.001,-0.002,-0.001,0.016,0.1,0.1,-0.0,0.0,0.0,1.2,1.0,0.0,0.0,0.0,27.068821291620882,1.0,0.08659408667475045,158.18648292825011,160.02327815000956,0.5,0.0016,0.0014,0.0092,0.0115
365,1763002638.2541904,-0.030704296439040834,-0.03381135201688195,0.3938149222081353,-0.002657684289953002,-0.26348377693047875,-0.15412839826893482,0.041458247466335724,-0.011156063477326386,0.0,0.0,0.0,1.0,0.0,0.0,0.0,0.0,0.0,0.0,0.0,0.0,0.0,0.029,0.023,0.966,1.0,0.005,0.003,-0.002,-0.004,0.002,0.013,0.2,0.1,-0.0,0.0,0.0,1.2,1.0,0.0,0.0,0.0,27.058971165194173,1.0,0.08679893410982864,158.14436578962466,160.02311827737483,0.5,0.0022,0.0024,0.0126,0.0166
366,1763002638.2788658,-0.03551878487267877,-0.03624530446047575,0.3939794667625931,-0.0031404492452724053,-0.051215313980283374,-0.027720659637626155,0.04102693776539068,-0.005093417982189331,0.0,0.0,0.0,1.0,0.0,0.0,0.0,0.0,0.0,0.0,0.0,0.0,0.0,0.029,0.023,0.966,1.0,0.005,0.003,-0.002,-0.004,0.002,0.013,0.2,0.1,-0.0,0.0,0.0,1.2,1.0,0.0,0.0,0.0,27.049167608220497,0.9999995603806696,0.09068425703648232,157.796316671764,160.01712999598203,0.5,0.002,0.0017,0.0086,0.0116
367,1763002638.3148174,-0.027074146824489335,-0.0034861776013316095,0.39366191315585036,-0.009125507961205565,0.0808945019946264,0.3239667381453938,0.03622241060883249,-0.060164632083858825,0.0,0.0,0.0,1.0,0.0,0.0,0.0,0.0,0.0,0.0,0.0,0.0,0.0,0.029,0.022,0.968,1.0,0.005,-0.004,-0.003,-0.005,-0.002,0.022,0.1,0.0,-0.1,0.0,0.0,1.2,1.0,0.0,0.0,0.0,27.039831180190752,0.9999979466499931,0.09350509781723543,157.43844890916537,160.01102704282678,0.5,0.0022,0.0031,0.0112,0.0113
368,1763002638.3504455,0.0015477129089262395,-0.019730901438906337,0.3935376028900587,-0.006951503623439525,0.2835111826517068,-0.16279585613588035,0.038123088657668884,0.02082749258153984,0.0,0.0,0.0,1.0,0.0,0.0,0.0,0.0,0.0,0.0,0.0,0.0,0.0,0.029,0.022,0.969,1.0,0.004,-0.001,-0.003,-0.002,-0.003,0.021,-0.1,0.1,0.0,0.0,0.0,1.2,1.0,0.0,0.0,0.0,27.03046548875341,0.9999953821061147,0.09328161192319012,157.27218476088467,160.008194376738,0.5,0.0021,0.0019,0.0088,0.0174
369,1763002638.3776896,0.010811419003354993,-0.010700553586522676,0.3927841077180821,-0.0060419986494377135,0.09279183223518019,0.08833038837994597,0.031818808569240055,0.00839989937767415,0.0,0.0,0.0,1.0,0.0,0.0,0.0,0.0,0.0,0.0,0.0,0.0,0.0,0.029,0.022,0.97,1.0,0.003,-0.001,-0.003,-0.001,-0.001,0.038,-0.1,0.0,-0.0,0.0,0.0,1.2,1.0,0.0,0.0,0.0,27.021909360897954,0.9999926866592384,0.0933785284125176,157.25693051544638,160.0085701614713,0.5,0.0022,0.0022,0.0119,0.0078
370,1763002638.4047377,0.0032928106553226436,-0.028376264224438813,0.39259825233141127,-0.005608297834217752,-0.07410494157998798,-0.17782716173781363,0.037419856905100295,0.0037328082872558482,0.0,0.0,0.0,1.0,0.0,0.0,0.0,0.0,0.0,0.0,0.0,0.0,0.0,0.029,0.022,0.971,1.0,0.002,0.001,-0.003,-0.0,-0.001,0.032,0.0,0.1,-0.0,0.0,0.0,1.2,1.0,0.0,0.0,0.0,27.013067299354695,0.999990295077305,0.0934876083521105,157.0007927221473,160.00535532708386,0.5,0.0014,0.0014,0.0082,0.007
371,1763002638.444119,-0.03056092927085028,0.019742741672677575,0.39214019320114435,0.0008169561780639002,-0.338208118196197,0.47835243254871984,0.03467923393047205,0.06369171033939473,0.0,0.0,0.0,1.0,0.0,0.0,0.0,0.0,0.0,0.0,0.0,0.0,0.0,0.03,0.022,0.973,1.0,0.004,-0.006,-0.002,0.004,-0.004,0.039,0.2,-0.2,0.1,0.0,0.0,1.2,1.0,0.0,0.0,0.0,27.004578856676854,0.9999880452321503,0.0916348710537453,157.21363572461297,160.0062057298835,0.5,0.0021,0.0022,0.0128,0.0068
372,1763002638.4745955,-0.01282214925218968,0.02633838425217997,0.3920553258737911,0.0045041298549310434,0.174331707259521,0.06793069996229179,0.038365346046581775,0.03695343238647783,0.0,0.0,0.0,1.0,0.0,0.0,0.0,0.0,0.0,0.0,0.0,0.0,0.0,0.029,0.022,0.973,1.0,0.005,-0.006,-0.001,-0.005,0.002,0.036,0.0,-0.1,0.1,0.0,0.0,1.2,1.0,0.0,0.0,0.0,26.995971225578593,0.999986829784916,0.09279091090609971,157.2821733454143,160.00671401677747,0.5,0.0014,0.0014,0.0084,0.0099
373,1763002638.5197973,0.02645932515784544,0.0018114692394785303,0.39119175206408907,-0.004978159493727817,0.3915325291751322,-0.24263531170179634,0.030569794490358224,-0.0943724805010955,0.0,0.0,0.0,1.0,0.0,0.0,0.0,0.0,0.0,0.0,0.0,0.0,0.0,0.029,0.022,0.976,1.0,0.002,-0.005,-0.002,-0.012,0.007,0.054,-0.2,0.1,-0.1,0.0,0.0,1.2,1.0,0.0,0.0,0.0,26.988242294321545,0.9999860758702828,0.09073952960240808,157.42920361877174,160.0091168951579,0.5,0.0021,0.0023,0.0127,0.0158
374,1763002638.5462542,0.03302261807971428,-0.0021397418622611224,0.3907338517813528,-0.00906452122782692,0.06827886173447292,-0.03933096409344865,0.03454017237904615,-0.041361433290363805,0.0,0.0,0.0,1.0,0.0,0.0,0.0,0.0,0.0,0.0,0.0,0.0,0.0,0.029,0.022,0.976,1.0,0.002,-0.005,-0.002,-0.012,0.007,0.054,-0.2,0.1,-0.1,0.0,0.0,1.2,1.0,0.0,0.0,0.0,26.98049379359619,0.9999868104732185,0.09215667680771153,157.4215035604819,160.0095068474314,0.5,0.0021,0.0018,0.009,0.0128
375,1763002638.5779915,-0.014915794694868867,0.0009340273017556231,0.3906880994129066,-0.005899506315952721,-0.47608186593786,0.03052371745394134,0.03861586149367459,0.03074369699595929,0.0,0.0,0.0,1.0,0.0,0.0,0.0,0.0,0.0,0.0,0.0,0.0,0.0,0.029,0.023,0.979,1.0,0.004,-0.003,-0.002,-0.007,0.006,0.045,0.2,-0.0,0.0,0.0,0.0,1.2,1.0,0.0,0.0,0.0,26.9723646378385,0.9999885446779349,0.08975482049339567,157.4960457536112,160.01099407349218,0.5,0.0022,0.0023,0.0102,0.01
376,1763002638.6144507,-0.020865016544973223,0.019612300750616738,0.39063875054502045,-0.00437737807488555,-0.060983797970530496,0.18687613721878668,0.038575321262429435,0.014631331779076436,0.0,0.0,0.0,1.0,0.0,0.0,0.0,0.0,0.0,0.0,0.0,0.0,0.0,0.028,0.023,0.98,1.0,0.005,-0.005,-0.002,-0.005,0.004,0.045,0.1,-0.1,0.0,0.0,0.0,1.2,1.0,0.0,0.0,0.0,26.964293600430107,0.9999914905246392,0.08999450237805122,157.46983502450433,160.01123774213104,0.5,0.0022,0.0019,0.01,0.0135
377,1763002638.656848,0.008698755699652717,0.0011031103482664097,0.39008973930733715,-0.0038030840127650217,0.29355122079176205,-0.18313067394844157,0.033573762677669726,0.005305202813716723,0.0,0.0,0.0,1.0,0.0,0.0,0.0,0.0,0.0,0.0,0.0,0.0,0.0,0.028,0.023,0.982,1.0,0.004,-0.004,-0.002,-0.02,0.015,0.057,-0.1,0.1,-0.0,0.0,0.0,1.2,1.0,0.0,0.0,0.0,26.956844443253136,0.9999948603637177,0.08892154739269154,157.52659064013454,160.01129864457778,0.5,0.0019,0.0056,0.014,0.0151
378,1763002638.6821568,0.014384320427535915,-0.002219762192899266,0.3898152089737422,-0.0036203044432669895,0.05772552284879724,-0.03311841437683008,0.03626367059478487,0.001447487293703826,0.0,0.0,0.0,1.0,0.0,0.0,0.0,0.0,0.0,0.0,0.0,0.0,0.0,0.028,0.023,0.982,1.0,0.004,-0.004,-0.002,-0.02,0.015,0.057,-0.1,0.1,-0.0,0.0,0.0,1.2,1.0,0.0,0.0,0.0,26.949405937567146,0.9999991699097847,0.08894952305901561,157.55441250888103,160.01174815189552,0.5,0.0023,0.0018,0.0101,0.0102
379,1763002638.7136016,-0.00599614505592062,-0.0015630643676644213,0.39023493250373176,-0.0035414835019585873,-0.20236622279181177,0.006345002033058524,0.04317875619726992,0.00042617896875732017,0.0,0.0,0.0,1.0,0.0,0.0,0.0,0.0,0.0,0.0,0.0,0.0,0.0,0.027,0.024,0.985,1.0,0.006,-0.002,-0.002,-0.007,0.005,0.038,-0.0,-0.0,0.0,0.0,0.0,1.2,1.0,0.0,0.0,0.0,26.941154353740895,1.0,0.08899798333385645,157.5148924316546,160.01133556368276,0.5,0.0019,0.0019,0.0118,0.0109
380,1763002638.7447705,0.023878232338570487,0.012525365175349535,0.38996277105446747,-0.0034703997276583627,0.29814415943931893,0.1407279889933731,0.03630187875773049,0.0003566893928063884,0.0,0.0,0.0,1.0,0.0,0.0,0.0,0.0,0.0,0.0,0.0,0.0,0.0,0.027,0.024,0.986,1.0,0.003,-0.002,-0.002,-0.013,0.008,0.051,-0.2,-0.1,0.0,0.0,0.0,1.2,1.0,0.0,0.0,0.0,26.93359503386706,1.0,0.0887127202536722,157.45551462625488,160.01016095786977,0.5,0.0024,0.002,0.0102,0.0101
381,1763002638.7781324,0.0035965120640010853,-0.008131960217748571,0.3903884921789186,-0.0024964576521788267,-0.20042937951183692,-0.2053207174134461,0.043253488349958166,0.009392380782029522,0.0,0.0,0.0,1.0,0.0,0.0,0.0,0.0,0.0,0.0,0.0,0.0,0.0,0.026,0.024,0.987,1.0,0.004,-0.002,-0.001,-0.013,0.009,0.035,0.0,0.1,0.0,0.0,0.0,1.2,1.0,0.0,0.0,0.0,26.925363869152662,1.0,0.08865844528707986,157.45660250447025,160.0099617215918,0.5,0.002,0.0029,0.0101,0.0093
382,1763002638.8118162,0.0008549263966294712,-0.034034924135334,0.3908001536021584,-0.00310908924536605,-0.02705620546731602,-0.2598428351976292,0.04315546345028951,-0.006375961697090118,0.0,0.0,0.0,1.0,0.0,0.0,0.0,0.0,0.0,0.0,0.0,0.0,0.0,0.026,0.024,0.988,1.0,0.004,0.001,-0.002,-0.011,0.012,0.03,0.0,0.2,-0.0,0.0,0.0,1.2,1.0,0.0,0.0,0.0,26.917009297910365,1.0,0.08931693496177599,157.45774159467126,160.01055573168418,0.5,0.0022,0.0019,0.0097,0.0109
383,1763002638.8362103,-0.00446579987153838,-0.004861129476577113,0.3906180405309936,-0.0081475248220959,-0.05312177004201556,0.28833445417403547,0.03725888464856798,-0.0506952646918351,0.0,0.0,0.0,1.0,0.0,0.0,0.0,0.0,0.0,0.0,0.0,0.0,0.0,0.026,0.025,0.989,1.0,0.005,0.001,-0.002,-0.008,0.006,0.04,0.0,-0.1,-0.1,0.0,0.0,1.2,1.0,0.0,0.0,0.0,26.909198256273143,1.0,0.08841860583573587,157.43900105577896,160.0111589097428,0.5,0.0009,0.0009,0.0079,0.0062
384,1763002638.8706906,-0.036999251052668894,-0.025997135268168423,0.3915429728031451,-0.0046921344425819396,-0.32578109179845893,-0.21184617086357074,0.048311126774614216,0.03373915131293002,0.0,0.0,0.0,1.0,0.0,0.0,0.0,0.0,0.0,0.0,0.0,0.0,0.0,0.025,0.025,0.99,1.0,0.008,0.002,-0.001,-0.006,0.008,0.013,0.2,0.1,0.0,0.0,0.0,1.2,1.0,0.0,0.0,0.0,26.900232141316202,1.0,0.08941717112560091,157.37870639868703,160.01057975399377,0.5,0.0062,0.001,0.0058,0.004
385,1763002638.9008484,-0.01844519478836669,0.019739101570583714,0.3910393219080839,-0.003719310104288941,0.1818406375377551,0.45476265486070455,0.03411778832970245,0.009259029938671786,0.0,0.0,0.0,1.0,0.0,0.0,0.0,0.0,0.0,0.0,0.0,0.0,0.0,0.025,0.025,0.991,1.0,0.007,-0.003,-0.002,-0.007,0.004,0.039,-0.0,-0.2,-0.0,0.0,0.0,1.2,1.0,0.0,0.0,0.0,26.89256626620938,0.9999997318131023,0.08844454716331436,157.52632364809256,160.01285224781648,0.5,0.002,0.0019,0.0056,0.0045
386,1763002638.9385047,-0.01395948812783919,0.021118382994076715,0.3911636150301184,-0.003612520775199141,0.043012547126438413,0.01576672439198834,0.04034686341115307,0.0006959622804691094,0.0,0.0,0.0,1.0,0.0,0.0,0.0,0.0,0.0,0.0,0.0,0.0,0.0,0.025,0.025,0.992,1.0,0.007,-0.004,-0.002,-0.006,0.007,0.028,-0.0,-0.1,0.0,0.0,0.0,1.2,1.0,0.0,0.0,0.0,26.884437786731187,0.999997784504365,0.08942843150623245,157.51018411301797,160.01306086054186,0.5,0.001,0.0009,0.0125,0.0041
387,1763002638.9664547,0.010058294098323893,0.010936472829110819,0.3915360970259749,0.003386493917271226,0.23878187344884685,-0.09970726335025126,0.04284118146157754,0.06962889484718375,0.0,0.0,0.0,1.0,0.0,0.0,0.0,0.0,0.0,0.0,0.0,0.0,0.0,0.025,0.026,0.993,1.0,0.004,-0.004,-0.0,-0.01,0.011,0.02,-0.1,-0.0,0.1,0.0,0.0,1.2,1.0,0.0,0.0,0.0,26.876026155739503,0.9999934386605821,0.08922176636707832,157.61919254168626,160.0140160891282,0.5,0.0015,0.0015,0.0055,0.0045
388,1763002639.003581,0.003584963424794453,0.00792459272807899,0.39200394807943184,0.00150061996019301,-0.06372747732546202,-0.029025153727407202,0.0438321202371672,-0.01852009017905503,0.0,0.0,0.0,1.0,0.0,0.0,0.0,0.0,0.0,0.0,0.0,0.0,0.0,0.024,0.026,0.993,1.0,0.003,-0.003,-0.0,-0.015,0.005,0.014,0.0,0.0,0.0,0.0,0.0,1.2,1.0,0.0,0.0,0.0,26.867425570704608,0.9999864555571737,0.08932323020918974,157.5929526844952,160.01379786898192,0.5,0.0009,0.0009,0.0053,0.0099
389,1763002639.04665,0.003015233244129182,0.0035413821443946256,0.3917141228512821,-0.006119537124934691,-0.0053388054641732505,-0.043039646564035736,0.03630214252644608,-0.0760515088552577,0.0,0.0,0.0,1.0,0.0,0.0,0.0,0.0,0.0,0.0,0.0,0.0,0.0,0.024,0.026,0.994,1.0,0.003,-0.002,-0.002,-0.013,0.007,0.028,0.0,0.0,-0.1,0.0,0.0,1.2,1.0,0.0,0.0,0.0,26.859544420627078,0.9999773725356343,0.0891618511951052,157.55090653228515,160.01339794565064,0.5,0.0021,0.0023,0.0091,0.0131
390,1763002639.0834231,-0.015612556705931133,-0.001925898216508893,0.39207051946137783,-0.004655235902898402,-0.1859763761761902,-0.05431866539459572,0.042735378386085064,0.01403105850786942,0.0,0.0,0.0,1.0,0.0,0.0,0.0,0.0,0.0,0.0,0.0,0.0,0.0,0.023,0.026,0.995,1.0,0.005,-0.001,-0.002,-0.008,0.006,0.014,0.1,0.0,-0.0,0.0,0.0,1.2,1.0,0.0,0.0,0.0,26.851070353157738,0.9999651153625022,0.08879402712787031,157.5014352664161,160.01239538836322,0.5,0.0022,0.002,0.0158,0.0097
391,1763002639.1204731,-0.01899431562174379,-0.0035180006465319567,0.3923970709124054,-0.0040006727417837215,-0.03537884482871967,-0.01611361412188153,0.04247256645641391,0.0060801080208569645,0.0,0.0,0.0,1.0,0.0,0.0,0.0,0.0,0.0,0.0,0.0,0.0,0.0,0.023,0.026,0.995,1.0,0.005,-0.001,-0.002,-0.006,0.006,0.012,0.1,0.0,-0.0,0.0,0.0,1.2,1.0,0.0,0.0,0.0,26.84258114971765,0.9999501185186002,0.08914979904636494,157.41106649969953,160.011381903539,0.5,0.0022,0.0019,0.0092,0.0154
392,1763002639.1429825,0.011448634080562653,0.010217248525164771,0.3921511073093951,0.0021769768452789863,0.30253006546089,0.13700069165231407,0.03678007106113785,0.0613764285964487,0.0,0.0,0.0,1.0,0.0,0.0,0.0,0.0,0.0,0.0,0.0,0.0,0.0,0.023,0.027,0.996,1.0,0.003,-0.002,-0.001,-0.003,0.009,0.023,-0.1,-0.1,0.1,0.0,0.0,1.2,1.0,0.0,0.0,0.0,26.834659668920317,0.9999333250630444,0.08842234869437053,157.48153026957607,160.01149724934305,0.5,0.0023,0.002,0.0107,0.0065
393,1763002639.1779044,0.027554231982306034,-0.0018457900139154815,0.39167392719518623,0.0011215396524899193,0.1622008424254901,-0.11960866053828605,0.034443309588850696,-0.010336674243362768,0.0,0.0,0.0,1.0,0.0,0.0,0.0,0.0,0.0,0.0,0.0,0.0,0.0,0.023,0.027,0.997,1.0,0.0,-0.001,-0.0,-0.002,0.014,0.031,-0.1,-0.0,0.0,0.0,0.0,1.2,1.0,0.0,0.0,0.0,26.827130635690256,0.9999153215011596,0.08886545024359394,157.5082531425127,160.01211341550504,0.5,0.0022,0.0018,0.013,0.0072
394,1763002639.2119582,0.019900011621028613,-0.01964881967474961,0.3918001645554575,-0.0053263845675943925,-0.0737867804145436,-0.17821487560973281,0.04042976632223192,-0.06436708823559412,0.0,0.0,0.0,1.0,0.0,0.0,0.0,0.0,0.0,0.0,0.0,0.0,0.0,0.023,0.028,0.997,1.0,0.0,0.001,-0.001,-0.012,0.013,0.022,-0.0,0.1,-0.1,0.0,0.0,1.2,1.0,0.0,0.0,0.0,26.81920696034379,0.9998945337417778,0.08909785284118817,157.49977257846552,160.01201337236398,0.5,0.0015,0.0015,0.0091,0.0131
395,1763002639.254644,-0.0015454127209911725,-0.007084356091511836,0.3915435658194236,-0.010099699260649788,-0.21246424225809496,0.12367975386490276,0.0366140290952071,-0.048265785387313395,0.0,0.0,0.0,1.0,0.0,0.0,0.0,0.0,0.0,0.0,0.0,0.0,0.0,0.023,0.028,0.998,1.0,0.002,-0.001,-0.003,-0.005,0.008,0.03,0.1,-0.0,-0.1,0.0,0.0,1.2,1.0,0.0,0.0,0.0,26.81169172731102,0.9998732709711532,0.08861842247563897,157.51309272330138,160.0123237270941,0.5,0.002,0.0027,0.024,0.0059
396,1763002639.2706478,-0.005329263219183252,-0.0047123338336470914,0.39146328777455314,-0.01218573056878829,-0.03799304625401992,0.023011786969496267,0.03835157613323778,-0.02187028300744998,0.0,0.0,0.0,1.0,0.0,0.0,0.0,0.0,0.0,0.0,0.0,0.0,0.0,0.023,0.028,0.998,1.0,0.002,-0.001,-0.003,-0.005,0.008,0.03,0.1,-0.0,-0.1,0.0,0.0,1.2,1.0,0.0,0.0,0.0,26.80419391125464,0.9998508614397461,0.0889067460375426,157.4994912557982,160.01300852611556,0.5,0.0011,0.0013,0.0068,0.0063
397,1763002639.3178055,-0.018488131789845475,0.011304948134652871,0.39166875466657136,-0.007291142217005034,-0.13212161202854056,0.15970158629963488,0.041200997697637805,0.04772731046095374,0.0,0.0,0.0,1.0,0.0,0.0,0.0,0.0,0.0,0.0,0.0,0.0,0.0,0.023,0.028,1.0,1.0,0.006,-0.003,-0.002,0.0,0.008,0.021,0.1,-0.1,0.0,0.0,0.0,1.2,1.0,0.0,0.0,0.0,26.796334790119413,0.9998261599919993,0.08901055767338907,157.5581812055915,160.01391484119773,0.5,0.0015,0.0033,0.0108,0.0149
398,1763002639.349052,-0.008377920926834913,-0.015437462923901139,0.3922357830457787,0.0006407090134335162,0.09925329545112108,-0.26629361577207483,0.04483715925873115,0.07858939808268499,0.0,0.0,0.0,1.0,0.0,0.0,0.0,0.0,0.0,0.0,0.0,0.0,0.0,0.023,0.029,1.0,1.0,0.006,-0.001,-0.001,0.002,0.01,0.011,0.0,0.1,0.1,0.0,0.0,1.2,1.0,0.0,0.0,0.0,26.78808304198315,0.9997987063546441,0.08851389288493655,157.59891222063214,160.013690682645,0.5,0.0021,0.0019,0.0121,0.0128
399,1763002639.3727977,-0.008090255295703765,0.016434041617386128,0.39197084325895426,0.0003162517650409811,0.0020388642186279955,0.31717129912048253,0.036574180436333835,-0.0031805015825819988,0.0,0.0,0.0,1.0,0.0,0.0,0.0,0.0,0.0,0.0,0.0,0.0,0.0,0.023,0.029,1.001,1.0,0.006,-0.003,-0.0,0.011,0.005,0.025,-0.0,-0.2,0.0,0.0,0.0,1.2,1.0,0.0,0.0,0.0,26.78053736240155,0.9997720319955775,0.0878507454507254,157.67014717412457,160.01424540785862,0.5,0.002,0.0021,0.0101,0.0051
400,1763002639.4082751,-0.004252611356560692,0.020433655109549285,0.39188877182879367,0.00014442786280492444,0.037567413861860334,0.04163953908337019,0.038376370024289286,-0.0016866138458564695,0.0,0.0,0.0,1.0,0.0,0.0,0.0,0.0,0.0,0.0,0.0,0.0,0.0,0.023,0.029,1.002,1.0,0.005,-0.005,-0.0,0.005,0.007,0.023,-0.0,-0.1,0.0,0.0,0.0,1.2,1.0,0.0,0.0,0.0,26.77293198565219,0.9997437359674914,0.0886171661956543,157.6430205369423,160.0142521208715,0.5,0.0017,0.0017,0.0082,0.007
401,1763002639.439751,-0.004998272078609132,0.009533231108545101,0.3920094974783487,-0.0009424861213898146,-0.00788186835614044,-0.1069608744990869,0.040396133678429536,-0.010854697055666898,0.0,0.0,0.0,1.0,0.0,0.0,0.0,0.0,0.0,0.0,0.0,0.0,0.0,0.023,0.03,1.002,1.0,0.006,-0.004,-0.001,-0.004,0.011,0.02,0.0,0.0,-0.0,0.0,0.0,1.2,1.0,0.0,0.0,0.0,26.765224353590597,0.9997136111959185,0.08888780790095403,157.61427714954803,160.01412699521774,0.5,0.0015,0.0014,0.0097,0.0072
402,1763002639.4811502,-0.0023200225235139238,-0.026753374534280956,0.3924738951452254,-0.0014542118612671008,0.026282668343091186,-0.36191273331740603,0.043844926416602294,-0.005211506010911842,0.0,0.0,0.0,1.0,0.0,0.0,0.0,0.0,0.0,0.0,0.0,0.0,0.0,0.023,0.03,1.002,1.0,0.005,0.0,-0.001,-0.004,0.01,0.011,-0.0,0.2,0.0,0.0,0.0,1.2,1.0,0.0,0.0,0.0,26.75715347566963,0.9996805369340007,0.08784299702865013,157.73336559140063,160.014727539384,0.5,0.0025,0.0014,0.0097,0.0142
403,1763002639.515285,-0.007101606066338699,-0.025677899911802422,0.3924861341209755,-0.0015687702628316338,-0.048047837680599136,0.008079408771357238,0.03936977927202367,-0.001291005201772041,0.0,0.0,0.0,1.0,0.0,0.0,0.0,0.0,0.0,0.0,0.0,0.0,0.0,0.023,0.03,1.003,1.0,0.006,0.0,-0.001,0.002,0.004,0.016,0.0,0.1,-0.0,0.0,0.0,1.2,1.0,0.0,0.0,0.0,26.749374822033566,0.9996473237479266,0.08892678864444674,157.7025671699354,160.0136123640168,0.5,0.0021,0.0017,0.015,0.0096
404,1763002639.5412877,0.00987951113484296,-0.03345496834361268,0.39272231122365236,-0.0017396152186323374,0.1691010114051827,-0.08033847430928287,0.041610384438867186,-0.0018653265842902011,0.0,0.0,0.0,1.0,0.0,0.0,0.0,0.0,0.0,0.0,0.0,0.0,0.0,0.023,0.03,1.003,1.0,0.005,0.002,-0.001,0.006,0.012,0.012,-0.1,0.1,-0.0,0.0,0.0,1.2,1.0,0.0,0.0,0.0,26.741452850267166,0.9996119549183191,0.09040832549963501,157.63795821962935,160.01178052465073,0.5,0.002,0.004,0.0097,0.0054
405,1763002639.5721927,0.01815482960826269,-0.010681865682608451,0.3920935933030693,-0.0028260283196782313,0.08374113584768157,0.22438552977568102,0.03298505191653511,-0.011038092532322175,0.0,0.0,0.0,1.0,0.0,0.0,0.0,0.0,0.0,0.0,0.0,0.0,0.0,0.024,0.031,1.004,1.0,0.004,0.001,-0.002,0.013,0.016,0.031,-0.1,-0.1,-0.0,0.0,0.0,1.2,1.0,0.0,0.0,0.0,26.734429000517743,0.9995792001434614,0.0901711421826997,157.72358521122243,160.01325182689854,0.5,0.0014,0.0014,0.0072,0.0087
406,1763002639.6148028,0.001851085566595606,-0.019216419857096073,0.3924653684282675,-0.0022948002011775083,-0.16122195745584458,-0.08641372831313704,0.04292711058228957,0.0050296783530394025,0.0,0.0,0.0,1.0,0.0,0.0,0.0,0.0,0.0,0.0,0.0,0.0,0.0,0.024,0.032,1.005,1.0,0.006,0.002,-0.001,0.006,0.017,0.012,0.0,0.0,-0.0,0.0,0.0,1.2,1.0,0.0,0.0,0.0,26.726551034063142,0.999541487636757,0.09057256972956752,157.65170281328434,160.01231510212648,0.5,0.0024,0.0061,0.0095,0.0095
407,1763002639.6479816,0.0001910513299938129,-0.0036188744226630896,0.3922541972275854,-0.0029306320634022807,-0.01641523380935836,0.15405381235862026,0.03713482483600593,-0.006587798642365476,0.0,0.0,0.0,1.0,0.0,0.0,0.0,0.0,0.0,0.0,0.0,0.0,0.0,0.024,0.032,1.005,1.0,0.005,0.0,-0.002,0.008,0.012,0.024,-0.0,-0.1,-0.0,0.0,0.0,1.2,1.0,0.0,0.0,0.0,26.71926198808376,0.9995055633661111,0.0902766445179211,157.73884241719776,160.01346982474652,0.5,0.0019,0.0019,0.0092,0.0148
408,1763002639.6758108,-0.0039904620135382185,-0.009659163543239941,0.3923149297880463,-0.003280896970020105,-0.041796028302320924,-0.0607647786480348,0.039832745327366664,-0.0037957122725184762,0.0,0.0,0.0,1.0,0.0,0.0,0.0,0.0,0.0,0.0,0.0,0.0,0.0,0.025,0.032,1.006,1.0,0.006,-0.001,-0.002,0.01,0.01,0.019,0.0,-0.0,-0.0,0.0,0.0,1.2,1.0,0.0,0.0,0.0,26.711768603724593,0.9994678877479498,0.09026764117115328,157.68614991833743,160.0128365456664,0.5,0.0012,0.002,0.0093,0.0096
409,1763002639.7110124,-0.0059580884108145216,0.021760618258247617,0.39220585586965523,-0.003369474672389481,-0.020075310174116852,0.31323190166055154,0.038140753794893914,-0.0012138667206957705,0.0,0.0,0.0,1.0,0.0,0.0,0.0,0.0,0.0,0.0,0.0,0.0,0.0,0.025,0.032,1.007,1.0,0.006,-0.004,-0.002,0.009,0.006,0.022,0.0,-0.2,-0.0,0.0,0.0,1.2,1.0,0.0,0.0,0.0,26.704448586355404,0.999430267775413,0.09035439867595609,157.91955446499588,160.01533082528732,0.5,0.0022,0.002,0.0093,0.0107
410,1763002639.7459152,0.019036044720995834,0.041761240344046116,0.3916636967520825,-0.0023490699372701452,0.24934552247702207,0.2021822826838097,0.033798994411237376,0.009867099883954407,0.0,0.0,0.0,1.0,0.0,0.0,0.0,0.0,0.0,0.0,0.0,0.0,0.0,0.025,0.033,1.007,1.0,0.006,-0.005,-0.001,0.014,0.009,0.036,-0.2,-0.3,0.0,0.0,0.0,1.2,1.0,0.0,0.0,0.0,26.69777308925412,0.9993957418850102,0.09357602125933831,158.07493256499595,160.01627042545152,0.5,0.002,0.0019,0.012,0.0095
411,1763002639.7740705,0.015804567515768562,0.029904409012271087,0.39118286992005663,-0.0020256948339723957,-0.03041116758017317,-0.11439218928334573,0.034358101354949336,0.0029988440392504836,0.0,0.0,0.0,1.0,0.0,0.0,0.0,0.0,0.0,0.0,0.0,0.0,0.0,0.026,0.033,1.009,1.0,0.005,-0.007,-0.001,0.009,0.011,0.038,-0.1,-0.1,-0.0,0.0,0.0,1.2,1.0,0.0,0.0,0.0,26.69118762748883,0.9993617001131535,0.09720272802450704,157.91025784684444,160.01183271710119,0.5,0.0022,0.002,0.0094,0.0067
412,1763002639.8022742,0.0013454024512443551,-0.01980730948466506,0.3913509510775003,-0.002879003963735513,-0.14301119389366523,-0.4941267440681343,0.040799098566441996,-0.008735660781028411,0.0,0.0,0.0,1.0,0.0,0.0,0.0,0.0,0.0,0.0,0.0,0.0,0.0,0.026,0.034,1.009,1.0,0.006,-0.0,-0.002,0.002,0.015,0.029,0.0,0.3,-0.0,0.0,0.0,1.2,1.0,0.0,0.0,0.0,26.68419559786231,0.9993251630511756,0.09283968596156311,158.22941105244107,160.01905741618717,0.5,0.0011,0.0012,0.0064,0.0066
413,1763002639.8352714,-0.014339258623524713,-0.02657336064482011,0.39127745644194023,-0.003014008995204578,-0.15671207050256628,-0.06964124255001714,0.038400148752149546,-0.0016379507110642006,0.0,0.0,0.0,1.0,0.0,0.0,0.0,0.0,0.0,0.0,0.0,0.0,0.0,0.026,0.034,1.01,1.0,0.006,0.0,-0.002,0.004,0.011,0.03,0.1,0.1,-0.0,0.0,0.0,1.2,1.0,0.0,0.0,0.0,26.677290943483406,0.999289560732538,0.09283701612569126,158.32636912973504,160.02111693865217,0.5,0.0041,0.0013,0.0055,0.0042
414,1763002639.8703468,-0.024688259867860482,-0.0172160671022307,0.3914567277915426,-0.0032241854886311907,-0.10492393830571015,0.09091559936141208,0.040920459140218204,-0.0024031658337865898,0.0,0.0,0.0,1.0,0.0,0.0,0.0,0.0,0.0,0.0,0.0,0.0,0.0,0.026,0.034,1.011,1.0,0.008,-0.0,-0.002,0.009,0.009,0.025,0.1,-0.0,-0.0,0.0,0.0,1.2,1.0,0.0,0.0,0.0,26.670204163680374,0.9992531515291267,0.09360099202421267,158.32049642366886,160.02166031851374,0.5,0.0021,0.0018,0.0072,0.0058
415,1763002639.9142194,0.004896094818598762,-0.012278164980975285,0.39179090401933864,-0.003389959672210582,0.29337472087780636,0.047657414502331095,0.042487435057114914,-0.0019801603846570327,0.0,0.0,0.0,1.0,0.0,0.0,0.0,0.0,0.0,0.0,0.0,0.0,0.0,0.026,0.034,1.012,1.0,0.006,-0.001,-0.002,0.008,0.012,0.019,-0.1,-0.0,0.0,0.0,0.0,1.2,1.0,0.0,0.0,0.0,26.662905693989252,0.9992152780968937,0.09309182325322109,158.33809372800258,160.02192955281905,0.5,0.0015,0.0026,0.0096,0.0137
416,1763002639.9549043,0.0002915854513324649,-0.0123552520411177,0.3926886293655938,-0.003484473931101425,-0.04555548419080305,-0.0019986870995216677,0.04815634386448553,-0.0012841385561294886,0.0,0.0,0.0,1.0,0.0,0.0,0.0,0.0,0.0,0.0,0.0,0.0,0.0,0.027,0.035,1.012,1.0,0.005,-0.001,-0.002,0.01,0.007,0.001,-0.0,-0.0,0.0,0.0,0.0,1.2,1.0,0.0,0.0,0.0,26.65486550253936,0.9991728927879799,0.09327312663239966,158.30185221729997,160.02178857354673,0.5,0.0024,0.0019,0.0172,0.0129
417,1763002639.9852405,-0.0006447358736755716,-0.012415690898833997,0.39323818087930884,-0.0035111860904697215,-0.009334054704947109,-0.001839913781274738,0.04476437807371065,-0.0006155689867931025,0.0,0.0,0.0,1.0,0.0,0.0,0.0,0.0,0.0,0.0,0.0,0.0,0.0,0.027,0.035,1.012,1.0,0.005,-0.001,-0.002,0.01,0.007,0.001,-0.0,-0.0,0.0,0.0,0.0,1.2,1.0,0.0,0.0,0.0,26.646922906573433,0.9991293590877006,0.09341745125436612,158.26073540516367,160.0216326790797,0.5,0.0056,0.0015,0.0099,0.0127
418,1763002640.0149171,-0.0004030800754257183,-0.01247887472554093,0.39256113479143023,-0.0035271435643215864,0.002352084395130974,-0.001873407356952718,0.03255335720914542,-0.0005106933475656269,0.0,0.0,0.0,1.0,0.0,0.0,0.0,0.0,0.0,0.0,0.0,0.0,0.0,0.027,0.035,1.013,1.0,0.005,-0.001,-0.002,0.01,0.008,0.026,-0.0,-0.0,-0.0,0.0,0.0,1.2,1.0,0.0,0.0,0.0,26.640166073692225,0.9990906649683834,0.09353691191991478,158.21518432883798,160.02145366440726,0.5,0.0022,0.0019,0.0094,0.0145
419,1763002640.045852,-0.013520669142493086,-0.019427531118747465,0.39250345339526194,-0.0034992959782135518,-0.13121619867821624,-0.07073445140461943,0.038679299517460394,-7.423849535180636e-05,0.0,0.0,0.0,1.0,0.0,0.0,0.0,0.0,0.0,0.0,0.0,0.0,0.0,0.027,0.035,1.014,1.0,0.005,-0.002,-0.002,0.005,0.005,0.017,0.1,0.1,-0.0,0.0,0.0,1.2,1.0,0.0,0.0,0.0,26.633001722459102,0.9990486176931048,0.09390575045676106,158.01882990436502,160.02044372696625,0.5,0.0022,0.0019,0.0121,0.0096
420,1763002640.0818577,-0.006371321682445984,-0.024530040253593052,0.3927525250106932,-0.0035127118723892446,0.07014140768622168,-0.052967844460330614,0.041741061493837904,-0.0004840885395782802,0.0,0.0,0.0,1.0,0.0,0.0,0.0,0.0,0.0,0.0,0.0,0.0,0.0,0.028,0.036,1.014,1.0,0.006,-0.001,-0.002,0.005,0.007,0.011,0.0,0.1,0.0,0.0,0.0,1.2,1.0,0.0,0.0,0.0,26.62559932297435,0.9990041835171709,0.09468149208086127,157.78989833055002,160.01911284266615,0.5,0.0023,0.0027,0.0103,0.0121
421,1763002640.112309,-0.004538379196152102,-0.030356335271699925,0.39255432135555335,-0.00351339866148446,0.017692292694694235,-0.06071595420642803,0.03729321594967111,-0.00035813907819107985,0.0,0.0,0.0,1.0,0.0,0.0,0.0,0.0,0.0,0.0,0.0,0.0,0.0,0.028,0.036,1.015,1.0,0.006,0.0,-0.002,0.01,0.008,0.019,0.0,0.1,0.0,0.0,0.0,1.2,1.0,0.0,0.0,0.0,26.618604100530113,0.9989611416928486,0.09575141006666658,157.49723685041096,160.0167267934699,0.5,0.002,0.0017,0.0097,0.0122
422,1763002640.1458375,0.0006519089109829788,-0.03822517743906012,0.3921562077298344,-0.0035821495200664853,0.05144904315173559,-0.08172405520077201,0.03527429587836613,-0.0010388484519686988,0.0,0.0,0.0,1.0,0.0,0.0,0.0,0.0,0.0,0.0,0.0,0.0,0.0,0.028,0.036,1.016,1.0,0.005,0.002,-0.002,0.009,0.012,0.026,-0.0,0.1,-0.0,0.0,0.0,1.2,1.0,0.0,0.0,0.0,26.611943295854786,0.9989194149376085,0.09719328589410381,157.12101486000006,160.0124930530331,0.5,0.0021,0.0019,0.012,0.0098
423,1763002640.1879714,0.004149504113656793,0.008009011850410044,0.3916808204730742,-0.0035584364640970307,0.03504114291783643,0.45851937515079566,0.034461748205381185,-0.00012108439231210081,0.0,0.0,0.0,1.0,0.0,0.0,0.0,0.0,0.0,0.0,0.0,0.0,0.0,0.028,0.037,1.017,1.0,0.004,-0.001,-0.002,0.003,0.009,0.032,-0.0,-0.2,0.0,0.0,0.0,1.2,1.0,0.0,0.0,0.0,26.60555729744368,0.9988787103566611,0.09571541588890901,157.47003424670203,160.01823895535927,0.5,0.0031,0.002,0.0175,0.0117
424,1763002640.21494,0.004778382595913317,0.018706176022368973,0.3914606575340493,-0.003579370935037426,0.006703735233930912,0.10777254290463031,0.03696645265705774,-0.0005651883558136558,0.0,0.0,0.0,1.0,0.0,0.0,0.0,0.0,0.0,0.0,0.0,0.0,0.0,0.028,0.037,1.017,1.0,0.004,-0.001,-0.002,0.003,0.009,0.032,-0.0,-0.2,0.0,0.0,0.0,1.2,1.0,0.0,0.0,0.0,26.59916624420718,0.9988380825998175,0.0964502645791153,157.78682050067997,160.02438057377324,0.5,0.0029,0.0019,0.0122,0.0093
425,1763002640.2468328,-0.006197684092870997,-0.005081237992178595,0.3909830267592523,-0.003649559839391186,-0.10928282862825181,-0.2360035225432388,0.034369758005434174,-0.001059826137041339,0.0,0.0,0.0,1.0,0.0,0.0,0.0,0.0,0.0,0.0,0.0,0.0,0.0,0.029,0.037,1.019,1.0,0.007,-0.001,-0.002,0.003,0.005,0.039,0.0,0.0,-0.0,0.0,0.0,1.2,1.0,0.0,0.0,0.0,26.593108633743807,0.9987997167972238,0.09641691146760645,157.76652062493582,160.02419803696563,0.5,0.0022,0.0031,0.0105,0.0107
426,1763002640.2802935,-0.004649036656398222,-0.025492284354602896,0.3910683152257288,-0.003630263102467451,0.014866705955440637,-0.20461858742346084,0.039951187340690045,-0.00017198861470176657,0.0,0.0,0.0,1.0,0.0,0.0,0.0,0.0,0.0,0.0,0.0,0.0,0.0,0.029,0.037,1.02,1.0,0.006,-0.0,-0.002,0.003,0.006,0.029,0.0,0.1,0.0,0.0,0.0,1.2,1.0,0.0,0.0,0.0,26.586613886992474,0.9987589149237155,0.09571125400762873,157.63791372155902,160.0221302763302,0.5,0.0022,0.0021,0.0095,0.013
427,1763002640.3201795,-0.01961418465323748,-0.027868272667880986,0.3912641650629536,-0.0035181660302615824,-0.1501163836340324,-0.026309111568241193,0.0410653298948201,0.0007579444118119448,0.0,0.0,0.0,1.0,0.0,0.0,0.0,0.0,0.0,0.0,0.0,0.0,0.0,0.029,0.037,1.021,1.0,0.007,0.0,-0.002,-0.0,0.006,0.024,0.1,0.1,-0.0,0.0,0.0,1.2,1.0,0.0,0.0,0.0,26.579948056766753,0.9987172809715641,0.09618978274850593,157.3971411466578,160.0189461324722,0.5,0.0022,0.0018,0.0164,0.013
428,1763002640.3541744,-0.023183887683110277,-0.02831643401721797,0.39142183776960227,-0.0035174677936327466,-0.03765844876405168,-0.007268440760157965,0.04070314357278134,-0.0003448342367377939,0.0,0.0,0.0,1.0,0.0,0.0,0.0,0.0,0.0,0.0,0.0,0.0,0.0,0.029,0.037,1.021,1.0,0.007,0.0,-0.002,-0.0,0.006,0.024,0.1,0.1,-0.0,0.0,0.0,1.2,1.0,0.0,0.0,0.0,26.573332452517413,0.9986758657513102,0.09791723930311161,157.0105605277508,160.01420254941266,0.5,0.0027,0.0019,0.0127,0.016
429,1763002640.4201782,0.022342267207078756,0.020620575350998184,0.39094431550175496,0.0029375768506563426,0.4529431601335792,0.4865384502804398,0.034366961098486415,0.06419869966352762,0.0,0.0,0.0,1.0,0.0,0.0,0.0,0.0,0.0,0.0,0.0,0.0,0.0,0.029,0.038,1.023,1.0,0.004,-0.004,-0.001,0.004,0.007,0.037,-0.2,-0.3,0.1,0.0,0.0,1.2,1.0,0.0,0.0,0.0,26.56734644077727,0.9986373820516766,0.09467013990511361,157.77767119897507,160.02361502132536,0.5,0.002,0.0019,0.0459,0.015
430,1763002640.4459815,0.01517790221321963,0.033277423179247985,0.391189288105493,0.0001822127226957771,-0.06940942321788332,0.12863053581759784,0.04154415758755608,-0.027259883594540017,0.0,0.0,0.0,1.0,0.0,0.0,0.0,0.0,0.0,0.0,0.0,0.0,0.0,0.029,0.038,1.024,1.0,0.001,-0.008,-0.001,-0.006,-0.0,0.021,-0.0,-0.1,-0.0,0.0,0.0,1.2,1.0,0.0,0.0,0.0,26.560671454004122,0.9985949235184806,0.09558161441550854,157.870197190382,160.02510025010156,0.5,0.0022,0.0019,0.0114,0.0092
431,1763002640.4818215,-0.03364971940002415,-0.00589309138027852,0.3917285808958908,-0.008441465778437967,-0.48675842591111584,-0.38837740327734027,0.04451185671452611,-0.08621856373906789,0.0,0.0,0.0,1.0,0.0,0.0,0.0,0.0,0.0,0.0,0.0,0.0,0.0,0.028,0.038,1.025,1.0,0.007,-0.005,-0.003,-0.02,-0.002,0.011,0.3,0.2,-0.1,0.0,0.0,1.2,1.0,0.0,0.0,0.0,26.55363324917587,0.9985493462997291,0.08987942570254287,157.88036407442456,160.02565932308147,0.5,0.0014,0.0016,0.0139,0.0111
432,1763002640.509946,-0.031973664343583647,-0.02544702595735123,0.3922433746252609,-0.006792355771576883,0.013395578624402549,-0.196128654908755,0.0443207953832893,0.015646953490767033,0.0,0.0,0.0,1.0,0.0,0.0,0.0,0.0,0.0,0.0,0.0,0.0,0.0,0.027,0.038,1.025,1.0,0.009,-0.001,-0.003,-0.018,0.002,0.006,0.1,0.2,-0.0,0.0,0.0,1.2,1.0,0.0,0.0,0.0,26.54645738485001,0.998501924628863,0.09034322656726529,157.73486107969467,160.02351794609578,0.5,0.0019,0.0017,0.0103,0.009
433,1763002640.5477023,-0.02076746464513709,-0.0068819597754904566,0.3922503687160669,-0.005884302241089216,0.10886463055010723,0.18310595922287262,0.039294278370586105,0.008401299727718992,0.0,0.0,0.0,1.0,0.0,0.0,0.0,0.0,0.0,0.0,0.0,0.0,0.0,0.027,0.038,1.026,1.0,0.009,-0.001,-0.003,-0.013,-0.001,0.013,0.0,0.0,0.0,0.0,0.0,1.2,1.0,0.0,0.0,0.0,26.53967083669219,0.9984552826180996,0.09118139325172164,157.62230106222734,160.0217586051738,0.5,0.0024,0.002,0.0095,0.0116
434,1763002640.5792685,-0.0006684931830573254,-0.004511180653666033,0.39261305988163364,-0.0055276710480765615,0.19891296815628395,0.023019595240695204,0.0428519485272747,0.00297788170601764,0.0,0.0,0.0,1.0,0.0,0.0,0.0,0.0,0.0,0.0,0.0,0.0,0.0,0.026,0.038,1.026,1.0,0.007,-0.0,-0.003,-0.018,-0.002,0.005,-0.1,0.0,0.0,0.0,0.0,1.2,1.0,0.0,0.0,0.0,26.53257371783061,0.9984047039997194,0.0907457131862961,157.67993040451648,160.0230406763161,0.5,0.0022,0.0019,0.012,0.0096
435,1763002640.6108418,0.006578760040063803,0.04426066226754386,0.39192887766224155,-0.005434128727825684,0.07240568291290553,0.4872673111467324,0.03241948379424206,0.0003826560977011201,0.0,0.0,0.0,1.0,0.0,0.0,0.0,0.0,0.0,0.0,0.0,0.0,0.0,0.026,0.037,1.027,1.0,0.005,-0.006,-0.003,-0.02,-0.009,0.027,-0.1,-0.3,-0.0,0.0,0.0,1.2,1.0,0.0,0.0,0.0,26.52651184694199,0.9983597441980884,0.09041369351303481,157.9632874607551,160.02586520243798,0.5,0.002,0.0019,0.0091,0.0111
436,1763002640.6413186,-0.002099597232884098,0.023049653229757782,0.39234259318807396,-0.00541981990596082,-0.08612569672547264,-0.20768402415110632,0.04333004302454843,-0.00040032465413392983,0.0,0.0,0.0,1.0,0.0,0.0,0.0,0.0,0.0,0.0,0.0,0.0,0.0,0.025,0.037,1.027,1.0,0.005,-0.005,-0.003,-0.023,-0.003,0.007,-0.0,0.0,0.0,0.0,0.0,1.2,1.0,0.0,0.0,0.0,26.519557380760865,0.9983071177751943,0.09111251834903113,157.90263994076577,160.02383676360677,0.5,0.0022,0.002,0.0123,0.0043
437,1763002640.6662433,-0.002341795172584802,0.0012010382996721601,0.3928718975302347,-0.004333361683512936,-0.00263193912029544,-0.21618118397788044,0.04452730274041468,0.01032260023388276,0.0,0.0,0.0,1.0,0.0,0.0,0.0,0.0,0.0,0.0,0.0,0.0,0.0,0.024,0.037,1.027,1.0,0.005,-0.003,-0.002,-0.024,0.001,0.001,-0.0,0.1,0.0,0.0,0.0,1.2,1.0,0.0,0.0,0.0,26.51240000887679,0.9982512021872114,0.09030576277225819,157.9372170292208,160.02553441311403,0.5,0.0012,0.001,0.0063,0.0045
438,1763002640.7019305,-0.0020069628490341955,-0.022761383059553424,0.39289516634546046,-0.003862169911061888,0.003114143718247586,-0.23950410976228861,0.03951987790528076,0.004278581556159193,0.0,0.0,0.0,1.0,0.0,0.0,0.0,0.0,0.0,0.0,0.0,0.0,0.0,0.023,0.037,1.027,1.0,0.005,0.0,-0.002,-0.027,0.002,0.009,0.0,0.2,0.0,0.0,0.0,1.2,1.0,0.0,0.0,0.0,26.505658360288344,0.9981967221092065,0.08971563842900589,158.08586566185616,160.03038381082754,0.5,0.0015,0.0014,0.0076,0.0048
439,1763002640.7473037,-0.00328416085236026,-0.004947416856332532,0.3924942221124072,-0.003613557225462293,-0.012972676318164074,0.17586352372625355,0.035280074304013094,0.0020999098648897627,0.0,0.0,0.0,1.0,0.0,0.0,0.0,0.0,0.0,0.0,0.0,0.0,0.0,0.022,0.037,1.028,1.0,0.005,0.001,-0.002,-0.03,-0.002,0.019,-0.0,0.0,-0.0,0.0,0.0,1.2,1.0,0.0,0.0,0.0,26.49938947341996,0.9981446550436817,0.0898036124699768,158.0604478816539,160.0303375229905,0.5,0.0015,0.0015,0.0113,0.0129
440,1763002640.7810698,-0.02283157813925548,0.0008456047922768897,0.39238938208059054,-0.004565731340873796,-0.19580258895418823,0.05743547480046093,0.03820102189307453,-0.009883096876661269,0.0,0.0,0.0,1.0,0.0,0.0,0.0,0.0,0.0,0.0,0.0,0.0,0.0,0.021,0.037,1.028,1.0,0.007,0.0,-0.003,-0.027,-0.005,0.017,0.1,0.0,-0.0,0.0,0.0,1.2,1.0,0.0,0.0,0.0,26.49302480142295,0.9980907174212515,0.08968400648393995,157.97729893908894,160.0296788489412,0.5,0.0021,0.0027,0.012,0.0105
441,1763002640.8127406,-0.014341836956745322,0.0018709867437593673,0.3924178253441103,-0.0049361052063416734,0.08261425401117603,0.010338379994052464,0.0395233708432562,-0.004160311788766152,0.0,0.0,0.0,1.0,0.0,0.0,0.0,0.0,0.0,0.0,0.0,0.0,0.0,0.021,0.037,1.028,1.0,0.007,0.0,-0.003,-0.027,-0.004,0.016,0.0,0.0,-0.0,0.0,0.0,1.2,1.0,0.0,0.0,0.0,26.486627516443843,0.9980357010579186,0.08989613757351224,157.91782148283158,160.02916953682058,0.5,0.0023,0.002,0.0103,0.011
442,1763002640.849758,-0.007714272735636291,0.00803685796843624,0.39214152322863527,-0.005073824110295633,0.06484145851541581,0.06184581092114466,0.03647876137966043,-0.0018707995601737679,0.0,0.0,0.0,1.0,0.0,0.0,0.0,0.0,0.0,0.0,0.0,0.0,0.0,0.019,0.037,1.03,1.0,0.005,-0.001,-0.003,-0.033,-0.008,0.021,-0.0,-0.0,0.0,0.0,0.0,1.2,1.0,0.0,0.0,0.0,26.480487840904477,0.9979822145491853,0.09005931640189294,157.8545535990159,160.02869125672353,0.5,0.0021,0.0029,0.0142,0.0103
443,1763002640.875944,0.009002325828324104,-0.009794975510177968,0.39210661742545855,-0.0051781130767533275,0.1663945583660403,-0.17751464898929847,0.03886509429109565,-0.0015502720756065133,0.0,0.0,0.0,1.0,0.0,0.0,0.0,0.0,0.0,0.0,0.0,0.0,0.0,0.018,0.036,1.03,1.0,0.004,0.001,-0.003,-0.03,-0.006,0.019,-0.1,0.1,0.0,0.0,0.0,1.2,1.0,0.0,0.0,0.0,26.47426369498048,0.9979275092389118,0.08973974378326281,157.94261399618554,160.02927031279313,0.5,0.0024,0.0021,0.0101,0.0078
444,1763002640.9131088,-0.01842420889667537,0.01779716794853741,0.39174374878621127,-0.005176729983851278,-0.2733651146671623,0.27494193703613595,0.03558197535007299,-0.0005039803786548308,0.0,0.0,0.0,1.0,0.0,0.0,0.0,0.0,0.0,0.0,0.0,0.0,0.0,0.017,0.036,1.031,1.0,0.006,-0.001,-0.003,-0.032,-0.008,0.027,0.1,-0.1,-0.0,0.0,0.0,1.2,1.0,0.0,0.0,0.0,26.468417429793593,0.9978758077496918,0.08873617806652938,157.84956876577158,160.02785094899713,0.5,0.0015,0.0014,0.0124,0.0112
445,1763002640.9440963,-0.013802712073444693,0.013891831927052685,0.39147638151023945,-0.00619755697918543,0.04437254734263922,-0.037273643419993535,0.03650070211890325,-0.010725942951726644,0.0,0.0,0.0,1.0,0.0,0.0,0.0,0.0,0.0,0.0,0.0,0.0,0.0,0.016,0.036,1.032,1.0,0.007,-0.001,-0.004,-0.038,-0.004,0.028,0.0,-0.0,-0.0,0.0,0.0,1.2,1.0,0.0,0.0,0.0,26.46262527732853,0.9978246472894088,0.0889464523900977,157.78991087666142,160.02734316500727,0.5,0.0021,0.0018,0.0091,0.0107
446,1763002640.9792151,-0.012876158552298489,-0.02110836620483477,0.39194856899336705,-0.0056964709725890175,0.007885264004117579,-0.34861279812616924,0.04386951298229981,0.004391104368045583,0.0,0.0,0.0,1.0,0.0,0.0,0.0,0.0,0.0,0.0,0.0,0.0,0.0,0.015,0.036,1.032,1.0,0.007,0.003,-0.003,-0.037,-0.004,0.013,0.0,0.2,0.0,0.0,0.0,1.2,1.0,0.0,0.0,0.0,26.456179833211554,0.9977677092281455,0.08802193558096215,157.8671870633974,160.02777893984828,0.5,0.0022,0.0019,0.0121,0.0094
447,1763002641.0161903,0.0011948859233406692,0.02204035548725642,0.3920358835057594,-0.0054071231938321316,0.13942282890116173,0.42937638030042835,0.04006800202325983,0.0023238306903099644,0.0,0.0,0.0,1.0,0.0,0.0,0.0,0.0,0.0,0.0,0.0,0.0,0.0,0.013,0.036,1.033,1.0,0.006,0.001,-0.003,-0.034,-0.007,0.017,-0.1,-0.2,0.0,0.0,0.0,1.2,1.0,0.0,0.0,0.0,26.449971185436066,0.9977124404507628,0.086174644440906,157.92633560467854,160.0285972052072,0.5,0.0017,0.0027,0.0108,0.0135
448,1763002641.0470018,-0.007424460704623064,0.03841343035524949,0.39209209782668847,-0.005329841032559965,-0.08607397768730327,0.16593478422865632,0.03976573155986738,0.00023210929333844846,0.0,0.0,0.0,1.0,0.0,0.0,0.0,0.0,0.0,0.0,0.0,0.0,0.0,0.013,0.036,1.033,1.0,0.006,-0.002,-0.003,-0.032,-0.006,0.017,0.0,-0.2,0.0,0.0,0.0,1.2,1.0,0.0,0.0,0.0,26.443793503608884,0.9976572863382495,0.0876384823438614,157.7353437170445,160.02658109600932,0.5,0.0021,0.0018,0.0129,0.0101
449,1763002641.083367,-0.0018456221881945388,-0.007765466386401229,0.39234532001509004,-0.005329650292400941,0.05504593909382294,-0.4579476243809822,0.04174143166668402,-0.0005310767016657447,0.0,0.0,0.0,1.0,0.0,0.0,0.0,0.0,0.0,0.0,0.0,0.0,0.0,0.011,0.036,1.034,1.0,0.004,0.002,-0.003,-0.047,-0.003,0.011,-0.0,0.2,0.0,0.0,0.0,1.2,1.0,0.0,0.0,0.0,26.437396097543566,0.9975993479084264,0.08524591237868984,157.92924792187637,160.0312254888274,0.5,0.0022,0.006,0.0092,0.0126
450,1763002641.1117103,-0.019395893287033967,-0.009854203050561117,0.3920282990494396,-0.005119783476067939,-0.17568727320721375,-0.02166391328023895,0.036064322345004854,0.0015657031340899248,0.0,0.0,0.0,1.0,0.0,0.0,0.0,0.0,0.0,0.0,0.0,0.0,0.0,0.01,0.035,1.035,1.0,0.006,0.003,-0.003,-0.046,-0.005,0.022,0.1,0.1,-0.0,0.0,0.0,1.2,1.0,0.0,0.0,0.0,26.431531762500995,0.9975457722388105,0.08514455354061698,157.90049968966144,160.03270980171425,0.5,0.0024,0.0021,0.012,0.0082
451,1763002641.1439447,-0.01055269916907092,0.01512860097760968,0.3925236780712706,0.0005668917393087478,0.08649235185092706,0.24884261997665183,0.0441566201232545,0.05635477380616006,0.0,0.0,0.0,1.0,0.0,0.0,0.0,0.0,0.0,0.0,0.0,0.0,0.0,0.009,0.035,1.035,1.0,0.006,0.001,-0.002,-0.035,-0.003,0.006,-0.0,-0.1,0.1,0.0,0.0,1.2,1.0,0.0,0.0,0.0,26.424969139495932,0.9974853912021336,0.08451402841185232,157.85120195398642,160.0301436319971,0.5,0.0034,0.0015,0.009,0.0099
452,1763002641.178285,0.009286940219496952,0.011587262261405348,0.3930978632596046,-0.0006793231719689151,0.19734112396877168,-0.03390052706428234,0.044994219690467095,-0.012405459938845755,0.0,0.0,0.0,1.0,0.0,0.0,0.0,0.0,0.0,0.0,0.0,0.0,0.0,0.007,0.035,1.035,1.0,0.004,0.001,-0.001,-0.042,-0.001,-0.001,-0.1,0.0,0.0,0.0,0.0,1.2,1.0,0.0,0.0,0.0,26.41816183474957,0.9974217661315498,0.08439480093113577,157.90845088590757,160.0303332314313,0.5,0.0016,0.0014,0.0094,0.0101
453,1763002641.2126303,0.017453971699505227,-0.006121355550840863,0.39275837013130366,-0.0031698742991278245,0.08259900882203244,-0.17592745189632158,0.035914855042951374,-0.024973443588785983,0.0,0.0,0.0,1.0,0.0,0.0,0.0,0.0,0.0,0.0,0.0,0.0,0.0,0.006,0.035,1.035,1.0,0.003,0.004,-0.003,-0.048,0.004,0.017,-0.1,0.1,-0.0,0.0,0.0,1.2,1.0,0.0,0.0,0.0,26.412207015312227,0.9973649618892027,0.0848889282694377,158.04310057084473,160.03219937329231,0.5,0.0021,0.0019,0.0124,0.0095
454,1763002641.2471757,-0.0032187589880895776,-0.0174295734401785,0.3930745001071307,-0.0032818820517719017,-0.2049819097059975,-0.11369431444846044,0.04243713677140072,-0.0014370649563535563,0.0,0.0,0.0,1.0,0.0,0.0,0.0,0.0,0.0,0.0,0.0,0.0,0.0,0.004,0.036,1.035,1.0,0.003,0.006,-0.002,-0.044,0.003,0.005,0.1,0.1,0.0,0.0,0.0,1.2,1.0,0.0,0.0,0.0,26.405719530114037,0.997302202726675,0.08432243404765465,158.08518972128965,160.03283039344313,0.5,0.0022,0.0014,0.0093,0.0133
455,1763002641.2834892,-0.017016590792549358,0.016254939731525295,0.39285161185120454,-0.004224256432383969,-0.13830019394340679,0.3351021743730201,0.037078567451451605,-0.00975193201129786,0.0,0.0,0.0,1.0,0.0,0.0,0.0,0.0,0.0,0.0,0.0,0.0,0.0,0.003,0.036,1.036,1.0,0.006,0.004,-0.003,-0.036,0.001,0.015,0.1,-0.2,-0.0,0.0,0.0,1.2,1.0,0.0,0.0,0.0,26.399713312827398,0.9972431641768692,0.0819042659714717,158.07059110715653,160.0313918493732,0.5,0.0021,0.002,0.0162,0.0094
456,1763002641.3185353,0.013343259632294314,0.019708054374327204,0.39238765621543875,-0.003662817794163665,0.30189684516918175,0.036156640401171655,0.034645604827463074,0.005191960738964646,0.0,0.0,0.0,1.0,0.0,0.0,0.0,0.0,0.0,0.0,0.0,0.0,0.0,0.002,0.036,1.037,1.0,0.003,0.002,-0.002,-0.037,0.007,0.023,-0.1,-0.1,0.0,0.0,0.0,1.2,1.0,0.0,0.0,0.0,26.394070218326814,0.9971872987608158,0.0819085929840877,158.05328590143435,160.03079254227026,0.5,0.0055,0.0019,0.0128,0.0116
457,1763002641.3441312,0.024917903595569377,0.02714167681253421,0.39203451823500635,-0.003513983489555904,0.11708076559598006,0.07630702981950278,0.035707385817219335,0.0011220612666612423,0.0,0.0,0.0,1.0,0.0,0.0,0.0,0.0,0.0,0.0,0.0,0.0,0.0,0.001,0.036,1.037,1.0,0.001,0.0,-0.002,-0.039,0.006,0.026,-0.1,-0.1,0.0,0.0,0.0,1.2,1.0,0.0,0.0,0.0,26.388543323361667,0.9971325496637399,0.08377679003654787,157.92387175982,160.02994408426187,0.5,0.0021,0.0018,0.0091,0.011
458,1763002641.3818872,-0.004409673618493624,0.0003461129363349809,0.39230714699784197,-0.004511187426309179,-0.290783981781073,-0.26524147108073887,0.04192973945185658,-0.01032343771648834,0.0,0.0,0.0,1.0,0.0,0.0,0.0,0.0,0.0,0.0,0.0,0.0,0.0,-0.001,0.036,1.038,1.0,0.004,0.003,-0.003,-0.044,0.003,0.013,0.1,0.1,-0.0,0.0,0.0,1.2,1.0,0.0,0.0,0.0,26.38244718344113,0.9970719333394336,0.08218612606047286,158.03722365991482,160.03128200685214,0.5,0.0022,0.0022,0.0132,0.0108
459,1763002641.4124792,-0.011025036464038282,-0.025111745510755,0.39229092976341573,-0.004993920144493534,-0.06659459581729597,-0.2545439731772663,0.03906854235552178,-0.005278445924474474,0.0,0.0,0.0,1.0,0.0,0.0,0.0,0.0,0.0,0.0,0.0,0.0,0.0,-0.002,0.036,1.039,1.0,0.005,0.006,-0.003,-0.042,0.009,0.017,0.1,0.2,-0.0,0.0,0.0,1.2,1.0,0.0,0.0,0.0,26.37657798956148,0.9970135824426782,0.082253408111377,158.2947292536295,160.035663496227,0.5,0.0022,0.002,0.0096,0.0116
460,1763002641.4494514,-0.01663667305300669,-0.00962221147575561,0.391909307407035,-0.005041464491457776,-0.057218869536087895,0.15238416579891834,0.035412869412533576,-0.0009748354840917687,0.0,0.0,0.0,1.0,0.0,0.0,0.0,0.0,0.0,0.0,0.0,0.0,0.0,-0.004,0.036,1.04,1.0,0.006,0.006,-0.003,-0.035,0.005,0.026,0.1,-0.0,0.0,0.0,0.0,1.2,1.0,0.0,0.0,0.0,26.371128747327496,0.9969595015360684,0.08318844004727138,158.2891443228062,160.03671704833278,0.5,0.0024,0.0021,0.0149,0.01
461,1763002641.4854414,0.008332795942357914,0.013895662947651325,0.39171718973224173,-0.004085151246774407,0.24803102264834534,0.23421652308649377,0.03726975399277109,0.009058985997687913,0.0,0.0,0.0,1.0,0.0,0.0,0.0,0.0,0.0,0.0,0.0,0.0,0.0,-0.005,0.037,1.041,1.0,0.005,0.003,-0.002,-0.035,0.007,0.025,-0.1,-0.1,0.0,0.0,0.0,1.2,1.0,0.0,0.0,0.0,26.365640947417663,0.9969050261154222,0.08157508540129066,158.3217705134999,160.0361199679403,0.5,0.0041,0.0038,0.0092,0.015
462,1763002641.5162578,0.029846520738931674,0.020071738360764143,0.3911581195307633,-0.00469516316328151,0.2159705275599734,0.06315032042589329,0.03358101695843983,-0.0065086342897484675,0.0,0.0,0.0,1.0,0.0,0.0,0.0,0.0,0.0,0.0,0.0,0.0,0.0,-0.005,0.037,1.041,1.0,0.003,0.003,-0.003,-0.041,0.007,0.037,-0.2,-0.1,-0.0,0.0,0.0,1.2,1.0,0.0,0.0,0.0,26.360685234214547,0.996856119638383,0.08237619918512809,158.30851054043953,160.0362207596686,0.5,0.0022,0.0022,0.0093,0.0155
463,1763002641.5576963,-0.0019411062151146255,0.0075766513731276,0.3907387985010872,-0.004018516190421264,-0.31489161746656985,-0.122943696040289,0.0349226016563164,0.006296953412274316,0.0,0.0,0.0,1.0,0.0,0.0,0.0,0.0,0.0,0.0,0.0,0.0,0.0,-0.007,0.037,1.043,1.0,0.004,0.001,-0.002,-0.044,0.004,0.037,0.1,0.1,0.0,0.0,0.0,1.2,1.0,0.0,0.0,0.0,26.355725131190862,0.9968074871998125,0.08079730107080349,158.39208596109225,160.037360367271,0.5,0.0021,0.0023,0.0148,0.0184
464,1763002641.586996,-0.008578600639290427,0.0054122979756900565,0.39056187325252517,-0.0036729529580672325,-0.06656905486326944,-0.020885868837062685,0.0373046273644884,0.003053780704498173,0.0,0.0,0.0,1.0,0.0,0.0,0.0,0.0,0.0,0.0,0.0,0.0,0.0,-0.007,0.037,1.043,1.0,0.004,0.001,-0.002,-0.044,0.004,0.037,0.1,0.1,0.0,0.0,0.0,1.2,1.0,0.0,0.0,0.0,26.350763696052415,0.9967595988888769,0.08046664691277117,158.49691240041972,160.03913060385094,0.5,0.0021,0.0017,0.0143,0.0104
465,1763002641.6173563,-0.007500749521256544,0.033183785465028995,0.39058512162617426,0.0019528892125251955,0.009920651116409773,0.27825610469095846,0.0392886710617433,0.05589112641011755,0.0,0.0,0.0,1.0,0.0,0.0,0.0,0.0,0.0,0.0,0.0,0.0,0.0,-0.009,0.037,1.044,1.0,0.007,0.001,-0.001,-0.032,0.006,0.033,-0.0,-0.2,0.1,0.0,0.0,1.2,1.0,0.0,0.0,0.0,26.345645906244787,0.9967111905776868,0.08063220355881576,158.33972572118063,160.03806328830672,0.5,0.0022,0.0019,0.0151,0.0101
466,1763002641.6467032,-0.004021778658570257,-0.011385032753612079,0.39043647206686827,-0.0011876567775095598,0.0340396336747372,-0.44236980363990785,0.03757201656955819,-0.031210170979095023,0.0,0.0,0.0,1.0,0.0,0.0,0.0,0.0,0.0,0.0,0.0,0.0,0.0,-0.011,0.037,1.046,1.0,0.006,0.005,-0.002,-0.04,0.007,0.034,-0.0,0.2,-0.0,0.0,0.0,1.2,1.0,0.0,0.0,0.0,26.340614345096895,0.9966637163520349,0.0786708765118425,158.58201701835358,160.04229104971682,0.5,0.0031,0.0021,0.0095,0.0118
467,1763002641.690574,0.007062635404706593,4.7507220925988025e-06,0.39037588131778017,-0.0034991149388309065,0.11044196276691148,0.11275933148168554,0.038437739715805413,-0.02323334729096442,0.0,0.0,0.0,1.0,0.0,0.0,0.0,0.0,0.0,0.0,0.0,0.0,0.0,-0.012,0.037,1.047,1.0,0.005,0.005,-0.003,-0.038,-0.002,0.033,-0.1,0.0,-0.0,0.0,0.0,1.2,1.0,0.0,0.0,0.0,26.33557113222232,0.9966167058022151,0.07825898215499615,158.58041638817062,160.0414402632938,0.5,0.0022,0.0019,0.0167,0.0159
468,1763002641.7196524,0.009038687654222353,0.0021337585088042907,0.390362844216577,-0.004464454868698232,0.020466786035628255,0.021290552939326194,0.038907217119746026,-0.01000331079255635,0.0,0.0,0.0,1.0,0.0,0.0,0.0,0.0,0.0,0.0,0.0,0.0,0.0,-0.012,0.037,1.047,1.0,0.005,0.005,-0.003,-0.038,-0.002,0.033,-0.1,0.0,-0.0,0.0,0.0,1.2,1.0,0.0,0.0,0.0,26.330556575883417,0.9965702427692401,0.07854091256950715,158.55720306061025,160.04113669319918,0.5,0.0022,0.0018,0.0093,0.0151
469,1763002641.7498653,0.005487208199153046,-0.011525673708167317,0.39055575145951366,-0.0038814800729145655,-0.03461092578527084,-0.13638094631883563,0.04096535685102441,0.005383302470966841,0.0,0.0,0.0,1.0,0.0,0.0,0.0,0.0,0.0,0.0,0.0,0.0,0.0,-0.014,0.038,1.049,1.0,0.004,0.006,-0.002,-0.033,0.007,0.025,0.0,0.1,0.0,0.0,0.0,1.2,1.0,0.0,0.0,0.0,26.325245683116677,0.9965211788459296,0.0789494282296464,158.60262778380934,160.0420661293861,0.5,0.0021,0.0018,0.014,0.0112
470,1763002641.7803063,-0.016431188522887396,-0.02547486108024045,0.39054901711149553,-0.003579646137974606,-0.2186352464004891,-0.14064444109154806,0.03898823166577049,0.0026301913421081374,0.0,0.0,0.0,1.0,0.0,0.0,0.0,0.0,0.0,0.0,0.0,0.0,0.0,-0.015,0.038,1.05,1.0,0.007,0.009,-0.002,-0.027,0.002,0.027,0.1,0.1,-0.0,0.0,0.0,1.2,1.0,0.0,0.0,0.0,26.32008396376468,0.9964733655167001,0.07972876600212159,158.64464802371504,160.04304358013147,0.5,0.0021,0.0019,0.0134,0.0094
471,1763002641.8202405,-0.006550301860882287,-0.013898262987848976,0.3900688515804519,-0.0044691533778409365,0.09716574776776236,0.11321849481589069,0.03425324640071365,-0.009253037012460772,0.0,0.0,0.0,1.0,0.0,0.0,0.0,0.0,0.0,0.0,0.0,0.0,0.0,-0.016,0.038,1.051,1.0,0.006,0.008,-0.003,-0.029,0.005,0.039,-0.0,-0.0,-0.0,0.0,0.0,1.2,1.0,0.0,0.0,0.0,26.315490192584555,0.9964304108483301,0.080462527768968,158.6043248164427,160.04284343682363,0.5,0.0039,0.0018,0.0095,0.0179
472,1763002641.849953,-0.004186430089332126,-0.016504930155145182,0.39062852879595406,-0.003913746046393669,0.02298368752941338,-0.02745649797174697,0.044603657313065995,0.005107157976688583,0.0,0.0,0.0,1.0,0.0,0.0,0.0,0.0,0.0,0.0,0.0,0.0,0.0,-0.016,0.038,1.051,1.0,0.006,0.009,-0.002,-0.023,0.005,0.018,-0.0,0.0,0.0,0.0,0.0,1.2,1.0,0.0,0.0,0.0,26.309991461618445,0.9963788745059696,0.08085306357640427,158.55585271322335,160.04264826820227,0.5,0.0023,0.0019,0.0153,0.0091
473,1763002641.8867934,-0.006501692001262259,-0.005597388135874733,0.3913562128228164,-0.0036427799525031693,-0.02357126212823455,0.10742492717718999,0.04633969314821859,0.0023182863342656266,0.0,0.0,0.0,1.0,0.0,0.0,0.0,0.0,0.0,0.0,0.0,0.0,0.0,-0.017,0.038,1.051,1.0,0.006,0.008,-0.002,-0.016,-0.003,0.008,0.0,-0.1,0.0,0.0,0.0,1.2,1.0,0.0,0.0,0.0,26.304134314467692,0.9963231420771967,0.08030293861269541,158.63358396022176,160.04327584835835,0.5,0.0062,0.0019,0.0098,0.0143
474,1763002641.9064932,-0.006500941042828865,-0.0032134736570641354,0.39072563406315275,-0.003537867533735324,-0.0006426596157922924,0.023279405974518524,0.03282983368564471,0.0006848461924281379,0.0,0.0,0.0,1.0,0.0,0.0,0.0,0.0,0.0,0.0,0.0,0.0,0.0,-0.018,0.038,1.052,1.0,0.006,0.007,-0.002,-0.037,-0.002,0.034,0.0,0.0,-0.0,0.0,0.0,1.2,1.0,0.0,0.0,0.0,26.299489258132606,0.9962775129697569,0.0803762620881224,158.57444721626663,160.04289943709793,0.5,0.0021,0.0019,0.0086,0.006
475,1763002641.9513066,-0.009311505364710516,-0.013089306081287465,0.39084603962889186,-0.00448782930766216,-0.02875573732309939,-0.09907967160793968,0.040276619063706755,-0.009853404492641892,0.0,0.0,0.0,1.0,0.0,0.0,0.0,0.0,0.0,0.0,0.0,0.0,0.0,-0.019,0.038,1.054,1.0,0.007,0.009,-0.003,-0.024,-0.001,0.019,0.0,0.0,0.0,0.0,0.0,1.2,1.0,0.0,0.0,0.0,26.294206280867478,0.9962250097666773,0.08039255810992631,158.53287988445135,160.04273939031276,0.5,0.0014,0.0053,0.0122,0.0118
476,1763002641.9814827,-0.010123823600156026,-0.01361606750875204,0.3909473815530363,-0.0039015274210013546,-0.00905433289092614,-0.006576544882774517,0.04009802320433371,0.005414235935841836,0.0,0.0,0.0,1.0,0.0,0.0,0.0,0.0,0.0,0.0,0.0,0.0,0.0,-0.019,0.038,1.054,1.0,0.007,0.008,-0.002,-0.019,-0.002,0.019,0.0,-0.0,0.0,0.0,0.0,1.2,1.0,0.0,0.0,0.0,26.288973501881003,0.9961720582908783,0.08054682469080629,158.47033790777886,160.04254960833268,0.5,0.0022,0.0019,0.0114,0.0121
477,1763002642.0118856,-0.007807316370647641,0.020299996663060222,0.3905901272167294,-0.003591215312959442,0.022152689935068266,0.3377990349672474,0.03552219479223378,0.002712968338318995,0.0,0.0,0.0,1.0,0.0,0.0,0.0,0.0,0.0,0.0,0.0,0.0,0.0,-0.02,0.038,1.055,1.0,0.006,0.003,-0.002,-0.014,-0.004,0.029,-0.0,-0.2,-0.0,0.0,0.0,1.2,1.0,0.0,0.0,0.0,26.284223972218594,0.9961229461585113,0.08006004583034686,158.68184364848435,160.0438652840198,0.5,0.0022,0.0032,0.0104,0.0095
478,1763002642.050946,0.0063396619682755,0.02539872590682507,0.3903680384394545,-0.0034412536986996316,0.14068905175216662,0.05301729210395448,0.03683812494892318,0.001140494611302158,0.0,0.0,0.0,1.0,0.0,0.0,0.0,0.0,0.0,0.0,0.0,0.0,0.0,-0.021,0.038,1.056,1.0,0.005,0.001,-0.002,-0.019,-0.002,0.028,-0.1,-0.1,0.0,0.0,0.0,1.2,1.0,0.0,0.0,0.0,26.27944891263894,0.9960728430634392,0.08151384738574363,158.80950435353915,160.04424354562067,0.5,0.0023,0.0027,0.0101,0.0156
479,1763002642.0757155,-0.0007439856974814155,0.014342087260045183,0.39066327850976434,-0.003428406233630868,-0.07020251046074158,-0.10802651387711634,0.041989204547043614,-0.00021565071918231912,0.0,0.0,0.0,1.0,0.0,0.0,0.0,0.0,0.0,0.0,0.0,0.0,0.0,-0.021,0.038,1.056,1.0,0.005,0.001,-0.002,-0.015,-0.001,0.018,0.0,-0.0,-0.0,0.0,0.0,1.2,1.0,0.0,0.0,0.0,26.274263641947705,0.9960176642579417,0.08211703890789256,158.78170777288616,160.04398125554118,0.5,0.0023,0.0019,0.0134,0.0044
480,1763002642.1054497,-0.005180992544875257,-0.018753615989994546,0.3907199895810143,-0.003487753408719349,-0.04444446704368656,-0.3295228237743927,0.03963343856347565,-0.0009363123742479008,0.0,0.0,0.0,1.0,0.0,0.0,0.0,0.0,0.0,0.0,0.0,0.0,0.0,-0.021,0.038,1.057,1.0,0.006,0.004,-0.002,-0.011,-0.001,0.02,-0.0,0.2,0.0,0.0,0.0,1.2,1.0,0.0,0.0,0.0,26.269227116473047,0.9959628838544368,0.08004573542033178,158.92429479595953,160.04544928313297,0.5,0.0027,0.0031,0.0084,0.0046
481,1763002642.141171,-0.005935912172688802,-0.015887581866687178,0.39125606771968013,-0.0034284218594789915,-0.00806729553262299,0.026784979634074224,0.044432780344759656,0.0002445401515316385,0.0,0.0,0.0,1.0,0.0,0.0,0.0,0.0,0.0,0.0,0.0,0.0,0.0,-0.022,0.038,1.057,1.0,0.006,0.005,-0.002,-0.016,-0.001,0.008,0.0,0.1,-0.0,0.0,0.0,1.2,1.0,0.0,0.0,0.0,26.263710398178798,0.9959018372861587,0.08092152122958693,158.93042038241515,160.0458538676619,0.5,0.0015,0.0015,0.0086,0.0092
482,1763002642.1858215,-0.0054028054110801344,-0.006493885508395136,0.39152316361832173,-0.0034296209627742175,0.004737476398817799,0.0923482053962517,0.04179656575838434,-0.00035483321890015726,0.0,0.0,0.0,1.0,0.0,0.0,0.0,0.0,0.0,0.0,0.0,0.0,0.0,-0.023,0.038,1.058,1.0,0.006,0.006,-0.002,-0.019,0.001,0.008,-0.0,0.0,-0.0,0.0,0.0,1.2,1.0,0.0,0.0,0.0,26.258269626634352,0.9958399983611633,0.08114676428481393,158.90314968930574,160.04584770366245,0.5,0.0021,0.0022,0.0185,0.0096
483,1763002642.2110403,-0.0025366977060530572,-0.005748092252105939,0.39162397065126714,-0.0034585204853066847,0.02812079650916275,0.006808544012052456,0.0401603866912863,-0.000631957321602092,0.0,0.0,0.0,1.0,0.0,0.0,0.0,0.0,0.0,0.0,0.0,0.0,0.0,-0.023,0.038,1.058,1.0,0.005,0.006,-0.002,-0.016,0.0,0.01,-0.0,-0.0,0.0,0.0,0.0,1.2,1.0,0.0,0.0,0.0,26.252966637877215,0.9957780740819208,0.0812432996764682,158.87375047848224,160.04581757417597,0.5,0.0022,0.0019,0.0102,0.0095
484,1763002642.2435398,-0.001403491166615616,-0.012202452604347639,0.3919379087861584,-0.003470316243718078,0.011078395623769104,-0.06511841274762759,0.04230177841403993,-0.0004638096326446024,0.0,0.0,0.0,1.0,0.0,0.0,0.0,0.0,0.0,0.0,0.0,0.0,0.0,-0.023,0.038,1.058,1.0,0.005,0.007,-0.002,-0.006,0.002,0.004,0.0,0.0,0.0,0.0,0.0,1.2,1.0,0.0,0.0,0.0,26.247441997753107,0.9957118547258689,0.08129441616618882,158.84716594054112,160.04581884413895,0.5,0.0022,0.0018,0.0115,0.0078
485,1763002642.2783077,-0.0014973838152409478,-0.0006291310199146617,0.39211110994130705,-0.0024776128660262964,-0.0010792756029148788,0.114512970583895,0.040925802430102354,0.009580002152546011,0.0,0.0,0.0,1.0,0.0,0.0,0.0,0.0,0.0,0.0,0.0,0.0,0.0,-0.023,0.038,1.058,1.0,0.005,0.006,-0.001,-0.004,0.001,0.005,-0.0,-0.1,0.0,0.0,0.0,1.2,1.0,0.0,0.0,0.0,26.242008404165404,0.995644874999527,0.08087322234834393,158.9032992876239,160.04597977902193,0.5,0.003,0.0015,0.0088,0.0111
486,1763002642.3059182,-0.0012002620207378196,-0.011924259619303563,0.39200331548709466,-0.0020820769219655052,0.002821479563507187,-0.11301419909588048,0.03813316645200661,0.003707598154005287,0.0,0.0,0.0,1.0,0.0,0.0,0.0,0.0,0.0,0.0,0.0,0.0,0.0,-0.023,0.038,1.058,1.0,0.005,0.007,-0.001,-0.003,0.002,0.011,0.0,0.0,-0.0,0.0,0.0,1.2,1.0,0.0,0.0,0.0,26.236868090403878,0.9955799022858357,0.08085911920970192,158.88089339140657,160.04593063239346,0.5,0.002,0.0019,0.0092,0.0057
487,1763002642.3469162,-0.0022027467719158123,0.0019196240658608012,0.3922226253111076,-0.0018571115861669998,-0.010144873713853704,0.1372464108897133,0.04139342978883817,0.0020414456657885057,0.0,0.0,0.0,1.0,0.0,0.0,0.0,0.0,0.0,0.0,0.0,0.0,0.0,-0.024,0.038,1.059,1.0,0.005,0.005,-0.001,-0.003,-0.001,0.003,-0.0,-0.1,0.0,0.0,0.0,1.2,1.0,0.0,0.0,0.0,26.23140274836973,0.9955092291052099,0.08058207587587672,158.94443422262276,160.04626702183754,0.5,0.0014,0.0017,0.0128,0.0108
488,1763002642.3751807,0.001074627377511171,-0.00872377880229385,0.39237244830533646,-0.0018129620788840694,0.03255346681707825,-0.10624206627496044,0.0407204924734003,0.00025578391421260047,0.0,0.0,0.0,1.0,0.0,0.0,0.0,0.0,0.0,0.0,0.0,0.0,0.0,-0.024,0.038,1.059,1.0,0.004,0.006,-0.001,-0.001,0.0,0.003,-0.0,0.0,0.0,0.0,0.0,1.2,1.0,0.0,0.0,0.0,26.22597565897689,0.9954375446602547,0.08055291142653953,158.9256836215178,160.04621117343626,0.5,0.0013,0.0019,0.0089,0.0095
489,1763002642.4156578,-0.0002984154376559278,-0.011350097777282802,0.3923759188044105,-0.0017709077529030708,-0.013622965413919877,-0.02713556763011892,0.039271949821274105,0.00023924705192158047,0.0,0.0,0.0,1.0,0.0,0.0,0.0,0.0,0.0,0.0,0.0,0.0,0.0,-0.024,0.038,1.059,1.0,0.005,0.006,-0.001,-0.0,0.003,0.006,0.0,-0.0,-0.0,0.0,0.0,1.2,1.0,0.0,0.0,0.0,26.22070913614716,0.9953665594838986,0.0805716310919727,158.90075680051078,160.04613605385194,0.5,0.0023,0.0019,0.0097,0.015
490,1763002642.4370956,0.002433894772502265,-0.0159521875068376,0.39272223256297634,-0.0017796814480820237,0.02729326055781634,-0.04715590707327624,0.04270072946610006,-0.0002648277270798404,0.0,0.0,0.0,1.0,0.0,0.0,0.0,0.0,0.0,0.0,0.0,0.0,0.0,-0.024,0.038,1.059,1.0,0.004,0.007,-0.001,0.003,0.003,-0.002,-0.0,0.0,-0.0,0.0,0.0,1.2,1.0,0.0,0.0,0.0,26.215114084733,0.9952897509226641,0.08064622619738006,158.86587103622745,160.04604631236737,0.5,0.0009,0.0028,0.009,0.0043
491,1763002642.4661531,0.0008568784471750387,-0.02779195361198879,0.3927890031093753,-0.0017708731859183734,-0.015526773776022046,-0.11999287980219564,0.039939928720287746,-8.988552317169872e-05,0.0,0.0,0.0,1.0,0.0,0.0,0.0,0.0,0.0,0.0,0.0,0.0,0.0,-0.023,0.038,1.059,1.0,0.005,0.007,-0.001,0.004,0.006,0.002,0.0,0.1,-0.0,0.0,0.0,1.2,1.0,0.0,0.0,0.0,26.20973113486468,0.995214543894688,0.08138823185237706,158.67720167076942,160.04518594131756,0.5,0.0008,0.0009,0.0052,0.0055
492,1763002642.5134737,-0.01317677033410034,-0.023468759681009147,0.3922826067910316,-0.0026939531884182352,-0.14025079996803627,0.040452743948597526,0.03421493712750087,-0.009407887343590451,0.0,0.0,0.0,1.0,0.0,0.0,0.0,0.0,0.0,0.0,0.0,0.0,0.0,-0.023,0.038,1.059,1.0,0.006,0.008,-0.002,0.006,0.005,0.017,0.1,0.0,-0.0,0.0,0.0,1.2,1.0,0.0,0.0,0.0,26.2050127732035,0.9951476162448876,0.0818404907781415,158.56551601344603,160.04399655077995,0.5,0.0036,0.0025,0.0104,0.0102
493,1763002642.5494206,-0.023365590965516138,-0.004975890164159228,0.3922405328127603,-0.0030954742918154546,-0.10320588334756803,0.1825818192003983,0.03880752089638993,-0.004284606352814016,0.0,0.0,0.0,1.0,0.0,0.0,0.0,0.0,0.0,0.0,0.0,0.0,0.0,-0.023,0.038,1.06,1.0,0.008,0.005,-0.002,0.013,0.002,0.01,0.1,-0.1,0.0,0.0,0.0,1.2,1.0,0.0,0.0,0.0,26.19997341150679,0.99507543633641,0.08214563535921919,158.61326983826683,160.04510838480923,0.5,0.0022,0.002,0.0092,0.0158
494,1763002642.583659,-0.014051252378325281,-0.011586474374051562,0.3922515583140121,-0.0023781891833375424,0.09080682677535695,-0.06660343111533926,0.039334308293793765,0.006863303655597572,0.0,0.0,0.0,1.0,0.0,0.0,0.0,0.0,0.0,0.0,0.0,0.0,0.0,-0.022,0.039,1.06,1.0,0.008,0.005,-0.001,0.01,0.003,0.01,-0.0,-0.0,0.0,0.0,0.0,1.2,1.0,0.0,0.0,0.0,26.194942594257757,0.995002994651265,0.08255456262459866,158.49379483648372,160.04401175110405,0.5,0.0022,0.0018,0.0157,0.0101
495,1763002642.6137204,0.0017921472838477379,0.00010578187220495333,0.3921002935935227,-0.0020246970586786225,0.1570288713838976,0.11576391502515998,0.03771250862650648,0.003297102328255451,0.0,0.0,0.0,1.0,0.0,0.0,0.0,0.0,0.0,0.0,0.0,0.0,0.0,-0.022,0.039,1.06,1.0,0.007,0.004,-0.001,0.011,0.005,0.015,-0.1,-0.1,0.0,0.0,0.0,1.2,1.0,0.0,0.0,0.0,26.19013731616507,0.9949333725588502,0.0821081725221119,158.703859603949,160.0459130439173,0.5,0.002,0.0019,0.0089,0.0113
496,1763002642.64188,-0.0021975689524965153,0.005469868118441617,0.3916657883603784,-0.0028735706030967533,-0.039717947635057774,0.05365144064958712,0.034864977027908986,-0.00869120515004917,0.0,0.0,0.0,1.0,0.0,0.0,0.0,0.0,0.0,0.0,0.0,0.0,0.0,-0.022,0.039,1.062,1.0,0.006,0.003,-0.002,0.012,0.005,0.021,-0.0,-0.1,0.0,0.0,0.0,1.2,1.0,0.0,0.0,0.0,26.185604911481295,0.9948676403297114,0.0826678859324548,158.7997501784126,160.04716473167827,0.5,0.0021,0.0018,0.0108,0.0066
497,1763002642.6822667,-0.003006311599575341,-0.0036193555600874325,0.3915761988237008,-0.0022566826415956268,-0.008307183366037911,-0.09034524997344631,0.03827068346926232,0.005881522554701594,0.0,0.0,0.0,1.0,0.0,0.0,0.0,0.0,0.0,0.0,0.0,0.0,0.0,-0.021,0.039,1.062,1.0,0.006,0.003,-0.001,0.009,0.005,0.018,-0.0,0.0,0.0,0.0,0.0,1.2,1.0,0.0,0.0,0.0,26.180929746038128,0.9948000382838136,0.08260604372398823,158.76908703946492,160.04694073095314,0.5,0.0015,0.0014,0.0116,0.0144
498,1763002642.7165782,-0.0020474492337896567,-0.04285709645814469,0.3916432135876006,-0.0030342839062775916,0.009287992497899307,-0.3927393445365813,0.03982776752136783,-0.008001680910979211,0.0,0.0,0.0,1.0,0.0,0.0,0.0,0.0,0.0,0.0,0.0,0.0,0.0,-0.021,0.039,1.063,1.0,0.006,0.008,-0.002,0.01,0.008,0.014,0.0,0.2,-0.0,0.0,0.0,1.2,1.0,0.0,0.0,0.0,26.176098504968515,0.9947303554321111,0.08148738148748468,158.5680865401793,160.0448118114175,0.5,0.0023,0.0022,0.0113,0.0137
499,1763002642.7499535,-0.0028327149527237216,-0.023181720526025143,0.39139667556395663,-0.0022651628065572683,-0.00805740211271962,0.192468049675381,0.036698941122320264,0.007387782606575471,0.0,0.0,0.0,1.0,0.0,0.0,0.0,0.0,0.0,0.0,0.0,0.0,0.0,-0.021,0.039,1.063,1.0,0.006,0.006,-0.001,0.013,0.005,0.022,-0.0,0.0,0.0,0.0,0.0,1.2,1.0,0.0,0.0,0.0,26.171632801413626,0.9946661560662444,0.08255759779566754,158.41899153734536,160.04116043162713,0.5,0.0021,0.0029,0.0135,0.0113
500,1763002642.7809694,0.0015991767042270815,-0.023585492038978167,0.3909595422451834,-0.0029838160783608354,0.04403564507423565,-0.006355887182132716,0.03476833436866308,-0.007413048998691398,0.0,0.0,0.0,1.0,0.0,0.0,0.0,0.0,0.0,0.0,0.0,0.0,0.0,-0.02,0.04,1.064,1.0,0.005,0.007,-0.002,0.015,0.009,0.029,-0.0,0.0,-0.0,0.0,0.0,1.2,1.0,0.0,0.0,0.0,26.167473919773585,0.9946066010199167,0.08310700939699686,158.26187999228736,160.03838921001298,0.5,0.0022,0.002,0.0099,0.0134
501,1763002642.821812,-0.019751486613641546,-0.007462190612450872,0.3914411483998838,-0.0022491522231537905,-0.21334671550826353,0.15887446506137515,0.04391201577152274,0.007048256944234366,0.0,0.0,0.0,1.0,0.0,0.0,0.0,0.0,0.0,0.0,0.0,0.0,0.0,-0.019,0.04,1.065,1.0,0.008,0.004,-0.001,0.025,0.003,0.009,0.1,-0.1,0.0,0.0,0.0,1.2,1.0,0.0,0.0,0.0,26.162444212408193,0.9945348459682054,0.08246705196239437,158.30495632368053,160.03967889207325,0.5,0.0025,0.0068,0.0101,0.0157
502,1763002642.8416288,-0.023612050613395417,-0.004549626881423868,0.39174419145029504,-0.002015442280964246,-0.04058078865890287,0.02837941824902499,0.04217454534410062,0.002112184199580068,0.0,0.0,0.0,1.0,0.0,0.0,0.0,0.0,0.0,0.0,0.0,0.0,0.0,-0.019,0.04,1.065,1.0,0.008,0.004,-0.001,0.025,0.003,0.009,0.1,-0.1,0.0,0.0,0.0,1.2,1.0,0.0,0.0,0.0,26.157470359230135,0.9944640308174942,0.08363310711788832,158.3035954483233,160.04062282393,0.5,0.0021,0.0018,0.0109,0.0042
503,1763002642.8690686,-0.010815081802776284,0.008442301234287058,0.3917637903136728,-0.0037659395603771998,0.12560848304485175,0.12946431846896686,0.039370407778806835,-0.017706517022225962,0.0,0.0,0.0,1.0,0.0,0.0,0.0,0.0,0.0,0.0,0.0,0.0,0.0,-0.018,0.04,1.066,1.0,0.007,0.001,-0.003,0.014,0.003,0.012,-0.0,-0.1,-0.0,0.0,0.0,1.2,1.0,0.0,0.0,0.0,26.152677833943265,0.9943956776253622,0.08453421868299724,158.36374539989347,160.0418415975226,0.5,0.0013,0.0011,0.0061,0.0043
504,1763002642.9119892,0.0031318633886080662,-0.01762520782919326,0.39195662125823405,-0.004627271795570253,0.13838794373356583,-0.25983086051137444,0.04110468847697907,-0.008989916307968259,0.0,0.0,0.0,1.0,0.0,0.0,0.0,0.0,0.0,0.0,0.0,0.0,0.0,-0.018,0.04,1.066,1.0,0.007,0.003,-0.003,0.016,0.003,0.008,-0.1,0.1,-0.0,0.0,0.0,1.2,1.0,0.0,0.0,0.0,26.147735678094417,0.9943247848657859,0.08288768594275907,158.30482762842206,160.040074183031,0.5,0.0023,0.002,0.011,0.0099
505,1763002642.9474196,0.01188123822770227,-0.01365086298826464,0.3914750309263476,-0.004004192694804225,0.08780693472980286,0.037980927626366845,0.03437975880695883,0.005768063828103261,0.0,0.0,0.0,1.0,0.0,0.0,0.0,0.0,0.0,0.0,0.0,0.0,0.0,-0.017,0.04,1.067,1.0,0.005,0.003,-0.002,0.021,0.004,0.022,-0.1,0.0,0.0,0.0,0.0,1.2,1.0,0.0,0.0,0.0,26.143436866766983,0.994262739456002,0.08334325787298687,158.32449516784484,160.0405095417632,0.5,0.0024,0.0019,0.0098,0.0095
506,1763002642.9840991,0.015956808079503584,0.0030887500919070075,0.39120760020883383,-0.003716375583905824,0.041943822340783365,0.16603104450289002,0.03647319591749709,0.0024777518395035884,0.0,0.0,0.0,1.0,0.0,0.0,0.0,0.0,0.0,0.0,0.0,0.0,0.0,-0.016,0.04,1.068,1.0,0.004,0.001,-0.002,0.021,0.002,0.021,-0.1,-0.1,0.0,0.0,0.0,1.2,1.0,0.0,0.0,0.0,26.139091954897324,0.9941999523457805,0.08445793023017834,158.44834248101844,160.04267445773988,0.5,0.0024,0.0021,0.0165,0.0097
507,1763002643.0191293,-0.010962408378709057,-0.01935693187891617,0.39185869790343,-0.003650176828735742,-0.26759648377417605,-0.22414794469904106,0.045631736966844916,0.00029034999331023145,0.0,0.0,0.0,1.0,0.0,0.0,0.0,0.0,0.0,0.0,0.0,0.0,0.0,-0.016,0.04,1.068,1.0,0.006,0.003,-0.002,0.016,0.003,0.001,0.1,0.1,-0.0,0.0,0.0,1.2,1.0,0.0,0.0,0.0,26.13389421113934,0.9941249068087459,0.08263854858019065,158.29616531969344,160.03993784408587,0.5,0.0092,0.0023,0.01,0.0107
508,1763002643.045307,-0.028485023629889857,-0.027407205223161955,0.39213283544136274,-0.0035177152379709383,-0.17632239334967892,-0.08243842663034948,0.04192724516967046,0.0009595982247744628,0.0,0.0,0.0,1.0,0.0,0.0,0.0,0.0,0.0,0.0,0.0,0.0,0.0,-0.015,0.041,1.068,1.0,0.007,0.004,-0.002,0.018,0.003,0.004,0.2,0.1,-0.0,0.0,0.0,1.2,1.0,0.0,0.0,0.0,26.1288935411445,0.9940522766130147,0.08347949295298719,158.02403920471303,160.0367827628993,0.5,0.002,0.0017,0.0095,0.0119
509,1763002643.0804737,0.00022163604730535483,0.02200998851312889,0.3911193444917711,-0.0031539267304949185,0.28421809440896306,0.4914312168405922,0.0290783740482203,0.0032861135509631013,0.0,0.0,0.0,1.0,0.0,0.0,0.0,0.0,0.0,0.0,0.0,0.0,0.0,-0.014,0.04,1.069,1.0,0.006,-0.002,-0.002,0.03,-0.005,0.034,-0.1,-0.4,-0.0,0.0,0.0,1.2,1.0,0.0,0.0,0.0,26.12522205553475,0.9939977185219776,0.07923404037255409,158.75683456490393,160.04685221959366,0.5,0.0015,0.002,0.0138,0.0098
510,1763002643.1157305,-0.007511115321383471,-0.0037560784085089206,0.3921858306458149,-0.002452111446109819,-0.07730535008215775,-0.2554596703650651,0.04977679598961479,0.006702760170801504,0.0,0.0,0.0,1.0,0.0,0.0,0.0,0.0,0.0,0.0,0.0,0.0,0.0,-0.013,0.04,1.069,1.0,0.007,-0.001,-0.001,0.019,-0.002,-0.009,0.0,0.1,0.0,0.0,0.0,1.2,1.0,0.0,0.0,0.0,26.11965663493487,0.9939160457528766,0.07759528120184171,158.60907986369224,160.0451258285486,0.5,0.0026,0.0019,0.0108,0.0137
511,1763002643.1366892,-0.007235119141542701,-0.02735065235597831,0.39299151931330173,-0.003071122860766858,0.0020088502662693394,-0.23632134731554477,0.04727546973944906,-0.006435325291181371,0.0,0.0,0.0,1.0,0.0,0.0,0.0,0.0,0.0,0.0,0.0,0.0,0.0,-0.013,0.04,1.068,1.0,0.006,0.002,-0.002,0.014,-0.006,-0.011,-0.0,0.2,-0.0,0.0,0.0,1.2,1.0,0.0,0.0,0.0,26.11409671856591,0.9938336168554448,0.07649073680597228,158.38972722613428,160.0436982573389,0.5,0.0022,0.0021,0.0065,0.0058
512,1763002643.1785846,-0.0071707725857117835,-0.029464744744738786,0.39330911858229434,-0.003292953313790369,-8.004635584508285e-05,-0.023875989123202608,0.04247514462125636,-0.0025254168163117985,0.0,0.0,0.0,1.0,0.0,0.0,0.0,0.0,0.0,0.0,0.0,0.0,0.0,-0.012,0.04,1.068,1.0,0.006,0.004,-0.002,0.019,-0.006,-0.007,-0.0,0.1,-0.0,0.0,0.0,1.2,1.0,0.0,0.0,0.0,26.108776086758162,0.9937533844560724,0.07813231342173761,158.12279724797727,160.0404990199167,0.5,0.0022,0.0018,0.0114,0.0098
513,1763002643.2146454,-0.007511311474482293,-0.02047483976157461,0.3930606926171302,-0.004391380968907646,-0.0041224661462763,0.08695257535716791,0.03684665220658799,-0.011313571882551807,0.0,0.0,0.0,1.0,0.0,0.0,0.0,0.0,0.0,0.0,0.0,0.0,0.0,-0.012,0.04,1.068,1.0,0.006,0.004,-0.003,0.021,-0.007,0.005,0.0,0.0,-0.0,0.0,0.0,1.2,1.0,0.0,0.0,0.0,26.1040048397009,0.9936800711371807,0.07896760979350596,157.93544402851515,160.0382104646968,0.5,0.0023,0.0039,0.0098,0.0114
514,1763002643.2451727,-0.008296283579629983,-0.007243605320943017,0.3928397907054605,-0.004875164459258541,-0.008600852198925119,0.1302648604301585,0.03709705014501567,-0.005276973000399719,0.0,0.0,0.0,1.0,0.0,0.0,0.0,0.0,0.0,0.0,0.0,0.0,0.0,-0.011,0.039,1.068,1.0,0.006,0.003,-0.003,0.025,-0.008,0.008,-0.0,-0.1,0.0,0.0,0.0,1.2,1.0,0.0,0.0,0.0,26.099352187497125,0.9936075385949593,0.07860440498104874,157.97879097716037,160.0390080485291,0.5,0.0022,0.0019,0.0114,0.0095
515,1763002643.280748,-0.00641450016845881,0.004687244414465632,0.3926778189565831,-0.0050589589863782695,0.01798820575374873,0.11858413682199218,0.03766426158177183,-0.002325461717123142,0.0,0.0,0.0,1.0,0.0,0.0,0.0,0.0,0.0,0.0,0.0,0.0,0.0,-0.01,0.039,1.069,1.0,0.005,0.0,-0.003,0.023,-0.011,0.008,-0.0,-0.1,-0.0,0.0,0.0,1.2,1.0,0.0,0.0,0.0,26.094700140127028,0.9935344863336149,0.07876393792646957,158.04759474621696,160.04007660474582,0.5,0.0023,0.004,0.0102,0.0104
516,1763002643.3132136,0.006765605280280171,-0.001189487584024998,0.39292807885418235,-0.005110635311782608,0.13115960447054392,-0.058298595543459716,0.041770380871650734,-0.0010226591526812136,0.0,0.0,0.0,1.0,0.0,0.0,0.0,0.0,0.0,0.0,0.0,0.0,0.0,-0.01,0.039,1.069,1.0,0.004,0.0,-0.003,0.017,-0.011,-0.0,-0.1,0.0,-0.0,0.0,0.0,1.2,1.0,0.0,0.0,0.0,26.08970685711833,0.9934557900164974,0.07866906145536452,158.0674471120046,160.03966296550826,0.5,0.0023,0.002,0.0117,0.0105
517,1763002643.3522005,-0.018712030429847096,-0.02000693250283074,0.3932461246881671,-0.005139571574986368,-0.25409979657324466,-0.18829339794645994,0.04247326622526594,-0.0008004261632158644,0.0,0.0,0.0,1.0,0.0,0.0,0.0,0.0,0.0,0.0,0.0,0.0,0.0,-0.009,0.038,1.069,1.0,0.006,0.002,-0.003,0.019,-0.015,-0.004,0.1,0.1,-0.0,0.0,0.0,1.2,1.0,0.0,0.0,0.0,26.084565971260403,0.9933742255280248,0.07711154536892056,157.81575201870328,160.0366346970757,0.5,0.0021,0.0056,0.0098,0.0146
518,1763002643.3849638,-0.026089552763102868,-0.026892201099880206,0.39359900368360257,-0.005165566187673958,-0.07564642637554245,-0.0708533792207777,0.04285340242317088,-0.0007739032843745407,0.0,0.0,0.0,1.0,0.0,0.0,0.0,0.0,0.0,0.0,0.0,0.0,0.0,-0.009,0.038,1.068,1.0,0.007,0.003,-0.003,0.021,-0.014,-0.006,0.1,0.1,0.0,0.0,0.0,1.2,1.0,0.0,0.0,0.0,26.079361767041004,0.9932911996375374,0.07870421928267887,157.4163521177806,160.0325548688062,0.5,0.0021,0.0018,0.0176,0.0099
519,1763002643.419517,-0.01772970879877984,-0.01741954368249976,0.3932633620869058,6.519542626648358e-05,0.08098948436691998,0.09203735406381641,0.03600348440139285,0.05179105952063701,0.0,0.0,0.0,1.0,0.0,0.0,0.0,0.0,0.0,0.0,0.0,0.0,0.0,-0.008,0.037,1.069,1.0,0.007,0.003,-0.002,0.018,-0.014,0.007,0.0,-0.0,0.1,0.0,0.0,1.2,1.0,0.0,0.0,0.0,26.074753767123877,0.9932170069136306,0.07979233336111012,157.24763728308312,160.02982186232134,0.5,0.0093,0.0019,0.0096,0.0118
520,1763002643.446081,-0.016798354816152307,-0.0015709707881644032,0.39283584601986526,-0.0019094771156420325,0.0075405689463973954,0.15674377457510358,0.03505117553828563,-0.01974020587645852,0.0,0.0,0.0,1.0,0.0,0.0,0.0,0.0,0.0,0.0,0.0,0.0,0.0,-0.008,0.037,1.069,1.0,0.007,0.002,-0.002,0.015,-0.016,0.014,-0.0,-0.1,0.0,0.0,0.0,1.2,1.0,0.0,0.0,0.0,26.070429604606286,0.9931470993814622,0.0798269467364129,157.23605735750436,160.02979089618947,0.5,0.0022,0.0019,0.012,0.0093
521,1763002643.4775898,0.01528006019868252,0.0066657615879340305,0.39233173637105406,-0.0027588755298553432,0.319104314666733,0.08221022668216789,0.03424248811387462,-0.008684931853697309,0.0,0.0,0.0,1.0,0.0,0.0,0.0,0.0,0.0,0.0,0.0,0.0,0.0,-0.007,0.036,1.07,1.0,0.003,0.001,-0.002,0.009,-0.017,0.02,-0.2,-0.1,-0.0,0.0,0.0,1.2,1.0,0.0,0.0,0.0,26.066347650437443,0.9930811420052834,0.07937217398937155,157.67626551289953,160.0341843311918,0.5,0.0017,0.0019,0.0112,0.0094
522,1763002643.5154521,0.000609456553595563,-0.0034682227186533104,0.3923338182416875,-0.004161835249388861,-0.14517803043100128,-0.10067326690707999,0.03925399234343944,-0.01430548474832071,0.0,0.0,0.0,1.0,0.0,0.0,0.0,0.0,0.0,0.0,0.0,0.0,0.0,-0.007,0.036,1.07,1.0,0.003,0.001,-0.003,0.012,-0.018,0.013,0.0,0.0,-0.0,0.0,0.0,1.2,1.0,0.0,0.0,0.0,26.061930944470852,0.9930103967719078,0.07934305707287627,157.61438336625392,160.03351202737494,0.5,0.0022,0.0019,0.0095,0.015
523,1763002643.535742,-0.002948320386469384,0.010449270650343801,0.39168337237989675,-0.0037365694268791322,-0.035516823745289895,0.1388281114181058,0.03272892320626057,0.003836474700158402,0.0,0.0,0.0,1.0,0.0,0.0,0.0,0.0,0.0,0.0,0.0,0.0,0.0,-0.006,0.035,1.071,1.0,0.003,-0.001,-0.002,0.011,-0.019,0.029,-0.0,-0.1,0.0,0.0,0.0,1.2,1.0,0.0,0.0,0.0,26.05821459502261,0.9929512712975295,0.07984237900003104,157.64031093019307,160.0339963796798,0.5,0.0009,0.0009,0.007,0.0069
524,1763002643.5787416,-0.019621626293749184,0.00038233873735566033,0.3914309820652744,-0.004612199197963899,-0.16702789111144492,-0.09962439206484701,0.036644434091765515,-0.009129954653535577,0.0,0.0,0.0,1.0,0.0,0.0,0.0,0.0,0.0,0.0,0.0,0.0,0.0,-0.006,0.034,1.072,1.0,0.005,0.001,-0.003,0.003,-0.019,0.025,0.1,0.0,-0.0,0.0,0.0,1.2,1.0,0.0,0.0,0.0,26.054301085435178,0.992889949320048,0.07948247918548591,157.5174745774218,160.03302485496542,0.5,0.0015,0.0014,0.0095,0.0124
525,1763002643.6120956,-0.027350841339511243,0.006382042952814799,0.3915993094067219,-0.004915234041917193,-0.07925431308699551,0.060035276028326943,0.04082637162100308,-0.0034915683593293298,0.0,0.0,0.0,1.0,0.0,0.0,0.0,0.0,0.0,0.0,0.0,0.0,0.0,-0.006,0.034,1.073,1.0,0.006,0.001,-0.003,0.009,-0.021,0.016,0.1,-0.1,0.0,0.0,0.0,1.2,1.0,0.0,0.0,0.0,26.049998531942563,0.9928235111881158,0.08094862348950155,157.32331674450802,160.03173647739845,0.5,0.0022,0.0019,0.0117,0.0096
526,1763002643.6440735,-0.02737198639650191,-0.02472994614493911,0.3919579903986762,-0.005202694763055441,-0.0029465347038577522,-0.3104816866822576,0.042746740860215134,-0.003366130615574214,0.0,0.0,0.0,1.0,0.0,0.0,0.0,0.0,0.0,0.0,0.0,0.0,0.0,-0.006,0.033,1.073,1.0,0.006,0.002,-0.003,0.004,-0.015,0.01,0.1,0.2,0.0,0.0,0.0,1.2,1.0,0.0,0.0,0.0,26.045470251908892,0.9927544146491414,0.081384496804607,157.00771769951186,160.02693811032134,0.5,0.0022,0.0028,0.0094,0.0096
527,1763002643.6805305,-0.0009162223017697875,-0.02279646276601023,0.39153386344680374,-0.005335860790251905,0.261820442307671,0.01686183917479485,0.03495452952114291,-0.0018519297482701893,0.0,0.0,0.0,1.0,0.0,0.0,0.0,0.0,0.0,0.0,0.0,0.0,0.0,-0.006,0.033,1.074,1.0,0.004,0.003,-0.003,0.001,-0.018,0.025,-0.1,0.1,-0.0,0.0,0.0,1.2,1.0,0.0,0.0,0.0,26.04163212318929,0.9926961266780678,0.08220211979798026,156.96710266602827,160.02575575332747,0.5,0.0015,0.0021,0.0138,0.0096
528,1763002643.7202663,-0.007839712905891805,-0.01243073539407565,0.39193954850539514,-0.0052519289228985,-0.06932652827139715,0.10137762744274477,0.043210236930593574,0.00030573259450885834,0.0,0.0,0.0,1.0,0.0,0.0,0.0,0.0,0.0,0.0,0.0,0.0,0.0,-0.006,0.032,1.074,1.0,0.004,0.003,-0.003,0.003,-0.021,0.009,-0.0,0.0,0.0,0.0,0.0,1.2,1.0,0.0,0.0,0.0,26.037092469690524,0.9926277963748152,0.08262237991511094,156.79703849967572,160.02363983936763,0.5,0.0023,0.002,0.0095,0.0161
529,1763002643.7510703,0.0011489930623189565,0.007049845134810306,0.3918196790631094,-0.005228054505585859,0.08910308839151841,0.19356273174945196,0.03799526042768196,-0.0002864487191634457,0.0,0.0,0.0,1.0,0.0,0.0,0.0,0.0,0.0,0.0,0.0,0.0,0.0,-0.006,0.031,1.075,1.0,0.004,0.001,-0.003,0.002,-0.021,0.017,-0.1,-0.1,0.0,0.0,0.0,1.2,1.0,0.0,0.0,0.0,26.032948433498827,0.9925654457476941,0.08241054239694863,156.97317026456435,160.0257483860066,0.5,0.0022,0.0018,0.0158,0.01
530,1763002643.7869532,-0.004639282036317494,0.014039914196138457,0.39188923515905943,-0.004262740007056567,-0.057767851680132605,0.07060567512676254,0.03987752886581136,0.009130339534734324,0.0,0.0,0.0,1.0,0.0,0.0,0.0,0.0,0.0,0.0,0.0,0.0,0.0,-0.006,0.031,1.075,1.0,0.003,-0.0,-0.002,0.001,-0.02,0.014,-0.0,-0.1,0.0,0.0,0.0,1.2,1.0,0.0,0.0,0.0,26.028686779004584,0.9925016148112993,0.08293244943308643,156.9896834585119,160.02652896516676,0.5,0.0022,0.0018,0.0092,0.0142
531,1763002643.816193,-0.0023101094591784534,0.0052119583659209524,0.3917351273031619,-0.0038295566210723585,0.022827797567758656,-0.08687556688256119,0.03764784495693063,0.0039055598591364177,0.0,0.0,0.0,1.0,0.0,0.0,0.0,0.0,0.0,0.0,0.0,0.0,0.0,-0.006,0.03,1.076,1.0,0.002,-0.0,-0.002,-0.001,-0.018,0.018,-0.0,-0.0,0.0,0.0,0.0,1.2,1.0,0.0,0.0,0.0,26.024627694424105,0.9924409149697324,0.08301147755144793,156.91659593408414,160.02591884839578,0.5,0.0022,0.0018,0.0146,0.0095
532,1763002643.8477209,-0.0008860036471472509,-0.011748101287011977,0.3917616369606962,-0.003629152327073116,0.014010047174394172,-0.1690794006927372,0.039438609305658644,0.0016210872778851882,0.0,0.0,0.0,1.0,0.0,0.0,0.0,0.0,0.0,0.0,0.0,0.0,0.0,-0.006,0.03,1.077,1.0,0.002,0.002,-0.002,-0.004,-0.015,0.014,-0.0,0.1,-0.0,0.0,0.0,1.2,1.0,0.0,0.0,0.0,26.020417976414887,0.9923781101481802,0.0822499367824413,156.8526149504427,160.02457547640444,0.5,0.0034,0.0019,0.0098,0.0122
533,1763002643.8784664,-0.004411164052080764,-0.0029756681197818553,0.39188443017481644,-0.008942520630529683,-0.03534020441404985,0.08654952154360002,0.04040409583727196,-0.053496598267272974,0.0,0.0,0.0,1.0,0.0,0.0,0.0,0.0,0.0,0.0,0.0,0.0,0.0,-0.006,0.029,1.077,1.0,0.003,0.002,-0.003,-0.01,-0.016,0.012,0.0,0.0,-0.1,0.0,0.0,1.2,1.0,0.0,0.0,0.0,26.016150093383377,0.9923145441397366,0.08219883221305119,156.72649168384416,160.02392925757545,0.5,0.0022,0.0019,0.0113,0.0095
534,1763002643.914619,-0.011917749927803062,-0.007293348280089354,0.3919009404838697,-0.012288700794334594,-0.07550697516243104,-0.04347436841505316,0.039353546108015044,-0.03435605370110206,0.0,0.0,0.0,1.0,0.0,0.0,0.0,0.0,0.0,0.0,0.0,0.0,0.0,-0.007,0.029,1.077,1.0,0.005,0.004,-0.004,-0.009,-0.018,0.014,0.0,-0.0,-0.1,0.0,0.0,1.2,1.0,0.0,0.0,0.0,26.011992655899423,0.9922525136009125,0.0824820374326706,156.57192105214494,160.0232997888034,0.5,0.0022,0.0021,0.0092,0.0121
535,1763002643.9445505,0.006817203164449611,0.015966370353327965,0.39152790949095256,-0.01478991542554727,0.1861577559297464,0.23186785150616426,0.03545978411921582,-0.026241016391560207,0.0,0.0,0.0,1.0,0.0,0.0,0.0,0.0,0.0,0.0,0.0,0.0,0.0,-0.007,0.028,1.078,1.0,0.002,0.0,-0.005,-0.011,-0.017,0.023,-0.1,-0.1,-0.1,0.0,0.0,1.2,1.0,0.0,0.0,0.0,26.008246736121112,0.9921964319520189,0.0826432772427466,156.52120501559958,160.0230960929989,0.5,0.0021,0.002,0.0111,0.0094
536,1763002643.9769473,0.0012076727177473198,-0.00722600105705179,0.3923388307670638,-0.005810039397196215,-0.0554135841505779,-0.23032707706846473,0.04726200371020764,0.08831976874095585,0.0,0.0,0.0,1.0,0.0,0.0,0.0,0.0,0.0,0.0,0.0,0.0,0.0,-0.007,0.028,1.078,1.0,0.002,0.002,-0.004,-0.012,-0.012,-0.003,-0.0,0.1,0.1,0.0,0.0,1.2,1.0,0.0,0.0,0.0,26.003384478854915,0.9921237110029646,0.08133725686418337,156.5824396861226,160.0229297412992,0.5,0.0021,0.0019,0.0097,0.0098
537,1763002644.0058043,0.0004091046963656357,-0.013657846039960491,0.3928232079991743,-0.0010247918661810277,-0.007864912942042106,-0.0650410499347922,0.04407765539781104,0.04727147137043224,0.0,0.0,0.0,1.0,0.0,0.0,0.0,0.0,0.0,0.0,0.0,0.0,0.0,-0.008,0.027,1.078,1.0,0.002,0.002,-0.003,-0.005,-0.01,-0.003,0.0,0.1,0.1,0.0,0.0,1.2,1.0,0.0,0.0,0.0,25.998594688815746,0.992051479167644,0.08141847250614428,156.62439772941747,160.02322871101998,0.5,0.0015,0.0013,0.0085,0.0078
538,1763002644.0479717,-0.018466905191023186,-0.017883680609123813,0.39365589933042655,-0.002384734882351645,-0.18871918840425167,-0.04362413029562927,0.04760923411243957,-0.01370190934832428,0.0,0.0,0.0,1.0,0.0,0.0,0.0,0.0,0.0,0.0,0.0,0.0,0.0,-0.008,0.027,1.077,1.0,0.004,0.003,-0.002,-0.005,-0.015,-0.015,0.1,0.1,0.0,0.0,0.0,1.2,1.0,0.0,0.0,0.0,25.993333238038332,0.9919711628789,0.08188803266821044,156.47111618904947,160.02247959043956,0.5,0.0022,0.0019,0.0088,0.015
539,1763002644.0812676,-0.010291020651223141,-0.010066346565767815,0.39334058251616194,-0.003016533869740725,0.07991215487889812,0.0763849723726476,0.03621242179039709,-0.006556463362125961,0.0,0.0,0.0,1.0,0.0,0.0,0.0,0.0,0.0,0.0,0.0,0.0,0.0,-0.008,0.026,1.077,1.0,0.004,0.004,-0.002,-0.008,-0.011,0.006,-0.0,0.0,0.0,0.0,0.0,1.2,1.0,0.0,0.0,0.0,25.989041849159104,0.9919043919910161,0.08234088362575585,156.36774243157814,160.02170824946145,0.5,0.0033,0.0027,0.0101,0.0118
540,1763002644.1001916,0.00850454960084047,0.025250880355507082,0.39247255260721575,-0.004274743909589567,0.18692660045551376,0.3521656345561722,0.030653759162154934,-0.012883753785462493,0.0,0.0,0.0,1.0,0.0,0.0,0.0,0.0,0.0,0.0,0.0,0.0,0.0,-0.008,0.026,1.078,1.0,0.002,-0.0,-0.003,-0.012,-0.011,0.023,-0.1,-0.2,-0.0,0.0,0.0,1.2,1.0,0.0,0.0,0.0,25.98547410395035,0.9918479969485638,0.08094591617393515,156.61445960238345,160.0225327781449,0.5,0.0013,0.001,0.0055,0.0057
541,1763002644.1377838,0.0018697296746487263,0.02491257255505904,0.39164814946293236,-0.010187218950014329,-0.06549774430183339,-0.000857989968929676,0.031003223817887123,-0.05955222479520657,0.0,0.0,0.0,1.0,0.0,0.0,0.0,0.0,0.0,0.0,0.0,0.0,0.0,-0.009,0.026,1.079,1.0,0.002,-0.0,-0.004,-0.018,-0.009,0.03,-0.0,-0.1,-0.1,0.0,0.0,1.2,1.0,0.0,0.0,0.0,25.982166165095865,0.9917958958899723,0.08271674801457911,156.51960648774542,160.02084903284953,0.5,0.0023,0.0029,0.0085,0.0039
542,1763002644.1764743,-0.009472103302068175,-0.0067165360258690035,0.3916689346340259,-0.007453454203199005,-0.11323135679970413,-0.31379982855377453,0.03937266665722887,0.02631892557315179,0.0,0.0,0.0,1.0,0.0,0.0,0.0,0.0,0.0,0.0,0.0,0.0,0.0,-0.009,0.025,1.08,1.0,0.005,0.003,-0.003,-0.014,-0.01,0.017,0.0,0.1,0.0,0.0,0.0,1.2,1.0,0.0,0.0,0.0,25.9782625298677,0.991734644075822,0.08159483417088745,156.51424158178918,160.0214532831074,0.5,0.0015,0.0014,0.0096,0.0106
543,1763002644.2181392,-0.023844646036236112,-0.041563433487406605,0.39224123184486376,-0.006192335353054731,-0.14467263767188615,-0.3491406282179628,0.044889865571781574,0.011865843081122844,0.0,0.0,0.0,1.0,0.0,0.0,0.0,0.0,0.0,0.0,0.0,0.0,0.0,-0.01,0.025,1.08,1.0,0.005,0.006,-0.003,-0.016,-0.014,0.003,0.1,0.3,-0.0,0.0,0.0,1.2,1.0,0.0,0.0,0.0,25.97377728276332,0.9916646913958518,0.08195344990071514,156.54596452410263,160.02573028313867,0.5,0.004,0.0015,0.0097,0.0161
544,1763002644.2444425,-0.014471090702338188,-0.029475255757065128,0.39228024539271045,-0.00563475216364768,0.09135108873535559,0.11672543395467408,0.039614258662953365,0.004956598358765045,0.0,0.0,0.0,1.0,0.0,0.0,0.0,0.0,0.0,0.0,0.0,0.0,0.0,-0.01,0.025,1.08,1.0,0.005,0.006,-0.003,-0.013,-0.01,0.011,0.0,0.1,0.0,0.0,0.0,1.2,1.0,0.0,0.0,0.0,25.969687353428327,0.991601075404666,0.08580660471418283,156.31371215476238,160.01966292254795,0.5,0.0022,0.0022,0.0102,0.0097
545,1763002644.280578,0.005985419069250755,0.005184001465890955,0.39120204436059147,-0.004440231327450408,0.2031179886456556,0.3436450466538542,0.02844601421808119,0.011381733145607963,0.0,0.0,0.0,1.0,0.0,0.0,0.0,0.0,0.0,0.0,0.0,0.0,0.0,-0.011,0.025,1.082,1.0,0.003,0.002,-0.002,-0.009,-0.007,0.037,-0.1,-0.1,0.0,0.0,0.0,1.2,1.0,0.0,0.0,0.0,25.966736821828615,0.9915548564751432,0.08436249537248827,156.44772627890617,160.0219797550238,0.5,0.0036,0.0019,0.0101,0.0115
546,1763002644.3097656,0.01594741706376762,0.03251010086020887,0.3905715240859824,-0.003932516520635502,0.10021852185209376,0.27377939408976826,0.03281500168996837,0.004633124935404028,0.0,0.0,0.0,1.0,0.0,0.0,0.0,0.0,0.0,0.0,0.0,0.0,0.0,-0.011,0.024,1.083,1.0,0.001,-0.0,-0.002,-0.015,-0.006,0.036,-0.1,-0.2,-0.0,0.0,0.0,1.2,1.0,0.0,0.0,0.0,25.963697281050504,0.9915077074264664,0.08485108663763477,156.7426556103554,160.02936262374647,0.5,0.0022,0.0019,0.0106,0.0082
547,1763002644.3445842,0.00625659652361297,0.015407056515308128,0.3904042262424805,-0.004710089513189012,-0.09531346369516974,-0.16777943336298656,0.03738417397357867,-0.00816898157759864,0.0,0.0,0.0,1.0,0.0,0.0,0.0,0.0,0.0,0.0,0.0,0.0,0.0,-0.012,0.024,1.084,1.0,0.001,-0.0,-0.003,-0.014,-0.007,0.03,0.0,0.0,-0.0,0.0,0.0,1.2,1.0,0.0,0.0,0.0,25.960383617796953,0.9914570946419845,0.08552809398328236,156.70105518899805,160.0291522875694,0.5,0.0014,0.0014,0.0115,0.0103
548,1763002644.3802059,-0.01062430548150818,-0.0030343955798316745,0.39001517419655085,-0.00499549748175703,-0.1681833603988502,-0.18287381529986724,0.03514990216495183,-0.0033250886369990754,0.0,0.0,0.0,1.0,0.0,0.0,0.0,0.0,0.0,0.0,0.0,0.0,0.0,-0.012,0.024,1.086,1.0,0.003,0.002,-0.003,-0.018,-0.002,0.035,0.1,0.1,-0.0,0.0,0.0,1.2,1.0,0.0,0.0,0.0,25.957314076384826,0.9914106776800432,0.08383497437220916,156.71389599237972,160.02850958929832,0.5,0.0018,0.0017,0.0134,0.0099
549,1763002644.4105694,-0.004862897604936597,0.003237840526076523,0.3894919720779911,-0.005097762680252644,0.05655164821756503,0.06241892150109882,0.0337694962340573,-0.0015222017331318373,0.0,0.0,0.0,1.0,0.0,0.0,0.0,0.0,0.0,0.0,0.0,0.0,0.0,-0.013,0.024,1.087,1.0,0.003,0.003,-0.003,-0.025,-0.006,0.042,-0.0,0.0,-0.0,0.0,0.0,1.2,1.0,0.0,0.0,0.0,25.954552716644457,0.9913695197248402,0.0838572177225471,156.67010971990143,160.02818056686925,0.5,0.0026,0.0027,0.0092,0.0093
550,1763002644.4446862,-0.002809534818073637,0.0017167214464494686,0.3894969828869641,-0.005177302218276426,0.020047338108135953,-0.014887406743662889,0.0389993052975297,-0.0013051716482630794,0.0,0.0,0.0,1.0,0.0,0.0,0.0,0.0,0.0,0.0,0.0,0.0,0.0,-0.014,0.024,1.088,1.0,0.003,0.004,-0.003,-0.024,-0.004,0.033,-0.0,0.0,0.0,0.0,0.0,1.2,1.0,0.0,0.0,0.0,25.951407309956704,0.9913233608853627,0.08387661621818514,156.62486748275424,160.02788032548264,0.5,0.0023,0.0021,0.0095,0.0106
551,1763002644.4751189,1.4143535097310093e-05,0.019116899458260315,0.3891080214637264,-0.005213970983407489,0.027955830049902097,0.17417345226275338,0.035060084056319676,-0.0008844178731382624,0.0,0.0,0.0,1.0,0.0,0.0,0.0,0.0,0.0,0.0,0.0,0.0,0.0,-0.015,0.024,1.089,1.0,0.002,0.002,-0.003,-0.024,-0.006,0.042,-0.0,-0.1,-0.0,0.0,0.0,1.2,1.0,0.0,0.0,0.0,25.948680214137518,0.991283748785007,0.08387598916570951,156.5312899246612,160.0271945879817,0.5,0.0015,0.0014,0.0093,0.0095
552,1763002644.511545,0.0007640673822973884,0.024557099448922523,0.38941127955284516,-0.005202704851004504,0.007500652825510518,0.05631368985244812,0.041943383037560206,-0.00040873577431087965,0.0,0.0,0.0,1.0,0.0,0.0,0.0,0.0,0.0,0.0,0.0,0.0,0.0,-0.015,0.023,1.09,1.0,0.002,0.001,-0.003,-0.022,-0.004,0.027,0.0,-0.1,-0.0,0.0,0.0,1.2,1.0,0.0,0.0,0.0,25.94532783057847,0.9912356970423444,0.08498765002454295,156.36266498894273,160.02590619496877,0.5,0.0022,0.0019,0.0093,0.0115
553,1763002644.5451162,0.0033334401742262515,0.012957707889604039,0.3897649207636803,-0.005227334678101096,0.02577013465751837,-0.1135382056482926,0.042477540063636306,-0.0007665687560663749,0.0,0.0,0.0,1.0,0.0,0.0,0.0,0.0,0.0,0.0,0.0,0.0,0.0,-0.016,0.023,1.091,1.0,0.001,0.002,-0.003,-0.025,-0.006,0.021,-0.0,0.0,-0.0,0.0,0.0,1.2,1.0,0.0,0.0,0.0,25.94178505690849,0.9911849982864311,0.08549345640255825,156.25740477880868,160.02496363876227,0.5,0.0015,0.0027,0.0116,0.0092
554,1763002644.578932,0.0051895858775193645,-0.0019250980704299987,0.38995092595671976,-0.005237021336123526,0.01889480105035376,-0.14753228881137997,0.04083654400676236,-0.0006196000480344077,0.0,0.0,0.0,1.0,0.0,0.0,0.0,0.0,0.0,0.0,0.0,0.0,0.0,-0.017,0.023,1.091,1.0,0.001,0.003,-0.003,-0.028,-0.002,0.022,0.0,0.1,-0.0,0.0,0.0,1.2,1.0,0.0,0.0,0.0,25.938348456911328,0.991135452427821,0.08507622119217463,156.34570101148958,160.02585361577994,0.5,0.0025,0.002,0.0095,0.0112
555,1763002644.6022735,-0.007408579159244713,-0.01244217777660023,0.39035656188579104,-0.004215890911782111,-0.12546269177988884,-0.1053633068687453,0.04305145188638519,0.009687602109801798,0.0,0.0,0.0,1.0,0.0,0.0,0.0,0.0,0.0,0.0,0.0,0.0,0.0,-0.018,0.023,1.092,1.0,0.002,0.005,-0.002,-0.023,0.001,0.013,0.1,0.1,0.0,0.0,0.0,1.2,1.0,0.0,0.0,0.0,25.93458490180998,0.9910807595920673,0.0850029556383605,156.44996258344915,160.02684045871823,0.5,0.0022,0.0017,0.0075,0.0041
556,1763002644.6436777,-0.001523796145227213,-0.0026553764200641355,0.3912740696005392,-0.0037860822238350213,0.05810697222425053,0.09662379578770092,0.048210733336060484,0.003876497788292679,0.0,0.0,0.0,1.0,0.0,0.0,0.0,0.0,0.0,0.0,0.0,0.0,0.0,-0.019,0.023,1.092,1.0,0.002,0.005,-0.002,-0.025,-0.006,-0.004,0.0,0.0,-0.0,0.0,0.0,1.2,1.0,0.0,0.0,0.0,25.930164351257606,0.9910155000710763,0.08505340680844878,156.42199410682466,160.02672769579416,0.5,0.0015,0.0019,0.0091,0.0097
557,1763002644.6805995,-0.013674352970422257,0.012425908251373009,0.39102907938386927,-0.004552883295106516,-0.12165794786647315,0.150547309072365,0.03667750479335435,-0.008046618935098447,0.0,0.0,0.0,1.0,0.0,0.0,0.0,0.0,0.0,0.0,0.0,0.0,0.0,-0.02,0.023,1.092,1.0,0.002,0.005,-0.003,-0.031,-0.014,0.016,0.1,-0.1,-0.0,0.0,0.0,1.2,1.0,0.0,0.0,0.0,25.926686739977605,0.9909627192499414,0.0844899715388057,156.3409692768706,160.02563960222807,0.5,0.0025,0.0019,0.0132,0.0096
558,1763002644.7099845,-0.0032655708067610145,0.002887857171030952,0.3912217371485462,-0.004942476416744006,0.1027203863395702,-0.09413791997828326,0.04102948558515622,-0.004351219545885545,0.0,0.0,0.0,1.0,0.0,0.0,0.0,0.0,0.0,0.0,0.0,0.0,0.0,-0.02,0.023,1.092,1.0,0.002,0.005,-0.003,-0.025,-0.007,0.008,-0.0,-0.0,-0.0,0.0,0.0,1.2,1.0,0.0,0.0,0.0,25.92288437445742,0.9909038175352161,0.08464727663454093,156.29337921003201,160.0253968472107,0.5,0.0024,0.002,0.0094,0.0094
559,1763002644.7434227,-0.012324941665580076,-0.03073330499878761,0.39189108460492317,-0.005101582139799473,-0.09092026566886675,-0.3359228359810825,0.045815648278624804,-0.0020853048722290733,0.0,0.0,0.0,1.0,0.0,0.0,0.0,0.0,0.0,0.0,0.0,0.0,0.0,-0.021,0.023,1.092,1.0,0.003,0.008,-0.003,-0.02,0.001,-0.006,0.1,0.2,0.0,0.0,0.0,1.2,1.0,0.0,0.0,0.0,25.9185305601643,0.9908348146150618,0.08496535608362572,156.3218350624775,160.02603620518255,0.5,0.0022,0.0019,0.0095,0.0098
560,1763002644.780631,0.01014657564174215,0.018845807581263224,0.39136973628173327,0.0015638084652533184,0.22348267890666423,0.49271779530062954,0.03397562522859365,0.06614374783654796,0.0,0.0,0.0,1.0,0.0,0.0,0.0,0.0,0.0,0.0,0.0,0.0,0.0,-0.021,0.022,1.092,1.0,0.001,0.002,-0.001,-0.006,-0.011,0.019,-0.1,-0.4,0.1,0.0,0.0,1.2,1.0,0.0,0.0,0.0,25.915300048135975,0.990782005723212,0.07779041528328311,156.63792107762575,160.0332415844027,0.5,0.0046,0.002,0.0093,0.0112
561,1763002644.8113818,-0.01221559536756281,0.012678173131615733,0.3919170879037867,-0.0005444894180676365,-0.22260705252887536,-0.05979176373834855,0.044610489848706754,-0.020926597986684222,0.0,0.0,0.0,1.0,0.0,0.0,0.0,0.0,0.0,0.0,0.0,0.0,0.0,-0.022,0.022,1.092,1.0,0.002,0.002,-0.001,-0.02,-0.017,-0.005,0.1,0.0,0.0,0.0,0.0,1.2,1.0,0.0,0.0,0.0,25.91103447119018,0.9907111566570563,0.07720656761315271,156.57701700987099,160.03258678662792,0.5,0.0021,0.0019,0.0112,0.0095
562,1763002644.844309,-0.007282647894637744,-0.007538284974416942,0.3924723882950059,-0.00655368835047207,0.048107915192494355,-0.20089676374716514,0.04474471270257023,-0.060146438265851095,0.0,0.0,0.0,1.0,0.0,0.0,0.0,0.0,0.0,0.0,0.0,0.0,0.0,-0.023,0.022,1.092,1.0,0.003,0.005,-0.002,-0.021,-0.011,-0.009,0.0,0.1,-0.1,0.0,0.0,1.2,1.0,0.0,0.0,0.0,25.90666703652481,0.9906368396463774,0.07621890378665629,156.5451910253108,160.03177103986846,0.5,0.0027,0.0014,0.0096,0.0106
563,1763002644.880523,-0.007859955612834668,-0.05021147373896137,0.3933354569187048,-0.004811185430882662,-0.006501341971433042,-0.427485716142886,0.04787792506648973,0.016769660360846872,0.0,0.0,0.0,1.0,0.0,0.0,0.0,0.0,0.0,0.0,0.0,0.0,0.0,-0.023,0.021,1.091,1.0,0.004,0.011,-0.002,-0.018,-0.006,-0.021,0.0,0.3,-0.0,0.0,0.0,1.2,1.0,0.0,0.0,0.0,25.90183970004414,0.9905526290402616,0.07748117768635489,156.5861123045912,160.0324800180869,0.5,0.0022,0.002,0.01,0.0129
564,1763002644.912732,-0.03282570439487677,-0.051883410099326385,0.3944405562864845,-0.00475127258623703,-0.25044348338170447,-0.021740510977546257,0.05038453936966731,0.00011800990336804928,0.0,0.0,0.0,1.0,0.0,0.0,0.0,0.0,0.0,0.0,0.0,0.0,0.0,-0.024,0.021,1.089,1.0,0.008,0.015,-0.003,-0.015,-0.012,-0.033,0.1,0.1,-0.0,0.0,0.0,1.2,1.0,0.0,0.0,0.0,25.89655506816402,0.9904579942042075,0.08312543088406366,156.2084514260905,160.0189563121417,0.5,0.0015,0.0014,0.0098,0.0133
565,1763002644.9478157,-0.005272585026570971,-0.003406006641196266,0.39442863838719955,0.0006742047803100296,0.27224862324357024,0.4795856935713685,0.039324876635798395,0.05377964640684689,0.0,0.0,0.0,1.0,0.0,0.0,0.0,0.0,0.0,0.0,0.0,0.0,0.0,-0.024,0.02,1.089,1.0,0.004,0.009,-0.002,-0.004,-0.014,-0.015,-0.1,-0.3,0.1,0.0,0.0,1.2,1.0,0.0,0.0,0.0,25.89210972961532,0.9903749742157395,0.07556627378602139,156.96945344382578,160.0450995295581,0.5,0.0021,0.002,0.014,0.0096
566,1763002644.9817657,-0.030312102449503227,-0.004494838999904167,0.3944728542045199,-0.0018520438975084524,-0.2509224327319796,-0.011228924251198646,0.03988502201192371,-0.025195066300153803,0.0,0.0,0.0,1.0,0.0,0.0,0.0,0.0,0.0,0.0,0.0,0.0,0.0,-0.024,0.02,1.088,1.0,0.007,0.007,-0.002,0.004,-0.016,-0.015,0.1,-0.1,0.0,0.0,0.0,1.2,1.0,0.0,0.0,0.0,25.887653894160444,0.9902901590404205,0.0755799515673385,156.89154943568232,160.04694947067014,0.5,0.002,0.0054,0.0099,0.0108
567,1763002645.010811,-0.018841349597927826,0.03454586696105612,0.3943436322417163,-0.0035984814136896643,0.11167631827080371,0.3899575757096124,0.03815506579241607,-0.017649579551562967,0.0,0.0,0.0,1.0,0.0,0.0,0.0,0.0,0.0,0.0,0.0,0.0,0.0,-0.024,0.019,1.088,1.0,0.004,0.001,-0.003,0.001,-0.023,-0.01,-0.0,-0.3,-0.0,0.0,0.0,1.2,1.0,0.0,0.0,0.0,25.883408835968297,0.9902075205840793,0.07802929570922493,157.39427533974714,160.06213058552734,0.5,0.0019,0.0019,0.0105,0.0094
568,1763002645.035504,-0.034989162596764364,0.027237009700375403,0.39351024564194675,-0.004650128820109872,-0.16336226494815811,-0.06963398591070152,0.03110049722647662,-0.01087632220557104,0.0,0.0,0.0,1.0,0.0,0.0,0.0,0.0,0.0,0.0,0.0,0.0,0.0,-0.024,0.018,1.089,1.0,0.006,-0.0,-0.003,-0.005,-0.027,0.008,0.1,-0.1,-0.0,0.0,0.0,1.2,1.0,0.0,0.0,0.0,25.879923856117944,0.990139023458443,0.08275931233988672,157.07304788896937,160.05831965223095,0.5,0.0014,0.0015,0.0085,0.004
569,1763002645.0662105,-0.04898231564012971,-0.0178801817627419,0.3938106605185366,-0.005194502132268139,-0.1434304466933299,-0.4484482136611355,0.042355173330092824,-0.005908746003593657,0.0,0.0,0.0,1.0,0.0,0.0,0.0,0.0,0.0,0.0,0.0,0.0,0.0,-0.024,0.017,1.088,1.0,0.008,0.004,-0.003,-0.003,-0.037,-0.009,0.1,0.2,0.0,0.0,0.0,1.2,1.0,0.0,0.0,0.0,25.875643494292746,0.9900540558299679,0.08071240013075891,156.55349493209854,160.04849037045574,0.5,0.0009,0.001,0.0056,0.0053
570,1763002645.1124363,-0.06272625249990457,-0.03728059830721636,0.3932523517005561,-0.004142434494910499,-0.1423376001617615,-0.19579218362101877,0.033797977872049315,0.01000122616034958,0.0,0.0,0.0,1.0,0.0,0.0,0.0,0.0,0.0,0.0,0.0,0.0,0.0,-0.024,0.015,1.088,1.0,0.009,0.007,-0.002,-0.001,-0.059,0.01,0.1,0.2,0.0,0.0,0.0,1.2,1.0,0.0,0.0,0.0,25.872180414801555,0.9899855296280339,0.08484885302427661,155.6832329821827,160.0275790346041,0.5,0.0014,0.0015,0.0094,0.0129
571,1763002645.135994,-0.0642345671704266,-0.007925187941321389,0.39232813097912445,0.0021031387846681977,-0.021355771955210642,0.28982604382822813,0.030083027955738785,0.062041489346295914,0.0,0.0,0.0,1.0,0.0,0.0,0.0,0.0,0.0,0.0,0.0,0.0,0.0,-0.023,0.013,1.089,1.0,0.009,0.005,-0.001,0.013,-0.083,0.025,-0.0,-0.1,0.1,0.0,0.0,1.2,1.0,0.0,0.0,0.0,25.86930721978377,0.98992890796145,0.08698593365478473,155.0819144160629,160.00622823212535,0.5,0.001,0.001,0.0055,0.0084
572,1763002645.1800249,-0.06574948030879989,-0.016430758811760003,0.39183000417506636,-0.0010082360840714451,-0.021572588100775475,-0.08584822749851831,0.034251545057331835,-0.030903434808929597,0.0,0.0,0.0,1.0,0.0,0.0,0.0,0.0,0.0,0.0,0.0,0.0,0.0,-0.023,0.008,1.09,1.0,0.008,0.006,-0.002,0.013,-0.122,0.024,-0.1,-0.0,-0.0,0.0,0.0,1.2,1.0,0.0,0.0,0.0,25.86631563804987,0.989870353145447,0.08813445276212513,154.72325455013487,159.99597231070035,0.5,0.0033,0.002,0.0096,0.0116
573,1763002645.2115567,-0.06252367755541693,0.003167106865085534,0.3924092798652494,-0.0013089421216980997,0.025683079502949513,0.19433558088727937,0.04497575731933699,-0.0031078839846736955,0.0,0.0,0.0,1.0,0.0,0.0,0.0,0.0,0.0,0.0,0.0,0.0,0.0,-0.022,0.003,1.09,1.0,0.006,0.002,-0.001,0.02,-0.158,0.004,-0.2,-0.1,0.0,0.0,0.0,1.2,1.0,0.0,0.0,0.0,25.86241904950196,0.9897946458676383,0.0870190237524972,155.07077435218036,160.00941699098618,0.5,0.0025,0.0024,0.0158,0.0039
574,1763002645.2363129,-0.07989367608933401,-0.0253092062021034,0.3929514327852032,-0.0015059014014346906,-0.17995235309471241,-0.2844464199853808,0.04466245718606299,-0.0021004870095357167,0.0,0.0,0.0,1.0,0.0,0.0,0.0,0.0,0.0,0.0,0.0,0.0,0.0,-0.022,-0.003,1.09,1.0,0.004,0.005,-0.001,0.022,-0.19,0.001,-0.1,0.1,0.0,0.0,0.0,1.2,1.0,0.0,0.0,0.0,25.858413208516435,0.9897177602317926,0.08779921228761248,154.35075022564988,159.9886434797286,0.5,0.0015,0.0015,0.0083,0.0049
575,1763002645.2772272,-0.09183685861813784,-0.041207330553967,0.3931459348810669,-0.002465628910117963,-0.12742119289697157,-0.1615121641388463,0.04124016423715747,-0.00974786522697619,0.0,0.0,0.0,1.0,0.0,0.0,0.0,0.0,0.0,0.0,0.0,0.0,0.0,-0.021,-0.01,1.09,1.0,0.003,0.007,-0.002,0.029,-0.216,0.005,-0.1,0.1,-0.0,0.0,0.0,1.2,1.0,0.0,0.0,0.0,25.854589722821903,0.9896448808283181,0.09060854382504145,153.2848157149602,159.95327448679348,0.5,0.0023,0.002,0.0131,0.0064
576,1763002645.3127663,-0.10974865897613195,-0.05569989721228488,0.39334024221822855,-0.002692608473355378,-0.1883016894417549,-0.14904639963857558,0.04125766685972359,-0.0025163585233859464,0.0,0.0,0.0,1.0,0.0,0.0,0.0,0.0,0.0,0.0,0.0,0.0,0.0,-0.019,-0.02,1.09,1.0,0.002,0.009,-0.002,0.039,-0.257,0.006,-0.1,0.1,-0.0,0.0,0.0,1.2,1.0,0.0,0.0,0.0,25.85078788033812,0.9895728473926552,0.0955803389891698,151.74280520516308,159.89381728701895,0.5,0.0013,0.0015,0.0124,0.0106
577,1763002645.3359623,-0.0850842491786349,-0.016742852594862093,0.39268076106028416,-0.002857026179866205,0.23566923207735735,0.3840004564529993,0.03273921264237884,-0.0019134379124438067,0.0,0.0,0.0,1.0,0.0,0.0,0.0,0.0,0.0,0.0,0.0,0.0,0.0,-0.018,-0.028,1.091,1.0,-0.003,0.006,-0.002,0.051,-0.285,0.027,-0.3,-0.2,0.0,0.0,0.0,1.2,1.0,0.0,0.0,0.0,25.8478614400398,0.9895165617259327,0.09255054275190519,152.56018569834424,159.9435405682011,0.5,0.0016,0.0016,0.0067,0.006
578,1763002645.3711905,-0.04263269377018436,-0.02078322495294566,0.39296527673997483,0.004323553559739776,0.4160071291666419,-0.04207800884032181,0.042113232902935595,0.07152009477807321,0.0,0.0,0.0,1.0,0.0,0.0,0.0,0.0,0.0,0.0,0.0,0.0,0.0,-0.016,-0.039,1.092,1.0,-0.011,0.005,0.0,0.057,-0.314,0.015,-0.5,-0.1,0.1,0.0,0.0,1.2,1.0,0.0,0.0,0.0,25.84434526684029,0.9894493477127032,0.09003457837754363,155.40942157084757,160.10658899090478,0.5,0.0011,0.0015,0.0109,0.0043
579,1763002645.4171636,-0.06068655656390516,-0.04621706832715637,0.39402649046440746,0.00941641964852825,-0.18480189731422642,-0.2564167562374017,0.04990866491832334,0.05136101624385873,0.0,0.0,0.0,1.0,0.0,0.0,0.0,0.0,0.0,0.0,0.0,0.0,0.0,-0.014,-0.05,1.092,1.0,-0.015,0.005,0.002,0.06,-0.338,-0.0,-0.3,0.1,0.1,0.0,0.0,1.2,1.0,0.0,0.0,0.0,25.840151634376717,0.98937137537944,0.09276748114387608,155.8025536413735,160.14444345877763,0.5,0.0018,0.0019,0.009,0.0177
580,1763002645.4516325,-0.07885949192812013,-0.010376099591067063,0.3944810540258173,0.006446012209750122,-0.18779800929854018,0.35378798052817745,0.043948284660538656,-0.02876243242292847,0.0,0.0,0.0,1.0,0.0,0.0,0.0,0.0,0.0,0.0,0.0,0.0,0.0,-0.012,-0.061,1.092,1.0,-0.017,0.003,0.002,0.061,-0.351,0.005,-0.2,-0.2,0.0,0.0,0.0,1.2,1.0,0.0,0.0,0.0,25.836166422366606,0.9892976839250281,0.09304782489946864,156.04401811343143,160.1491815646198,0.5,0.0029,0.0022,0.0104,0.0157
581,1763002645.482783,-0.09612893647263639,0.0023798854492560403,0.39496563145085484,0.0050039915425219616,-0.18058039463797454,0.1265222404441243,0.04429387965295701,-0.013775605451306593,0.0,0.0,0.0,1.0,0.0,0.0,0.0,0.0,0.0,0.0,0.0,0.0,0.0,-0.01,-0.07,1.092,1.0,-0.018,0.0,0.002,0.069,-0.358,0.002,-0.1,-0.2,-0.0,0.0,0.0,1.2,1.0,0.0,0.0,0.0,25.83202000727145,0.9892223460749086,0.09431819905836847,155.1683941952679,160.1019743643108,0.5,0.0021,0.0021,0.0154,0.0096
582,1763002645.5120318,-0.06278933478556295,-0.004148934290711805,0.39532719701107394,0.004395669587204427,0.32378312322347075,-0.06505020885475285,0.04311221874727648,-0.005582820398923154,0.0,0.0,0.0,1.0,0.0,0.0,0.0,0.0,0.0,0.0,0.0,0.0,0.0,-0.007,-0.087,1.092,1.0,-0.025,-0.002,0.002,0.075,-0.378,0.002,-0.3,-0.1,-0.0,0.0,0.0,1.2,1.0,0.0,0.0,0.0,25.82782956872124,0.9891464241181637,0.09570436553061401,155.76188288983357,160.13442106096988,0.5,0.0038,0.0016,0.0102,0.0093
583,1763002645.5454037,-0.0625309088833931,-0.032719730135746784,0.39697842366136454,0.005246607136176113,-0.0036946744568577827,-0.28612285187942094,0.05604498620401366,0.008948942448437303,0.0,0.0,0.0,1.0,0.0,0.0,0.0,0.0,0.0,0.0,0.0,0.0,0.0,-0.005,-0.097,1.091,1.0,-0.027,-0.001,0.003,0.071,-0.362,-0.027,-0.2,0.1,0.0,0.0,0.0,1.2,1.0,0.0,0.0,0.0,25.822384512470883,0.9890512108494206,0.09508533338119539,155.0380778288271,160.1141536875677,0.5,0.0015,0.0015,0.0094,0.0129
584,1763002645.5916867,-0.06988958487278027,-0.04378226357579675,0.3985397236103773,-0.001622510396737403,-0.0798398507822109,-0.11389730741407438,0.05531084185626366,-0.06816651461551755,0.0,0.0,0.0,1.0,0.0,0.0,0.0,0.0,0.0,0.0,0.0,0.0,0.0,-0.002,-0.111,1.09,1.0,-0.031,0.0,0.001,0.073,-0.37,-0.04,-0.1,0.1,-0.1,0.0,0.0,1.2,1.0,0.0,0.0,0.0,25.816405431472866,0.9889476921999004,0.09495134717889787,153.3646837958178,160.05483397553664,0.5,0.0024,0.0021,0.0161,0.0172
585,1763002645.6221244,-0.07081082004371089,-0.046254493299818844,0.39946058699648723,-0.004542455975971532,-0.016201310196584162,-0.029100523597800534,0.04906260622213654,-0.029361706832015024,0.0,0.0,0.0,1.0,0.0,0.0,0.0,0.0,0.0,0.0,0.0,0.0,0.0,-0.002,-0.111,1.09,1.0,-0.031,0.0,0.001,0.073,-0.37,-0.04,-0.1,0.1,-0.1,0.0,0.0,1.2,1.0,0.0,0.0,0.0,25.810465105718848,0.9888448443396929,0.09646072671418247,151.61125913985504,159.99522848172458,0.5,0.0022,0.002,0.0134,0.0121
586,1763002645.6610928,-0.09283842124456068,-0.00014699656049739496,0.4008203686389388,-0.0071628305791288285,-0.22735709401286902,0.4564495180632326,0.05354387512416343,-0.026657991629170114,0.0,0.0,0.0,1.0,0.0,0.0,0.0,0.0,0.0,0.0,0.0,0.0,0.0,0.001,-0.128,1.087,1.0,-0.029,-0.003,-0.0,0.065,-0.363,-0.053,0.0,-0.2,-0.1,0.0,0.0,1.2,1.0,0.0,0.0,0.0,25.80395908381357,0.9887322679444013,0.0951202344801851,149.86287280522797,159.9164422183159,0.5,0.0022,0.0085,0.0114,0.0159
587,1763002645.6886234,-0.09714112927884636,-0.009820233310634828,0.4027693873625343,-0.003972111464389217,-0.05231092246731289,-0.09674706715742398,0.05957222409984915,0.03119090808948323,0.0,0.0,0.0,1.0,0.0,0.0,0.0,0.0,0.0,0.0,0.0,0.0,0.0,0.004,-0.142,1.084,1.0,-0.029,-0.005,-0.001,0.069,-0.361,-0.078,0.0,-0.0,-0.0,0.0,0.0,1.2,1.0,0.0,0.0,0.0,25.79637114109545,0.9886009492852389,0.09589167141255484,147.33735313720507,159.80070757791484,0.5,0.0022,0.0021,0.0118,0.0102
588,1763002645.7163973,-0.08957541065541111,0.02118424902655252,0.4043327765260905,-0.0019766726031958336,0.06594307330646793,0.30906280004081,0.05591083037181521,0.01955717746549491,0.0,0.0,0.0,1.0,0.0,0.0,0.0,0.0,0.0,0.0,0.0,0.0,0.0,0.006,-0.153,1.082,1.0,-0.03,-0.007,-0.0,0.067,-0.378,-0.083,-0.1,-0.2,-0.0,0.0,0.0,1.2,1.0,0.0,0.0,0.0,25.7885816371549,0.9884628207680994,0.09814415825151401,146.21782073643527,159.7290328187646,0.5,0.0021,0.0021,0.0128,0.0097
589,1763002645.7446096,-0.08426655508575236,0.003409481786198057,0.4057860258376893,0.00016481234763272411,0.04413101463104646,-0.17562924750088932,0.05496577076859613,0.021217182247965993,0.0,0.0,0.0,1.0,0.0,0.0,0.0,0.0,0.0,0.0,0.0,0.0,0.0,0.008,-0.169,1.078,0.999,-0.033,-0.007,0.001,0.06,-0.378,-0.085,-0.1,-0.0,0.0,0.0,0.0,1.2,1.0,0.0,0.0,0.0,25.780689545770773,0.9883202338862499,0.09889154697131682,144.6117491777836,159.64840465127418,0.5,0.0023,0.0023,0.0101,0.0098
590,1763002645.7837083,-0.062062298285407075,0.025276186800308638,0.4055213622083877,-0.005847640700661401,0.2136159124948777,0.21900799831972562,0.037931966290753044,-0.060108049248177975,0.0,0.0,0.0,1.0,0.0,0.0,0.0,0.0,0.0,0.0,0.0,0.0,0.0,0.01,-0.182,1.077,0.999,-0.037,-0.01,-0.0,0.052,-0.376,-0.053,-0.2,-0.1,-0.1,0.0,0.0,1.2,1.0,0.0,0.0,0.0,25.774152386529863,0.9881989299594824,0.10056169348506389,144.23060223751213,159.63024353368405,0.5,0.0022,0.0023,0.0145,0.0112
591,1763002645.8088162,-0.05461282250053546,-0.015211482189014684,0.40630452714573656,-0.002598214935142213,0.0682885280201756,-0.4023490712132023,0.04838378559432842,0.03190949358512574,0.0,0.0,0.0,1.0,0.0,0.0,0.0,0.0,0.0,0.0,0.0,0.0,0.0,0.012,-0.194,1.074,0.999,-0.04,-0.008,0.0,0.044,-0.379,-0.064,-0.2,0.2,0.0,0.0,0.0,1.2,1.0,0.0,0.0,0.0,25.766972590198883,0.9880653258838616,0.09792467295775525,143.72457205996008,159.60759926492588,0.5,0.0021,0.0021,0.008,0.0101
592,1763002645.8499856,-0.027544422276272438,-0.010947927692257692,0.40619669031377426,-0.001787453800301415,0.26522271999257674,0.041114396748668486,0.03955208439494963,0.007847789854893764,0.0,0.0,0.0,1.0,0.0,0.0,0.0,0.0,0.0,0.0,0.0,0.0,0.0,0.013,-0.207,1.073,0.999,-0.045,-0.007,-0.0,0.036,-0.374,-0.047,-0.3,0.1,-0.0,0.0,0.0,1.2,1.0,0.0,0.0,0.0,25.760432135662594,0.9879437245475797,0.09946697791909982,144.41681052406793,159.63422546128427,0.5,0.0023,0.0031,0.0095,0.0117
593,1763002645.8741002,-0.0031783704778005697,-0.0026349945344871974,0.4057380285845156,5.598031483391151e-05,0.24090607575709155,0.08203453880847916,0.0360330517387904,0.018255595771323123,0.0,0.0,0.0,1.0,0.0,0.0,0.0,0.0,0.0,0.0,0.0,0.0,0.0,0.014,-0.218,1.072,0.999,-0.05,-0.005,0.001,0.034,-0.357,-0.031,-0.3,0.0,0.0,0.0,0.0,1.2,1.0,0.0,0.0,0.0,25.754456056915103,0.9878348060926769,0.10323503851330468,145.3916045093167,159.66256328961,0.5,0.0024,0.0019,0.0085,0.0079
594,1763002645.905309,-0.017385919960770803,0.0035163801106654416,0.4047744449545613,0.0008825931932687604,-0.14239333187748232,0.061250246998077656,0.0309379665589092,0.00827172681583188,0.0,0.0,0.0,1.0,0.0,0.0,0.0,0.0,0.0,0.0,0.0,0.0,0.0,0.015,-0.23,1.072,0.999,-0.052,-0.006,0.001,0.03,-0.334,-0.009,-0.1,-0.0,0.0,0.0,0.0,1.2,1.0,0.0,0.0,0.0,25.749292888255198,0.9877442713373185,0.10347710499094187,145.05845937344668,159.64811849248244,0.5,0.0008,0.0009,0.0054,0.011
595,1763002645.9365659,-0.011660091477436765,0.005794475126641205,0.40368246796563123,0.0013194983649489275,0.055519692837263324,0.02313258817082417,0.029557674606155715,0.004457311036128548,0.0,0.0,0.0,1.0,0.0,0.0,0.0,0.0,0.0,0.0,0.0,0.0,0.0,0.016,-0.239,1.072,0.999,-0.053,-0.006,0.001,0.026,-0.308,0.001,-0.1,0.0,-0.0,0.0,0.0,1.2,1.0,0.0,0.0,0.0,25.744397984641807,0.9876636576331747,0.1039469537352169,144.87472184771158,159.6388117556469,0.5,0.0014,0.0013,0.0099,0.004
596,1763002645.9712818,-0.052207869052182596,-0.0048577805259158065,0.4031681746176941,-0.004994303894060314,-0.4066437848952018,-0.105943109012906,0.035225313317191545,-0.06300607275359751,0.0,0.0,0.0,1.0,0.0,0.0,0.0,0.0,0.0,0.0,0.0,0.0,0.0,0.017,-0.249,1.072,0.999,-0.049,-0.003,-0.0,0.027,-0.3,0.004,0.1,-0.0,-0.1,0.0,0.0,1.2,1.0,0.0,0.0,0.0,25.73944026219225,0.9875877364532694,0.09997857110606867,143.67629958194073,159.6043328034377,0.5,0.0015,0.0015,0.0085,0.0064
597,1763002646.001798,-0.04140825977229044,0.006498588846514096,0.40155845023614956,-0.009822505212640168,0.10277530589370329,0.11307791567170745,0.024219573646323454,-0.048781443575204586,0.0,0.0,0.0,1.0,0.0,0.0,0.0,0.0,0.0,0.0,0.0,0.0,0.0,0.017,-0.258,1.072,0.999,-0.049,-0.003,-0.002,0.026,-0.279,0.03,0.0,-0.1,-0.1,0.0,0.0,1.2,1.0,0.0,0.0,0.0,25.735481768375653,0.9875319909835085,0.09938785537393897,142.9404512364011,159.58130058203966,0.5,0.0013,0.0013,0.0079,0.004
598,1763002646.0416627,-0.04253939483058151,-0.014873581916614744,0.40129550600694897,-0.014839205855391332,-0.015452176560139697,-0.21307184874663698,0.037526402731609454,-0.05114925694877567,0.0,0.0,0.0,1.0,0.0,0.0,0.0,0.0,0.0,0.0,0.0,0.0,0.0,0.018,-0.267,1.073,0.999,-0.048,-0.004,-0.005,0.022,-0.269,0.016,0.0,0.1,-0.1,0.0,0.0,1.2,1.0,0.0,0.0,0.0,25.7307431560116,0.9874735224944085,0.0988810480262439,142.15908549420976,159.55976550181637,0.5,0.0021,0.0019,0.01,0.0076
599,1763002646.0663958,-0.025573968381159662,-0.043568431542565615,0.400492695868213,-0.017227536163552458,0.16540032501116025,-0.28843585445117015,0.03210144921333579,-0.02536722366715042,0.0,0.0,0.0,1.0,0.0,0.0,0.0,0.0,0.0,0.0,0.0,0.0,0.0,0.019,-0.276,1.074,0.999,-0.05,-0.002,-0.005,0.031,-0.267,0.031,-0.1,0.2,-0.1,0.0,0.0,1.2,1.0,0.0,0.0,0.0,25.726537704576256,0.9874263240586529,0.10011199863022724,141.68642472821367,159.54874882738554,0.5,0.0014,0.0017,0.0057,0.0042
600,1763002646.1142523,-0.030460818043467605,-0.04530946201406216,0.4004896324388562,-0.0070959619321187065,-0.051425893461195304,-0.021767147869222007,0.040018635293253425,0.09959298869798228,0.0,0.0,0.0,1.0,0.0,0.0,0.0,0.0,0.0,0.0,0.0,0.0,0.0,0.021,-0.284,1.075,0.999,-0.05,0.002,-0.005,0.055,-0.282,0.025,-0.1,0.0,0.1,0.0,0.0,1.2,1.0,0.0,0.0,0.0,25.721881993946415,0.9873794553399039,0.10013500697088495,141.22943044693784,159.52620533459492,0.5,0.0018,0.0018,0.0136,0.0104
601,1763002646.1484444,-0.053382694498866276,-0.05375008081047687,0.3993899394174441,-0.007428380912972852,-0.2322648463583335,-0.08893713416555318,0.029052033029764623,-0.0040337860017532895,0.0,0.0,0.0,1.0,0.0,0.0,0.0,0.0,0.0,0.0,0.0,0.0,0.0,0.023,-0.294,1.077,0.999,-0.051,0.003,-0.005,0.067,-0.265,0.052,0.1,-0.0,0.0,0.0,0.0,1.2,1.0,0.0,0.0,0.0,25.718347508997873,0.9873482015848432,0.0998482756341041,139.8308819789362,159.49649150703482,0.5,0.0021,0.0039,0.0092,0.0129
602,1763002646.1819036,-0.03776982971377367,-0.035031226656498396,0.39782237718700436,0.0005641097344923698,0.15079037840103943,0.18181353345873716,0.024263371637346424,0.07918206838335493,0.0,0.0,0.0,1.0,0.0,0.0,0.0,0.0,0.0,0.0,0.0,0.0,0.0,0.026,-0.302,1.079,0.999,-0.051,-0.001,-0.002,0.083,-0.244,0.068,0.0,-0.1,0.1,0.0,0.0,1.2,1.0,0.0,0.0,0.0,25.71540750983328,0.9873255401925769,0.0993092459999268,139.06037917085933,159.4719479053171,0.5,0.0023,0.0021,0.0098,0.0138
603,1763002646.2217362,0.012073144000746376,0.011198508715862726,0.3971315559268191,0.005949763480459993,0.4946527541738231,0.45879423105796124,0.03287402511684785,0.05391294843312547,0.0,0.0,0.0,1.0,0.0,0.0,0.0,0.0,0.0,0.0,0.0,0.0,0.0,0.028,-0.309,1.081,0.998,-0.055,-0.006,0.0,0.077,-0.229,0.055,-0.3,-0.3,0.1,0.0,0.0,1.2,1.0,0.0,0.0,0.0,25.71182547759101,0.9873039111126543,0.09708093355054606,140.2560468652937,159.4778604138421,0.5,0.0024,0.0063,0.0099,0.0161
604,1763002646.254896,0.02943363992160717,0.024317386818240874,0.3972179181166926,0.008857927623913658,0.17481227360868257,0.13230863189536776,0.040576777491417346,0.029676617782582654,0.0,0.0,0.0,1.0,0.0,0.0,0.0,0.0,0.0,0.0,0.0,0.0,0.0,0.028,-0.309,1.081,0.998,-0.055,-0.006,0.0,0.077,-0.229,0.055,-0.3,-0.3,0.1,0.0,0.0,1.2,1.0,0.0,0.0,0.0,25.708176718103235,0.9872877954677222,0.1031587673083304,141.40474662047373,159.49560405607428,0.5,0.0021,0.0019,0.015,0.0135
605,1763002646.2883954,-0.01570362735369612,-0.021365933768690018,0.3984119329843302,0.006012368396577381,-0.4484293087608721,-0.4544014671874848,0.05166194048804517,-0.027569799510971417,0.0,0.0,0.0,1.0,0.0,0.0,0.0,0.0,0.0,0.0,0.0,0.0,0.0,0.032,-0.319,1.083,0.999,-0.054,-0.006,0.001,0.065,-0.199,0.025,0.1,0.1,0.0,0.0,0.0,1.2,1.0,0.0,0.0,0.0,25.70329185002838,0.9872802874989032,0.09857707499696289,140.60473229798956,159.46886510218573,0.5,0.0037,0.002,0.0099,0.0167
606,1763002646.3219695,-0.0294965763022894,-0.01788866014839463,0.39804144770947203,-0.0036757791446942693,-0.13949985222130237,0.032636142826084874,0.036136340549851556,-0.09628023857305879,0.0,0.0,0.0,1.0,0.0,0.0,0.0,0.0,0.0,0.0,0.0,0.0,0.0,0.034,-0.325,1.084,0.999,-0.052,-0.007,-0.001,0.066,-0.189,0.04,0.1,0.0,-0.1,0.0,0.0,1.2,1.0,0.0,0.0,0.0,25.69910344619628,0.9872769404038256,0.09627983432790642,139.93274474119414,159.44924744179153,0.5,0.0022,0.0019,0.0164,0.012
607,1763002646.3532188,-0.06225847767064849,-0.024783009422202525,0.39814302419701686,-0.002355722660901366,-0.3305686713138198,-0.07073235875291839,0.04081990964639507,0.012832986923459612,0.0,0.0,0.0,1.0,0.0,0.0,0.0,0.0,0.0,0.0,0.0,0.0,0.0,0.036,-0.331,1.085,0.999,-0.048,-0.006,-0.001,0.074,-0.187,0.034,0.2,0.0,-0.0,0.0,0.0,1.2,1.0,0.0,0.0,0.0,25.694635359222968,0.9872783119408527,0.09524075660255553,138.9661120638974,159.43007438163173,0.5,0.0051,0.002,0.0114,0.0115
608,1763002646.3790638,-0.061932906641745486,-0.023787224474087328,0.39811122634162815,-0.002837803908487624,-0.0029701374780348178,0.007479548538931721,0.039496323865814656,-0.005056384741952715,0.0,0.0,0.0,1.0,0.0,0.0,0.0,0.0,0.0,0.0,0.0,0.0,0.0,0.039,-0.337,1.086,0.999,-0.046,-0.007,-0.002,0.074,-0.193,0.032,0.1,-0.0,-0.0,0.0,0.0,1.2,1.0,0.0,0.0,0.0,25.690066022256335,0.9872831422510752,0.09696846953377206,137.95345940883396,159.40107570710416,0.5,0.0022,0.0019,0.0108,0.0098
609,1763002646.4128494,-0.037354570608159846,-0.01160077392643115,0.39811068049108456,-0.00108350451701778,0.23959006967168178,0.11948578302915303,0.03980566412872695,0.017259213523849674,0.0,0.0,0.0,1.0,0.0,0.0,0.0,0.0,0.0,0.0,0.0,0.0,0.0,0.042,-0.347,1.087,0.999,-0.047,-0.008,-0.0,0.085,-0.205,0.034,-0.1,-0.1,0.0,0.0,0.0,1.2,1.0,0.0,0.0,0.0,25.685555361343773,0.9872878741913977,0.09638904607394377,137.51802342098492,159.3823020821135,0.5,0.003,0.0013,0.0113,0.0098
610,1763002646.447996,-0.036601172273957705,-0.00954744267186474,0.3991123923641827,0.013603817008820391,0.003798526281205472,0.019373235153020973,0.04982818678009103,0.14676486480667994,0.0,0.0,0.0,1.0,0.0,0.0,0.0,0.0,0.0,0.0,0.0,0.0,0.0,0.045,-0.353,1.088,0.999,-0.048,-0.008,0.003,0.086,-0.207,0.014,-0.1,-0.1,0.2,0.0,0.0,1.2,1.0,0.0,0.0,0.0,25.68020799550404,0.9872988257148797,0.09590638414383688,137.151292891071,159.36388537391923,0.5,0.0022,0.002,0.014,0.0098
611,1763002646.4893258,-0.011852041189121972,-0.025762051890297368,0.3995244348585827,0.02274117255020589,0.2438311936209616,-0.16310083645151274,0.0440316641804175,0.09273393711473707,0.0,0.0,0.0,1.0,0.0,0.0,0.0,0.0,0.0,0.0,0.0,0.0,0.0,0.048,-0.361,1.088,0.999,-0.052,-0.007,0.005,0.084,-0.21,0.019,-0.2,0.0,0.2,0.0,0.0,1.2,1.0,0.0,0.0,0.0,25.675121527055335,0.9873096191233695,0.09587626384480875,136.94616287605803,159.35531897209407,0.5,0.0021,0.0025,0.0141,0.0171
612,1763002646.5184312,-0.011214710430316684,-0.029103628937625983,0.3999482336398848,0.026735637083057415,0.005188103469140726,-0.035991975662315906,0.044190431298879146,0.04221876258353584,0.0,0.0,0.0,1.0,0.0,0.0,0.0,0.0,0.0,0.0,0.0,0.0,0.0,0.048,-0.361,1.088,0.999,-0.052,-0.007,0.005,0.084,-0.21,0.019,-0.2,0.0,0.2,0.0,0.0,1.2,1.0,0.0,0.0,0.0,25.670055932526807,0.9873220342670915,0.09817318524895897,136.69316715414394,159.34995316352064,0.5,0.0022,0.0021,0.0146,0.0093
613,1763002646.5533464,0.0068673557088166776,-0.006988465824371716,0.39960542063077337,0.0208479592157977,0.1796991903483019,0.21824126823878007,0.036566693272875025,-0.0562032149642914,0.0,0.0,0.0,1.0,0.0,0.0,0.0,0.0,0.0,0.0,0.0,0.0,0.0,0.052,-0.372,1.09,0.998,-0.056,-0.008,0.008,0.066,-0.202,0.03,-0.2,-0.1,0.0,0.0,0.0,1.2,1.0,0.0,0.0,0.0,25.665515136104545,0.9873329201097624,0.09917318337027464,136.753105566233,159.3400243460927,0.5,0.002,0.0035,0.0142,0.0133
614,1763002646.5827994,-0.003923758187808192,-0.031602623625726696,0.40048102225369253,0.011227660381456749,-0.10722440339536704,-0.24684042459598696,0.04871655829226889,-0.09411819242182969,0.0,0.0,0.0,1.0,0.0,0.0,0.0,0.0,0.0,0.0,0.0,0.0,0.0,0.053,-0.377,1.09,0.998,-0.057,-0.007,0.006,0.059,-0.198,0.008,-0.1,0.1,-0.1,0.0,0.0,1.2,1.0,0.0,0.0,0.0,25.6600257832839,0.9873510596772854,0.09883176785934404,136.28538598122537,159.32720656511844,0.5,0.0021,0.002,0.0146,0.0098
615,1763002646.6178772,-0.027187387817835987,-0.007279774636098472,0.4018020720840458,0.0038188318054760842,-0.2330286721190588,0.24006822753370957,0.05325860052890062,-0.07296551972166096,0.0,0.0,0.0,1.0,0.0,0.0,0.0,0.0,0.0,0.0,0.0,0.0,0.0,0.056,-0.386,1.089,0.998,-0.057,-0.008,0.004,0.058,-0.181,-0.013,0.1,-0.1,-0.1,0.0,0.0,1.2,1.0,0.0,0.0,0.0,25.653724092798424,0.9873747181237067,0.09653228160466854,135.83986969462532,159.30998724265385,0.5,0.0023,0.0046,0.0126,0.0114
616,1763002646.6457813,-0.0353253268918038,0.023335420410557552,0.4020607898329848,-0.0003308742239025893,-0.08409812952146167,0.30542397300295043,0.042767384697794786,-0.04111517711323914,0.0,0.0,0.0,1.0,0.0,0.0,0.0,0.0,0.0,0.0,0.0,0.0,0.0,0.057,-0.39,1.089,0.998,-0.056,-0.011,0.003,0.052,-0.173,-0.004,0.1,-0.2,-0.1,0.0,0.0,1.2,1.0,0.0,0.0,0.0,25.647905438614092,0.9873953246097004,0.09623272003810089,135.61199894756095,159.29701044742495,0.5,0.0021,0.0021,0.0093,0.012
617,1763002646.6759343,-0.0015847296353536447,0.05087702215953027,0.4032879782086509,0.0031470250710835005,0.33387343987532114,0.27774955953078295,0.052477962739960096,0.034745905527470644,0.0,0.0,0.0,1.0,0.0,0.0,0.0,0.0,0.0,0.0,0.0,0.0,0.0,0.059,-0.396,1.088,0.998,-0.056,-0.013,0.003,0.049,-0.154,-0.033,-0.1,-0.3,0.0,0.0,0.0,1.2,1.0,0.0,0.0,0.0,25.640927731667688,0.9874209871108853,0.09986655303996526,135.7989576521616,159.29572732083668,0.5,0.002,0.002,0.0094,0.0092
618,1763002646.7125733,0.042665892030992275,0.04746811338639445,0.40394959001191777,0.005994431932050993,0.4423477436999238,-0.029001385515405154,0.04694491585353417,0.028788771116783275,0.0,0.0,0.0,1.0,0.0,0.0,0.0,0.0,0.0,0.0,0.0,0.0,0.0,0.059,-0.4,1.087,0.998,-0.061,-0.015,0.004,0.022,-0.13,-0.031,-0.2,-0.1,0.0,0.0,0.0,1.2,1.0,0.0,0.0,0.0,25.634210631875636,0.9874434070563513,0.10361799255399044,135.9599800966266,159.29273791872083,0.5,0.0043,0.0021,0.0097,0.0097
619,1763002646.7434258,0.015235632918572953,0.0372817864045962,0.4057501412802866,0.013227211081829178,-0.2700360019210939,-0.09711645847934305,0.05840047168488073,0.07292723469098694,0.0,0.0,0.0,1.0,0.0,0.0,0.0,0.0,0.0,0.0,0.0,0.0,0.0,0.059,-0.404,1.085,0.998,-0.061,-0.015,0.005,0.01,-0.109,-0.058,0.1,0.0,0.1,0.0,0.0,1.2,1.0,0.0,0.0,0.0,25.626438644575394,0.9874667279277326,0.10291575006750778,135.61169693256758,159.28763294342582,0.5,0.002,0.0019,0.0098,0.0097
620,1763002646.788633,-0.012740374295322005,-0.01150821445035912,0.40622121400859545,0.010597111962456069,-0.2782365088470922,-0.4841718299090936,0.04528574141111754,-0.02497827008554817,0.0,0.0,0.0,1.0,0.0,0.0,0.0,0.0,0.0,0.0,0.0,0.0,0.0,0.059,-0.407,1.084,0.998,-0.058,-0.009,0.004,-0.008,-0.095,-0.047,0.2,0.3,-0.0,0.0,0.0,1.2,1.0,0.0,0.0,0.0,25.619262284407142,0.987480692978039,0.09589595212723614,135.7598332491178,159.28474244079482,0.5,0.0019,0.0029,0.01,0.0202
621,1763002646.8240328,-0.05884968556342861,-0.04099803433275065,0.40698336914744926,0.0014481732684091843,-0.46236715011059815,-0.2960490202689512,0.04824367278939756,-0.09042967574422321,0.0,0.0,0.0,1.0,0.0,0.0,0.0,0.0,0.0,0.0,0.0,0.0,0.0,0.059,-0.409,1.082,0.999,-0.053,-0.005,0.002,-0.019,-0.089,-0.059,0.4,0.3,-0.1,0.0,0.0,1.2,1.0,0.0,0.0,0.0,25.611593306092324,0.9874906776198753,0.09442008616465965,135.9050493589192,159.29192920608835,0.5,0.0021,0.002,0.0118,0.0152
622,1763002646.8519454,-0.04921629254343245,-0.023299526379181854,0.4063772983622058,0.002402508436781416,0.09044896164361887,0.17288527610241286,0.034637629062311354,0.009688169010563241,0.0,0.0,0.0,1.0,0.0,0.0,0.0,0.0,0.0,0.0,0.0,0.0,0.0,0.058,-0.412,1.081,0.999,-0.051,-0.004,0.002,-0.019,-0.101,-0.036,0.2,0.1,-0.0,0.0,0.0,1.2,1.0,0.0,0.0,0.0,25.604897111237243,0.9874950501526119,0.09967479242301587,135.47880678014107,159.2780377157238,0.5,0.0033,0.0029,0.0099,0.0107
623,1763002646.8797212,0.0012616463745414447,0.015130051786608006,0.40538518737273566,0.002009635684405533,0.49985775992539566,0.38196582901998044,0.030716619941518447,-0.0036884766800806858,0.0,0.0,0.0,1.0,0.0,0.0,0.0,0.0,0.0,0.0,0.0,0.0,0.0,0.058,-0.415,1.08,0.999,-0.054,-0.007,0.001,-0.009,-0.101,-0.022,-0.2,-0.1,-0.0,0.0,0.0,1.2,1.0,0.0,0.0,0.0,25.598752048323036,0.9874929421303863,0.09602563940127361,135.4825342728756,159.27575746938493,0.5,0.0024,0.0022,0.0095,0.0119
624,1763002646.9131322,0.03373770394168306,0.061561607349574624,0.4045007587228825,-0.005037624614670038,0.32488674030887044,0.4658285608083269,0.031694232238742015,-0.07027163942231515,0.0,0.0,0.0,1.0,0.0,0.0,0.0,0.0,0.0,0.0,0.0,0.0,0.0,0.057,-0.42,1.081,0.998,-0.058,-0.011,-0.0,-0.012,-0.096,0.001,-0.2,-0.3,-0.1,0.0,0.0,1.2,1.0,0.0,0.0,0.0,25.59357724048213,0.9874888381035839,0.09520447836234502,135.55031990224424,159.27750546547747,0.5,0.0023,0.0021,0.0123,0.0096
625,1763002646.95301,0.03492956541409431,0.028440797048159543,0.40378470447109843,-0.009330678267868577,0.015292385118280793,-0.3250519422791934,0.033289533354446926,-0.04343429899345241,0.0,0.0,0.0,1.0,0.0,0.0,0.0,0.0,0.0,0.0,0.0,0.0,0.0,0.056,-0.422,1.081,0.998,-0.06,-0.012,-0.002,-0.024,-0.085,0.01,-0.1,0.1,-0.1,0.0,0.0,1.2,1.0,0.0,0.0,0.0,25.58871773143905,0.9874848152554889,0.09594845842134093,135.53391268027556,159.28062875442168,0.5,0.005,0.0022,0.0094,0.0164
626,1763002646.9850147,0.020115411668755377,-0.0019683380945033704,0.40359540154538975,-0.006809919393664619,-0.14464858091197985,-0.30124727172181315,0.03848544119002359,0.024274520915252715,0.0,0.0,0.0,1.0,0.0,0.0,0.0,0.0,0.0,0.0,0.0,0.0,0.0,0.056,-0.424,1.081,0.998,-0.059,-0.009,-0.002,-0.025,-0.085,0.006,0.0,0.2,-0.0,0.0,0.0,1.2,1.0,0.0,0.0,0.0,25.583577839019657,0.987481226904224,0.09467092999174179,135.55286792521744,159.28223362714436,0.5,0.0023,0.0021,0.0111,0.0154
627,1763002647.0250986,-0.030022500755588787,-0.0516714283992606,0.4039442979799109,-0.012292618946549198,-0.49936758307656604,-0.4972277368570226,0.04384850449975083,-0.05550798746821226,0.0,0.0,0.0,1.0,0.0,0.0,0.0,0.0,0.0,0.0,0.0,0.0,0.0,0.055,-0.427,1.081,0.999,-0.052,0.0,-0.005,-0.039,-0.08,-0.002,0.3,0.6,-0.1,0.0,0.0,1.2,1.0,0.0,0.0,0.0,25.57805561708088,0.9874779497599326,0.09215685750180279,136.2882827103692,159.29480347344696,0.5,0.0022,0.0087,0.0103,0.0169
628,1763002647.0562978,0.019724110995694925,-0.06223679876173641,0.40205471253117625,-0.012004429754392277,0.4944638674372782,-0.11082084646468421,0.021498575310644797,0.0016526300269142872,0.0,0.0,0.0,1.0,0.0,0.0,0.0,0.0,0.0,0.0,0.0,0.0,0.0,0.054,-0.429,1.082,0.998,-0.056,0.003,-0.004,-0.018,-0.076,0.028,-0.2,0.2,0.0,0.0,0.0,1.2,1.0,0.0,0.0,0.0,25.573782076324377,0.9874782691822056,0.09534310588172698,136.1728058263279,159.29352844860438,0.5,0.0022,0.002,0.0158,0.01
629,1763002647.0950763,0.025632263881356608,-0.012829995704289138,0.40191172036204875,-0.004516656003468915,0.06105393995618641,0.4878443506982992,0.038775549561842315,0.07367729453379439,0.0,0.0,0.0,1.0,0.0,0.0,0.0,0.0,0.0,0.0,0.0,0.0,0.0,0.054,-0.431,1.083,0.998,-0.058,-0.001,-0.003,-0.01,-0.073,0.022,-0.1,-0.2,0.1,0.0,0.0,1.2,1.0,0.0,0.0,0.0,25.569182698987635,0.9874803303237453,0.09142304183887183,136.08381451675376,159.29613258469692,0.5,0.0093,0.0021,0.0096,0.0166
630,1763002647.123682,0.06050124163388356,-0.008879933850131312,0.4024586579724895,0.004979038185495362,0.3512530039134052,0.03821761897114939,0.045660548140611726,0.09450527628929586,0.0,0.0,0.0,1.0,0.0,0.0,0.0,0.0,0.0,0.0,0.0,0.0,0.0,0.053,-0.433,1.083,0.998,-0.062,-0.003,0.001,-0.01,-0.048,0.001,-0.2,-0.0,0.1,0.0,0.0,1.2,1.0,0.0,0.0,0.0,25.563704809186646,0.9874872425799645,0.09331532414332581,135.7754243842306,159.29652868957302,0.5,0.0022,0.0021,0.0123,0.011
631,1763002647.1512861,0.029314909443137485,0.028855572363272068,0.403313157111248,0.00891112165775466,-0.3058131977440724,0.3764670687490207,0.0487908571848343,0.03981873854114252,0.0,0.0,0.0,1.0,0.0,0.0,0.0,0.0,0.0,0.0,0.0,0.0,0.0,0.053,-0.434,1.082,0.998,-0.061,-0.006,0.002,-0.01,-0.039,-0.005,0.1,-0.2,0.1,0.0,0.0,1.2,1.0,0.0,0.0,0.0,25.5580126157671,0.987495457729507,0.09194681537798428,135.97831673762488,159.29958436802153,0.5,0.0022,0.0021,0.012,0.0102
632,1763002647.1819189,-0.019629799019356506,-0.015397139556420678,0.40387959566196596,-0.006681842643779709,-0.48651559368062625,-0.4396415619606002,0.045995701218304194,-0.1550385308495682,0.0,0.0,0.0,1.0,0.0,0.0,0.0,0.0,0.0,0.0,0.0,0.0,0.0,0.052,-0.435,1.082,0.999,-0.054,-0.004,-0.001,-0.02,-0.028,-0.01,0.3,0.2,-0.2,0.0,0.0,1.2,1.0,0.0,0.0,0.0,25.55216105264951,0.9875052669382287,0.08685095676685559,136.248173565557,159.2957115300211,0.5,0.0022,0.0041,0.0106,0.0115
633,1763002647.214389,0.013025756491234317,-0.006916703399333569,0.402030235521398,-0.013599673730416746,0.32459257520397256,0.083264647615229,0.021894358160516714,-0.06984649513074834,0.0,0.0,0.0,1.0,0.0,0.0,0.0,0.0,0.0,0.0,0.0,0.0,0.0,0.052,-0.436,1.083,0.998,-0.056,-0.003,-0.005,-0.018,-0.025,0.033,-0.0,0.0,-0.1,0.0,0.0,1.2,1.0,0.0,0.0,0.0,25.548181143755354,0.9875132748529868,0.08665934770101158,136.10768974612887,159.29359583773774,0.5,0.0022,0.002,0.0103,0.0131
634,1763002647.2441661,-0.034370065931231125,-0.044616426806956114,0.40184190340770176,-0.011817620225931066,-0.4726556485755309,-0.37768890441615877,0.03831970241517708,0.016460567671815113,0.0,0.0,0.0,1.0,0.0,0.0,0.0,0.0,0.0,0.0,0.0,0.0,0.0,0.051,-0.437,1.084,0.999,-0.051,0.0,-0.006,-0.005,-0.031,0.023,0.3,0.2,-0.0,0.0,0.0,1.2,1.0,0.0,0.0,0.0,25.543674987574036,0.9875245982444444,0.08758073613498371,136.2929116618516,159.29702153145902,0.5,0.002,0.0019,0.0094,0.0104
635,1763002647.2828906,-0.009705794782229177,0.003027873247147074,0.4008147661861993,-0.004979506745316676,0.24320570489689639,0.47198135786033624,0.029912818125745175,0.06719937278355079,0.0,0.0,0.0,1.0,0.0,0.0,0.0,0.0,0.0,0.0,0.0,0.0,0.0,0.051,-0.439,1.085,0.999,-0.051,-0.002,-0.004,0.003,-0.074,0.038,-0.1,-0.3,0.1,0.0,0.0,1.2,1.0,0.0,0.0,0.0,25.539697784551215,0.9875369258220363,0.08215823740422136,136.43634333635188,159.293834408963,0.5,0.0022,0.0028,0.0117,0.0129
636,1763002647.3133364,0.0206177938688029,0.013739805525994086,0.40125816263954717,0.00014313250377596433,0.30226530703209786,0.10742211011318487,0.04451544115209784,0.050728441816394736,0.0,0.0,0.0,1.0,0.0,0.0,0.0,0.0,0.0,0.0,0.0,0.0,0.0,0.052,-0.44,1.085,0.998,-0.055,-0.004,-0.003,0.009,-0.056,0.019,-0.2,-0.2,0.1,0.0,0.0,1.2,1.0,0.0,0.0,0.0,25.534911947755436,0.9875546222628734,0.0804156842945009,136.5755744667403,159.29378587873776,0.5,0.0022,0.0021,0.012,0.0103
637,1763002647.347517,0.01662678741827816,0.003385143427208732,0.4031208047677397,-0.0017043399474752198,-0.03784828511836713,-0.1021726404352541,0.0587522375458802,-0.018460411262134248,0.0,0.0,0.0,1.0,0.0,0.0,0.0,0.0,0.0,0.0,0.0,0.0,0.0,0.051,-0.442,1.085,0.998,-0.057,-0.005,-0.002,-0.009,-0.061,-0.017,-0.1,-0.0,0.0,0.0,0.0,1.2,1.0,0.0,0.0,0.0,25.528629420950956,0.9875818442516772,0.08067745235070409,136.44665280693005,159.29276098311794,0.5,0.0021,0.0038,0.0097,0.0116
638,1763002647.3716435,0.027519188440444618,-0.012013193417733447,0.40541384887449977,-0.009228810342466628,0.11058668896349244,-0.15364485410670092,0.06324252154437482,-0.07541513794466162,0.0,0.0,0.0,1.0,0.0,0.0,0.0,0.0,0.0,0.0,0.0,0.0,0.0,0.051,-0.445,1.083,0.998,-0.059,-0.004,-0.004,-0.014,-0.056,-0.047,-0.1,0.1,-0.1,0.0,0.0,1.2,1.0,0.0,0.0,0.0,25.52118144606588,0.9876146907837776,0.08033077319386729,136.19576205837865,159.29061390244925,0.5,0.0009,0.001,0.0058,0.0103
639,1763002647.409621,-0.0019394576972135771,-0.023040805108890824,0.4064616711316292,-0.014760424288120647,-0.29183454253253743,-0.11147743625334713,0.05101960745874366,-0.056239020490786835,0.0,0.0,0.0,1.0,0.0,0.0,0.0,0.0,0.0,0.0,0.0,0.0,0.0,0.051,-0.446,1.082,0.998,-0.056,-0.002,-0.006,-0.013,-0.047,-0.036,0.1,0.1,-0.1,0.0,0.0,1.2,1.0,0.0,0.0,0.0,25.514360591035715,0.9876421565470942,0.07981932257879727,136.07841474565328,159.28892126646187,0.5,0.0019,0.0012,0.0106,0.0091
640,1763002647.4440129,-0.019563887105139385,-0.01634731692682992,0.4067299005650219,-0.01840390569090356,-0.17643823984897933,0.06463080130971995,0.043328461447090655,-0.03791085645664124,0.0,0.0,0.0,1.0,0.0,0.0,0.0,0.0,0.0,0.0,0.0,0.0,0.0,0.05,-0.448,1.081,0.998,-0.054,-0.002,-0.007,-0.006,-0.055,-0.029,0.1,0.0,-0.1,0.0,0.0,1.2,1.0,0.0,0.0,0.0,25.507868772911678,0.9876662604696935,0.08056045866270634,135.98839061984216,159.29079326801897,0.5,0.0015,0.0022,0.0098,0.0104
641,1763002647.4798293,-0.037177472563867844,-0.0018109780549120276,0.40737297455917065,-0.020142094596411076,-0.17809224329779855,0.14372865702649593,0.04710372999798876,-0.019222279624165527,0.0,0.0,0.0,1.0,0.0,0.0,0.0,0.0,0.0,0.0,0.0,0.0,0.0,0.051,-0.45,1.08,0.999,-0.053,-0.004,-0.007,0.007,-0.056,-0.038,0.2,-0.1,-0.1,0.0,0.0,1.2,1.0,0.0,0.0,0.0,25.500995924542465,0.987689457438093,0.08314196201850885,135.98735918568468,159.29663208594775,0.5,0.0023,0.0022,0.0119,0.0097
642,1763002647.5139878,-0.029305452146089636,0.009070793295087655,0.4077049502585739,-0.01639640206482096,0.07500245692139529,0.10863661569450561,0.04405705444994962,0.035442715856260104,0.0,0.0,0.0,1.0,0.0,0.0,0.0,0.0,0.0,0.0,0.0,0.0,0.0,0.051,-0.451,1.079,0.999,-0.052,-0.006,-0.007,0.005,-0.053,-0.037,0.1,-0.1,0.0,0.0,0.0,1.2,1.0,0.0,0.0,0.0,25.49419945872154,0.9877097978078132,0.08589158868853014,135.93947629644842,159.29856702252903,0.5,0.0026,0.0027,0.0106,0.0114
643,1763002647.5467331,-0.05431510749323085,-0.005646963663884239,0.408178433640044,-0.013595741048459899,-0.253027098686021,-0.14627049026021016,0.04550532884055921,0.026366969957128464,0.0,0.0,0.0,1.0,0.0,0.0,0.0,0.0,0.0,0.0,0.0,0.0,0.0,0.051,-0.453,1.078,0.999,-0.049,-0.005,-0.006,0.011,-0.06,-0.037,0.2,0.0,0.0,0.0,0.0,1.2,1.0,0.0,0.0,0.0,25.487403570275934,0.9877287819597925,0.0895545378244248,135.58654131861607,159.30224704934824,0.5,0.0022,0.0021,0.0124,0.01
644,1763002647.5809698,-0.08035463260677285,-0.054593287827714325,0.4077549162660294,-0.005964832795174798,-0.265826761884743,-0.4900279380046893,0.036582669623857964,0.07494950842800502,0.0,0.0,0.0,1.0,0.0,0.0,0.0,0.0,0.0,0.0,0.0,0.0,0.0,0.052,-0.456,1.077,0.999,-0.043,-0.0,-0.005,0.016,-0.076,-0.017,0.2,0.3,0.1,0.0,0.0,1.2,1.0,0.0,0.0,0.0,25.481439872064918,0.9877455202953254,0.09403751189360465,134.91339884858317,159.29062219344198,0.5,0.0021,0.0048,0.0092,0.0114
645,1763002647.6110334,-0.029551147137102052,-0.04152060930496132,0.40579203885877535,-0.0012482800505437836,0.49999939143603056,0.12526745644475856,0.021146717554063114,0.04656904416679265,0.0,0.0,0.0,1.0,0.0,0.0,0.0,0.0,0.0,0.0,0.0,0.0,0.0,0.052,-0.459,1.077,0.999,-0.049,-0.0,-0.002,0.026,-0.104,-0.001,-0.3,0.0,0.2,0.0,0.0,1.2,1.0,0.0,0.0,0.0,25.47607200724531,0.9877580337373142,0.08981565924465869,135.57765595177392,159.31179260787644,0.5,0.0022,0.0022,0.0104,0.0095
646,1763002647.6496704,-0.01951332160300428,-0.004521562862027435,0.407150360912343,0.010417579158816416,0.09742314062726759,0.3658384034988428,0.05416242442155453,0.11653376408854761,0.0,0.0,0.0,1.0,0.0,0.0,0.0,0.0,0.0,0.0,0.0,0.0,0.0,0.054,-0.464,1.077,0.999,-0.053,-0.003,0.001,0.032,-0.141,-0.016,-0.2,-0.2,0.2,0.0,0.0,1.2,1.0,0.0,0.0,0.0,25.46999290975652,0.9877742466365251,0.08786781752134748,136.38171678648138,159.3257168498178,0.5,0.002,0.0061,0.0096,0.0118
647,1763002647.6803894,-0.014598575503648424,0.014879223164882369,0.4080130684768848,0.013225359184472367,0.04719612883325808,0.1935557039828953,0.04934211173665285,0.029119558172441155,0.0,0.0,0.0,1.0,0.0,0.0,0.0,0.0,0.0,0.0,0.0,0.0,0.0,0.054,-0.468,1.076,0.998,-0.056,-0.006,0.003,0.028,-0.15,-0.014,-0.2,-0.2,0.1,0.0,0.0,1.2,1.0,0.0,0.0,0.0,25.46396492368454,0.9877909880728012,0.08885651985999242,137.17340796823206,159.34163484334087,0.5,0.0022,0.0021,0.0119,0.0109
648,1763002647.7128956,-0.026493263298429715,0.025249716601708837,0.4087567271390496,0.0031264551706824927,-0.12040673549817776,0.10519285668475292,0.048237893469336456,-0.09966650421945152,0.0,0.0,0.0,1.0,0.0,0.0,0.0,0.0,0.0,0.0,0.0,0.0,0.0,0.054,-0.474,1.076,0.998,-0.056,-0.009,0.002,0.004,-0.145,-0.017,-0.1,-0.1,-0.1,0.0,0.0,1.2,1.0,0.0,0.0,0.0,25.457773448415576,0.9878092920715202,0.08917538455561506,137.36686548788518,159.34471722987823,0.5,0.0022,0.002,0.0119,0.0098
649,1763002647.7495852,-0.019647837631050248,0.018897061385939648,0.4080707043575124,-0.003685389136687452,0.06580493034395168,-0.061001580497521,0.03401544489853227,-0.0678057975566312,0.0,0.0,0.0,1.0,0.0,0.0,0.0,0.0,0.0,0.0,0.0,0.0,0.0,0.054,-0.477,1.076,0.998,-0.058,-0.009,0.0,-0.01,-0.139,0.009,-0.1,-0.0,-0.1,0.0,0.0,1.2,1.0,0.0,0.0,0.0,25.45265239827382,0.9878255934407251,0.08902535131967963,137.45319090717436,159.3439666284577,0.5,0.0023,0.0054,0.01,0.0118
650,1763002647.7796166,-0.021686341432590746,0.0011884099812524383,0.40777208491147693,-0.007954918384714802,-0.022349821778509915,-0.17519680790827816,0.03782087597539614,-0.043063831393942244,0.0,0.0,0.0,1.0,0.0,0.0,0.0,0.0,0.0,0.0,0.0,0.0,0.0,0.054,-0.482,1.076,0.998,-0.058,-0.008,-0.001,-0.01,-0.141,0.011,-0.1,0.1,-0.1,0.0,0.0,1.2,1.0,0.0,0.0,0.0,25.44748346241583,0.9878446843107356,0.08808649756879613,137.53846313399254,159.3397192971684,0.5,0.0021,0.0021,0.0117,0.0104
651,1763002647.8104942,-0.05502855202792347,-0.04416851533246188,0.4074531804403198,-0.011299173442970057,-0.3355907400965862,-0.45345041213901793,0.03758816377957698,-0.034238042421024045,0.0,0.0,0.0,1.0,0.0,0.0,0.0,0.0,0.0,0.0,0.0,0.0,0.0,0.053,-0.487,1.077,0.998,-0.056,-0.002,-0.003,-0.015,-0.14,0.017,0.1,0.3,-0.1,0.0,0.0,1.2,1.0,0.0,0.0,0.0,25.44247214426871,0.9878675223284602,0.08600347843575966,137.05743607305504,159.33080598944915,0.5,0.0025,0.0015,0.0094,0.0098
652,1763002647.8503463,-0.06409826298557728,-0.05127584196173732,0.4068278135979652,-0.008343319729439932,-0.09619996477933024,-0.07549011782600062,0.03449164962048555,0.02842861979100423,0.0,0.0,0.0,1.0,0.0,0.0,0.0,0.0,0.0,0.0,0.0,0.0,0.0,0.053,-0.492,1.078,0.999,-0.054,0.0,-0.003,-0.01,-0.154,0.023,0.1,0.2,-0.0,0.0,0.0,1.2,1.0,0.0,0.0,0.0,25.43760157790614,0.9878957448918035,0.09048721261396916,136.26752449279346,159.3113470869897,0.5,0.0024,0.0021,0.0135,0.0108
653,1763002647.886963,-0.06107443377112788,-0.04716665332341803,0.4056209941528583,-0.0065500240000438085,0.023828465845936175,0.03596430218701914,0.02861458690872825,0.017098625321017254,0.0,0.0,0.0,1.0,0.0,0.0,0.0,0.0,0.0,0.0,0.0,0.0,0.0,0.053,-0.497,1.079,0.999,-0.053,0.0,-0.003,0.007,-0.175,0.048,0.0,0.1,0.0,0.0,0.0,1.2,1.0,0.0,0.0,0.0,25.43368576012207,0.9879231289385535,0.09479222589196883,135.54901410151106,159.29076759871535,0.5,0.0021,0.002,0.0163,0.013
654,1763002647.903525,-0.06565545698055612,0.0009615791239532198,0.40436457203956816,0.00013309119628330916,-0.0519176754713952,0.4765656591413706,0.02799787828238454,0.0661761495632668,0.0,0.0,0.0,1.0,0.0,0.0,0.0,0.0,0.0,0.0,0.0,0.0,0.0,0.054,-0.501,1.081,0.999,-0.053,-0.004,-0.002,0.026,-0.192,0.067,-0.0,-0.3,0.1,0.0,0.0,1.2,1.0,0.0,0.0,0.0,25.430431302338672,0.9879485779311058,0.09233179827136591,135.44219382398884,159.28242405554593,0.5,0.0024,0.0023,0.0061,0.0047
655,1763002647.937409,-0.01535451699369314,0.03440000637939574,0.40264190648286075,0.00842829684684147,0.49644385417057413,0.33448043046682047,0.023209801636882743,0.08296536562520992,0.0,0.0,0.0,1.0,0.0,0.0,0.0,0.0,0.0,0.0,0.0,0.0,0.0,0.056,-0.512,1.085,0.998,-0.061,-0.008,0.002,0.031,-0.224,0.09,-0.3,-0.3,0.1,0.0,0.0,1.2,1.0,0.0,0.0,0.0,25.428002271408893,0.9879690196041874,0.09068314970188197,136.70289650391229,159.32075241894924,0.5,0.0013,0.0015,0.0099,0.0043
656,1763002647.977482,-0.023171623766832405,0.01447052796520576,0.40071520006924005,0.01141447398570715,-0.0797065194307619,-0.19585478350396018,0.02099712651207814,0.030704601073340918,0.0,0.0,0.0,1.0,0.0,0.0,0.0,0.0,0.0,0.0,0.0,0.0,0.0,0.056,-0.519,1.087,0.998,-0.063,-0.008,0.002,0.034,-0.335,0.151,-0.5,-0.1,0.1,0.0,0.0,1.2,1.0,0.0,0.0,0.0,25.42789732411563,0.9879679848203521,0.09554162856963493,138.5536846220871,159.37379468948237,0.5,0.0016,0.0015,0.0097,0.0113
657,1763002648.0132322,-0.025025024829146106,0.01825075811963984,0.40103080996563434,0.006952562776254151,-0.02085117299982031,0.03924935434086135,0.04322761897086775,-0.04347766469595927,0.0,0.0,0.0,1.0,0.0,0.0,0.0,0.0,0.0,0.0,0.0,0.0,0.0,0.057,-0.526,1.09,0.998,-0.066,-0.009,0.002,0.021,-0.246,0.102,-0.2,-0.1,-0.0,0.0,0.0,1.2,1.0,0.0,0.0,0.0,25.42546804696753,0.9879985434243637,0.098082992010749,139.01776345368285,159.38651078544558,0.5,0.0023,0.0021,0.0121,0.0101
658,1763002648.0385866,-0.0300727976692685,-0.007610677796169425,0.40089988995984005,-0.0019753355152752885,-0.05298023088413856,-0.25678928334612866,0.03879388093862046,-0.08858372663766897,0.0,0.0,0.0,1.0,0.0,0.0,0.0,0.0,0.0,0.0,0.0,0.0,0.0,0.057,-0.533,1.094,0.998,-0.067,-0.007,0.0,0.0,-0.226,0.096,-0.1,0.1,-0.1,0.0,0.0,1.2,1.0,0.0,0.0,0.0,25.42272953850873,0.9880396173175389,0.09698866749942212,139.02770641471176,159.38066583997568,0.5,0.0021,0.0028,0.009,0.0045
659,1763002648.082919,-0.05896134159684534,-0.03879698293780002,0.40119836990855645,-0.00819248709067082,-0.2918927190426951,-0.31262411919592287,0.04307478848314724,-0.062369049305482836,0.0,0.0,0.0,1.0,0.0,0.0,0.0,0.0,0.0,0.0,0.0,0.0,0.0,0.057,-0.54,1.096,0.998,-0.065,-0.004,-0.002,0.003,-0.208,0.082,0.1,0.2,-0.1,0.0,0.0,1.2,1.0,0.0,0.0,0.0,25.419356345016666,0.988099053522935,0.09485763213260766,138.2213035746289,159.36648265669086,0.5,0.0021,0.002,0.0155,0.0098
660,1763002648.1197805,-0.008978788869102049,0.0040232097024597915,0.40077633590419287,-0.012842157508527128,0.49392939311774825,0.4243222281088181,0.035899496947219084,-0.047315952887630165,0.0,0.0,0.0,1.0,0.0,0.0,0.0,0.0,0.0,0.0,0.0,0.0,0.0,0.057,-0.548,1.099,0.998,-0.068,-0.007,-0.003,-0.0,-0.212,0.081,-0.2,-0.1,-0.1,0.0,0.0,1.2,1.0,0.0,0.0,0.0,25.41595257096222,0.9881635827954343,0.09447783453561749,138.6153389793869,159.3755722423856,0.5,0.0021,0.0052,0.0096,0.0157
661,1763002648.1518097,-0.01585025654818365,0.014842967576643027,0.4011318146219576,-0.014048921834737825,-0.06961255567772623,0.1085998997120784,0.04363242076806634,-0.01335185901295969,0.0,0.0,0.0,1.0,0.0,0.0,0.0,0.0,0.0,0.0,0.0,0.0,0.0,0.057,-0.548,1.099,0.998,-0.068,-0.007,-0.003,-0.0,-0.212,0.081,-0.2,-0.1,-0.1,0.0,0.0,1.2,1.0,0.0,0.0,0.0,25.412558322908506,0.988232904603036,0.09640637368671859,139.07815113983744,159.3889949467262,0.5,0.0022,0.0021,0.017,0.0099
662,1763002648.1806731,-0.022933787880028284,-0.022868875294671288,0.4014132357850132,-0.01620534631484922,-0.07242033897326472,-0.3756341319554788,0.042927393092751044,-0.02296913698458774,0.0,0.0,0.0,1.0,0.0,0.0,0.0,0.0,0.0,0.0,0.0,0.0,0.0,0.057,-0.558,1.103,0.998,-0.069,-0.003,-0.005,0.0,-0.199,0.072,-0.1,0.1,-0.1,0.0,0.0,1.2,1.0,0.0,0.0,0.0,25.40882418022534,0.9883156385252482,0.09689506947907325,139.06917648645955,159.38901665093707,0.5,0.0033,0.0021,0.0114,0.0105
663,1763002648.2103813,-0.017944453908869493,-0.05550682549203416,0.4017464159916186,-0.011244293803436604,0.047599960923585205,-0.32866638950309585,0.043473125644555,0.047989990482641215,0.0,0.0,0.0,1.0,0.0,0.0,0.0,0.0,0.0,0.0,0.0,0.0,0.0,0.057,-0.565,1.106,0.997,-0.072,-0.001,-0.004,0.011,-0.166,0.055,-0.0,0.2,0.0,0.0,0.0,1.2,1.0,0.0,0.0,0.0,25.40445350482698,0.9884191021455087,0.09722701374256396,138.69526638286996,159.38421411008687,0.5,0.0014,0.0015,0.0097,0.0111
664,1763002648.241172,-0.02134548211433087,-0.06308258766171407,0.40264495250583593,-0.0022846699419498562,-0.03580472744550073,-0.0813083042460025,0.04916000674133478,0.08847180923452383,0.0,0.0,0.0,1.0,0.0,0.0,0.0,0.0,0.0,0.0,0.0,0.0,0.0,0.058,-0.57,1.107,0.997,-0.071,0.001,-0.003,0.031,-0.163,0.036,0.0,0.1,0.1,0.0,0.0,1.2,1.0,0.0,0.0,0.0,25.399364239759215,0.988543856813398,0.09872849464996822,138.32719958117744,159.3718440307521,0.5,0.0015,0.0014,0.009,0.0091
665,1763002648.278868,-0.03228303337044742,-0.04557289445118998,0.403114948075111,0.011507267367898241,-0.11151006077259845,0.16878867333906952,0.04496445094333432,0.137690906104286,0.0,0.0,0.0,1.0,0.0,0.0,0.0,0.0,0.0,0.0,0.0,0.0,0.0,0.06,-0.576,1.108,0.998,-0.07,-0.002,0.001,0.045,-0.14,0.034,0.1,-0.0,0.2,0.0,0.0,1.2,1.0,0.0,0.0,0.0,25.394337376376093,0.9886687530600811,0.0992266413517297,137.7954734958232,159.35867484758418,0.5,0.0024,0.0022,0.0098,0.0107
666,1763002648.313512,-0.07000554770042622,0.004252141375642962,0.4029659096911854,0.007095297913075938,-0.3804534466368326,0.4936930688232104,0.038821110968255204,-0.04296896781143318,0.0,0.0,0.0,1.0,0.0,0.0,0.0,0.0,0.0,0.0,0.0,0.0,0.0,0.061,-0.58,1.11,0.998,-0.066,-0.009,0.002,0.037,-0.138,0.043,0.3,-0.3,0.0,0.0,0.0,1.2,1.0,0.0,0.0,0.0,25.389805680769317,0.9887802258956014,0.09569611538194336,137.26760332203017,159.3708613840807,0.5,0.0017,0.002,0.0124,0.0103
667,1763002648.352629,-0.019305883587461256,0.020547915462297055,0.3992254435032339,0.01721889093233294,0.4999960863596071,0.1633829550041052,0.00289192908960289,0.10194545998387763,0.0,0.0,0.0,1.0,0.0,0.0,0.0,0.0,0.0,0.0,0.0,0.0,0.0,0.062,-0.583,1.111,0.998,-0.069,-0.009,0.0,0.037,-0.117,0.051,-0.2,-0.2,-0.1,0.0,0.0,1.2,1.0,0.0,0.0,0.0,25.385700902795634,0.9888786849978329,0.09471613109497107,137.96904913668186,159.39180397923016,0.5,0.005,0.002,0.0101,0.0152
668,1763002648.3789594,0.009281134513920743,0.02377474068372434,0.4004633128244701,0.003425142551790817,0.28393959265507385,0.034323043760502575,0.05230123756268562,-0.13621559471218794,0.0,0.0,0.0,1.0,0.0,0.0,0.0,0.0,0.0,0.0,0.0,0.0,0.0,0.062,-0.583,1.111,0.998,-0.069,-0.009,0.0,0.037,-0.117,0.051,-0.2,-0.2,-0.1,0.0,0.0,1.2,1.0,0.0,0.0,0.0,25.38175742019869,0.9889716618240069,0.09665765559903741,138.7200613716631,159.41360978366095,0.5,0.0023,0.0021,0.0114,0.0098
669,1763002648.4199624,0.04370694955490002,0.020787217338716,0.40048328643909314,0.0020640895386256058,0.3451862638611849,-0.027497759381710923,0.04024606742867777,-0.013268015876473041,0.0,0.0,0.0,1.0,0.0,0.0,0.0,0.0,0.0,0.0,0.0,0.0,0.0,0.064,-0.588,1.114,0.997,-0.079,-0.011,-0.0,0.029,-0.067,0.052,-0.1,-0.1,-0.0,0.0,0.0,1.2,1.0,0.0,0.0,0.0,25.378024793582362,0.98905942864751,0.09907719328842668,139.05267253204315,159.4269407317175,0.5,0.0023,0.0081,0.0101,0.0128
670,1763002648.4471498,0.020919510065076592,-0.02834747590553185,0.4013511531939582,0.0016425493225002068,-0.22350369994274422,-0.4892682107086069,0.04872699619255953,-0.004008993207391421,0.0,0.0,0.0,1.0,0.0,0.0,0.0,0.0,0.0,0.0,0.0,0.0,0.0,0.065,-0.589,1.115,0.997,-0.078,-0.007,-0.001,0.023,-0.05,0.035,0.1,0.3,-0.0,0.0,0.0,1.2,1.0,0.0,0.0,0.0,25.373662126542616,0.9891599841778179,0.09286875233111766,138.8503472022708,159.40557637344963,0.5,0.0022,0.0021,0.0108,0.0109
671,1763002648.4818625,0.06573064518148375,-0.012459175235130491,0.40052037900504217,-0.0025361932351002964,0.4502033021705794,0.15604825911346037,0.03182737343023595,-0.04162317064375501,0.0,0.0,0.0,1.0,0.0,0.0,0.0,0.0,0.0,0.0,0.0,0.0,0.0,0.066,-0.589,1.117,0.997,-0.079,-0.008,-0.002,0.021,-0.005,0.045,-0.1,0.0,-0.0,0.0,0.0,1.2,1.0,0.0,0.0,0.0,25.369893879613354,0.9892444783964093,0.09502801512044494,139.0275160262025,159.41222674610106,0.5,0.0022,0.0032,0.0127,0.0104
672,1763002648.5109117,0.06262573784992295,0.012832688812751063,0.4005012663821659,-0.0023931459959605347,-0.024476008797459536,0.25167272295530246,0.039860911671740856,0.00117685306788759,0.0,0.0,0.0,1.0,0.0,0.0,0.0,0.0,0.0,0.0,0.0,0.0,0.0,0.066,-0.589,1.118,0.997,-0.078,-0.01,-0.001,0.017,0.026,0.036,0.0,-0.1,0.0,0.0,0.0,1.2,1.0,0.0,0.0,0.0,25.365865266162675,0.9893318228490886,0.09689496727639274,139.17193793863672,159.4122832080474,0.5,0.0022,0.0025,0.0091,0.0103
673,1763002648.5485961,0.09202456572409326,0.0006628557218287309,0.4002521084374742,0.005146849733735537,0.30025085252669553,-0.12041506202794819,0.03755854719129996,0.07516064269736467,0.0,0.0,0.0,1.0,0.0,0.0,0.0,0.0,0.0,0.0,0.0,0.0,0.0,0.067,-0.587,1.119,0.997,-0.079,-0.008,0.0,0.009,0.056,0.031,-0.1,0.0,0.1,0.0,0.0,1.2,1.0,0.0,0.0,0.0,25.36176830284957,0.9894175347101397,0.1015598978919331,138.94869379586643,159.39765865709433,0.5,0.0022,0.0024,0.0134,0.0104
674,1763002648.5819647,0.09895892082111063,0.04252648577795163,0.39946487032328337,0.0024383297895567025,0.07854600754258312,0.41870258613341177,0.03215282970183861,-0.026570514468414786,0.0,0.0,0.0,1.0,0.0,0.0,0.0,0.0,0.0,0.0,0.0,0.0,0.0,0.067,-0.583,1.12,0.997,-0.078,-0.012,0.001,0.002,0.097,0.042,0.0,-0.2,-0.0,0.0,0.0,1.2,1.0,0.0,0.0,0.0,25.358308027344584,0.9894864115570131,0.10603461449715439,138.79643092089472,159.37345078051393,0.5,0.0024,0.0021,0.0127,0.0111
675,1763002648.6131132,0.06947842834569692,0.034242849439301656,0.39992877854282577,0.002393273370907751,-0.2849090326720258,-0.07858371480870449,0.04458556922775301,-0.00020673120753384074,0.0,0.0,0.0,1.0,0.0,0.0,0.0,0.0,0.0,0.0,0.0,0.0,0.0,0.066,-0.578,1.121,0.997,-0.074,-0.013,0.001,-0.014,0.154,0.01,0.3,-0.0,0.0,0.0,0.0,1.2,1.0,0.0,0.0,0.0,25.35368470815953,0.9895712956035824,0.10301230756231464,139.5988008965449,159.42866899430243,0.5,0.0023,0.0021,0.0116,0.0102
676,1763002648.6444793,0.05105465848133968,-0.014390630885790526,0.40081787030171306,0.0019369330743597424,-0.17728985580900275,-0.48291051830699155,0.048883795443154715,-0.004324075628389317,0.0,0.0,0.0,1.0,0.0,0.0,0.0,0.0,0.0,0.0,0.0,0.0,0.0,0.066,-0.573,1.12,0.998,-0.068,-0.007,-0.0,-0.023,0.174,-0.013,0.3,0.3,-0.0,0.0,0.0,1.2,1.0,0.0,0.0,0.0,25.34828003504965,0.9896606649481594,0.0983317415086296,140.72933727392532,159.47351315748273,0.5,0.0024,0.0021,0.0098,0.0099
677,1763002648.6919312,0.0474722806870232,-0.008607176676813537,0.4003497350472395,-0.007372259879273063,-0.03071831209503073,0.05639547900119085,0.035400434485435395,-0.09289823622889207,0.0,0.0,0.0,1.0,0.0,0.0,0.0,0.0,0.0,0.0,0.0,0.0,0.0,0.064,-0.566,1.12,0.998,-0.064,-0.006,-0.002,-0.032,0.204,0.003,0.3,0.1,-0.1,0.0,0.0,1.2,1.0,0.0,0.0,0.0,25.343798008385587,0.9897259205314112,0.09796973880091628,141.8209943977573,159.516183090645,0.5,0.0024,0.002,0.0172,0.0166
678,1763002648.716846,0.04639733780682253,-0.0074451863320583005,0.40007513906153824,-0.01090154524896892,-0.00600220073330443,0.010759185779871006,0.03728901364771189,-0.03603007968488588,0.0,0.0,0.0,1.0,0.0,0.0,0.0,0.0,0.0,0.0,0.0,0.0,0.0,0.064,-0.566,1.12,0.998,-0.064,-0.006,-0.002,-0.032,0.204,0.003,0.3,0.1,-0.1,0.0,0.0,1.2,1.0,0.0,0.0,0.0,25.339426983510457,0.989779544886115,0.09893171271154196,142.9007301855896,159.5545449679827,0.5,0.0022,0.002,0.015,0.0051
679,1763002648.7364113,0.09226486276785334,-1.6642371587859313e-05,0.39976676099423036,-0.007039640016994559,0.4633149833909904,0.07354092097149857,0.036923733233074726,0.03752889779484673,0.0,0.0,0.0,1.0,0.0,0.0,0.0,0.0,0.0,0.0,0.0,0.0,0.0,0.063,-0.551,1.121,0.998,-0.064,-0.004,-0.002,-0.033,0.258,-0.004,0.1,0.0,0.0,0.0,0.0,1.2,1.0,0.0,0.0,0.0,25.33497768635263,0.9898270380125926,0.09943138235724525,142.83067527901645,159.54867037366776,0.5,0.001,0.0015,0.0081,0.0057
680,1763002648.7769134,0.1003449136605924,0.00012433259429460008,0.3998144309002623,-0.01261043193188618,0.09002699520417562,0.0014080854216658167,0.0404533751597423,-0.05641188315061564,0.0,0.0,0.0,1.0,0.0,0.0,0.0,0.0,0.0,0.0,0.0,0.0,0.0,0.061,-0.543,1.12,0.998,-0.062,-0.003,-0.004,-0.035,0.251,-0.004,0.1,0.0,-0.1,0.0,0.0,1.2,1.0,0.0,0.0,0.0,25.330631732899946,0.9898639154198935,0.10059708137440913,142.42494772946839,159.5264415003585,0.5,0.0022,0.0019,0.01,0.0094
681,1763002648.800154,0.10701548248824755,0.023321164117712432,0.40037633438470493,-0.016772813764131318,0.07674017964261068,0.23198074849360772,0.04560047793445314,-0.04288486151563998,0.0,0.0,0.0,1.0,0.0,0.0,0.0,0.0,0.0,0.0,0.0,0.0,0.0,0.06,-0.533,1.12,0.998,-0.06,-0.005,-0.005,-0.042,0.271,-0.021,0.1,-0.1,-0.1,0.0,0.0,1.2,1.0,0.0,0.0,0.0,25.325723057365057,0.9898946906196087,0.10211638412181838,141.76957044044534,159.48466235225823,0.5,0.0009,0.001,0.0056,0.0061
682,1763002648.8478215,0.05610017758183361,-0.025696633515907622,0.4026641796258288,-0.01964500461524824,-0.49845150081531453,-0.48784585992442925,0.06291608584970866,-0.030399189887582362,0.0,0.0,0.0,1.0,0.0,0.0,0.0,0.0,0.0,0.0,0.0,0.0,0.0,0.059,-0.526,1.118,0.999,-0.051,-0.001,-0.007,-0.035,0.262,-0.056,0.6,0.3,-0.1,0.0,0.0,1.2,1.0,0.0,0.0,0.0,25.319472360579,0.9899121243371208,0.09804019117339563,144.5112400275202,159.69378612402105,0.5,0.0017,0.0015,0.0141,0.0105
683,1763002648.8792777,0.02424394425287929,-0.03221356870466088,0.4026665614116629,-0.022633165856155886,-0.3129523155313598,-0.06773901523912335,0.040290235820923975,-0.031846112870601254,0.0,0.0,0.0,1.0,0.0,0.0,0.0,0.0,0.0,0.0,0.0,0.0,0.0,0.058,-0.517,1.117,0.999,-0.045,0.001,-0.008,-0.033,0.268,-0.044,0.3,0.1,-0.1,0.0,0.0,1.2,1.0,0.0,0.0,0.0,25.313920081213023,0.9899167317814207,0.10016562578626523,145.2004458561532,159.74442832566484,0.5,0.0022,0.0019,0.0122,0.0095
684,1763002648.9166358,0.0603655148578621,-0.025906733255135414,0.4025396091283891,-0.018328297885579648,0.3636401004751161,0.059846997624788574,0.038997133308427884,0.040785363120146786,0.0,0.0,0.0,1.0,0.0,0.0,0.0,0.0,0.0,0.0,0.0,0.0,0.0,0.057,-0.509,1.115,0.999,-0.046,0.001,-0.008,-0.017,0.254,-0.034,-0.0,-0.0,0.0,0.0,0.0,1.2,1.0,0.0,0.0,0.0,25.308872992897683,0.9899117358302765,0.0984476808005053,144.0587303027942,159.6961683747325,0.5,0.0043,0.0021,0.012,0.0116
685,1763002648.9473186,0.06711828840563819,-0.0058366242531301925,0.40369715864923367,-0.015457127950588685,0.07356428696354717,0.1981104166945387,0.05182945612128484,0.026878869561351673,0.0,0.0,0.0,1.0,0.0,0.0,0.0,0.0,0.0,0.0,0.0,0.0,0.0,0.057,-0.5,1.113,0.999,-0.046,-0.001,-0.007,-0.013,0.244,-0.056,-0.0,-0.1,0.0,0.0,0.0,1.2,1.0,0.0,0.0,0.0,25.302966592708035,0.9898914454166212,0.09647470515314772,142.97707605340187,159.64903080732844,0.5,0.0021,0.0019,0.0132,0.0097
686,1763002648.9822392,0.03093970464505174,0.03588026575031181,0.40413058530508744,-0.008085153489581895,-0.3550740087653008,0.416585237609107,0.0447039824234605,0.07217403181500903,0.0,0.0,0.0,1.0,0.0,0.0,0.0,0.0,0.0,0.0,0.0,0.0,0.0,0.056,-0.492,1.112,0.999,-0.042,-0.005,-0.006,-0.008,0.243,-0.047,0.2,-0.3,0.1,0.0,0.0,1.2,1.0,0.0,0.0,0.0,25.297576121251563,0.9898576118199214,0.0955109433326516,143.57995761306717,159.65302766708817,0.5,0.0036,0.0028,0.0104,0.0115
687,1763002649.012455,0.06918461253554509,0.014303496077969505,0.4037201275669029,-0.002608334613875791,0.3855430493694386,-0.21217967014839176,0.036308481148663446,0.05395967340810288,0.0,0.0,0.0,1.0,0.0,0.0,0.0,0.0,0.0,0.0,0.0,0.0,0.0,0.056,-0.484,1.111,0.999,-0.043,-0.007,-0.005,-0.015,0.245,-0.034,-0.1,-0.0,0.1,0.0,0.0,1.2,1.0,0.0,0.0,0.0,25.292796732227476,0.9898202058100348,0.09256428271523927,142.22683396200853,159.60296254439228,0.5,0.0024,0.0022,0.0119,0.0091
688,1763002649.051214,0.028975369151636135,-0.034543960097144374,0.40490823217236743,-0.00032080884980900367,-0.39517397258553494,-0.48704421214334187,0.05225305881133595,0.0226144241792803,0.0,0.0,0.0,1.0,0.0,0.0,0.0,0.0,0.0,0.0,0.0,0.0,0.0,0.055,-0.477,1.109,0.999,-0.04,-0.002,-0.005,-0.022,0.238,-0.06,0.2,0.3,0.1,0.0,0.0,1.2,1.0,0.0,0.0,0.0,25.286944340136536,0.9897589587217338,0.09083577202773721,142.62303661646024,159.6099253773328,0.5,0.004,0.0022,0.0121,0.0126
689,1763002649.079876,0.06351629966085531,-0.03297355278083238,0.4046631655437522,0.00124865249030498,0.3483068420073555,0.012249677153405553,0.03804015693108419,0.015662532516158942,0.0,0.0,0.0,1.0,0.0,0.0,0.0,0.0,0.0,0.0,0.0,0.0,0.0,0.055,-0.472,1.108,0.999,-0.041,-0.001,-0.003,-0.013,0.239,-0.043,-0.1,0.1,0.1,0.0,0.0,1.2,1.0,0.0,0.0,0.0,25.281887343627886,0.9896995343116541,0.08941902296069272,141.4039855035644,159.57152397318615,0.5,0.0022,0.002,0.0123,0.0099
690,1763002649.1163454,0.032594522167741516,-0.013543647201316896,0.4043106597185792,0.0022786264908850667,-0.3028661449650524,0.1910017005170716,0.03694125830264538,0.010424605254831364,0.0,0.0,0.0,1.0,0.0,0.0,0.0,0.0,0.0,0.0,0.0,0.0,0.0,0.054,-0.462,1.107,0.999,-0.038,-0.002,-0.003,-0.02,0.253,-0.03,0.2,-0.0,0.1,0.0,0.0,1.2,1.0,0.0,0.0,0.0,25.27742018052574,0.9896363590582206,0.09056110481101454,141.7528518595157,159.58174379410664,0.5,0.0031,0.0019,0.0126,0.0106
691,1763002649.1464584,-0.010594758424761347,-0.058443262621864334,0.40573978762458707,-0.001563656871433867,-0.42863335370825456,-0.45035051892560607,0.05472234503193662,-0.03819497097410083,0.0,0.0,0.0,1.0,0.0,0.0,0.0,0.0,0.0,0.0,0.0,0.0,0.0,0.053,-0.454,1.105,0.999,-0.031,0.004,-0.003,-0.035,0.242,-0.071,0.3,0.3,0.0,0.0,0.0,1.2,1.0,0.0,0.0,0.0,25.27119128241477,0.989539219173543,0.09408369919332082,142.3584493090928,159.6115720705951,0.5,0.0022,0.0021,0.01,0.012
692,1763002649.1810324,0.035716056940690195,-0.00840123820039606,0.4050146627722155,-0.003829929436071327,0.4620486778120394,0.4945759179524963,0.03332273023874335,-0.022819091333517987,0.0,0.0,0.0,1.0,0.0,0.0,0.0,0.0,0.0,0.0,0.0,0.0,0.0,0.052,-0.447,1.104,0.999,-0.034,0.0,-0.002,-0.034,0.228,-0.034,-0.1,-0.3,0.0,0.0,0.0,1.2,1.0,0.0,0.0,0.0,25.266623405991552,0.9894630547798061,0.08718548665866249,141.98663250416996,159.59479567438484,0.5,0.0023,0.0023,0.013,0.01
693,1763002649.215027,0.015225701552477884,0.03944502430684369,0.40523129508674305,-0.00299401621247913,-0.2013319481880541,0.47762250125235794,0.042667789422497486,0.007976139292314836,0.0,0.0,0.0,1.0,0.0,0.0,0.0,0.0,0.0,0.0,0.0,0.0,0.0,0.051,-0.44,1.103,0.999,-0.033,-0.006,-0.001,-0.024,0.212,-0.041,0.1,-0.3,0.0,0.0,0.0,1.2,1.0,0.0,0.0,0.0,25.26173170126076,0.9893757346171732,0.08699458355307653,142.52882111268093,159.6070919136354,0.5,0.0022,0.0021,0.0117,0.0123
694,1763002649.2450316,0.005348830626857978,0.006293637079265439,0.40531165361016575,0.0029026937978863677,-0.09724613910095128,-0.3275693698450981,0.04132671474290132,0.05866769848240706,0.0,0.0,0.0,1.0,0.0,0.0,0.0,0.0,0.0,0.0,0.0,0.0,0.0,0.05,-0.434,1.101,1.0,-0.029,-0.002,-0.001,-0.029,0.194,-0.037,0.0,0.0,0.1,0.0,0.0,1.2,1.0,0.0,0.0,0.0,25.256994421985954,0.9892890369993355,0.08655383660478473,142.36558734052286,159.60385189470045,0.5,0.0015,0.0017,0.0118,0.0098
695,1763002649.2804718,-0.0032423334284442697,0.003894345643524708,0.40503666199520566,0.005930311901920782,-0.08537675749033663,-0.023363550649480758,0.03778124921141599,0.030566450420132778,0.0,0.0,0.0,1.0,0.0,0.0,0.0,0.0,0.0,0.0,0.0,0.0,0.0,0.05,-0.429,1.1,1.0,-0.03,-0.004,0.0,-0.023,0.16,-0.025,0.0,-0.0,0.1,0.0,0.0,1.2,1.0,0.0,0.0,0.0,25.25275549683363,0.9892105118391669,0.0862616685589075,142.32537580028216,159.60597344269553,0.5,0.0023,0.0024,0.0099,0.0118
696,1763002649.3130186,-0.031028041310316137,0.018706832198432007,0.4050666029573048,0.010320493948292788,-0.278181312161563,0.14851430011342548,0.04080307582051191,0.04449485165391214,0.0,0.0,0.0,1.0,0.0,0.0,0.0,0.0,0.0,0.0,0.0,0.0,0.0,0.049,-0.424,1.1,1.0,-0.028,-0.005,0.003,-0.021,0.132,-0.026,0.1,-0.1,0.1,0.0,0.0,1.2,1.0,0.0,0.0,0.0,25.248442090083085,0.9891287598426313,0.08842117428681118,142.63792511197184,159.61924914498945,0.5,0.0022,0.002,0.0109,0.0107
697,1763002649.3518612,-0.0376235843131594,0.011194291002463838,0.4053875454799794,0.012629506324161903,-0.06905823415946433,-0.07325472873983847,0.04371608552247683,0.024122173153520422,0.0,0.0,0.0,1.0,0.0,0.0,0.0,0.0,0.0,0.0,0.0,0.0,0.0,0.048,-0.421,1.099,1.0,-0.026,-0.004,0.003,-0.032,0.105,-0.032,0.0,-0.0,0.1,0.0,0.0,1.2,1.0,0.0,0.0,0.0,25.243845658982778,0.9890403448876393,0.08941259114948193,142.76187950674918,159.62999325161164,0.5,0.0023,0.0031,0.0143,0.0121
698,1763002649.3784742,-0.03082916808000277,0.04634700364990244,0.40545760749403,0.008360084416219486,0.06418180390025041,0.35264655557463237,0.041239374688503645,-0.041431268447007986,0.0,0.0,0.0,1.0,0.0,0.0,0.0,0.0,0.0,0.0,0.0,0.0,0.0,0.047,-0.42,1.098,1.0,-0.027,-0.007,0.003,-0.037,0.09,-0.025,-0.1,-0.2,0.0,0.0,0.0,1.2,1.0,0.0,0.0,0.0,25.239527031493974,0.9889563397396881,0.08966014777323306,142.76458796586098,159.640555140874,0.5,0.0022,0.0021,0.0098,0.0111
699,1763002649.4131804,0.002057620144910049,0.061294621080712916,0.40464799246752675,-0.0013193856341804956,0.3257849654411279,0.154110874673095,0.03244961048437019,-0.09595869206237786,0.0,0.0,0.0,1.0,0.0,0.0,0.0,0.0,0.0,0.0,0.0,0.0,0.0,0.044,-0.417,1.098,0.999,-0.032,-0.01,-0.0,-0.063,0.058,-0.0,-0.3,-0.1,-0.1,0.0,0.0,1.2,1.0,0.0,0.0,0.0,25.23625678251675,0.9888942308920188,0.0874399447289852,142.94720242167216,159.63598392024298,0.5,0.0024,0.0023,0.0122,0.0095
700,1763002649.4467466,-0.013024478199644519,0.012167209459167098,0.4048745557505283,-0.007056758183359997,-0.1506152214310546,-0.48514465410738683,0.04273043207676759,-0.05750566405521305,0.0,0.0,0.0,1.0,0.0,0.0,0.0,0.0,0.0,0.0,0.0,0.0,0.0,0.042,-0.415,1.098,0.999,-0.035,-0.005,-0.002,-0.057,0.042,-0.008,-0.1,0.3,-0.1,0.0,0.0,1.2,1.0,0.0,0.0,0.0,25.232533085837314,0.9888212749672912,0.08320639753996778,143.57530844145643,159.64869921390002,0.5,0.0024,0.0022,0.0103,0.0117
701,1763002649.479322,0.014848264691644544,-0.00831030231283824,0.40485819034673937,-0.005175091810168902,0.27742498109292624,-0.20355839677413667,0.0403238015371644,0.018110987913574947,0.0,0.0,0.0,1.0,0.0,0.0,0.0,0.0,0.0,0.0,0.0,0.0,0.0,0.04,-0.414,1.097,0.999,-0.038,-0.001,-0.001,-0.068,0.039,-0.006,-0.3,0.2,0.0,0.0,0.0,1.2,1.0,0.0,0.0,0.0,25.22880027700116,0.9887487121517657,0.0819202684073898,144.25183059350846,159.65382029422665,0.5,0.0022,0.002,0.0119,0.0098
702,1763002649.5174596,-0.029892895086957003,-0.02355473126659676,0.40505272055028674,0.00226807397726416,-0.4459267713168509,-0.153275319768869,0.04243112107014736,0.07391414869331372,0.0,0.0,0.0,1.0,0.0,0.0,0.0,0.0,0.0,0.0,0.0,0.0,0.0,0.038,-0.413,1.097,0.999,-0.036,0.003,0.0,-0.069,0.041,-0.004,0.1,0.2,0.1,0.0,0.0,1.2,1.0,0.0,0.0,0.0,25.22506253681219,0.9886775247657024,0.08238835728603355,144.53460117584214,159.66242339828975,0.5,0.0022,0.0055,0.0115,0.0111
703,1763002649.5474844,-0.06509780602173318,-0.0021029399135544906,0.40508439556320447,0.007507605472262425,-0.35503839885645744,0.212162440403763,0.04082202218420505,0.05262212234770906,0.0,0.0,0.0,1.0,0.0,0.0,0.0,0.0,0.0,0.0,0.0,0.0,0.0,0.036,-0.412,1.097,0.999,-0.033,0.003,0.002,-0.071,0.027,-0.007,0.2,0.0,0.1,0.0,0.0,1.2,1.0,0.0,0.0,0.0,25.221121727778,0.9886059482938706,0.08374906050331303,144.32888147519324,159.6647872080165,0.5,0.0022,0.0021,0.0128,0.01
704,1763002649.5802443,-0.05581654559849056,0.040422496187590126,0.40442185305153355,-0.0013600215769153092,0.08630282363025288,0.4250440670200907,0.03388301443961052,-0.0879255099445511,0.0,0.0,0.0,1.0,0.0,0.0,0.0,0.0,0.0,0.0,0.0,0.0,0.0,0.033,-0.412,1.097,1.0,-0.032,-0.001,0.0,-0.077,0.007,0.01,0.0,-0.2,-0.1,0.0,0.0,1.2,1.0,0.0,0.0,0.0,25.21785948533798,0.9885499422446045,0.08334038576332589,144.07451770302225,159.6512289389394,0.5,0.0023,0.0022,0.0104,0.0119
705,1763002649.6118474,-0.03150835254978144,0.022224836001257513,0.4045411097699385,-0.00700379168068681,0.23750027592724213,-0.1779343522445671,0.04163475248920283,-0.05657370319540654,0.0,0.0,0.0,1.0,0.0,0.0,0.0,0.0,0.0,0.0,0.0,0.0,0.0,0.03,-0.412,1.097,0.999,-0.033,0.001,-0.002,-0.081,-0.011,0.002,-0.2,0.0,-0.1,0.0,0.0,1.2,1.0,0.0,0.0,0.0,25.2141765323275,0.9884880886690909,0.08220329832899938,144.34786512839273,159.6596927068285,0.5,0.0023,0.002,0.0115,0.0093
706,1763002649.6494281,-0.02352252253254701,-0.026175310290228092,0.40461069107942,-0.005883378966077843,0.07670746491736619,-0.48177897931473024,0.04114992407180898,0.010503747978020991,0.0,0.0,0.0,1.0,0.0,0.0,0.0,0.0,0.0,0.0,0.0,0.0,0.0,0.028,-0.413,1.097,0.999,-0.037,0.006,-0.003,-0.073,-0.018,0.007,-0.2,0.3,-0.0,0.0,0.0,1.2,1.0,0.0,0.0,0.0,25.210647099637058,0.9884303967531759,0.08059112388008527,145.10375752525982,159.66848104777392,0.5,0.0023,0.0061,0.0101,0.0108
707,1763002649.6649988,-0.01786468494307667,-0.012729984941555507,0.4043687554762211,-0.000852503512555669,0.05422612364144874,0.13183572245770298,0.03804171307595266,0.04972041663861396,0.0,0.0,0.0,1.0,0.0,0.0,0.0,0.0,0.0,0.0,0.0,0.0,0.0,0.026,-0.414,1.098,0.999,-0.04,0.005,-0.002,-0.053,-0.028,0.015,-0.2,-0.0,0.1,0.0,0.0,1.2,1.0,0.0,0.0,0.0,25.207390160388233,0.9883811353820292,0.08052259208796912,145.56671033796624,159.6725086287616,0.5,0.001,0.001,0.0054,0.0042
708,1763002649.7083032,-0.03694557364671952,0.009211093741267593,0.40544810962068484,-0.002551250289728574,-0.1925953555307362,0.21813778833407546,0.05123041699225974,-0.017072718122984616,0.0,0.0,0.0,1.0,0.0,0.0,0.0,0.0,0.0,0.0,0.0,0.0,0.0,0.025,-0.415,1.098,0.999,-0.04,0.002,-0.002,-0.047,-0.03,-0.012,-0.0,-0.1,-0.0,0.0,0.0,1.2,1.0,0.0,0.0,0.0,25.202890803672574,0.9883179342749845,0.07926908276668175,145.33632187585584,159.66876349403483,0.5,0.0015,0.0015,0.0087,0.01
709,1763002649.7533462,-0.030871545603267332,-0.026603177816096293,0.406023327748502,-0.009147036984142532,0.05704572306984984,-0.35722160619951204,0.04629699224023993,-0.06621299197311242,0.0,0.0,0.0,1.0,0.0,0.0,0.0,0.0,0.0,0.0,0.0,0.0,0.0,0.023,-0.416,1.097,0.999,-0.041,0.005,-0.004,-0.052,-0.037,-0.012,-0.1,0.2,-0.1,0.0,0.0,1.2,1.0,0.0,0.0,0.0,25.198390136533213,0.9882577199314069,0.07956123323041076,145.45759642424866,159.67094896845256,0.5,0.0014,0.0016,0.0114,0.0185
710,1763002649.7785938,-0.03013013723651265,-0.03441416814258869,0.4064638297715039,-0.012682637370677256,0.0043269291072201566,-0.08077022104653364,0.04500735300486828,-0.036270707563761495,0.0,0.0,0.0,1.0,0.0,0.0,0.0,0.0,0.0,0.0,0.0,0.0,0.0,0.023,-0.416,1.097,0.999,-0.041,0.005,-0.004,-0.052,-0.037,-0.012,-0.1,0.2,-0.1,0.0,0.0,1.2,1.0,0.0,0.0,0.0,25.19387227988961,0.9882007628223163,0.08245801000178982,145.4738532034518,159.67907664195212,0.5,0.0024,0.0022,0.0112,0.0088
711,1763002649.818223,-0.06561113685419018,0.005990308338430596,0.4072527791559729,-0.01108025133115028,-0.3578230099004266,0.400603347995934,0.048535876821840275,0.01475559665820203,0.0,0.0,0.0,1.0,0.0,0.0,0.0,0.0,0.0,0.0,0.0,0.0,0.0,0.021,-0.419,1.096,0.999,-0.039,0.0,-0.005,-0.031,-0.058,-0.019,0.1,-0.1,0.0,0.0,0.0,1.2,1.0,0.0,0.0,0.0,25.189034343589682,0.988144706251811,0.08159932200437574,144.92666112347183,159.67945409725417,0.5,0.002,0.0061,0.0097,0.0136
712,1763002649.845675,-0.03289661972509401,0.03624478444485123,0.40630415071802173,-0.003379685739790734,0.32058405760554254,0.3031437918980494,0.03123899353608593,0.07589763078048042,0.0,0.0,0.0,1.0,0.0,0.0,0.0,0.0,0.0,0.0,0.0,0.0,0.0,0.02,-0.421,1.097,0.999,-0.043,-0.003,-0.003,-0.031,-0.064,0.01,-0.1,-0.2,0.1,0.0,0.0,1.2,1.0,0.0,0.0,0.0,25.18542169261159,0.9881040754562924,0.08148263923038038,145.09392372917242,159.67860430195864,0.5,0.0022,0.0021,0.0113,0.0096
713,1763002649.8752875,0.011550231845423642,0.016239854252185257,0.40664028212750547,0.0014418027542036586,0.4411788537326672,-0.19642482348217455,0.04399172916663942,0.047876916365964875,0.0,0.0,0.0,1.0,0.0,0.0,0.0,0.0,0.0,0.0,0.0,0.0,0.0,0.018,-0.423,1.096,0.999,-0.048,-0.001,-0.002,-0.036,-0.052,-0.006,-0.3,-0.0,0.1,0.0,0.0,1.2,1.0,0.0,0.0,0.0,25.18101282770543,0.9880556630489408,0.08174265425095792,145.9942077700766,159.6899058881065,0.5,0.0023,0.0025,0.0105,0.0062
714,1763002649.9084513,0.03659072389196532,0.03116015486380736,0.4069528644269353,0.004407922701257698,0.25155994364995915,0.1508269915414395,0.04378985120704888,0.02980537974596076,0.0,0.0,0.0,1.0,0.0,0.0,0.0,0.0,0.0,0.0,0.0,0.0,0.0,0.017,-0.424,1.096,0.999,-0.053,-0.003,-0.0,-0.038,-0.034,-0.006,-0.3,-0.1,0.1,0.0,0.0,1.2,1.0,0.0,0.0,0.0,25.17656172130328,0.9880103899228467,0.08706908967399318,146.86666423427297,159.7129299201742,0.5,0.002,0.0027,0.0092,0.0077
715,1763002649.946979,-0.012737398193977456,0.028438393121311144,0.40762852544171047,0.0014679755977400097,-0.48962214847023106,-0.02410160193858138,0.04745189659044432,-0.028958678765051114,0.0,0.0,0.0,1.0,0.0,0.0,0.0,0.0,0.0,0.0,0.0,0.0,0.0,0.015,-0.425,1.096,0.999,-0.049,-0.002,0.0,-0.059,-0.016,-0.014,0.2,0.0,0.0,0.0,0.0,1.2,1.0,0.0,0.0,0.0,25.17171442583178,0.9879666529646758,0.08251691602063277,146.41701642391274,159.69852764390208,0.5,0.0019,0.0042,0.0112,0.0096
716,1763002649.9789555,-0.0621750927712068,-0.0023456031082725627,0.40686320867300046,-0.00628549500102338,-0.49565068559169123,-0.30499612298370593,0.033109684857070124,-0.07738790842785989,0.0,0.0,0.0,1.0,0.0,0.0,0.0,0.0,0.0,0.0,0.0,0.0,0.0,0.013,-0.425,1.096,0.999,-0.042,0.002,-0.002,-0.073,-0.013,0.006,0.3,0.2,-0.1,0.0,0.0,1.2,1.0,0.0,0.0,0.0,25.167702665000387,0.9879328273502254,0.07782176879745491,146.12578736558044,159.68509088905722,0.5,0.0022,0.002,0.0094,0.0119
717,1763002650.021206,-0.0709745485282264,0.0094210481455398,0.40503527458385435,-0.009660137509764105,-0.09421206684731676,0.11743195222729635,0.022406979975839316,-0.034374974587509606,0.0,0.0,0.0,1.0,0.0,0.0,0.0,0.0,0.0,0.0,0.0,0.0,0.0,0.01,-0.426,1.097,0.999,-0.04,0.003,-0.002,-0.097,-0.038,0.039,0.2,0.1,-0.1,0.0,0.0,1.2,1.0,0.0,0.0,0.0,25.165047465173952,0.9879136153036503,0.08180491968764633,145.67809056724622,159.6620563305901,0.5,0.0022,0.0021,0.0134,0.0166
718,1763002650.0516098,-0.07143170651594793,0.011378243401935797,0.404120910802776,-0.011210154957299635,-0.011669034730037942,0.020514057378513934,0.031359889647602945,-0.016466188226331713,0.0,0.0,0.0,1.0,0.0,0.0,0.0,0.0,0.0,0.0,0.0,0.0,0.0,0.01,-0.426,1.097,0.999,-0.04,0.003,-0.002,-0.097,-0.038,0.039,0.2,0.1,-0.1,0.0,0.0,1.2,1.0,0.0,0.0,0.0,25.162250995710615,0.9878976545847185,0.0882157815814315,144.86520810213915,159.6186026486925,0.5,0.0023,0.0021,0.0097,0.0156
719,1763002650.0899167,-0.020904476249812454,-0.03537861395411884,0.4028762117542884,-0.008034283921079124,0.49812913200976006,-0.4664307492203529,0.02796510059540115,0.03063769486647512,0.0,0.0,0.0,1.0,0.0,0.0,0.0,0.0,0.0,0.0,0.0,0.0,0.0,0.006,-0.429,1.099,0.999,-0.047,0.01,-0.003,-0.078,-0.059,0.049,-0.2,0.3,0.0,0.0,0.0,1.2,1.0,0.0,0.0,0.0,25.159822956274557,0.9878830943149534,0.08744280193468745,145.49739032026676,159.62915650573453,0.5,0.0022,0.0021,0.0161,0.0159
720,1763002650.1228046,-0.03082052317622852,0.007789280137279628,0.40276953288605555,-0.001968472755495951,-0.10125091688914178,0.42814107951857283,0.03922083249310043,0.0598546832637238,0.0,0.0,0.0,1.0,0.0,0.0,0.0,0.0,0.0,0.0,0.0,0.0,0.0,0.003,-0.431,1.101,0.999,-0.047,0.006,-0.002,-0.074,-0.055,0.049,0.0,-0.1,0.1,0.0,0.0,1.2,1.0,0.0,0.0,0.0,25.157326942866195,0.9878736855941598,0.08630983790214386,145.14441221609354,159.61496917211255,0.5,0.0023,0.0021,0.0161,0.0109
721,1763002650.1572158,-0.02353154900326756,0.034726152416892454,0.4027783587809802,-0.0030609348906544672,0.06980768941198678,0.27014765080985625,0.04036521223785138,-0.011121468627134767,0.0,0.0,0.0,1.0,0.0,0.0,0.0,0.0,0.0,0.0,0.0,0.0,0.0,0.001,-0.433,1.103,0.999,-0.048,0.003,-0.002,-0.088,-0.072,0.041,-0.1,-0.1,-0.0,0.0,0.0,1.2,1.0,0.0,0.0,0.0,25.154445030867816,0.9878653306338342,0.08596784959774931,145.11927234221642,159.61912245185158,0.5,0.0022,0.0024,0.0181,0.0106
722,1763002650.1847105,-0.0653144427757665,-0.012236331791007214,0.40320845991848775,-0.008854704467387058,-0.4201820926253163,-0.46615222683730745,0.04457884725317468,-0.05824378925639134,0.0,0.0,0.0,1.0,0.0,0.0,0.0,0.0,0.0,0.0,0.0,0.0,0.0,-0.002,-0.436,1.104,0.999,-0.046,0.006,-0.003,-0.082,-0.077,0.035,0.2,0.3,-0.1,0.0,0.0,1.2,1.0,0.0,0.0,0.0,25.151283810110176,0.987861648819803,0.08334572786420895,144.24290518454913,159.5990458575713,0.5,0.0021,0.002,0.0096,0.0125
723,1763002650.213334,-0.07527563092334268,-0.05317390387787929,0.40275384327854785,-0.008365062319444849,-0.1061433257533384,-0.4105993540478215,0.0357746795924495,0.0040109510326833825,0.0,0.0,0.0,1.0,0.0,0.0,0.0,0.0,0.0,0.0,0.0,0.0,0.0,-0.005,-0.439,1.106,0.999,-0.045,0.01,-0.004,-0.071,-0.092,0.044,0.2,0.4,0.0,0.0,0.0,1.2,1.0,0.0,0.0,0.0,25.148507398769592,0.9878619406420042,0.08837215015880406,143.26599770713466,159.56722790738004,0.5,0.0022,0.0021,0.0114,0.0109
724,1763002650.2484064,-0.08333761992267488,-0.0035185221464023933,0.4011072353486453,-0.002611799620922892,-0.08814745308565619,0.491236426926981,0.02380930502882938,0.056696120753275084,0.0,0.0,0.0,1.0,0.0,0.0,0.0,0.0,0.0,0.0,0.0,0.0,0.0,-0.007,-0.443,1.11,0.999,-0.044,0.004,-0.003,-0.063,-0.11,0.08,0.2,-0.2,0.1,0.0,0.0,1.2,1.0,0.0,0.0,0.0,25.147233442607384,0.9878637579931148,0.08975228515106912,141.80420539659295,159.5044481035615,0.5,0.0022,0.0032,0.0118,0.0112
725,1763002650.2859395,-0.0325084836763315,0.0250520722648858,0.39882922558592565,0.005775266975232256,0.49995760047116644,0.2853540918982417,0.017330625907668172,0.0836094859994592,0.0,0.0,0.0,1.0,0.0,0.0,0.0,0.0,0.0,0.0,0.0,0.0,0.0,-0.009,-0.448,1.113,0.999,-0.048,0.004,-0.001,-0.064,-0.121,0.095,-0.3,-0.1,0.1,0.0,0.0,1.2,1.0,0.0,0.0,0.0,25.146495449977106,0.9878595715598589,0.08735025918328161,142.52159267556672,159.54279850108335,0.5,0.0017,0.0047,0.0163,0.0099
726,1763002650.3138175,0.014288436489008315,0.01712668654528427,0.3977890963923261,0.0077325959168628965,0.46471835328576505,-0.07674864996952667,0.029481630622598103,0.020150816113829635,0.0,0.0,0.0,1.0,0.0,0.0,0.0,0.0,0.0,0.0,0.0,0.0,0.0,-0.01,-0.45,1.115,0.999,-0.052,0.004,-0.0,-0.058,-0.138,0.11,-0.5,-0.0,0.1,0.0,0.0,1.2,1.0,0.0,0.0,0.0,25.146303226352927,0.9878509038563867,0.08826920177774186,144.42531873769326,159.61547136610926,0.5,0.0023,0.002,0.0123,0.0102
727,1763002650.3513017,-0.01024886648826763,-0.00598376988626775,0.3975097631851984,0.01068288846788988,-0.2439441861238586,-0.22939189566099175,0.036985577567954786,0.03027618510195611,0.0,0.0,0.0,1.0,0.0,0.0,0.0,0.0,0.0,0.0,0.0,0.0,0.0,-0.013,-0.457,1.12,0.998,-0.056,0.008,0.002,-0.063,-0.142,0.104,-0.2,0.1,0.1,0.0,0.0,1.2,1.0,0.0,0.0,0.0,25.14575851294057,0.9878475707950906,0.09097461011498845,144.9708858965835,159.63660325144025,0.5,0.0021,0.0019,0.0097,0.0175
728,1763002650.3799338,-0.004664402820036197,0.00028093231436024726,0.3969784980796698,0.0125212417345619,0.05481975003348766,0.06204864501765314,0.03443832526323412,0.01945182151350921,0.0,0.0,0.0,1.0,0.0,0.0,0.0,0.0,0.0,0.0,0.0,0.0,0.0,-0.015,-0.46,1.122,0.998,-0.059,0.008,0.003,-0.058,-0.137,0.105,-0.2,-0.0,0.1,0.0,0.0,1.2,1.0,0.0,0.0,0.0,25.14518798379373,0.9878454950697662,0.09383703912173859,145.4019857714458,159.65434284158852,0.5,0.0022,0.0022,0.0121,0.0098
729,1763002650.413824,-0.043898628177801886,0.004546862541275647,0.3975286622343349,0.00868987063189567,-0.39280869385966044,0.042687395500590024,0.045199491354617934,-0.037061586853206076,0.0,0.0,0.0,1.0,0.0,0.0,0.0,0.0,0.0,0.0,0.0,0.0,0.0,-0.017,-0.465,1.126,0.998,-0.057,0.008,0.003,-0.064,-0.124,0.081,0.1,0.0,-0.0,0.0,0.0,1.2,1.0,0.0,0.0,0.0,25.143593364454496,0.9878552607336071,0.09184605115461321,144.86689604276992,159.6412057481655,0.5,0.0022,0.0021,0.0104,0.0106
730,1763002650.4465594,-0.027441994622087074,0.031660444173646926,0.39718656684912684,0.0003828662004961153,0.16017647273936794,0.27159050257784034,0.03633191237135261,-0.08220105725080601,0.0,0.0,0.0,1.0,0.0,0.0,0.0,0.0,0.0,0.0,0.0,0.0,0.0,-0.019,-0.469,1.128,0.998,-0.058,0.004,0.002,-0.065,-0.113,0.084,0.0,-0.1,-0.1,0.0,0.0,1.2,1.0,0.0,0.0,0.0,25.14217818737166,0.9878650210636066,0.09139332652209774,144.5848606723468,159.63381936243013,0.5,0.0022,0.0021,0.0122,0.0099
731,1763002650.4886034,0.011540245050877154,0.03980485290857873,0.39671739921068266,-0.006098759148225474,0.3870781972674336,0.08461013176668276,0.03502698030047119,-0.06477796686716629,0.0,0.0,0.0,1.0,0.0,0.0,0.0,0.0,0.0,0.0,0.0,0.0,0.0,-0.022,-0.473,1.131,0.998,-0.061,0.004,-0.001,-0.071,-0.101,0.086,-0.2,-0.1,-0.1,0.0,0.0,1.2,1.0,0.0,0.0,0.0,25.14091156682442,0.9878737925423976,0.09288168585742129,144.89265681433213,159.64062646726993,0.5,0.0021,0.006,0.011,0.0158
732,1763002650.5195134,0.012626366530434835,0.041369396517236215,0.3967104559332727,-0.009400573896434013,0.012015239300664504,0.019625921377432742,0.03960230714696934,-0.03362802339690793,0.0,0.0,0.0,1.0,0.0,0.0,0.0,0.0,0.0,0.0,0.0,0.0,0.0,-0.022,-0.473,1.131,0.998,-0.061,0.004,-0.001,-0.071,-0.101,0.086,-0.2,-0.1,-0.1,0.0,0.0,1.2,1.0,0.0,0.0,0.0,25.139667983821365,0.9878830727567927,0.09693648234142176,145.06780144360894,159.6530577137241,0.5,0.002,0.0019,0.0166,0.0097
733,1763002650.54239,-0.02271261277736194,0.028336474222028535,0.39640621162311035,-0.01299736647105149,-0.3521271564249242,-0.12619228330035312,0.03662860249170456,-0.03690798313581816,0.0,0.0,0.0,1.0,0.0,0.0,0.0,0.0,0.0,0.0,0.0,0.0,0.0,-0.026,-0.477,1.135,0.998,-0.058,0.005,-0.003,-0.075,-0.078,0.087,0.1,0.0,-0.1,0.0,0.0,1.2,1.0,0.0,0.0,0.0,25.13853586934122,0.9878935765132976,0.09643786294196142,144.71525235043512,159.6478038826074,0.5,0.0077,0.002,0.0076,0.0045
734,1763002650.5668614,0.026115534038479556,-0.005706002253459602,0.3951157497593651,-0.016704842791702104,0.48601020688067875,-0.33759111733267855,0.026736002524858526,-0.038374499853611264,0.0,0.0,0.0,1.0,0.0,0.0,0.0,0.0,0.0,0.0,0.0,0.0,0.0,-0.029,-0.48,1.14,0.998,-0.063,0.008,-0.005,-0.084,-0.069,0.093,-0.2,0.2,-0.1,0.0,0.0,1.2,1.0,0.0,0.0,0.0,25.137729641040448,0.9878988027934924,0.09691182119390372,145.271444483369,159.65358970200091,0.5,0.0011,0.0011,0.0068,0.0045
735,1763002650.6161923,-0.005104402341913887,-0.05519998144533197,0.395629790855304,-0.010777033672427043,-0.30958781040008637,-0.4955103921440696,0.04465198593532594,0.0576076069135804,0.0,0.0,0.0,1.0,0.0,0.0,0.0,0.0,0.0,0.0,0.0,0.0,0.0,-0.032,-0.481,1.142,0.998,-0.06,0.02,-0.006,-0.069,-0.04,0.066,0.1,0.5,-0.0,0.0,0.0,1.2,1.0,0.0,0.0,0.0,25.135898223684404,0.9879178590037577,0.09704714502237624,146.07924703992273,159.65863428849312,0.5,0.0014,0.002,0.0153,0.0105
736,1763002650.6563158,0.004001830547718521,-0.01905222055367034,0.39521040912944383,-0.012631151433243316,0.0905518886621326,0.3559576107720831,0.03536916182692938,-0.019618880975405414,0.0,0.0,0.0,1.0,0.0,0.0,0.0,0.0,0.0,0.0,0.0,0.0,0.0,-0.033,-0.482,1.144,0.998,-0.061,0.015,-0.006,-0.048,-0.039,0.072,-0.0,-0.1,-0.0,0.0,0.0,1.2,1.0,0.0,0.0,0.0,25.134443541693326,0.9879332609101066,0.09576012788332892,146.00792773030702,159.66126043656973,0.5,0.0024,0.0057,0.0099,0.0158
737,1763002650.6884992,0.031006434634371156,0.021008182900566066,0.395159526934071,-0.011697794867832385,0.2704462239212982,0.398698812486997,0.039012218959216735,0.008070450510785004,0.0,0.0,0.0,1.0,0.0,0.0,0.0,0.0,0.0,0.0,0.0,0.0,0.0,-0.034,-0.483,1.145,0.998,-0.063,0.012,-0.006,-0.039,-0.024,0.067,-0.1,-0.3,-0.0,0.0,0.0,1.2,1.0,0.0,0.0,0.0,25.13290217720356,0.9879489392372698,0.09313049508116787,146.02533868805833,159.66609649544867,0.5,0.0022,0.002,0.0168,0.01
738,1763002650.730054,0.010456917136231755,0.010087818550912498,0.39579170408083053,-0.015914936830857075,-0.20239453151795694,-0.10710282520647901,0.04583772416100213,-0.04334119911703013,0.0,0.0,0.0,1.0,0.0,0.0,0.0,0.0,0.0,0.0,0.0,0.0,0.0,-0.035,-0.483,1.147,0.998,-0.061,0.009,-0.006,-0.028,-0.005,0.048,0.1,-0.1,-0.1,0.0,0.0,1.2,1.0,0.0,0.0,0.0,25.130720562686946,0.987971934013683,0.09267745831190786,145.9293900043367,159.67229538714182,0.5,0.0025,0.0022,0.0095,0.0184
739,1763002650.7549808,-0.017905044335614576,-0.012779705003744587,0.39622896628397314,-0.012912027986378473,-0.28257392300484013,-0.2276664536914796,0.043951792439509633,0.02843759476170031,0.0,0.0,0.0,1.0,0.0,0.0,0.0,0.0,0.0,0.0,0.0,0.0,0.0,-0.036,-0.482,1.148,0.998,-0.056,0.01,-0.006,-0.015,0.006,0.039,0.2,0.0,0.0,0.0,0.0,1.2,1.0,0.0,0.0,0.0,25.12833222822435,0.9879943370629848,0.09162399865968633,146.0150269939403,159.67041364059114,0.5,0.0023,0.0021,0.0135,0.0058
740,1763002650.7719312,0.0012274344354890332,-0.006415970530636502,0.3964491872705246,-0.005868139387772657,0.18953428327747457,0.06235937423070638,0.04182510649391133,0.06914768318742032,0.0,0.0,0.0,1.0,0.0,0.0,0.0,0.0,0.0,0.0,0.0,0.0,0.0,-0.036,-0.482,1.149,0.998,-0.056,0.009,-0.005,-0.002,0.006,0.032,0.0,-0.1,0.1,0.0,0.0,1.2,1.0,0.0,0.0,0.0,25.125809984605187,0.9880141478204382,0.09120607275316639,146.11376008603202,159.66792630564086,0.5,0.0009,0.001,0.0093,0.0049
741,1763002650.8160143,0.02293556849411133,-0.019682319478400302,0.3971394818802251,0.0009092773230026116,0.21720408402977198,-0.13330508653070167,0.046547864824057206,0.06718735316897542,0.0,0.0,0.0,1.0,0.0,0.0,0.0,0.0,0.0,0.0,0.0,0.0,0.0,-0.035,-0.482,1.15,0.998,-0.058,0.008,-0.002,0.014,0.006,0.019,-0.1,-0.0,0.1,0.0,0.0,1.2,1.0,0.0,0.0,0.0,25.122913624777443,0.9880322545774934,0.09122616716589964,146.18288950265074,159.66544162732364,0.5,0.0061,0.0016,0.0103,0.0107
742,1763002650.8426588,0.06579486444786202,-0.017941521134613763,0.3980985470622756,-0.0015508220739909278,0.43088651638691794,0.015439751490025355,0.0493046000085275,-0.02451006623763513,0.0,0.0,0.0,1.0,0.0,0.0,0.0,0.0,0.0,0.0,0.0,0.0,0.0,-0.034,-0.482,1.15,0.998,-0.062,0.006,-0.002,0.019,0.007,0.005,-0.3,-0.0,0.0,0.0,0.0,1.2,1.0,0.0,0.0,0.0,25.119599585565133,0.9880474151934012,0.09310969856266597,145.96182328512867,159.67162543409384,0.5,0.0022,0.0021,0.0093,0.009
743,1763002650.8767834,0.015726361656251228,-0.05815019320296107,0.3995672613241525,-0.007371038535625134,-0.49410554147132163,-0.4038808727969344,0.0544969973249968,-0.05835724682374115,0.0,0.0,0.0,1.0,0.0,0.0,0.0,0.0,0.0,0.0,0.0,0.0,0.0,-0.033,-0.481,1.15,0.998,-0.058,0.01,-0.003,0.026,0.018,-0.009,0.2,0.2,-0.1,0.0,0.0,1.2,1.0,0.0,0.0,0.0,25.115887781919024,0.9880562141951641,0.09181248867675146,145.83715815112856,159.68638092957735,0.5,0.0016,0.0031,0.009,0.0097
744,1763002650.916554,-0.01727525226962668,-0.025394366598231848,0.40021054431740755,-0.012211363272266098,-0.32844350309315384,0.3217432467269961,0.04638955606496552,-0.049140351219972137,0.0,0.0,0.0,1.0,0.0,0.0,0.0,0.0,0.0,0.0,0.0,0.0,0.0,-0.032,-0.481,1.149,0.999,-0.054,0.007,-0.004,0.036,0.018,-0.015,0.2,-0.1,-0.1,0.0,0.0,1.2,1.0,0.0,0.0,0.0,25.11207294367104,0.9880555698608087,0.09044032914258554,146.02183470254352,159.69484616199503,0.5,0.0023,0.0021,0.0097,0.0149
745,1763002650.9333422,-0.013835571874925436,-0.07045192419228116,0.4009197803306897,-0.015199151776601635,0.03266927872004993,-0.4531150126003164,0.04711341456456185,-0.03109902137058198,0.0,0.0,0.0,1.0,0.0,0.0,0.0,0.0,0.0,0.0,0.0,0.0,0.0,-0.031,-0.48,1.148,0.998,-0.053,0.012,-0.006,0.044,0.021,-0.024,0.1,0.2,-0.1,0.0,0.0,1.2,1.0,0.0,0.0,0.0,25.108020985459635,0.9880475485015624,0.09299760545263122,145.4486643559178,159.6974685980729,0.5,0.001,0.0015,0.0066,0.0042
746,1763002650.9676,0.024438726254144054,-0.037324330362687286,0.4013206172768629,-0.01232934394086562,0.38135942410320245,0.3242307458767105,0.04410034749480064,0.02717816317969999,0.0,0.0,0.0,1.0,0.0,0.0,0.0,0.0,0.0,0.0,0.0,0.0,0.0,-0.028,-0.479,1.147,0.998,-0.055,0.007,-0.005,0.061,0.032,-0.024,-0.1,-0.1,0.0,0.0,0.0,1.2,1.0,0.0,0.0,0.0,25.10412088883855,0.9880291764946795,0.09231338958305188,145.30849972103655,159.69018154931337,0.5,0.0021,0.001,0.0051,0.0056
747,1763002651.0041213,0.02130634122910359,-0.04979906918376424,0.4019859719464207,-0.004187689082831328,-0.028879977624990227,-0.12847982124703827,0.04678560842326437,0.08018361418625633,0.0,0.0,0.0,1.0,0.0,0.0,0.0,0.0,0.0,0.0,0.0,0.0,0.0,-0.027,-0.478,1.147,0.998,-0.056,0.009,-0.005,0.061,0.035,-0.029,-0.0,0.0,0.1,0.0,0.0,1.2,1.0,0.0,0.0,0.0,25.100124489725978,0.9880009100224825,0.09294928509738196,145.02413593974973,159.6783776361209,0.5,0.0021,0.0025,0.0089,0.004
748,1763002651.0316648,-0.028797942521580147,-0.09800928295941078,0.4029495705697929,0.0013073821673749483,-0.498912203383927,-0.4870820446748416,0.049834583428365026,0.0545319435937796,0.0,0.0,0.0,1.0,0.0,0.0,0.0,0.0,0.0,0.0,0.0,0.0,0.0,-0.024,-0.477,1.146,0.999,-0.05,0.013,-0.004,0.071,0.033,-0.039,0.4,0.3,0.1,0.0,0.0,1.2,1.0,0.0,0.0,0.0,25.095792907252587,0.9879619626519229,0.09534474876327753,144.02290813970862,159.64257664788894,0.5,0.001,0.001,0.0055,0.004
749,1763002651.0726414,0.012182675885145051,-0.04839183097487224,0.40138062364230614,-0.0017170044171043002,0.40692638981509394,0.4863735915494444,0.024605487782111614,-0.030113127628054976,0.0,0.0,0.0,1.0,0.0,0.0,0.0,0.0,0.0,0.0,0.0,0.0,0.0,-0.022,-0.475,1.146,0.999,-0.053,0.006,-0.002,0.08,0.041,-0.001,0.0,-0.2,0.0,0.0,0.0,1.2,1.0,0.0,0.0,0.0,25.09315420658308,0.9879300409504992,0.09454140440388276,144.19286647803753,159.65579325288118,0.5,0.0022,0.0011,0.0089,0.0071
750,1763002651.0988307,-0.03680581040262679,-0.002111076799951407,0.4006634768778435,-0.007543310551460663,-0.4886665952892038,0.4579683586517212,0.032966594719604184,-0.05843476178527404,0.0,0.0,0.0,1.0,0.0,0.0,0.0,0.0,0.0,0.0,0.0,0.0,0.0,-0.019,-0.474,1.146,0.999,-0.047,0.002,-0.002,0.075,0.033,0.011,0.3,-0.3,-0.1,0.0,0.0,1.2,1.0,0.0,0.0,0.0,25.09099134127844,0.9878981526702943,0.093736700517161,145.08964570421043,159.69168245647214,0.5,0.0014,0.001,0.0051,0.0039
751,1763002651.140714,-0.02758969077802288,-0.005967667875873595,0.39907089321907674,-0.011633222286458666,0.08848061520577641,-0.03877701843921699,0.02414051110011735,-0.041653448405126095,0.0,0.0,0.0,1.0,0.0,0.0,0.0,0.0,0.0,0.0,0.0,0.0,0.0,-0.016,-0.474,1.147,0.999,-0.045,-0.001,-0.004,0.074,0.02,0.029,-0.0,-0.1,-0.1,0.0,0.0,1.2,1.0,0.0,0.0,0.0,25.089520499896487,0.9878767867400272,0.09404047566307962,145.02581562288736,159.6946432492365,0.5,0.0014,0.0014,0.0105,0.0072
752,1763002651.170373,0.00416104945235209,-0.05535020114629566,0.3985151511191164,-0.001555842665781496,0.3147484332259475,-0.494422099491808,0.034349668322304426,0.09961047397812582,0.0,0.0,0.0,1.0,0.0,0.0,0.0,0.0,0.0,0.0,0.0,0.0,0.0,-0.014,-0.474,1.148,0.999,-0.049,0.005,-0.003,0.08,-0.009,0.027,-0.2,0.3,0.1,0.0,0.0,1.2,1.0,0.0,0.0,0.0,25.087876184964948,0.9878539659189287,0.08766405724845813,143.71291708760742,159.63723022214944,0.5,0.0018,0.003,0.0066,0.0055
753,1763002651.2234323,-0.009306859872087247,-0.060217786154090715,0.39889513647287517,-0.00344879923512999,-0.13426298829915811,-0.054210870192580196,0.043651368649499124,-0.01908514996006308,0.0,0.0,0.0,1.0,0.0,0.0,0.0,0.0,0.0,0.0,0.0,0.0,0.0,-0.011,-0.475,1.148,0.999,-0.051,0.005,-0.003,0.1,-0.028,0.016,-0.1,-0.0,0.0,0.0,0.0,1.2,1.0,0.0,0.0,0.0,25.085745671810628,0.9878194908107756,0.08760629124969564,143.30971020966555,159.62142333580562,0.5,0.0014,0.0015,0.0178,0.0157
754,1763002651.2485404,-0.010888914374731797,-0.061184871468017966,0.39917203606966967,-0.0034444881492564725,-0.016751231013654166,-0.015692631754681607,0.04265850961523279,-0.00030176906477782754,0.0,0.0,0.0,1.0,0.0,0.0,0.0,0.0,0.0,0.0,0.0,0.0,0.0,-0.011,-0.475,1.148,0.999,-0.051,0.005,-0.003,0.1,-0.028,0.016,-0.1,-0.0,0.0,0.0,0.0,1.2,1.0,0.0,0.0,0.0,25.083630054979995,0.9877841725099578,0.08807506654361104,142.8120810345863,159.60144340235024,0.5,0.0022,0.002,0.0147,0.0054
755,1763002651.2748778,-0.06076079957860228,-0.07111785663447133,0.40071428815115384,-0.010780515107503608,-0.49980774347617807,-0.10544833881133536,0.055339724421808796,-0.07370471839739699,0.0,0.0,0.0,1.0,0.0,0.0,0.0,0.0,0.0,0.0,0.0,0.0,0.0,-0.004,-0.478,1.148,0.999,-0.042,0.003,-0.006,0.103,-0.061,-0.005,0.4,0.1,-0.1,0.0,0.0,1.2,1.0,0.0,0.0,0.0,25.080607144025297,0.9877338724333403,0.09009964897603986,141.24531158749355,159.57113446908684,0.5,0.0015,0.0015,0.0129,0.0056
756,1763002651.305998,-0.0698754776900291,-0.06800779333702175,0.39996028006332596,-0.0018132531211173947,-0.09722286107212846,0.023988847311048583,0.03253134793683629,0.08859456835311175,0.0,0.0,0.0,1.0,0.0,0.0,0.0,0.0,0.0,0.0,0.0,0.0,0.0,-0.0,-0.481,1.148,0.999,-0.042,0.003,-0.003,0.115,-0.082,0.014,-0.0,0.0,0.1,0.0,0.0,1.2,1.0,0.0,0.0,0.0,25.078403628192167,0.9876958390618434,0.09225169571542943,140.40257821034203,159.53441975873486,0.5,0.0013,0.0013,0.0119,0.0048
757,1763002651.3407476,-0.05327462821594408,-0.04472640153439049,0.39866696271346563,-0.010024496914443867,0.15902094697184727,0.22601313869261044,0.027062854507729786,-0.08229376324537646,0.0,0.0,0.0,1.0,0.0,0.0,0.0,0.0,0.0,0.0,0.0,0.0,0.0,0.004,-0.485,1.15,0.999,-0.045,-0.001,-0.005,0.12,-0.1,0.048,-0.1,-0.1,-0.1,0.0,0.0,1.2,1.0,0.0,0.0,0.0,25.077618122814396,0.9876834773297558,0.09258575182418596,139.97581888375862,159.52195949836408,0.5,0.0023,0.0021,0.0102,0.006
758,1763002651.370785,-0.03364803685679243,-0.020300501765138583,0.39783417118533104,-0.014972237665645424,0.19093845076992216,0.23978635753908006,0.031538780990001576,-0.05047985720345995,0.0,0.0,0.0,1.0,0.0,0.0,0.0,0.0,0.0,0.0,0.0,0.0,0.0,0.008,-0.489,1.152,0.999,-0.05,-0.005,-0.006,0.131,-0.122,0.056,-0.2,-0.2,-0.1,0.0,0.0,1.2,1.0,0.0,0.0,0.0,25.077062761918437,0.9876726371751181,0.09159781201871652,140.4407456662751,159.53995765924188,0.5,0.0014,0.0015,0.01,0.0042
759,1763002651.4124448,0.016655333698198188,-0.00773691256284928,0.39774000779077856,-0.01169758610184885,0.49966890186422697,0.12360584184637918,0.03884178317300853,0.031249291871401217,0.0,0.0,0.0,1.0,0.0,0.0,0.0,0.0,0.0,0.0,0.0,0.0,0.0,0.013,-0.493,1.153,0.998,-0.059,-0.009,-0.006,0.142,-0.13,0.041,-0.5,-0.2,-0.0,0.0,0.0,1.2,1.0,0.0,0.0,0.0,25.0757888205407,0.9876437478847914,0.09072005123829968,142.21213099873702,159.57386821876725,0.5,0.0023,0.0024,0.01,0.0105
760,1763002651.439268,0.03805395830282102,-0.037656380129698505,0.39969498963015976,-0.0037223172748383857,0.21565177941604796,-0.29996836692477713,0.05932381917289049,0.07858292965991975,0.0,0.0,0.0,1.0,0.0,0.0,0.0,0.0,0.0,0.0,0.0,0.0,0.0,0.018,-0.497,1.153,0.998,-0.064,-0.007,-0.005,0.141,-0.117,0.01,-0.4,-0.0,0.1,0.0,0.0,1.2,1.0,0.0,0.0,0.0,25.07320481197922,0.9875928875725648,0.09388130884728252,142.89566234282157,159.59197911766262,0.5,0.0013,0.0026,0.0102,0.0048
761,1763002651.4821398,-0.012326166721960546,-0.017771300136651937,0.4012171282379213,-0.0051516463610353615,-0.49999585441753347,0.19508516191749586,0.05519088504063214,-0.014665522589453597,0.0,0.0,0.0,1.0,0.0,0.0,0.0,0.0,0.0,0.0,0.0,0.0,0.0,0.021,-0.5,1.153,0.998,-0.062,-0.01,-0.004,0.165,-0.121,0.008,0.1,-0.2,0.0,0.0,0.0,1.2,1.0,0.0,0.0,0.0,25.070551179707667,0.9875411999559145,0.0928282630912799,142.9923987486393,159.5852574867508,0.5,0.0014,0.0021,0.0093,0.0161
762,1763002651.515376,-0.053060319510379435,-0.027372783594087825,0.4033767432274928,0.0007845900800536347,-0.4085741445563849,-0.09779196458802406,0.06171786271950759,0.05884719977478642,0.0,0.0,0.0,1.0,0.0,0.0,0.0,0.0,0.0,0.0,0.0,0.0,0.0,0.025,-0.503,1.152,0.998,-0.058,-0.01,-0.003,0.129,-0.091,-0.041,0.2,0.0,0.1,0.0,0.0,1.2,1.0,0.0,0.0,0.0,25.06588511406966,0.9874537304610272,0.09020429913321111,142.35123090603778,159.5696370026714,0.5,0.0024,0.0021,0.0148,0.0094
763,1763002651.5610387,-0.01906799832255563,-0.06587512441574236,0.404920583013479,-0.0016603929057960026,0.3346171799272002,-0.3877606865759541,0.055776072182610735,-0.024371370850490993,0.0,0.0,0.0,1.0,0.0,0.0,0.0,0.0,0.0,0.0,0.0,0.0,0.0,0.029,-0.505,1.15,0.998,-0.059,-0.006,-0.003,0.123,-0.08,-0.054,-0.0,0.2,0.0,0.0,0.0,1.2,1.0,0.0,0.0,0.0,25.060797121410005,0.9873576656867019,0.08877394821660729,141.1604030718907,159.55746826146643,0.5,0.0022,0.0097,0.0099,0.0191
764,1763002651.600011,-0.021133740797250722,-0.07457484885806125,0.40599432650382417,-0.0031739910413671932,-0.022564224579206427,-0.0935847568647631,0.05122949320479905,-0.01530202064629151,0.0,0.0,0.0,1.0,0.0,0.0,0.0,0.0,0.0,0.0,0.0,0.0,0.0,0.029,-0.505,1.15,0.998,-0.059,-0.006,-0.003,0.123,-0.08,-0.054,-0.0,0.2,0.0,0.0,0.0,1.2,1.0,0.0,0.0,0.0,25.0558288018061,0.9872611574508321,0.09038729007114804,139.80852920886394,159.5239203693378,0.5,0.0023,0.0023,0.0163,0.0173
765,1763002651.6291232,0.029023506351560792,-0.03961321377538892,0.4073891759694709,0.0043669597534721025,0.4994590974083901,0.34215886594091716,0.05454792730684862,0.07509210884425624,0.0,0.0,0.0,1.0,0.0,0.0,0.0,0.0,0.0,0.0,0.0,0.0,0.0,0.038,-0.509,1.146,0.998,-0.066,-0.008,0.001,0.135,-0.043,-0.08,-0.2,-0.1,0.1,0.0,0.0,1.2,1.0,0.0,0.0,0.0,25.049835101538733,0.9871338636836536,0.09090338438512446,139.96342458927526,159.51630388094728,0.5,0.0023,0.0022,0.0101,0.0134
766,1763002651.699391,0.04918586464457092,0.009521505366729216,0.4081574411250703,0.0036233804981291324,0.20452593356525728,0.4873858700436423,0.04842156915294077,-0.006999096578082488,0.0,0.0,0.0,1.0,0.0,0.0,0.0,0.0,0.0,0.0,0.0,0.0,0.0,0.041,-0.509,1.144,0.998,-0.068,-0.015,0.002,0.118,-0.015,-0.066,-0.1,-0.3,0.0,0.0,0.0,1.2,1.0,0.0,0.0,0.0,25.044584861567902,0.9870143352644712,0.09187425095669259,140.89779793723352,159.54016157414907,0.5,0.0023,0.0021,0.0479,0.0168
767,1763002651.7315252,0.021862136445594704,-0.024992463926993336,0.41063256206873794,0.005908682462637087,-0.26831869552530496,-0.3441875424005525,0.06556695354918425,0.023215357694892455,0.0,0.0,0.0,1.0,0.0,0.0,0.0,0.0,0.0,0.0,0.0,0.0,0.0,0.047,-0.506,1.138,0.998,-0.066,-0.017,0.003,0.081,0.053,-0.114,0.3,0.3,0.0,0.0,0.0,1.2,1.0,0.0,0.0,0.0,25.0373582575723,0.9868491884870046,0.0821762459210067,139.51986410540505,159.4928623472789,0.5,0.0022,0.0021,0.0097,0.017
768,1763002651.769381,0.03922845958986959,-0.02188255668874608,0.4094925868243428,0.003514404582223257,0.17584944508730838,0.02859982598977323,0.029663503762922518,-0.02335191055787459,0.0,0.0,0.0,1.0,0.0,0.0,0.0,0.0,0.0,0.0,0.0,0.0,0.0,0.049,-0.504,1.137,0.998,-0.064,-0.015,0.001,0.069,0.07,-0.06,0.1,0.2,-0.0,0.0,0.0,1.2,1.0,0.0,0.0,0.0,25.032570484024852,0.9867330730883472,0.08005659524996288,138.7444106335078,159.4759284284534,0.5,0.0021,0.0021,0.0155,0.0171
769,1763002651.8012009,0.06753130137444532,0.01840924074447261,0.40854226147744127,0.003235664502233046,0.2869512638047442,0.40072971866331225,0.03144600521341919,-0.0024359603416797826,0.0,0.0,0.0,1.0,0.0,0.0,0.0,0.0,0.0,0.0,0.0,0.0,0.0,0.052,-0.501,1.135,0.998,-0.065,-0.016,0.002,0.059,0.096,-0.05,-0.0,-0.1,0.0,0.0,0.0,1.2,1.0,0.0,0.0,0.0,25.02817083939069,0.9866198822557296,0.08118714420969261,138.86030694238747,159.48057699864495,0.5,0.0022,0.0022,0.0163,0.0098
770,1763002651.8277917,0.05525624127501314,0.013672193030127844,0.407750164358094,0.00410436778231497,-0.11599747085687717,-0.04552955306900036,0.032933254954271185,0.009010599251042545,0.0,0.0,0.0,1.0,0.0,0.0,0.0,0.0,0.0,0.0,0.0,0.0,0.0,0.053,-0.496,1.133,0.998,-0.062,-0.014,0.002,0.046,0.129,-0.04,0.2,-0.0,0.0,0.0,0.0,1.2,1.0,0.0,0.0,0.0,25.024158272507574,0.9865130645302825,0.0793980797192821,139.1070210542307,159.4886540705656,0.5,0.0021,0.0021,0.011,0.0105
771,1763002651.8545828,0.07938907637402623,0.05007620838605822,0.40677605308509374,-0.00180721003242181,0.24685397511763224,0.3654073728623165,0.03103390370580674,-0.0587053413691363,0.0,0.0,0.0,1.0,0.0,0.0,0.0,0.0,0.0,0.0,0.0,0.0,0.0,0.054,-0.493,1.132,0.998,-0.062,-0.017,0.001,0.03,0.142,-0.032,0.0,-0.2,-0.1,0.0,0.0,1.2,1.0,0.0,0.0,0.0,25.020435107736105,0.9864139942283401,0.08372505299274983,139.12051755875117,159.4931391592848,0.5,0.0022,0.002,0.0113,0.0101
772,1763002651.8796613,0.043796521636425285,0.020992249376600602,0.4067019481662476,-0.00503811064197796,-0.3479866397386068,-0.2858319692559703,0.03993655612004786,-0.03248972709880367,0.0,0.0,0.0,1.0,0.0,0.0,0.0,0.0,0.0,0.0,0.0,0.0,0.0,0.054,-0.488,1.131,0.998,-0.057,-0.015,-0.0,0.022,0.157,-0.038,0.3,0.1,-0.1,0.0,0.0,1.2,1.0,0.0,0.0,0.0,25.0164104995693,0.9863028597428346,0.08039656518183545,139.74811283226734,159.5219193978318,0.5,0.0024,0.0019,0.0097,0.01
773,1763002651.9078681,0.051823974006728224,0.0345260882165747,0.4053726568071592,-0.00905664692054033,0.0846541758666719,0.13743761333740095,0.02737728122574141,-0.0406891738498215,0.0,0.0,0.0,1.0,0.0,0.0,0.0,0.0,0.0,0.0,0.0,0.0,0.0,0.055,-0.48,1.13,0.998,-0.053,-0.013,-0.002,0.008,0.17,-0.013,0.1,-0.1,-0.1,0.0,0.0,1.2,1.0,0.0,0.0,0.0,25.013427579139382,0.9862229088901253,0.08260468684583203,139.59797462006898,159.52464765469963,0.5,0.0018,0.0019,0.0107,0.0067
774,1763002651.9453056,0.05823151644828788,0.009163886043349168,0.40483300686270834,-0.00010826118331228041,0.06925782181626941,-0.2501694129105978,0.03514076623620686,0.08857819268022644,0.0,0.0,0.0,1.0,0.0,0.0,0.0,0.0,0.0,0.0,0.0,0.0,0.0,0.055,-0.474,1.13,0.999,-0.052,-0.011,-0.001,0.005,0.184,-0.018,0.1,0.1,0.1,0.0,0.0,1.2,1.0,0.0,0.0,0.0,25.010159127071415,0.9861347345192283,0.08197784581033368,139.52829526032588,159.51783269089591,0.5,0.0031,0.0016,0.0097,0.0109
775,1763002651.9794166,0.07716635832259588,0.00868598945457886,0.4044162803714792,0.011025982257268818,0.195171570387909,-0.003862577283368168,0.036316035773978815,0.11133160828747976,0.0,0.0,0.0,1.0,0.0,0.0,0.0,0.0,0.0,0.0,0.0,0.0,0.0,0.055,-0.467,1.129,0.999,-0.052,-0.009,0.002,0.004,0.194,-0.016,-0.0,0.0,0.2,0.0,0.0,1.2,1.0,0.0,0.0,0.0,25.006930274073472,0.9860501591759545,0.0823475515819352,138.7994088658209,159.49752305212826,0.5,0.0024,0.0019,0.0115,0.0098
776,1763002652.0150626,0.0856174171516287,0.035711617369669144,0.40419227243687206,0.012282282266562269,0.09222722412258783,0.27112487809636066,0.038201548691076,0.013665598318661404,0.0,0.0,0.0,1.0,0.0,0.0,0.0,0.0,0.0,0.0,0.0,0.0,0.0,0.055,-0.462,1.129,0.999,-0.052,-0.013,0.003,-0.002,0.201,-0.016,-0.0,-0.1,0.1,0.0,0.0,1.2,1.0,0.0,0.0,0.0,25.003685815084395,0.9859670249236397,0.08387211045851753,137.75800634603075,159.46619858277458,0.5,0.0022,0.002,0.0096,0.0144
777,1763002652.0472667,0.0720602195592305,0.07497689428072794,0.4047673480141299,0.008102305870675893,-0.12701023420881905,0.39622393084755486,0.046169983016265424,-0.04057153573220751,0.0,0.0,0.0,1.0,0.0,0.0,0.0,0.0,0.0,0.0,0.0,0.0,0.0,0.054,-0.454,1.128,0.999,-0.051,-0.017,0.003,-0.022,0.221,-0.034,0.2,-0.2,-0.0,0.0,0.0,1.2,1.0,0.0,0.0,0.0,24.999707841617045,0.985863171359669,0.08553233377068832,137.44811692114507,159.47981618626793,0.5,0.0023,0.002,0.0131,0.0098
778,1763002652.084998,0.02144721296693943,0.05923518126794979,0.405921303551065,-0.0008864992826930294,-0.49892404396698764,-0.1499194406997087,0.05201629017076399,-0.08907782094662162,0.0,0.0,0.0,1.0,0.0,0.0,0.0,0.0,0.0,0.0,0.0,0.0,0.0,0.053,-0.447,1.126,0.999,-0.042,-0.017,0.001,-0.05,0.232,-0.051,0.6,0.1,-0.1,0.0,0.0,1.2,1.0,0.0,0.0,0.0,24.995106864247717,0.9857344232511752,0.08414729392653522,139.97648964793126,159.60158669300978,0.5,0.0022,0.0044,0.01,0.015
779,1763002652.0988128,-0.027283447368651896,0.009395340737204445,0.4067244506343794,-0.013427803289317664,-0.4851618820592194,-0.49247488718065857,0.04862360118825128,-0.12550168999451566,0.0,0.0,0.0,1.0,0.0,0.0,0.0,0.0,0.0,0.0,0.0,0.0,0.0,0.051,-0.44,1.125,0.999,-0.036,-0.01,-0.003,-0.063,0.226,-0.061,0.6,0.5,-0.2,0.0,0.0,1.2,1.0,0.0,0.0,0.0,24.99016868405166,0.9855923027679555,0.08568418859980673,143.98825550034152,159.73991429274463,0.5,0.0009,0.001,0.0055,0.0046
780,1763002652.1430082,0.021029238791586767,-0.032835009474380776,0.40628636840315246,-0.01929778505335722,0.48039851686552143,-0.4213639680421317,0.03629162275116779,-0.06004259796932733,0.0,0.0,0.0,1.0,0.0,0.0,0.0,0.0,0.0,0.0,0.0,0.0,0.0,0.047,-0.431,1.123,0.999,-0.034,0.0,-0.007,-0.08,0.238,-0.04,-0.0,0.4,-0.1,0.0,0.0,1.2,1.0,0.0,0.0,0.0,24.98617500883064,0.9854835120352843,0.0858653386983691,144.76310224932624,159.7601637007557,0.5,0.0014,0.0015,0.0117,0.0081
781,1763002652.186296,0.008881465424475592,-0.06203207775375218,0.40680637130065644,-0.022572354953083837,-0.11937480979195314,-0.2952541837411521,0.04582866581535476,-0.03467547750260187,0.0,0.0,0.0,1.0,0.0,0.0,0.0,0.0,0.0,0.0,0.0,0.0,0.0,0.045,-0.423,1.122,0.999,-0.032,0.005,-0.009,-0.069,0.229,-0.051,0.2,0.4,-0.1,0.0,0.0,1.2,1.0,0.0,0.0,0.0,24.981695576995083,0.98535954632239,0.09613654851633961,146.15540432475026,159.81442729909955,0.5,0.0014,0.0012,0.0132,0.0168
782,1763002652.2193277,0.005657213195448794,-0.07354019236851328,0.4070131876347,-0.024946798096290156,-0.031354375747820434,-0.12128435392298624,0.04274880047050044,-0.026001666927371603,0.0,0.0,0.0,1.0,0.0,0.0,0.0,0.0,0.0,0.0,0.0,0.0,0.0,0.045,-0.423,1.122,0.999,-0.032,0.005,-0.009,-0.069,0.229,-0.051,0.2,0.4,-0.1,0.0,0.0,1.2,1.0,0.0,0.0,0.0,24.977241595391565,0.9852368421959595,0.11065585227940597,146.9777973723655,159.8390904227286,0.5,0.0022,0.002,0.0177,0.0104
783,1763002652.249598,0.003577093623038558,-0.02693014532286992,0.4057542320888458,-0.019940794179260826,-0.02023547440455753,0.4587464512195822,0.0281117633049286,0.04756535936066432,0.0,0.0,0.0,1.0,0.0,0.0,0.0,0.0,0.0,0.0,0.0,0.0,0.0,0.043,-0.414,1.121,1.0,-0.029,0.003,-0.008,-0.055,0.206,-0.012,0.1,-0.0,0.0,0.0,0.0,1.2,1.0,0.0,0.0,0.0,24.974419508525024,0.9851595426276445,0.11310241404299083,147.00620911075765,159.8380244395749,0.5,0.0021,0.0023,0.0141,0.0107
784,1763002652.2772238,0.05081333025794908,0.022359063093148307,0.40401774395520806,-0.0010736673548478771,0.47272007571140917,0.4901990696278953,0.023210541872507474,0.18667718882620343,0.0,0.0,0.0,1.0,0.0,0.0,0.0,0.0,0.0,0.0,0.0,0.0,0.0,0.041,-0.406,1.122,0.999,-0.035,-0.003,-0.004,-0.028,0.168,0.013,-0.2,-0.3,0.2,0.0,0.0,1.2,1.0,0.0,0.0,0.0,24.97253074994198,0.9851086137763831,0.10419428617801507,146.7316684224995,159.82564326054657,0.5,0.0023,0.0021,0.0076,0.0098
785,1763002652.3050137,0.024058188646809163,0.07131923367815472,0.4031823525111766,0.002434671530431908,-0.26247008308560416,0.49183761215937893,0.0320478599552067,0.03497602211731305,0.0,0.0,0.0,1.0,0.0,0.0,0.0,0.0,0.0,0.0,0.0,0.0,0.0,0.041,-0.401,1.122,0.999,-0.034,-0.009,-0.002,-0.016,0.14,0.018,0.0,-0.4,0.1,0.0,0.0,1.2,1.0,0.0,0.0,0.0,24.970723774063547,0.9850609320986204,0.1018834677744159,146.78844799594964,159.83822630284467,0.5,0.001,0.0011,0.0116,0.0045
786,1763002652.3358123,-0.01234679511727809,0.04972387612717208,0.4029623609334801,0.0055741257560402765,-0.3616440187761917,-0.20882165214201093,0.038118319474152715,0.03163800940912688,0.0,0.0,0.0,1.0,0.0,0.0,0.0,0.0,0.0,0.0,0.0,0.0,0.0,0.04,-0.397,1.122,0.999,-0.031,-0.009,-0.001,-0.018,0.113,0.012,0.1,-0.1,0.1,0.0,0.0,1.2,1.0,0.0,0.0,0.0,24.968570499375673,0.9850061915005285,0.10352271084372765,146.9360996201715,159.83235225767427,0.5,0.0014,0.0014,0.008,0.0043
787,1763002652.3793511,-0.02279183928963926,0.015820693500842364,0.4022166771028244,0.015503562696339407,-0.10568512123533952,-0.33405943865057997,0.032839397786790334,0.09985178197859532,0.0,0.0,0.0,1.0,0.0,0.0,0.0,0.0,0.0,0.0,0.0,0.0,0.0,0.04,-0.395,1.123,1.0,-0.03,-0.008,0.002,-0.017,0.073,0.027,0.0,0.1,0.2,0.0,0.0,1.2,1.0,0.0,0.0,0.0,24.967012865995304,0.9849687923845637,0.10333699756005617,147.1218746393265,159.83634985527718,0.5,0.0023,0.002,0.0124,0.0092
788,1763002652.4159813,-0.03979586784729699,-0.01842979225160911,0.40074073228116236,0.015510609704427684,-0.17231946950554117,-0.34092278817443056,0.025462219493661772,0.0016208263505167048,0.0,0.0,0.0,1.0,0.0,0.0,0.0,0.0,0.0,0.0,0.0,0.0,0.0,0.039,-0.394,1.125,1.0,-0.029,-0.004,0.003,-0.015,0.042,0.055,0.0,0.2,0.1,0.0,0.0,1.2,1.0,0.0,0.0,0.0,24.966578736256842,0.9849603005599084,0.1030234671490233,147.46427458055118,159.84641612316153,0.5,0.0062,0.002,0.0102,0.0097
789,1763002652.44931,-0.047001638132539866,-0.0448408415585326,0.3996310987972903,0.002380098388890599,-0.07603728963715839,-0.26595347229439587,0.02897773838939627,-0.12975405218492805,0.0,0.0,0.0,1.0,0.0,0.0,0.0,0.0,0.0,0.0,0.0,0.0,0.0,0.038,-0.394,1.127,1.0,-0.028,0.002,0.001,-0.019,0.005,0.061,-0.1,0.2,-0.1,0.0,0.0,1.2,1.0,0.0,0.0,0.0,24.96628864587404,0.9849563208011889,0.10202961755330119,147.76941383805445,159.85320147170785,0.5,0.0023,0.0021,0.0133,0.0104
790,1763002652.468143,-0.0467079744619985,-0.025652809965225187,0.39889495663421254,-0.0056628621593906876,-0.0017635271078403347,0.18739623177722092,0.032601688248951516,-0.08019159564392381,0.0,0.0,0.0,1.0,0.0,0.0,0.0,0.0,0.0,0.0,0.0,0.0,0.0,0.038,-0.395,1.129,1.0,-0.031,0.001,-0.001,-0.004,-0.018,0.064,-0.1,0.0,-0.1,0.0,0.0,1.2,1.0,0.0,0.0,0.0,24.966019474585718,0.9849536087097568,0.10138834964060407,147.95101222754926,159.85535439520098,0.5,0.0008,0.001,0.0078,0.0051
791,1763002652.5141382,0.0033642493845096114,0.017145497200034106,0.3973164067343788,-0.010224958300738135,0.49605144101888127,0.42541779065607044,0.024103996665083886,-0.046187247629413536,0.0,0.0,0.0,1.0,0.0,0.0,0.0,0.0,0.0,0.0,0.0,0.0,0.0,0.038,-0.395,1.132,0.999,-0.038,-0.003,-0.002,-0.004,-0.02,0.086,-0.4,-0.2,-0.1,0.0,0.0,1.2,1.0,0.0,0.0,0.0,24.966598200708873,0.9849654418879872,0.09527188206771443,148.61970893269904,159.8482731666673,0.5,0.0014,0.0014,0.0092,0.0147
792,1763002652.5521004,0.04265422231638731,0.050200274369937556,0.39779492015956985,-0.012739284193390847,0.393236154257228,0.3322623214190379,0.04451677492534859,-0.026165754756600913,0.0,0.0,0.0,1.0,0.0,0.0,0.0,0.0,0.0,0.0,0.0,0.0,0.0,0.038,-0.396,1.133,0.999,-0.041,-0.003,-0.003,-0.007,-0.026,0.06,-0.5,-0.4,-0.1,0.0,0.0,1.2,1.0,0.0,0.0,0.0,24.965977133014707,0.9849545294076952,0.09509787997042456,149.4594919856106,159.86319609205194,0.5,0.0025,0.002,0.0172,0.0103
793,1763002652.578984,0.052147182029086296,0.044941928659912596,0.3987879499496988,-0.008426381868024763,0.09919501935862868,-0.04756342966325594,0.04970978991724617,0.04185509483432175,0.0,0.0,0.0,1.0,0.0,0.0,0.0,0.0,0.0,0.0,0.0,0.0,0.0,0.038,-0.396,1.134,0.999,-0.045,-0.006,-0.003,-0.014,-0.013,0.041,-0.4,-0.2,-0.0,0.0,0.0,1.2,1.0,0.0,0.0,0.0,24.964537512765137,0.9849325059643974,0.1024736374446458,149.68338155326813,159.86870383421763,0.5,0.0021,0.0019,0.0116,0.0097
794,1763002652.6133523,0.007663475825814371,0.00879450661396005,0.4002508383163044,-0.005409911084083978,-0.4396223438298105,-0.35698002759353425,0.05450767866102624,0.02932206965260536,0.0,0.0,0.0,1.0,0.0,0.0,0.0,0.0,0.0,0.0,0.0,0.0,0.0,0.037,-0.395,1.135,0.999,-0.046,-0.003,-0.002,-0.011,0.019,0.016,0.1,0.0,0.0,0.0,0.0,1.2,1.0,0.0,0.0,0.0,24.962054682422096,0.9848954523877703,0.10204661216258082,149.57017540310792,159.86657437822,0.5,0.0023,0.0022,0.0102,0.012
795,1763002652.6493335,-0.020202963422441995,0.025450263150623244,0.4013074515413121,-0.004794834851492689,-0.27789804489998227,0.16743701602802794,0.050591216081706955,0.005609771217504483,0.0,0.0,0.0,1.0,0.0,0.0,0.0,0.0,0.0,0.0,0.0,0.0,0.0,0.036,-0.394,1.135,0.999,-0.042,-0.005,-0.002,-0.021,0.041,0.001,0.2,-0.1,-0.0,0.0,0.0,1.2,1.0,0.0,0.0,0.0,24.95901516978179,0.9848518121702292,0.10106028383316594,149.36329044551425,159.86291162916498,0.5,0.0015,0.0028,0.0095,0.0155
796,1763002652.678642,-0.06992586524786817,-0.009191487443057388,0.4049275084262108,-0.005435249745519824,-0.499249314596506,-0.343872479621744,0.07633131400311766,-0.006883632425420616,0.0,0.0,0.0,1.0,0.0,0.0,0.0,0.0,0.0,0.0,0.0,0.0,0.0,0.035,-0.392,1.132,0.999,-0.034,-0.003,-0.003,-0.044,0.045,-0.071,0.5,0.2,-0.0,0.0,0.0,1.2,1.0,0.0,0.0,0.0,24.953074157153736,0.9847689941061959,0.09966619230739096,149.5390748285634,159.8736615346394,0.5,0.0022,0.0021,0.0106,0.0102
797,1763002652.7091558,-0.01926642706822474,0.031182426750532698,0.40618569754684647,-0.007129392830017584,0.4996017952716476,0.4028199931915951,0.053074642048978195,-0.01748495581952958,0.0,0.0,0.0,1.0,0.0,0.0,0.0,0.0,0.0,0.0,0.0,0.0,0.0,0.033,-0.391,1.13,0.999,-0.036,-0.005,-0.004,-0.048,0.05,-0.061,-0.1,-0.1,-0.0,0.0,0.0,1.2,1.0,0.0,0.0,0.0,24.947792133611493,0.9846927621213234,0.09881017998144555,149.3348825974494,159.87137340075654,0.5,0.0024,0.0021,0.0098,0.0081
798,1763002652.7488198,0.006460043939667058,-0.008620310018119005,0.4084381311480173,-0.01298650096707751,0.2553380673720956,-0.39490912501146375,0.0631429057663935,-0.05928402065360102,0.0,0.0,0.0,1.0,0.0,0.0,0.0,0.0,0.0,0.0,0.0,0.0,0.0,0.031,-0.389,1.128,0.999,-0.038,-0.001,-0.005,-0.056,0.048,-0.085,-0.1,0.2,-0.1,0.0,0.0,1.2,1.0,0.0,0.0,0.0,24.94166577622469,0.9845979959871093,0.0978832482090986,149.49933301732395,159.87543841793928,0.5,0.0015,0.0016,0.01,0.0156
799,1763002652.7677383,0.005265234536811936,-0.006825209792558028,0.41068992641460517,-0.010372045390164389,-0.011302089634584456,0.017088971253797824,0.06336176578068083,0.024845905672423466,0.0,0.0,0.0,1.0,0.0,0.0,0.0,0.0,0.0,0.0,0.0,0.0,0.0,0.029,-0.387,1.124,0.999,-0.039,0.0,-0.004,-0.055,0.053,-0.102,0.0,0.1,0.0,0.0,0.0,1.2,1.0,0.0,0.0,0.0,24.934956145543026,0.9844856221940935,0.09803484745285893,149.48490150737948,159.87485597674393,0.5,0.0012,0.0013,0.0068,0.0045
800,1763002652.8112636,-0.037869432509977194,0.023843286825100066,0.41146295513778236,-0.010094967995784972,-0.43082014701421006,0.3060024451973251,0.048799279873232085,0.0017335694047777225,0.0,0.0,0.0,1.0,0.0,0.0,0.0,0.0,0.0,0.0,0.0,0.0,0.0,0.028,-0.386,1.121,0.999,-0.035,-0.001,-0.005,-0.055,0.044,-0.082,0.2,-0.1,-0.0,0.0,0.0,1.2,1.0,0.0,0.0,0.0,24.929209721192343,0.9843806638304106,0.09677595960473648,149.14836783847485,159.85929545479263,0.5,0.0016,0.0015,0.0097,0.0118
801,1763002652.8525822,-0.03701553428624947,0.03429115704903924,0.41242564681192423,-0.009670909610249603,0.0047520389862796275,0.10686303092190179,0.05077321225519688,0.003231087055775189,0.0,0.0,0.0,1.0,0.0,0.0,0.0,0.0,0.0,0.0,0.0,0.0,0.0,0.026,-0.386,1.118,0.999,-0.033,-0.002,-0.005,-0.057,0.015,-0.093,-0.0,-0.1,0.0,0.0,0.0,1.2,1.0,0.0,0.0,0.0,24.923029095482583,0.9842589027942917,0.09716301563821504,148.91586968036373,159.8577027116735,0.5,0.0022,0.0043,0.0106,0.0154
802,1763002652.8842776,-0.04218188287610731,0.03700539281497515,0.4123962015526346,-0.01601895716265918,-0.05536503932720327,0.030571473364263017,0.040948112088296684,-0.06444756648512076,0.0,0.0,0.0,1.0,0.0,0.0,0.0,0.0,0.0,0.0,0.0,0.0,0.0,0.025,-0.386,1.117,0.999,-0.033,-0.003,-0.006,-0.049,0.0,-0.071,0.0,-0.1,-0.1,0.0,0.0,1.2,1.0,0.0,0.0,0.0,24.917816681302973,0.9841496739809489,0.0984380396820424,148.47106819169107,159.86217006665254,0.5,0.0021,0.0021,0.0094,0.0169
803,1763002652.9234064,-0.004293275178795984,0.014246176381024132,0.412504673360526,-0.013291045228964937,0.3746678886855026,-0.2238916250580126,0.042324338234176445,0.025677223620676516,0.0,0.0,0.0,1.0,0.0,0.0,0.0,0.0,0.0,0.0,0.0,0.0,0.0,0.023,-0.387,1.114,0.999,-0.036,-0.0,-0.006,-0.047,-0.037,-0.066,-0.3,0.0,-0.0,0.0,0.0,1.2,1.0,0.0,0.0,0.0,24.912766560260117,0.9840367529429149,0.09722998793535781,148.87018350340807,159.86912134986088,0.5,0.0023,0.0076,0.0099,0.0168
804,1763002652.954853,0.009841768084492032,-0.03499312905946496,0.41320236617103934,-0.017721502152043572,0.14092110511500056,-0.4909684367667885,0.04822739544118622,-0.04563367375368285,0.0,0.0,0.0,1.0,0.0,0.0,0.0,0.0,0.0,0.0,0.0,0.0,0.0,0.022,-0.389,1.112,0.999,-0.041,0.004,-0.007,-0.04,-0.051,-0.07,-0.3,0.3,-0.1,0.0,0.0,1.2,1.0,0.0,0.0,0.0,24.907474144961363,0.9839132871354913,0.0972446223399345,149.78754484665512,159.87996396228968,0.5,0.0021,0.002,0.0164,0.0098
805,1763002652.9929142,-0.00739480223397386,-0.056780611411274814,0.4138927681479294,-0.008525045398665845,-0.17138152637620974,-0.22137413642404516,0.04822425638600469,0.0901924173185729,0.0,0.0,0.0,1.0,0.0,0.0,0.0,0.0,0.0,0.0,0.0,0.0,0.0,0.021,-0.39,1.11,0.999,-0.042,0.007,-0.006,-0.024,-0.046,-0.072,-0.1,0.2,0.1,0.0,0.0,1.2,1.0,0.0,0.0,0.0,24.902007208434192,0.9837843834175116,0.09963166455845655,150.25433865382456,159.88219007241761,0.5,0.004,0.002,0.0097,0.0157
806,1763002653.0261297,-0.00949648686748629,-0.006672520474549144,0.4137620463114437,-0.008578349502225658,-0.021756326558521666,0.4954028482261292,0.04008205844993469,-0.0013855455754647195,0.0,0.0,0.0,1.0,0.0,0.0,0.0,0.0,0.0,0.0,0.0,0.0,0.0,0.021,-0.392,1.108,0.999,-0.044,0.002,-0.004,-0.008,-0.058,-0.054,-0.1,-0.3,0.0,0.0,0.0,1.2,1.0,0.0,0.0,0.0,24.897218294436996,0.9836710437842583,0.09566041044882981,150.36562409827272,159.89372731160142,0.5,0.0021,0.0021,0.0174,0.0105
807,1763002653.0613117,-0.046320857809534995,0.01968971472249412,0.4136301744207761,-0.007449486278539572,-0.36919335810723564,0.2629550999229777,0.04005748572446868,0.010430797286638286,0.0,0.0,0.0,1.0,0.0,0.0,0.0,0.0,0.0,0.0,0.0,0.0,0.0,0.021,-0.394,1.107,0.999,-0.042,-0.001,-0.004,-0.001,-0.064,-0.047,0.1,-0.2,0.0,0.0,0.0,1.2,1.0,0.0,0.0,0.0,24.89259811361243,0.9835629363099122,0.09394988790395675,150.2331512468637,159.9004552155133,0.5,0.0022,0.0079,0.01,0.0139
808,1763002653.0888638,-0.03969188293746395,0.017399280458966243,0.41245851402910944,-0.006117171515190015,0.06165766293975711,-0.020935371163029334,0.029646413525411103,0.0125781990056416,0.0,0.0,0.0,1.0,0.0,0.0,0.0,0.0,0.0,0.0,0.0,0.0,0.0,0.021,-0.397,1.106,0.999,-0.043,-0.003,-0.003,0.001,-0.073,-0.02,-0.0,-0.1,0.0,0.0,0.0,1.2,1.0,0.0,0.0,0.0,24.88899238249434,0.9834805412500142,0.09452818198305908,150.11573361319876,159.90554241911704,0.5,0.0023,0.0021,0.0116,0.0102
809,1763002653.1157877,-0.07970067704106254,-0.029905471927376283,0.4104071628345045,-0.005329932867627368,-0.40405712932973226,-0.4713075958175286,0.020732339456860985,0.0072606693241074665,0.0,0.0,0.0,1.0,0.0,0.0,0.0,0.0,0.0,0.0,0.0,0.0,0.0,0.021,-0.399,1.107,0.999,-0.04,0.001,-0.003,0.002,-0.089,0.022,0.2,0.2,-0.0,0.0,0.0,1.2,1.0,0.0,0.0,0.0,24.8869995195364,0.9834386554141846,0.09523717644543887,149.45975003068708,159.89256073102317,0.5,0.0022,0.0021,0.0113,0.01
810,1763002653.1494896,-0.061268427721760256,-0.07588120583344873,0.4080327672461551,-0.006357949632167032,0.1763524254889166,-0.46274788625346214,0.01729676039995663,-0.01081316093215938,0.0,0.0,0.0,1.0,0.0,0.0,0.0,0.0,0.0,0.0,0.0,0.0,0.0,0.021,-0.404,1.109,0.999,-0.041,0.007,-0.004,0.008,-0.115,0.045,-0.0,0.3,-0.0,0.0,0.0,1.2,1.0,0.0,0.0,0.0,24.885740613745888,0.983414740137697,0.09858487123141266,148.949130799811,159.8669060044464,0.5,0.0023,0.0041,0.0115,0.0116
811,1763002653.171816,-0.07750131697984242,-0.10694428752769802,0.40727093821054633,-0.005999952261722769,-0.16845573535299752,-0.3182189375258378,0.03318498636852739,0.002944178741225943,0.0,0.0,0.0,1.0,0.0,0.0,0.0,0.0,0.0,0.0,0.0,0.0,0.0,0.022,-0.408,1.11,0.999,-0.041,0.011,-0.004,0.02,-0.127,0.037,0.1,0.3,0.0,0.0,0.0,1.2,1.0,0.0,0.0,0.0,24.88388969990793,0.9833854207936018,0.10733607967673085,147.5559469464685,159.7803732996645,0.5,0.0023,0.0021,0.0081,0.006
812,1763002653.2045133,-0.047290008620040555,-0.09845536464367394,0.40610478362922675,-0.0060058123316939355,0.29436295190003436,0.07419480008747106,0.0290655480078592,-0.0006585959258839386,0.0,0.0,0.0,1.0,0.0,0.0,0.0,0.0,0.0,0.0,0.0,0.0,0.0,0.023,-0.413,1.112,0.999,-0.044,0.011,-0.004,0.045,-0.153,0.052,-0.1,0.1,-0.0,0.0,0.0,1.2,1.0,0.0,0.0,0.0,24.88253085822289,0.9833667566393531,0.11322116032974029,146.8121804494984,159.68843622877245,0.5,0.0016,0.0016,0.0084,0.0062
813,1763002653.248242,-0.0001553888394331543,-0.05441692655481174,0.40525095287666696,0.0012218678319971428,0.4666171969440699,0.43053884442425455,0.03207217083732476,0.07167622040374139,0.0,0.0,0.0,1.0,0.0,0.0,0.0,0.0,0.0,0.0,0.0,0.0,0.0,0.026,-0.419,1.114,0.999,-0.05,0.008,-0.003,0.072,-0.163,0.063,-0.3,-0.2,0.1,0.0,0.0,1.2,1.0,0.0,0.0,0.0,24.881492313454423,0.9833504814818435,0.11144152784774812,147.85208046327446,159.73516747773542,0.5,0.0014,0.0024,0.0102,0.0141
814,1763002653.2866402,-0.01159117137253829,-0.005783415003556641,0.40464827373063794,0.005196845793442491,-0.11437336421499456,0.4808934228570699,0.034498303827377015,0.0398719663976532,0.0,0.0,0.0,1.0,0.0,0.0,0.0,0.0,0.0,0.0,0.0,0.0,0.0,0.029,-0.424,1.116,0.999,-0.052,0.0,-0.002,0.09,-0.158,0.074,-0.2,-0.4,0.1,0.0,0.0,1.2,1.0,0.0,0.0,0.0,24.88076200215064,0.9833383862163888,0.10905427825033372,149.41492752235916,159.8359886378234,0.5,0.0024,0.0083,0.0099,0.0128
815,1763002653.3154602,-0.014763342913410492,0.013051999274576363,0.40427222856900935,0.007805860215737097,-0.0328808325459759,0.18777580128097443,0.036704375756778186,0.026609828802290313,0.0,0.0,0.0,1.0,0.0,0.0,0.0,0.0,0.0,0.0,0.0,0.0,0.0,0.029,-0.424,1.116,0.999,-0.052,0.0,-0.002,0.09,-0.158,0.074,-0.2,-0.4,0.1,0.0,0.0,1.2,1.0,0.0,0.0,0.0,24.879843658827685,0.983326210813813,0.11037580179137477,151.0795128380056,159.92937741421386,0.5,0.0022,0.002,0.009,0.0149
816,1763002653.3468227,-0.01593768822238273,0.00429602324632433,0.40464214750127026,0.003427874673817329,-0.013219787381063386,-0.08625456035506268,0.044126412179509425,-0.042999269397623975,0.0,0.0,0.0,1.0,0.0,0.0,0.0,0.0,0.0,0.0,0.0,0.0,0.0,0.035,-0.434,1.119,0.998,-0.055,-0.007,-0.001,0.103,-0.138,0.054,-0.1,-0.2,0.0,0.0,0.0,1.2,1.0,0.0,0.0,0.0,24.877952220881458,0.9833156826166269,0.11188666825697183,151.62599796172205,159.96105644604458,0.5,0.0023,0.0043,0.0108,0.0093
817,1763002653.3804576,-0.027620262164194345,-0.007565211366076571,0.4052721622331314,0.0011014274629965772,-0.11841950824035447,-0.11818274379937656,0.046764362068738366,-0.022921684640825786,0.0,0.0,0.0,1.0,0.0,0.0,0.0,0.0,0.0,0.0,0.0,0.0,0.0,0.039,-0.438,1.121,0.998,-0.055,-0.009,-0.001,0.105,-0.127,0.04,0.0,-0.1,-0.0,0.0,0.0,1.2,1.0,0.0,0.0,0.0,24.87542872480366,0.9833104900848705,0.11210094530795547,151.56559192222892,159.9654744244788,0.5,0.0024,0.0021,0.0097,0.0123
818,1763002653.4182172,-0.0005636890784820082,-0.025440220531435947,0.4051449632393467,-0.007892566757477817,0.2678037046407039,-0.17950661279020141,0.03925522628546635,-0.08982979945844427,0.0,0.0,0.0,1.0,0.0,0.0,0.0,0.0,0.0,0.0,0.0,0.0,0.0,0.042,-0.441,1.122,0.998,-0.057,-0.008,-0.003,0.094,-0.11,0.045,-0.1,0.0,-0.1,0.0,0.0,1.2,1.0,0.0,0.0,0.0,24.873117247929954,0.9833104934944029,0.1116653721656819,151.5557123632685,159.95788065206608,0.5,0.0023,0.0021,0.0158,0.0113
819,1763002653.4455774,0.027534686201017608,-0.030584817409935336,0.40545197332492294,-0.012118389881786807,0.280927383887148,-0.05398999083813748,0.04358459717969724,-0.04304748791883771,0.0,0.0,0.0,1.0,0.0,0.0,0.0,0.0,0.0,0.0,0.0,0.0,0.0,0.044,-0.443,1.123,0.998,-0.059,-0.008,-0.003,0.096,-0.095,0.034,-0.2,-0.0,-0.1,0.0,0.0,1.2,1.0,0.0,0.0,0.0,24.870341118213354,0.9833159114111667,0.1125728848515538,151.8216572659948,159.9584639224776,0.5,0.0023,0.0021,0.0095,0.0115
820,1763002653.4751527,0.047270192146401366,-0.007857884266726855,0.4062205882324313,-0.008316644862254594,0.2001085280739393,0.22421084969109129,0.048231346407575204,0.036805611207143464,0.0,0.0,0.0,1.0,0.0,0.0,0.0,0.0,0.0,0.0,0.0,0.0,0.0,0.048,-0.446,1.123,0.998,-0.06,-0.01,-0.003,0.086,-0.063,0.017,-0.2,-0.1,0.0,0.0,0.0,1.2,1.0,0.0,0.0,0.0,24.86688942736371,0.9833290661289117,0.1150213739490915,152.2878869853588,159.97088839738012,0.5,0.0016,0.0015,0.0088,0.0099
821,1763002653.5095603,0.030603033831918217,-0.0027094158579677678,0.4072386348369011,-0.00610558553495099,-0.16194456393019124,0.050698895660918175,0.05080252486794129,0.021278928786810567,0.0,0.0,0.0,1.0,0.0,0.0,0.0,0.0,0.0,0.0,0.0,0.0,0.0,0.051,-0.447,1.124,0.998,-0.06,-0.01,-0.003,0.083,-0.035,-0.0,-0.0,-0.1,0.0,0.0,0.0,1.2,1.0,0.0,0.0,0.0,24.86281248457517,0.9833511100849324,0.11563170517354714,152.48584288987163,159.97507153150684,0.5,0.0016,0.0016,0.0097,0.0099
822,1763002653.544705,-0.01966415135257718,-0.04340502854961956,0.4076277579567467,-0.0051578854340432155,-0.49961154846176203,-0.4072270685023147,0.04461509468214719,0.008866442455582654,0.0,0.0,0.0,1.0,0.0,0.0,0.0,0.0,0.0,0.0,0.0,0.0,0.0,0.053,-0.447,1.124,0.999,-0.053,-0.01,-0.003,0.072,-0.014,0.006,0.4,0.2,0.0,0.0,0.0,1.2,1.0,0.0,0.0,0.0,24.859084981440237,0.9833748597189519,0.10900241913262915,152.1082235140486,159.95296440919958,0.5,0.0022,0.002,0.0098,0.0107
823,1763002653.5768368,-0.05205723890473108,-0.014602972329821502,0.40660900624179525,-0.0049390106236714805,-0.3258972906567967,0.2836800593430187,0.030575258646159294,0.0016729595603130303,0.0,0.0,0.0,1.0,0.0,0.0,0.0,0.0,0.0,0.0,0.0,0.0,0.0,0.055,-0.448,1.124,0.999,-0.046,-0.008,-0.003,0.071,-0.014,0.02,0.2,-0.1,0.0,0.0,0.0,1.2,1.0,0.0,0.0,0.0,24.85599660187964,0.983394219188395,0.10831433207664974,152.22967397822376,159.95500537446418,0.5,0.0013,0.0013,0.0093,0.0115
824,1763002653.6117668,-0.007797166707417376,-0.012416071450027724,0.4044363298119618,-0.0033744032121684696,0.43739499808266386,0.02040871156495558,0.018934136325845757,0.015152173052662966,0.0,0.0,0.0,1.0,0.0,0.0,0.0,0.0,0.0,0.0,0.0,0.0,0.0,0.058,-0.449,1.126,0.999,-0.047,-0.008,-0.002,0.077,-0.024,0.06,-0.1,-0.1,0.0,0.0,0.0,1.2,1.0,0.0,0.0,0.0,24.854609375386314,0.9834013073006381,0.10802649858491194,152.389488269552,159.95682839716733,0.5,0.0009,0.0011,0.0128,0.0102
825,1763002653.632363,-0.011074134538274188,-0.02480897499891853,0.40411179891672316,0.004952345039316741,-0.03354939497930981,-0.12517064263391084,0.03719832402880914,0.08293004219363526,0.0,0.0,0.0,1.0,0.0,0.0,0.0,0.0,0.0,0.0,0.0,0.0,0.0,0.061,-0.45,1.128,0.999,-0.049,-0.009,-0.0,0.08,-0.048,0.045,-0.1,0.0,0.1,0.0,0.0,1.2,1.0,0.0,0.0,0.0,24.852509601984714,0.9834139163380079,0.10776033730196181,152.34771806532487,159.95398671944818,0.5,0.0014,0.0011,0.0053,0.0041
826,1763002653.6822772,-0.009258979859345338,0.013771396816391189,0.40465458332182697,0.008928673631362167,0.01704413333546112,0.3833228206532053,0.045839023942710305,0.040258520424385935,0.0,0.0,0.0,1.0,0.0,0.0,0.0,0.0,0.0,0.0,0.0,0.0,0.0,0.063,-0.452,1.129,0.999,-0.051,-0.012,0.001,0.071,-0.059,0.026,-0.1,-0.2,0.1,0.0,0.0,1.2,1.0,0.0,0.0,0.0,24.849620689748516,0.983432835108311,0.10791314885074521,152.72218206383468,159.95087345264486,0.5,0.0022,0.0022,0.014,0.0101
827,1763002653.7139714,-0.004892570439271909,-0.02270669369439387,0.40473165445258386,0.006970940998342822,0.042738196214799795,-0.36340376542621144,0.04123616963975235,-0.018684458967057224,0.0,0.0,0.0,1.0,0.0,0.0,0.0,0.0,0.0,0.0,0.0,0.0,0.0,0.065,-0.454,1.13,0.999,-0.052,-0.011,0.002,0.066,-0.053,0.033,-0.1,0.1,0.0,0.0,0.0,1.2,1.0,0.0,0.0,0.0,24.8470922967013,0.9834506524624067,0.10699750331915814,152.53381870922811,159.94531615296683,0.5,0.0021,0.002,0.0105,0.0124
828,1763002653.7445207,0.0037652099659411242,-0.013340648948316484,0.40504477097509545,0.004914598993297119,0.08608854700820318,0.0913897780913344,0.04360433067037376,-0.01986632595062275,0.0,0.0,0.0,1.0,0.0,0.0,0.0,0.0,0.0,0.0,0.0,0.0,0.0,0.067,-0.455,1.13,0.998,-0.054,-0.011,0.002,0.056,-0.047,0.024,-0.1,-0.0,0.0,0.0,0.0,1.2,1.0,0.0,0.0,0.0,24.8442195476616,0.9834716970281837,0.10698757505483372,152.4983797762089,159.94368123659996,0.5,0.0021,0.002,0.0106,0.0098
829,1763002653.777627,0.03493282214312016,-0.006957291323385914,0.40455245002458884,0.0034483716747214866,0.31205264276838435,0.06249951135447407,0.03558126759244258,-0.014170813286426618,0.0,0.0,0.0,1.0,0.0,0.0,0.0,0.0,0.0,0.0,0.0,0.0,0.0,0.068,-0.456,1.132,0.998,-0.057,-0.011,0.001,0.042,-0.032,0.036,-0.2,0.0,-0.0,0.0,0.0,1.2,1.0,0.0,0.0,0.0,24.841932007669644,0.983488149567781,0.10745968605638617,152.56420652725734,159.94560843045804,0.5,0.0022,0.0032,0.0095,0.0093
830,1763002653.817374,-0.014109440033562806,-0.006523219729511049,0.4046593567280284,-0.0042509179519663815,-0.4869293395525175,0.0036449868064100527,0.04152431203685432,-0.07664805909940653,0.0,0.0,0.0,1.0,0.0,0.0,0.0,0.0,0.0,0.0,0.0,0.0,0.0,0.069,-0.457,1.133,0.998,-0.054,-0.01,0.0,0.034,-0.017,0.031,0.2,0.0,-0.1,0.0,0.0,1.2,1.0,0.0,0.0,0.0,24.83946364275016,0.9835067454406001,0.10554244467395983,152.52328521797182,159.94019948268112,0.5,0.0024,0.0022,0.016,0.0097
831,1763002653.8520346,-0.02240236621851699,0.03520440580426629,0.4039413041777481,-0.00777653230794854,-0.08434020585289806,0.4166239333648223,0.0332854101699999,-0.03568123535501822,0.0,0.0,0.0,1.0,0.0,0.0,0.0,0.0,0.0,0.0,0.0,0.0,0.0,0.07,-0.458,1.134,0.999,-0.052,-0.014,-0.0,0.027,-0.015,0.037,0.1,-0.2,-0.1,0.0,0.0,1.2,1.0,0.0,0.0,0.0,24.837278872092718,0.9835218952091368,0.10590118808196217,152.74585576728285,159.93893469491636,0.5,0.006,0.0022,0.0107,0.0116
832,1763002653.8806636,-0.04462240710767292,-0.012444616047511,0.4034588438913876,-0.0037961777959864343,-0.22444064551341097,-0.4729697779373462,0.03556952755416997,0.03902589188882621,0.0,0.0,0.0,1.0,0.0,0.0,0.0,0.0,0.0,0.0,0.0,0.0,0.0,0.07,-0.458,1.135,0.999,-0.05,-0.01,-0.001,0.018,-0.02,0.043,0.2,0.2,-0.0,0.0,0.0,1.2,1.0,0.0,0.0,0.0,24.83536126639903,0.9835351257847943,0.1044882495922831,152.49341900005768,159.94384125615278,0.5,0.0022,0.0024,0.0129,0.0096
833,1763002653.91594,-0.017478756520265572,0.0004853346910139167,0.4026168688851548,-0.0024300047975059813,0.26697426516330625,0.12805504578049803,0.031926134326811524,0.013282112205205886,0.0,0.0,0.0,1.0,0.0,0.0,0.0,0.0,0.0,0.0,0.0,0.0,0.0,0.071,-0.459,1.137,0.999,-0.051,-0.011,-0.0,0.017,-0.028,0.048,-0.0,-0.0,0.0,0.0,0.0,1.2,1.0,0.0,0.0,0.0,24.833663455067317,0.9835455407908936,0.10487006427787406,152.38318385885782,159.94378629443435,0.5,0.0035,0.0022,0.0115,0.012
834,1763002653.944279,0.029129847039267666,-0.01952978706471902,0.4015008642686668,-0.001556295901569413,0.4643381599433058,-0.20010268408822796,0.02910164072363515,0.008494088479615091,0.0,0.0,0.0,1.0,0.0,0.0,0.0,0.0,0.0,0.0,0.0,0.0,0.0,0.071,-0.46,1.139,0.998,-0.055,-0.007,-0.001,0.005,-0.015,0.064,-0.2,0.1,-0.0,0.0,0.0,1.2,1.0,0.0,0.0,0.0,24.832678788268286,0.9835501137877359,0.10375891187253324,152.53575793074648,159.94075758474202,0.5,0.0023,0.0022,0.0093,0.0102
835,1763002653.9775248,0.07024270187290571,0.02685126917977839,0.40119343668993723,-0.00384000678487033,0.4140415330403072,0.4618575837385022,0.037075810639570356,-0.022992738423166112,0.0,0.0,0.0,1.0,0.0,0.0,0.0,0.0,0.0,0.0,0.0,0.0,0.0,0.071,-0.46,1.141,0.998,-0.06,-0.01,-0.002,-0.004,0.001,0.053,-0.3,-0.2,-0.0,0.0,0.0,1.2,1.0,0.0,0.0,0.0,24.83125368077237,0.9835584006964185,0.10514301024161789,152.86962353266406,159.93829518855895,0.5,0.0027,0.0029,0.0092,0.0093
836,1763002654.0131652,0.020306963284792784,0.036729185651593776,0.40133764727132193,-0.004259302062975697,-0.4923331156938387,0.10146429163613171,0.041561449482841226,-0.004576953459540704,0.0,0.0,0.0,1.0,0.0,0.0,0.0,0.0,0.0,0.0,0.0,0.0,0.0,0.07,-0.459,1.143,0.998,-0.057,-0.012,-0.002,-0.014,0.026,0.048,0.2,-0.1,-0.0,0.0,0.0,1.2,1.0,0.0,0.0,0.0,24.829694637502453,0.9835688201649848,0.10338121567327,152.96352896088143,159.95010281862386,0.5,0.0018,0.0022,0.0101,0.0123
837,1763002654.0474439,-0.027064528150897896,-0.01275594509990105,0.4012699415636932,0.003972386859429376,-0.4716842180284273,-0.4911783889497888,0.039456707650845094,0.08189095901775315,0.0,0.0,0.0,1.0,0.0,0.0,0.0,0.0,0.0,0.0,0.0,0.0,0.0,0.07,-0.458,1.144,0.999,-0.051,-0.008,-0.0,-0.019,0.041,0.039,0.3,0.3,0.1,0.0,0.0,1.2,1.0,0.0,0.0,0.0,24.827821767602778,0.9835804998080664,0.09832991775430781,153.4108798619686,159.9577365064902,0.5,0.0017,0.002,0.0133,0.0104
838,1763002654.0823352,-0.007592543414350311,-0.017604158389407966,0.4013208740894465,0.007384376090691607,0.19201339455038602,-0.04975772740505929,0.040636319413901306,0.03451713099856525,0.0,0.0,0.0,1.0,0.0,0.0,0.0,0.0,0.0,0.0,0.0,0.0,0.0,0.069,-0.456,1.144,0.999,-0.05,-0.005,0.001,-0.021,0.043,0.028,0.1,0.1,0.1,0.0,0.0,1.2,1.0,0.0,0.0,0.0,24.82556543849662,0.9835945484257044,0.09885349978671856,153.51757273690924,159.96598046547535,0.5,0.0038,0.0013,0.0098,0.0139
839,1763002654.1022837,0.012930425249876355,-0.006754190517913896,0.40137707557490176,0.010528397892538056,0.20447043230083162,0.10673926287599991,0.040694102263496665,0.03217865562753366,0.0,0.0,0.0,1.0,0.0,0.0,0.0,0.0,0.0,0.0,0.0,0.0,0.0,0.068,-0.455,1.145,0.999,-0.051,-0.004,0.002,-0.025,0.05,0.029,-0.0,0.0,0.1,0.0,0.0,1.2,1.0,0.0,0.0,0.0,24.823473107577943,0.9836060676383257,0.09913257577203921,153.51334875306313,159.9673286168451,0.5,0.0012,0.0011,0.0073,0.006
840,1763002654.148555,0.034737351002626024,0.03245011419782534,0.40095924363710855,0.006238292509858262,0.21936230005248442,0.39136762810560105,0.035959388179557905,-0.04184821403754413,0.0,0.0,0.0,1.0,0.0,0.0,0.0,0.0,0.0,0.0,0.0,0.0,0.0,0.068,-0.452,1.147,0.999,-0.052,-0.007,0.002,-0.029,0.059,0.037,-0.1,-0.2,-0.0,0.0,0.0,1.2,1.0,0.0,0.0,0.0,24.82182385201256,0.9836134603788858,0.09845330578102718,153.45124290263206,159.9580826139349,0.5,0.0028,0.0046,0.0097,0.0109
841,1763002654.1801884,0.03142593684895638,0.019574690787905375,0.40106431749558696,0.005009393575131924,-0.02964040643643384,-0.1255092226794171,0.041146662948495734,-0.011665160096277553,0.0,0.0,0.0,1.0,0.0,0.0,0.0,0.0,0.0,0.0,0.0,0.0,0.0,0.066,-0.451,1.148,0.999,-0.053,-0.008,0.002,-0.033,0.061,0.029,-0.0,-0.0,-0.0,0.0,0.0,1.2,1.0,0.0,0.0,0.0,24.819908572147984,0.9836203260148071,0.09888465684585865,153.37464567224893,159.95780640100523,0.5,0.0025,0.0021,0.0119,0.0103
842,1763002654.219085,0.01378881250220313,0.0015040253616280912,0.4012716806062954,-0.0033095487811425055,-0.17322864978263686,-0.1787491851839823,0.042180062856643066,-0.08268848420523109,0.0,0.0,0.0,1.0,0.0,0.0,0.0,0.0,0.0,0.0,0.0,0.0,0.0,0.065,-0.448,1.148,0.999,-0.051,-0.006,0.0,-0.043,0.067,0.024,0.1,0.1,-0.1,0.0,0.0,1.2,1.0,0.0,0.0,0.0,24.817873405403187,0.9836250952857042,0.09804311124104598,153.53074310846688,159.95397999822154,0.5,0.0024,0.002,0.015,0.0128
843,1763002654.250231,-0.03340632881601423,-0.003501446701116578,0.401510376953515,-0.007084274572529606,-0.4705725319319533,-0.04990431809128389,0.04251413153282535,-0.03807821279198526,0.0,0.0,0.0,1.0,0.0,0.0,0.0,0.0,0.0,0.0,0.0,0.0,0.0,0.065,-0.447,1.149,0.999,-0.048,-0.007,-0.0,-0.031,0.073,0.018,0.4,0.1,-0.1,0.0,0.0,1.2,1.0,0.0,0.0,0.0,24.81567443075574,0.9836263818875778,0.09713098231607711,154.21062532968315,159.94762528049657,0.5,0.0022,0.0021,0.0092,0.0165
844,1763002654.2942426,-0.04971531385984832,-0.042027927803067494,0.4020512747994838,-0.010303265344735822,-0.16643048331994229,-0.38561495568962073,0.045560016155039844,-0.03289833517931512,0.0,0.0,0.0,1.0,0.0,0.0,0.0,0.0,0.0,0.0,0.0,0.0,0.0,0.063,-0.444,1.149,0.999,-0.04,-0.0,-0.002,-0.021,0.051,0.003,0.2,0.2,-0.1,0.0,0.0,1.2,1.0,0.0,0.0,0.0,24.812909663240312,0.9836257480949671,0.09978200618349804,154.48491077262833,159.95300291221122,0.5,0.0022,0.0057,0.0166,0.0163
845,1763002654.3078914,-0.0061474408626131585,-0.022482367372965023,0.40180666614728405,-0.006904789545589441,0.4307071985863668,0.19125281152071794,0.03775904095795038,0.03295443145699024,0.0,0.0,0.0,1.0,0.0,0.0,0.0,0.0,0.0,0.0,0.0,0.0,0.0,0.063,-0.443,1.149,0.999,-0.042,-0.001,-0.002,-0.018,0.04,0.016,-0.1,0.0,-0.0,0.0,0.0,1.2,1.0,0.0,0.0,0.0,24.810789561977657,0.9836224215332204,0.09904209497681744,154.42720250185235,159.95247499324378,0.5,0.0009,0.001,0.0055,0.0054
846,1763002654.344057,0.021847861757476897,-0.02814326274471117,0.40264867299310036,-0.004497424659624855,0.27933828211463924,-0.0588571904547579,0.04860073507289161,0.023383169905086924,0.0,0.0,0.0,1.0,0.0,0.0,0.0,0.0,0.0,0.0,0.0,0.0,0.0,0.063,-0.443,1.149,0.999,-0.048,-0.001,-0.002,0.009,0.02,0.0,-0.2,0.0,0.0,0.0,0.0,1.2,1.0,0.0,0.0,0.0,24.808036474038495,0.9836141639711663,0.09777090871711917,154.38544159861777,159.9539958485972,0.5,0.0014,0.0015,0.0137,0.0072
847,1763002654.3750727,0.003906113249357135,-0.01316254609586902,0.40307174994450806,0.002761788682696241,-0.17723269890544985,0.14699284021395037,0.044495636813386925,0.07214239095724848,0.0,0.0,0.0,1.0,0.0,0.0,0.0,0.0,0.0,0.0,0.0,0.0,0.0,0.064,-0.442,1.149,0.999,-0.045,0.001,-0.001,0.017,0.019,0.007,-0.1,-0.2,0.1,0.0,0.0,1.2,1.0,0.0,0.0,0.0,24.805670039176423,0.9836032380697393,0.09621760513121122,154.53536100678537,159.94941932536574,0.5,0.0016,0.0016,0.0094,0.0092
848,1763002654.4156342,0.012424083017553558,-0.012608903802613211,0.4028557043445242,0.00712300408808587,0.08557030900689994,0.004220168322971174,0.038146718994612014,0.043888332922165915,0.0,0.0,0.0,1.0,0.0,0.0,0.0,0.0,0.0,0.0,0.0,0.0,0.0,0.064,-0.441,1.15,0.999,-0.048,-0.002,0.0,0.015,0.021,0.013,-0.1,-0.1,0.1,0.0,0.0,1.2,1.0,0.0,0.0,0.0,24.803613611668844,0.9835910833550702,0.096010705860084,154.58383435839258,159.94897099816197,0.5,0.0023,0.0019,0.015,0.0097
849,1763002654.4461844,0.0012846777079404473,-0.012181289260740786,0.4030312116032617,0.008819814350524095,-0.11015164479437567,0.0030152550384629356,0.04204064302182767,0.017680403033190843,0.0,0.0,0.0,1.0,0.0,0.0,0.0,0.0,0.0,0.0,0.0,0.0,0.0,0.065,-0.441,1.15,0.999,-0.048,-0.002,0.0,0.013,0.023,0.008,-0.0,-0.1,0.1,0.0,0.0,1.2,1.0,0.0,0.0,0.0,24.8013802848901,0.9835751443134458,0.09610987680291064,154.6360448646932,159.94805808857905,0.5,0.0023,0.002,0.0102,0.0103
850,1763002654.479834,0.012785610941417985,-0.017677165014622055,0.40332122654872155,0.00529706082816637,0.11513780010556945,-0.05617688646488675,0.04320327061492439,-0.034345553788524816,0.0,0.0,0.0,1.0,0.0,0.0,0.0,0.0,0.0,0.0,0.0,0.0,0.0,0.065,-0.44,1.15,0.999,-0.048,-0.004,0.001,0.012,0.022,0.001,-0.1,-0.0,0.0,0.0,0.0,1.2,1.0,0.0,0.0,0.0,24.798893982677765,0.9835548097513447,0.0962504204778268,154.50353694598877,159.95131854285844,0.5,0.0022,0.0019,0.0124,0.01
851,1763002654.5137582,-0.017748790148212897,-0.0179116529949201,0.40355411067122926,0.00354609441274098,-0.304065449802167,-0.0041125963044426755,0.042660963879948485,-0.016979958071437252,0.0,0.0,0.0,1.0,0.0,0.0,0.0,0.0,0.0,0.0,0.0,0.0,0.0,0.066,-0.439,1.15,0.999,-0.046,-0.004,0.001,0.008,0.02,0.003,0.1,0.0,0.0,0.0,0.0,1.2,1.0,0.0,0.0,0.0,24.79654699231095,0.9835328319569245,0.09599637094085745,154.43267923667148,159.9496075575748,0.5,0.0022,0.0023,0.0115,0.0112
852,1763002654.5467937,-0.05358437031262074,-0.031628744773011475,0.40308565765888416,-0.003334946301875691,-0.36013068065889964,-0.13896208308040578,0.03567088094367182,-0.0684557977048926,0.0,0.0,0.0,1.0,0.0,0.0,0.0,0.0,0.0,0.0,0.0,0.0,0.0,0.065,-0.439,1.151,0.999,-0.042,-0.002,-0.0,-0.006,0.01,0.014,0.2,0.1,-0.1,0.0,0.0,1.2,1.0,0.0,0.0,0.0,24.794699597490805,0.9835142382649915,0.09675712570359711,154.18321172915293,159.95393179469676,0.5,0.0024,0.0021,0.0098,0.0124
853,1763002654.5804152,-0.027860913270129677,-0.008157740468763705,0.40138372978917297,-0.006873385942093538,0.2518761333936485,0.23154716856517651,0.023289287068776355,-0.03571789103236603,0.0,0.0,0.0,1.0,0.0,0.0,0.0,0.0,0.0,0.0,0.0,0.0,0.0,0.065,-0.439,1.153,0.999,-0.044,-0.006,0.0,-0.009,0.001,0.043,-0.0,-0.0,-0.1,0.0,0.0,1.2,1.0,0.0,0.0,0.0,24.794066769191343,0.9835083984620298,0.09782282873502604,154.00450412159438,159.95404421002706,0.5,0.0023,0.0021,0.0127,0.0099
854,1763002654.616914,0.00661198258487139,0.04004915012439602,0.39967282905782797,-0.009877380671849484,0.3419428672229976,0.4812531318847209,0.023029365665467934,-0.030727285891768815,0.0,0.0,0.0,1.0,0.0,0.0,0.0,0.0,0.0,0.0,0.0,0.0,0.0,0.065,-0.439,1.154,0.999,-0.047,-0.01,-0.001,-0.012,-0.008,0.066,-0.2,-0.3,-0.1,0.0,0.0,1.2,1.0,0.0,0.0,0.0,24.79432781101523,0.9835115205777044,0.09670773875392165,154.72120993021767,159.9501346332674,0.5,0.0022,0.006,0.0098,0.0121
855,1763002654.6382778,-0.017583089605707924,0.027194499248391013,0.39866849911640184,-0.012547877891540429,-0.24128952364730594,-0.12454159374761048,0.029923983491521824,-0.0276927102640944,0.0,0.0,0.0,1.0,0.0,0.0,0.0,0.0,0.0,0.0,0.0,0.0,0.0,0.064,-0.44,1.157,0.999,-0.047,-0.01,-0.003,-0.034,-0.015,0.069,-0.0,0.0,-0.1,0.0,0.0,1.2,1.0,0.0,0.0,0.0,24.794643280083136,0.9835167855255291,0.09723353988030987,154.67142782195387,159.95159433360618,0.5,0.0022,0.002,0.0079,0.0058
856,1763002654.6816063,-0.01907940585668684,0.024464304443211692,0.39752434675897497,-0.01533736886630287,-0.016721471470360016,-0.024582498126954136,0.02842532633737166,-0.029149697536778457,0.0,0.0,0.0,1.0,0.0,0.0,0.0,0.0,0.0,0.0,0.0,0.0,0.0,0.062,-0.44,1.16,0.999,-0.049,-0.009,-0.004,-0.041,-0.022,0.075,-0.0,0.0,-0.1,0.0,0.0,1.2,1.0,0.0,0.0,0.0,24.795155244687713,0.9835243275310221,0.09819185232202164,154.56597090847674,159.95564944018778,0.5,0.0023,0.0021,0.0095,0.0136
857,1763002654.7171783,-0.04285635519510385,-0.0008436882687828419,0.39613795887476005,-0.01192782881147278,-0.2396774339698387,-0.2506334966756242,0.025888555833748484,0.0325616636616706,0.0,0.0,0.0,1.0,0.0,0.0,0.0,0.0,0.0,0.0,0.0,0.0,0.0,0.061,-0.441,1.162,0.999,-0.045,-0.006,-0.005,-0.033,-0.024,0.094,0.1,0.1,-0.0,0.0,0.0,1.2,1.0,0.0,0.0,0.0,24.796400081686656,0.9835405431596417,0.09790215671052613,154.33356854906324,159.9561787786418,0.5,0.0022,0.0038,0.0109,0.0132
858,1763002654.748423,-0.012675925184731388,0.011975185319186482,0.395590072204501,-0.009822089715192509,0.2975186645842143,0.12810436705281492,0.03413492918488612,0.019864608081655445,0.0,0.0,0.0,1.0,0.0,0.0,0.0,0.0,0.0,0.0,0.0,0.0,0.0,0.06,-0.442,1.165,0.999,-0.048,-0.007,-0.004,-0.037,-0.029,0.077,-0.1,-0.0,0.0,0.0,0.0,1.2,1.0,0.0,0.0,0.0,24.796880943375115,0.9835466160045863,0.09782788853127293,154.3586006647581,159.9571189914468,0.5,0.0019,0.0022,0.0117,0.0126
859,1763002654.7829664,-0.0027099491488683097,-0.0018803517297177053,0.39533172069033545,-0.008305592151421405,0.0983921678401577,-0.13735785195712322,0.036975492078795,0.014182766666191761,0.0,0.0,0.0,1.0,0.0,0.0,0.0,0.0,0.0,0.0,0.0,0.0,0.0,0.058,-0.443,1.167,0.999,-0.051,-0.004,-0.004,-0.051,-0.028,0.078,-0.1,0.1,0.0,0.0,0.0,1.2,1.0,0.0,0.0,0.0,24.79743773627992,0.9835527519885943,0.09751708616611991,154.49672122742302,159.95669261171855,0.5,0.0014,0.0023,0.0135,0.0119
860,1763002654.8122513,-0.02121787932856504,-0.02283289404845059,0.3957287736144164,-0.021402046192440405,-0.1853502967118541,-0.2097134583603006,0.0435037013098427,-0.13179509962533212,0.0,0.0,0.0,1.0,0.0,0.0,0.0,0.0,0.0,0.0,0.0,0.0,0.0,0.057,-0.444,1.169,0.999,-0.049,-0.002,-0.007,-0.053,-0.03,0.063,0.0,0.2,-0.2,0.0,0.0,1.2,1.0,0.0,0.0,0.0,24.79739919770421,0.9835532202967091,0.0978315138396976,154.3259898166512,159.9644969341192,0.5,0.0025,0.0022,0.0097,0.0111
861,1763002654.8471649,-0.0025366485375780227,-0.029334722408206098,0.3951548081530805,-0.022869648534210356,0.1846905199770137,-0.06730157300240011,0.03383322274808311,-0.016816228036943565,0.0,0.0,0.0,1.0,0.0,0.0,0.0,0.0,0.0,0.0,0.0,0.0,0.0,0.055,-0.445,1.172,0.999,-0.05,0.001,-0.008,-0.037,-0.026,0.073,-0.1,0.1,-0.1,0.0,0.0,1.2,1.0,0.0,0.0,0.0,24.79784175495637,0.9835580777773774,0.09918725679236927,154.26996951664918,159.9730902867469,0.5,0.0023,0.0034,0.0117,0.0096
862,1763002654.880309,-0.03563901131847384,0.019960302328615825,0.39514550911345986,-0.019123046128789685,-0.3312772926627158,0.49001677512739855,0.03942249041910054,0.0351790592007857,0.0,0.0,0.0,1.0,0.0,0.0,0.0,0.0,0.0,0.0,0.0,0.0,0.0,0.054,-0.446,1.174,0.999,-0.048,-0.005,-0.008,-0.029,-0.027,0.067,0.1,-0.3,-0.0,0.0,0.0,1.2,1.0,0.0,0.0,0.0,24.798068633402327,0.9835610711139073,0.0962168565461865,154.07135812296104,159.9643101003908,0.5,0.0022,0.0022,0.0113,0.0113
863,1763002654.912147,-0.0739595009419141,-0.012532876997418656,0.39464584298378796,-0.015971341634080576,-0.38676879736625003,-0.32293576302748317,0.03451788961462615,0.02960474033421214,0.0,0.0,0.0,1.0,0.0,0.0,0.0,0.0,0.0,0.0,0.0,0.0,0.0,0.053,-0.447,1.176,0.999,-0.043,-0.002,-0.008,-0.03,-0.043,0.074,0.2,0.1,-0.0,0.0,0.0,1.2,1.0,0.0,0.0,0.0,24.798632269068364,0.9835685050685915,0.0971604609584872,153.3984474551202,159.9664048073149,0.5,0.0023,0.002,0.0107,0.0104
864,1763002654.9471476,-0.03841825781520381,-0.0592143217456145,0.39519606947367125,-0.015059869702637058,0.34801648117291145,-0.46806773518170025,0.04496684919721099,0.007517585151027149,0.0,0.0,0.0,1.0,0.0,0.0,0.0,0.0,0.0,0.0,0.0,0.0,0.0,0.053,-0.45,1.178,0.999,-0.045,0.002,-0.008,-0.013,-0.075,0.046,-0.1,0.3,-0.0,0.0,0.0,1.2,1.0,0.0,0.0,0.0,24.798065389630835,0.9835642052109603,0.09818088789879399,153.13120759431976,159.97414004267242,0.5,0.0021,0.0037,0.0107,0.01
865,1763002654.977614,-0.008272875219033249,-0.039413354612218426,0.39637290818994514,-0.01613287659477929,0.2976120001801852,0.19208823915939927,0.05128799411010537,-0.012236055891686026,0.0,0.0,0.0,1.0,0.0,0.0,0.0,0.0,0.0,0.0,0.0,0.0,0.0,0.053,-0.453,1.179,0.999,-0.049,0.001,-0.009,0.007,-0.099,0.032,-0.3,-0.0,-0.0,0.0,0.0,1.2,1.0,0.0,0.0,0.0,24.797034475000626,0.9835533389494681,0.09756397518794734,153.60871239108062,159.99093315122883,0.5,0.0023,0.002,0.0094,0.0104
866,1763002655.0170662,-0.010360562733680419,-0.04147517636307517,0.3982565996665915,-0.016320794655403488,-0.021704162668374993,-0.024559552969789317,0.05847420558545731,-0.003492468265719917,0.0,0.0,0.0,1.0,0.0,0.0,0.0,0.0,0.0,0.0,0.0,0.0,0.0,0.054,-0.456,1.179,0.999,-0.053,0.001,-0.01,0.023,-0.101,0.01,-0.2,0.0,-0.0,0.0,0.0,1.2,1.0,0.0,0.0,0.0,24.795219248510598,0.9835334650768485,0.0987989787132527,153.7406535628083,160.00098059243686,0.5,0.0023,0.0022,0.0159,0.01
867,1763002655.044814,-0.04067982502507716,0.001938755428170194,0.3987241237447476,-0.01613037331957834,-0.3042286791873354,0.4299918002761461,0.04450090074821972,0.0002721338927111003,0.0,0.0,0.0,1.0,0.0,0.0,0.0,0.0,0.0,0.0,0.0,0.0,0.0,0.055,-0.46,1.18,0.999,-0.052,-0.003,-0.009,0.041,-0.102,0.026,-0.0,-0.3,-0.0,0.0,0.0,1.2,1.0,0.0,0.0,0.0,24.79419395446282,0.9835210454689219,0.09621017214737171,153.96364898743664,160.00492067543138,0.5,0.0022,0.0022,0.0099,0.0102
868,1763002655.0717125,-0.09026526306034513,-0.04264503142197894,0.3999567862235491,-0.009889038310203525,-0.49992236285518726,-0.4456439929586743,0.0521990371624894,0.06080031276179031,0.0,0.0,0.0,1.0,0.0,0.0,0.0,0.0,0.0,0.0,0.0,0.0,0.0,0.057,-0.464,1.18,0.999,-0.047,-0.001,-0.009,0.044,-0.116,0.005,0.3,0.1,0.1,0.0,0.0,1.2,1.0,0.0,0.0,0.0,24.792334005785477,0.9834998391351503,0.09655164894602307,152.35943281862734,159.97754734327344,0.5,0.0021,0.0019,0.0098,0.0046
869,1763002655.099322,-0.03939880219186842,-0.010023032860081646,0.3999997439081065,-0.005642937259573283,0.49963808237873264,0.32195548247677497,0.04042525546792901,0.04147210667528209,0.0,0.0,0.0,1.0,0.0,0.0,0.0,0.0,0.0,0.0,0.0,0.0,0.0,0.059,-0.468,1.18,0.999,-0.051,-0.005,-0.006,0.054,-0.118,0.003,-0.1,-0.2,0.1,0.0,0.0,1.2,1.0,0.0,0.0,0.0,24.790481874324946,0.9834721987707858,0.09661065020882918,152.58032572506878,159.97185815538833,0.5,0.0014,0.001,0.0054,0.0048
870,1763002655.1390111,0.009085339885652174,-0.02452804568887687,0.4007713199757016,-0.0010698832058674088,0.480901540556019,-0.14605243157396042,0.04771573506676155,0.04516624681110141,0.0,0.0,0.0,1.0,0.0,0.0,0.0,0.0,0.0,0.0,0.0,0.0,0.0,0.06,-0.471,1.18,0.998,-0.057,-0.006,-0.005,0.051,-0.109,-0.001,-0.3,0.0,0.1,0.0,0.0,1.2,1.0,0.0,0.0,0.0,24.788566322776898,0.9834395025419956,0.09582529571399331,153.2933680293524,160.0023267195748,0.5,0.0011,0.0013,0.0111,0.0054
871,1763002655.165972,0.023701932243446605,-0.025445425591552696,0.4018012106278721,0.0010515886297859786,0.1470744575665095,-0.011626603595645935,0.05037603851927477,0.021107730035947143,0.0,0.0,0.0,1.0,0.0,0.0,0.0,0.0,0.0,0.0,0.0,0.0,0.0,0.062,-0.474,1.18,0.998,-0.061,-0.007,-0.004,0.053,-0.099,-0.011,-0.3,-0.0,0.1,0.0,0.0,1.2,1.0,0.0,0.0,0.0,24.786313808986066,0.9833974951226134,0.09865509380808248,154.07964333759287,160.0428907010274,0.5,0.0014,0.0015,0.0055,0.0043
872,1763002655.2046213,0.016135500563827523,-0.016445283120704184,0.40298914322850515,-0.0020949815148174236,-0.07329412357184611,0.08745688214932984,0.05205944706911715,-0.03136054258305542,0.0,0.0,0.0,1.0,0.0,0.0,0.0,0.0,0.0,0.0,0.0,0.0,0.0,0.064,-0.477,1.179,0.998,-0.063,-0.007,-0.003,0.063,-0.073,-0.025,-0.1,-0.1,0.0,0.0,0.0,1.2,1.0,0.0,0.0,0.0,24.7835491362026,0.9833432619185662,0.09994711801142073,154.32620955836794,160.05541957818215,0.5,0.0009,0.001,0.0107,0.0053
873,1763002655.249263,-0.026765558898427126,-0.06593331688417295,0.40411378765711764,0.004595098229166459,-0.4273970445661636,-0.49652486594675793,0.05154535860897539,0.0666912992883571,0.0,0.0,0.0,1.0,0.0,0.0,0.0,0.0,0.0,0.0,0.0,0.0,0.0,0.066,-0.478,1.178,0.998,-0.059,-0.002,-0.002,0.071,-0.048,-0.036,0.2,0.3,0.1,0.0,0.0,1.2,1.0,0.0,0.0,0.0,24.78040199656357,0.9832801234022369,0.09606724352196182,153.00375006366053,160.02959295140477,0.5,0.0015,0.0015,0.0101,0.016
874,1763002655.2844164,0.019209288417673796,-0.03628486400464056,0.40363384796119356,0.006790124915215967,0.45707191727116653,0.2898911971069066,0.03561198180647089,0.02240977668341173,0.0,0.0,0.0,1.0,0.0,0.0,0.0,0.0,0.0,0.0,0.0,0.0,0.0,0.069,-0.48,1.177,0.998,-0.061,-0.005,-0.0,0.073,-0.035,-0.023,-0.1,-0.1,0.1,0.0,0.0,1.2,1.0,0.0,0.0,0.0,24.777881205386212,0.9832227939770855,0.09695035579927302,153.1713600631969,160.03684028338978,0.5,0.0022,0.0021,0.0167,0.0097
875,1763002655.314891,0.009606495356609422,-0.046169361269595775,0.40451311521108985,0.009633999757688916,-0.09410700176887632,-0.1024734590500162,0.04915605729508245,0.02911776091625107,0.0,0.0,0.0,1.0,0.0,0.0,0.0,0.0,0.0,0.0,0.0,0.0,0.0,0.07,-0.48,1.176,0.998,-0.06,-0.004,0.0,0.073,-0.022,-0.039,-0.0,0.0,0.1,0.0,0.0,1.2,1.0,0.0,0.0,0.0,24.77473562073581,0.983147475876873,0.09803957000064548,152.8557631669589,160.03413358070182,0.5,0.0031,0.0031,0.0107,0.0109
876,1763002655.3474667,-0.031140572724629417,-0.004865279984524941,0.40399839996425024,0.004428968666629845,-0.40651003127672736,0.40842387672374886,0.0353041590527122,-0.0510869109348218,0.0,0.0,0.0,1.0,0.0,0.0,0.0,0.0,0.0,0.0,0.0,0.0,0.0,0.073,-0.48,1.176,0.998,-0.058,-0.009,0.0,0.065,-0.007,-0.017,0.3,-0.2,0.0,0.0,0.0,1.2,1.0,0.0,0.0,0.0,24.77258354807256,0.983092132314463,0.0946179922029695,153.03650729949598,160.02065795573097,0.5,0.0023,0.0023,0.0099,0.0129
877,1763002655.3856328,-0.02905978021393973,0.043116007688654874,0.40290786004730184,0.0032465637220322223,0.01769386783443383,0.47932634873334573,0.029494440826941134,-0.011381152579313256,0.0,0.0,0.0,1.0,0.0,0.0,0.0,0.0,0.0,0.0,0.0,0.0,0.0,0.075,-0.48,1.175,0.998,-0.055,-0.017,0.001,0.061,0.005,-0.003,0.2,-0.4,-0.0,0.0,0.0,1.2,1.0,0.0,0.0,0.0,24.771008710089678,0.9830479695793678,0.09706953512022623,154.0256057939621,160.03839949162702,0.5,0.0022,0.008,0.0104,0.0112
878,1763002655.411408,-0.015958120467190657,0.055821357349855924,0.4020381545309483,-0.0031076565151063025,0.12811061944609675,0.13136509738087607,0.031593730841194524,-0.06321754599918201,0.0,0.0,0.0,1.0,0.0,0.0,0.0,0.0,0.0,0.0,0.0,0.0,0.0,0.076,-0.48,1.176,0.998,-0.055,-0.018,0.0,0.056,0.009,0.003,0.1,-0.3,-0.1,0.0,0.0,1.2,1.0,0.0,0.0,0.0,24.769661466867568,0.9830095274304322,0.10360402723148907,154.52956458598985,160.0520850738163,0.5,0.0022,0.0021,0.01,0.0101
879,1763002655.445738,0.03143168742855297,0.006493393078330835,0.4029369300126171,3.985137909451493e-05,0.4723022669107173,-0.48769750698026526,0.049191570269783415,0.031164313290497535,0.0,0.0,0.0,1.0,0.0,0.0,0.0,0.0,0.0,0.0,0.0,0.0,0.0,0.077,-0.478,1.175,0.998,-0.058,-0.015,0.0,0.031,0.027,-0.032,-0.1,0.2,0.0,0.0,0.0,1.2,1.0,0.0,0.0,0.0,24.766846904028963,0.9829293305597205,0.0991883360623504,154.507528083315,160.05095584038742,0.5,0.0023,0.0021,0.0115,0.0097
880,1763002655.478332,0.047826288682967025,-0.02500858681676492,0.4028685796593908,-0.0012351744121791644,0.16708918128699596,-0.3143704596431245,0.03961018946899904,-0.01274627277482734,0.0,0.0,0.0,1.0,0.0,0.0,0.0,0.0,0.0,0.0,0.0,0.0,0.0,0.078,-0.477,1.174,0.998,-0.06,-0.012,-0.001,0.028,0.037,-0.015,-0.1,0.2,-0.0,0.0,0.0,1.2,1.0,0.0,0.0,0.0,24.764831415490224,0.9828702109203542,0.09764016528637771,154.54632544843582,160.05403715466292,0.5,0.0018,0.0021,0.0096,0.0113
881,1763002655.4995031,0.052839074179387435,-0.0044970448563446015,0.401988640659877,-0.002013775341807845,0.05491048383250091,0.20261456092252667,0.031487467970801326,-0.00790952673750472,0.0,0.0,0.0,1.0,0.0,0.0,0.0,0.0,0.0,0.0,0.0,0.0,0.0,0.079,-0.476,1.174,0.998,-0.06,-0.012,-0.001,0.023,0.044,0.006,-0.1,-0.0,-0.0,0.0,0.0,1.2,1.0,0.0,0.0,0.0,24.763707832446396,0.9828367689542119,0.09987450322016156,154.48997960623444,160.05470151647867,0.5,0.0009,0.0011,0.0066,0.0041
882,1763002655.5328512,0.04392422522885594,-0.014147778044940416,0.40121944481970484,-0.0024783282750801203,-0.08386458208737618,-0.09695703637159256,0.03250690566426651,-0.00484690686690354,0.0,0.0,0.0,1.0,0.0,0.0,0.0,0.0,0.0,0.0,0.0,0.0,0.0,0.08,-0.474,1.175,0.998,-0.06,-0.011,-0.002,0.015,0.049,0.012,0.0,0.1,-0.0,0.0,0.0,1.2,1.0,0.0,0.0,0.0,24.76279763096141,0.98280947881859,0.10101892417330403,154.33584690314333,160.0553387724973,0.5,0.0011,0.001,0.0065,0.0043
883,1763002655.5811503,-0.00646674127036885,0.0020494696403593367,0.40145824427220234,-0.010864979472262585,-0.49951724246936235,0.16055769904850348,0.042509939006945,-0.08411434479933266,0.0,0.0,0.0,1.0,0.0,0.0,0.0,0.0,0.0,0.0,0.0,0.0,0.0,0.08,-0.472,1.175,0.998,-0.053,-0.013,-0.004,0.019,0.059,-0.003,0.4,-0.0,-0.1,0.0,0.0,1.2,1.0,0.0,0.0,0.0,24.761223405749295,0.9827596379403694,0.09657135986790129,155.02049991863154,160.0649143595837,0.5,0.0024,0.0034,0.0116,0.0103
884,1763002655.618728,-0.018731562534788294,-0.013896433035259167,0.40022237916311226,-0.014715435413156421,-0.12329488677123138,-0.1592540797921491,0.02778717333631944,-0.03959105735616462,0.0,0.0,0.0,1.0,0.0,0.0,0.0,0.0,0.0,0.0,0.0,0.0,0.0,0.081,-0.47,1.175,0.999,-0.049,-0.011,-0.005,0.016,0.076,0.017,0.2,0.1,-0.1,0.0,0.0,1.2,1.0,0.0,0.0,0.0,24.76051136257219,0.9827373756295499,0.09687370698166692,155.2527883907365,160.07795673764454,0.5,0.0023,0.0044,0.0128,0.0123
885,1763002655.644162,-0.04483474106698561,-0.03522761366975026,0.39985791372325347,-0.024869162142269304,-0.26290494157545186,-0.21470144964843682,0.03637758351772347,-0.10300881083244445,0.0,0.0,0.0,1.0,0.0,0.0,0.0,0.0,0.0,0.0,0.0,0.0,0.0,0.081,-0.469,1.175,0.999,-0.046,-0.009,-0.008,0.013,0.068,0.012,0.3,0.2,-0.2,0.0,0.0,1.2,1.0,0.0,0.0,0.0,24.759551889035837,0.9827072328595913,0.10074417399438049,155.39301106598307,160.11241411683116,0.5,0.0022,0.002,0.0121,0.0067
886,1763002655.6812677,0.005031646189607497,0.007173666756331486,0.3975868087722422,-0.025911525541657737,0.49418039845923245,0.4204900428938424,0.01727474186221216,-0.012910550208111243,0.0,0.0,0.0,1.0,0.0,0.0,0.0,0.0,0.0,0.0,0.0,0.0,0.0,0.082,-0.466,1.178,0.999,-0.049,-0.014,-0.009,0.029,0.065,0.051,-0.1,-0.1,-0.1,0.0,0.0,1.2,1.0,0.0,0.0,0.0,24.76021917223012,0.9827292407669207,0.09990687297914118,155.23172699974734,160.1121191913692,0.5,0.002,0.0021,0.0107,0.012
887,1763002655.7097454,-0.011447115259468704,-0.03263327485370705,0.396068303791297,-0.013078752659901183,-0.1642844498718013,-0.3973520494247522,0.024573631067772436,0.1257365762633998,0.0,0.0,0.0,1.0,0.0,0.0,0.0,0.0,0.0,0.0,0.0,0.0,0.0,0.083,-0.464,1.18,0.999,-0.048,-0.011,-0.008,0.032,0.059,0.069,0.1,0.2,0.1,0.0,0.0,1.2,1.0,0.0,0.0,0.0,24.76155252006409,0.9827717818285214,0.09998000180319784,155.0538298728513,160.10763210345522,0.5,0.0024,0.0021,0.0132,0.0052
888,1763002655.7373729,-0.027540399921735237,-0.06013557557871787,0.39483583230450503,-0.005108080003057826,-0.16207755814861213,-0.27828633473547887,0.027282115511210563,0.07839885130244344,0.0,0.0,0.0,1.0,0.0,0.0,0.0,0.0,0.0,0.0,0.0,0.0,0.0,0.084,-0.463,1.183,0.999,-0.047,-0.009,-0.005,0.031,0.029,0.07,0.1,0.3,0.1,0.0,0.0,1.2,1.0,0.0,0.0,0.0,24.762809651501904,0.9828113851251616,0.1025641145311915,154.55265376266325,160.1065553812607,0.5,0.0019,0.003,0.0078,0.0043
889,1763002655.7824714,0.02270607804896202,-0.024209799232543072,0.3931567376318994,0.0049183103482928064,0.4997107397147991,0.3532442059038762,0.02269263650439412,0.09975309551320055,0.0,0.0,0.0,1.0,0.0,0.0,0.0,0.0,0.0,0.0,0.0,0.0,0.0,0.085,-0.462,1.186,0.999,-0.053,-0.01,-0.003,0.032,0.023,0.081,-0.3,0.0,0.2,0.0,0.0,1.2,1.0,0.0,0.0,0.0,24.764479334683312,0.9828609275742304,0.10070158839433425,154.6716682738927,160.08545386419573,0.5,0.0017,0.0022,0.0095,0.0157
890,1763002655.8237767,0.06435611883558251,0.022169059922176437,0.3925329479807552,0.006292465785461639,0.4187710156711012,0.4613676116239408,0.03307777725174898,0.014233385406517612,0.0,0.0,0.0,1.0,0.0,0.0,0.0,0.0,0.0,0.0,0.0,0.0,0.0,0.087,-0.461,1.188,0.998,-0.057,-0.012,-0.001,0.038,0.033,0.083,-0.3,-0.3,0.1,0.0,0.0,1.2,1.0,0.0,0.0,0.0,24.76621110402922,0.9829093607553911,0.09976976087968417,155.31008319631906,160.09143323810397,0.5,0.01,0.0021,0.0099,0.015
891,1763002655.8478453,0.07160799563976414,0.034551459952416715,0.39230857845959277,0.007914258745238897,0.07895437992537474,0.12604090629462045,0.037009599586451905,0.016847176176318736,0.0,0.0,0.0,1.0,0.0,0.0,0.0,0.0,0.0,0.0,0.0,0.0,0.0,0.087,-0.461,1.188,0.998,-0.057,-0.012,-0.001,0.038,0.033,0.083,-0.3,-0.3,0.1,0.0,0.0,1.2,1.0,0.0,0.0,0.0,24.76790433116534,0.9829557281361371,0.10740746415753,155.48197845227307,160.07814597278877,0.5,0.0022,0.0019,0.0123,0.0069
892,1763002655.8859649,0.02105006712791782,-0.015095616333973126,0.39359256211255994,0.0035157078261888464,-0.4984184855544868,-0.4930156168686568,0.05207069437563184,-0.04319408331597662,0.0,0.0,0.0,1.0,0.0,0.0,0.0,0.0,0.0,0.0,0.0,0.0,0.0,0.088,-0.458,1.192,0.999,-0.052,-0.01,-0.001,0.027,0.056,0.046,0.3,0.2,0.0,0.0,0.0,1.2,1.0,0.0,0.0,0.0,24.76810912855792,0.9829607662405232,0.10084883146851893,155.68266628320214,160.09677932095664,0.5,0.0026,0.0051,0.014,0.0109
893,1763002655.912622,-0.02048381497106433,-0.040034292706037665,0.3934747416737108,0.0005600247595341818,-0.4132338142770298,-0.2508963253540427,0.0381810518227656,-0.029205259883927772,0.0,0.0,0.0,1.0,0.0,0.0,0.0,0.0,0.0,0.0,0.0,0.0,0.0,0.088,-0.458,1.192,0.999,-0.052,-0.01,-0.001,0.027,0.056,0.046,0.3,0.2,0.0,0.0,0.0,1.2,1.0,0.0,0.0,0.0,24.768399059480952,0.9829676564007306,0.09825424033573599,155.98155876135056,160.1158603677086,0.5,0.0022,0.0021,0.01,0.0116
894,1763002655.9501538,0.0047511859175574135,-0.012037820446712914,0.3943279217355043,0.00448026411478031,0.25030162738911105,0.2759612933226437,0.04787927478530607,0.039258396028414695,0.0,0.0,0.0,1.0,0.0,0.0,0.0,0.0,0.0,0.0,0.0,0.0,0.0,0.09,-0.454,1.194,0.999,-0.05,-0.012,-0.001,0.023,0.052,0.019,0.0,0.0,0.1,0.0,0.0,1.2,1.0,0.0,0.0,0.0,24.767684105010336,0.982948802438998,0.09859933063598399,155.82834101549264,160.11275182716778,0.5,0.0021,0.0019,0.014,0.0122
895,1763002655.986364,-0.019350646777226425,-0.009081856188740696,0.3957390409219944,0.001198416573974129,-0.2405432083560825,0.028355860535050875,0.05354398403845182,-0.03237044899658378,0.0,0.0,0.0,1.0,0.0,0.0,0.0,0.0,0.0,0.0,0.0,0.0,0.0,0.091,-0.452,1.194,0.999,-0.047,-0.011,-0.001,0.022,0.066,0.001,0.2,0.0,0.0,0.0,0.0,1.2,1.0,0.0,0.0,0.0,24.766404413615163,0.9829137385598852,0.09946393403856789,156.03713116152613,160.1239451484711,0.5,0.0022,0.0021,0.0107,0.017
896,1763002656.0133877,0.030820224625355896,0.012033569679783578,0.39516056688759654,0.0065235300592442775,0.49977364934810053,0.21024607306636867,0.03378916374822072,0.053370976510098894,0.0,0.0,0.0,1.0,0.0,0.0,0.0,0.0,0.0,0.0,0.0,0.0,0.0,0.091,-0.451,1.195,0.999,-0.052,-0.013,0.0,0.017,0.073,0.018,-0.3,-0.1,0.1,0.0,0.0,1.2,1.0,0.0,0.0,0.0,24.7659938327406,0.9829028084374123,0.09649833671510458,155.76520755839817,160.10135162755617,0.5,0.0022,0.0022,0.0118,0.0098
897,1763002656.0494287,0.05142762541569103,-0.01930647771701305,0.39748752471893994,0.003696293344174288,0.20915603036588692,-0.31219711699998787,0.06278563500219324,-0.027620014144775468,0.0,0.0,0.0,1.0,0.0,0.0,0.0,0.0,0.0,0.0,0.0,0.0,0.0,0.091,-0.446,1.194,0.998,-0.054,-0.012,0.0,0.006,0.113,-0.037,0.0,0.2,0.0,0.0,0.0,1.2,1.0,0.0,0.0,0.0,24.763459709195168,0.9828296246658073,0.09548758867914506,155.4951579718619,160.09485927028564,0.5,0.0065,0.0023,0.0112,0.009
898,1763002656.0737157,0.0579968275577668,-0.013937672371847362,0.3979333393602882,0.001355318973423788,0.07083478396232684,0.05175740567995554,0.04420689888537671,-0.023040114373087575,0.0,0.0,0.0,1.0,0.0,0.0,0.0,0.0,0.0,0.0,0.0,0.0,0.0,0.091,-0.442,1.193,0.999,-0.053,-0.011,-0.0,-0.004,0.127,-0.018,0.0,0.1,-0.0,0.0,0.0,1.2,1.0,0.0,0.0,0.0,24.76193576080879,0.982782895768704,0.09640979798455931,155.19312647993488,160.09133183081568,0.5,0.0008,0.0009,0.0061,0.0126
899,1763002656.11258,0.047442124166544544,0.0030183885841397074,0.39812866532966,-0.006783726596021884,-0.09974735115644578,0.16816684232268597,0.04174659362974717,-0.08125492379711435,0.0,0.0,0.0,1.0,0.0,0.0,0.0,0.0,0.0,0.0,0.0,0.0,0.0,0.091,-0.437,1.193,0.999,-0.051,-0.011,-0.002,-0.013,0.141,-0.018,0.1,0.0,-0.1,0.0,0.0,1.2,1.0,0.0,0.0,0.0,24.7605344658327,0.9827366514217198,0.0963938331151525,155.1769891588603,160.09013433160894,0.5,0.0019,0.002,0.0116,0.0103
900,1763002656.1445055,0.028405334170510575,-0.016247255851564106,0.3982466867480853,-0.011784398326469749,-0.18562368754368525,-0.19235460549862415,0.0409930807172182,-0.05068508996408083,0.0,0.0,0.0,1.0,0.0,0.0,0.0,0.0,0.0,0.0,0.0,0.0,0.0,0.09,-0.432,1.192,0.999,-0.047,-0.008,-0.004,-0.011,0.158,-0.019,0.2,0.1,-0.1,0.0,0.0,1.2,1.0,0.0,0.0,0.0,24.759178146716238,0.9826888203399952,0.09540706183089535,155.39388399566803,160.09724883808548,0.5,0.0021,0.0019,0.0103,0.0099
901,1763002656.1765215,0.035820732880857895,0.009646385854997355,0.3976060823135684,-0.009259497134015493,0.0769945205205242,0.2573116914804582,0.03341862432964042,0.024070572091895573,0.0,0.0,0.0,1.0,0.0,0.0,0.0,0.0,0.0,0.0,0.0,0.0,0.0,0.09,-0.427,1.192,0.999,-0.045,-0.01,-0.004,-0.009,0.167,-0.006,0.1,-0.1,-0.0,0.0,0.0,1.2,1.0,0.0,0.0,0.0,24.758434310894636,0.9826610934151114,0.09537340137037432,155.4597324062515,160.09544712527065,0.5,0.0015,0.002,0.0111,0.0085
902,1763002656.2110922,0.03373103131214017,0.015617792065258759,0.3975580775917512,-0.0015255213588290049,-0.017314942399091482,0.06067870068811382,0.03928056101318453,0.07641380803846334,0.0,0.0,0.0,1.0,0.0,0.0,0.0,0.0,0.0,0.0,0.0,0.0,0.0,0.09,-0.421,1.191,0.999,-0.043,-0.011,-0.003,-0.002,0.169,-0.011,0.1,-0.1,0.1,0.0,0.0,1.2,1.0,0.0,0.0,0.0,24.75750666081314,0.9826253218971727,0.0955326006748811,155.52467528423435,160.09333843694182,0.5,0.0013,0.0014,0.0082,0.0134
903,1763002656.25652,0.030122180724926412,0.024374941114401215,0.3973051979843708,0.0036638377292994954,-0.03271540274092358,0.08913326969795043,0.037227011685371215,0.05174103874540212,0.0,0.0,0.0,1.0,0.0,0.0,0.0,0.0,0.0,0.0,0.0,0.0,0.0,0.09,-0.416,1.191,0.999,-0.042,-0.013,-0.001,-0.005,0.164,-0.006,0.1,-0.1,0.1,0.0,0.0,1.2,1.0,0.0,0.0,0.0,24.756838280031335,0.9825985889940977,0.09625433154241009,155.5657499860876,160.09466952463526,0.5,0.0021,0.0079,0.0101,0.0163
904,1763002656.2890563,0.060778523913677676,0.01698777491921435,0.3972362546563717,0.00719662871973391,0.3095756499600053,-0.07143416784042851,0.039041086518446226,0.035694293677274086,0.0,0.0,0.0,1.0,0.0,0.0,0.0,0.0,0.0,0.0,0.0,0.0,0.0,0.089,-0.413,1.191,0.999,-0.044,-0.013,-0.0,-0.013,0.16,-0.009,-0.1,0.0,0.1,0.0,0.0,1.2,1.0,0.0,0.0,0.0,24.756081477791675,0.9825691017610321,0.09646273162307951,154.73823070506214,160.09178742068943,0.5,0.0021,0.002,0.0177,0.0096
905,1763002656.3183887,0.02134028843064724,0.026687314243603065,0.39695161834384374,-0.003322259571628723,-0.38830450243893644,0.09869417073580862,0.03687726234035795,-0.10446922004165293,0.0,0.0,0.0,1.0,0.0,0.0,0.0,0.0,0.0,0.0,0.0,0.0,0.0,0.089,-0.408,1.191,0.999,-0.041,-0.012,-0.001,-0.016,0.16,0.001,0.2,-0.1,-0.1,0.0,0.0,1.2,1.0,0.0,0.0,0.0,24.755789345209198,0.98255632867415,0.0966938778789709,154.96951919390193,160.1031665326002,0.5,0.0031,0.0025,0.0126,0.0099
906,1763002656.3480513,-0.01925198529160719,0.0489937917979345,0.3964576352866877,-0.008901634493576798,-0.40378870837947956,0.2257335069676747,0.03475533126282404,-0.056125975176643625,0.0,0.0,0.0,1.0,0.0,0.0,0.0,0.0,0.0,0.0,0.0,0.0,0.0,0.088,-0.402,1.191,0.999,-0.035,-0.014,-0.002,-0.021,0.177,0.004,0.4,-0.2,-0.1,0.0,0.0,1.2,1.0,0.0,0.0,0.0,24.755640984198237,0.9825474630515463,0.09970995486157593,155.99908766390965,160.13450149417835,0.5,0.0023,0.0033,0.0126,0.0098
907,1763002656.379547,-0.013931697076585457,8.111683289310084e-05,0.396270975988964,-0.01311564605580381,0.05127768362105656,-0.48422737047062037,0.03777917055143183,-0.0430302790716278,0.0,0.0,0.0,1.0,0.0,0.0,0.0,0.0,0.0,0.0,0.0,0.0,0.0,0.087,-0.396,1.191,0.999,-0.031,-0.008,-0.004,-0.032,0.145,-0.001,0.1,0.2,-0.1,0.0,0.0,1.2,1.0,0.0,0.0,0.0,24.75529358662019,0.9825315697598417,0.09894837844455741,156.396881506285,160.1396306769963,0.5,0.0025,0.0022,0.01,0.011
908,1763002656.4140246,0.019951132797219707,-0.012481207053279392,0.39614005482296855,-0.01763440114835346,0.3374351290303931,-0.12561512717843562,0.038317885938942114,-0.04649911553107688,0.0,0.0,0.0,1.0,0.0,0.0,0.0,0.0,0.0,0.0,0.0,0.0,0.0,0.086,-0.392,1.191,0.999,-0.034,-0.006,-0.006,-0.039,0.129,-0.0,-0.1,0.1,-0.1,0.0,0.0,1.2,1.0,0.0,0.0,0.0,24.75502375061418,0.982520525586856,0.09719735761433679,156.1212131271517,160.13382381648034,0.5,0.0024,0.002,0.0128,0.01
909,1763002656.4574137,0.0042763398439151674,-0.013728362809204548,0.3962026114881925,-0.020979807112258907,-0.15475281625332332,-0.01371967826457949,0.040239572134536716,-0.03521749975388981,0.0,0.0,0.0,1.0,0.0,0.0,0.0,0.0,0.0,0.0,0.0,0.0,0.0,0.084,-0.388,1.191,0.999,-0.033,-0.003,-0.008,-0.032,0.114,0.002,-0.0,0.0,-0.1,0.0,0.0,1.2,1.0,0.0,0.0,0.0,24.754865187308155,0.9825144655118605,0.09739448377622487,155.90619061283215,160.13694092298675,0.5,0.0022,0.0031,0.011,0.0211
910,1763002656.4837604,0.0019019116799809214,-0.013943086865168014,0.3961641209842186,-0.022348992365064158,-0.02331664765495095,-0.0035200768405551086,0.03923535610908062,-0.015789833239278364,0.0,0.0,0.0,1.0,0.0,0.0,0.0,0.0,0.0,0.0,0.0,0.0,0.0,0.084,-0.388,1.191,0.999,-0.033,-0.003,-0.008,-0.032,0.114,0.002,-0.0,0.0,-0.1,0.0,0.0,1.2,1.0,0.0,0.0,0.0,24.754723074034136,0.982508914443571,0.09794482504385621,155.69099403742803,160.14243028592546,0.5,0.0022,0.002,0.0115,0.01
911,1763002656.5119278,0.013178904133117519,-0.02042253853721091,0.395789511260793,-0.026874510718887887,0.11296011569936407,-0.06618882540694579,0.03587031486416645,-0.04749008277474372,0.0,0.0,0.0,1.0,0.0,0.0,0.0,0.0,0.0,0.0,0.0,0.0,0.0,0.083,-0.382,1.192,0.999,-0.034,-0.003,-0.012,-0.014,0.095,0.01,-0.1,0.0,-0.1,0.0,0.0,1.2,1.0,0.0,0.0,0.0,24.75492643944725,0.9825206024797992,0.09795522280626896,155.28788233002027,160.14741655887133,0.5,0.0022,0.0021,0.0108,0.0101
912,1763002656.560544,0.02164617465685608,-0.02574040194775216,0.3967037846403963,-0.016199505256144595,0.08599059565069733,-0.055220887959133574,0.048721684922112644,0.10406260355554414,0.0,0.0,0.0,1.0,0.0,0.0,0.0,0.0,0.0,0.0,0.0,0.0,0.0,0.083,-0.379,1.191,0.999,-0.036,-0.004,-0.01,0.006,0.091,-0.015,-0.1,-0.0,0.1,0.0,0.0,1.2,1.0,0.0,0.0,0.0,24.754076860175434,0.9824806081460079,0.09731183917913086,155.15300593997875,160.14662024062198,0.5,0.0026,0.0021,0.0168,0.0183
913,1763002656.6017797,0.002888447642170097,-0.06544678501755835,0.39733920889259844,-0.003726311024924817,-0.18541265268117418,-0.3996378708928371,0.04602462098606035,0.12311199178658333,0.0,0.0,0.0,1.0,0.0,0.0,0.0,0.0,0.0,0.0,0.0,0.0,0.0,0.084,-0.376,1.191,0.999,-0.035,-0.001,-0.008,0.018,0.114,-0.018,0.1,0.2,0.2,0.0,0.0,1.2,1.0,0.0,0.0,0.0,24.75316402511544,0.982435753677834,0.09896464256348775,155.29003437489496,160.15164032453043,0.5,0.0061,0.0036,0.0135,0.0169
914,1763002656.6347945,0.023275669353825697,-0.018912736748799376,0.39671170613038437,-0.001341105621201363,0.204161061880773,0.4587958041858339,0.033458893267120295,0.02347942293474206,0.0,0.0,0.0,1.0,0.0,0.0,0.0,0.0,0.0,0.0,0.0,0.0,0.0,0.085,-0.373,1.191,0.999,-0.036,-0.005,-0.005,0.034,0.096,0.003,-0.1,-0.2,0.1,0.0,0.0,1.2,1.0,0.0,0.0,0.0,24.75316585559174,0.982436741455493,0.09649385825978447,155.39369950068743,160.15675237664772,0.5,0.0055,0.0034,0.0172,0.0057
915,1763002656.651273,0.03288885444190621,0.002119661273875563,0.39653057175748124,-0.005011353463294278,0.09845941781618772,0.20843270655186935,0.03785982688400743,-0.036836588983049284,0.0,0.0,0.0,1.0,0.0,0.0,0.0,0.0,0.0,0.0,0.0,0.0,0.0,0.086,-0.369,1.191,0.999,-0.038,-0.008,-0.005,0.034,0.092,0.004,-0.1,-0.2,-0.0,0.0,0.0,1.2,1.0,0.0,0.0,0.0,24.75319414786137,0.9824390864880509,0.09562407205901187,155.38416123766595,160.1650939525325,0.5,0.0013,0.0028,0.0069,0.0048
916,1763002656.669041,0.009148866655476342,-0.04612523738005106,0.3978917445773865,-0.007096948416232479,-0.2341109924201079,-0.48223702041187855,0.05326478537480097,-0.021357084875711446,0.0,0.0,0.0,1.0,0.0,0.0,0.0,0.0,0.0,0.0,0.0,0.0,0.0,0.087,-0.366,1.19,0.999,-0.036,-0.005,-0.006,0.034,0.105,-0.03,0.1,0.2,-0.0,0.0,0.0,1.2,1.0,0.0,0.0,0.0,24.751789297227962,0.9823690511690726,0.09476156364220573,154.85811678790307,160.15112400009565,0.5,0.0011,0.0011,0.0091,0.0044
917,1763002656.7165065,0.05033078511757422,-0.003664040834596413,0.39811950540970403,-0.0033399880767887094,0.41273407128652634,0.4199994417165413,0.042066782780914476,0.03685990855281446,0.0,0.0,0.0,1.0,0.0,0.0,0.0,0.0,0.0,0.0,0.0,0.0,0.0,0.089,-0.363,1.189,0.999,-0.038,-0.009,-0.005,0.036,0.111,-0.023,-0.2,-0.2,0.1,0.0,0.0,1.2,1.0,0.0,0.0,0.0,24.750744328698065,0.982315908678243,0.09396982029627521,154.71540579895836,160.1606581037429,0.5,0.0017,0.0016,0.0109,0.0138
918,1763002656.7586052,0.05431983595057006,0.012542586365957308,0.398800650556431,0.00010805542311194708,0.04492358684171588,0.16169986792207752,0.04662340200823965,0.0341464361913277,0.0,0.0,0.0,1.0,0.0,0.0,0.0,0.0,0.0,0.0,0.0,0.0,0.0,0.09,-0.359,1.188,0.999,-0.04,-0.011,-0.004,0.034,0.111,-0.029,-0.1,-0.2,0.1,0.0,0.0,1.2,1.0,0.0,0.0,0.0,24.74948772473973,0.9822507939998093,0.09630039830032304,154.64536432528053,160.16357383946635,0.5,0.0022,0.002,0.0214,0.0129
919,1763002656.7940664,0.05592044914343482,0.016313534289325898,0.39917861547748307,0.0018471885704250794,0.021438115523704504,0.03896373787028164,0.043659714266164065,0.01740213701544252,0.0,0.0,0.0,1.0,0.0,0.0,0.0,0.0,0.0,0.0,0.0,0.0,0.0,0.09,-0.359,1.188,0.999,-0.04,-0.011,-0.004,0.034,0.111,-0.029,-0.1,-0.2,0.1,0.0,0.0,1.2,1.0,0.0,0.0,0.0,24.748268336430254,0.9821871533142341,0.10067480499183519,154.34045884758189,160.16417816228838,0.5,0.0028,0.0089,0.0121,0.0109
920,1763002656.8234055,0.005407019452085944,-0.004985824500942513,0.4006099285733749,-0.0037625008122151946,-0.49954225199914515,-0.21136223447375144,0.054230992506666645,-0.055912174969360226,0.0,0.0,0.0,1.0,0.0,0.0,0.0,0.0,0.0,0.0,0.0,0.0,0.0,0.092,-0.352,1.185,0.999,-0.029,-0.012,-0.004,0.035,0.117,-0.044,0.6,-0.0,-0.0,0.0,0.0,1.2,1.0,0.0,0.0,0.0,24.746427170761624,0.9820858166646328,0.09461395106161304,156.1347698792813,160.20590586058077,0.5,0.0023,0.0021,0.013,0.0107
921,1763002656.8525665,-0.04349309823488444,-0.009728393130566,0.40037841934606655,-0.005254973374524657,-0.48846047492449524,-0.04792426874632917,0.03774590058425362,-0.015300975704316148,0.0,0.0,0.0,1.0,0.0,0.0,0.0,0.0,0.0,0.0,0.0,0.0,0.0,0.093,-0.349,1.184,1.0,-0.023,-0.012,-0.004,0.033,0.103,-0.04,0.4,0.0,-0.0,0.0,0.0,1.2,1.0,0.0,0.0,0.0,24.7447888850746,0.981995439679252,0.0955432396060819,157.2550168733202,160.23398084133026,0.5,0.0022,0.002,0.013,0.0108
922,1763002656.8837125,-0.06691548119816218,-0.05699565774063742,0.400431374309119,-0.0063457156354573135,-0.2385731394562658,-0.4736454854137708,0.04056739156513148,-0.011432919946779033,0.0,0.0,0.0,1.0,0.0,0.0,0.0,0.0,0.0,0.0,0.0,0.0,0.0,0.094,-0.347,1.183,1.0,-0.021,-0.008,-0.004,0.039,0.08,-0.038,0.2,0.3,-0.0,0.0,0.0,1.2,1.0,0.0,0.0,0.0,24.743265635653028,0.9819125225516597,0.09859316666008107,157.37422318392694,160.24074016782092,0.5,0.0023,0.0022,0.0145,0.0109
923,1763002656.9159565,-0.019068196584351577,-0.061020788878709695,0.400432294510749,-0.007079304830406354,0.4717812980182897,-0.04595087715478652,0.0400523394472109,-0.007970463513036121,0.0,0.0,0.0,1.0,0.0,0.0,0.0,0.0,0.0,0.0,0.0,0.0,0.0,0.096,-0.344,1.181,1.0,-0.025,-0.004,-0.004,0.039,0.041,-0.032,-0.2,0.1,-0.0,0.0,0.0,1.2,1.0,0.0,0.0,0.0,24.742013071763733,0.9818454674019905,0.09592393847299872,156.95181287772246,160.235249382094,0.5,0.0022,0.0028,0.013,0.0113
924,1763002656.9499285,-0.026744593434603857,-0.018041616178993927,0.40136393505485646,-0.007266369299825978,-0.07867078816095785,0.42368964810928667,0.049359634892148965,-0.0025785751772368706,0.0,0.0,0.0,1.0,0.0,0.0,0.0,0.0,0.0,0.0,0.0,0.0,0.0,0.097,-0.344,1.18,1.0,-0.027,-0.007,-0.004,0.045,0.018,-0.043,-0.1,-0.2,0.0,0.0,0.0,1.2,1.0,0.0,0.0,0.0,24.740304128410678,0.9817511591086465,0.09345765901979976,157.2474477154512,160.24890424585575,0.5,0.0032,0.0021,0.0132,0.0114
925,1763002656.982265,0.015809604205805433,0.004050031842404274,0.4016497853469357,-0.00039542395712786546,0.42286751706063247,0.21911231859608266,0.042994896426278115,0.06798281649699853,0.0,0.0,0.0,1.0,0.0,0.0,0.0,0.0,0.0,0.0,0.0,0.0,0.0,0.099,-0.344,1.179,0.999,-0.034,-0.012,-0.003,0.049,0.013,-0.035,-0.3,-0.2,0.1,0.0,0.0,1.2,1.0,0.0,0.0,0.0,24.738920902804253,0.9816737227223342,0.08959360855163287,157.92123117007105,160.25766605722654,0.5,0.0023,0.0022,0.0137,0.0108
926,1763002657.0170996,0.0028190074417076133,0.01343882504946324,0.40238443542319446,-0.0031209203314793875,-0.12832500722039764,0.09429293525483012,0.04751147929728104,-0.027294506139228,0.0,0.0,0.0,1.0,0.0,0.0,0.0,0.0,0.0,0.0,0.0,0.0,0.0,0.1,-0.343,1.177,0.999,-0.035,-0.014,-0.003,0.048,0.017,-0.04,-0.1,-0.2,-0.0,0.0,0.0,1.2,1.0,0.0,0.0,0.0,24.737268267133526,0.9815811329864829,0.09077559801697857,158.38762748703905,160.27461283550562,0.5,0.0024,0.0028,0.0126,0.0126
927,1763002657.0600758,-0.028139037816701302,-0.013498828060438547,0.40364042368815845,-0.003043255834639407,-0.3092985518399184,-0.26803264859407155,0.05279832619195892,0.0004645529352518673,0.0,0.0,0.0,1.0,0.0,0.0,0.0,0.0,0.0,0.0,0.0,0.0,0.0,0.102,-0.342,1.175,0.999,-0.032,-0.012,-0.002,0.046,0.023,-0.059,0.1,0.0,0.0,0.0,0.0,1.2,1.0,0.0,0.0,0.0,24.734760282112667,0.9814420412863203,0.09022094360989902,158.20792951554125,160.2690656017191,0.5,0.0023,0.0021,0.0173,0.0171
928,1763002657.0954967,-0.023082739059080704,0.004976668830822758,0.4041621064879901,-0.0033607066539711435,0.047749083794535824,0.18340508610656914,0.04558087036713187,-0.0034788337767813135,0.0,0.0,0.0,1.0,0.0,0.0,0.0,0.0,0.0,0.0,0.0,0.0,0.0,0.103,-0.342,1.174,0.999,-0.032,-0.015,-0.002,0.036,0.018,-0.058,0.0,-0.1,-0.0,0.0,0.0,1.2,1.0,0.0,0.0,0.0,24.732305239466882,0.9813051375039218,0.09075129737638056,158.2398884532152,160.27137734499743,0.5,0.0032,0.0021,0.016,0.013
929,1763002657.127827,-0.03735394322549931,0.002231883422220478,0.40462455374043627,-0.00444870304385633,-0.14502031557009404,-0.026950187202940512,0.04504068317326147,-0.011216034564248984,0.0,0.0,0.0,1.0,0.0,0.0,0.0,0.0,0.0,0.0,0.0,0.0,0.0,0.104,-0.341,1.172,0.999,-0.032,-0.016,-0.003,0.028,0.012,-0.055,0.1,-0.0,-0.0,0.0,0.0,1.2,1.0,0.0,0.0,0.0,24.729956257708203,0.981174801295761,0.0913535053003608,157.95603991672434,160.272500329304,0.5,0.0033,0.003,0.0118,0.0131
930,1763002657.1590238,-0.0235744885249406,-0.03658677097308051,0.40441608593370276,-0.003726849342182733,0.13405915268303714,-0.3879633556107879,0.03837777730670809,0.006773666712350343,0.0,0.0,0.0,1.0,0.0,0.0,0.0,0.0,0.0,0.0,0.0,0.0,0.0,0.105,-0.342,1.171,0.999,-0.032,-0.012,-0.002,0.033,-0.006,-0.041,-0.1,0.2,0.0,0.0,0.0,1.2,1.0,0.0,0.0,0.0,24.728159912612828,0.9810755953467325,0.08951970337807791,157.7807083972015,160.2637711400443,0.5,0.0029,0.002,0.0139,0.0112
931,1763002657.192758,0.005207643432172008,-0.05526172923768566,0.40403879449397817,0.002282331624773533,0.2854638707186321,-0.19040825974335954,0.03666869419612403,0.059719124735344395,0.0,0.0,0.0,1.0,0.0,0.0,0.0,0.0,0.0,0.0,0.0,0.0,0.0,0.106,-0.342,1.17,0.999,-0.037,-0.009,-0.001,0.04,-0.016,-0.031,-0.2,0.2,0.1,0.0,0.0,1.2,1.0,0.0,0.0,0.0,24.72669790049046,0.9809951783758345,0.09016502943540633,157.79016011804978,160.2533095868945,0.5,0.0023,0.002,0.0144,0.013
932,1763002657.2257562,-0.0303427770298673,-0.035719212075694735,0.4048663415317189,0.0010308589083142922,-0.3549834402771759,0.18989899869614063,0.048679349826804524,-0.01228649400211506,0.0,0.0,0.0,1.0,0.0,0.0,0.0,0.0,0.0,0.0,0.0,0.0,0.0,0.108,-0.343,1.168,0.999,-0.036,-0.01,0.0,0.048,-0.015,-0.049,0.1,0.0,0.0,0.0,0.0,1.2,1.0,0.0,0.0,0.0,24.72435802080345,0.980868926966835,0.09056352122318483,157.27759122160603,160.24438072541884,0.5,0.0035,0.0023,0.013,0.0131
933,1763002657.2569342,-0.010346173014356284,0.010815681944491819,0.40495556493361107,-0.004216997025739511,0.19693176245212343,0.4617770189942961,0.04137886817209348,-0.0523754734497066,0.0,0.0,0.0,1.0,0.0,0.0,0.0,0.0,0.0,0.0,0.0,0.0,0.0,0.109,-0.343,1.167,0.999,-0.037,-0.014,-0.0,0.05,-0.016,-0.042,-0.1,-0.3,-0.1,0.0,0.0,1.2,1.0,0.0,0.0,0.0,24.722269145067948,0.9807557769627567,0.0881833736709985,157.92052743436722,160.25233955468786,0.5,0.0023,0.003,0.0142,0.0105
934,1763002657.292142,-0.006284377690571285,0.05243349694277159,0.4054207384845811,-0.008733940749051419,0.03958333593641433,0.41725971817724694,0.04514729200306118,-0.04559113693569303,0.0,0.0,0.0,1.0,0.0,0.0,0.0,0.0,0.0,0.0,0.0,0.0,0.0,0.11,-0.344,1.165,0.999,-0.037,-0.019,-0.002,0.037,-0.011,-0.045,-0.1,-0.4,-0.1,0.0,0.0,1.2,1.0,0.0,0.0,0.0,24.719986721130297,0.9806332032569954,0.09077720806557264,158.89743005043408,160.2788106739536,0.5,0.0029,0.0021,0.0145,0.0146
935,1763002657.3239346,-0.03979405657414441,0.00449714387572113,0.40670540454455334,-0.007462251756229714,-0.3357252266047883,-0.47412018097622755,0.053388734448181346,0.011843495853311908,0.0,0.0,0.0,1.0,0.0,0.0,0.0,0.0,0.0,0.0,0.0,0.0,0.0,0.112,-0.343,1.163,0.999,-0.035,-0.018,-0.004,0.037,0.005,-0.065,0.2,0.1,-0.0,0.0,0.0,1.2,1.0,0.0,0.0,0.0,24.716773339118,0.9804677300775452,0.08814161700902229,158.26260418759895,160.2770222475663,0.5,0.0023,0.0021,0.0124,0.0139
936,1763002657.3554065,-0.0745673828023711,-0.04362765135345922,0.40672516046779783,-0.007287275533653308,-0.35171266793968137,-0.4807982379042314,0.040868099686900916,0.0010035370501410915,0.0,0.0,0.0,1.0,0.0,0.0,0.0,0.0,0.0,0.0,0.0,0.0,0.0,0.113,-0.343,1.161,0.999,-0.029,-0.013,-0.004,0.037,0.008,-0.05,0.3,0.3,-0.0,0.0,0.0,1.2,1.0,0.0,0.0,0.0,24.714169184181827,0.980336801879038,0.0870388240573106,157.16595921652458,160.27492786205897,0.5,0.0022,0.002,0.0151,0.0111
937,1763002657.3892457,-0.02643930847445386,-0.020647911778120864,0.40520419101569927,-0.0008320780042938855,0.4738240049989353,0.22543463061803765,0.025462821525794002,0.0638232477402289,0.0,0.0,0.0,1.0,0.0,0.0,0.0,0.0,0.0,0.0,0.0,0.0,0.0,0.114,-0.343,1.161,0.999,-0.032,-0.014,-0.002,0.038,-0.004,-0.017,-0.1,-0.0,0.1,0.0,0.0,1.2,1.0,0.0,0.0,0.0,24.712905198894102,0.9802736090797429,0.08746793450293013,157.07591605302528,160.26829153345687,0.5,0.0035,0.004,0.0127,0.0124
938,1763002657.4215872,0.008963617139110591,0.006252437007958037,0.4042327293994761,0.004375115084760256,0.35138532528819905,0.266938696682977,0.030805802939337962,0.05198872309011203,0.0,0.0,0.0,1.0,0.0,0.0,0.0,0.0,0.0,0.0,0.0,0.0,0.0,0.115,-0.344,1.161,0.999,-0.037,-0.016,-0.0,0.024,-0.024,-0.004,-0.3,-0.1,0.1,0.0,0.0,1.2,1.0,0.0,0.0,0.0,24.712076812032837,0.9802315682153074,0.08613539184165349,157.98073627864215,160.2900518344515,0.5,0.0023,0.0021,0.0147,0.0115
939,1763002657.4537687,0.012744630463521367,0.034449943376972825,0.40327248968943785,0.008091395246220842,0.03870649495801887,0.28260030739094366,0.030820875839565554,0.03760031312308189,0.0,0.0,0.0,1.0,0.0,0.0,0.0,0.0,0.0,0.0,0.0,0.0,0.0,0.116,-0.345,1.161,0.999,-0.04,-0.02,0.002,0.022,-0.024,0.011,-0.2,-0.2,0.1,0.0,0.0,1.2,1.0,0.0,0.0,0.0,24.7117314831821,0.9802136499657731,0.0886441934795512,158.73867478643078,160.3136008444005,0.5,0.0025,0.0025,0.013,0.012
940,1763002657.4847567,-0.02574299206143304,0.026515993942246196,0.4031729909867426,-0.0008027829923562893,-0.3836017622031919,-0.07589450000956899,0.03933226194199036,-0.08813264286114923,0.0,0.0,0.0,1.0,0.0,0.0,0.0,0.0,0.0,0.0,0.0,0.0,0.0,0.116,-0.345,1.161,0.999,-0.038,-0.021,0.001,0.007,-0.019,0.001,0.1,-0.0,-0.1,0.0,0.0,1.2,1.0,0.0,0.0,0.0,24.710805407098224,0.9801724899310027,0.08686639634899596,158.43420255153447,160.29923396228403,0.5,0.0022,0.002,0.0145,0.0112
941,1763002657.526627,-0.025174641010994227,0.004748740374444088,0.40233941527314265,-0.005351220117312958,0.003109211298244763,-0.21502093628379643,0.03198154196267502,-0.04556464954880232,0.0,0.0,0.0,1.0,0.0,0.0,0.0,0.0,0.0,0.0,0.0,0.0,0.0,0.116,-0.345,1.162,0.999,-0.038,-0.02,-0.0,-0.01,-0.004,0.012,0.1,0.2,-0.1,0.0,0.0,1.2,1.0,0.0,0.0,0.0,24.710260308645662,0.9801494873182781,0.0842181666640676,158.17648910299502,160.28437069540712,0.5,0.0022,0.0027,0.0183,0.0164
942,1763002657.5649838,0.022021151597022493,0.012692629802418037,0.4010292769769338,-0.002771671990830682,0.46944046197906775,0.07991376831718391,0.027132558565226745,0.02526035925309146,0.0,0.0,0.0,1.0,0.0,0.0,0.0,0.0,0.0,0.0,0.0,0.0,0.0,0.115,-0.345,1.163,0.999,-0.043,-0.019,-0.0,-0.02,0.01,0.028,-0.2,0.1,-0.0,0.0,0.0,1.2,1.0,0.0,0.0,0.0,24.71030007120565,0.9801499309822135,0.08382129086988253,158.61377445953067,160.287079851655,0.5,0.0021,0.0027,0.0214,0.011
943,1763002657.6078718,-0.02746164103633107,-0.03731408358007867,0.40174295977356494,0.00024447246616369914,-0.49262581117383325,-0.49879787084472527,0.04723975566400482,0.029884277370860742,0.0,0.0,0.0,1.0,0.0,0.0,0.0,0.0,0.0,0.0,0.0,0.0,0.0,0.114,-0.344,1.163,0.999,-0.038,-0.006,-0.001,-0.02,0.016,0.003,0.4,0.7,-0.0,0.0,0.0,1.2,1.0,0.0,0.0,0.0,24.709173916721927,0.9801068498200336,0.07583104418344722,158.6528446748604,160.24827035955911,0.5,0.0076,0.0022,0.0191,0.0105
944,1763002657.650792,0.015496131967804309,0.012622314742040355,0.3994626919855312,0.003523038827112225,0.42683156593772065,0.4956325748631823,0.017371618097019554,0.032810110856101624,0.0,0.0,0.0,1.0,0.0,0.0,0.0,0.0,0.0,0.0,0.0,0.0,0.0,0.113,-0.343,1.165,0.999,-0.042,-0.015,0.001,-0.02,0.03,0.046,-0.1,-0.4,0.1,0.0,0.0,1.2,1.0,0.0,0.0,0.0,24.709839996740435,0.9801309182958341,0.07,158.53607812371584,160.25173391418932,0.5,0.0088,0.0021,0.0133,0.0178
945,1763002657.6942322,0.027708104890580527,0.015942396189174222,0.39916063568669136,0.0032709900378241888,0.12366934242454264,0.034463045945542725,0.036925706210154376,-0.0021681840101691425,0.0,0.0,0.0,1.0,0.0,0.0,0.0,0.0,0.0,0.0,0.0,0.0,0.0,0.112,-0.342,1.166,0.999,-0.043,-0.015,0.001,-0.029,0.039,0.03,-0.1,-0.0,0.0,0.0,0.0,1.2,1.0,0.0,0.0,0.0,24.70974052533202,0.9801267380858121,0.07127752320601964,158.69180733040122,160.25851220158674,0.5,0.0023,0.002,0.0194,0.0187
946,1763002657.7243748,0.04213602263306323,0.034815034763893506,0.3989958957622993,0.0020001819124282815,0.1470499879138851,0.19032062536611027,0.03826866432474836,-0.012380982250176649,0.0,0.0,0.0,1.0,0.0,0.0,0.0,0.0,0.0,0.0,0.0,0.0,0.0,0.111,-0.34,1.167,0.999,-0.046,-0.017,0.001,-0.037,0.046,0.027,-0.1,-0.1,-0.0,0.0,0.0,1.2,1.0,0.0,0.0,0.0,24.709495717475804,0.9801183535755859,0.07442306455608341,158.71237586566951,160.27495534428053,0.5,0.0023,0.0021,0.0115,0.0129
947,1763002657.754722,-0.007458682175107631,0.01818243644247306,0.3997938103264349,-0.004694823212830614,-0.4917334458184022,-0.16284447973781507,0.04787873521758549,-0.06675003306134614,0.0,0.0,0.0,1.0,0.0,0.0,0.0,0.0,0.0,0.0,0.0,0.0,0.0,0.109,-0.338,1.168,0.999,-0.04,-0.016,-0.001,-0.039,0.05,0.006,0.4,0.1,-0.1,0.0,0.0,1.2,1.0,0.0,0.0,0.0,24.708371302797097,0.9800842900654028,0.07,159.07774142038224,160.2624820254256,0.5,0.0023,0.002,0.0158,0.0092
948,1763002657.7939413,-0.01557766348177245,0.011216499109336198,0.39929480176276505,-0.003200250459627325,-0.08193568128415903,-0.0678411296871213,0.03498929539594569,0.014476245210749833,0.0,0.0,0.0,1.0,0.0,0.0,0.0,0.0,0.0,0.0,0.0,0.0,0.0,0.108,-0.337,1.168,0.999,-0.035,-0.014,-0.001,-0.045,0.069,0.02,0.2,0.1,-0.0,0.0,0.0,1.2,1.0,0.0,0.0,0.0,24.707888006208925,0.9800694883614414,0.07045295970339137,159.4650623548746,160.26770004437304,0.5,0.0025,0.0021,0.0156,0.0115
949,1763002657.8186457,0.02480271046952553,-0.029375185122599692,0.39862336546370064,-0.00917263139524788,0.4022459731648026,-0.4047951924084252,0.033215117185632505,-0.06004383440216829,0.0,0.0,0.0,1.0,0.0,0.0,0.0,0.0,0.0,0.0,0.0,0.0,0.0,0.107,-0.335,1.169,0.999,-0.038,-0.011,-0.004,-0.061,0.085,0.027,-0.1,0.5,-0.1,0.0,0.0,1.2,1.0,0.0,0.0,0.0,24.707721578643657,0.9800633010833998,0.07,160.32877057062458,160.32877057062458,0.5,0.0023,0.0022,0.0123,0.0068
950,1763002657.851536,0.0030386606855865063,-0.02735721500366152,0.39889906249325136,-0.007058620071300656,-0.21516022679243763,0.017242182677121798,0.04261930684187706,0.020222850099947443,0.0,0.0,0.0,1.0,0.0,0.0,0.0,0.0,0.0,0.0,0.0,0.0,0.0,0.106,-0.333,1.169,0.999,-0.036,-0.008,-0.003,-0.035,0.067,0.014,0.1,0.2,0.0,0.0,0.0,1.2,1.0,0.0,0.0,0.0,24.706984131108303,0.9800426973933603,0.07396037480151031,160.6853934017802,160.6853934017802,0.5,0.0015,0.0017,0.02,0.008
951,1763002657.8764176,-0.03110925817201948,-0.02268524008523575,0.3987398741082538,0.00017419657738467278,-0.34117532250750116,0.043984027683891536,0.0382980223993497,0.07162230447972323,0.0,0.0,0.0,1.0,0.0,0.0,0.0,0.0,0.0,0.0,0.0,0.0,0.0,0.106,-0.332,1.17,0.999,-0.031,-0.008,-0.001,-0.021,0.046,0.021,0.2,0.1,0.1,0.0,0.0,1.2,1.0,0.0,0.0,0.0,24.70656506582061,0.980030774847439,0.07644851335747756,160.91382420712037,160.91382420712037,0.5,0.003,0.0016,0.009,0.0089
952,1763002657.9038446,0.01537901787878487,0.00657658845223795,0.39835951332710146,0.006357202270897,0.4617718346908415,0.2903497613662134,0.036070379599301344,0.06184747659286173,0.0,0.0,0.0,1.0,0.0,0.0,0.0,0.0,0.0,0.0,0.0,0.0,0.0,0.104,-0.33,1.171,0.999,-0.037,-0.01,0.002,-0.027,0.042,0.023,-0.2,-0.1,0.1,0.0,0.0,1.2,1.0,0.0,0.0,0.0,24.706246542824754,0.9800223903976555,0.07311936675666153,160.90170941262951,160.90443062849957,0.5,0.0015,0.0014,0.0088,0.0055
953,1763002657.947553,-0.017202693680376486,-4.869548532445561e-05,0.39969412393322856,0.004540088875803096,-0.32427921380373503,-0.06559518053040025,0.053182057393981144,-0.017535413723849348,0.0,0.0,0.0,1.0,0.0,0.0,0.0,0.0,0.0,0.0,0.0,0.0,0.0,0.103,-0.328,1.171,0.999,-0.035,-0.01,0.002,-0.046,0.044,-0.009,0.2,0.1,-0.0,0.0,0.0,1.2,1.0,0.0,0.0,0.0,24.704631531281013,0.9799836067260117,0.07248213835066619,160.81800083126882,160.89958530964566,0.5,0.0024,0.0031,0.0091,0.0128
954,1763002657.9707441,0.031642628506803286,0.047586605109100906,0.39881151531917175,-0.001463366646655427,0.4867329525037601,0.47634813639572116,0.031143326252755323,-0.05958054633700492,0.0,0.0,0.0,1.0,0.0,0.0,0.0,0.0,0.0,0.0,0.0,0.0,0.0,0.101,-0.326,1.172,0.999,-0.041,-0.016,0.001,-0.053,0.054,0.022,-0.3,-0.3,-0.1,0.0,0.0,1.2,1.0,0.0,0.0,0.0,24.70441228748665,0.9799777066628369,0.07010579265996984,161.00012560282602,161.00012560282602,0.5,0.0015,0.0017,0.0092,0.0049
955,1763002658.00127,-0.016871815297954076,-0.0005897570571097022,0.40088603018835745,0.0007430658816976899,-0.4819801751968932,-0.4770049611511959,0.060626300223774736,0.021917988618865625,0.0,0.0,0.0,1.0,0.0,0.0,0.0,0.0,0.0,0.0,0.0,0.0,0.0,0.1,-0.324,1.171,0.999,-0.035,-0.011,0.001,-0.042,0.056,-0.031,0.4,0.3,0.0,0.0,0.0,1.2,1.0,0.0,0.0,0.0,24.701976202652514,0.9799203867678565,0.07,161.08734623116794,161.08734623116794,0.5,0.0013,0.0013,0.007,0.0041
956,1763002658.045009,0.032358979440158975,0.037261100150399046,0.4004689106874419,-0.004402688493016638,0.490620765851335,0.3784495963693765,0.035917408009680844,-0.05138323715897351,0.0,0.0,0.0,1.0,0.0,0.0,0.0,0.0,0.0,0.0,0.0,0.0,0.0,0.097,-0.322,1.171,0.999,-0.043,-0.014,-0.0,-0.068,0.077,-0.005,-0.2,-0.1,-0.1,0.0,0.0,1.2,1.0,0.0,0.0,0.0,24.700780673382628,0.9798919942303626,0.07,160.85473331176394,161.0714146618796,0.5,0.0024,0.0022,0.0109,0.0095
957,1763002658.0694976,0.030143385024813216,0.005177720990062293,0.40086318210000293,-0.007299217663297326,-0.018920046209441654,-0.3171076815883276,0.04398960519435494,-0.029405560552108544,0.0,0.0,0.0,1.0,0.0,0.0,0.0,0.0,0.0,0.0,0.0,0.0,0.0,0.095,-0.319,1.171,0.999,-0.041,-0.01,-0.002,-0.064,0.085,-0.013,0.1,0.2,-0.1,0.0,0.0,1.2,1.0,0.0,0.0,0.0,24.69929240790597,0.979855195341447,0.07,161.11206905073664,161.11206905073664,0.5,0.0016,0.0029,0.0073,0.0043
958,1763002658.1037827,0.027263312484392975,0.016134985803980914,0.40174279655022693,-0.009486412553722796,-0.025786386901721026,0.11009042023819245,0.04888246271224001,-0.022601870670584424,0.0,0.0,0.0,1.0,0.0,0.0,0.0,0.0,0.0,0.0,0.0,0.0,0.0,0.093,-0.316,1.17,0.999,-0.039,-0.011,-0.002,-0.076,0.092,-0.031,0.1,0.1,-0.1,0.0,0.0,1.2,1.0,0.0,0.0,0.0,24.697107055400615,0.9798002915661634,0.07020470628804225,161.29244988282855,161.29244988282855,0.5,0.001,0.001,0.0079,0.0071
959,1763002658.1379077,0.03403892035669878,0.011389965921147167,0.4015599008176581,-0.007096736857134781,0.07048240997149735,-0.04583670024793936,0.03834532232933465,0.022948115710507873,0.0,0.0,0.0,1.0,0.0,0.0,0.0,0.0,0.0,0.0,0.0,0.0,0.0,0.091,-0.313,1.169,0.999,-0.037,-0.009,-0.003,-0.072,0.101,-0.013,0.0,0.1,-0.0,0.0,0.0,1.2,1.0,0.0,0.0,0.0,24.695746058585225,0.9797650567815593,0.07082077165670565,161.25527485604505,161.29518894840572,0.5,0.0022,0.002,0.009,0.0042
960,1763002658.174024,0.028442734163763358,0.023293460398098036,0.40119772732621395,-0.00534802527852245,-0.052557969893684414,0.12017394136162336,0.036534255167324836,0.016777442100409826,0.0,0.0,0.0,1.0,0.0,0.0,0.0,0.0,0.0,0.0,0.0,0.0,0.0,0.088,-0.309,1.169,0.999,-0.036,-0.009,-0.002,-0.079,0.112,-0.007,0.1,0.0,0.0,0.0,0.0,1.2,1.0,0.0,0.0,0.0,24.69465090815808,0.9797359512004812,0.0706449776855366,161.22919715524003,161.29622239615048,0.5,0.0023,0.002,0.0077,0.0087
961,1763002658.2046862,0.019952802228862976,0.042749992847905816,0.4003062954663833,-0.00953961783296279,-0.08205504593262741,0.19689467053788764,0.031205454134315348,-0.04245072807225563,0.0,0.0,0.0,1.0,0.0,0.0,0.0,0.0,0.0,0.0,0.0,0.0,0.0,0.085,-0.306,1.169,0.999,-0.034,-0.011,-0.003,-0.082,0.105,0.01,0.1,-0.1,-0.1,0.0,0.0,1.2,1.0,0.0,0.0,0.0,24.694251419936958,0.9797254074514155,0.07110208808844021,160.8833023588189,161.30297447056083,0.5,0.0017,0.0019,0.0097,0.0046
962,1763002658.2485898,-0.019596035874547987,0.03281726292374588,0.39997394607939957,-0.012296792461246568,-0.39349310081122313,-0.09505229995680879,0.03670713567680162,-0.02852570806613406,0.0,0.0,0.0,1.0,0.0,0.0,0.0,0.0,0.0,0.0,0.0,0.0,0.0,0.083,-0.303,1.169,1.0,-0.029,-0.011,-0.004,-0.068,0.087,0.007,0.3,-0.0,-0.1,0.0,0.0,1.2,1.0,0.0,0.0,0.0,24.69367573820754,0.9797085380215926,0.07264125061821633,161.36136594400315,161.36136594400315,0.5,0.0023,0.0021,0.0143,0.0099
963,1763002658.2816575,-0.01632978582577694,-0.011307961112081898,0.39982560611312107,-0.0043371405792261685,0.030702896900255724,-0.43797051406590326,0.03851399494515606,0.07836683957407933,0.0,0.0,0.0,1.0,0.0,0.0,0.0,0.0,0.0,0.0,0.0,0.0,0.0,0.081,-0.301,1.17,1.0,-0.028,-0.006,-0.003,-0.064,0.07,0.002,0.1,0.3,0.1,0.0,0.0,1.2,1.0,0.0,0.0,0.0,24.692883056583984,0.9796848731058836,0.07269471381973627,162.40785330674905,162.40785330674905,0.5,0.0022,0.0057,0.0101,0.0102
964,1763002658.3106387,0.015497769124196197,0.0032673786088076792,0.39835869522156503,0.0006012197145874431,0.3166425709171537,0.14462260109768757,0.025313451695751443,0.0489498888802135,0.0,0.0,0.0,1.0,0.0,0.0,0.0,0.0,0.0,0.0,0.0,0.0,0.0,0.079,-0.299,1.171,1.0,-0.031,-0.005,-0.001,-0.058,0.05,0.037,-0.2,-0.0,0.1,0.0,0.0,1.2,1.0,0.0,0.0,0.0,24.693546583622034,0.9797035967392063,0.07,162.1182747025655,162.3947101039628,0.5,0.0023,0.0021,0.0097,0.0099
965,1763002658.3377278,0.015457250911105128,0.01708856480597356,0.3981014261325556,0.003865212685135808,0.0011445947815088564,0.13853859983253958,0.03726317863206263,0.032700051676942385,0.0,0.0,0.0,1.0,0.0,0.0,0.0,0.0,0.0,0.0,0.0,0.0,0.0,0.078,-0.298,1.171,0.999,-0.032,-0.006,-0.0,-0.054,0.029,0.028,-0.2,-0.1,0.1,0.0,0.0,1.2,1.0,0.0,0.0,0.0,24.693746904174557,0.9797096238781894,0.07,161.69865627802605,162.39185716748128,0.5,0.0022,0.0036,0.007,0.0046
966,1763002658.3726444,0.014418281823398035,0.009373807428049916,0.39845489150591257,0.006484607509878355,-0.008843965785960306,-0.07543871729863907,0.04334479634682581,0.026580469515939047,0.0,0.0,0.0,1.0,0.0,0.0,0.0,0.0,0.0,0.0,0.0,0.0,0.0,0.076,-0.298,1.172,0.999,-0.035,-0.006,0.001,-0.048,0.026,0.014,-0.1,0.0,0.1,0.0,0.0,1.2,1.0,0.0,0.0,0.0,24.69334720313213,0.9796990282868473,0.07072878360798444,161.54162617248812,162.39629271272662,0.5,0.0013,0.0011,0.008,0.0088
967,1763002658.404481,-0.03460884563190147,-0.005552615278565341,0.39903517265655364,0.0036156999309958503,-0.4888294463706552,-0.14832684632334758,0.045648300657001414,-0.028040615037837214,0.0,0.0,0.0,1.0,0.0,0.0,0.0,0.0,0.0,0.0,0.0,0.0,0.0,0.075,-0.297,1.172,1.0,-0.03,-0.005,0.001,-0.042,0.011,0.007,0.3,0.1,0.0,0.0,0.0,1.2,1.0,0.0,0.0,0.0,24.69267838072199,0.9796804296824138,0.07012606458735185,162.03403156136912,162.38567901432805,0.5,0.0023,0.0043,0.0067,0.0044
968,1763002658.4385953,-0.07357352528885566,0.001316520689238686,0.3985525726592147,0.0024220067885803347,-0.39310768113273203,0.06813609815018373,0.035077517292266006,-0.011575361431055562,0.0,0.0,0.0,1.0,0.0,0.0,0.0,0.0,0.0,0.0,0.0,0.0,0.0,0.073,-0.297,1.173,1.0,-0.024,-0.005,0.001,-0.042,-0.006,0.021,0.3,-0.0,-0.0,0.0,0.0,1.2,1.0,0.0,0.0,0.0,24.692625756452617,0.9796783596558175,0.07632787760014019,162.27818990082943,162.38155124919035,0.5,0.0011,0.0011,0.0064,0.0099
969,1763002658.4806805,-0.07155943240447107,-0.02652632262704757,0.397923906212891,-0.004201758279888037,0.012783576314960188,-0.2782967810939387,0.03356859280268504,-0.06599545000582567,0.0,0.0,0.0,1.0,0.0,0.0,0.0,0.0,0.0,0.0,0.0,0.0,0.0,0.072,-0.298,1.174,1.0,-0.024,-0.002,-0.001,-0.039,-0.035,0.029,0.1,0.2,-0.1,0.0,0.0,1.2,1.0,0.0,0.0,0.0,24.692892280559565,0.979685099263518,0.08387859601809344,162.29780868469416,162.34249796723867,0.5,0.0019,0.0016,0.009,0.0138
970,1763002658.5245118,-0.021308427024904646,-0.0324989904039047,0.3972292576806784,-0.0032115842677587093,0.49535411055521716,-0.062379310031275996,0.03284590529916402,0.009481564293304483,0.0,0.0,0.0,1.0,0.0,0.0,0.0,0.0,0.0,0.0,0.0,0.0,0.0,0.071,-0.301,1.175,1.0,-0.03,-0.0,-0.001,-0.027,-0.064,0.038,-0.4,0.1,-0.0,0.0,0.0,1.2,1.0,0.0,0.0,0.0,24.693506281955266,0.9797002814765651,0.07758467073857857,163.16251114092515,163.16251114092515,0.5,0.0023,0.002,0.0164,0.017
971,1763002658.5568728,-0.006010150425553015,-0.03265769838907815,0.3972158910802474,-0.002285122122560663,0.1508519232910258,-0.004836978892124977,0.03958925976375832,0.0089434630252046,0.0,0.0,0.0,1.0,0.0,0.0,0.0,0.0,0.0,0.0,0.0,0.0,0.0,0.071,-0.301,1.175,1.0,-0.03,-0.0,-0.001,-0.027,-0.064,0.038,-0.4,0.1,-0.0,0.0,0.0,1.2,1.0,0.0,0.0,0.0,24.694079749391555,0.9797132096806507,0.0778325845405175,164.28107997024688,164.28107997024688,0.5,0.0026,0.0023,0.0169,0.0099
972,1763002658.5955577,-0.052145054517519246,-0.043844242351808414,0.39828191950382913,-0.008643142876273173,-0.4619500559622175,-0.11513120946621049,0.05038187334384248,-0.06380871974938117,0.0,0.0,0.0,1.0,0.0,0.0,0.0,0.0,0.0,0.0,0.0,0.0,0.0,0.07,-0.305,1.175,1.0,-0.03,0.002,-0.004,-0.012,-0.091,0.015,0.0,0.1,-0.1,0.0,0.0,1.2,1.0,0.0,0.0,0.0,24.693659432575405,0.9797036422639261,0.07984998174839206,163.82687048961813,164.27883091045055,0.5,0.0021,0.0028,0.0197,0.0129
973,1763002658.6230056,-0.052105316535296015,-0.0065227701772186605,0.3975561729253676,-0.006429814604958279,-0.004817125629519692,0.3688302975107166,0.032570726165766756,0.021268968425521624,0.0,0.0,0.0,1.0,0.0,0.0,0.0,0.0,0.0,0.0,0.0,0.0,0.0,0.07,-0.308,1.177,1.0,-0.031,-0.002,-0.003,-0.005,-0.097,0.04,-0.1,-0.2,0.0,0.0,0.0,1.2,1.0,0.0,0.0,0.0,24.6943103519671,0.9797196054713763,0.07832936947375994,164.11087678152722,164.2767549823704,0.5,0.0022,0.002,0.0121,0.01
974,1763002658.6546266,-0.0634760533486428,-0.008775663034306616,0.39734816695171477,-0.006384060939771036,-0.1189178997869974,-0.023181205588601428,0.037675557556008876,-0.0001854448086233973,0.0,0.0,0.0,1.0,0.0,0.0,0.0,0.0,0.0,0.0,0.0,0.0,0.0,0.071,-0.311,1.178,0.999,-0.031,-0.004,-0.004,0.008,-0.106,0.039,0.0,-0.1,-0.0,0.0,0.0,1.2,1.0,0.0,0.0,0.0,24.694869542417656,0.9797340247630748,0.07940435461535465,163.69943449700975,164.2589859132669,0.5,0.0034,0.003,0.0121,0.0122
975,1763002658.6826713,-0.03877614847314152,-0.008822109765740712,0.39676520779283825,-0.007476009177730454,0.2406514434201484,-0.001342033617771618,0.033905225106406284,-0.011557888473571278,0.0,0.0,0.0,1.0,0.0,0.0,0.0,0.0,0.0,0.0,0.0,0.0,0.0,0.071,-0.315,1.18,0.999,-0.035,-0.005,-0.005,0.015,-0.113,0.046,-0.2,-0.1,-0.0,0.0,0.0,1.2,1.0,0.0,0.0,0.0,24.695690778451578,0.9797528826894615,0.0791767546266901,164.17080654633318,164.2699320644415,0.5,0.0021,0.002,0.0108,0.0115
976,1763002658.7111924,-0.0046015488261220705,-0.010565985058843963,0.39719245356815974,-0.007824081172859577,0.3378683816228803,-0.018320963907606583,0.04394897853249842,-0.004228320869064272,0.0,0.0,0.0,1.0,0.0,0.0,0.0,0.0,0.0,0.0,0.0,0.0,0.0,0.072,-0.319,1.181,0.999,-0.041,-0.005,-0.005,0.019,-0.1,0.028,-0.3,-0.1,-0.0,0.0,0.0,1.2,1.0,0.0,0.0,0.0,24.695730769572613,0.9797520096293708,0.07941547800548938,165.36132523540905,165.36132523540905,0.5,0.0016,0.0021,0.011,0.0097
977,1763002658.7446177,0.0011125844088191658,-0.016522507782182054,0.3971320270385644,-0.007947654994052828,0.05668117746680018,-0.060621825739265306,0.03911498006086346,-0.0020181463292184825,0.0,0.0,0.0,1.0,0.0,0.0,0.0,0.0,0.0,0.0,0.0,0.0,0.0,0.072,-0.322,1.182,0.999,-0.043,-0.006,-0.005,0.015,-0.086,0.036,-0.2,-0.0,0.0,0.0,0.0,1.2,1.0,0.0,0.0,0.0,24.696117291964068,0.9797595708003851,0.08104569317010724,165.95854917725384,165.95854917725384,0.5,0.0016,0.0021,0.0102,0.0106
978,1763002658.7781422,-0.019814137846714756,-0.023961123463436738,0.3975957787127482,-0.006919502017154516,-0.2091559641144573,-0.07603840759076505,0.044350719445695186,0.009486764269577836,0.0,0.0,0.0,1.0,0.0,0.0,0.0,0.0,0.0,0.0,0.0,0.0,0.0,0.073,-0.325,1.183,0.999,-0.042,-0.004,-0.004,0.016,-0.077,0.021,-0.0,0.0,-0.0,0.0,0.0,1.2,1.0,0.0,0.0,0.0,24.69587050558283,0.9797546893550141,0.08025164866853216,165.65096079619423,165.95511764363968,0.5,0.0014,0.0021,0.011,0.0102
979,1763002658.8102736,0.0014289118421262521,0.021998016767199657,0.39699698827236296,-0.006117338293327188,0.21044908310373864,0.45719528996002023,0.03377167346742254,0.007329687036557825,0.0,0.0,0.0,1.0,0.0,0.0,0.0,0.0,0.0,0.0,0.0,0.0,0.0,0.074,-0.326,1.184,0.999,-0.044,-0.011,-0.003,0.02,-0.047,0.034,-0.1,-0.3,0.0,0.0,0.0,1.2,1.0,0.0,0.0,0.0,24.696205904839346,0.9797607485820988,0.08007286358866672,166.36711456845595,166.36711456845595,0.5,0.0015,0.0015,0.0099,0.0107
980,1763002658.8452792,0.03237656709643438,-0.00031336048390916485,0.3970782867582004,-0.004502575515721722,0.3096194437272939,-0.22091397083436826,0.04051268368561044,0.015535893946721918,0.0,0.0,0.0,1.0,0.0,0.0,0.0,0.0,0.0,0.0,0.0,0.0,0.0,0.074,-0.327,1.184,0.999,-0.047,-0.009,-0.003,0.012,-0.027,0.024,-0.2,-0.0,0.0,0.0,0.0,1.2,1.0,0.0,0.0,0.0,24.696127493831032,0.9797580489119664,0.08226715026323052,166.8967879512838,166.8967879512838,0.5,0.0016,0.0015,0.0121,0.0101
981,1763002658.8824844,0.027796959713077947,-0.015158116387687109,0.3983374550136839,0.0007955701464961648,-0.042558417123920944,-0.1484788950861703,0.052299511230655404,0.05253119907060671,0.0,0.0,0.0,1.0,0.0,0.0,0.0,0.0,0.0,0.0,0.0,0.0,0.0,0.074,-0.327,1.184,0.999,-0.049,-0.008,-0.002,0.003,-0.012,-0.007,-0.0,0.1,0.1,0.0,0.0,1.2,1.0,0.0,0.0,0.0,24.694808036356882,0.979730223797666,0.08185804266529907,166.91539805227475,166.91539805227475,0.5,0.0022,0.0048,0.0097,0.0123
982,1763002658.912679,0.007669810610937099,-0.01887902095121554,0.3992808269238984,0.004892132501371871,-0.19849179505010064,-0.038724857274053046,0.04926746460351361,0.04104518056340667,0.0,0.0,0.0,1.0,0.0,0.0,0.0,0.0,0.0,0.0,0.0,0.0,0.0,0.074,-0.327,1.184,0.999,-0.046,-0.006,-0.0,-0.01,0.019,-0.017,0.2,0.1,0.1,0.0,0.0,1.2,1.0,0.0,0.0,0.0,24.693201914193384,0.9796962403053553,0.07876931631365151,166.82481010518705,166.91103741922433,0.5,0.0023,0.002,0.0116,0.0098
983,1763002658.954141,-0.016325135945103236,0.028165790013268806,0.39985097551811855,-0.0036750170828666667,-0.23918248449930962,0.46856020754972194,0.04562956863459143,-0.08518228259224819,0.0,0.0,0.0,1.0,0.0,0.0,0.0,0.0,0.0,0.0,0.0,0.0,0.0,0.073,-0.326,1.183,0.999,-0.041,-0.011,-0.001,-0.025,0.03,-0.02,0.3,-0.2,-0.1,0.0,0.0,1.2,1.0,0.0,0.0,0.0,24.691582918926724,0.9796601375551227,0.07531791173229131,167.12905724541903,167.12905724541903,0.5,0.0022,0.0041,0.0099,0.0179
984,1763002658.9838305,-0.019287968783081304,0.03801961138395676,0.40009375155923665,-0.006469635215345794,-0.031260841974290965,0.10135479270820641,0.04241285796299275,-0.02831368303307794,0.0,0.0,0.0,1.0,0.0,0.0,0.0,0.0,0.0,0.0,0.0,0.0,0.0,0.073,-0.326,1.183,0.999,-0.041,-0.011,-0.001,-0.025,0.03,-0.02,0.3,-0.2,-0.1,0.0,0.0,1.2,1.0,0.0,0.0,0.0,24.690064887841064,0.9796243724519632,0.07947121426018405,167.39712269124922,167.39712269124922,0.5,0.0023,0.0043,0.0101,0.0123
985,1763002659.013599,0.007094831835557303,0.0167970360267613,0.4009523399529674,-0.010869732664657406,0.261899209308078,-0.2084237924335589,0.04859525909323098,-0.044647938014650695,0.0,0.0,0.0,1.0,0.0,0.0,0.0,0.0,0.0,0.0,0.0,0.0,0.0,0.07,-0.323,1.182,0.999,-0.038,-0.01,-0.004,-0.048,0.044,-0.038,-0.0,0.1,-0.1,0.0,0.0,1.2,1.0,0.0,0.0,0.0,24.687876711119852,0.9795713040312932,0.0788586878520674,167.41441009811382,167.41441009811382,0.5,0.0023,0.0021,0.0103,0.0121
986,1763002659.0508428,0.05417359383278224,-0.01628046089174855,0.4018514156355335,-0.008485679996167643,0.47149710315580506,-0.32909526558242225,0.0490859908209578,0.022753553418431882,0.0,0.0,0.0,1.0,0.0,0.0,0.0,0.0,0.0,0.0,0.0,0.0,0.0,0.069,-0.322,1.18,0.999,-0.044,-0.007,-0.004,-0.046,0.047,-0.045,-0.3,0.3,0.0,0.0,0.0,1.2,1.0,0.0,0.0,0.0,24.68550173690516,0.9795098150183739,0.07665405899707331,167.78342641330647,167.78342641330647,0.5,0.0024,0.0034,0.0124,0.0125
987,1763002659.0808692,0.07136014279479169,-0.005277860474261195,0.4032433546858819,-0.0029227098845595254,0.17728284900337288,0.10839795808569867,0.054104532067037886,0.05478113311646441,0.0,0.0,0.0,1.0,0.0,0.0,0.0,0.0,0.0,0.0,0.0,0.0,0.0,0.067,-0.32,1.179,0.999,-0.048,-0.006,-0.003,-0.043,0.052,-0.063,-0.2,0.1,0.1,0.0,0.0,1.2,1.0,0.0,0.0,0.0,24.682483807409007,0.9794270966449576,0.08224209229787381,167.76874971486066,167.76874971486066,0.5,0.0024,0.0021,0.0106,0.012
988,1763002659.1150239,0.05332337784053739,0.02823603964592386,0.4043996119190148,-0.005892244108888101,-0.17323163526306384,0.3346112151544244,0.0518869077999175,-0.0299876132317417,0.0,0.0,0.0,1.0,0.0,0.0,0.0,0.0,0.0,0.0,0.0,0.0,0.0,0.065,-0.317,1.176,0.999,-0.047,-0.009,-0.004,-0.051,0.078,-0.068,0.1,-0.1,-0.0,0.0,0.0,1.2,1.0,0.0,0.0,0.0,24.679363758990565,0.9793363695530579,0.08228448568194033,167.70070387249146,167.76477693974394,0.5,0.0023,0.0019,0.0126,0.011
989,1763002659.1491368,0.03429021227386792,0.012079914561457645,0.40602331731206553,-0.0009175806857786668,-0.18499931788264087,-0.15873764688006978,0.05667701512240835,0.049157409820205535,0.0,0.0,0.0,1.0,0.0,0.0,0.0,0.0,0.0,0.0,0.0,0.0,0.0,0.064,-0.314,1.174,0.999,-0.043,-0.007,-0.003,-0.06,0.094,-0.092,0.2,0.1,0.1,0.0,0.0,1.2,1.0,0.0,0.0,0.0,24.675335205051855,0.9792105969516672,0.08069016915097937,168.15355436849114,168.15355436849114,0.5,0.003,0.0021,0.0103,0.0136
990,1763002659.1924958,0.024896065642564153,0.032585094508018206,0.4071591077310293,0.0016491078699409096,-0.090512445085651,0.20625979092175137,0.0519602359208447,0.025575127488617906,0.0,0.0,0.0,1.0,0.0,0.0,0.0,0.0,0.0,0.0,0.0,0.0,0.0,0.061,-0.311,1.171,0.999,-0.04,-0.007,-0.002,-0.065,0.099,-0.094,0.2,-0.1,0.1,0.0,0.0,1.2,1.0,0.0,0.0,0.0,24.671327848762196,0.9790768995420157,0.0805789818525853,168.48579657794798,168.48579657794798,0.5,0.0022,0.0019,0.0232,0.0119
991,1763002659.231157,0.02320424607878636,0.036231289794738164,0.40779665138764865,0.00299697764093723,-0.014428589073521403,0.03972046231800144,0.04709134733929646,0.013643608496957296,0.0,0.0,0.0,1.0,0.0,0.0,0.0,0.0,0.0,0.0,0.0,0.0,0.0,0.061,-0.311,1.171,0.999,-0.04,-0.007,-0.002,-0.065,0.099,-0.094,0.2,-0.1,0.1,0.0,0.0,1.2,1.0,0.0,0.0,0.0,24.66740834552,0.978937346667866,0.08222033891043946,168.77504469165447,168.77504469165447,0.5,0.0024,0.0023,0.0175,0.0157
992,1763002659.2698493,-0.009588211988459768,0.013258347543329673,0.4091044749236049,0.005489127619704749,-0.3256041560645826,-0.22610629353461106,0.05385790049832704,0.025221197551768916,0.0,0.0,0.0,1.0,0.0,0.0,0.0,0.0,0.0,0.0,0.0,0.0,0.0,0.057,-0.305,1.165,1.0,-0.031,-0.003,-0.0,-0.086,0.102,-0.107,0.3,0.1,0.1,0.0,0.0,1.2,1.0,0.0,0.0,0.0,24.66295705267698,0.9787688159910578,0.0830899581323932,169.85994946089906,169.85994946089906,0.5,0.0036,0.0033,0.0126,0.0173
993,1763002659.3000376,0.012856912284479036,0.021585961267851953,0.4081812286592928,0.002883482998013144,0.22349242153054208,0.08460197199955583,0.031677984849240205,-0.025507533454945573,0.0,0.0,0.0,1.0,0.0,0.0,0.0,0.0,0.0,0.0,0.0,0.0,0.0,0.054,-0.303,1.162,0.999,-0.032,-0.002,0.001,-0.066,0.056,-0.061,-0.1,-0.1,0.0,0.0,0.0,1.2,1.0,0.0,0.0,0.0,24.660425711491378,0.9786711410161298,0.08129083887847852,168.90597748607212,169.8495018305955,0.5,0.0025,0.002,0.0146,0.0098
994,1763002659.3299015,-0.001937791043012567,-0.012941221937469157,0.4082279332379608,0.001390303843948913,-0.14666134204646802,-0.34311323592642595,0.041285168652609984,-0.014643443240841004,0.0,0.0,0.0,1.0,0.0,0.0,0.0,0.0,0.0,0.0,0.0,0.0,0.0,0.052,-0.302,1.161,1.0,-0.031,-0.0,-0.0,-0.062,0.039,-0.067,0.0,0.2,-0.0,0.0,0.0,1.2,1.0,0.0,0.0,0.0,24.657542835944643,0.9785538457304228,0.08057880509655589,169.11632176619514,169.8437333166411,0.5,0.0022,0.002,0.0125,0.012
995,1763002659.3577504,-0.002896265364455218,-0.023288690218884568,0.40856681256427807,-0.0006456458786829593,-0.009778522318727806,-0.10476880500790098,0.04421158658696819,-0.02022046684192384,0.0,0.0,0.0,1.0,0.0,0.0,0.0,0.0,0.0,0.0,0.0,0.0,0.0,0.051,-0.301,1.159,0.999,-0.033,0.001,-0.001,-0.062,0.026,-0.072,-0.0,0.2,-0.0,0.0,0.0,1.2,1.0,0.0,0.0,0.0,24.654376085379663,0.9784219273946735,0.08204287143958122,169.43055597481214,169.84725508184184,0.5,0.0022,0.0022,0.01,0.0123
996,1763002659.3844354,-0.00892550114187779,-0.0294778871804672,0.4078916410740956,-0.00016104242135591188,-0.06058198431067119,-0.0642208386377148,0.0341049663546029,0.004781469985402178,0.0,0.0,0.0,1.0,0.0,0.0,0.0,0.0,0.0,0.0,0.0,0.0,0.0,0.049,-0.3,1.157,1.0,-0.031,0.005,-0.0,-0.052,0.025,-0.045,0.0,0.1,-0.0,0.0,0.0,1.2,1.0,0.0,0.0,0.0,24.65229118600983,0.9783344000450269,0.08348282188861492,169.5252512807865,169.8520296101598,0.5,0.0022,0.0021,0.0118,0.0093
997,1763002659.4129064,0.005897531461110533,-0.015827629818974762,0.4078993888347208,0.004427054889211656,0.1473377759156955,0.1335547848968777,0.04086664171366307,0.04586486886354009,0.0,0.0,0.0,1.0,0.0,0.0,0.0,0.0,0.0,0.0,0.0,0.0,0.0,0.047,-0.3,1.155,0.999,-0.034,0.003,0.0,-0.045,0.013,-0.051,-0.1,-0.0,0.1,0.0,0.0,1.2,1.0,0.0,0.0,0.0,24.649814986054494,0.9782308751331247,0.08302456915052998,169.39857063027443,169.84896373697006,0.5,0.0024,0.0033,0.0108,0.0096
998,1763002659.4463115,-0.006340623124868935,-0.004118013430313665,0.40717469138354445,0.00838882253152519,-0.12179179271368357,0.1155134009047135,0.03354296437170809,0.040060381912056506,0.0,0.0,0.0,1.0,0.0,0.0,0.0,0.0,0.0,0.0,0.0,0.0,0.0,0.046,-0.3,1.154,0.999,-0.034,0.002,0.002,-0.031,0.003,-0.027,0.0,-0.1,0.1,0.0,0.0,1.2,1.0,0.0,0.0,0.0,24.64826370862648,0.9781667118199733,0.08238583475916812,169.41319818425265,169.84658278023144,0.5,0.0024,0.0019,0.0101,0.0119
999,1763002659.4781313,-0.05596722043235726,-0.049152057665900466,0.40806209280027833,0.005850651009896499,-0.49690003538737015,-0.4507522436988994,0.04959148330569307,-0.02454283296313441,0.0,0.0,0.0,1.0,0.0,0.0,0.0,0.0,0.0,0.0,0.0,0.0,0.0,0.045,-0.3,1.153,1.0,-0.028,0.005,0.002,-0.032,-0.007,-0.056,0.4,0.3,0.0,0.0,0.0,1.2,1.0,0.0,0.0,0.0,24.645348204007913,0.9780474947401571,0.08580240135352732,169.3430661159461,169.8676107187457,0.5,0.0015,0.0014,0.0118,0.01
1000,1763002659.5194662,-0.041665881646332406,-0.038366623209177726,0.4065183788679981,0.009986038099637265,0.13741666581701278,0.10293913880063729,0.02536906995722485,0.0419389359983973,0.0,0.0,0.0,1.0,0.0,0.0,0.0,0.0,0.0,0.0,0.0,0.0,0.0,0.045,-0.301,1.152,1.0,-0.027,0.006,0.003,-0.012,-0.019,-0.011,0.0,-0.0,0.1,0.0,0.0,1.2,1.0,0.0,0.0,0.0,24.64428537053153,0.9780055754941364,0.08830102825604742,169.14577662032312,169.8649871341449,0.5,0.0022,0.0051,0.0101,0.0153
1001,1763002659.5538704,-0.02945505084326112,-0.021782157821342806,0.40599773719969384,0.01314819314677574,0.11794171986607954,0.16200799155743142,0.035445421203757,0.03262015428134849,0.0,0.0,0.0,1.0,0.0,0.0,0.0,0.0,0.0,0.0,0.0,0.0,0.0,0.045,-0.301,1.152,1.0,-0.028,0.004,0.004,-0.004,-0.03,-0.012,-0.1,-0.1,0.1,0.0,0.0,1.2,1.0,0.0,0.0,0.0,24.643020881005413,0.9779569820854831,0.08803254091960425,169.183189705232,169.87048667222723,0.5,0.0024,0.0022,0.017,0.0098
1002,1763002659.5872502,-0.007140393350612024,0.0052561436447826106,0.4051218559367026,0.008524728010826634,0.22020106984216484,0.2682047988791199,0.031840961090057185,-0.04491983204481348,0.0,0.0,0.0,1.0,0.0,0.0,0.0,0.0,0.0,0.0,0.0,0.0,0.0,0.045,-0.303,1.153,0.999,-0.034,-0.002,0.003,0.009,-0.049,0.004,-0.2,-0.2,-0.0,0.0,0.0,1.2,1.0,0.0,0.0,0.0,24.64231739572573,0.9779302894066992,0.08613881481759914,169.8590631623095,169.87489695348995,0.5,0.0037,0.002,0.0095,0.0134
1003,1763002659.6260178,-0.05497663069250902,-0.02655206062990811,0.40566392920234134,0.005807510070605424,-0.4790764127540312,-0.3175564283824289,0.04593291825005814,-0.026319706601129433,0.0,0.0,0.0,1.0,0.0,0.0,0.0,0.0,0.0,0.0,0.0,0.0,0.0,0.046,-0.305,1.153,1.0,-0.031,-0.002,0.002,0.018,-0.057,-0.015,0.2,0.1,-0.0,0.0,0.0,1.2,1.0,0.0,0.0,0.0,24.640664795221202,0.9778741642817068,0.0856912934876343,168.87123476159817,169.8644178111033,0.5,0.0022,0.0021,0.0168,0.0165
1004,1763002659.6531036,-0.005004016529036467,-0.010922396904721573,0.4049161454676223,0.004054721657626966,0.4942284785654746,0.15364143118887455,0.033088555573044146,-0.01694713312272404,0.0,0.0,0.0,1.0,0.0,0.0,0.0,0.0,0.0,0.0,0.0,0.0,0.0,0.046,-0.307,1.153,0.999,-0.038,-0.005,0.002,0.014,-0.064,0.002,-0.3,0.0,0.0,0.0,0.0,1.2,1.0,0.0,0.0,0.0,24.639664770682895,0.9778404993172796,0.08355009163646598,169.37561177295677,169.88416538516282,0.5,0.0023,0.0022,0.0096,0.0117
1005,1763002659.6790712,0.020597167178177223,-4.4398413704882164e-05,0.4046481635764979,-0.0028005305690025793,0.2555114354192333,0.10768774521969474,0.03781179563551796,-0.06814705010053275,0.0,0.0,0.0,1.0,0.0,0.0,0.0,0.0,0.0,0.0,0.0,0.0,0.0,0.047,-0.309,1.153,0.999,-0.042,-0.004,0.0,0.01,-0.067,0.009,-0.3,-0.1,-0.1,0.0,0.0,1.2,1.0,0.0,0.0,0.0,24.638861559204432,0.9778139446191553,0.08446061709724474,170.39387549245438,170.39387549245438,0.5,0.0022,0.002,0.0098,0.0108
1006,1763002659.710873,0.0007598150431940148,-0.030683553384990014,0.4059558964958488,-0.006162281221463909,-0.1963138046320143,-0.30639598955422176,0.05354214555115852,-0.03389755958151356,0.0,0.0,0.0,1.0,0.0,0.0,0.0,0.0,0.0,0.0,0.0,0.0,0.0,0.047,-0.312,1.152,0.999,-0.043,-0.003,-0.001,0.006,-0.052,-0.025,0.0,0.2,-0.1,0.0,0.0,1.2,1.0,0.0,0.0,0.0,24.636506930162508,0.9777469465481422,0.0832360051809447,169.96169823957862,170.38828864402336,0.5,0.0016,0.0032,0.0097,0.0097
1007,1763002659.7479854,-0.023355303307083138,0.003265473033193647,0.4064958726614496,-0.01030974403052706,-0.2410752019984521,0.3364219088433376,0.04599535130559215,-0.0420908562127779,0.0,0.0,0.0,1.0,0.0,0.0,0.0,0.0,0.0,0.0,0.0,0.0,0.0,0.047,-0.313,1.151,0.999,-0.041,-0.007,-0.003,0.01,-0.033,-0.023,0.2,-0.1,-0.1,0.0,0.0,1.2,1.0,0.0,0.0,0.0,24.634234806588704,0.9776861292221255,0.08152554132598615,169.72959133340441,170.37593694076452,0.5,0.0024,0.0022,0.0102,0.0131
1008,1763002659.7825348,-0.004465318069962157,-0.010942755587816082,0.40810772372672005,-0.005801762165911766,0.18656432204050155,-0.1417557389067779,0.05676809791884984,0.0440488442431002,0.0,0.0,0.0,1.0,0.0,0.0,0.0,0.0,0.0,0.0,0.0,0.0,0.0,0.048,-0.313,1.15,0.999,-0.041,-0.006,-0.002,0.004,-0.029,-0.057,0.0,0.1,0.0,0.0,0.0,1.2,1.0,0.0,0.0,0.0,24.630515922105886,0.9775928607665676,0.08090118568423632,169.4234666606372,170.37180355004202,0.5,0.0022,0.0021,0.0133,0.0113
1009,1763002659.817917,0.026472775262849815,-0.0017431057878918611,0.40833713717324976,-0.0035544879657519483,0.30893440152112356,0.09090222244046059,0.043104906837969456,0.021892565785006986,0.0,0.0,0.0,1.0,0.0,0.0,0.0,0.0,0.0,0.0,0.0,0.0,0.0,0.048,-0.315,1.149,0.999,-0.044,-0.006,-0.001,0.0,-0.031,-0.036,-0.2,0.0,0.0,0.0,0.0,1.2,1.0,0.0,0.0,0.0,24.62775045726648,0.9775256904366894,0.0814546776086971,169.65293679380622,170.37563528223674,0.5,0.002,0.0018,0.0093,0.0181
1010,1763002659.8562112,0.011353145887301998,-0.02998480401745598,0.4091949610334837,0.0034741865665270733,-0.14854901622919314,-0.2825912928744304,0.04941195231966301,0.06993129652621502,0.0,0.0,0.0,1.0,0.0,0.0,0.0,0.0,0.0,0.0,0.0,0.0,0.0,0.048,-0.315,1.147,0.999,-0.044,-0.003,0.0,0.003,-0.028,-0.047,-0.0,0.2,0.1,0.0,0.0,1.2,1.0,0.0,0.0,0.0,24.624479957771214,0.9774507155308738,0.08061998548764153,169.37132761739267,170.3727927064265,0.5,0.0039,0.0071,0.0094,0.0155
1011,1763002659.884162,-0.019995940368236327,-0.01178210562832992,0.4094881102379624,0.0013890287228745819,-0.3123555479666531,0.179028503489515,0.04385098814813604,-0.020504159779872203,0.0,0.0,0.0,1.0,0.0,0.0,0.0,0.0,0.0,0.0,0.0,0.0,0.0,0.047,-0.316,1.146,0.999,-0.041,-0.003,-0.0,-0.004,-0.028,-0.042,0.2,0.0,-0.0,0.0,0.0,1.2,1.0,0.0,0.0,0.0,24.621412224437975,0.9773829550082277,0.07927702226641462,169.2585319393289,170.36621220400946,0.5,0.0021,0.002,0.0171,0.0057
1012,1763002659.9014711,-0.06258273495136146,-0.007049582863403292,0.4101925630384097,-0.006629181956355158,-0.4278675398680749,0.0461470170864333,0.04799333902826943,-0.08004320392000994,0.0,0.0,0.0,1.0,0.0,0.0,0.0,0.0,0.0,0.0,0.0,0.0,0.0,0.047,-0.318,1.144,0.999,-0.034,-0.004,-0.003,-0.001,-0.044,-0.052,0.3,0.0,-0.1,0.0,0.0,1.2,1.0,0.0,0.0,0.0,24.617878867022807,0.9773080506706928,0.08039247179507422,169.0872871984184,170.3691027483318,0.5,0.0008,0.001,0.0083,0.0047
1013,1763002659.9458773,-0.0722707480311752,-0.003944343846599553,0.40943241203226155,-0.010977059406859432,-0.10313840429327348,0.030347431881697043,0.033417746242360186,-0.044141692700678276,0.0,0.0,0.0,1.0,0.0,0.0,0.0,0.0,0.0,0.0,0.0,0.0,0.0,0.048,-0.32,1.143,0.999,-0.031,-0.004,-0.004,0.019,-0.063,-0.022,0.2,-0.1,-0.1,0.0,0.0,1.2,1.0,0.0,0.0,0.0,24.61558956950745,0.9772609403085618,0.08650962784130076,168.77514387182305,170.33953652793733,0.5,0.0015,0.0014,0.0101,0.0129
1014,1763002659.9759226,-0.02260038708319475,-0.01665962755502731,0.4079131806251164,-0.008168588478488588,0.48947653467668695,-0.12754727146893752,0.02575092713177483,0.026987003343022488,0.0,0.0,0.0,1.0,0.0,0.0,0.0,0.0,0.0,0.0,0.0,0.0,0.0,0.049,-0.323,1.143,0.999,-0.035,-0.004,-0.004,0.027,-0.09,0.008,-0.3,0.0,0.0,0.0,0.0,1.2,1.0,0.0,0.0,0.0,24.61445179666171,0.9772375992650324,0.08245826936973907,169.19448902099538,170.376336320939,0.5,0.0016,0.0031,0.011,0.0068
1015,1763002660.0132113,0.022006292878255493,-0.009352485589970087,0.4073020422125852,0.00011039461663076879,0.4438067609061831,0.0714054568950695,0.034679933937200494,0.0819729721033447,0.0,0.0,0.0,1.0,0.0,0.0,0.0,0.0,0.0,0.0,0.0,0.0,0.0,0.05,-0.327,1.144,0.999,-0.044,-0.005,-0.001,0.039,-0.114,0.011,-0.5,-0.1,0.1,0.0,0.0,1.2,1.0,0.0,0.0,0.0,24.613285945357024,0.9772136751159187,0.07969177965243276,170.79199067935633,170.79199067935633,0.5,0.0014,0.0026,0.0101,0.0124
1016,1763002660.0471385,0.0030261022111995953,0.004480273115698813,0.4080155180672215,0.004393995450607989,-0.18760127738273336,0.137392338497692,0.04786496276762221,0.04284704780143528,0.0,0.0,0.0,1.0,0.0,0.0,0.0,0.0,0.0,0.0,0.0,0.0,0.0,0.052,-0.33,1.143,0.999,-0.047,-0.007,0.0,0.047,-0.117,-0.006,-0.2,-0.2,0.1,0.0,0.0,1.2,1.0,0.0,0.0,0.0,24.6112537551022,0.9771790997199626,0.0824924255972023,171.62799783148958,171.62799783148958,0.5,0.0018,0.002,0.0139,0.0094
1017,1763002660.08159,-0.029689406394091927,0.0004013746590966101,0.4085399507114204,0.008254620415119785,-0.32685247583179533,-0.04034095725445212,0.046045878248711355,0.039045649190178756,0.0,0.0,0.0,1.0,0.0,0.0,0.0,0.0,0.0,0.0,0.0,0.0,0.0,0.053,-0.334,1.143,0.999,-0.046,-0.01,0.002,0.033,-0.108,-0.011,0.1,-0.0,0.1,0.0,0.0,1.2,1.0,0.0,0.0,0.0,24.60893701232403,0.9771462983105874,0.08130305893586594,171.3153141119188,171.61512809270064,0.5,0.0023,0.002,0.01,0.011
1018,1763002660.1148465,-0.05354667829614319,-0.02290385268164753,0.4077321429228388,0.004412004044781014,-0.2415416596599218,-0.2330121359415317,0.0327759171853265,-0.03760070166187572,0.0,0.0,0.0,1.0,0.0,0.0,0.0,0.0,0.0,0.0,0.0,0.0,0.0,0.054,-0.337,1.144,0.999,-0.042,-0.008,0.001,0.021,-0.096,0.011,0.2,0.2,-0.0,0.0,0.0,1.2,1.0,0.0,0.0,0.0,24.607501817717647,0.9771290690877804,0.08030601804361494,170.4592488596316,171.59963226077735,0.5,0.0021,0.0019,0.0125,0.0115
1019,1763002660.1469471,-0.0867834316673943,-0.009772256941325911,0.40779066345046244,0.008061422248647244,-0.3377222015421254,0.1290255721350514,0.04135841956852019,0.036935382443140374,0.0,0.0,0.0,1.0,0.0,0.0,0.0,0.0,0.0,0.0,0.0,0.0,0.0,0.054,-0.34,1.144,0.999,-0.038,-0.007,0.002,0.021,-0.116,-0.002,0.3,0.0,0.1,0.0,0.0,1.2,1.0,0.0,0.0,0.0,24.605402606078652,0.9771083578492975,0.08504487740116944,169.16267772329323,171.5648739596035,0.5,0.0047,0.002,0.0106,0.0097
1020,1763002660.1805558,-0.058561086218417935,-0.02221676643152151,0.40676620846780026,0.012096385229239923,0.2735451113230242,-0.12542232059608854,0.030534516518423743,0.041155772030791536,0.0,0.0,0.0,1.0,0.0,0.0,0.0,0.0,0.0,0.0,0.0,0.0,0.0,0.055,-0.344,1.145,0.999,-0.038,-0.005,0.004,0.016,-0.12,0.021,0.0,0.1,0.1,0.0,0.0,1.2,1.0,0.0,0.0,0.0,24.60423144227903,0.9770985066712838,0.08896254753633986,168.2691284215688,171.51896318102663,0.5,0.0025,0.0022,0.0109,0.0115
1021,1763002660.2169256,-0.045938525432694305,0.014172354355522079,0.4034108962232624,0.008848919947447555,0.12036949923539442,0.3616695312272837,0.007123498401402122,-0.03126501429499967,0.0,0.0,0.0,1.0,0.0,0.0,0.0,0.0,0.0,0.0,0.0,0.0,0.0,0.055,-0.349,1.146,0.999,-0.037,-0.002,0.004,0.007,-0.205,0.104,-0.4,-0.3,0.0,0.0,0.0,1.2,1.0,0.0,0.0,0.0,24.60641617405832,0.9771064222531404,0.08470301525242448,169.87512444481004,171.57623300984653,0.5,0.003,0.0036,0.0115,0.0121
1022,1763002660.2479854,-0.06953226420981642,0.010072344657020438,0.40204271191624275,0.00012112763359439088,-0.2405312403144904,-0.03958286154946414,0.02665924655212887,-0.08639303114378688,0.0,0.0,0.0,1.0,0.0,0.0,0.0,0.0,0.0,0.0,0.0,0.0,0.0,0.056,-0.354,1.149,0.999,-0.038,-0.005,0.001,0.023,-0.172,0.091,-0.1,-0.2,-0.1,0.0,0.0,1.2,1.0,0.0,0.0,0.0,24.60774528027769,0.9771073771080049,0.08610417103301757,169.82387693986846,171.56374781801094,0.5,0.0024,0.0022,0.0118,0.0112
1023,1763002660.2787094,-0.06520406488815916,-0.03207148883862555,0.40149116597236156,0.0013834669349164679,0.03632876679559105,-0.4204311004907578,0.034688811752813443,0.012635505776580215,0.0,0.0,0.0,1.0,0.0,0.0,0.0,0.0,0.0,0.0,0.0,0.0,0.0,0.057,-0.36,1.151,0.999,-0.04,-0.003,0.001,0.036,-0.181,0.079,-0.1,0.1,-0.0,0.0,0.0,1.2,1.0,0.0,0.0,0.0,24.608369975640947,0.9771044974575694,0.08611200900759722,169.16089279921042,171.53627914801808,0.5,0.0016,0.0019,0.012,0.0097
1024,1763002660.3204024,-0.0633743357262635,-0.03580177643349795,0.4006612554431042,0.001706805106516153,0.011776885130140635,-0.04051002483258649,0.03185001130466282,0.0033717284094884983,0.0,0.0,0.0,1.0,0.0,0.0,0.0,0.0,0.0,0.0,0.0,0.0,0.0,0.058,-0.366,1.154,0.999,-0.043,-0.002,0.001,0.044,-0.196,0.09,-0.1,0.0,0.0,0.0,0.0,1.2,1.0,0.0,0.0,0.0,24.609354224476963,0.9770975579820709,0.08693165212093565,168.4397525081355,171.5090168496999,0.5,0.0019,0.0058,0.0105,0.0154
1025,1763002660.347967,-0.06326870559144293,-0.03643753294527959,0.4002953435040792,0.002229687015175162,-0.005281132224420726,-0.009937742761166185,0.03640700615405986,0.005399499597241708,0.0,0.0,0.0,1.0,0.0,0.0,0.0,0.0,0.0,0.0,0.0,0.0,0.0,0.058,-0.366,1.154,0.999,-0.043,-0.002,0.001,0.044,-0.196,0.09,-0.1,0.0,0.0,0.0,0.0,1.2,1.0,0.0,0.0,0.0,24.610214893673326,0.977087432250485,0.0879009665918106,167.6182788921728,171.48188075315525,0.5,0.0021,0.002,0.0124,0.0103
1026,1763002660.3808947,-0.11060789337083513,-0.05549450032064099,0.4013168638444271,0.0025852828028919365,-0.47971874835306616,-0.19421342704814187,0.05024473775388698,0.003778926578685261,0.0,0.0,0.0,1.0,0.0,0.0,0.0,0.0,0.0,0.0,0.0,0.0,0.0,0.063,-0.379,1.16,0.999,-0.046,-0.004,0.001,0.079,-0.208,0.055,0.4,0.1,0.0,0.0,0.0,1.2,1.0,0.0,0.0,0.0,24.60953834386737,0.9770967567406736,0.09086981559450945,162.50715692716517,171.30101075745338,0.5,0.0023,0.004,0.0102,0.011
1027,1763002660.4165401,-0.06637730686056195,-0.01845003439627997,0.40030995395624996,0.001724873549397583,0.4312450757656482,0.36489520921154606,0.030062587502671094,-0.00834556425465434,0.0,0.0,0.0,1.0,0.0,0.0,0.0,0.0,0.0,0.0,0.0,0.0,0.0,0.065,-0.386,1.162,0.999,-0.047,-0.006,-0.0,0.074,-0.212,0.082,-0.0,-0.2,-0.0,0.0,0.0,1.2,1.0,0.0,0.0,0.0,24.610038388262193,0.9770876372893924,0.09280484292869061,160.82243065397964,171.14471881682778,0.5,0.0025,0.0023,0.0099,0.0151
1028,1763002660.4584203,-0.08429916944692556,-0.06691317094465275,0.40013500196334306,0.0022258853203466597,-0.18585635654969213,-0.48647636892335583,0.03828147546655558,0.005182605064430523,0.0,0.0,0.0,1.0,0.0,0.0,0.0,0.0,0.0,0.0,0.0,0.0,0.0,0.067,-0.393,1.165,0.999,-0.046,-0.001,-0.0,0.066,-0.209,0.082,0.1,0.3,-0.0,0.0,0.0,1.2,1.0,0.0,0.0,0.0,24.610502521481187,0.9770813192347786,0.09508913159099715,156.91613285132215,170.96399755864425,0.5,0.0022,0.0021,0.017,0.017
1029,1763002660.4901404,-0.04101066652920922,-0.02427781406505563,0.39811850171123103,0.0005233901376564905,0.42445511223247084,0.41966225170150595,0.019848497675213652,-0.016802363294867027,0.0,0.0,0.0,1.0,0.0,0.0,0.0,0.0,0.0,0.0,0.0,0.0,0.0,0.069,-0.398,1.168,0.999,-0.05,-0.006,-0.0,0.08,-0.22,0.116,-0.2,-0.2,-0.0,0.0,0.0,1.2,1.0,0.0,0.0,0.0,24.612344825318676,0.977042500558785,0.09441228028866402,156.977501312093,170.96587745252572,0.5,0.0024,0.0023,0.016,0.0099
1030,1763002660.518529,-0.021229009553741882,-0.024762804355089006,0.3977163499904985,0.0013676500136658586,0.1937155031017525,-0.007277684306839338,0.03579033296379809,0.008494937773859328,0.0,0.0,0.0,1.0,0.0,0.0,0.0,0.0,0.0,0.0,0.0,0.0,0.0,0.071,-0.404,1.171,0.998,-0.054,-0.007,-0.0,0.078,-0.216,0.106,-0.3,-0.1,0.0,0.0,0.0,1.2,1.0,0.0,0.0,0.0,24.613687166500693,0.9770076539172596,0.09543744674297869,157.92555446491818,171.01737201861823,0.5,0.0041,0.0021,0.0103,0.0109
1031,1763002660.548211,-0.03457088470433681,-0.0002443487331321506,0.3975744358271229,0.007854790352417382,-0.13554165246132344,0.24270827578405962,0.03835249336529417,0.0650081683888818,0.0,0.0,0.0,1.0,0.0,0.0,0.0,0.0,0.0,0.0,0.0,0.0,0.0,0.074,-0.411,1.174,0.998,-0.058,-0.011,0.002,0.077,-0.213,0.103,-0.1,-0.2,0.1,0.0,0.0,1.2,1.0,0.0,0.0,0.0,24.61486421442748,0.9769745866101336,0.09533174703099283,157.90226561422102,171.0067303883491,0.5,0.0022,0.0022,0.0105,0.0122
1032,1763002660.580861,0.012879946360273911,0.0018534614465015309,0.39687650751906084,0.004179107443196441,0.4710512221756736,0.020953666923023584,0.03277816050209209,-0.03597135005696767,0.0,0.0,0.0,1.0,0.0,0.0,0.0,0.0,0.0,0.0,0.0,0.0,0.0,0.076,-0.419,1.179,0.998,-0.064,-0.013,0.0,0.064,-0.201,0.105,-0.3,-0.1,-0.0,0.0,0.0,1.2,1.0,0.0,0.0,0.0,24.61615389076067,0.9769356374123398,0.09803143964116981,159.13477618230138,171.04203825654758,0.5,0.0023,0.0021,0.0126,0.0105
1033,1763002660.6143234,-0.0045928480039989575,0.029415145024092412,0.3969013801288799,-0.0041871515874136265,-0.17343994900670134,0.27580218192055894,0.03993637685009637,-0.08324467956178104,0.0,0.0,0.0,1.0,0.0,0.0,0.0,0.0,0.0,0.0,0.0,0.0,0.0,0.079,-0.426,1.182,0.998,-0.064,-0.017,-0.0,0.055,-0.173,0.095,-0.1,-0.2,-0.1,0.0,0.0,1.2,1.0,0.0,0.0,0.0,24.617070601409022,0.9769064782610035,0.1003004779253199,159.70190602043883,171.05228107881678,0.5,0.0028,0.0035,0.01,0.0109
1034,1763002660.645359,-0.025128997179850426,0.015210632061881963,0.3978640297927436,-0.002767393360153027,-0.20582077655891456,-0.1391036151196952,0.049316634651525616,0.01377886711386462,0.0,0.0,0.0,1.0,0.0,0.0,0.0,0.0,0.0,0.0,0.0,0.0,0.0,0.08,-0.43,1.184,0.998,-0.063,-0.017,-0.001,0.038,-0.154,0.062,0.1,0.0,-0.0,0.0,0.0,1.2,1.0,0.0,0.0,0.0,24.616690382611782,0.9769138365047124,0.09757269553879461,158.86588418715573,171.0250494620896,0.5,0.0022,0.0021,0.0102,0.0108
1035,1763002660.6864142,-0.06469104187071403,-0.0062424967397765145,0.3984994566881839,-0.008679891272836509,-0.3981333466266212,-0.21301022481039653,0.046140671933677435,-0.05940171846285011,0.0,0.0,0.0,1.0,0.0,0.0,0.0,0.0,0.0,0.0,0.0,0.0,0.0,0.08,-0.435,1.186,0.998,-0.059,-0.014,-0.002,0.029,-0.141,0.052,0.3,0.1,-0.1,0.0,0.0,1.2,1.0,0.0,0.0,0.0,24.61604527150008,0.9769300324160609,0.09271037937369603,157.18195451227203,170.98408701770745,0.5,0.0025,0.0071,0.01,0.0134
1036,1763002660.7173593,-0.06209306822080157,-0.010323655597459624,0.39854254271378997,-0.011070526738211496,0.0195106323120533,-0.041435838250808724,0.04028080592487954,-0.024774343781033534,0.0,0.0,0.0,1.0,0.0,0.0,0.0,0.0,0.0,0.0,0.0,0.0,0.0,0.08,-0.435,1.186,0.998,-0.059,-0.014,-0.002,0.029,-0.141,0.052,0.3,0.1,-0.1,0.0,0.0,1.2,1.0,0.0,0.0,0.0,24.615505506042542,0.9769429127504027,0.09341418149901652,155.29410247304307,170.9179415240045,0.5,0.0022,0.0021,0.0163,0.0097
1037,1763002660.7544239,-0.043662968379092365,-0.04885008291829568,0.3979886503398125,-0.015650402513276755,0.17809169159501187,-0.38629663876810655,0.034315330531605556,-0.04690581042447374,0.0,0.0,0.0,1.0,0.0,0.0,0.0,0.0,0.0,0.0,0.0,0.0,0.0,0.081,-0.443,1.19,0.998,-0.057,-0.008,-0.006,0.012,-0.129,0.06,0.1,0.3,-0.1,0.0,0.0,1.2,1.0,0.0,0.0,0.0,24.61545789242981,0.9769427747747698,0.09465284440626216,153.9688455026931,170.88311872045264,0.5,0.008,0.002,0.01,0.0144
1038,1763002660.7866845,0.006515874840616331,-0.02121139476742819,0.3964918049057868,-0.014181711426115438,0.49742213535917773,0.27150187321684544,0.024830410693724343,0.013121870620285485,0.0,0.0,0.0,1.0,0.0,0.0,0.0,0.0,0.0,0.0,0.0,0.0,0.0,0.082,-0.446,1.192,0.998,-0.062,-0.009,-0.006,0.022,-0.133,0.078,-0.3,0.0,0.0,0.0,0.0,1.2,1.0,0.0,0.0,0.0,24.616215889609972,0.9769164358180125,0.09471028355489933,154.59040970774743,170.89669826727786,0.5,0.0024,0.0022,0.017,0.0094
1039,1763002660.822593,-0.006803333461748676,-0.04633175081806934,0.3971974149445115,-0.01140546410634637,-0.1325404955395884,-0.25332469998315427,0.046705280877826105,0.026344302055079143,0.0,0.0,0.0,1.0,0.0,0.0,0.0,0.0,0.0,0.0,0.0,0.0,0.0,0.083,-0.45,1.194,0.998,-0.063,-0.007,-0.006,0.021,-0.112,0.054,0.0,0.2,-0.0,0.0,0.0,1.2,1.0,0.0,0.0,0.0,24.616067771454674,0.9769169827058504,0.0955096625662818,153.77431401853718,170.88527579591354,0.5,0.0075,0.0023,0.0124,0.0126
1040,1763002660.8615532,-0.00038167993286473273,-0.007105556106194864,0.39577866714859394,-0.011434890962321243,0.06353620194266457,0.3876287720369378,0.025532263535275476,-0.0014348149703833774,0.0,0.0,0.0,1.0,0.0,0.0,0.0,0.0,0.0,0.0,0.0,0.0,0.0,0.083,-0.453,1.197,0.998,-0.064,-0.01,-0.006,0.026,-0.092,0.085,0.0,-0.1,-0.0,0.0,0.0,1.2,1.0,0.0,0.0,0.0,24.61733027243357,0.9768838900722143,0.09487695630871183,153.47644286710488,170.876900746725,0.5,0.0021,0.002,0.0165,0.0174
1041,1763002660.8942409,0.021536780944235893,0.011694990600116483,0.394107286489995,-0.009707310779694342,0.21914644077771978,0.18729491145249405,0.02286406012887044,0.01613231273003689,0.0,0.0,0.0,1.0,0.0,0.0,0.0,0.0,0.0,0.0,0.0,0.0,0.0,0.085,-0.455,1.201,0.998,-0.067,-0.014,-0.005,0.029,-0.065,0.098,-0.0,-0.1,0.0,0.0,0.0,1.2,1.0,0.0,0.0,0.0,24.619195431709667,0.9768397403304893,0.09455256956452456,153.35295922033785,170.87373475222142,0.5,0.0022,0.002,0.016,0.0113
1042,1763002660.9325473,-0.005206700760827392,0.000501035321966008,0.39415156103040405,-0.0028005211090846287,-0.26528113895620925,-0.1107700537214931,0.039853474053090546,0.0680971656281277,0.0,0.0,0.0,1.0,0.0,0.0,0.0,0.0,0.0,0.0,0.0,0.0,0.0,0.085,-0.457,1.203,0.998,-0.064,-0.013,-0.004,0.028,-0.049,0.072,0.2,0.0,0.1,0.0,0.0,1.2,1.0,0.0,0.0,0.0,24.62002238190112,0.9768197742747343,0.09154406846405774,152.90684379924122,170.8474842884679,0.5,0.0022,0.0056,0.0132,0.0162
1043,1763002660.9584897,-0.020978266791502703,-0.030302962250576118,0.39376188179491917,-0.005922139578831101,-0.1582363303828358,-0.3079898721932246,0.03551836374819105,-0.031496236808373185,0.0,0.0,0.0,1.0,0.0,0.0,0.0,0.0,0.0,0.0,0.0,0.0,0.0,0.086,-0.458,1.206,0.998,-0.06,-0.011,-0.005,0.023,-0.038,0.07,0.2,0.2,-0.0,0.0,0.0,1.2,1.0,0.0,0.0,0.0,24.62089040682016,0.9768009196960875,0.08895811741597894,152.17450709874612,170.82818093624516,0.5,0.0014,0.0021,0.0105,0.011
1044,1763002660.9859965,0.02545082727678759,-0.03396125052748533,0.39270169059492954,-0.014514532215358075,0.46219311400375257,-0.03961317899414973,0.0287742761795952,-0.08651614032315283,0.0,0.0,0.0,1.0,0.0,0.0,0.0,0.0,0.0,0.0,0.0,0.0,0.0,0.087,-0.459,1.209,0.998,-0.063,-0.009,-0.007,0.03,-0.034,0.08,-0.1,0.1,-0.1,0.0,0.0,1.2,1.0,0.0,0.0,0.0,24.622270895961904,0.9767734015113595,0.08929577887328263,151.7668473495436,170.82613639691996,0.5,0.0022,0.0021,0.0113,0.0107
1045,1763002661.016807,0.06618745642136056,-0.024245290683930873,0.39253305876293926,-0.012190342431419695,0.4099113741734085,0.09376347338279606,0.03758385073959024,0.021790444617847987,0.0,0.0,0.0,1.0,0.0,0.0,0.0,0.0,0.0,0.0,0.0,0.0,0.0,0.088,-0.459,1.21,0.998,-0.066,-0.009,-0.006,0.032,-0.027,0.072,-0.3,0.0,0.0,0.0,0.0,1.2,1.0,0.0,0.0,0.0,24.623406876490836,0.9767518029237163,0.092550478956278,151.67098605426312,170.8325091531889,0.5,0.0023,0.0022,0.0147,0.0105
1046,1763002661.049417,0.11341971547151457,0.017180118219467064,0.39160835971641533,-0.010445365309075834,0.4789413361436762,0.4118295599655862,0.030006315411053894,0.016230736980296645,0.0,0.0,0.0,1.0,0.0,0.0,0.0,0.0,0.0,0.0,0.0,0.0,0.0,0.09,-0.459,1.213,0.997,-0.07,-0.011,-0.005,0.036,0.008,0.082,-0.5,-0.3,0.0,0.0,0.0,1.2,1.0,0.0,0.0,0.0,24.625134483305317,0.9767261953247496,0.10277629968256699,151.89455376558752,170.78645035557122,0.5,0.004,0.0021,0.0119,0.0114
1047,1763002661.0780697,0.1248015406505329,0.022150216190029826,0.3926868768715716,-0.001449107858613222,0.12516022333733479,0.051418991527574315,0.04994600752320459,0.08891803797371853,0.0,0.0,0.0,1.0,0.0,0.0,0.0,0.0,0.0,0.0,0.0,0.0,0.0,0.091,-0.457,1.215,0.997,-0.074,-0.016,-0.003,0.031,0.063,0.037,-0.1,-0.1,0.1,0.0,0.0,1.2,1.0,0.0,0.0,0.0,24.625234307830947,0.9767261944273204,0.10989983569686508,151.8390670635534,170.68322655377665,0.5,0.0015,0.0018,0.0116,0.0097
1048,1763002661.1194885,0.09601084982277834,0.030322725833822707,0.3933808766112415,0.003550273732802747,-0.2754267542124922,0.08394011805693179,0.04620868508385629,0.04984890512829836,0.0,0.0,0.0,1.0,0.0,0.0,0.0,0.0,0.0,0.0,0.0,0.0,0.0,0.092,-0.453,1.215,0.997,-0.071,-0.017,-0.002,0.023,0.108,0.029,0.2,-0.1,0.1,0.0,0.0,1.2,1.0,0.0,0.0,0.0,24.625294373202465,0.9767245870387714,0.11033478940030261,152.20257655667018,170.70684927007954,0.5,0.0023,0.0031,0.0101,0.0172
1049,1763002661.1441338,0.09020907222490336,0.032018330623284366,0.39357290668674105,0.00619660329195933,-0.04841669099647196,0.019988320477998804,0.041258388416120576,0.02681832296484611,0.0,0.0,0.0,1.0,0.0,0.0,0.0,0.0,0.0,0.0,0.0,0.0,0.0,0.092,-0.453,1.215,0.997,-0.071,-0.017,-0.002,0.023,0.108,0.029,0.2,-0.1,0.1,0.0,0.0,1.2,1.0,0.0,0.0,0.0,24.625497103571803,0.9767220462200392,0.11173436442631152,152.36555309852673,170.72061545119234,0.5,0.0023,0.002,0.0095,0.0098
1050,1763002661.1777728,0.08223414139965923,0.009862162911143786,0.39457775349466745,-0.0004184707788382584,-0.07072840102995082,-0.2183598440590774,0.04940575874793772,-0.06553108037877996,0.0,0.0,0.0,1.0,0.0,0.0,0.0,0.0,0.0,0.0,0.0,0.0,0.0,0.092,-0.443,1.215,0.998,-0.06,-0.012,-0.004,0.004,0.176,-0.002,0.2,0.0,-0.0,0.0,0.0,1.2,1.0,0.0,0.0,0.0,24.624745975947626,0.9767235310327262,0.11248846467983072,152.52052937601505,170.72724611560255,0.5,0.0024,0.0049,0.0101,0.0069
1051,1763002661.2091806,0.12127066447472833,0.029330339744522017,0.39513622840273577,-0.0041318070451408645,0.39858864489065693,0.19566798462489665,0.045042524430149986,-0.03717520974090989,0.0,0.0,0.0,1.0,0.0,0.0,0.0,0.0,0.0,0.0,0.0,0.0,0.0,0.092,-0.436,1.215,0.998,-0.059,-0.014,-0.004,-0.005,0.211,-0.012,0.0,-0.1,-0.0,0.0,0.0,1.2,1.0,0.0,0.0,0.0,24.623848257664775,0.9767250604500205,0.11580824490199203,151.44746332194464,170.6165970349797,0.5,0.0014,0.0016,0.0104,0.009
1052,1763002661.247687,0.08535481970901757,0.03477889773022384,0.39713818641191767,-0.005651512804361582,-0.34703138120963456,0.057418613831470455,0.059533202932093285,-0.015610238296721264,0.0,0.0,0.0,1.0,0.0,0.0,0.0,0.0,0.0,0.0,0.0,0.0,0.0,0.092,-0.428,1.213,0.998,-0.055,-0.014,-0.004,-0.006,0.232,-0.049,0.3,-0.1,-0.0,0.0,0.0,1.2,1.0,0.0,0.0,0.0,24.621666389357237,0.9767094868296943,0.11639818531493325,151.87048923067576,170.68621652502523,0.5,0.002,0.002,0.0095,0.0138
1053,1763002661.2803097,0.07094329919521314,-0.01263710999174221,0.3984181340621907,0.000572766063921191,-0.13557972316714248,-0.47068218744663803,0.05251329514392147,0.06167763740239156,0.0,0.0,0.0,1.0,0.0,0.0,0.0,0.0,0.0,0.0,0.0,0.0,0.0,0.091,-0.42,1.212,0.999,-0.05,-0.011,-0.004,-0.013,0.252,-0.056,0.3,0.2,0.1,0.0,0.0,1.2,1.0,0.0,0.0,0.0,24.61947650388902,0.9766809756326472,0.11549891151016073,152.74746084130118,170.72365160590962,0.5,0.0023,0.0021,0.0122,0.0102
1054,1763002661.3190875,0.030589700408140248,-0.06197960016868274,0.39943334851363677,-0.0020384427972429155,-0.3964416579512076,-0.49468861276857956,0.049993957920679524,-0.026054812005248937,0.0,0.0,0.0,1.0,0.0,0.0,0.0,0.0,0.0,0.0,0.0,0.0,0.0,0.091,-0.411,1.209,0.999,-0.042,-0.005,-0.003,-0.017,0.254,-0.061,0.4,0.4,0.0,0.0,0.0,1.2,1.0,0.0,0.0,0.0,24.617266452748634,0.9766383892967203,0.11584293857818885,154.5764882876228,170.82802163474977,0.5,0.0015,0.0059,0.01,0.0145
1055,1763002661.3442423,0.06883227848334525,-0.0336881875884486,0.39962808373839376,0.002706395550907391,0.3854847507928642,0.2767161657854731,0.041890687098934246,0.047244539201778776,0.0,0.0,0.0,1.0,0.0,0.0,0.0,0.0,0.0,0.0,0.0,0.0,0.0,0.09,-0.408,1.209,0.999,-0.043,-0.007,-0.002,-0.014,0.248,-0.058,0.1,0.1,0.1,0.0,0.0,1.2,1.0,0.0,0.0,0.0,24.61531333775984,0.9765965795958348,0.11671408323284123,154.09545497341958,170.78196287761867,0.5,0.0015,0.0018,0.0132,0.0073
1056,1763002661.3714678,0.020280636036324476,-0.04577627753164013,0.40057399171159264,-0.0005092365019198847,-0.4786331966218732,-0.1242497181907602,0.04942188810582834,-0.03188568097318201,0.0,0.0,0.0,1.0,0.0,0.0,0.0,0.0,0.0,0.0,0.0,0.0,0.0,0.09,-0.395,1.206,0.999,-0.037,-0.006,-0.002,-0.013,0.239,-0.066,0.4,0.2,-0.0,0.0,0.0,1.2,1.0,0.0,0.0,0.0,24.613146102905752,0.9765352612467252,0.12031653241796558,155.55051276278778,170.87668205579547,0.5,0.0023,0.002,0.0077,0.0054
1057,1763002661.41098,0.023798131330108482,-0.04362405740035236,0.4000489078018483,-0.001998449250618619,0.037203016541472636,0.01694457355971371,0.03480656007371582,-0.014943051137179328,0.0,0.0,0.0,1.0,0.0,0.0,0.0,0.0,0.0,0.0,0.0,0.0,0.0,0.09,-0.389,1.205,0.999,-0.035,-0.004,-0.002,-0.004,0.223,-0.044,0.2,0.1,-0.0,0.0,0.0,1.2,1.0,0.0,0.0,0.0,24.611960002996135,0.9764994670994573,0.12245333571216928,155.66455673727626,170.89597384604798,0.5,0.0023,0.0018,0.0095,0.0106
1058,1763002661.4354773,0.0724739131662118,0.00605667960868219,0.39852299590628554,-0.0026210584776737212,0.48913763149404405,0.49244496435031027,0.02474577182455758,-0.006425937195612887,0.0,0.0,0.0,1.0,0.0,0.0,0.0,0.0,0.0,0.0,0.0,0.0,0.0,0.09,-0.382,1.204,0.999,-0.037,-0.009,-0.001,0.008,0.217,-0.012,-0.2,-0.3,0.0,0.0,0.0,1.2,1.0,0.0,0.0,0.0,24.612100948910697,0.9765110696072116,0.1155301670306616,153.8706204485827,170.7971155387424,0.5,0.0009,0.0014,0.0091,0.0041
1059,1763002661.4828975,0.10543415387548151,0.04872103752463638,0.3995126934274759,0.006529792856792284,0.33684979840931834,0.42724924712041007,0.04974927480253315,0.09124640749689267,0.0,0.0,0.0,1.0,0.0,0.0,0.0,0.0,0.0,0.0,0.0,0.0,0.0,0.091,-0.376,1.202,0.999,-0.04,-0.013,0.001,0.014,0.196,-0.049,-0.2,-0.3,0.1,0.0,0.0,1.2,1.0,0.0,0.0,0.0,24.61064925435493,0.976462551518318,0.11268644524983659,152.08072980775796,170.70143107858996,0.5,0.0024,0.0021,0.0148,0.0102
1060,1763002661.5188622,0.05668359749804122,-0.0003651831999499158,0.4016035385560447,0.00612508438896819,-0.4769621483868546,-0.4859901034933992,0.06085972062843564,-0.0033941053925617137,0.0,0.0,0.0,1.0,0.0,0.0,0.0,0.0,0.0,0.0,0.0,0.0,0.0,0.091,-0.37,1.2,0.999,-0.039,-0.012,0.002,0.007,0.188,-0.077,0.2,0.2,0.0,0.0,0.0,1.2,1.0,0.0,0.0,0.0,24.608143359957868,0.9763589343816248,0.1109790797885555,151.96598983745173,170.7005112879709,0.5,0.0083,0.002,0.0126,0.0092
1061,1763002661.5500169,0.06955164370797598,0.02283053420339129,0.402549872519207,0.010560246706778704,0.1343488218491518,0.23192065571341702,0.049623693487227206,0.04496413161700194,0.0,0.0,0.0,1.0,0.0,0.0,0.0,0.0,0.0,0.0,0.0,0.0,0.0,0.091,-0.366,1.199,0.999,-0.039,-0.014,0.002,0.007,0.186,-0.079,0.0,-0.1,0.1,0.0,0.0,1.2,1.0,0.0,0.0,0.0,24.60567287301605,0.9762509187801459,0.1109922527527455,150.9512310388791,170.64351430446683,0.5,0.0014,0.002,0.0093,0.0172
1062,1763002661.578083,0.02768169200765079,-0.001357980710981397,0.4047258779818483,0.00702536298015171,-0.4117443526324543,-0.23960209572338775,0.06201504187833468,-0.034292812595592054,0.0,0.0,0.0,1.0,0.0,0.0,0.0,0.0,0.0,0.0,0.0,0.0,0.0,0.091,-0.358,1.194,0.999,-0.033,-0.012,0.002,-0.007,0.187,-0.107,0.2,0.1,0.0,0.0,0.0,1.2,1.0,0.0,0.0,0.0,24.60213367732355,0.9760781507059244,0.11050851353437877,151.08433183564986,170.64867814184453,0.5,0.0023,0.0021,0.0114,0.0089
1063,1763002661.6227865,-0.008980422132010363,0.0013252632485297447,0.4064589817313406,-0.0008706304860658445,-0.36385297219584656,0.026696641524013284,0.05780362529310762,-0.0782573983641604,0.0,0.0,0.0,1.0,0.0,0.0,0.0,0.0,0.0,0.0,0.0,0.0,0.0,0.09,-0.352,1.19,0.999,-0.029,-0.013,0.002,-0.018,0.177,-0.117,0.3,0.1,-0.1,0.0,0.0,1.2,1.0,0.0,0.0,0.0,24.598298440220688,0.9758760253951407,0.11132573923284372,152.04816071525184,170.68371717195942,0.5,0.0023,0.0049,0.0171,0.0099
1064,1763002661.6560338,0.021162075632567733,-0.024191332650316383,0.4074218876792078,-0.005297875393292503,0.3005269354325799,-0.2550334326636083,0.05027495765180594,-0.044359512120873176,0.0,0.0,0.0,1.0,0.0,0.0,0.0,0.0,0.0,0.0,0.0,0.0,0.0,0.09,-0.349,1.188,1.0,-0.028,-0.009,0.001,-0.022,0.167,-0.115,0.0,0.2,-0.1,0.0,0.0,1.2,1.0,0.0,0.0,0.0,24.594629840214356,0.9756738080924011,0.10949775586575121,151.60475906791095,170.655077679791,0.5,0.0023,0.0079,0.0105,0.0116
1065,1763002661.682997,0.04572461262304392,0.005843681231863476,0.4080550728958211,-0.0019012191002462896,0.24774157746801867,0.29793100555676694,0.04707404093405392,0.03343677539113288,0.0,0.0,0.0,1.0,0.0,0.0,0.0,0.0,0.0,0.0,0.0,0.0,0.0,0.089,-0.343,1.184,0.999,-0.03,-0.011,0.001,-0.023,0.156,-0.108,-0.1,-0.0,-0.0,0.0,0.0,1.2,1.0,0.0,0.0,0.0,24.59127762278521,0.9754808836633584,0.10716679411286434,150.7257409231285,170.62421680373498,0.5,0.0021,0.002,0.011,0.0107
1066,1763002661.712781,0.022788618585099372,0.04695310356103681,0.40947762404808774,0.0005855258042225513,-0.22478747911714106,0.4116785914149197,0.05503101881224862,0.024677327134663782,0.0,0.0,0.0,1.0,0.0,0.0,0.0,0.0,0.0,0.0,0.0,0.0,0.0,0.087,-0.337,1.179,0.999,-0.03,-0.014,0.002,-0.05,0.152,-0.124,0.1,-0.1,0.0,0.0,0.0,1.2,1.0,0.0,0.0,0.0,24.58724986427391,0.9752357314958119,0.10715293535052883,150.73045857049166,170.6232780832609,0.5,0.0022,0.0021,0.012,0.0097
1067,1763002661.7370715,0.029488069791879443,0.0897260408198274,0.41078314381233255,-0.005849894467515305,0.06927337392631062,0.4324246829440095,0.054002960047257506,-0.0642956501369563,0.0,0.0,0.0,1.0,0.0,0.0,0.0,0.0,0.0,0.0,0.0,0.0,0.0,0.084,-0.332,1.175,0.999,-0.03,-0.018,0.0,-0.068,0.139,-0.132,-0.0,-0.2,-0.1,0.0,0.0,1.2,1.0,0.0,0.0,0.0,24.582890946558813,0.9749620989481023,0.10827870932743124,150.2604428024541,170.6232228910911,0.5,0.0046,0.0012,0.0068,0.0042
1068,1763002661.7729144,0.006701946379381877,0.06246413333130061,0.4117976664797564,-0.009902059995936869,-0.22491242714578769,-0.26364647080328496,0.0512235410554712,-0.04110664473096716,0.0,0.0,0.0,1.0,0.0,0.0,0.0,0.0,0.0,0.0,0.0,0.0,0.0,0.081,-0.328,1.17,1.0,-0.027,-0.016,-0.001,-0.1,0.134,-0.128,0.1,0.1,-0.1,0.0,0.0,1.2,1.0,0.0,0.0,0.0,24.578699979542677,0.9746887577055846,0.10854765622642656,150.31808469766935,170.62395540848445,0.5,0.001,0.0011,0.0082,0.0093
1069,1763002661.8104622,-0.007601142229641315,0.05474439677157346,0.4123326647947941,-0.01305774702280549,-0.14236069145229363,-0.07095095226414133,0.0465297497983522,-0.03254707626827989,0.0,0.0,0.0,1.0,0.0,0.0,0.0,0.0,0.0,0.0,0.0,0.0,0.0,0.077,-0.324,1.167,1.0,-0.025,-0.013,-0.002,-0.118,0.122,-0.122,0.1,0.1,-0.1,0.0,0.0,1.2,1.0,0.0,0.0,0.0,24.57472056728513,0.974422826003373,0.1093358472216377,150.3900584160704,170.62659305462603,0.5,0.0015,0.0014,0.0112,0.0097
1070,1763002661.851061,-0.014853819109384367,0.033387695836166464,0.41227967950713085,-0.015371827238617323,-0.07328688302039463,-0.2080925696769127,0.04070341360284743,-0.02444657686039886,0.0,0.0,0.0,1.0,0.0,0.0,0.0,0.0,0.0,0.0,0.0,0.0,0.0,0.075,-0.322,1.165,1.0,-0.024,-0.01,-0.003,-0.129,0.117,-0.109,0.1,0.2,-0.1,0.0,0.0,1.2,1.0,0.0,0.0,0.0,24.57121352966685,0.9741833453819817,0.10959403015295406,150.71479552067015,170.64028035459506,0.5,0.0023,0.0021,0.0126,0.0138
1071,1763002661.890348,0.004091133926569346,0.006148839826854713,0.41200846911884903,-0.010428991948369761,0.1879641484485987,-0.26904979050950095,0.03851586406789548,0.047891170178613864,0.0,0.0,0.0,1.0,0.0,0.0,0.0,0.0,0.0,0.0,0.0,0.0,0.0,0.069,-0.318,1.16,1.0,-0.024,-0.002,-0.003,-0.133,0.087,-0.093,-0.1,0.2,0.0,0.0,0.0,1.2,1.0,0.0,0.0,0.0,24.568255971439513,0.9739813333051791,0.10786547316756805,150.7671691202047,170.63433160148318,0.5,0.0025,0.008,0.0096,0.0166
1072,1763002661.9174073,0.014350441177494545,0.033301091809248284,0.4118392048038035,-0.008537030017335332,0.10300218590190896,0.2721374038066212,0.03950820376142935,0.017876720115507325,0.0,0.0,0.0,1.0,0.0,0.0,0.0,0.0,0.0,0.0,0.0,0.0,0.0,0.066,-0.316,1.158,1.0,-0.026,-0.003,-0.003,-0.133,0.086,-0.086,-0.1,0.0,-0.0,0.0,0.0,1.2,1.0,0.0,0.0,0.0,24.565411868272815,0.973789410987942,0.10671160513844077,150.2616208538495,170.62115645576316,0.5,0.0023,0.002,0.0119,0.0097
1073,1763002661.9481564,0.0220002731976392,0.006376604349979487,0.41132166534457404,-0.0001412218232601306,0.07793336431919604,-0.2659147654117631,0.03600852588808599,0.08310437893901851,0.0,0.0,0.0,1.0,0.0,0.0,0.0,0.0,0.0,0.0,0.0,0.0,0.0,0.06,-0.313,1.155,1.0,-0.029,0.0,-0.002,-0.139,0.072,-0.069,-0.1,0.2,0.1,0.0,0.0,1.2,1.0,0.0,0.0,0.0,24.563127618578687,0.9736358151369082,0.1061508784348362,150.4739243622599,170.6150085625424,0.5,0.0043,0.002,0.0098,0.0117
1074,1763002661.9804716,0.002287634803740061,0.026083865647716087,0.41077692031036334,-0.0027470616713649587,-0.19492635661922736,0.1977102734123639,0.03568471619235051,-0.026072520663374288,0.0,0.0,0.0,1.0,0.0,0.0,0.0,0.0,0.0,0.0,0.0,0.0,0.0,0.055,-0.311,1.153,1.0,-0.028,0.001,-0.002,-0.135,0.061,-0.056,0.0,0.0,-0.0,0.0,0.0,1.2,1.0,0.0,0.0,0.0,24.561188682171625,0.9735098665203141,0.10572467359415376,150.1689824785779,170.61088886343526,0.5,0.0022,0.002,0.0101,0.0127
1075,1763002662.0175598,-0.008686216847559144,0.02741771627481729,0.4101122082402545,-0.0035795495532824776,-0.109509753032618,0.015946892835783592,0.034430571329947465,-0.008599584986311684,0.0,0.0,0.0,1.0,0.0,0.0,0.0,0.0,0.0,0.0,0.0,0.0,0.0,0.051,-0.309,1.152,1.0,-0.027,0.002,-0.002,-0.133,0.049,-0.046,-0.0,-0.0,-0.0,0.0,0.0,1.2,1.0,0.0,0.0,0.0,24.559473801676056,0.97340182345385,0.10538438466721312,149.87667813661415,170.6083967527851,0.5,0.0024,0.0038,0.0108,0.0138
1076,1763002662.0452685,0.01602420463758475,0.028767318481423863,0.410112594920134,-0.004001642583868252,0.24623559316668311,0.01623779369354747,0.04101508762282107,-0.0045788852611859925,0.0,0.0,0.0,1.0,0.0,0.0,0.0,0.0,0.0,0.0,0.0,0.0,0.0,0.048,-0.308,1.151,1.0,-0.031,0.001,-0.002,-0.124,0.046,-0.054,-0.1,0.0,-0.0,0.0,0.0,1.2,1.0,0.0,0.0,0.0,24.55721092189597,0.9732638320515474,0.10461535287290329,149.49120712280327,170.603346500465,0.5,0.0023,0.002,0.0101,0.0107
1077,1763002662.081981,-0.015467359020626133,-0.021019770920103622,0.41163819514010147,0.0036029652341493315,-0.3133132161183503,-0.4949941621671323,0.05626726169168803,0.075645913921789,0.0,0.0,0.0,1.0,0.0,0.0,0.0,0.0,0.0,0.0,0.0,0.0,0.0,0.043,-0.306,1.147,1.0,-0.028,0.007,-0.001,-0.121,0.047,-0.082,0.1,0.4,0.1,0.0,0.0,1.2,1.0,0.0,0.0,0.0,24.55360256764084,0.9730489084345821,0.10519275805919394,150.52121070508989,170.57854877300986,0.5,0.0038,0.0022,0.0108,0.0118
1078,1763002662.1135206,-0.0345247744880821,-0.05660732296979083,0.41246426789024127,-0.0006686159781685548,-0.19212089057662227,-0.35797749758888253,0.049424547015408035,-0.042355515599763936,0.0,0.0,0.0,1.0,0.0,0.0,0.0,0.0,0.0,0.0,0.0,0.0,0.0,0.039,-0.305,1.145,1.0,-0.025,0.011,-0.002,-0.108,0.039,-0.082,0.1,0.3,-0.0,0.0,0.0,1.2,1.0,0.0,0.0,0.0,24.54993490600996,0.972840811249816,0.10832654631088443,151.09678393818913,170.58723204716097,0.5,0.0023,0.002,0.0119,0.0104
1079,1763002662.1406255,-0.048826471938030136,-0.08458560279661756,0.4141255275913563,-0.0031074866088342916,-0.1464694519482886,-0.2854435305652464,0.057859023800173735,-0.02445556790447423,0.0,0.0,0.0,1.0,0.0,0.0,0.0,0.0,0.0,0.0,0.0,0.0,0.0,0.036,-0.304,1.141,1.0,-0.022,0.017,-0.003,-0.109,0.03,-0.104,0.1,0.3,-0.0,0.0,0.0,1.2,1.0,0.0,0.0,0.0,24.545247234683217,0.9725874198878286,0.11508957132799334,151.38668274117578,170.60563987625304,0.5,0.0023,0.0042,0.0093,0.0044
1080,1763002662.1757514,0.0014150537520245254,-0.03389612103821432,0.4151815886513767,-0.005632688162948488,0.4975326097067436,0.4984362573043705,0.05197316335934073,-0.025562764202025395,0.0,0.0,0.0,1.0,0.0,0.0,0.0,0.0,0.0,0.0,0.0,0.0,0.0,0.033,-0.303,1.139,1.0,-0.027,0.012,-0.002,-0.093,0.036,-0.088,-0.3,-0.3,0.0,0.0,0.0,1.2,1.0,0.0,0.0,0.0,24.541194913302277,0.9723724356771275,0.10689090822933461,151.46858623127108,170.59663637492204,0.5,0.0011,0.0013,0.0099,0.01
1081,1763002662.2137644,0.0050666269051699575,0.014971500514409979,0.4160550719228297,-0.0044162616056440205,0.03665723690665684,0.4852866034224216,0.05025299157966744,0.01160099675674982,0.0,0.0,0.0,1.0,0.0,0.0,0.0,0.0,0.0,0.0,0.0,0.0,0.0,0.031,-0.302,1.136,1.0,-0.029,0.007,-0.002,-0.075,0.02,-0.086,-0.1,-0.3,0.0,0.0,0.0,1.2,1.0,0.0,0.0,0.0,24.537119180927853,0.9721659922993553,0.10325634210796499,151.6542803927401,170.59824401018147,0.5,0.0025,0.0021,0.0124,0.01
1082,1763002662.251396,-0.044694687401133734,0.028772498481637744,0.41732048285213297,-0.0031805520348415148,-0.4971064803725198,0.1395071297237187,0.05425961648531536,0.011915469547460646,0.0,0.0,0.0,1.0,0.0,0.0,0.0,0.0,0.0,0.0,0.0,0.0,0.0,0.029,-0.302,1.133,1.0,-0.024,0.004,-0.001,-0.062,0.003,-0.097,0.2,-0.2,0.0,0.0,0.0,1.2,1.0,0.0,0.0,0.0,24.532443687155965,0.9719418379789122,0.10262568584056765,151.5878883955812,170.6055970589376,0.5,0.0023,0.002,0.0116,0.0154
1083,1763002662.2829397,-0.055165118609848365,0.03374040051108536,0.4178218179825631,0.003192697407361257,-0.10917378082725973,0.052556270142639916,0.04674539958951454,0.06341443921854358,0.0,0.0,0.0,1.0,0.0,0.0,0.0,0.0,0.0,0.0,0.0,0.0,0.0,0.028,-0.302,1.131,1.0,-0.024,0.003,-0.001,-0.059,-0.004,-0.094,0.1,-0.2,0.1,0.0,0.0,1.2,1.0,0.0,0.0,0.0,24.52777717561104,0.9717297733416413,0.1046992017804796,151.4928216109113,170.62722967517809,0.5,0.0027,0.0021,0.0133,0.0114
1084,1763002662.3013282,-0.10445245401572406,-0.016492562960950363,0.4198369916863581,0.0017495670948247275,-0.4983898659197417,-0.49895559466924866,0.06193391883620482,-0.014112033384629168,0.0,0.0,0.0,1.0,0.0,0.0,0.0,0.0,0.0,0.0,0.0,0.0,0.0,0.025,-0.304,1.126,1.0,-0.016,0.011,-0.0,-0.06,-0.036,-0.119,0.5,0.5,-0.0,0.0,0.0,1.2,1.0,0.0,0.0,0.0,24.521922584024807,0.9714814341237767,0.10555024822692563,150.41851866332445,170.56535909763576,0.5,0.0022,0.0018,0.0062,0.0043
1085,1763002662.348487,-0.05340807389427488,0.027257356179222238,0.4188254506201988,-0.040626934901187954,0.49999855581291935,0.43584993510563097,0.031868288507042916,-0.4235900632506443,0.0,0.0,0.0,1.0,0.0,0.0,0.0,0.0,0.0,0.0,0.0,0.0,0.0,0.023,-0.306,1.124,1.0,-0.028,0.003,0.0,-0.059,-0.057,-0.058,-0.5,-0.2,0.0,0.0,0.0,1.2,1.0,0.0,0.0,0.0,24.51864373748083,0.9713429095365004,0.09922902100524883,151.30803057288864,170.66759246189997,0.5,0.0021,0.0021,0.0143,0.0099
1086,1763002662.384657,-0.00536056130362788,0.0006566642216383478,0.41821034574466937,-0.010791686446514917,0.4751343185170425,-0.26328118395791666,0.03573149630672491,0.29428979105661146,0.0,0.0,0.0,1.0,0.0,0.0,0.0,0.0,0.0,0.0,0.0,0.0,0.0,0.022,-0.307,1.123,1.0,-0.031,0.005,0.001,-0.053,-0.06,-0.055,-0.3,0.0,0.1,0.0,0.0,1.2,1.0,0.0,0.0,0.0,24.515200124486793,0.9712106839893716,0.09750952534312675,151.89894327024655,170.69774489048783,0.5,0.0023,0.0036,0.0099,0.0135
1087,1763002662.416085,-0.03297045935649947,0.0028384749028468256,0.41734121186511175,0.003399475633337269,-0.27663503665907874,0.021883773234248616,0.03312969577889078,0.14083245215387033,0.0,0.0,0.0,1.0,0.0,0.0,0.0,0.0,0.0,0.0,0.0,0.0,0.0,0.019,-0.31,1.122,0.999,-0.032,0.003,0.003,-0.052,-0.064,-0.036,-0.0,-0.0,0.1,0.0,0.0,1.2,1.0,0.0,0.0,0.0,24.512316364932943,0.9711121522429933,0.09699824805748058,151.638676975678,170.67871966102987,0.5,0.0021,0.0019,0.0091,0.016
1088,1763002662.4442759,-0.08264027694062173,0.028213750075974334,0.41649185300257396,0.003413380759656184,-0.4999952217768725,0.25403659922155974,0.033240532561134004,0.0004789988265228584,0.0,0.0,0.0,1.0,0.0,0.0,0.0,0.0,0.0,0.0,0.0,0.0,0.0,0.016,-0.313,1.121,1.0,-0.027,0.004,0.002,-0.091,-0.103,-0.023,0.2,-0.1,-0.0,0.0,0.0,1.2,1.0,0.0,0.0,0.0,24.50975380754102,0.9710375013353165,0.09636521275844309,150.51426567691476,170.65185361515975,0.5,0.0022,0.0021,0.0148,0.0052
1089,1763002662.4682353,-0.08368567006489674,0.02415446156176706,0.4147669752900954,-0.010150033036111429,-0.01871795893681233,-0.0377715101344753,0.02440040817547146,-0.1352927998817105,0.0,0.0,0.0,1.0,0.0,0.0,0.0,0.0,0.0,0.0,0.0,0.0,0.0,0.013,-0.317,1.121,1.0,-0.027,0.003,-0.001,-0.093,-0.122,-0.0,-0.0,-0.0,-0.2,0.0,0.0,1.2,1.0,0.0,0.0,0.0,24.50794268144804,0.9709927163200908,0.09703412898913835,149.84476564235152,170.62211317495323,0.5,0.0011,0.001,0.0054,0.0055
1090,1763002662.5107222,-0.03458574065739657,0.043697254244242915,0.41335357205457796,-0.014345080497567074,0.4826307270685121,0.1978433729809353,0.027342665173835417,-0.04296547791816759,0.0,0.0,0.0,1.0,0.0,0.0,0.0,0.0,0.0,0.0,0.0,0.0,0.0,0.01,-0.322,1.122,0.999,-0.033,0.001,-0.004,-0.094,-0.151,0.017,-0.3,-0.1,-0.1,0.0,0.0,1.2,1.0,0.0,0.0,0.0,24.50664810668124,0.9709645568402402,0.09668899418398348,150.212196030851,170.67647702568468,0.5,0.0014,0.0015,0.0136,0.0072
1091,1763002662.5391538,-0.02683511015388798,-0.005993339254571788,0.41197169347288215,-0.015914035688803015,0.07404773096934619,-0.4925362095637227,0.027516571388499764,-0.017124059962116116,0.0,0.0,0.0,1.0,0.0,0.0,0.0,0.0,0.0,0.0,0.0,0.0,0.0,0.008,-0.327,1.123,0.999,-0.037,0.007,-0.005,-0.088,-0.16,0.04,-0.3,0.3,-0.1,0.0,0.0,1.2,1.0,0.0,0.0,0.0,24.506093502865184,0.970952633935986,0.09514281632333195,151.30852166000938,170.6951883710175,0.5,0.0049,0.0014,0.0078,0.005
1092,1763002662.578179,-0.04854128998326868,-0.05477166492530993,0.41103577874219954,-0.011758883982948205,-0.21974530930919584,-0.4883825906328386,0.03183802204046309,0.03996011348966776,0.0,0.0,0.0,1.0,0.0,0.0,0.0,0.0,0.0,0.0,0.0,0.0,0.0,0.005,-0.333,1.124,0.999,-0.04,0.012,-0.005,-0.076,-0.172,0.038,-0.1,0.4,-0.0,0.0,0.0,1.2,1.0,0.0,0.0,0.0,24.505177437428657,0.9709419329458996,0.0959107506160194,151.802864086972,170.69726341994,0.5,0.0015,0.0015,0.0096,0.0121
1093,1763002662.6213958,-0.03957726157165921,-0.052377923764123056,0.410011322657265,-0.004300577020823199,0.08478615511776799,0.018460245119337748,0.030859017024874216,0.07340718122295525,0.0,0.0,0.0,1.0,0.0,0.0,0.0,0.0,0.0,0.0,0.0,0.0,0.0,0.003,-0.339,1.126,0.999,-0.044,0.012,-0.004,-0.068,-0.17,0.046,-0.1,0.2,0.1,0.0,0.0,1.2,1.0,0.0,0.0,0.0,24.504399840449285,0.9709376233552132,0.0992495435835249,151.9735809472572,170.6976544261687,0.5,0.0023,0.0024,0.0136,0.016
1094,1763002662.6473305,-0.037928769581058015,-0.05253549508793107,0.409581488016712,-6.394412985244631e-05,0.012527193748846033,-0.006813505614492371,0.036702785860196964,0.04193627120762522,0.0,0.0,0.0,1.0,0.0,0.0,0.0,0.0,0.0,0.0,0.0,0.0,0.0,0.003,-0.339,1.126,0.999,-0.044,0.012,-0.004,-0.068,-0.17,0.046,-0.1,0.2,0.1,0.0,0.0,1.2,1.0,0.0,0.0,0.0,24.503430546284637,0.9709371706424184,0.10372334384310147,151.93513731766572,170.7059676469479,0.5,0.0026,0.0023,0.0103,0.0098
1095,1763002662.6772623,-0.0857308147701017,-0.009427708237078787,0.40697605014044425,-0.012369714730696483,-0.48181332884854255,0.4258243189997296,0.014903770038993427,-0.12306410042142561,0.0,0.0,0.0,1.0,0.0,0.0,0.0,0.0,0.0,0.0,0.0,0.0,0.0,-0.0,-0.351,1.131,0.999,-0.04,0.008,-0.007,-0.043,-0.196,0.094,0.1,-0.1,-0.1,0.0,0.0,1.2,1.0,0.0,0.0,0.0,24.504398827149114,0.9709318534044771,0.10220266341730747,150.8512346926218,170.70107399353478,0.5,0.0014,0.0015,0.0107,0.0098
1096,1763002662.7055018,-0.1172038709998301,-0.04677031772925816,0.40555659555526946,-0.012816966780547584,-0.3233036437742941,-0.3743688657455015,0.02650305916229706,-0.005709491971580674,0.0,0.0,0.0,1.0,0.0,0.0,0.0,0.0,0.0,0.0,0.0,0.0,0.0,-0.001,-0.357,1.133,0.999,-0.036,0.012,-0.008,-0.025,-0.209,0.085,0.2,0.1,-0.0,0.0,0.0,1.2,1.0,0.0,0.0,0.0,24.504740553035145,0.9709308159508713,0.10485171842058705,148.97230664542656,170.6402440944546,0.5,0.0026,0.0045,0.0073,0.0043
1097,1763002662.7436652,-0.06603209192193844,0.0019799164149834347,0.39960536913519007,-0.051060084885894655,0.4999974036789335,0.4828253096694901,-0.018956604645267144,-0.38371287773152546,0.0,0.0,0.0,1.0,0.0,0.0,0.0,0.0,0.0,0.0,0.0,0.0,0.0,-0.001,-0.366,1.138,0.999,-0.045,0.006,-0.008,-0.011,-0.231,0.128,-0.5,-0.3,-0.0,0.0,0.0,1.2,1.0,0.0,0.0,0.0,24.506854760911384,0.9708885212377143,0.09956247407582294,150.6836849737319,170.77748794556786,0.5,0.0021,0.002,0.0123,0.0068
1098,1763002662.7713215,-0.026767518448339203,-0.003858586350530366,0.39972821817514675,-0.03582332305225154,0.3860425255437985,-0.05818703601363967,0.04118902731308627,0.14726160984784165,0.0,0.0,0.0,1.0,0.0,0.0,0.0,0.0,0.0,0.0,0.0,0.0,0.0,-0.001,-0.372,1.141,0.999,-0.05,0.005,-0.009,-0.002,-0.243,0.119,-0.3,-0.1,-0.1,0.0,0.0,1.2,1.0,0.0,0.0,0.0,24.508485443935736,0.970849124780931,0.10090005978052491,151.08836423325718,170.82882811097264,0.5,0.006,0.0015,0.0063,0.0041
1099,1763002662.8094783,-0.05258223288444695,-0.02007481304041413,0.39985908692144273,-0.030959349883388023,-0.26082389620591145,-0.16254812553389067,0.041281509280474846,0.04505739938340993,0.0,0.0,0.0,1.0,0.0,0.0,0.0,0.0,0.0,0.0,0.0,0.0,0.0,-0.001,-0.38,1.145,0.999,-0.052,0.004,-0.01,0.011,-0.248,0.112,-0.1,-0.0,-0.1,0.0,0.0,1.2,1.0,0.0,0.0,0.0,24.509748122415647,0.9708137871582604,0.1017853156461667,150.3857965129807,170.82405269829047,0.5,0.0021,0.002,0.0134,0.0053
1100,1763002662.8346853,-0.10196701729019705,-0.03531913854304503,0.4000660995256068,-0.023133267533647497,-0.49910606734594565,-0.15445073633035045,0.04205603473378501,0.0751648885090665,0.0,0.0,0.0,1.0,0.0,0.0,0.0,0.0,0.0,0.0,0.0,0.0,0.0,-0.0,-0.388,1.148,0.999,-0.048,0.006,-0.01,0.025,-0.252,0.105,0.2,0.0,-0.0,0.0,0.0,1.2,1.0,0.0,0.0,0.0,24.51066520151704,0.9707856963915521,0.10008145353789963,148.15892306421574,170.74935283730244,0.5,0.0014,0.0014,0.0072,0.0045
1101,1763002662.8834898,-0.050947658302646755,-0.043311461099519694,0.3976994343893714,-0.01600259162078585,0.4999968881464833,-0.08345513941905107,0.016339958590206937,0.06899343237525171,0.0,0.0,0.0,1.0,0.0,0.0,0.0,0.0,0.0,0.0,0.0,0.0,0.0,0.001,-0.396,1.152,0.999,-0.052,0.006,-0.008,0.042,-0.249,0.105,-0.3,0.0,0.1,0.0,0.0,1.2,1.0,0.0,0.0,0.0,24.511628839630884,0.9707478955616409,0.1000447701215479,148.62495789806786,170.79248148803603,0.5,0.0016,0.0021,0.0144,0.012
1102,1763002662.9130733,-0.00047077332375326103,-0.04760108758067256,0.39778361662181644,-0.007584488124784249,0.4996740839586702,-0.04722741092148057,0.040611765763386674,0.08258077579793745,0.0,0.0,0.0,1.0,0.0,0.0,0.0,0.0,0.0,0.0,0.0,0.0,0.0,0.003,-0.404,1.155,0.998,-0.06,0.006,-0.006,0.046,-0.24,0.093,-0.4,-0.0,0.1,0.0,0.0,1.2,1.0,0.0,0.0,0.0,24.51219650898826,0.9707210448767073,0.10163781813818987,149.7744313843733,170.86328768773484,0.5,0.0022,0.0021,0.0094,0.0126
1103,1763002662.9792507,-0.0450260395501763,-0.061539385451236245,0.3996013848789418,-0.0013488145821756769,-0.44559973959660554,-0.14414308746370422,0.057956044233435366,0.06159828661360731,0.0,0.0,0.0,1.0,0.0,0.0,0.0,0.0,0.0,0.0,0.0,0.0,0.0,0.006,-0.413,1.157,0.998,-0.059,0.007,-0.005,0.072,-0.234,0.062,0.0,-0.0,0.1,0.0,0.0,1.2,1.0,0.0,0.0,0.0,24.511572410464552,0.9707442482846447,0.10076593958535406,149.02659982241116,170.83038951508368,0.5,0.0023,0.0021,0.0423,0.012
1104,1763002663.010815,-0.04739329488025764,-0.06464506701112216,0.39918255186821777,0.0012403744316509552,-0.028175157255830918,-0.03721075414398278,0.0357718083806535,0.025757008680048744,0.0,0.0,0.0,1.0,0.0,0.0,0.0,0.0,0.0,0.0,0.0,0.0,0.0,0.006,-0.413,1.157,0.998,-0.059,0.007,-0.005,0.072,-0.234,0.062,0.0,-0.0,0.1,0.0,0.0,1.2,1.0,0.0,0.0,0.0,24.511081474161358,0.9707609585639697,0.10102135070356848,148.15162626404228,170.80433613472638,0.5,0.0061,0.0022,0.0121,0.0102
1105,1763002663.0383005,-0.024254106462687983,-0.024348098224134085,0.39890105936766607,0.004708942080868757,0.22665255468767082,0.39650518116876854,0.037103330181305044,0.034809713935343115,0.0,0.0,0.0,1.0,0.0,0.0,0.0,0.0,0.0,0.0,0.0,0.0,0.0,0.013,-0.429,1.161,0.998,-0.059,-0.002,-0.002,0.106,-0.232,0.059,-0.2,-0.2,0.1,0.0,0.0,1.2,1.0,0.0,0.0,0.0,24.510679392084292,0.9707722556756976,0.10168568262598046,148.807553902863,170.81144498841496,0.5,0.0022,0.0021,0.0122,0.0098
1106,1763002663.0677679,0.006295595655892664,-0.004570407615008695,0.399125731628573,0.0022823253815466623,0.30307161053953774,0.19534209626884047,0.0421368285458362,-0.02379527278513406,0.0,0.0,0.0,1.0,0.0,0.0,0.0,0.0,0.0,0.0,0.0,0.0,0.0,0.015,-0.435,1.163,0.998,-0.065,-0.005,-0.001,0.101,-0.236,0.052,-0.3,-0.2,0.0,0.0,0.0,1.2,1.0,0.0,0.0,0.0,24.510148318596194,0.9707870555189224,0.10379763530543634,149.92887641660403,170.8247904619606,0.5,0.0022,0.0033,0.0116,0.0113
1107,1763002663.097352,-0.04354142479968094,-0.05285333359443704,0.39970441647766153,0.00286264070371537,-0.49774064499014675,-0.48328630055578414,0.04569942165374233,0.006031385759841745,0.0,0.0,0.0,1.0,0.0,0.0,0.0,0.0,0.0,0.0,0.0,0.0,0.0,0.018,-0.441,1.163,0.998,-0.063,-0.002,-0.0,0.092,-0.227,0.024,0.1,0.2,0.0,0.0,0.0,1.2,1.0,0.0,0.0,0.0,24.508584286544046,0.9708458925129151,0.09953400962195695,148.27133120043663,170.79068585991953,0.5,0.0032,0.0023,0.0116,0.0113
1108,1763002663.1254408,-0.08976640947448453,-0.021921443376297402,0.39916914772582385,0.0006247538163884512,-0.46660398922800395,0.30403356882195254,0.034617754129389756,-0.022092604802897646,0.0,0.0,0.0,1.0,0.0,0.0,0.0,0.0,0.0,0.0,0.0,0.0,0.0,0.021,-0.448,1.164,0.998,-0.058,-0.005,-0.001,0.088,-0.208,0.029,0.3,-0.1,-0.0,0.0,0.0,1.2,1.0,0.0,0.0,0.0,24.507481063656567,0.9708850677702435,0.09704473409213916,146.81999598331953,170.76107304104207,0.5,0.0022,0.0021,0.0118,0.0109
1109,1763002663.1538682,-0.08977323285371774,-0.028508056908356897,0.3989284459310642,-0.006137821524865964,-0.00904487473978055,-0.06805827965822475,0.03750989682498561,-0.0675632780309053,0.0,0.0,0.0,1.0,0.0,0.0,0.0,0.0,0.0,0.0,0.0,0.0,0.0,0.023,-0.455,1.165,0.999,-0.054,-0.005,-0.002,0.085,-0.226,0.023,0.2,-0.0,-0.1,0.0,0.0,1.2,1.0,0.0,0.0,0.0,24.506296806079668,0.9709243758330773,0.09849790410663556,145.30571329125394,170.683357802079,0.5,0.0023,0.0022,0.0122,0.0106
1110,1763002663.1834016,-0.08832920643170067,-0.01639236935097671,0.39717371337559,-0.011779607046463976,0.005462940934798877,0.11830606988296619,0.022345519038363897,-0.057031637368466705,0.0,0.0,0.0,1.0,0.0,0.0,0.0,0.0,0.0,0.0,0.0,0.0,0.0,0.026,-0.461,1.166,0.999,-0.053,-0.007,-0.004,0.095,-0.248,0.034,0.1,-0.1,-0.1,0.0,0.0,1.2,1.0,0.0,0.0,0.0,24.505737538678343,0.9709378673559443,0.10095945020730814,144.25989325868568,170.60629566638622,0.5,0.0022,0.0021,0.0108,0.0122
1111,1763002663.2127957,-0.06197167134103906,-0.025823701775503728,0.39721035406075716,-0.00975549693840076,0.254742430263446,-0.09595256118036782,0.040083778189230986,0.019063140375985756,0.0,0.0,0.0,1.0,0.0,0.0,0.0,0.0,0.0,0.0,0.0,0.0,0.0,0.03,-0.473,1.166,0.998,-0.055,-0.008,-0.005,0.096,-0.255,0.013,-0.1,0.0,-0.0,0.0,0.0,1.2,1.0,0.0,0.0,0.0,24.504512814148246,0.9709674447448915,0.10136679256174717,143.55878634246946,170.5772127437251,0.5,0.0022,0.0021,0.0118,0.01
1112,1763002663.2536256,-0.06679370188660269,-0.026706684902410405,0.3972681598494668,-0.00150492056772864,-0.05441747258974011,-0.011412201446617129,0.040299093293171884,0.08153021401288112,0.0,0.0,0.0,1.0,0.0,0.0,0.0,0.0,0.0,0.0,0.0,0.0,0.0,0.033,-0.482,1.167,0.998,-0.057,-0.008,-0.003,0.092,-0.279,0.024,-0.1,0.0,0.1,0.0,0.0,1.2,1.0,0.0,0.0,0.0,24.5039531243861,0.9709746690409109,0.10125417059103266,142.87109175456294,170.55030951174945,0.5,0.0035,0.003,0.0132,0.0138
1113,1763002663.2844784,-0.0669004806676739,-0.026560636393940268,0.3959331481440386,0.0023594083813272796,-0.007747157999372312,-0.001210183405539661,0.02637669893066476,0.03849279743378634,0.0,0.0,0.0,1.0,0.0,0.0,0.0,0.0,0.0,0.0,0.0,0.0,0.0,0.033,-0.482,1.167,0.998,-0.057,-0.008,-0.003,0.092,-0.279,0.024,-0.1,0.0,0.1,0.0,0.0,1.2,1.0,0.0,0.0,0.0,24.503559619007962,0.9709771394107917,0.10121732991090006,142.17202550077408,170.52781037558844,0.5,0.0022,0.002,0.0151,0.0108
1114,1763002663.3176796,-0.016657620190848536,-0.05175207055250862,0.39457063221803784,0.00968333394323931,0.4957385567014862,-0.25457040522507757,0.02596815555439543,0.07347519645725303,0.0,0.0,0.0,1.0,0.0,0.0,0.0,0.0,0.0,0.0,0.0,0.0,0.0,0.039,-0.5,1.169,0.998,-0.067,-0.005,0.002,0.093,-0.285,0.037,-0.3,0.1,0.1,0.0,0.0,1.2,1.0,0.0,0.0,0.0,24.503910302816383,0.9709638453306907,0.10084979185474795,142.06901087168035,170.55184774230483,0.5,0.0022,0.0038,0.0133,0.0114
1115,1763002663.3478682,-0.00551704459305493,-0.04031129762520321,0.3940776828611252,0.013510897982647931,0.10973999395885126,0.10923252221780322,0.03452756965267717,0.03924397378841013,0.0,0.0,0.0,1.0,0.0,0.0,0.0,0.0,0.0,0.0,0.0,0.0,0.0,0.042,-0.509,1.171,0.997,-0.072,-0.006,0.003,0.092,-0.273,0.04,-0.3,-0.0,0.1,0.0,0.0,1.2,1.0,0.0,0.0,0.0,24.504581923687653,0.9709490539746654,0.1031450241856867,142.389724559202,170.57811435575522,0.5,0.0022,0.0021,0.0112,0.012
1116,1763002663.3812525,0.04430678845425999,0.009844117595301363,0.39242701454342704,0.01865073197760784,0.49768662601384367,0.49752302244252544,0.022901085109130886,0.05274942974786389,0.0,0.0,0.0,1.0,0.0,0.0,0.0,0.0,0.0,0.0,0.0,0.0,0.0,0.045,-0.519,1.172,0.997,-0.079,-0.011,0.007,0.084,-0.265,0.031,-0.5,-0.3,0.1,0.0,0.0,1.2,1.0,0.0,0.0,0.0,24.505066219943373,0.970936015630203,0.1090347162875096,144.43735686762062,170.61179561356028,0.5,0.0023,0.0022,0.0125,0.0109
1117,1763002663.4237852,-0.006077899549507375,0.05740205800826092,0.3951291398469831,0.015170118909974278,-0.49941620119224767,0.4765638158891256,0.06626395448990302,-0.032941057478574814,0.0,0.0,0.0,1.0,0.0,0.0,0.0,0.0,0.0,0.0,0.0,0.0,0.0,0.047,-0.527,1.171,0.997,-0.078,-0.016,0.008,0.081,-0.306,-0.02,0.0,-0.4,0.0,0.0,0.0,1.2,1.0,0.0,0.0,0.0,24.50356627152185,0.9709370083872567,0.11046491640061709,144.81662709397673,170.59250779615658,0.5,0.0024,0.0031,0.0155,0.0137
1118,1763002663.4634035,-0.05595209965448696,0.0665391503755467,0.39499764774606905,0.00751655051464692,-0.4993497910047466,0.09711112947368394,0.038197992975557,-0.07501867206227614,0.0,0.0,0.0,1.0,0.0,0.0,0.0,0.0,0.0,0.0,0.0,0.0,0.0,0.048,-0.532,1.171,0.997,-0.075,-0.018,0.007,0.05,-0.26,-0.005,0.2,-0.2,-0.1,0.0,0.0,1.2,1.0,0.0,0.0,0.0,24.50307752824655,0.9709359604931721,0.10943311061487355,144.39266560654767,170.55946296619388,0.5,0.0022,0.0028,0.017,0.0165
1119,1763002663.4920347,-0.0602137208700804,0.019830356295144007,0.393526130410142,0.0022319207178169327,-0.04821142212138296,-0.4604340257664723,0.024784591415336725,-0.05209464291683517,0.0,0.0,0.0,1.0,0.0,0.0,0.0,0.0,0.0,0.0,0.0,0.0,0.0,0.049,-0.541,1.17,0.997,-0.071,-0.015,0.005,0.015,-0.214,-0.02,0.2,0.2,-0.1,0.0,0.0,1.2,1.0,0.0,0.0,0.0,24.502295859597478,0.9709322951505405,0.10466634187102354,143.62678794988028,170.52930363311816,0.5,0.0023,0.0021,0.0124,0.0106
1120,1763002663.5246513,-0.03305851273257508,-0.00839767023258986,0.3929514912441427,0.0048556447726847436,0.2655307092880451,-0.2802972296478244,0.03360622138102212,0.026460432620459804,0.0,0.0,0.0,1.0,0.0,0.0,0.0,0.0,0.0,0.0,0.0,0.0,0.0,0.049,-0.547,1.169,0.997,-0.072,-0.011,0.005,0.009,-0.215,-0.03,-0.0,0.2,0.0,0.0,0.0,1.2,1.0,0.0,0.0,0.0,24.501390983324576,0.9709225652241822,0.1027431841480248,143.30291029502516,170.51624284844107,0.5,0.0023,0.004,0.0129,0.0123
1121,1763002663.552384,-0.02692679836157793,-0.049463171065030204,0.3941156723829005,0.006018872941074271,0.0580112924367141,-0.41149477534766243,0.05093696051199261,0.012117846161163754,0.0,0.0,0.0,1.0,0.0,0.0,0.0,0.0,0.0,0.0,0.0,0.0,0.0,0.049,-0.553,1.168,0.997,-0.074,-0.007,0.004,-0.001,-0.252,-0.051,-0.1,0.4,-0.0,0.0,0.0,1.2,1.0,0.0,0.0,0.0,24.49985552270815,0.970896361608624,0.10120978786215747,143.195833839995,170.51569068534096,0.5,0.0023,0.0021,0.01,0.0122
1122,1763002663.5803967,-0.03562708438442588,-0.03947206926246978,0.39388809900128596,-0.0013841468521265683,-0.08969554006463742,0.09496470091910117,0.03713583342214487,-0.07342831063790095,0.0,0.0,0.0,1.0,0.0,0.0,0.0,0.0,0.0,0.0,0.0,0.0,0.0,0.049,-0.559,1.166,0.997,-0.073,-0.004,0.002,-0.008,-0.215,-0.06,0.0,0.2,-0.1,0.0,0.0,1.2,1.0,0.0,0.0,0.0,24.498341020254035,0.9708622166713216,0.10269969971987514,142.88431621661763,170.52071914342687,0.5,0.0023,0.0021,0.0126,0.0098
1123,1763002663.6213474,-0.030822508518015018,-0.004091353950497742,0.39398731973249745,-0.021903816504730923,0.044483050225666065,0.34985994619347344,0.040381017212244116,-0.2053351112112562,0.0,0.0,0.0,1.0,0.0,0.0,0.0,0.0,0.0,0.0,0.0,0.0,0.0,0.048,-0.569,1.164,0.997,-0.075,-0.005,-0.004,-0.02,-0.217,-0.064,-0.0,0.0,-0.3,0.0,0.0,1.2,1.0,0.0,0.0,0.0,24.49697059185904,0.9708232514857011,0.10330780243817717,142.63929293423533,170.51486392809,0.5,0.0068,0.0023,0.0102,0.0151
1124,1763002663.648524,-0.03105493981309094,0.0025349903515430733,0.3941537364430315,-0.031058211019792364,-0.0054065638025607154,0.06585430762535838,0.04106289907858953,-0.09373432680108751,0.0,0.0,0.0,1.0,0.0,0.0,0.0,0.0,0.0,0.0,0.0,0.0,0.0,0.048,-0.569,1.164,0.997,-0.075,-0.005,-0.004,-0.02,-0.217,-0.064,-0.0,0.0,-0.3,0.0,0.0,1.2,1.0,0.0,0.0,0.0,24.49589135573788,0.970787185845253,0.10492152513376862,142.2568027148877,170.52475282597518,0.5,0.0022,0.0021,0.0114,0.0107
1125,1763002663.6808734,-0.021032036857829395,-0.04683974409771968,0.3940395229564537,-0.03789666814636143,0.09712353557130637,-0.4934938454574732,0.038273238778525426,-0.07149039236766984,0.0,0.0,0.0,1.0,0.0,0.0,0.0,0.0,0.0,0.0,0.0,0.0,0.0,0.048,-0.58,1.159,0.997,-0.074,-0.001,-0.013,0.009,-0.165,-0.086,0.0,0.3,-0.2,0.0,0.0,1.2,1.0,0.0,0.0,0.0,24.49422441882237,0.9707155000340316,0.10697759985285367,141.6653536929944,170.5516534696917,0.5,0.0033,0.0031,0.0104,0.0107
1126,1763002663.7135036,0.010257568099958064,-0.054836026426807016,0.3941597883254116,-0.03139393982191312,0.31079284589209166,-0.08464679770064529,0.04060660598522367,0.061237616429846965,0.0,0.0,0.0,1.0,0.0,0.0,0.0,0.0,0.0,0.0,0.0,0.0,0.0,0.049,-0.585,1.156,0.997,-0.077,-0.001,-0.013,0.029,-0.142,-0.095,-0.1,0.1,-0.0,0.0,0.0,1.2,1.0,0.0,0.0,0.0,24.49252045860287,0.9706286688389689,0.10858206879970278,141.4889230738845,170.5589152703386,0.5,0.0022,0.0021,0.0093,0.0132
1127,1763002663.7493649,-0.039836675010664416,-0.09130414936107387,0.3956864638706567,-0.025914012278567468,-0.4999166742962291,-0.37016483198534916,0.05468273428499191,0.0516598814512652,0.0,0.0,0.0,1.0,0.0,0.0,0.0,0.0,0.0,0.0,0.0,0.0,0.0,0.051,-0.589,1.152,0.997,-0.073,0.003,-0.013,0.049,-0.133,-0.111,0.2,0.2,-0.0,0.0,0.0,1.2,1.0,0.0,0.0,0.0,24.49042421682794,0.9705092352821334,0.10978247989608793,140.38634332482462,170.57765562678748,0.5,0.0025,0.0026,0.0097,0.0145
1128,1763002663.7849107,0.010489536004993742,-0.04071858278509576,0.39478329266349255,-0.01745209241415103,0.49927844265551513,0.4967252508236737,0.030536934315424355,0.08202779741630759,0.0,0.0,0.0,1.0,0.0,0.0,0.0,0.0,0.0,0.0,0.0,0.0,0.0,0.053,-0.593,1.149,0.997,-0.076,-0.002,-0.011,0.069,-0.124,-0.107,-0.1,-0.2,0.1,0.0,0.0,1.2,1.0,0.0,0.0,0.0,24.488764179142088,0.9704015604791864,0.10801585001790151,140.4708809838526,170.57694844521401,0.5,0.0022,0.0021,0.017,0.0102
1129,1763002663.8199887,0.011886967384435267,-0.02028061123582251,0.3960590170706297,-0.003657312578871707,0.015023267394914663,0.200307857214223,0.05223557333771996,0.13620258911137806,0.0,0.0,0.0,1.0,0.0,0.0,0.0,0.0,0.0,0.0,0.0,0.0,0.0,0.055,-0.596,1.146,0.997,-0.077,-0.005,-0.009,0.091,-0.123,-0.127,-0.1,-0.2,0.2,0.0,0.0,1.2,1.0,0.0,0.0,0.0,24.486519501942304,0.9702380697390701,0.10697783121592064,140.7908394982918,170.56572623980452,0.5,0.0086,0.0022,0.0103,0.0121
1130,1763002663.848237,0.02123187689170649,-0.03177727346676416,0.39750662747579274,0.005754386901315044,0.09463779181115567,-0.11699468343299874,0.05408200575869354,0.0937512635439803,0.0,0.0,0.0,1.0,0.0,0.0,0.0,0.0,0.0,0.0,0.0,0.0,0.0,0.059,-0.599,1.142,0.997,-0.079,-0.007,-0.006,0.111,-0.11,-0.14,-0.1,-0.1,0.2,0.0,0.0,1.2,1.0,0.0,0.0,0.0,24.483993271210846,0.9700357425838854,0.10761584929581494,140.9252066930264,170.55927606163735,0.5,0.0023,0.0021,0.0113,0.0115
1131,1763002663.8816,-0.011493382630877909,0.007135161537602054,0.398371288891114,0.0060026627655607795,-0.3251294075366732,0.3859466226969857,0.048397276900792485,0.003058197332588858,0.0,0.0,0.0,1.0,0.0,0.0,0.0,0.0,0.0,0.0,0.0,0.0,0.0,0.064,-0.604,1.136,0.997,-0.079,-0.012,-0.003,0.12,-0.121,-0.137,0.1,-0.3,0.1,0.0,0.0,1.2,1.0,0.0,0.0,0.0,24.481745275433603,0.9698455263530369,0.10662604701460426,141.2226729894193,170.54431581521362,0.5,0.0024,0.0023,0.0127,0.0108
1132,1763002663.9215455,-0.024944173071521185,-0.021875119397192624,0.39940608298482794,0.001388466691624654,-0.13565724266952056,-0.2893892931941866,0.05018506982625018,-0.045541694462805184,0.0,0.0,0.0,1.0,0.0,0.0,0.0,0.0,0.0,0.0,0.0,0.0,0.0,0.068,-0.609,1.131,0.997,-0.075,-0.013,-0.003,0.111,-0.124,-0.143,0.1,-0.0,-0.0,0.0,0.0,1.2,1.0,0.0,0.0,0.0,24.479384897041466,0.9696327744853417,0.10551761436166758,140.73933762019556,170.5353174907965,0.5,0.0056,0.0022,0.0147,0.0119
1133,1763002663.9508398,-0.02461322891626993,-0.02911255232898064,0.3998040296063584,-0.0017551006783047087,0.0008150242453605072,-0.07456184125759942,0.043920074513787995,-0.03129682703013116,0.0,0.0,0.0,1.0,0.0,0.0,0.0,0.0,0.0,0.0,0.0,0.0,0.0,0.068,-0.609,1.131,0.997,-0.075,-0.013,-0.003,0.111,-0.124,-0.143,0.1,-0.0,-0.0,0.0,0.0,1.2,1.0,0.0,0.0,0.0,24.47718866018953,0.9694201207274095,0.10506566333743386,140.21434686270783,170.53498980310306,0.5,0.0024,0.0022,0.0123,0.0117
1134,1763002663.9954894,-0.050687899175880534,-0.042754003201708066,0.39934281983229963,-0.004764869751867454,-0.26320802548773303,-0.13932576396017235,0.035368305220048475,-0.030273200803457925,0.0,0.0,0.0,1.0,0.0,0.0,0.0,0.0,0.0,0.0,0.0,0.0,0.0,0.074,-0.616,1.124,0.997,-0.071,-0.01,-0.005,0.109,-0.118,-0.115,0.2,-0.0,-0.0,0.0,0.0,1.2,1.0,0.0,0.0,0.0,24.476223656907013,0.969336985771318,0.10522954896809894,139.53533314794328,170.54780256026314,0.5,0.0024,0.0023,0.0207,0.0165
1135,1763002664.0268917,-0.020766026218367574,-0.08089268909567537,0.39977602041000243,0.0009215058611689499,0.29414993965754155,-0.38566225925984376,0.044266287760258614,0.056387269155177284,0.0,0.0,0.0,1.0,0.0,0.0,0.0,0.0,0.0,0.0,0.0,0.0,0.0,0.078,-0.62,1.119,0.997,-0.072,-0.008,-0.004,0.105,-0.125,-0.132,0.0,0.2,0.1,0.0,0.0,1.2,1.0,0.0,0.0,0.0,24.474521691954664,0.9691642114174203,0.10587258537923071,138.55231777292616,170.56272353365355,0.5,0.0024,0.0025,0.0138,0.0114
1136,1763002664.0578022,0.029324069470664828,-0.030456869462641395,0.39926961276120276,0.009306397552703804,0.4988243542684873,0.4962689274207722,0.034913525553003574,0.08394106750146543,0.0,0.0,0.0,1.0,0.0,0.0,0.0,0.0,0.0,0.0,0.0,0.0,0.0,0.081,-0.624,1.116,0.997,-0.078,-0.012,-0.0,0.113,-0.137,-0.12,-0.3,-0.3,0.2,0.0,0.0,1.2,1.0,0.0,0.0,0.0,24.473353681003886,0.9690472516212044,0.10357444032665705,139.12827057732716,170.54773402823642,0.5,0.0025,0.0024,0.0139,0.011
1137,1763002664.0966783,0.05840009908083224,-0.026803929409996846,0.4007714941249318,0.013925033173237988,0.2936927030487406,0.03348371358018137,0.05494577491341124,0.047116995960612224,0.0,0.0,0.0,1.0,0.0,0.0,0.0,0.0,0.0,0.0,0.0,0.0,0.0,0.084,-0.628,1.112,0.996,-0.084,-0.014,0.001,0.097,-0.124,-0.129,-0.3,-0.0,0.1,0.0,0.0,1.2,1.0,0.0,0.0,0.0,24.471870302162007,0.9688849264202853,0.10577648234098114,138.95942524528286,170.5500670749892,0.5,0.0045,0.0024,0.0133,0.0174
1138,1763002664.1332936,0.019576650505641092,0.02338735868082066,0.40231590509818915,0.014515504825575419,-0.3823944758438281,0.49923248796717534,0.05552125914506634,0.00729721984069809,0.0,0.0,0.0,1.0,0.0,0.0,0.0,0.0,0.0,0.0,0.0,0.0,0.0,0.087,-0.632,1.107,0.996,-0.085,-0.02,0.004,0.076,-0.111,-0.134,-0.0,-0.3,0.1,0.0,0.0,1.2,1.0,0.0,0.0,0.0,24.4702231727886,0.9686910725303307,0.10700194624110475,139.38169213344128,170.55132124930674,0.5,0.0025,0.0025,0.0172,0.0131
1139,1763002664.1654232,-0.028318774574198034,-0.025963254463153562,0.405508262605506,-0.0007269798287711845,-0.4769965857478272,-0.49116739557166017,0.07215516558298653,-0.15097329606090848,0.0,0.0,0.0,1.0,0.0,0.0,0.0,0.0,0.0,0.0,0.0,0.0,0.0,0.089,-0.635,1.102,0.996,-0.083,-0.017,0.002,0.062,-0.111,-0.183,0.3,0.4,-0.2,0.0,0.0,1.2,1.0,0.0,0.0,0.0,24.46650135791668,0.9682147099856525,0.09813023118082129,138.40244871256246,170.49673850361742,0.5,0.0025,0.0024,0.0113,0.0136
1140,1763002664.1966596,-0.02833883843126251,-0.007025303841367986,0.40578953518028155,-0.007209545893044911,-0.0030325160280644803,0.18678318077154038,0.043363552008306876,-0.0648983586256144,0.0,0.0,0.0,1.0,0.0,0.0,0.0,0.0,0.0,0.0,0.0,0.0,0.0,0.09,-0.637,1.098,0.997,-0.079,-0.019,-0.0,0.045,-0.071,-0.162,0.3,0.1,-0.1,0.0,0.0,1.0,1.0,0.0,0.0,0.0,24.46383448074804,0.9678642853171686,0.09780270434447845,138.02864971764484,170.50348691786516,0.5,0.0025,0.0024,0.0139,0.0111
1141,1763002664.2322571,0.004920961558782265,0.021792557967489377,0.40552096394556153,-0.011023712703006535,0.32976411605732153,0.28747608770443683,0.03789324117082857,-0.038862622688920725,0.0,0.0,0.0,1.0,0.0,0.0,0.0,0.0,0.0,0.0,0.0,0.0,0.0,0.091,-0.639,1.093,0.997,-0.079,-0.021,-0.002,0.033,-0.052,-0.148,0.1,0.0,-0.1,0.0,0.0,1.0,1.0,0.0,0.0,0.0,24.461751725481626,0.967587011748109,0.09839046724921183,137.88586913832333,170.51219568351706,0.5,0.0026,0.0048,0.0131,0.0138
1142,1763002664.2631266,0.0012117058951551449,0.01191513626434107,0.40697492774745075,-0.014694384571706066,-0.03660046048039289,-0.09659496123473407,0.05509173441344749,-0.03780908995729597,0.0,0.0,0.0,1.0,0.0,0.0,0.0,0.0,0.0,0.0,0.0,0.0,0.0,0.092,-0.64,1.087,0.997,-0.078,-0.019,-0.004,0.02,-0.045,-0.172,0.1,0.1,-0.1,0.0,0.0,1.0,1.0,0.0,0.0,0.0,24.458592311197187,0.9671561980353598,0.09767913988071643,137.70461852857744,170.51106570533673,0.5,0.0025,0.0024,0.0109,0.0139
1143,1763002664.2946188,-0.013064674156519254,0.045208170197786716,0.40863429561295095,-0.018529974781656074,-0.14264262992722854,0.3341218529608906,0.057291171429747684,-0.03982534055667071,0.0,0.0,0.0,1.0,0.0,0.0,0.0,0.0,0.0,0.0,0.0,0.0,0.0,0.092,-0.641,1.082,0.997,-0.077,-0.021,-0.005,0.014,-0.039,-0.187,0.2,-0.1,-0.1,0.0,0.0,1.0,1.0,0.0,0.0,0.0,24.454789153516618,0.966631182619886,0.09920153138542243,137.64311304429103,170.52692697692882,0.5,0.0026,0.0024,0.0136,0.0115
1144,1763002664.328889,0.015252673772280293,0.03527168930679864,0.40962014065019764,-0.021106139792187034,0.2818670118723436,-0.0948439918901022,0.05072187993376233,-0.02761464758347521,0.0,0.0,0.0,1.0,0.0,0.0,0.0,0.0,0.0,0.0,0.0,0.0,0.0,0.092,-0.642,1.076,0.997,-0.076,-0.019,-0.007,0.006,-0.034,-0.183,0.0,0.0,-0.1,0.0,0.0,1.0,1.0,0.0,0.0,0.0,24.45113224455005,0.9661238960844598,0.10035738898266333,137.4998464383316,170.54002255510684,0.5,0.0035,0.0034,0.0127,0.0134
1145,1763002664.3598027,0.06505052923015817,0.004158606036507709,0.4086471762604966,-0.006525061360627209,0.4995038219560068,-0.3076036637722294,0.031232370168009536,0.1437001703363795,0.0,0.0,0.0,1.0,0.0,0.0,0.0,0.0,0.0,0.0,0.0,0.0,0.0,0.092,-0.643,1.07,0.996,-0.083,-0.018,-0.006,0.002,-0.021,-0.175,-0.3,0.2,0.1,0.0,0.0,1.0,1.0,0.0,0.0,0.0,24.447761899286686,0.965654213428231,0.09853894310123709,137.61626514057767,170.5210977234733,0.5,0.0025,0.0024,0.0108,0.0139
1146,1763002664.3906739,0.014727036442359578,0.00928195042059009,0.4103266291164364,0.004633388030324885,-0.49672987495496995,0.051649304444474575,0.05765924618544762,0.11093198777345824,0.0,0.0,0.0,1.0,0.0,0.0,0.0,0.0,0.0,0.0,0.0,0.0,0.0,0.092,-0.643,1.065,0.997,-0.08,-0.016,-0.002,-0.01,-0.015,-0.165,0.2,0.1,0.2,0.0,0.0,1.0,1.0,0.0,0.0,0.0,24.444784580281503,0.9652383448878267,0.09608379793676569,137.8245482797041,170.5056370719422,0.5,0.0025,0.0023,0.0135,0.0112
1147,1763002664.4256084,-0.035418658987268425,0.01390901688455416,0.41192666298070124,0.012811625683419745,-0.499984250652044,0.047198859681699706,0.05703300155429175,0.08224571533398108,0.0,0.0,0.0,1.0,0.0,0.0,0.0,0.0,0.0,0.0,0.0,0.0,0.0,0.092,-0.644,1.06,0.997,-0.072,-0.016,0.001,-0.015,-0.01,-0.178,0.7,0.1,0.2,0.0,0.0,1.0,1.0,0.0,0.0,0.0,24.441123155432972,0.9647240317251613,0.09322080477646275,138.4535412685351,170.50122098210687,0.5,0.0029,0.0034,0.0137,0.0138
1148,1763002664.4564059,-0.057937549901214955,0.016364878701616514,0.4106213725818524,-0.0005994722156381568,-0.2287307750381921,0.025949519859078944,0.028139762309581005,-0.13282981642223704,0.0,0.0,0.0,1.0,0.0,0.0,0.0,0.0,0.0,0.0,0.0,0.0,0.0,0.09,-0.643,1.055,0.998,-0.067,-0.013,-0.001,-0.043,0.001,-0.144,0.4,0.1,-0.1,0.0,0.0,1.0,1.0,0.0,0.0,0.0,24.438795977457353,0.9644016141582394,0.09649218749473215,138.6754384780278,170.52293107480438,0.5,0.0025,0.0024,0.0131,0.0115
1149,1763002664.4892058,-0.007358366738918647,0.06534080025701859,0.4039926895033326,0.0013731050944775485,0.4999980766328416,0.4913957034241824,-0.025224693527012027,0.019665825879593243,0.0,0.0,0.0,1.0,0.0,0.0,0.0,0.0,0.0,0.0,0.0,0.0,0.0,0.088,-0.643,1.053,0.997,-0.072,-0.017,-0.004,-0.055,0.008,-0.099,-0.2,-0.3,-0.1,0.0,0.0,1.0,1.0,0.0,0.0,0.0,24.438187641354773,0.9643222117996774,0.09360775683817806,138.15048665912008,170.53544014898992,0.5,0.0025,0.0024,0.0139,0.0126
1150,1763002664.5182917,0.04268032258069096,0.08419457687356464,0.40336672996562956,0.0018784662028422292,0.4996510565222042,0.1950718461911625,0.03413967357330289,0.005190921593094564,0.0,0.0,0.0,1.0,0.0,0.0,0.0,0.0,0.0,0.0,0.0,0.0,0.0,0.086,-0.643,1.05,0.997,-0.077,-0.02,-0.005,-0.066,0.018,-0.097,-0.3,-0.1,-0.1,0.0,0.0,1.0,1.0,0.0,0.0,0.0,24.437572070126496,0.9642426195708198,0.09312212029463113,137.95145062505426,170.5302851512207,0.5,0.0025,0.0023,0.0108,0.0122
1151,1763002664.5517905,0.08912977439619987,0.05771523698722991,0.4055177378937541,-0.004284807146486276,0.4687625504131583,-0.25637394117599094,0.06184675227780912,-0.061444886873000835,0.0,0.0,0.0,1.0,0.0,0.0,0.0,0.0,0.0,0.0,0.0,0.0,0.0,0.084,-0.642,1.047,0.997,-0.081,-0.018,-0.005,-0.07,0.022,-0.106,-0.3,0.1,-0.0,0.0,0.0,1.0,1.0,0.0,0.0,0.0,24.4364594756553,0.9640971856661315,0.09542308407269352,137.8973367210755,170.5378006755153,0.5,0.0025,0.0024,0.015,0.0115
1152,1763002664.5892854,0.07981695579093478,0.013499460626440793,0.40706845204036857,-0.00873160387907393,-0.08421520861303067,-0.43638623990916836,0.05605891525551979,-0.04489644804052516,0.0,0.0,0.0,1.0,0.0,0.0,0.0,0.0,0.0,0.0,0.0,0.0,0.0,0.081,-0.64,1.043,0.997,-0.082,-0.013,-0.006,-0.076,0.046,-0.106,-0.1,0.3,-0.0,0.0,0.0,1.0,1.0,0.0,0.0,0.0,24.435228948952183,0.9639371785979879,0.09708501747272383,138.33516383737776,170.52587634027077,0.5,0.0079,0.0025,0.0116,0.0137
1153,1763002664.620162,0.07091535100541883,-0.030788984160514093,0.40856233960956273,-0.018138167687226446,-0.08103435227606592,-0.44153450180690484,0.05564572089597896,-0.09493879846943255,0.0,0.0,0.0,1.0,0.0,0.0,0.0,0.0,0.0,0.0,0.0,0.0,0.0,0.079,-0.638,1.039,0.997,-0.081,-0.006,-0.008,-0.08,0.068,-0.123,0.0,0.4,-0.1,0.0,0.0,1.0,1.0,0.0,0.0,0.0,24.43313027934066,0.9636665670665931,0.09979880752024645,139.02104105270968,170.52943640224916,0.5,0.0025,0.0024,0.0135,0.0112
1154,1763002664.6618528,0.027518218379031942,-0.00790197519500841,0.4096768228395496,-0.025431124586759984,-0.426879791163327,0.22579119123900537,0.052001066260824194,-0.07474338576405803,0.0,0.0,0.0,1.0,0.0,0.0,0.0,0.0,0.0,0.0,0.0,0.0,0.0,0.077,-0.636,1.036,0.997,-0.077,-0.006,-0.01,-0.064,0.084,-0.127,0.3,0.1,-0.1,0.0,0.0,1.0,1.0,0.0,0.0,0.0,24.430732156096003,0.9633629199635996,0.09844060617262936,139.29828940930878,170.56310057679573,0.5,0.0025,0.0036,0.0147,0.0198
1155,1763002664.6934137,0.006908057622962337,0.031121422417799353,0.4094121162796554,-0.014920060999350457,-0.20334978572279283,0.3894437786085767,0.038320616685012285,0.10256752341541928,0.0,0.0,0.0,1.0,0.0,0.0,0.0,0.0,0.0,0.0,0.0,0.0,0.0,0.075,-0.633,1.031,0.997,-0.07,-0.007,-0.008,-0.037,0.085,-0.105,0.2,-0.2,0.1,0.0,0.0,1.0,1.0,0.0,0.0,0.0,24.42906715723329,0.9631578174932135,0.09487200036747886,139.21183303402964,170.5420873984951,0.5,0.0026,0.0024,0.0138,0.0115
1156,1763002664.7273312,-0.0019350134750125494,0.050738585205445594,0.40877575932272747,0.006691403425108178,-0.08773990521745256,0.1992837701182423,0.03457764205868572,0.21462263814465132,0.0,0.0,0.0,1.0,0.0,0.0,0.0,0.0,0.0,0.0,0.0,0.0,0.0,0.074,-0.63,1.028,0.998,-0.068,-0.01,-0.002,-0.038,0.083,-0.089,0.2,-0.2,0.3,0.0,0.0,1.0,1.0,0.0,0.0,0.0,24.427880412848708,0.9630159821471824,0.09369069617931672,139.39045880422879,170.523745841305,0.5,0.0036,0.0024,0.0115,0.0138
1157,1763002664.7584827,-0.0072643104005481254,0.023631540720476525,0.4086178965472085,0.01567320706307203,-0.053486470602856995,-0.2659965863291461,0.039298948177082876,0.0904871767221493,0.0,0.0,0.0,1.0,0.0,0.0,0.0,0.0,0.0,0.0,0.0,0.0,0.0,0.073,-0.627,1.025,0.998,-0.063,-0.006,0.002,-0.054,0.078,-0.089,0.1,0.0,0.2,0.0,0.0,1.0,1.0,0.0,0.0,0.0,24.426483687874576,0.9628540057557538,0.0948827914847835,139.49625264096431,170.52521159677116,0.5,0.0025,0.0024,0.0137,0.0114
1158,1763002664.8053002,0.042667636552536144,0.0732542609110304,0.4064446035843179,0.01595716660418756,0.49859303849078784,0.4985903559775864,0.019128860025815007,0.004406916117462523,0.0,0.0,0.0,1.0,0.0,0.0,0.0,0.0,0.0,0.0,0.0,0.0,0.0,0.07,-0.624,1.024,0.998,-0.067,-0.012,0.005,-0.068,0.085,-0.044,-0.2,-0.3,0.1,0.0,0.0,1.0,1.0,0.0,0.0,0.0,24.42681289875235,0.9628934712848084,0.09297485069541707,138.40620818686588,170.51961594978923,0.5,0.0025,0.0034,0.0192,0.0205
1159,1763002664.838195,0.03413294413927869,0.06287594349635409,0.405608855011729,0.01226870280470959,-0.0810801604773208,-0.09645774805566018,0.03228697463254259,-0.03528892133436097,0.0,0.0,0.0,1.0,0.0,0.0,0.0,0.0,0.0,0.0,0.0,0.0,0.0,0.066,-0.621,1.022,0.998,-0.067,-0.01,0.005,-0.102,0.068,-0.036,-0.1,0.0,-0.0,0.0,0.0,1.0,1.0,0.0,0.0,0.0,24.427207537369576,0.9629382136571594,0.09397809070164233,137.92659837167798,170.51230597434133,0.5,0.0025,0.0024,0.0154,0.0113
1160,1763002664.8826911,0.029879811481999086,0.04262658429525553,0.4044745472888041,0.0024350083567333154,-0.03911803215886811,-0.1962059976613501,0.02921780827192447,-0.0971100741992918,0.0,0.0,0.0,1.0,0.0,0.0,0.0,0.0,0.0,0.0,0.0,0.0,0.0,0.062,-0.62,1.021,0.998,-0.068,-0.007,0.003,-0.112,0.049,-0.016,-0.1,0.1,-0.1,0.0,0.0,1.0,1.0,0.0,0.0,0.0,24.428180443649197,0.963038824729683,0.09369094049076737,137.56040909358373,170.51018131418704,0.5,0.007,0.0023,0.0157,0.0142
1161,1763002664.924824,0.03465070385363959,-0.0036875430198460776,0.4045223699727532,-0.003529821269142937,0.050696904864604986,-0.45887861472149044,0.04092568156837016,-0.05940479542308919,0.0,0.0,0.0,1.0,0.0,0.0,0.0,0.0,0.0,0.0,0.0,0.0,0.0,0.057,-0.618,1.02,0.997,-0.071,-0.001,0.001,-0.113,0.033,-0.029,-0.1,0.3,-0.1,0.0,0.0,1.0,1.0,0.0,0.0,0.0,24.428344665109414,0.9630532271924211,0.09270901145894742,137.75040009677056,170.5156312110167,0.5,0.0025,0.0065,0.0164,0.0155
1162,1763002664.9658952,-0.013374715845197907,-0.04864122714639281,0.4058871927907274,-0.0037958527163671585,-0.47678912660301087,-0.4499055955674519,0.054100465177016416,-0.0030132965991565078,0.0,0.0,0.0,1.0,0.0,0.0,0.0,0.0,0.0,0.0,0.0,0.0,0.0,0.054,-0.617,1.018,0.998,-0.068,0.003,-0.002,-0.09,0.022,-0.053,0.2,0.4,-0.0,0.0,0.0,1.0,1.0,0.0,0.0,0.0,24.42732584394399,0.9629559043242002,0.095182798722849,138.90176354192923,170.52810215720277,0.5,0.0025,0.0024,0.0172,0.0177
1163,1763002665.0082693,-0.0333008264637842,-0.05637087909834936,0.4049871784964432,-0.012333356983332733,-0.2005985777703827,-0.08216064223420476,0.03158857633623131,-0.08575462794129245,0.0,0.0,0.0,1.0,0.0,0.0,0.0,0.0,0.0,0.0,0.0,0.0,0.0,0.051,-0.617,1.018,0.998,-0.065,0.008,-0.005,-0.073,0.01,-0.019,0.2,0.2,-0.1,0.0,0.0,1.0,1.0,0.0,0.0,0.0,24.427631985292134,0.9629780066135567,0.10054390807214265,139.5552461467879,170.54998221820478,0.5,0.0025,0.0024,0.017,0.0192
1164,1763002665.0414276,-0.08116933401880724,-0.08819550488534322,0.40569897309220754,-0.004131267055519883,-0.4820151581966088,-0.32388334577977357,0.04761666380728745,0.08078756357979522,0.0,0.0,0.0,1.0,0.0,0.0,0.0,0.0,0.0,0.0,0.0,0.0,0.0,0.049,-0.617,1.016,0.998,-0.059,0.012,-0.005,-0.032,-0.006,-0.042,0.4,0.2,0.1,0.0,0.0,1.0,1.0,0.0,0.0,0.0,24.42677359745307,0.9629014416187203,0.1109438923270232,140.1578762020638,170.59535110828813,0.5,0.0026,0.0025,0.0155,0.0113
1165,1763002665.0825806,-0.030474625648784323,-0.04521194993537166,0.40498155278187575,0.0006024945177432982,0.4988301502983485,0.42101599901118125,0.03339569420590241,0.04692448902707983,0.0,0.0,0.0,1.0,0.0,0.0,0.0,0.0,0.0,0.0,0.0,0.0,0.0,0.049,-0.618,1.015,0.998,-0.059,0.008,-0.003,-0.017,-0.024,-0.027,0.0,-0.1,0.1,0.0,0.0,1.0,1.0,0.0,0.0,0.0,24.426445202484924,0.9628668983835575,0.11124180374967457,140.22754253676655,170.5932119310887,0.5,0.0025,0.0096,0.0112,0.0167
1166,1763002665.1133332,0.019823659442046643,0.00514501519433818,0.4019732409747102,0.002968139525590775,0.49993538834343126,0.49904845630356115,0.01041503720653211,0.023716699530249102,0.0,0.0,0.0,1.0,0.0,0.0,0.0,0.0,0.0,0.0,0.0,0.0,0.0,0.048,-0.619,1.015,0.998,-0.067,-0.004,0.0,-0.02,-0.04,-0.003,-0.4,-0.5,0.1,0.0,0.0,1.0,1.0,0.0,0.0,0.0,24.427028162020623,0.9628978138818978,0.09853861565667285,140.63145140082446,170.59670445143723,0.5,0.0025,0.0024,0.0133,0.0112
1167,1763002665.1478982,-0.001971146353497752,0.04199014244880705,0.4050117376103131,0.0043578125225288925,-0.21596569201123927,0.36896577406412256,0.07058229045349977,0.014193543921940248,0.0,0.0,0.0,1.0,0.0,0.0,0.0,0.0,0.0,0.0,0.0,0.0,0.0,0.048,-0.621,1.014,0.998,-0.069,-0.007,0.001,-0.022,-0.058,-0.043,-0.1,-0.2,0.0,0.0,0.0,1.0,1.0,0.0,0.0,0.0,24.425843328782364,0.9628106959048996,0.09785262812947003,140.78485251430374,170.61243967798328,0.5,0.0025,0.0036,0.0131,0.0141
1168,1763002665.1755579,-0.0009240604102423097,0.0811141516597936,0.4059049621844587,0.0011603613149413486,0.010273744797204665,0.3954391063547463,0.04943341950248761,-0.031538730823622546,0.0,0.0,0.0,1.0,0.0,0.0,0.0,0.0,0.0,0.0,0.0,0.0,0.0,0.047,-0.624,1.013,0.997,-0.071,-0.012,0.0,-0.029,-0.071,-0.024,-0.1,-0.3,-0.0,0.0,0.0,1.0,1.0,0.0,0.0,0.0,24.425412728477,0.9627768311450112,0.10045257583901446,140.95710707478736,170.64608064613228,0.5,0.0025,0.0024,0.0135,0.0079
1169,1763002665.1986732,-0.0188893036597658,0.052758254227704776,0.40644014779380755,4.538477708174605e-05,-0.17974483853625906,-0.275447559154909,0.04594235231193457,-0.01103372924710189,0.0,0.0,0.0,1.0,0.0,0.0,0.0,0.0,0.0,0.0,0.0,0.0,0.0,0.046,-0.626,1.013,0.997,-0.071,-0.013,0.0,-0.026,-0.088,-0.017,0.0,0.0,0.0,0.0,0.0,1.0,1.0,0.0,0.0,0.0,24.425143671395116,0.9627540408103546,0.1016208765798578,140.98574313301586,170.6463453311351,0.5,0.001,0.0012,0.0127,0.0074
1170,1763002665.224642,-0.01972709912585005,0.008318289981421353,0.4069853982419659,0.00592528245867423,-0.01026688502681905,-0.43912381704006376,0.046096519260964024,0.05880351529363301,0.0,0.0,0.0,1.0,0.0,0.0,0.0,0.0,0.0,0.0,0.0,0.0,0.0,0.045,-0.628,1.012,0.997,-0.071,-0.009,0.001,-0.026,-0.096,-0.022,-0.0,0.2,0.1,0.0,0.0,1.0,1.0,0.0,0.0,0.0,24.424508560275484,0.9627132442925693,0.09973661351383954,141.08394900273376,170.64738711054082,0.5,0.0025,0.0024,0.0134,0.0065
1171,1763002665.2449927,-0.03846339364541343,-0.03930411990854077,0.4083554923655662,0.01109567826121649,-0.18933565510821881,-0.475392269901479,0.0543994810601993,0.05229648627129004,0.0,0.0,0.0,1.0,0.0,0.0,0.0,0.0,0.0,0.0,0.0,0.0,0.0,0.044,-0.631,1.011,0.998,-0.07,-0.003,0.003,-0.025,-0.104,-0.043,0.1,0.4,0.1,0.0,0.0,1.0,1.0,0.0,0.0,0.0,24.42286950958832,0.9626264560118879,0.0980835951098705,141.31094170831926,170.66042600841567,0.5,0.001,0.0011,0.0104,0.0071
1172,1763002665.2750723,-0.08223113914672395,0.003973323290532675,0.4096445017607847,0.014507976080135356,-0.4415237943776464,0.4288440199998804,0.053725643188741665,0.03523254601531032,0.0,0.0,0.0,1.0,0.0,0.0,0.0,0.0,0.0,0.0,0.0,0.0,0.0,0.043,-0.636,1.009,0.998,-0.065,-0.005,0.005,-0.036,-0.122,-0.048,0.3,-0.0,0.1,0.0,0.0,1.0,1.0,0.0,0.0,0.0,24.42092487065618,0.962532672413176,0.1003558867240664,140.73840567651095,170.6917884308534,0.5,0.0013,0.0023,0.0134,0.0046
1173,1763002665.304024,-0.07172062152325642,0.029167267357279644,0.4096747756769868,0.0116814880444227,0.09688206232000296,0.2523367729965229,0.04126718933809993,-0.026814082749113042,0.0,0.0,0.0,1.0,0.0,0.0,0.0,0.0,0.0,0.0,0.0,0.0,0.0,0.041,-0.641,1.008,0.998,-0.064,-0.007,0.005,-0.05,-0.133,-0.037,0.2,-0.0,0.0,0.0,0.0,1.0,1.0,0.0,0.0,0.0,24.419347175658945,0.9624621127590998,0.10449356711686188,140.27681368251672,170.67608526752153,0.5,0.0024,0.0012,0.0065,0.0068
1174,1763002665.351375,-0.02100365349345893,0.0779822907236349,0.4079186502760906,0.0037151399754625936,0.49999761814564914,0.49106696039928044,0.02340622355873644,-0.0784953318851588,0.0,0.0,0.0,1.0,0.0,0.0,0.0,0.0,0.0,0.0,0.0,0.0,0.0,0.039,-0.646,1.008,0.998,-0.069,-0.011,0.003,-0.062,-0.156,-0.003,-0.2,-0.2,-0.1,0.0,0.0,1.0,1.0,0.0,0.0,0.0,24.41908471737078,0.9624473615180333,0.10348370897034719,140.26007064979922,170.68521413225434,0.5,0.0025,0.0024,0.0118,0.0145
1175,1763002665.3671386,0.00841664412787994,0.042168474811951386,0.40875838875514425,-0.0008909891031113207,0.2921026108640429,-0.3503399300444715,0.049189249818145486,-0.04568977678819289,0.0,0.0,0.0,1.0,0.0,0.0,0.0,0.0,0.0,0.0,0.0,0.0,0.0,0.038,-0.649,1.008,0.997,-0.074,-0.008,0.003,-0.071,-0.166,-0.013,-0.3,0.1,-0.1,0.0,0.0,1.0,1.0,0.0,0.0,0.0,24.418234745608533,0.9624145079513055,0.10256681306010185,140.82575657227105,170.693380412185,0.5,0.0015,0.0017,0.006,0.0045
1176,1763002665.4148953,-0.03520619145147735,-0.008108298995360558,0.41015618024459555,-0.010067731049146447,-0.43538669138078495,-0.49855089059192415,0.05485375377002666,-0.09185651837066242,0.0,0.0,0.0,1.0,0.0,0.0,0.0,0.0,0.0,0.0,0.0,0.0,0.0,0.034,-0.658,1.008,0.997,-0.076,0.003,-0.002,-0.075,-0.185,-0.015,0.0,0.6,-0.2,0.0,0.0,1.0,1.0,0.0,0.0,0.0,24.417153948801033,0.9623779575624501,0.09888704765916699,141.74902832104928,170.6928532708371,0.5,0.0029,0.0023,0.0126,0.0098
1177,1763002665.4374053,0.015145396234485006,-0.013559677491394334,0.40592546405275887,-0.047190281752577154,0.4999952577144758,-0.05532461485987389,-0.0012915438939067117,-0.3722322801392217,0.0,0.0,0.0,1.0,0.0,0.0,0.0,0.0,0.0,0.0,0.0,0.0,0.0,0.032,-0.663,1.008,0.997,-0.083,0.002,-0.005,-0.057,-0.177,0.009,-0.4,0.1,-0.2,0.0,0.0,1.0,1.0,0.0,0.0,0.0,24.416909213768573,0.9623691544002972,0.10013296981010042,142.62078505906612,170.7097951389929,0.5,0.0014,0.0049,0.0064,0.0046
1178,1763002665.469574,-0.016875173199134758,-0.06025209428801935,0.40836986079716414,-0.033169572812383946,-0.318691154712749,-0.46828013571538957,0.06503651384932903,0.1354880612266744,0.0,0.0,0.0,1.0,0.0,0.0,0.0,0.0,0.0,0.0,0.0,0.0,0.0,0.031,-0.668,1.008,0.997,-0.082,0.007,-0.007,-0.036,-0.165,-0.001,0.0,0.3,-0.1,0.0,0.0,1.0,1.0,0.0,0.0,0.0,24.41616602194439,0.9623513951421507,0.10373141788065987,142.8300882842735,170.73878740962533,0.5,0.0024,0.0012,0.0068,0.0057
1179,1763002665.5166502,-0.05155672159923859,-0.07498247519340606,0.4101610271683545,-0.022825200213242084,-0.3485030013209518,-0.15332901848266908,0.05874864979162005,0.10012676871018034,0.0,0.0,0.0,1.0,0.0,0.0,0.0,0.0,0.0,0.0,0.0,0.0,0.0,0.031,-0.674,1.007,0.997,-0.078,0.007,-0.008,-0.01,-0.158,-0.022,0.2,0.2,-0.0,0.0,0.0,1.0,1.0,0.0,0.0,0.0,24.414395307517758,0.9623173145301097,0.10680936442255701,142.46942258864456,170.74974164671391,0.5,0.0025,0.0023,0.0138,0.0112
1180,1763002665.548255,-0.0010474341317422836,-0.04045579635035901,0.40948362183509635,-0.010826169874284152,0.49993720251503904,0.33776854091112996,0.03424204938425342,0.11770778336825516,0.0,0.0,0.0,1.0,0.0,0.0,0.0,0.0,0.0,0.0,0.0,0.0,0.0,0.031,-0.678,1.007,0.997,-0.081,0.006,-0.005,0.015,-0.151,-0.004,-0.1,-0.1,0.1,0.0,0.0,1.0,1.0,0.0,0.0,0.0,24.41330446501216,0.9622992884569597,0.10580848302801224,142.63925398826026,170.7467880347352,0.5,0.0025,0.0026,0.0116,0.0115
1181,1763002665.566464,-0.010023595227686782,0.0024315562361617027,0.4112157064725407,0.005461272282951964,-0.08986635437261914,0.42482794623017117,0.058269208557953235,0.1617918045849327,0.0,0.0,0.0,1.0,0.0,0.0,0.0,0.0,0.0,0.0,0.0,0.0,0.0,0.033,-0.683,1.006,0.997,-0.082,0.002,-0.002,0.029,-0.142,-0.027,-0.0,-0.3,0.2,0.0,0.0,1.0,1.0,0.0,0.0,0.0,24.411132931998324,0.9622731864559277,0.10168811445234953,143.06769779821136,170.73003080129925,0.5,0.0012,0.0012,0.0062,0.0045
1182,1763002665.609439,-0.05196769371483238,0.006975643322887734,0.41272711933969575,0.009345161354696803,-0.4204433443942246,0.04568402649087655,0.056235699318804275,0.03938501794574359,0.0,0.0,0.0,1.0,0.0,0.0,0.0,0.0,0.0,0.0,0.0,0.0,0.0,0.034,-0.688,1.005,0.997,-0.078,-0.001,-0.0,0.035,-0.147,-0.034,0.2,-0.2,0.1,0.0,0.0,1.0,1.0,0.0,0.0,0.0,24.408582615080693,0.9622514427582235,0.10020470630063501,142.92127650828073,170.7306481786799,0.5,0.0022,0.0014,0.0123,0.0067
1183,1763002665.6337655,-0.020567358528350455,0.014234537661611953,0.41269236166708917,0.005084779330444405,0.3088065824933362,0.07328650771953096,0.04092513520790359,-0.041669304107054286,0.0,0.0,0.0,1.0,0.0,0.0,0.0,0.0,0.0,0.0,0.0,0.0,0.0,0.035,-0.693,1.004,0.997,-0.079,-0.003,-0.0,0.032,-0.152,-0.021,-0.0,-0.2,0.0,0.0,0.0,1.0,1.0,0.0,0.0,0.0,24.406483710086135,0.9622396751716725,0.10073406564846768,142.94021439746493,170.7390965827086,0.5,0.0015,0.0012,0.0063,0.0047
1184,1763002665.6835434,0.02963070573896702,-0.016597398317042558,0.4100043899506352,0.013644963147451977,0.49992390682033966,-0.3068959060203839,0.014389519002168916,0.08611031610312016,0.0,0.0,0.0,1.0,0.0,0.0,0.0,0.0,0.0,0.0,0.0,0.0,0.0,0.035,-0.698,1.003,0.996,-0.085,-0.001,0.0,0.026,-0.139,-0.027,-0.4,0.0,0.1,0.0,0.0,1.0,1.0,0.0,0.0,0.0,24.404014265422617,0.9622344783216223,0.10107153090017529,143.73014818231746,170.73620530834097,0.5,0.001,0.0018,0.0173,0.0101
1185,1763002665.7191703,0.017730239749849407,-0.055816021997405665,0.4128604362962173,0.007483169778068627,-0.11604158931727948,-0.3938459766353353,0.06956090245088378,-0.060253437379088295,0.0,0.0,0.0,1.0,0.0,0.0,0.0,0.0,0.0,0.0,0.0,0.0,0.0,0.036,-0.702,1.002,0.996,-0.088,0.002,-0.0,0.015,-0.131,-0.036,-0.1,0.2,-0.0,0.0,0.0,1.0,1.0,0.0,0.0,0.0,24.401181772077717,0.9622362806636909,0.10163488648169447,143.66452881478438,170.7374513383606,0.5,0.0031,0.0024,0.0155,0.0112
1186,1763002665.7541358,-0.027996152376159066,-0.10327504019774755,0.4151289831294542,0.0041760298845438274,-0.4554908972850997,-0.48017178420315954,0.0639715119619905,-0.032323081957441144,0.0,0.0,0.0,1.0,0.0,0.0,0.0,0.0,0.0,0.0,0.0,0.0,0.0,0.036,-0.704,1.001,0.996,-0.085,0.006,-0.001,0.019,-0.116,-0.057,0.2,0.4,-0.0,0.0,0.0,1.0,1.0,0.0,0.0,0.0,24.39740405530789,0.9622481208011013,0.1027204650419388,142.9140936725973,170.71712725190147,0.5,0.005,0.0024,0.0133,0.0131
1187,1763002665.785243,-0.020225023231621515,-0.10056389030072961,0.4151259302978315,0.00819959098102639,0.07491167620775963,0.016783994950404724,0.04148236999671875,0.04065321395327999,0.0,0.0,0.0,1.0,0.0,0.0,0.0,0.0,0.0,0.0,0.0,0.0,0.0,0.037,-0.707,1.0,0.996,-0.084,0.009,0.0,0.018,-0.091,-0.042,0.2,0.2,0.1,0.0,0.0,1.0,1.0,0.0,0.0,0.0,24.394225554402404,0.9622644157606526,0.10794676102359495,142.33145682884643,170.63556430391256,0.5,0.0026,0.0024,0.0126,0.0122
1188,1763002665.8211234,0.024259323322160464,-0.049558998564716884,0.4151479482167945,-0.02906297596367402,0.4428209632146577,0.49999252833005436,0.041732772219413586,-0.3718057103489015,0.0,0.0,0.0,1.0,0.0,0.0,0.0,0.0,0.0,0.0,0.0,0.0,0.0,0.037,-0.709,1.0,0.996,-0.086,-0.004,0.001,0.006,-0.061,-0.018,-0.0,-0.6,-0.0,0.0,0.0,1.0,1.0,0.0,0.0,0.0,24.392019888203286,0.9622817937499849,0.10007551098243847,142.96809682023456,170.79911822067325,0.5,0.0025,0.0025,0.0156,0.0135
1189,1763002665.8519564,0.07141319753447774,0.0009118338155412117,0.41336131327547904,-0.02237312037971569,0.4739646744553888,0.49975242394610925,0.02364844540852414,0.06399225824321592,0.0,0.0,0.0,1.0,0.0,0.0,0.0,0.0,0.0,0.0,0.0,0.0,0.0,0.036,-0.71,0.999,0.996,-0.09,-0.012,-0.0,-0.017,-0.033,-0.019,-0.2,-0.4,-0.1,0.0,0.0,1.0,1.0,0.0,0.0,0.0,24.38959547551966,0.962307002032294,0.10019260590207256,143.76710750707633,170.8711797396832,0.5,0.0025,0.0025,0.0134,0.0111
1190,1763002665.884007,0.020699457806232918,0.05047116861644165,0.4145447697315017,-0.018080272441634494,-0.4999960775290004,0.49568453139055846,0.053170695887775524,0.04069116734284041,0.0,0.0,0.0,1.0,0.0,0.0,0.0,0.0,0.0,0.0,0.0,0.0,0.0,0.035,-0.711,0.998,0.996,-0.086,-0.014,-0.001,-0.041,-0.024,-0.046,0.2,-0.2,-0.1,0.0,0.0,1.0,1.0,0.0,0.0,0.0,24.385949372218192,0.9623523564856891,0.09912919017239488,143.98778434197294,170.9061738776063,0.5,0.0025,0.0024,0.0142,0.0111
1191,1763002665.9194434,-0.02770488413597784,0.04176234535560471,0.4140278491310284,-0.010760436600468586,-0.48197347364148413,-0.08204111574672523,0.03628527096841719,0.07139033116749562,0.0,0.0,0.0,1.0,0.0,0.0,0.0,0.0,0.0,0.0,0.0,0.0,0.0,0.033,-0.711,0.997,0.997,-0.082,-0.011,-0.002,-0.058,-0.02,-0.026,0.3,0.1,-0.0,0.0,0.0,1.0,1.0,0.0,0.0,0.0,24.383140946927334,0.962390662470178,0.09455712446717314,143.93440038952306,170.88745872394404,0.5,0.0034,0.0024,0.013,0.0137
1192,1763002665.9485767,-0.019903814332996844,0.03577821824004524,0.41247573653596686,-0.014563350708184125,0.07524020961621214,-0.05566503662003429,0.02588165896248637,-0.039105184737202224,0.0,0.0,0.0,1.0,0.0,0.0,0.0,0.0,0.0,0.0,0.0,0.0,0.0,0.031,-0.712,0.997,0.997,-0.079,-0.01,-0.003,-0.053,-0.018,0.001,0.2,0.1,-0.1,0.0,0.0,1.0,1.0,0.0,0.0,0.0,24.38142418622479,0.9624170712427068,0.09387280519282619,143.81564890291938,170.8952308327734,0.5,0.0027,0.0024,0.0163,0.0065
1193,1763002665.9738498,0.007399668460860362,0.00568736417226132,0.41160287616225355,-0.002971859127757716,0.2710444465052725,-0.2973307188538346,0.03251896991646422,0.11445858073344566,0.0,0.0,0.0,1.0,0.0,0.0,0.0,0.0,0.0,0.0,0.0,0.0,0.0,0.029,-0.713,0.997,0.997,-0.081,-0.002,-0.001,-0.045,-0.038,0.002,-0.0,0.1,0.1,0.0,0.0,1.0,1.0,0.0,0.0,0.0,24.379626754727887,0.9624475457299179,0.09267890378267779,143.91901203971113,170.88102317074308,0.5,0.0016,0.0016,0.0102,0.007
1194,1763002666.0209396,0.012756478088033228,-0.009783579728830634,0.4104499524366001,-0.001782496590316313,0.054308063117814664,-0.15414070259369342,0.029631050359690596,0.011596439461638262,0.0,0.0,0.0,1.0,0.0,0.0,0.0,0.0,0.0,0.0,0.0,0.0,0.0,0.028,-0.715,0.997,0.997,-0.081,0.0,-0.0,-0.033,-0.04,0.027,-0.1,0.1,0.0,0.0,0.0,1.0,1.0,0.0,0.0,0.0,24.378802131438555,0.9624607765756866,0.09177336430514414,143.90498666201034,170.87045732174207,0.5,0.0022,0.0032,0.0111,0.0174
1195,1763002666.0515034,0.012014030840369012,-0.013057764384183311,0.40982141530558747,-0.0011479039719131713,-0.0061488246678387815,-0.03372020452640985,0.03475962393353361,0.0061676765249997914,0.0,0.0,0.0,1.0,0.0,0.0,0.0,0.0,0.0,0.0,0.0,0.0,0.0,0.028,-0.715,0.997,0.997,-0.081,0.0,-0.0,-0.033,-0.04,0.027,-0.1,0.1,0.0,0.0,0.0,1.0,1.0,0.0,0.0,0.0,24.3778379227074,0.9624790615129831,0.09162681877640379,143.85049064133935,170.86866001010853,0.5,0.0026,0.0024,0.0133,0.0114
1196,1763002666.0823758,0.0022108438838457506,0.02029185413184726,0.4099625171518886,0.0006199869640348527,-0.0968304664811957,0.3321904087218873,0.042393159993570476,0.017564118962288922,0.0,0.0,0.0,1.0,0.0,0.0,0.0,0.0,0.0,0.0,0.0,0.0,0.0,0.026,-0.717,0.998,0.997,-0.082,-0.002,0.002,-0.037,-0.042,0.011,-0.0,-0.1,0.0,0.0,0.0,1.0,1.0,0.0,0.0,0.0,24.376109262909374,0.9625200447042087,0.09149357855949526,143.82488708992707,170.86783324904965,0.5,0.0025,0.0024,0.0129,0.0112
1197,1763002666.1121426,0.005918985476101507,0.027586827376537757,0.41058348537693173,0.002298455427230123,0.03730250031094218,0.07497891786008973,0.04720593396561981,0.016846683328356184,0.0,0.0,0.0,1.0,0.0,0.0,0.0,0.0,0.0,0.0,0.0,0.0,0.0,0.025,-0.719,0.997,0.997,-0.082,-0.001,0.002,-0.045,-0.03,-0.007,0.0,-0.1,0.0,0.0,0.0,1.0,1.0,0.0,0.0,0.0,24.37360511519741,0.9625871455850505,0.09196916291200488,143.7631287379846,170.8729085311162,0.5,0.0017,0.0017,0.0109,0.0111
1198,1763002666.149014,-0.00850431125879432,0.07639389284125224,0.41007144605339674,0.0016929270863085147,-0.14364106880134808,0.49082933738479856,0.03593795530234342,-0.005825437866493065,0.0,0.0,0.0,1.0,0.0,0.0,0.0,0.0,0.0,0.0,0.0,0.0,0.0,0.023,-0.72,0.998,0.997,-0.081,-0.009,0.003,-0.057,-0.026,0.011,0.1,-0.4,-0.0,0.0,0.0,1.0,1.0,0.0,0.0,0.0,24.37190937197519,0.9626351145303352,0.09486080801137366,143.42257350372202,170.90321463483568,0.5,0.0031,0.0017,0.0105,0.0135
1199,1763002666.1849325,0.0015235280034914395,0.0325988334550344,0.4106609352441499,-0.0036063601250984536,0.09942796149697825,-0.43031120457805305,0.04690203651287161,-0.05282357940543883,0.0,0.0,0.0,1.0,0.0,0.0,0.0,0.0,0.0,0.0,0.0,0.0,0.0,0.021,-0.72,0.997,0.997,-0.08,-0.004,0.0,-0.061,-0.029,-0.02,0.0,0.1,-0.1,0.0,0.0,1.0,1.0,0.0,0.0,0.0,24.36887881383513,0.9627271758480271,0.0944404836499993,143.40087363513365,170.90320728874084,0.5,0.0025,0.0024,0.014,0.0124
1200,1763002666.20989,0.004041096580828324,0.018380539660303723,0.41066348830068616,-0.009267626580852109,0.025328038573718015,-0.13892305460180346,0.04109162408977692,-0.05697330057004639,0.0,0.0,0.0,1.0,0.0,0.0,0.0,0.0,0.0,0.0,0.0,0.0,0.0,0.019,-0.721,0.997,0.997,-0.081,-0.003,-0.001,-0.061,-0.027,-0.011,-0.0,0.1,-0.1,0.0,0.0,1.0,1.0,0.0,0.0,0.0,24.366321516315875,0.9628066688496789,0.09416100551397606,143.40187014939008,170.9042270122977,0.5,0.0025,0.0032,0.0102,0.0073
1201,1763002666.2568326,0.01658690294033926,-0.013133508217121483,0.4095764619776493,-0.005927959793016697,0.12586217325319227,-0.3133024248082217,0.030196085599700506,0.032469905220268915,0.0,0.0,0.0,1.0,0.0,0.0,0.0,0.0,0.0,0.0,0.0,0.0,0.0,0.017,-0.722,0.997,0.997,-0.081,0.0,-0.001,-0.078,-0.025,0.011,-0.1,0.3,-0.0,0.0,0.0,1.0,1.0,0.0,0.0,0.0,24.36474237114628,0.9628554823753188,0.09342490194798593,143.87037722508646,170.9035027529824,0.5,0.0017,0.0019,0.0109,0.0221
1202,1763002666.292071,0.014456649282125748,-0.019009884232449745,0.4088406881228624,-0.005085756912556753,-0.019643846288101174,-0.06007711097499484,0.033599907649896205,0.00782923282529776,0.0,0.0,0.0,1.0,0.0,0.0,0.0,0.0,0.0,0.0,0.0,0.0,0.0,0.017,-0.722,0.997,0.997,-0.081,0.0,-0.001,-0.078,-0.025,0.011,-0.1,0.3,-0.0,0.0,0.0,1.0,1.0,0.0,0.0,0.0,24.363146097346014,0.962906466249326,0.09545547127317407,144.21229287911686,170.92337450617603,0.5,0.0025,0.0023,0.0185,0.011
1203,1763002666.3244498,-0.006959873760402337,0.013260390168615369,0.40928586462298,-0.003375338461416612,-0.21271956549706833,0.3208017555874061,0.04533583381346208,0.01659560882014574,0.0,0.0,0.0,1.0,0.0,0.0,0.0,0.0,0.0,0.0,0.0,0.0,0.0,0.015,-0.723,0.996,0.997,-0.081,0.001,-0.0,-0.037,-0.015,-0.015,0.1,-0.1,0.0,0.0,0.0,1.0,1.0,0.0,0.0,0.0,24.360450908169778,0.9629946505006043,0.0940722281521153,144.1624890106161,170.9080425649921,0.5,0.0039,0.0034,0.0136,0.0103
1204,1763002666.3545449,0.01341712118022921,-0.011532933350191565,0.40967488225722715,0.00527762851521742,0.2030739620302754,-0.2466071961712078,0.044818762804769686,0.08619213592019866,0.0,0.0,0.0,1.0,0.0,0.0,0.0,0.0,0.0,0.0,0.0,0.0,0.0,0.014,-0.723,0.995,0.997,-0.082,0.001,0.001,-0.019,-0.011,-0.033,0.0,0.1,0.1,0.0,0.0,1.0,1.0,0.0,0.0,0.0,24.35710545741214,0.9631060159746112,0.09431103821552016,144.28311276241897,170.90439269368994,0.5,0.0016,0.0016,0.0112,0.0146
1205,1763002666.3856812,0.012089901466883005,-0.06008608684746394,0.4112262060043028,0.004420200468945853,-0.011930485015439085,-0.48668482830774284,0.0564807256964799,-0.008046517611193918,0.0,0.0,0.0,1.0,0.0,0.0,0.0,0.0,0.0,0.0,0.0,0.0,0.0,0.014,-0.723,0.993,0.997,-0.082,0.006,0.001,-0.021,-0.005,-0.068,0.0,0.4,0.0,0.0,0.0,1.0,1.0,0.0,0.0,0.0,24.352458465236637,0.9632605467427776,0.09721759472336872,144.48519627579225,170.92501689296205,0.5,0.0025,0.0024,0.0125,0.0124
1206,1763002666.4179077,0.03283163088503441,-0.01092728281432543,0.4111851137825433,-0.005681859228911197,0.20862628432820252,0.48557943164663864,0.04071169838283589,-0.1005785769316759,0.0,0.0,0.0,1.0,0.0,0.0,0.0,0.0,0.0,0.0,0.0,0.0,0.0,0.013,-0.723,0.992,0.997,-0.083,0.003,0.0,-0.022,-0.003,-0.053,-0.1,-0.2,-0.1,0.0,0.0,1.0,1.0,0.0,0.0,0.0,24.34867157436645,0.9633784109752234,0.0946393505928906,144.3847006085459,170.92702424891013,0.5,0.0025,0.0024,0.0139,0.0123
1207,1763002666.4502087,0.009918312844428866,0.029686329050562406,0.4123011831252963,-0.014805980022100176,-0.2258500173175519,0.4050433903674458,0.052279204805784296,-0.09180939385478093,0.0,0.0,0.0,1.0,0.0,0.0,0.0,0.0,0.0,0.0,0.0,0.0,0.0,0.013,-0.723,0.99,0.997,-0.083,-0.001,-0.002,-0.024,0.02,-0.087,0.1,-0.2,-0.2,0.0,0.0,1.0,1.0,0.0,0.0,0.0,24.343630173273795,0.9635274222106858,0.09303873505808337,144.50912041231132,170.92371288852576,0.5,0.0025,0.0024,0.0116,0.0134
1208,1763002666.4834886,0.015847333861864932,-0.0029878121632045257,0.41274175931074447,-0.008939752345350395,0.060282041458803504,-0.32377277923261305,0.04563588016701101,0.0571816787652878,0.0,0.0,0.0,1.0,0.0,0.0,0.0,0.0,0.0,0.0,0.0,0.0,0.0,0.011,-0.721,0.986,0.997,-0.082,-0.0,-0.003,-0.024,0.049,-0.097,0.1,0.1,-0.0,0.0,0.0,1.0,1.0,0.0,0.0,0.0,24.33840671496601,0.9636673728103746,0.09262059746091006,144.59153306191183,170.91543379410027,0.5,0.0025,0.0023,0.0137,0.0113
1209,1763002666.5183046,-0.03428910646444579,-0.03016692353906571,0.41397043131598665,-0.005876102413918171,-0.49977966987692063,-0.2720898949749323,0.05356089598349627,0.02974252407978721,0.0,0.0,0.0,1.0,0.0,0.0,0.0,0.0,0.0,0.0,0.0,0.0,0.0,0.011,-0.72,0.983,0.997,-0.076,0.002,-0.002,-0.019,0.047,-0.119,0.5,0.2,0.0,0.0,0.0,1.0,1.0,0.0,0.0,0.0,24.33249321119174,0.9638058919035412,0.09191441456668,145.2891222798371,170.88061947485338,0.5,0.0025,0.0024,0.0117,0.0137
1210,1763002666.5508704,0.016051368234683942,-0.013433146276929882,0.4114233074899855,-0.0019831621360017577,0.49997583634485265,0.1643210802674517,0.01592580487158668,0.03834179253777232,0.0,0.0,0.0,1.0,0.0,0.0,0.0,0.0,0.0,0.0,0.0,0.0,0.0,0.011,-0.718,0.98,0.997,-0.079,0.002,-0.0,-0.01,0.063,-0.114,-0.1,-0.0,0.1,0.0,0.0,1.0,1.0,0.0,0.0,0.0,24.32704655486725,0.963910744912312,0.09102318624765988,145.2512453554247,170.87758691083872,0.5,0.0025,0.0024,0.0132,0.0126
1211,1763002666.5885127,0.04719759250621987,-0.002461101772753216,0.4122396924022222,0.006429991694547647,0.31306737953882763,0.10837713041407367,0.04930617987136498,0.08393322209189386,0.0,0.0,0.0,1.0,0.0,0.0,0.0,0.0,0.0,0.0,0.0,0.0,0.0,0.011,-0.715,0.975,0.997,-0.081,0.002,0.002,0.005,0.072,-0.116,-0.1,-0.1,0.1,0.0,0.0,1.0,1.0,0.0,0.0,0.0,24.321813749875414,0.9639875845493348,0.0905782372601149,145.2620106224049,170.87638447680158,0.5,0.0025,0.0024,0.0175,0.0124
1212,1763002666.6231089,0.039323352309917604,-0.027283261149468826,0.41431196721568875,0.010931702151169322,-0.07402264271240055,-0.24846770394443138,0.06194671737488773,0.0456601037356715,0.0,0.0,0.0,1.0,0.0,0.0,0.0,0.0,0.0,0.0,0.0,0.0,0.0,0.011,-0.712,0.97,0.997,-0.081,0.003,0.002,0.003,0.085,-0.162,-0.0,0.1,0.1,0.0,0.0,1.0,1.0,0.0,0.0,0.0,24.31488229150704,0.9640551864495241,0.09133669754879342,145.09575849295211,170.88306738593383,0.5,0.0026,0.0024,0.0113,0.0137
1213,1763002666.6545308,0.01598438403179301,-0.013626715087757084,0.4154426591545788,0.0007185896020925134,-0.22945734755025415,0.13383713450217052,0.05273811611047007,-0.10103795527565115,0.0,0.0,0.0,1.0,0.0,0.0,0.0,0.0,0.0,0.0,0.0,0.0,0.0,0.011,-0.709,0.965,0.997,-0.08,0.002,0.001,-0.005,0.096,-0.171,0.2,-0.0,-0.1,0.0,0.0,1.0,1.0,0.0,0.0,0.0,24.307901359703433,0.9640820722295887,0.09014250986356766,145.30420175030886,170.87407082706733,0.5,0.0027,0.0024,0.0126,0.0123
1214,1763002666.6861622,0.03976873251673661,-0.015245093199721779,0.4159532600366833,-0.00654260149360507,0.23944192325261526,-0.01754645262842265,0.046650274736503586,-0.07254005199676658,0.0,0.0,0.0,1.0,0.0,0.0,0.0,0.0,0.0,0.0,0.0,0.0,0.0,0.011,-0.705,0.96,0.997,-0.08,-0.001,-0.002,-0.002,0.123,-0.184,0.1,0.1,-0.1,0.0,0.0,1.0,1.0,0.0,0.0,0.0,24.300676974700163,0.9640642597559412,0.09025339947916769,145.19020866613863,170.87935684723791,0.5,0.0025,0.0024,0.0142,0.0112
1215,1763002666.7223094,0.038857832501286105,-0.052806198352999656,0.41628455903147665,-0.0032404660314030538,-0.005132126902831324,-0.3771355608527508,0.044908315951602086,0.032367094472659654,0.0,0.0,0.0,1.0,0.0,0.0,0.0,0.0,0.0,0.0,0.0,0.0,0.0,0.011,-0.701,0.954,0.997,-0.078,0.003,-0.001,-0.004,0.14,-0.19,0.1,0.3,0.0,0.0,0.0,1.0,1.0,0.0,0.0,0.0,24.293493242533653,0.9639985361271683,0.0908536562089768,144.694011966999,170.90342307137956,0.5,0.0036,0.0024,0.0136,0.0142
1216,1763002666.7547088,0.04391473949795174,-0.0028624900433722456,0.4156239305492077,0.003222162666186303,0.054454853216785115,0.49415646326097407,0.03502217108045876,0.06430224037275326,0.0,0.0,0.0,1.0,0.0,0.0,0.0,0.0,0.0,0.0,0.0,0.0,0.0,0.01,-0.695,0.948,0.997,-0.076,-0.001,0.002,-0.018,0.166,-0.181,0.1,-0.2,0.1,0.0,0.0,1.0,1.0,0.0,0.0,0.0,24.28697532832209,0.9638933928180672,0.08944818540029356,144.97477806258033,170.89672363521254,0.5,0.0026,0.0023,0.015,0.0112
1217,1763002666.7873323,0.05259153135345347,0.04585147941524668,0.41464332558834455,0.009317010325792161,0.09115939250481248,0.48685344558185195,0.031756343446288575,0.06127069286267721,0.0,0.0,0.0,1.0,0.0,0.0,0.0,0.0,0.0,0.0,0.0,0.0,0.0,0.009,-0.69,0.942,0.997,-0.074,-0.003,0.003,-0.028,0.171,-0.175,-0.0,-0.3,0.1,0.0,0.0,1.0,1.0,0.0,0.0,0.0,24.28093347827254,0.9637554711399678,0.09019856299439463,145.08125567153428,170.90597835120766,0.5,0.0025,0.0024,0.0138,0.0126
1218,1763002666.817493,0.055101285455119046,0.05208696055986695,0.4140495476243464,0.00823397377386625,0.030356694152000985,0.0669399593877274,0.035526552918853316,-0.009898664486679913,0.0,0.0,0.0,1.0,0.0,0.0,0.0,0.0,0.0,0.0,0.0,0.0,0.0,0.008,-0.684,0.936,0.997,-0.074,-0.004,0.004,-0.053,0.169,-0.181,-0.0,-0.1,0.0,0.0,0.0,1.0,1.0,0.0,0.0,0.0,24.274839271992832,0.9635761640677342,0.09266168741408684,144.7474486501982,170.91612646030478,0.5,0.0036,0.0023,0.0141,0.0089
1219,1763002666.841134,0.05114593152983449,0.06773060242503078,0.41377342703646075,0.006441200783139194,-0.03404341070733374,0.161645114707625,0.03864374888357809,-0.017104332529883907,0.0,0.0,0.0,1.0,0.0,0.0,0.0,0.0,0.0,0.0,0.0,0.0,0.0,0.005,-0.678,0.928,0.997,-0.073,-0.007,0.004,-0.062,0.156,-0.185,0.0,-0.1,-0.0,0.0,0.0,1.0,1.0,0.0,0.0,0.0,24.26877565401873,0.9633589879122647,0.09622985333260484,144.21815401537975,170.92553342774195,0.5,0.0016,0.002,0.0101,0.0073
1220,1763002666.87967,0.03348481142319748,0.02280726496860798,0.41387418418596733,-0.008000593034394654,-0.17149660791338645,-0.4424603143217248,0.0423849141987126,-0.14377381809702455,0.0,0.0,0.0,1.0,0.0,0.0,0.0,0.0,0.0,0.0,0.0,0.0,0.0,0.001,-0.671,0.921,0.997,-0.073,-0.003,-0.0,-0.094,0.168,-0.197,0.2,0.3,-0.2,0.0,0.0,1.0,1.0,0.0,0.0,0.0,24.2624474827752,0.9630886752958127,0.09119133017020933,144.84364492022146,170.92285007518467,0.5,0.0017,0.0017,0.0104,0.0108
1221,1763002666.9107895,0.042556964934750155,0.013074669936278541,0.415813929120791,-0.018604317041236426,0.09407001625784644,-0.09504522382643352,0.06078486776683366,-0.10683729937185718,0.0,0.0,0.0,1.0,0.0,0.0,0.0,0.0,0.0,0.0,0.0,0.0,0.0,-0.002,-0.666,0.915,0.998,-0.07,0.001,-0.003,-0.133,0.215,-0.262,0.2,0.3,-0.2,0.0,0.0,1.0,1.0,0.0,0.0,0.0,24.253669611719026,0.9626498453343854,0.08981292299404775,145.63975346590559,170.92419398788584,0.5,0.0014,0.0025,0.0122,0.0078
1222,1763002666.9474566,0.022074129873900353,-0.02924899529441707,0.41781466148562507,-0.01827957180724492,-0.20057265411502295,-0.42192918531332824,0.061588716560420094,0.001387020635791384,0.0,0.0,0.0,1.0,0.0,0.0,0.0,0.0,0.0,0.0,0.0,0.0,0.0,-0.005,-0.66,0.908,0.998,-0.067,0.005,-0.004,-0.12,0.221,-0.294,0.3,0.5,-0.1,0.0,0.0,1.0,1.0,0.0,0.0,0.0,24.24397649216709,0.9620897905233537,0.09019707034884451,147.3222709074757,170.9220045329975,0.5,0.003,0.0018,0.0118,0.0091
1223,1763002666.984381,-0.025282106692045954,0.018503330610341293,0.4434389123477693,-0.00038467608932281697,-0.4713549526720731,0.47459835951814183,0.2980239747700052,0.17712099999849656,0.0,0.0,0.0,1.0,0.0,0.0,0.0,0.0,0.0,0.0,0.0,0.0,0.0,-0.007,-0.655,0.9,0.998,-0.056,0.011,-0.004,-0.291,0.625,-0.947,1.7,0.3,0.3,0.0,0.0,1.0,1.0,0.0,0.0,0.0,24.20740728853335,0.9596233173155623,0.1037130139991378,154.42995379794812,170.87552794229083,0.5,0.0027,0.0024,0.0143,0.0115
1224,1763002667.0168176,-0.05347725511398398,-0.009697432044716885,0.43794821045965504,-0.0006749271239133072,-0.28447969488858493,-0.28015729348954765,-0.010563127646365411,-0.002940977954837165,0.0,0.0,0.0,1.0,0.0,0.0,0.0,0.0,0.0,0.0,0.0,0.0,0.0,-0.009,-0.652,0.895,0.999,-0.053,0.013,-0.004,-0.144,0.308,-0.475,0.7,0.2,0.1,0.0,0.0,1.0,1.0,0.0,0.0,0.0,24.192808789765493,0.9583792377501403,0.11626342944081053,156.70014121094474,170.89522042987457,0.5,0.0026,0.0035,0.012,0.0117
1225,1763002667.0477183,-0.0029437288751214957,0.03603022388280659,0.4244480452801962,-0.016644278455054375,0.4999875368772265,0.45630681607076307,-0.09120683074862267,-0.15976100602380203,0.0,0.0,0.0,1.0,0.0,0.0,0.0,0.0,0.0,0.0,0.0,0.0,0.0,-0.011,-0.647,0.886,0.998,-0.061,0.005,-0.004,-0.065,0.14,-0.243,-0.2,-0.2,-0.0,0.0,0.0,1.0,1.0,0.0,0.0,0.0,24.188260842087125,0.9579257931171841,0.10873315818010199,156.19095621952232,170.88036118949398,0.5,0.0025,0.0024,0.011,0.0114
1226,1763002667.080992,0.04703375984994036,0.04285301940710719,0.4187419493257065,-0.009074716319515013,0.4994805143631065,0.07183097763128667,-0.014616155016877866,0.07403119350988815,0.0,0.0,0.0,1.0,0.0,0.0,0.0,0.0,0.0,0.0,0.0,0.0,0.0,-0.013,-0.643,0.878,0.998,-0.067,0.002,-0.003,-0.065,0.105,-0.208,-0.3,-0.1,0.0,0.0,0.0,1.0,1.0,0.0,0.0,0.0,24.184909487979038,0.9575557689475998,0.1031732131129205,155.6385171530743,170.876388215314,0.5,0.0026,0.0024,0.0111,0.0115
1227,1763002667.1208909,0.03600544414467724,0.045341000369339975,0.4147459985627032,-0.0009688927395138328,-0.1055797810676371,0.029165111563038665,0.0019146873025386035,0.0801507641680603,0.0,0.0,0.0,1.0,0.0,0.0,0.0,0.0,0.0,0.0,0.0,0.0,0.0,-0.016,-0.64,0.873,0.998,-0.068,0.002,-0.002,-0.068,0.096,-0.177,-0.1,-0.1,0.1,0.0,0.0,1.0,1.0,0.0,0.0,0.0,24.18265743379053,0.95728805492993,0.10308777974498227,155.18210437843618,170.8696030451646,0.5,0.0025,0.0024,0.0113,0.0179
1228,1763002667.153387,0.034249142540004156,0.04602869383956029,0.41162023443940815,0.0024358872729882022,-0.013962471632262996,0.01141103473913721,0.010216958623319346,0.03395091085106897,0.0,0.0,0.0,1.0,0.0,0.0,0.0,0.0,0.0,0.0,0.0,0.0,0.0,-0.016,-0.64,0.873,0.998,-0.068,0.002,-0.002,-0.068,0.096,-0.177,-0.1,-0.1,0.1,0.0,0.0,1.0,1.0,0.0,0.0,0.0,24.180235448516754,0.9569779170393233,0.10418515861371658,154.4729744006334,170.8705975631735,0.5,0.0036,0.0034,0.0112,0.0135
1229,1763002667.1841493,-0.01600918325292921,0.0033946824815708,0.4093542765310951,-0.0012522730653257343,-0.4991583436753332,-0.4217372441959389,0.01850244436081059,-0.036638014655840545,0.0,0.0,0.0,1.0,0.0,0.0,0.0,0.0,0.0,0.0,0.0,0.0,0.0,-0.02,-0.636,0.864,0.998,-0.06,0.007,-0.002,-0.096,0.063,-0.152,0.3,0.2,-0.0,0.0,0.0,1.0,1.0,0.0,0.0,0.0,24.178768347012024,0.9567831481876654,0.10302736627703027,155.58062149371295,170.85764341347524,0.5,0.0026,0.0023,0.0111,0.0135
1230,1763002667.2160118,-0.020847346746097485,0.008635327257641653,0.40705074283842246,-0.004840443971388135,-0.049982553256975676,0.052745916008865634,0.017900090726384165,-0.036006936367156586,0.0,0.0,0.0,1.0,0.0,0.0,0.0,0.0,0.0,0.0,0.0,0.0,0.0,-0.025,-0.635,0.858,0.998,-0.058,0.009,-0.003,-0.114,0.03,-0.15,-0.1,0.1,0.0,0.0,0.0,1.0,1.0,0.0,0.0,0.0,24.1772592804662,0.9565779423627314,0.10214889670883281,155.59945827706795,170.85306404976777,0.5,0.0025,0.0024,0.0129,0.0111
1231,1763002667.252148,0.010209231762762377,0.03459972152862576,0.4071772836176119,-0.006284007736518123,0.3084810504139889,0.26050747543560526,0.04197048207573631,-0.014919682048438703,0.0,0.0,0.0,1.0,0.0,0.0,0.0,0.0,0.0,0.0,0.0,0.0,0.0,-0.03,-0.635,0.851,0.998,-0.062,0.009,-0.003,-0.142,-0.002,-0.176,-0.3,-0.0,0.0,0.0,0.0,0.9898876404494382,1.0,0.0,0.0,0.0,24.17460681879211,0.9562089930290141,0.09875857961679306,155.32262555305078,170.8338230306372,0.5,0.0046,0.0024,0.0112,0.0139
1232,1763002667.2821283,-0.0041914387614253625,0.03759508263580308,0.4074749652822569,-0.006610644913132952,-0.1429857820656012,0.033413583224635716,0.043694545008211086,-0.003894772539800095,0.0,0.0,0.0,1.0,0.0,0.0,0.0,0.0,0.0,0.0,0.0,0.0,0.0,-0.032,-0.635,0.848,0.998,-0.064,0.009,-0.003,-0.134,-0.012,-0.183,-0.2,-0.0,0.0,0.0,0.0,0.9797752808988764,1.0,0.0,0.0,0.0,24.171771463593423,0.9558034700345671,0.09798377367667573,155.03346984593423,170.8322711855616,0.5,0.0025,0.0024,0.0112,0.0124
1233,1763002667.3220303,-0.04747223477290703,0.015965111020220638,0.41131032216881785,-0.008453670090261017,-0.4332271039909593,-0.21254020789224412,0.07910106539383482,-0.01909131626259395,0.0,0.0,0.0,1.0,0.0,0.0,0.0,0.0,0.0,0.0,0.0,0.0,0.0,-0.039,-0.637,0.835,0.998,-0.065,0.012,-0.005,-0.13,-0.043,-0.264,0.1,0.1,-0.0,0.0,0.0,0.9696629213483146,1.0,0.0,0.0,0.0,24.1655692845741,0.9549045783291235,0.09851247906648623,155.2818534513721,170.83224108718082,0.5,0.0024,0.0048,0.014,0.0137
1234,1763002667.352573,-0.042515109655174466,0.01169703122285454,0.41254057202815075,-0.009770817474277282,0.044824027700035074,-0.041084286871638925,0.05343353081021047,-0.01401684084918875,0.0,0.0,0.0,1.0,0.0,0.0,0.0,0.0,0.0,0.0,0.0,0.0,0.0,-0.039,-0.637,0.835,0.998,-0.065,0.012,-0.005,-0.13,-0.043,-0.264,0.1,0.1,-0.0,0.0,0.0,0.9595505617977528,1.0,0.0,0.0,0.0,24.15972961800401,0.9540315210434966,0.10061933298443727,155.3820504800287,170.8318338613612,0.5,0.0026,0.0024,0.0112,0.0136
1235,1763002667.3829575,-0.066944676177282,0.011857127480633813,0.4150953773818644,-0.0045420758204999445,-0.24854717618659267,0.0027706657000781953,0.06680211073995151,0.05131033479034565,0.0,0.0,0.0,1.0,0.0,0.0,0.0,0.0,0.0,0.0,0.0,0.0,0.0,-0.045,-0.64,0.822,0.998,-0.062,0.013,-0.005,-0.137,-0.054,-0.299,0.2,0.1,0.1,0.0,0.0,0.949438202247191,1.0,0.0,0.0,0.0,24.152589706543473,0.9529417469625354,0.10432845239083233,155.25786911267608,170.83159017554223,0.5,0.0025,0.0024,0.0133,0.011
1236,1763002667.4172583,-0.08361896509660824,-0.03819420639827545,0.41867456015886856,0.0005849351722067696,-0.17343735681099065,-0.49932762604102915,0.07730136550822833,0.05081590234501714,0.0,0.0,0.0,1.0,0.0,0.0,0.0,0.0,0.0,0.0,0.0,0.0,0.0,-0.052,-0.644,0.806,0.998,-0.062,0.018,-0.003,-0.155,-0.084,-0.342,0.3,0.6,0.1,0.0,0.0,0.9393258426966292,1.0,0.0,0.0,0.0,24.143845026009625,0.9515731430950087,0.11369754723752537,155.86516504974804,170.77971264200696,0.5,0.0029,0.003,0.0105,0.0141
1237,1763002667.4476137,-0.05723521458084822,0.011216313358201377,0.4204646092943863,-0.005281298538054948,0.2554756086479392,0.4902857769249407,0.05976794737106478,-0.0586038435853965,0.0,0.0,0.0,1.0,0.0,0.0,0.0,0.0,0.0,0.0,0.0,0.0,0.0,-0.056,-0.646,0.798,0.998,-0.062,0.016,-0.003,-0.157,-0.089,-0.336,0.1,0.0,0.0,0.0,0.0,0.9292134831460674,1.0,0.0,0.0,0.0,24.13563237955287,0.950247450623158,0.11800630324073882,155.1301540410843,170.73521487334764,0.5,0.0025,0.0025,0.0109,0.0111
1238,1763002667.480405,-0.015990536375234295,0.06096094768775104,0.42158254214342844,-0.006204584482678075,0.4067232605980544,0.49856797463131663,0.053225789419860295,-0.009760989300036773,0.0,0.0,0.0,1.0,0.0,0.0,0.0,0.0,0.0,0.0,0.0,0.0,0.0,-0.063,-0.65,0.785,0.998,-0.064,0.012,-0.003,-0.163,-0.107,-0.327,-0.2,-0.2,0.0,0.0,0.0,0.9191011235955056,1.0,0.0,0.0,0.0,24.127939937009117,0.9489691959799265,0.11527878939308898,155.1028009390974,170.75536668486373,0.5,0.0022,0.0024,0.0112,0.0112
1239,1763002667.524589,0.009386607848004505,0.08097123700893658,0.42317366512765464,-0.005276112420869195,0.2521723885948646,0.20619898798063047,0.05806948405660456,0.008664262169820995,0.0,0.0,0.0,1.0,0.0,0.0,0.0,0.0,0.0,0.0,0.0,0.0,0.0,-0.069,-0.654,0.774,0.998,-0.069,0.011,-0.002,-0.181,-0.111,-0.34,-0.3,-0.1,0.0,0.0,0.0,0.9089887640449438,1.0,0.0,0.0,0.0,24.1197548538887,0.9475734761960032,0.11475569877910008,155.45383303487398,170.77438083834448,0.5,0.0024,0.0028,0.0137,0.0188
1240,1763002667.558305,0.03405267708023449,0.060573436406416575,0.42468027055950747,-0.0057590065140448,0.2475993531071003,-0.19588088232430625,0.057383420831294246,-0.005356552173842979,0.0,0.0,0.0,1.0,0.0,0.0,0.0,0.0,0.0,0.0,0.0,0.0,0.0,-0.074,-0.657,0.765,0.997,-0.074,0.011,-0.002,-0.193,-0.125,-0.346,-0.4,0.1,0.0,0.0,0.0,0.898876404494382,1.0,0.0,0.0,0.0,24.111399307999474,0.9461120183579442,0.11616056128893708,156.36386054690115,170.8166492856579,0.5,0.0025,0.0024,0.0145,0.0131
1241,1763002667.5886946,-0.016275738237700454,0.051917356035092344,0.4268652562940691,0.0017857202024178197,-0.4998788854713259,-0.08050346007260062,0.06431788440156705,0.0748713665132217,0.0,0.0,0.0,1.0,0.0,0.0,0.0,0.0,0.0,0.0,0.0,0.0,0.0,-0.08,-0.661,0.754,0.997,-0.07,0.015,-0.0,-0.209,-0.129,-0.348,0.2,0.1,0.1,0.0,0.0,0.8887640449438202,1.0,0.0,0.0,0.0,24.102960339963143,0.9446075946685053,0.11378656826447776,155.89064668217543,170.7812238831928,0.5,0.0026,0.0024,0.0109,0.0132
1242,1763002667.618847,-0.0658084540323513,0.07559729199083326,0.432066440910228,-0.008478897603199646,-0.49695473177027855,0.24199109516091827,0.09469837179099568,-0.10246760603593286,0.0,0.0,0.0,1.0,0.0,0.0,0.0,0.0,0.0,0.0,0.0,0.0,0.0,-0.087,-0.665,0.745,0.998,-0.068,0.016,-0.0,-0.327,-0.212,-0.454,0.2,0.2,-0.1,0.0,0.0,0.8786516853932584,1.0,0.0,0.0,0.0,24.08999011194665,0.9422469971721363,0.11207550485995205,155.56697371446276,170.77517060637103,0.5,0.0025,0.0024,0.0129,0.0111
1243,1763002667.6505454,-0.0693847844022255,0.024844560048489915,0.43090068977722173,-0.005138050844200215,-0.042344149101976924,-0.4999675902243501,0.03154913276096005,0.03256057782967433,0.0,0.0,0.0,1.0,0.0,0.0,0.0,0.0,0.0,0.0,0.0,0.0,0.0,-0.095,-0.671,0.735,0.997,-0.068,0.025,0.0,-0.265,-0.193,-0.364,0.1,0.6,0.0,0.0,0.0,0.8685393258426966,1.0,0.0,0.0,0.0,24.081137276761993,0.9406020542542796,0.10921657743981276,157.13687161937096,170.8455153998927,0.5,0.0025,0.0038,0.0125,0.0111
1244,1763002667.6853034,-0.10978144702393622,-0.0035861673773992936,0.4288623728291466,-0.01519955721060075,-0.4109051046573298,-0.28182281825404304,0.02270689949697039,-0.10112886874842536,0.0,0.0,0.0,1.0,0.0,0.0,0.0,0.0,0.0,0.0,0.0,0.0,0.0,-0.103,-0.678,0.724,0.998,-0.064,0.028,-0.002,-0.244,-0.214,-0.302,0.3,0.3,-0.1,0.0,0.0,0.8584269662921349,1.0,0.0,0.0,0.0,24.074833430730695,0.9394179234232144,0.11338649079243494,156.4814306120483,170.8063969051317,0.5,0.0036,0.0024,0.0113,0.0137
1245,1763002667.722363,-0.11501441323023305,-0.038680279535622974,0.4258317063797697,-0.018522024882962056,-0.06330780676536196,-0.35129973831997674,0.012579572789146194,-0.03474463244467312,0.0,0.0,0.0,1.0,0.0,0.0,0.0,0.0,0.0,0.0,0.0,0.0,0.0,-0.11,-0.685,0.717,0.998,-0.062,0.032,-0.004,-0.239,-0.231,-0.267,0.3,0.4,-0.1,0.0,0.0,0.848314606741573,1.0,0.0,0.0,0.0,24.0697738356977,0.9384633610453941,0.12459126576961596,155.78636087157437,170.63161349544865,0.5,0.0025,0.0023,0.0169,0.0135
1246,1763002667.7611244,-0.06386427599543715,0.0116517706780431,0.4167012185609743,-0.068305741662663,0.4999999310249358,0.49945247418309835,-0.048721707549977164,-0.4996893702853056,0.0,0.0,0.0,1.0,0.0,0.0,0.0,0.0,0.0,0.0,0.0,0.0,0.0,-0.117,-0.693,0.711,0.997,-0.07,0.03,-0.005,-0.226,-0.252,-0.215,-0.3,0.0,-0.0,0.0,0.0,0.8382022471910112,1.0,0.0,0.0,0.0,24.066692223064642,0.937881023762446,0.12199290499859948,156.10032853651276,170.7040007540216,0.5,0.0037,0.0044,0.0154,0.014
1247,1763002667.7817004,-0.0724952824930485,0.05331528825825825,0.4157624220782687,-0.03650855139588259,-0.09269649257565726,0.41780035286995576,0.03228215702904105,0.31114132850153753,0.0,0.0,0.0,1.0,0.0,0.0,0.0,0.0,0.0,0.0,0.0,0.0,0.0,-0.125,-0.702,0.705,0.997,-0.07,0.028,-0.005,-0.215,-0.254,-0.153,-0.0,-0.1,-0.0,0.0,0.0,0.8280898876404494,1.0,0.0,0.0,0.0,24.066124116926243,0.9377802791523024,0.12298164771130939,154.63060432747204,170.58914226907058,0.5,0.0012,0.0017,0.0096,0.0068
1248,1763002667.8075562,-0.021784233721709095,0.01845796889288405,0.4121047714681066,-0.023256260272750545,0.49986095946408915,-0.3432416648279162,0.004999736106205417,0.12887205609173213,0.0,0.0,0.0,1.0,0.0,0.0,0.0,0.0,0.0,0.0,0.0,0.0,0.0,-0.134,-0.714,0.7,0.997,-0.076,0.031,-0.006,-0.209,-0.286,-0.102,-0.3,0.1,0.0,0.0,0.0,0.8179775280898876,1.0,0.0,0.0,0.0,24.067359641791313,0.9380156855259544,0.12287692014385758,155.14724029152654,170.648308255813,0.5,0.0016,0.0017,0.0098,0.0077
1249,1763002667.8607051,-0.00563030567311857,0.0010693342957118941,0.4106458520205688,-0.01672426138829349,0.15936085711373443,-0.17204054908243321,0.026621282671433124,0.0629943628172955,0.0,0.0,0.0,1.0,0.0,0.0,0.0,0.0,0.0,0.0,0.0,0.0,0.0,-0.14,-0.724,0.697,0.996,-0.082,0.035,-0.005,-0.21,-0.318,-0.094,-0.4,0.1,0.0,0.0,0.0,0.8078651685393259,1.0,0.0,0.0,0.0,24.06851135323737,0.9382306641502426,0.12400468491166881,156.34661889901005,170.74322920408972,0.5,0.0062,0.0025,0.0201,0.0118
1250,1763002667.8897436,-0.00811442849977212,-0.0021637385700198596,0.4096326492150722,-0.013281041046221633,-0.025404258833847226,-0.03222379522774638,0.030932557147090742,0.03275977728188921,0.0,0.0,0.0,1.0,0.0,0.0,0.0,0.0,0.0,0.0,0.0,0.0,0.0,-0.14,-0.724,0.697,0.996,-0.082,0.035,-0.005,-0.21,-0.318,-0.094,-0.4,0.1,0.0,0.0,0.0,0.797752808988764,1.0,0.0,0.0,0.0,24.069298937483712,0.9383752481732726,0.12695673469480334,157.57005002405674,170.82927939936056,0.5,0.0027,0.0024,0.0116,0.0115
1251,1763002667.9243116,-0.01625753233879189,-0.007074625268289735,0.40855150361724046,-0.009622507188977308,-0.08224248124017486,-0.049325240839700746,0.0301518089431896,0.03525723446782108,0.0,0.0,0.0,1.0,0.0,0.0,0.0,0.0,0.0,0.0,0.0,0.0,0.0,-0.151,-0.74,0.693,0.995,-0.088,0.035,-0.003,-0.186,-0.292,-0.094,-0.2,0.1,0.0,0.0,0.0,0.7876404494382022,1.0,0.0,0.0,0.0,24.069772295937664,0.9384603703298113,0.12859125351216052,157.96293432988517,170.85717811261628,0.5,0.0026,0.0024,0.0124,0.016
1252,1763002667.947087,-0.0660924501722051,-0.002773273068823478,0.4099247380813783,-0.006107182322258733,-0.49997493156801115,0.042306059467833584,0.05458749500310181,0.034190997948288046,0.0,0.0,0.0,1.0,0.0,0.0,0.0,0.0,0.0,0.0,0.0,0.0,0.0,-0.158,-0.752,0.689,0.996,-0.083,0.036,-0.003,-0.203,-0.334,-0.112,0.3,0.1,0.0,0.0,0.0,0.7775280898876404,1.0,0.0,0.0,0.0,24.069221793278498,0.9383771215174153,0.12529922006344724,156.32997160904853,170.79707557048823,0.5,0.0029,0.0028,0.0095,0.0061
1253,1763002667.9736392,-0.09106145810987765,0.0441917584635247,0.4074455741152834,-0.008368222027602784,-0.256299324393946,0.4693729880165995,0.01620083414718997,-0.023221115285666383,0.0,0.0,0.0,1.0,0.0,0.0,0.0,0.0,0.0,0.0,0.0,0.0,0.0,-0.166,-0.766,0.685,0.996,-0.078,0.034,-0.004,-0.192,-0.339,-0.084,0.1,-0.2,0.0,0.0,0.0,0.7674157303370787,1.0,0.0,0.0,0.0,24.06967616212767,0.9384573523339731,0.1230846809780341,155.006464987382,170.73871408464623,0.5,0.0016,0.0021,0.0075,0.0089
1254,1763002668.022823,-0.09645323006932927,0.09115174648264485,0.40571559633354015,-0.015935964089709695,-0.06302386540550392,0.4740190560375539,0.023444779594095484,-0.07651424282382936,0.0,0.0,0.0,1.0,0.0,0.0,0.0,0.0,0.0,0.0,0.0,0.0,0.0,-0.172,-0.777,0.682,0.996,-0.078,0.031,-0.004,-0.205,-0.374,-0.071,0.1,-0.3,-0.1,0.0,0.0,0.7573033707865169,1.0,0.0,0.0,0.0,24.070475828210885,0.9385913290930542,0.12385592893167131,152.89195286320856,170.64092250715422,0.5,0.0034,0.0035,0.0153,0.0139
1255,1763002668.0459318,-0.09604469503686766,0.1017484957215453,0.40406023155485243,-0.020630860853645253,-0.005559972682316894,0.11508266703726916,0.02401791184647624,-0.04854256404832652,0.0,0.0,0.0,1.0,0.0,0.0,0.0,0.0,0.0,0.0,0.0,0.0,0.0,-0.172,-0.777,0.682,0.996,-0.078,0.031,-0.004,-0.205,-0.374,-0.071,0.1,-0.3,-0.1,0.0,0.0,0.747191011235955,1.0,0.0,0.0,0.0,24.071135039402883,0.9386987495948724,0.12937666185876112,150.3364210745782,170.43895360458234,0.5,0.0016,0.0017,0.0118,0.0073
1256,1763002668.113339,-0.06760937910834652,0.06195438504592872,0.4017587060903199,-0.007539438429925533,0.27474868978152456,-0.38776625718401125,0.017390768510159443,0.12885113815183263,0.0,0.0,0.0,1.0,0.0,0.0,0.0,0.0,0.0,0.0,0.0,0.0,0.0,-0.184,-0.8,0.679,0.996,-0.079,0.033,-0.002,-0.186,-0.371,-0.047,-0.1,-0.1,0.1,0.0,0.0,0.7370786516853932,1.0,0.0,0.0,0.0,24.072733819829768,0.9389333075107165,0.1332015246793534,149.36165847452068,170.30644308058268,0.5,0.0036,0.0164,0.0136,0.0262
1257,1763002668.1499677,-0.07067535721879284,0.06071254498462277,0.40056800893936334,-0.0014043942702412207,-0.037420719015297865,-0.006222962108466568,0.028268899099466373,0.060596497753850564,0.0,0.0,0.0,1.0,0.0,0.0,0.0,0.0,0.0,0.0,0.0,0.0,0.0,-0.184,-0.8,0.679,0.996,-0.079,0.033,-0.002,-0.186,-0.371,-0.047,-0.1,-0.1,0.1,0.0,0.0,0.7269662921348314,1.0,0.0,0.0,0.0,24.074245866236588,0.9391468742711742,0.13594877310536066,148.30280632195038,170.20619027773824,0.5,0.0025,0.0024,0.023,0.0079
1258,1763002668.1683283,-0.019968781938026092,0.010105439159758513,0.39081767722623234,0.04438469858537372,0.4999982170857881,-0.4999998037501802,-0.05744651623737353,0.4577504891291252,0.0,0.0,0.0,1.0,0.0,0.0,0.0,0.0,0.0,0.0,0.0,0.0,0.0,-0.199,-0.83,0.676,0.994,-0.094,0.048,-0.002,-0.19,-0.371,-0.061,-0.3,0.7,0.0,0.0,0.0,0.7168539325842697,1.0,0.0,0.0,0.0,24.075150484951124,0.9392739879934784,0.13075147340004614,150.7549674563633,170.3727653884512,0.5,0.0015,0.0016,0.0072,0.007
1259,1763002668.191264,-0.04357154653151071,-0.03999514677296129,0.3910043103385159,0.04012189550633473,-0.23802452412864877,-0.49999531541122216,0.04094809884545893,-0.038189560931852495,0.0,0.0,0.0,1.0,0.0,0.0,0.0,0.0,0.0,0.0,0.0,0.0,0.0,-0.203,-0.836,0.675,0.994,-0.094,0.053,-0.002,-0.192,-0.378,-0.052,-0.1,0.7,0.0,0.0,0.0,0.7067415730337079,1.0,0.0,0.0,0.0,24.07678955020922,0.9394951935479693,0.13061808017019216,152.2872265427592,170.46391808424502,0.5,0.0029,0.0016,0.0086,0.0089
1260,1763002668.2128453,0.006863330805874826,-0.05875558804095974,0.3889522645130237,-0.00970929774405735,0.49999161872070436,-0.1916039273572807,0.01857997277892933,-0.49429974295328727,0.0,0.0,0.0,1.0,0.0,0.0,0.0,0.0,0.0,0.0,0.0,0.0,0.0,-0.207,-0.845,0.674,0.994,-0.101,0.052,-0.002,-0.178,-0.363,-0.054,-0.5,0.1,0.0,0.0,0.0,0.696629213483146,1.0,0.0,0.0,0.0,24.078599921542562,0.9397351176442367,0.13310804292005016,154.0213264538158,170.54167261178873,0.5,0.0017,0.0018,0.0087,0.0051
1261,1763002668.238996,-0.0432029950204221,-0.10808574189453486,0.39753573070466985,-0.007774612902720704,-0.4999769251823818,-0.49917709733984716,0.12472988836776377,0.01837591863896071,0.0,0.0,0.0,1.0,0.0,0.0,0.0,0.0,0.0,0.0,0.0,0.0,0.0,-0.213,-0.859,0.67,0.994,-0.097,0.057,-0.003,-0.146,-0.355,-0.106,0.3,0.4,-0.1,0.0,0.0,0.6865168539325842,1.0,0.0,0.0,0.0,24.078572931408196,0.9397391170585613,0.13453508268609027,152.777198404418,170.51062525017818,0.5,0.0016,0.0018,0.0077,0.0078
1262,1763002668.2822945,-0.09275693867974286,-0.13117672939667674,0.40008942944337444,-0.0011239230629017747,-0.49985973609524975,-0.24171844921087204,0.06529056045751283,0.0657294371079172,0.0,0.0,0.0,1.0,0.0,0.0,0.0,0.0,0.0,0.0,0.0,0.0,0.0,-0.217,-0.87,0.666,0.994,-0.092,0.06,-0.004,-0.122,-0.351,-0.125,0.4,0.2,-0.0,0.0,0.0,0.6764044943820224,1.0,0.0,0.0,0.0,24.07791837233825,0.9396620595323034,0.13689128523036942,150.7338140930361,170.38755186176755,0.5,0.0026,0.0025,0.0126,0.0111
1263,1763002668.328701,-0.10774648044991084,-0.07987350248058098,0.40202128982819146,0.008170422517867123,-0.15917111156965413,0.49991459622128986,0.05932754679250764,0.09283106350139882,0.0,0.0,0.0,1.0,0.0,0.0,0.0,0.0,0.0,0.0,0.0,0.0,0.0,-0.22,-0.881,0.662,0.995,-0.087,0.05,-0.002,-0.093,-0.339,-0.134,0.3,-0.5,0.1,0.0,0.0,0.6662921348314607,1.0,0.0,0.0,0.0,24.077082446682006,0.9395587824789755,0.12642849463066047,148.92376469950278,170.44517590261376,0.5,0.0025,0.0092,0.0112,0.0183
1264,1763002668.369833,-0.056669605330749696,-0.029226733616810628,0.39735512592007227,0.006315533080225597,0.49999410314662035,0.49848033838964556,-0.006459510098372473,-0.017731852124628543,0.0,0.0,0.0,1.0,0.0,0.0,0.0,0.0,0.0,0.0,0.0,0.0,0.0,-0.222,-0.889,0.659,0.995,-0.091,0.043,-0.002,-0.082,-0.341,-0.123,-0.1,-0.4,-0.0,0.0,0.0,0.6561797752808989,1.0,0.0,0.0,0.0,24.076819545969695,0.9395324232934414,0.12175000273283561,148.92561681558047,170.51323510696562,0.5,0.0025,0.0023,0.0176,0.0175
1265,1763002668.4003768,-0.006102952963687576,0.010484693109038316,0.3889769874776233,-0.009561831042327924,0.4999995631375463,0.39419159389680847,-0.04404587183248282,-0.1581420879175126,0.0,0.0,0.0,1.0,0.0,0.0,0.0,0.0,0.0,0.0,0.0,0.0,0.0,-0.224,-0.904,0.654,0.995,-0.095,0.04,-0.003,-0.064,-0.344,-0.103,-0.6,-0.3,-0.0,0.0,0.0,0.646067415730337,1.0,0.0,0.0,0.0,24.077611995872875,0.9396504930102489,0.12000540421030836,151.09082212189153,170.70503608418827,0.5,0.0025,0.0023,0.0133,0.0112
1266,1763002668.4367437,0.04328670290686075,-0.027821832213644537,0.3938471509974789,-0.004217677501345628,0.4932862634091145,-0.38201678391592464,0.08759933394631854,0.05248535230559016,0.0,0.0,0.0,1.0,0.0,0.0,0.0,0.0,0.0,0.0,0.0,0.0,0.0,-0.226,-0.914,0.651,0.994,-0.107,0.038,-0.002,-0.061,-0.347,-0.112,-0.5,0.1,0.0,0.0,0.0,0.6359550561797752,1.0,0.0,0.0,0.0,24.078403493599335,0.9397737027907433,0.12282660512304945,152.10278414917275,170.75145481702182,0.5,0.0024,0.0038,0.0163,0.0127
1267,1763002668.4677055,0.010572760264527248,0.018692106197978092,0.3979391064931006,-0.005992710236383326,-0.322810756132649,0.46235720089486176,0.08030427005596402,-0.01817209510051155,0.0,0.0,0.0,1.0,0.0,0.0,0.0,0.0,0.0,0.0,0.0,0.0,0.0,-0.228,-0.926,0.647,0.993,-0.11,0.033,-0.001,-0.065,-0.356,-0.13,-0.3,-0.2,0.0,0.0,0.0,0.6258426966292134,1.0,0.0,0.0,0.0,24.07858277360305,0.9398189842262534,0.1271700344403176,152.8724522393111,170.82742427177166,0.5,0.0025,0.0023,0.0111,0.0138
1268,1763002668.4983554,0.024545038217745598,0.009347075361054181,0.40067522402692984,-0.0036786233593319767,0.14078005555863626,-0.09158109774944126,0.06715508598760252,0.02254159774687516,0.0,0.0,0.0,1.0,0.0,0.0,0.0,0.0,0.0,0.0,0.0,0.0,0.0,-0.23,-0.935,0.643,0.993,-0.113,0.033,-0.001,-0.074,-0.369,-0.165,-0.3,0.0,0.0,0.0,0.0,0.6157303370786517,1.0,0.0,0.0,0.0,24.07738611816774,0.9396718722395053,0.13090254569745643,153.13186694910252,170.85992734033928,0.5,0.0024,0.0024,0.0135,0.011
1269,1763002668.536366,-0.025643039154348783,-0.03923830321597689,0.4024005775475071,-0.0014984763879575158,-0.49942626989916916,-0.4849190782342053,0.05732105760846454,0.02143360737781141,0.0,0.0,0.0,1.0,0.0,0.0,0.0,0.0,0.0,0.0,0.0,0.0,0.0,-0.232,-0.944,0.638,0.993,-0.111,0.037,-0.001,-0.059,-0.303,-0.171,0.1,0.2,0.0,0.0,0.0,0.6056179775280899,1.0,0.0,0.0,0.0,24.07619242795467,0.9395063326103112,0.1265996657959741,152.55594313682377,170.78392850426707,0.5,0.0024,0.0025,0.0175,0.0145
1270,1763002668.575054,-0.07538289465971576,-0.08883091359066847,0.4051711237652545,0.004521220931107184,-0.49996285896910464,-0.4998499340685136,0.0679455199322249,0.060047125551851245,0.0,0.0,0.0,1.0,0.0,0.0,0.0,0.0,0.0,0.0,0.0,0.0,0.0,-0.234,-0.954,0.629,0.994,-0.101,0.046,-0.003,-0.055,-0.287,-0.231,0.7,0.6,-0.0,0.0,0.0,0.595505617977528,1.0,0.0,0.0,0.0,24.072636583939534,0.9389733716422373,0.11693197084378054,149.99876206982668,170.6122902193036,0.5,0.0025,0.0034,0.0161,0.0156
1271,1763002668.6120608,-0.07102440014923388,-0.041131581433972775,0.40242008484468444,-0.00758768478017823,0.03604665563884721,0.46811023020789,0.013006723170824679,-0.12063693501974342,0.0,0.0,0.0,1.0,0.0,0.0,0.0,0.0,0.0,0.0,0.0,0.0,0.0,-0.235,-0.965,0.621,0.994,-0.096,0.042,-0.004,-0.037,-0.27,-0.202,0.2,-0.1,-0.0,0.0,0.0,0.5853932584269663,1.0,0.0,0.0,0.0,24.070530068551445,0.9386526240567505,0.1171746770653768,149.42344619081896,170.56544750385567,0.5,0.0025,0.0037,0.016,0.0134
1272,1763002668.6510115,-0.020316612753757825,0.008703124087265465,0.3988053733996431,-0.008969918500293928,0.49997543393983723,0.494233897068985,0.004094894034054778,-0.014581105679174818,0.0,0.0,0.0,1.0,0.0,0.0,0.0,0.0,0.0,0.0,0.0,0.0,0.0,-0.236,-0.972,0.616,0.994,-0.099,0.038,-0.005,-0.03,-0.241,-0.155,-0.1,-0.3,-0.0,0.0,0.0,0.5752808988764044,1.0,0.0,0.0,0.0,24.07058243183206,0.9386700088345775,0.11630148879595942,149.93154362067622,170.59521753065732,0.5,0.005,0.0036,0.0136,0.0155
1273,1763002668.6876953,-0.0389853883153435,-0.04127741716134466,0.39776661537333236,-0.006380042867337489,-0.1887194168912324,-0.4989351000773747,0.02949295707685643,0.025001764479535,0.0,0.0,0.0,1.0,0.0,0.0,0.0,0.0,0.0,0.0,0.0,0.0,0.0,-0.237,-0.983,0.609,0.994,-0.096,0.044,-0.006,-0.008,-0.246,-0.157,-0.1,0.1,-0.0,0.0,0.0,0.5651685393258427,1.0,0.0,0.0,0.0,24.070606918676507,0.9386877624308632,0.11578580057720438,149.61944491786187,170.5675771150609,0.5,0.0025,0.0025,0.0168,0.0136
1274,1763002668.7249827,0.011403923284614932,0.00890455444504229,0.38746124598907566,-0.055329693154352946,0.49999457716805,0.4976919743477349,-0.06327703230523359,-0.4901345071568883,0.0,0.0,0.0,1.0,0.0,0.0,0.0,0.0,0.0,0.0,0.0,0.0,0.0,-0.236,-0.991,0.605,0.994,-0.104,0.033,-0.005,0.015,-0.228,-0.099,-0.5,-0.7,-0.0,0.0,0.0,0.5550561797752809,1.0,0.0,0.0,0.0,24.07315260834997,0.9391402638195202,0.11520841303286938,152.22043279376416,170.64348933854595,0.5,0.0036,0.0024,0.015,0.0152
1275,1763002668.7654078,0.03853386865470983,-0.027737360696891845,0.3892082861161859,-0.015486825941834065,0.27243984602941046,-0.3655286959748371,0.05621652587001001,0.3928957028097535,0.0,0.0,0.0,1.0,0.0,0.0,0.0,0.0,0.0,0.0,0.0,0.0,0.0,-0.235,-0.999,0.6,0.993,-0.11,0.035,-0.004,0.026,-0.211,-0.122,-0.4,0.0,0.1,0.0,0.0,0.544943820224719,1.0,0.0,0.0,0.0,24.07497978339664,0.9394769776781271,0.11699971743371651,152.89677216751988,170.6657295998972,0.5,0.0025,0.0034,0.0174,0.0159
1276,1763002668.7948823,0.035569781208276675,-0.07690593923849764,0.391821069557195,0.009247750460704543,-0.025787487598860515,-0.49445952148574723,0.06504866302171033,0.2457970814312027,0.0,0.0,0.0,1.0,0.0,0.0,0.0,0.0,0.0,0.0,0.0,0.0,0.0,-0.233,-1.006,0.593,0.993,-0.113,0.042,-0.0,0.052,-0.198,-0.172,-0.3,0.3,0.2,0.0,0.0,0.5348314606741573,1.0,0.0,0.0,0.0,24.07497044680385,0.939493685110494,0.11912565568817603,152.62666766610278,170.67102904617732,0.5,0.0025,0.0033,0.0134,0.0089
1277,1763002668.8215415,-0.014773954605937827,-0.11304275767002783,0.3956993523150553,0.008003809587480301,-0.49988038002131746,-0.3690587782391516,0.0779649345343224,-0.011514633686171949,0.0,0.0,0.0,1.0,0.0,0.0,0.0,0.0,0.0,0.0,0.0,0.0,0.0,-0.232,-1.011,0.588,0.993,-0.111,0.042,0.0,0.058,-0.181,-0.217,0.2,0.2,0.0,0.0,0.0,0.5247191011235954,1.0,0.0,0.0,0.0,24.073444415219544,0.9392267399242918,0.11754693583162255,151.66803819230756,170.59319693957607,0.5,0.0017,0.002,0.0115,0.0101
1278,1763002668.8439522,-0.0421233441518282,-0.0964545294416371,0.3975895843330925,-0.0013932534102128503,-0.27497129091949746,0.1545780065169048,0.05847225541187696,-0.09317024901818349,0.0,0.0,0.0,1.0,0.0,0.0,0.0,0.0,0.0,0.0,0.0,0.0,0.0,-0.23,-1.016,0.581,0.993,-0.111,0.038,-0.0,0.06,-0.179,-0.265,0.3,0.1,-0.1,0.0,0.0,0.5146067415730337,1.0,0.0,0.0,0.0,24.070265701650154,0.9386364862860759,0.11795401774258195,150.59890547501166,170.45369818921603,0.5,0.0016,0.0017,0.0098,0.0082
1279,1763002668.8724294,-0.08292796309445111,-0.0597334313981497,0.39855596078469974,-0.006262654751871946,-0.41225852384141176,0.35756552749071024,0.049422722949380896,-0.04883333875761225,0.0,0.0,0.0,1.0,0.0,0.0,0.0,0.0,0.0,0.0,0.0,0.0,0.0,-0.227,-1.022,0.569,0.994,-0.101,0.035,-0.002,0.069,-0.136,-0.26,0.5,-0.1,-0.1,0.0,0.0,0.5044943820224719,1.0,0.0,0.0,0.0,24.06773651110679,0.9381457662817363,0.11840526950713316,149.6154632559655,170.41053363262236,0.5,0.0016,0.0018,0.0105,0.0051
1280,1763002668.9012454,-0.03209998839296847,-0.009752032078433975,0.39749932075563593,-0.00398090855846488,0.4999869507053813,0.49384065005734235,0.029289195787832234,0.022191196458883462,0.0,0.0,0.0,1.0,0.0,0.0,0.0,0.0,0.0,0.0,0.0,0.0,0.0,-0.224,-1.027,0.56,0.995,-0.099,0.028,-0.001,0.085,-0.133,-0.269,0.1,-0.3,0.0,0.0,0.0,0.4943820224719101,1.0,0.0,0.0,0.0,24.06513360824713,0.9376305812254581,0.1191428957279202,149.80787206687845,170.43333790964965,0.5,0.0017,0.0017,0.0062,0.0049
1281,1763002668.9474576,0.018220958622186784,0.04011737527304648,0.37813317807312946,-0.043260900397362884,0.49999947131225575,0.49771887030696105,-0.15391149474950194,-0.39319800924482656,0.0,0.0,0.0,1.0,0.0,0.0,0.0,0.0,0.0,0.0,0.0,0.0,0.0,-0.222,-1.031,0.551,0.994,-0.11,0.024,0.001,0.069,-0.116,-0.271,-0.5,-0.5,0.1,0.0,0.0,0.4842696629213482,1.0,0.0,0.0,0.0,24.062817501879106,0.9371648088473743,0.118291318556943,152.01057159031575,170.55616889438156,0.5,0.0016,0.0024,0.0122,0.0111
1282,1763002668.9820678,0.013668651025777474,0.005248693392070326,0.3879459099053446,-0.01599358878117902,-0.0437009801018744,-0.34467508128245683,0.13594063612946505,0.2683470261221023,0.0,0.0,0.0,1.0,0.0,0.0,0.0,0.0,0.0,0.0,0.0,0.0,0.0,-0.22,-1.033,0.542,0.994,-0.111,0.022,0.001,0.055,-0.083,-0.268,-0.0,-0.0,-0.0,0.0,0.0,0.47415730337078643,1.0,0.0,0.0,0.0,24.06165216740917,0.9369195998728368,0.11740680856334304,151.71265942460298,170.5342387605137,0.5,0.0036,0.0025,0.0113,0.0113
1283,1763002669.0139694,-0.013054261271208574,-0.027483162319696754,0.3925402413805408,-0.00766654188373965,-0.26586225786728274,-0.3267936877784638,0.0847379057424956,0.08167111009627576,0.0,0.0,0.0,1.0,0.0,0.0,0.0,0.0,0.0,0.0,0.0,0.0,0.0,-0.219,-1.035,0.534,0.994,-0.11,0.025,0.0,0.045,-0.056,-0.279,0.2,0.1,0.0,0.0,0.0,0.46404494382022465,1.0,0.0,0.0,0.0,24.060486450508137,0.9366561103496885,0.11413500391879854,151.12646902437132,170.47899116040938,0.5,0.0025,0.0024,0.0112,0.011
1284,1763002669.062842,-0.05290070395621673,-0.05084940715829566,0.39417291141623667,-0.0041546761650908355,-0.3997698529772024,-0.23641076461795876,0.055580724495013015,0.034352002998114174,0.0,0.0,0.0,1.0,0.0,0.0,0.0,0.0,0.0,0.0,0.0,0.0,0.0,-0.217,-1.036,0.524,0.994,-0.103,0.029,-0.001,0.053,-0.038,-0.277,0.4,0.1,-0.0,0.0,0.0,0.4539325842696629,1.0,0.0,0.0,0.0,24.05966926022801,0.9364684563868582,0.11165415639949763,150.23492028615382,170.4412079799465,0.5,0.0025,0.011,0.0139,0.0132
1285,1763002669.083897,-0.02987891362605924,-0.07538059735098636,0.39250104560610344,-0.0018525030861645708,0.2249278329059533,-0.2503968426427366,0.02269863304029065,0.022606263172753573,0.0,0.0,0.0,1.0,0.0,0.0,0.0,0.0,0.0,0.0,0.0,0.0,0.0,-0.215,-1.036,0.517,0.995,-0.098,0.031,-0.0,0.05,-0.011,-0.246,0.2,0.2,-0.0,0.0,0.0,0.4438202247191011,1.0,0.0,0.0,0.0,24.060307946944476,0.9366485108673888,0.11250722700327132,149.04034709026067,170.41941380010735,0.5,0.0024,0.0025,0.0103,0.0046
1286,1763002669.1024246,-0.0016173822897492737,-0.11435183553699561,0.39117600646113476,-0.0018750061605473168,0.2796274220004937,-0.39725044159519124,0.02599971311092357,-0.0004102810524439157,0.0,0.0,0.0,1.0,0.0,0.0,0.0,0.0,0.0,0.0,0.0,0.0,0.0,-0.213,-1.036,0.508,0.994,-0.102,0.031,-0.001,0.06,0.015,-0.241,0.1,0.4,0.0,0.0,0.0,0.4337078651685393,1.0,0.0,0.0,0.0,24.06125735567833,0.9369175701749853,0.11582373784516957,147.2300200266203,170.3682586134621,0.5,0.001,0.0012,0.0077,0.0058
1287,1763002669.147959,0.048374845427026046,-0.06323798214223722,0.3884359296859509,-0.012044071926867917,0.4997605389387782,0.49970335039388436,0.011716832894274188,-0.10187815827926074,0.0,0.0,0.0,1.0,0.0,0.0,0.0,0.0,0.0,0.0,0.0,0.0,0.0,-0.211,-1.035,0.502,0.994,-0.105,0.024,0.002,0.067,0.036,-0.232,-0.2,-0.4,0.1,0.0,0.0,0.42359550561797743,1.0,0.0,0.0,0.0,24.062725973736786,0.9373540347639232,0.11292869795523268,148.10272715220106,170.45472590021382,0.5,0.0016,0.0017,0.0106,0.0138
1288,1763002669.1951623,0.09788423403851745,-0.012741921718576195,0.3791524236266362,0.0016925897308864672,0.49993137065761667,0.4986368060223865,-0.05399146762455316,0.13616220938485707,0.0,0.0,0.0,1.0,0.0,0.0,0.0,0.0,0.0,0.0,0.0,0.0,0.0,-0.209,-1.032,0.494,0.994,-0.113,0.015,0.003,0.06,0.072,-0.242,-0.5,-0.5,0.0,0.0,0.0,0.41348314606741565,1.0,0.0,0.0,0.0,24.06401261009297,0.9377481777929453,0.11534676325025212,149.50372522264115,170.57106086625438,0.5,0.0025,0.0043,0.0166,0.0183
1289,1763002669.2305756,0.14679367578946279,0.03738019039691096,0.38197964030774634,0.009217758274097317,0.49888284091330515,0.4999469289830139,0.06618740917376531,0.07542094440519714,0.0,0.0,0.0,1.0,0.0,0.0,0.0,0.0,0.0,0.0,0.0,0.0,0.0,-0.209,-1.032,0.494,0.994,-0.113,0.015,0.003,0.06,0.072,-0.242,-0.5,-0.5,0.0,0.0,0.0,0.4033707865168539,1.0,0.0,0.0,0.0,24.06578154802925,0.938303607358764,0.12771115750794063,150.76470190591462,170.56594063414929,0.5,0.0025,0.0025,0.0186,0.011
