step,timestamp,u0,u1,u2,u3,u0_rate,u1_rate,u2_rate,u3_rate,orb_pose_x,orb_pose_y,orb_pose_z,orb_pose_qw,orb_pose_qx,orb_pose_qy,orb_pose_qz,orb_pose_vx,orb_pose_vy,orb_pose_vz,orb_pose_avx,orb_pose_avy,orb_pose_avz,mot_pose_x,mot_pose_y,mot_pose_z,mot_pose_qw,mot_pose_qx,mot_pose_qy,mot_pose_qz,mot_pose_vx,mot_pose_vy,mot_pose_vz,mot_pose_avx,mot_pose_avy,mot_pose_avz,est_pose_x,est_pose_y,est_pose_z,est_pose_qw,est_pose_qx,est_pose_qy,est_pose_qz,est_pose_vx,est_pose_vy,est_pose_vz,est_pose_avx,est_pose_avy,est_pose_avz,traj_x_ref,traj_y_ref,traj_z_ref,traj_qw_ref,traj_qx_ref,traj_qy_ref,traj_qz_ref,est_param_thrust_ratio,est_param_drag_coeff_z,est_param_tau_rate,est_param_centre_rate_deg,est_param_max_rate_deg,est_param_rate_expo,est_param_angle_max_deg,est_param_tau_angle,MPC_setup_time,MPC_solve_time,Visualisation_time,UKF_update_time
0,1762837387.8936586,7.285768254455828e-11,7.285768254455828e-11,0.09999998353225227,-2.6508450614761333e-11,3.642884127227914e-10,3.642884127227914e-10,0.49999991766126134,-1.3254225307380665e-10,0.0,0.0,0.0,1.0,0.0,0.0,0.0,0.0,0.0,0.0,0.0,0.0,0.0,-0.0,0.0,0.1,1.0,-0.0,-0.0,-0.0,0.0,0.0,0.0,0.0,0.0,0.0,-0.0,0.0,0.1,1.0,-0.0,-0.0,-0.0,0.0,0.0,0.0,0.0,0.0,0.0,0.0,0.0,0.0,1.0,0.0,0.0,0.0,25.0,0.2,0.12,100.0,100.0,0.5,55.0,0.12,0.0055,0.0085,0.0091,0.0011
0,1762837387.9585009,-3.1502182005591726e-09,2.9229878094785437e-09,0.19999998316294681,-3.370493320990671e-10,-1.6115379415518654e-08,1.4250650634669926e-08,0.4999999981534728,-1.552704407421529e-09,0.0,0.0,0.0,1.0,0.0,0.0,0.0,0.0,0.0,0.0,0.0,0.0,0.0,-0.0,0.0,0.1,1.0,-0.0,-0.0,-0.0,0.0,0.0,0.0,0.0,0.0,0.0,1.1659055427019245e-14,-1.1659055427014252e-14,0.08444273775329586,1.0,4.913459881949505e-12,4.913459881951256e-12,4.0106384981755135e-13,7.050952567769376e-13,-7.05095256776517e-13,-0.4564441351268353,2.801319858118905e-10,2.8013198581208627e-10,2.330283804278234e-11,0.0,0.0,0.0,1.0,0.0,0.0,0.0,25.0,0.2,0.12,100.0,100.0,0.5,55.0,0.12,0.0089,0.0069,0.0041,0.0004
0,1762837388.0217853,-3.695349383546522e-09,3.064942449152867e-09,0.29999998188198884,-8.058418290914375e-10,-2.7256559149367488e-09,7.097731983716146e-10,0.49999999359520997,-2.3439624849618517e-09,0.0,0.0,0.0,1.0,0.0,0.0,0.0,0.0,0.0,0.0,0.0,0.0,0.0,-0.0,0.0,0.1,1.0,-0.0,-0.0,-0.0,0.0,0.0,0.0,0.0,0.0,0.0,8.686810905298568e-13,9.362115616800625e-13,0.08997368433396925,1.0,-2.1296435447939206e-10,1.966074716199061e-10,5.058454034511602e-12,5.089058129332827e-11,5.508901317561647e-11,-0.2908836539200229,-1.2156309348535667e-08,1.1194683991067067e-08,2.9268988937450874e-10,0.0,0.0,0.0,1.0,0.0,0.0,0.0,25.0,0.2,0.12,100.0,100.0,0.5,55.0,0.12,0.004,0.0056,0.0088,0.0008
0,1762837388.083662,-3.3789466489925014e-09,3.5308657743609737e-09,0.3992737714825112,-6.833440283393472e-10,1.5820136727701042e-09,2.329616626040536e-09,0.49636894800261183,6.124890037604515e-10,0.0,0.0,0.0,1.0,0.0,0.0,0.0,0.0,0.0,0.0,0.0,0.0,0.0,-0.0,0.0,0.1,1.0,-0.0,-0.0,-0.0,0.0,0.0,0.0,0.0,0.0,0.0,1.331269386714037e-12,1.6050890315911107e-12,0.09550463075956904,1.0,-2.2688615949978572e-10,1.8598239641196508e-10,1.1670961305720501e-11,7.062488454239056e-11,8.600617420213642e-11,-0.125323178926643,-1.230709424083121e-08,1.0020368607366425e-08,6.626101298481882e-10,0.0,0.0,0.0,1.0,0.0,0.0,0.0,25.0,0.2,0.12,100.0,100.0,0.5,55.0,0.12,0.0035,0.0046,0.0059,0.0005
0,1762837388.1452737,-3.3651607281694792e-09,3.806320145815915e-09,0.3894857900179352,-5.974950177565649e-10,6.892960411510895e-11,1.377271857274708e-09,-0.04893990732287992,4.2924505291391237e-10,0.0,0.0,0.0,1.0,0.0,0.0,0.0,0.0,0.0,0.0,0.0,0.0,0.0,-0.0,0.0,0.1,1.0,-0.0,-0.0,-0.0,0.0,0.0,0.0,0.0,0.0,0.0,2.0138506270168633e-12,1.927202636026805e-12,0.10099094312317707,1.0,-2.0168497975743544e-10,2.1639785975192138e-10,9.092755801969918e-12,1.0716672277568147e-10,1.0029541313828068e-10,0.03883414984636162,-1.0761551611841754e-08,1.1726133760182404e-08,4.912475793022725e-10,0.0,0.0,0.0,1.0,0.0,0.0,0.0,25.0,0.2,0.12,100.0,100.0,0.5,55.0,0.12,0.0038,0.003,0.0025,0.0002
0,1762837388.220887,-3.334471521949444e-09,3.7856258417688306e-09,0.39436984269392755,-5.366951472834308e-10,1.5344603110017753e-10,-1.0347152023542595e-10,0.02442026337996137,3.0399935236567026e-10,0.0,0.0,0.0,1.0,0.0,0.0,0.0,0.0,0.0,0.0,0.0,0.0,0.0,-0.0,0.0,0.1,1.0,-0.0,-0.0,-0.0,0.0,0.0,0.0,0.0,0.0,0.0,2.0249551045052977e-12,1.7902591303425818e-12,0.09977859836505973,1.0,-2.0299755999927431e-10,2.316723499911663e-10,7.98329775288561e-12,1.0516776884273294e-10,9.229705779953445e-11,-0.0075316200499466225,-1.0899502236472794e-08,1.2504038338787255e-08,4.324195315548352e-10,0.0,0.0,0.0,1.0,0.0,0.0,0.0,25.0,0.2,0.12,100.0,100.0,0.5,55.0,0.12,0.0066,0.006,0.0051,0.0007
0,1762837388.2951949,-3.343550367117128e-09,3.8025037128549815e-09,0.39314057775037264,-4.93629151867847e-10,-4.539422583841878e-11,8.43893554307519e-11,-0.006146324717774446,2.1532997707791902e-10,0.0,0.0,0.0,1.0,0.0,0.0,0.0,0.0,0.0,0.0,0.0,0.0,0.0,-0.0,0.0,0.1,1.0,-0.0,-0.0,-0.0,0.0,0.0,0.0,0.0,0.0,0.0,2.052003857528385e-12,1.8074550185132785e-12,0.10013899892397339,1.0,-2.010256045590459e-10,2.2832464673798692e-10,7.1961576598793785e-12,1.0605557679412048e-10,9.338249480071181e-11,0.004611952670637922,-1.0789824806239258e-08,1.225822728338965e-08,3.906333153707294e-10,0.0,0.0,0.0,1.0,0.0,0.0,0.0,25.0,0.2,0.12,100.0,100.0,0.5,55.0,0.12,0.0058,0.0072,0.0113,0.0011
0,1762837388.3577027,-3.3405716495787606e-09,3.799749751277618e-09,0.39352325057114457,-4.6312410827676757e-10,1.4893587691837498e-11,-1.3769807886816812e-11,0.0019133641038598832,1.525252179553972e-10,0.0,0.0,0.0,1.0,0.0,0.0,0.0,0.0,0.0,0.0,0.0,0.0,0.0,-0.0,0.0,0.1,1.0,-0.0,-0.0,-0.0,0.0,0.0,0.0,0.0,0.0,0.0,2.0494268940521072e-12,1.8020658391146946e-12,0.10003339819748948,1.0,-2.01855363171925e-10,2.2960953287006267e-10,6.638593639185003e-12,1.0590936315127412e-10,9.311083026949705e-11,0.0008861541268023142,-1.08432538907786e-08,1.2335610845971878e-08,3.610339177264785e-10,0.0,0.0,0.0,1.0,0.0,0.0,0.0,25.0,0.2,0.12,100.0,100.0,0.5,55.0,0.12,0.006,0.0062,0.0074,0.0007
0,1762837388.4174955,-3.3414707731461727e-09,3.800936026583461e-09,0.3934129373095365,-4.4151650410867715e-10,-4.4956178370625585e-12,5.931376529214819e-12,-0.0005515663080404038,1.0803802084045184e-10,0.0,0.0,0.0,1.0,0.0,0.0,0.0,0.0,0.0,0.0,0.0,0.0,0.0,-0.0,0.0,0.1,1.0,-0.0,-0.0,-0.0,0.0,0.0,0.0,0.0,0.0,0.0,2.051337261467141e-12,1.8034448445267375e-12,0.1000644806921537,1.0,-2.0159014081381886e-10,2.2930419752632948e-10,6.243652113788248e-12,1.0598552571325916e-10,9.317627371078923e-11,0.0019654861525801558,-1.0826321665390416e-08,1.2314835896248544e-08,3.400676310732633e-10,0.0,0.0,0.0,1.0,0.0,0.0,0.0,25.0,0.2,0.12,100.0,100.0,0.5,55.0,0.12,0.0043,0.0027,0.0065,0.0012
0,1762837388.4846528,-3.341206547166871e-09,3.800652858176388e-09,0.3934455944117061,-4.262111805979153e-10,1.3211298965093863e-12,-1.415842035364605e-12,0.0001632855108478961,7.652661755380936e-11,0.0,0.0,0.0,1.0,0.0,0.0,0.0,0.0,0.0,0.0,0.0,0.0,0.0,-0.0,0.0,0.1,1.0,-0.0,-0.0,-0.0,0.0,0.0,0.0,0.0,0.0,0.0,2.050974197677173e-12,1.80304806240706e-12,0.10005534634445074,1.0,-2.016718865906271e-10,2.2940371576489832e-10,5.963903853400555e-12,1.0596812378993932e-10,9.315808315738399e-11,0.0016465170076684474,-1.0831576449035758e-08,1.2321059110022013e-08,3.25216625121328e-10,0.0,0.0,0.0,1.0,0.0,0.0,0.0,25.0,0.2,0.12,100.0,100.0,0.5,55.0,0.12,0.0055,0.0037,0.0058,0.0003
0,1762837388.5434413,-3.3412850271237285e-09,3.80074690043118e-09,0.39343601661335376,-4.153699640874003e-10,-3.923997842888486e-13,4.70211273960718e-13,-4.7888991761946276e-05,5.4206082552575196e-11,0.0,0.0,0.0,1.0,0.0,0.0,0.0,0.0,0.0,0.0,0.0,0.0,0.0,-0.0,0.0,0.1,1.0,-0.0,-0.0,-0.0,0.0,0.0,0.0,0.0,0.0,0.0,2.0511158676906737e-12,1.8031643567315444e-12,0.10005803218263358,1.0,-2.0164769548441567e-10,2.2937621220331567e-10,5.765749576568605e-12,1.0597417050359507e-10,9.316331923385062e-11,0.001740122333586135,-1.083001787925464e-08,1.2319254405381393e-08,3.146971994105674e-10,0.0,0.0,0.0,1.0,0.0,0.0,0.0,25.0,0.2,0.12,100.0,100.0,0.5,55.0,0.12,0.0021,0.0014,0.0037,0.0006
0,1762837388.6199188,-3.341262041540644e-09,3.8007210519844534e-09,0.3934388348291633,-4.0769080468273026e-10,1.1492791542519115e-13,-1.2924223363415812e-13,1.4091079048145563e-05,3.839579702334998e-11,0.0,0.0,0.0,1.0,0.0,0.0,0.0,0.0,0.0,0.0,0.0,0.0,0.0,-0.0,0.0,0.1,1.0,-0.0,-0.0,-0.0,0.0,0.0,0.0,0.0,0.0,0.0,2.0510799912641546e-12,1.8031305540268678e-12,0.10005724259949902,1.0,-2.0165486062906769e-10,2.2938456109775737e-10,5.625391021772881e-12,1.0597253965585477e-10,9.316179853813992e-11,0.0017125853361474122,-1.0830479094945566e-08,1.2319786889065455e-08,3.0724597874770514e-10,0.0,0.0,0.0,1.0,0.0,0.0,0.0,25.0,0.2,0.12,100.0,100.0,0.5,55.0,0.12,0.0048,0.004,0.0073,0.0007
0,1762837388.6857257,-3.341268820960995e-09,3.8007289444842696e-09,0.3934380065341587,-4.022514260020938e-10,-3.38971017560556e-14,3.9462499077245034e-14,-4.141475023049582e-06,2.719689340318205e-11,0.0,0.0,0.0,1.0,0.0,0.0,0.0,0.0,0.0,0.0,0.0,0.0,0.0,-0.0,0.0,0.1,1.0,-0.0,-0.0,-0.0,0.0,0.0,0.0,0.0,0.0,0.0,2.0510915046793986e-12,1.8031405342886286e-12,0.10005747473705168,1.0,-2.0165275432720644e-10,2.2938215143954795e-10,5.525970833789796e-12,1.059730443828094e-10,9.316224555730856e-11,0.001720679272253347,-1.0830343352733603e-08,1.2319630747164707e-08,3.0196805471662753e-10,0.0,0.0,0.0,1.0,0.0,0.0,0.0,25.0,0.2,0.12,100.0,100.0,0.5,55.0,0.12,0.0077,0.0053,0.0022,0.0003
0,1762837388.7472718,-3.341266831067127e-09,3.800726672216988e-09,0.3934382500740663,-3.983985508935256e-10,9.949469341166222e-15,-1.1361336408861155e-14,1.217699537953143e-06,1.9264375542841328e-11,0.0,0.0,0.0,1.0,0.0,0.0,0.0,0.0,0.0,0.0,0.0,0.0,0.0,-0.0,0.0,0.1,1.0,-0.0,-0.0,-0.0,0.0,0.0,0.0,0.0,0.0,0.0,2.0510882774694166e-12,1.8031376114146984e-12,0.10005740649020316,1.0,-2.0165337442033314e-10,2.2938286688643262e-10,5.455548537376626e-12,1.05972900038894e-10,9.316211450780099e-11,0.0017182995102781422,-1.0830383291396905e-08,1.2319676693335785e-08,2.9822954312166717e-10,0.0,0.0,0.0,1.0,0.0,0.0,0.0,25.0,0.2,0.12,100.0,100.0,0.5,55.0,0.12,0.0026,0.0029,0.0047,0.0006
0,1762837388.8123498,-3.3412674165047653e-09,3.800727347978428e-09,0.3934381784771725,-3.956694442358491e-10,-2.927188191024039e-15,3.3788072003475728e-15,-3.579844693284151e-07,1.3645533288382535e-11,0.0,0.0,0.0,1.0,0.0,0.0,0.0,0.0,0.0,0.0,0.0,0.0,0.0,-0.0,0.0,0.1,1.0,-0.0,-0.0,-0.0,0.0,0.0,0.0,0.0,0.0,0.0,2.0510892521473983e-12,1.8031384724135751e-12,0.10005742655447583,1.0,-2.016531921790158e-10,2.2938265771390378e-10,5.405666311576871e-12,1.0597294314778408e-10,9.316215306933746e-11,0.001718999129189655,-1.0830371548875523e-08,1.231966319334273e-08,2.955814431560003e-10,0.0,0.0,0.0,1.0,0.0,0.0,0.0,25.0,0.2,0.12,100.0,100.0,0.5,55.0,0.12,0.0023,0.0024,0.0046,0.0005
0,1762837388.8781433,-3.3412672445867224e-09,3.800727151023306e-09,0.3934381995265675,-3.9373633611616866e-10,8.59590215660429e-16,-9.847756112773766e-16,1.052469750413565e-07,9.665540598401934e-12,0.0,0.0,0.0,1.0,0.0,0.0,0.0,0.0,0.0,0.0,0.0,0.0,0.0,-0.0,0.0,0.1,1.0,-0.0,-0.0,-0.0,0.0,0.0,0.0,0.0,0.0,0.0,2.051088969760728e-12,1.8031382195050664e-12,0.10005742065568533,1.0,-2.0165324576245683e-10,2.293827193898432e-10,5.3703332401554384e-12,1.0597293057979102e-10,9.316214173591958e-11,0.0017187934427909766,-1.0830375000783393e-08,1.2319667162957964e-08,2.9370571483184835e-10,0.0,0.0,0.0,1.0,0.0,0.0,0.0,25.0,0.2,0.12,100.0,100.0,0.5,55.0,0.12,0.0029,0.0025,0.0037,0.0003
0,1762837388.939127,-3.3412672953131644e-09,3.800727208671564e-09,0.39343819333817887,-3.923670576627975e-10,-2.5363220970641727e-16,2.882412844082359e-16,-3.0941943181261866e-08,6.846392266855825e-12,0.0,0.0,0.0,1.0,0.0,0.0,0.0,0.0,0.0,0.0,0.0,0.0,0.0,-0.0,0.0,0.1,1.0,-0.0,-0.0,-0.0,0.0,0.0,0.0,0.0,0.0,0.0,2.05108905370611e-12,1.8031382939649875e-12,0.10005742238990048,1.0,-2.0165323001955374e-10,2.2938270131835702e-10,5.345305765093677e-12,1.0597293430625362e-10,9.316214507273366e-11,0.0017188539133532218,-1.0830373986446775e-08,1.231966599784371e-08,2.9237708013727103e-10,0.0,0.0,0.0,1.0,0.0,0.0,0.0,25.0,0.2,0.12,100.0,100.0,0.5,55.0,0.12,0.0007,0.001,0.0018,0.0002
0,1762837389.005343,-3.3412672801957468e-09,3.800727191912319e-09,0.39343819515753703,-3.913971567098485e-10,7.558708939571583e-17,-8.379622500931663e-17,9.096790525714438e-09,4.8495047647451615e-12,0.0,0.0,0.0,1.0,0.0,0.0,0.0,0.0,0.0,0.0,0.0,0.0,0.0,-0.0,0.0,0.1,1.0,-0.0,-0.0,-0.0,0.0,0.0,0.0,0.0,0.0,0.0,2.0510890288886416e-12,1.8031382721730316e-12,0.10005742188005,1.0,-2.016532346588529e-10,2.2938270660189457e-10,5.327578054002854e-12,1.0597293319824277e-10,9.316214409679354e-11,0.001718836135291188,-1.0830374285242263e-08,1.2319666338363803e-08,2.9143596834267407e-10,0.0,0.0,0.0,1.0,0.0,0.0,0.0,25.0,0.2,0.12,100.0,100.0,0.5,55.0,0.12,0.0008,0.0009,0.0016,0.0001
0,1762837389.072694,-3.341267284306631e-09,3.80072719690867e-09,0.393438194622655,-3.9071014662533987e-10,-2.055441830824746e-17,2.498175612596912e-17,-2.6744101568748624e-09,3.435050422543078e-12,0.0,0.0,0.0,1.0,0.0,0.0,0.0,0.0,0.0,0.0,0.0,0.0,0.0,-0.0,0.0,0.1,1.0,-0.0,-0.0,-0.0,0.0,0.0,0.0,0.0,0.0,0.0,2.0510890362868913e-12,1.8031382784695862e-12,0.10005742202994351,1.0,-2.0165323327985634e-10,2.2938270506312346e-10,5.3150209851892575e-12,1.059729335304638e-10,9.316214437697667e-11,0.0017188413619502606,-1.0830374196502292e-08,1.2319666239133887e-08,2.9076935066975503e-10,0.0,0.0,0.0,1.0,0.0,0.0,0.0,25.0,0.2,0.12,100.0,100.0,0.5,55.0,0.12,0.0008,0.001,0.0018,0.0002
0,1762837389.1440113,-3.341267283190378e-09,3.800727195313674e-09,0.39343819477990716,-3.902235169471322e-10,5.58126056249742e-18,-7.974980634521748e-18,7.862610874875831e-10,2.433148391038435e-12,0.0,0.0,0.0,1.0,0.0,0.0,0.0,0.0,0.0,0.0,0.0,0.0,0.0,-0.0,0.0,0.1,1.0,-0.0,-0.0,-0.0,0.0,0.0,0.0,0.0,0.0,0.0,2.0510890341492086e-12,1.8031382764384046e-12,0.10005742198587556,1.0,-2.0165323366422437e-10,2.293827055188438e-10,5.306126434397068e-12,1.0597293343439974e-10,9.316214428495338e-11,0.0017188398253381561,-1.0830374221431942e-08,1.2319666268459125e-08,2.902971652408978e-10,0.0,0.0,0.0,1.0,0.0,0.0,0.0,25.0,0.2,0.12,100.0,100.0,0.5,55.0,0.12,0.0032,0.0011,0.0019,0.0002
0,1762837389.2175694,-3.3412672838402036e-09,3.8007271957804734e-09,0.393438194733676,-3.8987882254830257e-10,-3.249129877341953e-18,2.3339959774367744e-18,-2.3115572303500365e-10,1.7234719941483524e-12,0.0,0.0,0.0,1.0,0.0,0.0,0.0,0.0,0.0,0.0,0.0,0.0,0.0,-0.0,0.0,0.1,1.0,-0.0,-0.0,-0.0,0.0,0.0,0.0,0.0,0.0,0.0,2.0510890347096364e-12,1.803138277085373e-12,0.10005742199883128,1.0,-2.016532335598114e-10,2.29382705375871e-10,5.299826160101751e-12,1.0597293345859977e-10,9.316214431573038e-11,0.0017188402770934776,-1.0830374214658966e-08,1.2319666259311135e-08,2.899627023092283e-10,0.0,0.0,0.0,1.0,0.0,0.0,0.0,25.0,0.2,0.12,100.0,100.0,0.5,55.0,0.12,0.0042,0.0036,0.0064,0.0006
0,1762837389.2865915,-3.341267283532653e-09,3.8007271956969604e-09,0.393438194747268,-3.896346651059733e-10,1.5377544013350676e-18,-4.1756656348105624e-19,6.795961016159424e-11,1.220787211646327e-12,0.0,0.0,0.0,1.0,0.0,0.0,0.0,0.0,0.0,0.0,0.0,0.0,0.0,-0.0,0.0,0.1,1.0,-0.0,-0.0,-0.0,0.0,0.0,0.0,0.0,0.0,0.0,2.051089034543737e-12,1.8031382770687427e-12,0.10005742199502238,1.0,-2.0165323361154532e-10,2.2938270541865543e-10,5.295363486556812e-12,1.0597293345176096e-10,9.316214431626889e-11,0.0017188401442802107,-1.0830374217831134e-08,1.2319666262068596e-08,2.8972579215807224e-10,0.0,0.0,0.0,1.0,0.0,0.0,0.0,25.0,0.2,0.12,100.0,100.0,0.5,55.0,0.12,0.0024,0.0045,0.0103,0.0007
0,1762837389.3641272,-3.3412672833469997e-09,3.800727195780475e-09,0.39343819474327185,-3.894617210501844e-10,9.28268700851908e-19,4.175690450228939e-19,-1.998076704090579e-11,8.647202789441936e-13,0.0,0.0,0.0,1.0,0.0,0.0,0.0,0.0,0.0,0.0,0.0,0.0,0.0,-0.0,0.0,0.1,1.0,-0.0,-0.0,-0.0,0.0,0.0,0.0,0.0,0.0,0.0,2.05108903462151e-12,1.8031382770107544e-12,0.10005742199614219,1.0,-2.016532335861988e-10,2.2938270540971558e-10,5.29220244011325e-12,1.0597293345542054e-10,9.316214431167958e-11,0.0017188401833270178,-1.083037421625641e-08,1.2319666261465796e-08,2.895579815388547e-10,0.0,0.0,0.0,1.0,0.0,0.0,0.0,25.0,0.2,0.12,100.0,100.0,0.5,55.0,0.12,0.0058,0.0075,0.0142,0.0012
0,1762837389.4188728,-3.3412672837577383e-09,3.800727195528053e-09,0.3934381947444467,-3.8933921953924226e-10,-2.053690937622155e-18,-1.262111351452797e-18,5.873995734262394e-12,6.125075547108e-13,0.0,0.0,0.0,1.0,0.0,0.0,0.0,0.0,0.0,0.0,0.0,0.0,0.0,-0.0,0.0,0.1,1.0,-0.0,-0.0,-0.0,0.0,0.0,0.0,0.0,0.0,0.0,2.051089034630466e-12,1.8031382768788137e-12,0.10005742199581295,1.0,-2.0165323357585783e-10,2.2938270541593975e-10,5.28996337595495e-12,1.0597293345600291e-10,9.316214430490044e-11,0.001718840171847097,-1.083037421572818e-08,1.2319666261837323e-08,2.8943911623804176e-10,0.0,0.0,0.0,1.0,0.0,0.0,0.0,25.0,0.2,0.12,100.0,100.0,0.5,55.0,0.12,0.0032,0.0045,0.008,0.0007
0,1762837389.4793055,-3.3412672836987864e-09,3.800727195799972e-09,0.39343819474410124,-3.892524481166971e-10,2.947625025608212e-19,1.3595962410033965e-18,-1.727621518066158e-12,4.3385711272609524e-13,0.0,0.0,0.0,1.0,0.0,0.0,0.0,0.0,0.0,0.0,0.0,0.0,0.0,-0.0,0.0,0.1,1.0,-0.0,-0.0,-0.0,0.0,0.0,0.0,0.0,0.0,0.0,2.0510890345048644e-12,1.8031382771098039e-12,0.10005742199590975,1.0,-2.016532336048732e-10,2.2938270539832494e-10,5.288377378937586e-12,1.0597293344870439e-10,9.316214431852974e-11,0.001718840175222159,-1.0830374217419468e-08,1.231966626081639e-08,2.893549203393966e-10,0.0,0.0,0.0,1.0,0.0,0.0,0.0,25.0,0.2,0.12,100.0,100.0,0.5,55.0,0.12,0.0029,0.002,0.0049,0.0006
0,1762837389.5581355,-3.3412672840786087e-09,3.800727195566198e-09,0.3934381947442033,-3.891909852080003e-10,-1.899109906290083e-18,-1.1688682440833696e-18,5.10031253342369e-13,3.073145434839615e-13,0.0,0.0,0.0,1.0,0.0,0.0,0.0,0.0,0.0,0.0,0.0,0.0,0.0,-0.0,0.0,0.1,1.0,-0.0,-0.0,-0.0,0.0,0.0,0.0,0.0,0.0,0.0,2.0510890346484872e-12,1.803138277075244e-12,0.1000574219958813,1.0,-2.0165323359798662e-10,2.293827054184519e-10,5.287253970844283e-12,1.059729334575111e-10,9.316214431545162e-11,0.001718840174229854,-1.0830374216944903e-08,1.231966626201425e-08,2.892952819289255e-10,0.0,0.0,0.0,1.0,0.0,0.0,0.0,25.0,0.2,0.12,100.0,100.0,0.5,55.0,0.12,0.0045,0.0051,0.0121,0.0007
0,1762837389.6144128,-3.3412672836957924e-09,3.800727195689284e-09,0.39343819474417296,-3.8914744928340776e-10,1.9140818753772926e-18,6.154298203649656e-19,-1.5178830414797062e-13,2.1767962296309452e-13,0.0,0.0,0.0,1.0,0.0,0.0,0.0,0.0,0.0,0.0,0.0,0.0,0.0,-0.0,0.0,0.1,1.0,-0.0,-0.0,-0.0,0.0,0.0,0.0,0.0,0.0,0.0,2.0510890345232506e-12,1.8031382772810264e-12,0.10005742199588968,1.0,-2.0165323362401918e-10,2.293827054007594e-10,5.286458225458792e-12,1.0597293344968449e-10,9.316214432727503e-11,0.0017188401745224977,-1.083037421844086e-08,1.2319666260951306e-08,2.8925303814973093e-10,0.0,0.0,0.0,1.0,0.0,0.0,0.0,25.0,0.2,0.12,100.0,100.0,0.5,55.0,0.12,0.0029,0.0025,0.0055,0.0007
0,1762837389.6894546,-3.3412672836472935e-09,3.8007271956951175e-09,0.3934381947441818,-3.891166115776192e-10,2.424946140148205e-19,2.9163079676169544e-20,4.4140038846229857e-14,1.541885289423825e-13,0.0,0.0,0.0,1.0,0.0,0.0,0.0,0.0,0.0,0.0,0.0,0.0,0.0,-0.0,0.0,0.1,1.0,-0.0,-0.0,-0.0,0.0,0.0,0.0,0.0,0.0,0.0,2.051089034589403e-12,1.803138277074196e-12,0.1000574219958872,1.0,-2.0165323359551056e-10,2.2938270541071703e-10,5.2858945767707946e-12,1.0597293345406277e-10,9.316214431452877e-11,0.0017188401744356976,-1.0830374216739725e-08,1.2319666261565653e-08,2.8922311571387484e-10,0.0,0.0,0.0,1.0,0.0,0.0,0.0,25.0,0.2,0.12,100.0,100.0,0.5,55.0,0.12,0.0016,0.0049,0.0127,0.0011
0,1762837389.7446635,-3.34126728345169e-09,3.800727195886465e-09,0.39343819474417907,-3.890947682251581e-10,9.780186516132974e-19,9.567328129104703e-19,-1.3777173846207802e-14,1.0921676230553497e-13,0.0,0.0,0.0,1.0,0.0,0.0,0.0,0.0,0.0,0.0,0.0,0.0,0.0,-0.0,0.0,0.1,1.0,-0.0,-0.0,-0.0,0.0,0.0,0.0,0.0,0.0,0.0,2.051089034592632e-12,1.8031382770480935e-12,0.10005742199588792,1.0,-2.0165323359495278e-10,2.2938270541023815e-10,5.285495328792407e-12,1.0597293345391394e-10,9.316214431408287e-11,0.00171884017446121,-1.0830374216784287e-08,1.2319666261513799e-08,2.892019208257457e-10,0.0,0.0,0.0,1.0,0.0,0.0,0.0,25.0,0.2,0.12,100.0,100.0,0.5,55.0,0.12,0.0026,0.0018,0.0032,0.0002
0,1762837389.8220737,-3.3412672837113918e-09,3.8007271957324415e-09,0.39343819474418085,-3.890792959565005e-10,-1.2985064712245177e-18,-7.701225210797324e-19,8.916478666520788e-15,7.736134328820961e-14,0.0,0.0,0.0,1.0,0.0,0.0,0.0,0.0,0.0,0.0,0.0,0.0,0.0,-0.0,0.0,0.1,1.0,-0.0,-0.0,-0.0,0.0,0.0,0.0,0.0,0.0,0.0,2.05108903469587e-12,1.8031382769425128e-12,0.10005742199588771,1.0,-2.016532335821051e-10,2.2938270542310117e-10,5.285212528108724e-12,1.0597293345974825e-10,9.316214430823075e-11,0.0017188401744534585,-1.0830374216061474e-08,1.2319666262245998e-08,2.891869077670337e-10,0.0,0.0,0.0,1.0,0.0,0.0,0.0,25.0,0.2,0.12,100.0,100.0,0.5,55.0,0.12,0.0018,0.0046,0.0118,0.0009
0,1762837389.877682,-3.3412672837586813e-09,3.800727195871385e-09,0.39343819474417974,-3.8906833649603064e-10,-2.364454421952202e-19,6.947159092587858e-19,-5.611830444784971e-15,5.479730234938942e-14,0.0,0.0,0.0,1.0,0.0,0.0,0.0,0.0,0.0,0.0,0.0,0.0,0.0,-0.0,0.0,0.1,1.0,-0.0,-0.0,-0.0,0.0,0.0,0.0,0.0,0.0,0.0,2.051089034612763e-12,1.8031382770826737e-12,0.10005742199588782,1.0,-2.0165323360100534e-10,2.2938270541135794e-10,5.285012212526815e-12,1.059729334545226e-10,9.316214431670103e-11,0.0017188401744576177,-1.0830374217178055e-08,1.231966626153831e-08,2.8917627360724393e-10,0.0,0.0,0.0,1.0,0.0,0.0,0.0,25.0,0.2,0.12,100.0,100.0,0.5,55.0,0.12,0.003,0.0021,0.003,0.0003
0,1762837389.9410222,-3.3412672835701383e-09,3.800727195769079e-09,0.3934381947441801,-3.890605735323537e-10,9.427145830695342e-19,-5.115251820803421e-19,1.8561541192951836e-15,3.881481838495008e-14,0.0,0.0,0.0,1.0,0.0,0.0,0.0,0.0,0.0,0.0,0.0,0.0,0.0,-0.0,0.0,0.1,1.0,-0.0,-0.0,-0.0,0.0,0.0,0.0,0.0,0.0,0.0,2.051089034687737e-12,1.8031382771081865e-12,0.10005742199588775,1.0,-2.0165323360235405e-10,2.2938270542181966e-10,5.284870323114688e-12,1.0597293345918669e-10,9.316214431744598e-11,0.0017188401744550083,-1.0830374217203142e-08,1.2319666262165492e-08,2.891687411185185e-10,0.0,0.0,0.0,1.0,0.0,0.0,0.0,25.0,0.2,0.12,100.0,100.0,0.5,55.0,0.12,0.0021,0.001,0.0021,0.0002
0,1762837390.0209365,-3.3412672837388095e-09,3.800727195831023e-09,0.3934381947441801,-3.8905507482134866e-10,-8.433569566121147e-19,3.0972123675823015e-19,-2.896988204881268e-16,2.749355502471625e-14,0.0,0.0,0.0,1.0,0.0,0.0,0.0,0.0,0.0,0.0,0.0,0.0,0.0,-0.0,0.0,0.1,1.0,-0.0,-0.0,-0.0,0.0,0.0,0.0,0.0,0.0,0.0,2.05108903463253e-12,1.8031382770064404e-12,0.10005742199588778,1.0,-2.016532335893037e-10,2.2938270541393565e-10,5.2847698178274836e-12,1.0597293345568344e-10,9.316214431155278e-11,0.001718840174456068,-1.0830374216449668e-08,1.2319666261688281e-08,2.8916340558609384e-10,0.0,0.0,0.0,1.0,0.0,0.0,0.0,25.0,0.2,0.12,100.0,100.0,0.5,55.0,0.12,0.0068,0.0036,0.0071,0.0009
0,1762837390.0914555,-3.3412672833909044e-09,3.800727195832993e-09,0.3934381947441797,-3.8905117993602957e-10,1.7395236050714523e-18,9.8492395536689e-21,-2.491062911502695e-15,1.947442659556016e-14,0.0,0.0,0.0,1.0,0.0,0.0,0.0,0.0,0.0,0.0,0.0,0.0,0.0,-0.0,0.0,0.1,1.0,-0.0,-0.0,-0.0,0.0,0.0,0.0,0.0,0.0,0.0,2.0510890346659586e-12,1.803138277097465e-12,0.10005742199588778,1.0,-2.016532336020149e-10,2.2938270541883809e-10,5.284698627432841e-12,1.0597293345785375e-10,9.316214431721957e-11,0.0017188401744559498,-1.0830374217211986e-08,1.2319666261988197e-08,2.891596263006156e-10,0.0,0.0,0.0,1.0,0.0,0.0,0.0,25.0,0.2,0.12,100.0,100.0,0.5,55.0,0.12,0.004,0.006,0.0116,0.0009
0,1762837390.151429,-3.341267283593804e-09,3.8007271957802286e-09,0.39343819474417985,-3.890484210727512e-10,-1.0144956622656608e-18,-2.6382429329011286e-19,1.1258355359089478e-15,1.3794316391712874e-14,0.0,0.0,0.0,1.0,0.0,0.0,0.0,0.0,0.0,0.0,0.0,0.0,0.0,-0.0,0.0,0.1,1.0,-0.0,-0.0,-0.0,0.0,0.0,0.0,0.0,0.0,0.0,2.051089034667019e-12,1.8031382769097134e-12,0.10005742199588775,1.0,-2.0165323357735715e-10,2.2938270541853198e-10,5.284648201347541e-12,1.0597293345774668e-10,9.316214430612519e-11,0.0017188401744551065,-1.0830374215772521e-08,1.2319666261958385e-08,2.8915694933002007e-10,0.0,0.0,0.0,1.0,0.0,0.0,0.0,25.0,0.2,0.12,100.0,100.0,0.5,55.0,0.12,0.0053,0.0033,0.0065,0.0004
0,1762837390.2226338,-3.3412672836397583e-09,3.800727195755053e-09,0.3934381947441795,-3.8904646681794667e-10,-2.297725761937549e-19,-1.2587620971525699e-19,-1.6410484082740595e-15,9.771274022330472e-15,0.0,0.0,0.0,1.0,0.0,0.0,0.0,0.0,0.0,0.0,0.0,0.0,0.0,-0.0,0.0,0.1,1.0,-0.0,-0.0,-0.0,0.0,0.0,0.0,0.0,0.0,0.0,2.051089034638546e-12,1.8031382770192106e-12,0.10005742199588777,1.0,-2.0165323359350604e-10,2.293827054149597e-10,5.2846124830255045e-12,1.0597293345612792e-10,9.316214431326878e-11,0.001718840174455578,-1.0830374216762622e-08,1.2319666261754323e-08,2.89155053149915e-10,0.0,0.0,0.0,1.0,0.0,0.0,0.0,25.0,0.2,0.12,100.0,100.0,0.5,55.0,0.12,0.0045,0.0047,0.0087,0.0006
0,1762837390.2882192,-3.341267283711809e-09,3.80072719551859e-09,0.39343819474417957,-3.8904508264140397e-10,-3.6025700910154483e-19,-1.1823190280240944e-18,4.614364446098307e-16,6.920882713422695e-15,0.0,0.0,0.0,1.0,0.0,0.0,0.0,0.0,0.0,0.0,0.0,0.0,0.0,-0.0,0.0,0.1,1.0,-0.0,-0.0,-0.0,0.0,0.0,0.0,0.0,0.0,0.0,2.051089034624958e-12,1.8031382770440083e-12,0.10005742199588774,1.0,-2.0165323359516725e-10,2.293827054136358e-10,5.284587181618509e-12,1.059729334555003e-10,9.316214431412652e-11,0.0017188401744548712,-1.083037421681686e-08,1.231966626168937e-08,2.8915370996773413e-10,0.0,0.0,0.0,1.0,0.0,0.0,0.0,25.0,0.2,0.12,100.0,100.0,0.5,55.0,0.12,0.0044,0.0044,0.0095,0.0008
0,1762837390.3548386,-3.3412672837838735e-09,3.800727195792555e-09,0.3934381947441801,-3.8904410226004127e-10,-3.603207020087114e-19,1.3698235020970021e-18,2.6315755130568164e-15,4.901906813631296e-15,0.0,0.0,0.0,1.0,0.0,0.0,0.0,0.0,0.0,0.0,0.0,0.0,0.0,-0.0,0.0,0.1,1.0,-0.0,-0.0,-0.0,0.0,0.0,0.0,0.0,0.0,0.0,2.0510890344973487e-12,1.8031382770828914e-12,0.10005742199588774,1.0,-2.0165323359970064e-10,2.2938270539786727e-10,5.284569261201775e-12,1.0597293344833705e-10,9.316214431620591e-11,0.0017188401744550287,-1.0830374217066154e-08,1.231966626079538e-08,2.8915275863189333e-10,0.0,0.0,0.0,1.0,0.0,0.0,0.0,25.0,0.2,0.12,100.0,100.0,0.5,55.0,0.12,0.0059,0.0041,0.0083,0.0006
0,1762837390.4294257,-3.3412672836036304e-09,3.800727195683416e-09,0.3934381947441791,-3.890434077359214e-10,9.012165860989739e-19,-5.456960131849077e-19,-4.9769216525774596e-15,3.4726205995579585e-15,0.0,0.0,0.0,1.0,0.0,0.0,0.0,0.0,0.0,0.0,0.0,0.0,0.0,-0.0,0.0,0.1,1.0,-0.0,-0.0,-0.0,0.0,0.0,0.0,0.0,0.0,0.0,2.0510890346452003e-12,1.8031382771217845e-12,0.10005742199588778,1.0,-2.0165323360404996e-10,2.2938270541801905e-10,5.284556568603616e-12,1.0597293345735331e-10,9.31621443182154e-11,0.0017188401744561463,-1.083037421729975e-08,1.2319666261991466e-08,2.891520848248584e-10,0.0,0.0,0.0,1.0,0.0,0.0,0.0,25.0,0.2,0.12,100.0,100.0,0.5,55.0,0.12,0.0085,0.0067,0.0101,0.0008
0,1762837390.4844654,-3.3412672835395016e-09,3.800727195910377e-09,0.3934381947441803,-3.8904291567859446e-10,3.206441567469929e-19,1.1348032920972108e-18,5.7141791298676026e-15,2.46028663452082e-15,0.0,0.0,0.0,1.0,0.0,0.0,0.0,0.0,0.0,0.0,0.0,0.0,0.0,-0.0,0.0,0.1,1.0,-0.0,-0.0,-0.0,0.0,0.0,0.0,0.0,0.0,0.0,2.0510890345862956e-12,1.8031382770245091e-12,0.10005742199588773,1.0,-2.016532335913838e-10,2.2938270540871727e-10,5.284547576573022e-12,1.0597293345327617e-10,9.31621443125087e-11,0.0017188401744540477,-1.0830374216563236e-08,1.231966626140649e-08,2.8915160745765156e-10,0.0,0.0,0.0,1.0,0.0,0.0,0.0,25.0,0.2,0.12,100.0,100.0,0.5,55.0,0.12,0.0046,0.004,0.0064,0.0006
0,1762837390.5567017,-3.3412672838212174e-09,3.80072719570073e-09,0.3934381947441794,-3.8904256722771116e-10,-1.4085793953369491e-18,-1.0482355322710862e-18,-4.623038063478191e-15,1.7422544163649876e-15,0.0,0.0,0.0,1.0,0.0,0.0,0.0,0.0,0.0,0.0,0.0,0.0,0.0,-0.0,0.0,0.1,1.0,-0.0,-0.0,-0.0,0.0,0.0,0.0,0.0,0.0,0.0,2.051089034708784e-12,1.8031382769899083e-12,0.1000574219958878,1.0,-2.0165323358833637e-10,2.2938270542479676e-10,5.284541205798583e-12,1.0597293346051172e-10,9.316214431103435e-11,0.001718840174456539,-1.0830374216425448e-08,1.2319666262345006e-08,2.8915126924409025e-10,0.0,0.0,0.0,1.0,0.0,0.0,0.0,25.0,0.2,0.12,100.0,100.0,0.5,55.0,0.12,0.0039,0.0075,0.0085,0.0006
0,1762837390.61416,-3.341267283768334e-09,3.8007271956951895e-09,0.3934381947441802,-3.890423204138155e-10,2.644190361505385e-19,-2.770558743685111e-20,3.759145772441741e-15,1.2340694787009962e-15,0.0,0.0,0.0,1.0,0.0,0.0,0.0,0.0,0.0,0.0,0.0,0.0,0.0,-0.0,0.0,0.1,1.0,-0.0,-0.0,-0.0,0.0,0.0,0.0,0.0,0.0,0.0,2.05108903459564e-12,1.8031382771419328e-12,0.10005742199588774,1.0,-2.0165323360778954e-10,2.293827054090499e-10,5.284536694683032e-12,1.0597293345348779e-10,9.316214431982208e-11,0.001718840174454518,-1.0830374217547325e-08,1.2319666261401953e-08,2.8915102976898005e-10,0.0,0.0,0.0,1.0,0.0,0.0,0.0,25.0,0.2,0.12,100.0,100.0,0.5,55.0,0.12,0.0029,0.0014,0.0062,0.0005
0,1762837390.68435,-3.3412672836229984e-09,3.8007271956634456e-09,0.39343819474417985,-3.89042145573719e-10,7.266781681278348e-19,-1.5872437902035027e-19,-1.4953316362920077e-15,8.742004822662662e-16,0.0,0.0,0.0,1.0,0.0,0.0,0.0,0.0,0.0,0.0,0.0,0.0,0.0,-0.0,0.0,0.1,1.0,-0.0,-0.0,-0.0,0.0,0.0,0.0,0.0,0.0,0.0,2.051089034592656e-12,1.8031382771133985e-12,0.10005742199588778,1.0,-2.0165323360222664e-10,2.29382705410162e-10,5.2845334992536956e-12,1.0597293345388437e-10,9.3162144317445e-11,0.001718840174456225,-1.083037421717397e-08,1.2319666261507178e-08,2.891508601334068e-10,0.0,0.0,0.0,1.0,0.0,0.0,0.0,25.0,0.2,0.12,100.0,100.0,0.5,55.0,0.12,0.0034,0.0033,0.008,0.0005
0,1762837390.7582119,-3.34126728373403e-09,3.800727195467892e-09,0.3934381947441792,-3.8904202169326837e-10,-5.551573050312892e-19,-9.77771324610144e-19,-3.1259717037102064e-15,6.194022530740964e-16,0.0,0.0,0.0,1.0,0.0,0.0,0.0,0.0,0.0,0.0,0.0,0.0,0.0,-0.0,0.0,0.1,1.0,-0.0,-0.0,-0.0,0.0,0.0,0.0,0.0,0.0,0.0,2.0510890345755225e-12,1.803138277034965e-12,0.10005742199588777,1.0,-2.016532335928001e-10,2.293827054080605e-10,5.284531235610544e-12,1.0597293345292842e-10,9.316214431314312e-11,0.001718840174455381,-1.0830374216647084e-08,1.2319666261388466e-08,2.891507399621875e-10,0.0,0.0,0.0,1.0,0.0,0.0,0.0,25.0,0.2,0.12,100.0,100.0,0.5,55.0,0.12,0.0046,0.0031,0.0117,0.0011
0,1762837390.8156226,-3.34126728366624e-09,3.80072719580019e-09,0.3934381947441797,-3.8904193407972586e-10,3.389480093415663e-19,1.6614898676250373e-18,2.6298407895808396e-15,4.3806771275372257e-16,0.0,0.0,0.0,1.0,0.0,0.0,0.0,0.0,0.0,0.0,0.0,0.0,0.0,-0.0,0.0,0.1,1.0,-0.0,-0.0,-0.0,0.0,0.0,0.0,0.0,0.0,0.0,2.0510890344699867e-12,1.8031382770948807e-12,0.10005742199588773,1.0,-2.0165323360131798e-10,2.2938270539509743e-10,5.2845296316823286e-12,1.0597293344703371e-10,9.316214431693052e-11,0.0017188401744542047,-1.0830374217161705e-08,1.2319666260655736e-08,2.891506548116491e-10,0.0,0.0,0.0,1.0,0.0,0.0,0.0,25.0,0.2,0.12,100.0,100.0,0.5,55.0,0.12,0.0024,0.003,0.0073,0.0007
0,1762837390.877318,-3.3412672834951725e-09,3.800727195474564e-09,0.39343819474418024,-3.8904187188598957e-10,8.553394949655578e-19,-1.6281280191595486e-18,2.563921297493721e-15,3.10968681189296e-16,0.0,0.0,0.0,1.0,0.0,0.0,0.0,0.0,0.0,0.0,0.0,0.0,0.0,-0.0,0.0,0.1,1.0,-0.0,-0.0,-0.0,0.0,0.0,0.0,0.0,0.0,0.0,2.0510890346493177e-12,1.8031382770583006e-12,0.10005742199588777,1.0,-2.016532335959594e-10,2.2938270541889325e-10,5.284528497665387e-12,1.0597293345772346e-10,9.316214431455803e-11,0.001718840174455362,-1.0830374216834047e-08,1.2319666262051418e-08,2.8915059462026195e-10,0.0,0.0,0.0,1.0,0.0,0.0,0.0,25.0,0.2,0.12,100.0,100.0,0.5,55.0,0.12,0.0023,0.0018,0.0039,0.0002
0,1762837390.9548554,-3.341267283754063e-09,3.8007271958208274e-09,0.39343819474417935,-3.890418279638611e-10,-1.2944541134036205e-18,1.731314664672476e-18,-4.459974056736371e-15,2.196106424128087e-16,0.0,0.0,0.0,1.0,0.0,0.0,0.0,0.0,0.0,0.0,0.0,0.0,0.0,-0.0,0.0,0.1,1.0,-0.0,-0.0,-0.0,0.0,0.0,0.0,0.0,0.0,0.0,2.051089034473594e-12,1.8031382769659855e-12,0.10005742199588778,1.0,-2.0165323358490315e-10,2.2938270539457833e-10,5.2845276921649305e-12,1.0597293344686916e-10,9.316214430950975e-11,0.0017188401744563033,-1.0830374216217219e-08,1.2319666260598863e-08,2.891505518484215e-10,0.0,0.0,0.0,1.0,0.0,0.0,0.0,25.0,0.2,0.12,100.0,100.0,0.5,55.0,0.12,0.0055,0.0052,0.0076,0.0007
0,1762837391.008992,-3.3412672836882427e-09,3.800727195650527e-09,0.39343819474418,-3.890417968710911e-10,3.291053872327978e-19,-8.515038584651495e-19,3.4677122284776374e-15,1.5546384994793248e-16,0.0,0.0,0.0,1.0,0.0,0.0,0.0,0.0,0.0,0.0,0.0,0.0,0.0,-0.0,0.0,0.1,1.0,-0.0,-0.0,-0.0,0.0,0.0,0.0,0.0,0.0,0.0,2.0510890346604523e-12,1.8031382771056924e-12,0.10005742199588773,1.0,-2.0165323360357487e-10,2.2938270542023773e-10,5.284527123803128e-12,1.0597293345833639e-10,9.316214431788808e-11,0.0017188401744544202,-1.0830374217315877e-08,1.2319666262126742e-08,2.8915052168575616e-10,0.0,0.0,0.0,1.0,0.0,0.0,0.0,25.0,0.2,0.12,100.0,100.0,0.5,55.0,0.12,0.002,0.0019,0.0027,0.0004
0,1762837391.085423,-3.3412672834561474e-09,3.800727195525702e-09,0.39343819474417935,-3.890417747333037e-10,1.160474842407794e-18,-6.241259701447355e-19,-3.3670982668709826e-15,1.1068893675908608e-16,0.0,0.0,0.0,1.0,0.0,0.0,0.0,0.0,0.0,0.0,0.0,0.0,0.0,-0.0,0.0,0.1,1.0,-0.0,-0.0,-0.0,0.0,0.0,0.0,0.0,0.0,0.0,2.051089034568553e-12,1.8031382770701763e-12,0.10005742199588778,1.0,-2.0165323359730125e-10,2.2938270540629886e-10,5.28452672129327e-12,1.0597293345219445e-10,9.316214431517695e-11,0.0017188401744559502,-1.0830374216906554e-08,1.231966626126297e-08,2.89150500319108e-10,0.0,0.0,0.0,1.0,0.0,0.0,0.0,25.0,0.2,0.12,100.0,100.0,0.5,55.0,0.12,0.0054,0.0042,0.0053,0.0004
0,1762837391.1516068,-3.3412672837178206e-09,3.800727195736199e-09,0.3934381947441796,-3.890417590137511e-10,-1.3083648097649247e-18,1.0524897221614465e-18,1.250735626179278e-15,7.859776308404041e-17,0.0,0.0,0.0,1.0,0.0,0.0,0.0,0.0,0.0,0.0,0.0,0.0,0.0,-0.0,0.0,0.1,1.0,-0.0,-0.0,-0.0,0.0,0.0,0.0,0.0,0.0,0.0,2.0510890345011857e-12,1.8031382769449207e-12,0.10005742199588774,1.0,-2.016532335821154e-10,2.2938270539908768e-10,5.2845264344322725e-12,1.059729334488365e-10,9.31621443082567e-11,0.0017188401744545182,-1.0830374216053892e-08,1.231966626088581e-08,2.891504850818663e-10,0.0,0.0,0.0,1.0,0.0,0.0,0.0,25.0,0.2,0.12,100.0,100.0,0.5,55.0,0.12,0.0032,0.0033,0.0089,0.0006
0,1762837391.2288785,-3.3412672835829906e-09,3.800727195501523e-09,0.39343819474417985,-3.8904174790808993e-10,6.741488905082673e-19,-1.1733846502279091e-18,1.3201245652183502e-15,5.55283059748852e-17,0.0,0.0,0.0,1.0,0.0,0.0,0.0,0.0,0.0,0.0,0.0,0.0,0.0,-0.0,0.0,0.1,1.0,-0.0,-0.0,-0.0,0.0,0.0,0.0,0.0,0.0,0.0,2.0510890346147845e-12,1.803138277086136e-12,0.10005742199588775,1.0,-2.0165323360140727e-10,2.2938270541416808e-10,5.284526230830628e-12,1.059729334556106e-10,9.31621443168852e-11,0.0017188401744552442,-1.083037421720008e-08,1.2319666261770493e-08,2.8915047427032043e-10,0.0,0.0,0.0,1.0,0.0,0.0,0.0,25.0,0.2,0.12,100.0,100.0,0.5,55.0,0.12,0.0044,0.0068,0.0145,0.0007
0,1762837391.2882192,-3.3412672834061923e-09,3.800727195512158e-09,0.3934381947441794,-3.8904174006755525e-10,8.83990549842557e-19,5.3175305677971384e-20,-1.97758476261356e-15,3.9202673522067356e-17,0.0,0.0,0.0,1.0,0.0,0.0,0.0,0.0,0.0,0.0,0.0,0.0,0.0,-0.0,0.0,0.1,1.0,-0.0,-0.0,-0.0,0.0,0.0,0.0,0.0,0.0,0.0,2.051089034488141e-12,1.8031382770133753e-12,0.10005742199588777,1.0,-2.0165323359045997e-10,2.2938270539684997e-10,5.284526087111604e-12,1.0597293344786614e-10,9.3162144312056e-11,0.0017188401744555977,-1.0830374216523742e-08,1.231966626074114e-08,2.8915046664290046e-10,0.0,0.0,0.0,1.0,0.0,0.0,0.0,25.0,0.2,0.12,100.0,100.0,0.5,55.0,0.12,0.006,0.0031,0.0075,0.0005
0,1762837391.3531444,-3.3412672835703174e-09,3.800727195779284e-09,0.3934381947441797,-3.8904173448733637e-10,-8.206260333791575e-19,1.3356286827546725e-18,1.64625257870199e-15,2.7901094443910767e-17,0.0,0.0,0.0,1.0,0.0,0.0,0.0,0.0,0.0,0.0,0.0,0.0,0.0,-0.0,0.0,0.1,1.0,-0.0,-0.0,-0.0,0.0,0.0,0.0,0.0,0.0,0.0,2.0510890344938768e-12,1.803138276917962e-12,0.10005742199588774,1.0,-2.016532335794924e-10,2.293827053992303e-10,5.284525985658752e-12,1.0597293344882443e-10,9.316214430701307e-11,0.0017188401744546557,-1.083037421592534e-08,1.2319666260923664e-08,2.891504612590366e-10,0.0,0.0,0.0,1.0,0.0,0.0,0.0,25.0,0.2,0.12,100.0,100.0,0.5,55.0,0.12,0.0068,0.005,0.0052,0.0005
0,1762837391.418001,-3.341267283489976e-09,3.800727195711582e-09,0.3934381947441806,-3.890417305055512e-10,4.017028936935143e-19,-3.3851373951997594e-19,4.633446404334052e-15,1.990892582344078e-17,0.0,0.0,0.0,1.0,0.0,0.0,0.0,0.0,0.0,0.0,0.0,0.0,0.0,-0.0,0.0,0.1,1.0,-0.0,-0.0,-0.0,0.0,0.0,0.0,0.0,0.0,0.0,2.0510890346380356e-12,1.803138277006535e-12,0.10005742199588777,1.0,-2.0165323359181378e-10,2.2938270541716964e-10,5.284525913355112e-12,1.059729334569647e-10,9.316214431250926e-11,0.0017188401744553422,-1.083037421666309e-08,1.2319666261944323e-08,2.8915045741863665e-10,0.0,0.0,0.0,1.0,0.0,0.0,0.0,25.0,0.2,0.12,100.0,100.0,0.5,55.0,0.12,0.0034,0.0044,0.0071,0.0008
0,1762837391.4839659,-3.3412672838239102e-09,3.800727195764831e-09,0.3934381947441796,-3.890417277348898e-10,-1.6696698567025742e-18,2.66244623762443e-19,-4.538036613155327e-15,1.3853307242489585e-17,0.0,0.0,0.0,1.0,0.0,0.0,0.0,0.0,0.0,0.0,0.0,0.0,0.0,-0.0,0.0,0.1,1.0,-0.0,-0.0,-0.0,0.0,0.0,0.0,0.0,0.0,0.0,2.051089034601505e-12,1.8031382769631835e-12,0.10005742199588781,1.0,-2.0165323358523253e-10,2.2938270541071078e-10,5.28452586174029e-12,1.0597293345417386e-10,9.31621443096098e-11,0.0017188401744570292,-1.0830374216255132e-08,1.2319666261522795e-08,2.8915045467634645e-10,0.0,0.0,0.0,1.0,0.0,0.0,0.0,25.0,0.2,0.12,100.0,100.0,0.5,55.0,0.12,0.002,0.0024,0.0099,0.0006
0,1762837391.5429306,-3.34126728372598e-09,3.8007271954906575e-09,0.3934381947441796,-3.890417258870847e-10,4.896503907813773e-19,-1.370865749668819e-18,2.8102520310824275e-16,9.239025520656388e-18,0.0,0.0,0.0,1.0,0.0,0.0,0.0,0.0,0.0,0.0,0.0,0.0,0.0,-0.0,0.0,0.1,1.0,-0.0,-0.0,-0.0,0.0,0.0,0.0,0.0,0.0,0.0,2.0510890346302343e-12,1.803138277143387e-12,0.10005742199588774,1.0,-2.0165323360832214e-10,2.2938270541478164e-10,5.284525825977834e-12,1.059729334559845e-10,9.316214432003812e-11,0.0017188401744548908,-1.0830374217587569e-08,1.2319666261768394e-08,2.8915045278159894e-10,0.0,0.0,0.0,1.0,0.0,0.0,0.0,25.0,0.2,0.12,100.0,100.0,0.5,55.0,0.12,0.0024,0.0013,0.0029,0.0002
0,1762837391.6119878,-3.3412672835713468e-09,3.8007271954639685e-09,0.39343819474418,-3.890417243764697e-10,7.731673729145401e-19,-1.3344408513950464e-19,1.824929096727601e-15,7.553074888342392e-18,0.0,0.0,0.0,1.0,0.0,0.0,0.0,0.0,0.0,0.0,0.0,0.0,0.0,-0.0,0.0,0.1,1.0,-0.0,-0.0,-0.0,0.0,0.0,0.0,0.0,0.0,0.0,2.0510890344822752e-12,1.8031382770905388e-12,0.10005742199588774,1.0,-2.0165323359935126e-10,2.2938270539591433e-10,5.284525802305217e-12,1.0597293344745653e-10,9.316214431614237e-11,0.0017188401744551265,-1.0830374217009499e-08,1.2319666260682084e-08,2.8915045153359634e-10,0.0,0.0,0.0,1.0,0.0,0.0,0.0,25.0,0.2,0.12,100.0,100.0,0.5,55.0,0.12,0.0011,0.0016,0.0068,0.0005
0,1762837391.6942937,-3.3412672835537167e-09,3.800727195548701e-09,0.3934381947441798,-3.8904172345722127e-10,8.815181069916361e-20,4.236570943312842e-19,-1.250735626179278e-15,4.596242050046758e-18,0.0,0.0,0.0,1.0,0.0,0.0,0.0,0.0,0.0,0.0,0.0,0.0,0.0,-0.0,0.0,0.1,1.0,-0.0,-0.0,-0.0,0.0,0.0,0.0,0.0,0.0,0.0,2.0510890344678747e-12,1.803138277007092e-12,0.10005742199588778,1.0,-2.0165323358961695e-10,2.2938270539605743e-10,5.284525782307234e-12,1.0597293344738026e-10,9.316214431167792e-11,0.0017188401744558325,-1.0830374216474048e-08,1.2319666260744936e-08,2.891504504566524e-10,0.0,0.0,0.0,1.0,0.0,0.0,0.0,25.0,0.2,0.12,100.0,100.0,0.5,55.0,0.12,0.0019,0.0061,0.0165,0.0008
0,1762837391.757375,-3.3412672835667386e-09,3.8007271956232545e-09,0.3934381947441799,-3.89041722656871e-10,-6.510986755588647e-20,3.727689430470219e-19,6.401129626354418e-16,4.001751557256142e-18,0.0,0.0,0.0,1.0,0.0,0.0,0.0,0.0,0.0,0.0,0.0,0.0,0.0,-0.0,0.0,0.1,1.0,-0.0,-0.0,-0.0,0.0,0.0,0.0,0.0,0.0,0.0,2.0510890345136e-12,1.8031382769975767e-12,0.10005742199588777,1.0,-2.0165323358952384e-10,2.293827054019608e-10,5.284525770735058e-12,1.0597293345004333e-10,9.316214431155596e-11,0.0017188401744553422,-1.0830374216499587e-08,1.2319666261086828e-08,2.891504498537603e-10,0.0,0.0,0.0,1.0,0.0,0.0,0.0,25.0,0.2,0.12,100.0,100.0,0.5,55.0,0.12,0.0029,0.0034,0.0144,0.001
0,1762837391.8112097,-3.3412672836662947e-09,3.800727195617328e-09,0.3934381947441791,-3.8904172223144765e-10,-4.97780749022161e-19,-2.9632918264099663e-20,-3.573530360512223e-15,2.127116606972402e-18,0.0,0.0,0.0,1.0,0.0,0.0,0.0,0.0,0.0,0.0,0.0,0.0,0.0,-0.0,0.0,0.1,1.0,-0.0,-0.0,-0.0,0.0,0.0,0.0,0.0,0.0,0.0,2.0510890345538336e-12,1.8031382770046045e-12,0.10005742199588777,1.0,-2.0165323359052695e-10,2.2938270540638814e-10,5.284525760047388e-12,1.0597293345209466e-10,9.316214431200181e-11,0.0017188401744556172,-1.0830374216560297e-08,1.2319666261322345e-08,2.891504492750603e-10,0.0,0.0,0.0,1.0,0.0,0.0,0.0,25.0,0.2,0.12,100.0,100.0,0.5,55.0,0.12,0.0018,0.0018,0.0052,0.0003
0,1762837391.8801577,-3.341267283756021e-09,3.800727195648787e-09,0.3934381947441802,-3.890417218226607e-10,-4.486288498436475e-19,1.5729831964430885e-19,5.3186621773448906e-15,2.0439349885319456e-18,0.0,0.0,0.0,1.0,0.0,0.0,0.0,0.0,0.0,0.0,0.0,0.0,0.0,-0.0,0.0,0.1,1.0,-0.0,-0.0,-0.0,0.0,0.0,0.0,0.0,0.0,0.0,2.051089034550631e-12,1.8031382770583264e-12,0.10005742199588773,1.0,-2.0165323359714868e-10,2.2938270540546015e-10,5.284525754848395e-12,1.05972933451712e-10,9.31621443150109e-11,0.0017188401744540872,-1.0830374216935223e-08,1.2319666261254564e-08,2.891504490097977e-10,0.0,0.0,0.0,1.0,0.0,0.0,0.0,25.0,0.2,0.12,100.0,100.0,0.5,55.0,0.12,0.0018,0.0015,0.0071,0.0006
0,1762837391.9495325,-3.3412672835305784e-09,3.800727195579843e-09,0.3934381947441796,-3.8904172171241353e-10,1.1272155643382619e-18,-3.4471759411412365e-19,-3.2057689836051395e-15,5.512358485423284e-19,0.0,0.0,0.0,1.0,0.0,0.0,0.0,0.0,0.0,0.0,0.0,0.0,0.0,-0.0,0.0,0.1,1.0,-0.0,-0.0,-0.0,0.0,0.0,0.0,0.0,0.0,0.0,2.0510890345676154e-12,1.8031382771067542e-12,0.10005742199588778,1.0,-2.0165323360249416e-10,2.293827054076237e-10,5.284525749321383e-12,1.0597293345269044e-10,9.316214431748651e-11,0.0017188401744563232,-1.0830374217220127e-08,1.23196662613791e-08,2.8915044870823155e-10,0.0,0.0,0.0,1.0,0.0,0.0,0.0,25.0,0.2,0.12,100.0,100.0,0.5,55.0,0.12,0.0038,0.0015,0.0077,0.0004
0,1762837392.0218456,-3.341267283648329e-09,3.800727195496914e-09,0.3934381947441795,-3.8904172154735134e-10,-5.88754072790743e-19,-4.146457887381315e-19,-3.400058012914542e-16,8.253109000253223e-19,0.0,0.0,0.0,1.0,0.0,0.0,0.0,0.0,0.0,0.0,0.0,0.0,0.0,-0.0,0.0,0.1,1.0,-0.0,-0.0,-0.0,0.0,0.0,0.0,0.0,0.0,0.0,2.0510890345304048e-12,1.803138276985088e-12,0.10005742199588774,1.0,-2.0165323358665463e-10,2.293827054027513e-10,5.284525748285455e-12,1.0597293345049695e-10,9.316214431034999e-11,0.0017188401744549103,-1.0830374216299167e-08,1.231966626109503e-08,2.891504486668438e-10,0.0,0.0,0.0,1.0,0.0,0.0,0.0,25.0,0.2,0.12,100.0,100.0,0.5,55.0,0.12,0.0047,0.0046,0.0091,0.0007
0,1762837392.0854363,-3.3412672835853894e-09,3.800727195499283e-09,0.3934381947441797,-3.890417214336339e-10,3.1469920968457427e-19,1.1845226371759356e-20,3.2959746043559335e-16,5.685869700169997e-19,0.0,0.0,0.0,1.0,0.0,0.0,0.0,0.0,0.0,0.0,0.0,0.0,0.0,-0.0,0.0,0.1,1.0,-0.0,-0.0,-0.0,0.0,0.0,0.0,0.0,0.0,0.0,2.051089034485651e-12,1.8031382770486333e-12,0.10005742199588774,1.0,-2.0165323359619334e-10,2.293827053976472e-10,5.2845257459585864e-12,1.0597293344814697e-10,9.316214431455921e-11,0.0017188401744548912,-1.0830374216887968e-08,1.2319666260817784e-08,2.891504485367175e-10,0.0,0.0,0.0,1.0,0.0,0.0,0.0,25.0,0.2,0.12,100.0,100.0,0.5,55.0,0.12,0.004,0.0041,0.0071,0.0007
0,1762837392.1510992,-3.3412672838040062e-09,3.800727195677271e-09,0.3934381947441795,-3.8904172139458024e-10,-1.0930836107224863e-18,8.899371512662008e-19,-5.533767888366015e-16,1.9526826205535977e-19,0.0,0.0,0.0,1.0,0.0,0.0,0.0,0.0,0.0,0.0,0.0,0.0,0.0,-0.0,0.0,0.1,1.0,-0.0,-0.0,-0.0,0.0,0.0,0.0,0.0,0.0,0.0,2.051089034486931e-12,1.8031382770146686e-12,0.10005742199588777,1.0,-2.0165323359111427e-10,2.2938270539839465e-10,5.284525744493304e-12,1.0597293344844323e-10,9.316214431231681e-11,0.001718840174455244,-1.0830374216574906e-08,1.2319666260876941e-08,2.891504484591729e-10,0.0,0.0,0.0,1.0,0.0,0.0,0.0,25.0,0.2,0.12,100.0,100.0,0.5,55.0,0.12,0.0024,0.0016,0.0099,0.0006
0,1762837392.2114995,-3.341267283686104e-09,3.800727195664811e-09,0.39343819474417996,-3.890417213279215e-10,5.8951177023184155e-19,-6.229828065381873e-20,2.0573820425084932e-15,3.3329337682475964e-19,0.0,0.0,0.0,1.0,0.0,0.0,0.0,0.0,0.0,0.0,0.0,0.0,0.0,-0.0,0.0,0.1,1.0,-0.0,-0.0,-0.0,0.0,0.0,0.0,0.0,0.0,0.0,2.0510890345829825e-12,1.8031382771326454e-12,0.10005742199588774,1.0,-2.016532336063036e-10,2.2938270541038125e-10,5.284525744078265e-12,1.0597293345387976e-10,9.3162144319172e-11,0.0017188401744548912,-1.0830374217453455e-08,1.231966626155986e-08,2.891504484402886e-10,0.0,0.0,0.0,1.0,0.0,0.0,0.0,25.0,0.2,0.12,100.0,100.0,0.5,55.0,0.12,0.0014,0.0025,0.0051,0.0003
0,1762837392.286885,-3.3412672834464107e-09,3.800727195639755e-09,0.3934381947441798,-3.890417213095661e-10,1.198466420761742e-18,-1.252806396742188e-19,-7.164407955784213e-16,9.177716237822453e-20,0.0,0.0,0.0,1.0,0.0,0.0,0.0,0.0,0.0,0.0,0.0,0.0,0.0,-0.0,0.0,0.1,1.0,-0.0,-0.0,-0.0,0.0,0.0,0.0,0.0,0.0,0.0,2.051089034576261e-12,1.8031382770690212e-12,0.10005742199588777,1.0,-2.0165323359680308e-10,2.293827054082796e-10,5.284525743130128e-12,1.0597293345301862e-10,9.316214431497672e-11,0.0017188401744557343,-1.0830374216868188e-08,1.2319666261404535e-08,2.891504483869957e-10,0.0,0.0,0.0,1.0,0.0,0.0,0.0,25.0,0.2,0.12,100.0,100.0,0.5,55.0,0.12,0.0026,0.0043,0.0099,0.0009
0,1762837392.341462,-3.3412672836767296e-09,3.800727195673283e-09,0.39343819474418035,-3.89041721229455e-10,-1.1515967128932624e-18,1.676364229399966e-19,3.013214677771714e-15,4.0055590437663293e-19,0.0,0.0,0.0,1.0,0.0,0.0,0.0,0.0,0.0,0.0,0.0,0.0,0.0,-0.0,0.0,0.1,1.0,-0.0,-0.0,-0.0,0.0,0.0,0.0,0.0,0.0,0.0,2.0510890345627375e-12,1.8031382769396682e-12,0.10005742199588777,1.0,-2.0165323358147397e-10,2.2938270540667814e-10,5.2845257429554854e-12,1.0597293345228592e-10,9.316214430796486e-11,0.001718840174455362,-1.0830374216017746e-08,1.2319666261315716e-08,2.8915044837991447e-10,0.0,0.0,0.0,1.0,0.0,0.0,0.0,25.0,0.2,0.12,100.0,100.0,0.5,55.0,0.12,0.001,0.0012,0.0036,0.0003
0,1762837392.424885,-3.3412672835793138e-09,3.80072719567128e-09,0.3934381947441801,-3.8904172112736807e-10,4.87080340618175e-19,-1.0018811579242271e-20,-9.194034422677078e-16,5.104343376475378e-19,0.0,0.0,0.0,1.0,0.0,0.0,0.0,0.0,0.0,0.0,0.0,0.0,0.0,-0.0,0.0,0.1,1.0,-0.0,-0.0,-0.0,0.0,0.0,0.0,0.0,0.0,0.0,2.0510890345808353e-12,1.8031382770639642e-12,0.1000574219958878,1.0,-2.0165323359870513e-10,2.293827054091168e-10,5.284525741771812e-12,1.0597293345337905e-10,9.316214431565506e-11,0.0017188401744565188,-1.0830374217047963e-08,1.2319666261459748e-08,2.891504483119843e-10,0.0,0.0,0.0,1.0,0.0,0.0,0.0,25.0,0.2,0.12,100.0,100.0,0.5,55.0,0.12,0.0029,0.0041,0.0135,0.0006
0,1762837392.4935052,-3.34126728354468e-09,3.8007271955646976e-09,0.3934381947441799,-3.89041721145391e-10,1.7316860687675124e-19,-5.329102824566755e-19,-1.3287981825982342e-15,-9.011452934699294e-20,0.0,0.0,0.0,1.0,0.0,0.0,0.0,0.0,0.0,0.0,0.0,0.0,0.0,-0.0,0.0,0.1,1.0,-0.0,-0.0,-0.0,0.0,0.0,0.0,0.0,0.0,0.0,2.051089034579752e-12,1.8031382770113914e-12,0.10005742199588778,1.0,-2.0165323359050327e-10,2.2938270540874405e-10,5.284525740351142e-12,1.0597293345322718e-10,9.316214431205446e-11,0.0017188401744558518,-1.0830374216534406e-08,1.2319666261431812e-08,2.8915044823312445e-10,0.0,0.0,0.0,1.0,0.0,0.0,0.0,25.0,0.2,0.12,100.0,100.0,0.5,55.0,0.12,0.0012,0.0052,0.0173,0.001
0,1762837392.5585709,-3.341267283798491e-09,3.800727195741224e-09,0.39343819474417985,-3.890417210137362e-10,-1.269051396792117e-18,8.826314920961324e-19,-6.609296443471635e-16,6.582738986860911e-19,0.0,0.0,0.0,1.0,0.0,0.0,0.0,0.0,0.0,0.0,0.0,0.0,0.0,-0.0,0.0,0.1,1.0,-0.0,-0.0,-0.0,0.0,0.0,0.0,0.0,0.0,0.0,2.0510890345222327e-12,1.8031382769927007e-12,0.10005742199588777,1.0,-2.0165323358885793e-10,2.2938270540157043e-10,5.284525740781672e-12,1.0597293344997318e-10,9.316214431125815e-11,0.0017188401744554793,-1.0830374216460032e-08,1.2319666261023221e-08,2.891504482628348e-10,0.0,0.0,0.0,1.0,0.0,0.0,0.0,25.0,0.2,0.12,100.0,100.0,0.5,55.0,0.12,0.0018,0.0033,0.0157,0.0007
0,1762837392.620622,-3.3412672836904914e-09,3.800727195799471e-09,0.3934381947441797,-3.890417209953983e-10,5.399975659450299e-19,2.9124119469318296e-19,-7.4593109467002705e-16,9.168955878147634e-20,0.0,0.0,0.0,1.0,0.0,0.0,0.0,0.0,0.0,0.0,0.0,0.0,0.0,-0.0,0.0,0.1,1.0,-0.0,-0.0,-0.0,0.0,0.0,0.0,0.0,0.0,0.0,2.0510890346174962e-12,1.8031382771296711e-12,0.10005742199588777,1.0,-2.0165323360622017e-10,2.2938270541423054e-10,5.2845257387619115e-12,1.0597293345565904e-10,9.316214431911327e-11,0.0017188401744554598,-1.0830374217456818e-08,1.2319666261766274e-08,2.8915044814465257e-10,0.0,0.0,0.0,1.0,0.0,0.0,0.0,25.0,0.2,0.12,100.0,100.0,0.5,55.0,0.12,0.001,0.0025,0.0141,0.0009
0,1762837392.684045,-3.3412672835507235e-09,3.8007271958998745e-09,0.39343819474417985,-3.890417210237408e-10,6.988385774317501e-19,5.020159137584325e-19,5.811323644522304e-16,-1.417125825425847e-19,0.0,0.0,0.0,1.0,0.0,0.0,0.0,0.0,0.0,0.0,0.0,0.0,0.0,-0.0,0.0,0.1,1.0,-0.0,-0.0,-0.0,0.0,0.0,0.0,0.0,0.0,0.0,2.051089034648929e-12,1.8031382770713876e-12,0.10005742199588777,1.0,-2.0165323359713809e-10,2.293827054169077e-10,5.284525738688031e-12,1.0597293345696391e-10,9.316214431512569e-11,0.0017188401744552243,-1.0830374216888388e-08,1.2319666261883694e-08,2.8915044814641544e-10,0.0,0.0,0.0,1.0,0.0,0.0,0.0,25.0,0.2,0.12,100.0,100.0,0.5,55.0,0.12,0.0035,0.0017,0.0091,0.0007
0,1762837392.7557006,-3.341267283552948e-09,3.800727195591446e-09,0.3934381947441792,-3.890417209891622e-10,-1.1121443335775457e-20,-1.5421425944846614e-18,-3.3670982668709826e-15,1.7289276799185895e-19,0.0,0.0,0.0,1.0,0.0,0.0,0.0,0.0,0.0,0.0,0.0,0.0,0.0,-0.0,0.0,0.1,1.0,-0.0,-0.0,-0.0,0.0,0.0,0.0,0.0,0.0,0.0,2.0510890347031135e-12,1.8031382769959617e-12,0.10005742199588777,1.0,-2.0165323358847763e-10,2.2938270542326598e-10,5.2845257391452e-12,1.0597293345987719e-10,9.316214431114297e-11,0.0017188401744554992,-1.083037421641617e-08,1.2319666262234581e-08,2.891504481738215e-10,0.0,0.0,0.0,1.0,0.0,0.0,0.0,25.0,0.2,0.12,100.0,100.0,0.5,55.0,0.12,0.003,0.002,0.0134,0.0008
0,1762837392.8273096,-3.3412672835031333e-09,3.800727195676353e-09,0.3934381947441792,-3.8904172107912974e-10,2.490731814264547e-19,4.2453142423875273e-19,2.5500435096859064e-16,-4.498377226101055e-19,0.0,0.0,0.0,1.0,0.0,0.0,0.0,0.0,0.0,0.0,0.0,0.0,0.0,-0.0,0.0,0.1,1.0,-0.0,-0.0,-0.0,0.0,0.0,0.0,0.0,0.0,0.0,2.051089034536664e-12,1.8031382769971585e-12,0.10005742199588773,1.0,-2.0165323358961814e-10,2.2938270540175435e-10,5.284525738578213e-12,1.0597293345017416e-10,9.316214431158794e-11,0.0017188401744542047,-1.083037421650908e-08,1.2319666260988106e-08,2.8915044813957456e-10,0.0,0.0,0.0,1.0,0.0,0.0,0.0,25.0,0.2,0.12,100.0,100.0,0.5,55.0,0.12,0.0045,0.0035,0.0155,0.001
0,1762837392.8953834,-3.341267283777985e-09,3.8007271955563315e-09,0.39343819474417985,-3.8904172104685336e-10,-1.3742571901802864e-18,-6.001096082398709e-19,3.3341385208274232e-15,1.6138174843696515e-19,0.0,0.0,0.0,1.0,0.0,0.0,0.0,0.0,0.0,0.0,0.0,0.0,0.0,-0.0,0.0,0.1,1.0,-0.0,-0.0,-0.0,0.0,0.0,0.0,0.0,0.0,0.0,2.0510890345824857e-12,1.8031382769702765e-12,0.10005742199588773,1.0,-2.0165323358624293e-10,2.293827054096662e-10,5.284525739992858e-12,1.0597293345360295e-10,9.316214431005861e-11,0.0017188401744544207,-1.08303742163162e-08,1.231966626150071e-08,2.891504482233594e-10,0.0,0.0,0.0,1.0,0.0,0.0,0.0,25.0,0.2,0.12,100.0,100.0,0.5,55.0,0.12,0.0057,0.0047,0.013,0.0009
0,1762837392.9515076,-3.3412672838360284e-09,3.80072719554892e-09,0.3934381947441798,-3.8904172107678913e-10,-2.9021797227545487e-19,-3.7059345803600746e-20,-2.445960101127298e-16,-1.4967859033541178e-19,0.0,0.0,0.0,1.0,0.0,0.0,0.0,0.0,0.0,0.0,0.0,0.0,0.0,-0.0,0.0,0.1,1.0,-0.0,-0.0,-0.0,0.0,0.0,0.0,0.0,0.0,0.0,2.0510890345177188e-12,1.8031382771186056e-12,0.10005742199588777,1.0,-2.016532336051317e-10,2.293827054009703e-10,5.284525739365416e-12,1.059729334497037e-10,9.316214431859835e-11,0.0017188401744556957,-1.0830374217403048e-08,1.2319666260987992e-08,2.891504481827655e-10,0.0,0.0,0.0,1.0,0.0,0.0,0.0,25.0,0.2,0.12,100.0,100.0,0.5,55.0,0.12,0.0031,0.0028,0.0089,0.0007
0,1762837393.0240953,-3.3412672835954277e-09,3.800727195539534e-09,0.3934381947441792,-3.890417211574467e-10,1.2030068151440456e-18,-4.692926487258347e-20,-2.796374243274613e-15,-4.0328743570504203e-19,0.0,0.0,0.0,1.0,0.0,0.0,0.0,0.0,0.0,0.0,0.0,0.0,0.0,-0.0,0.0,0.1,1.0,-0.0,-0.0,-0.0,0.0,0.0,0.0,0.0,0.0,0.0,2.0510890345137174e-12,1.8031382771499284e-12,0.10005742199588777,1.0,-2.0165323360709827e-10,2.2938270540132104e-10,5.2845257398682406e-12,1.0597293344980084e-10,9.316214431963166e-11,0.001718840174455362,-1.0830374217460342e-08,1.2319666261031932e-08,2.8915044821346536e-10,0.0,0.0,0.0,1.0,0.0,0.0,0.0,25.0,0.2,0.12,100.0,100.0,0.5,55.0,0.12,0.0057,0.0042,0.0107,0.0005
0,1762837393.0882933,-3.3412672835540976e-09,3.800727195627162e-09,0.3934381947441794,-3.890417211464857e-10,2.066512237116727e-19,4.381401996764751e-19,1.5525775109992423e-15,5.480479978591256e-20,0.0,0.0,0.0,1.0,0.0,0.0,0.0,0.0,0.0,0.0,0.0,0.0,0.0,-0.0,0.0,0.1,1.0,-0.0,-0.0,-0.0,0.0,0.0,0.0,0.0,0.0,0.0,2.051089034508649e-12,1.8031382770200832e-12,0.10005742199588773,1.0,-2.0165323359046103e-10,2.2938270540074056e-10,5.284525741042276e-12,1.059729334495336e-10,9.316214431211715e-11,0.0017188401744542047,-1.083037421650022e-08,1.2319666261000315e-08,2.8915044828030295e-10,0.0,0.0,0.0,1.0,0.0,0.0,0.0,25.0,0.2,0.12,100.0,100.0,0.5,55.0,0.12,0.0036,0.0028,0.0122,0.0007
0,1762837393.154802,-3.3412672832875618e-09,3.800727195565304e-09,0.39343819474418007,-3.890417210295654e-10,1.3326773023290833e-18,-3.0929193002031513e-19,3.2959746043559335e-15,5.846019621578506e-19,0.0,0.0,0.0,1.0,0.0,0.0,0.0,0.0,0.0,0.0,0.0,0.0,0.0,-0.0,0.0,0.1,1.0,-0.0,-0.0,-0.0,0.0,0.0,0.0,0.0,0.0,0.0,2.0510890345559404e-12,1.8031382769977809e-12,0.10005742199588774,1.0,-2.0165323358937887e-10,2.2938270540671666e-10,5.284525740751724e-12,1.0597293345223877e-10,9.316214431150258e-11,0.0017188401744548717,-1.0830374216486519e-08,1.2319666261342902e-08,2.891504482597114e-10,0.0,0.0,0.0,1.0,0.0,0.0,0.0,25.0,0.2,0.12,100.0,100.0,0.5,55.0,0.12,0.0036,0.0035,0.0113,0.0007
0,1762837393.2213793,-3.34126728363907e-09,3.800727195678731e-09,0.3934381947441796,-3.890417210862596e-10,-1.757542080354695e-18,5.67134880301057e-19,-2.0990154059319366e-15,-2.8347148719947237e-19,0.0,0.0,0.0,1.0,0.0,0.0,0.0,0.0,0.0,0.0,0.0,0.0,0.0,-0.0,0.0,0.1,1.0,-0.0,-0.0,-0.0,0.0,0.0,0.0,0.0,0.0,0.0,2.0510890345225615e-12,1.8031382768539462e-12,0.10005742199588778,1.0,-2.0165323357169685e-10,2.2938270540192395e-10,5.284525738999708e-12,1.0597293345011085e-10,9.316214430346346e-11,0.0017188401744560485,-1.0830374215486653e-08,1.2319666261052178e-08,2.891504481584189e-10,0.0,0.0,0.0,1.0,0.0,0.0,0.0,25.0,0.2,0.12,100.0,100.0,0.5,55.0,0.12,0.0024,0.0029,0.0131,0.0008
0,1762837393.2796168,-3.3412672834963906e-09,3.800727195632264e-09,0.3934381947441801,-3.8904172106841036e-10,7.133953018514583e-19,-2.3233766327328186e-19,2.7044338990478423e-15,8.924629989654197e-20,0.0,0.0,0.0,1.0,0.0,0.0,0.0,0.0,0.0,0.0,0.0,0.0,0.0,-0.0,0.0,0.1,1.0,-0.0,-0.0,-0.0,0.0,0.0,0.0,0.0,0.0,0.0,2.05108903458377e-12,1.803138277043637e-12,0.10005742199588774,1.0,-2.0165323359729111e-10,2.2938270541001179e-10,5.284525740038258e-12,1.0597293345374626e-10,9.316214431493179e-11,0.0017188401744550087,-1.0830374216999035e-08,1.231966626152563e-08,2.8915044822413894e-10,0.0,0.0,0.0,1.0,0.0,0.0,0.0,25.0,0.2,0.12,100.0,100.0,0.5,55.0,0.12,0.0014,0.0013,0.007,0.0006
0,1762837393.3508098,-3.341267283457577e-09,3.800727195551781e-09,0.39343819474417985,-3.890417211722748e-10,1.9406484351106582e-19,-4.024142690203099e-19,-1.2819606487468604e-15,-5.193223674800259e-19,0.0,0.0,0.0,1.0,0.0,0.0,0.0,0.0,0.0,0.0,0.0,0.0,0.0,-0.0,0.0,0.1,1.0,-0.0,-0.0,-0.0,0.0,0.0,0.0,0.0,0.0,0.0,2.0510890345586974e-12,1.803138276966642e-12,0.10005742199588778,1.0,-2.0165323358517788e-10,2.2938270540607428e-10,5.284525739680544e-12,1.0597293345201941e-10,9.31621443096203e-11,0.0017188401744561463,-1.08303742162383e-08,1.2319666261278511e-08,2.8915044820074725e-10,0.0,0.0,0.0,1.0,0.0,0.0,0.0,25.0,0.2,0.12,100.0,100.0,0.5,55.0,0.12,0.0028,0.002,0.0089,0.0005
0,1762837393.4225924,-3.341267283612035e-09,3.8007271957127836e-09,0.3934381947441796,-3.890417211054956e-10,-7.722872527427837e-19,8.05011344955994e-19,-9.610368056911511e-16,3.338960812985811e-19,0.0,0.0,0.0,1.0,0.0,0.0,0.0,0.0,0.0,0.0,0.0,0.0,0.0,-0.0,0.0,0.1,1.0,-0.0,-0.0,-0.0,0.0,0.0,0.0,0.0,0.0,0.0,2.0510890345152615e-12,1.8031382769456943e-12,0.10005742199588777,1.0,-2.0165323358357145e-10,2.293827054009759e-10,5.284525741279575e-12,1.0597293344968346e-10,9.316214430881823e-11,0.001718840174455381,-1.0830374216175175e-08,1.2319666260997106e-08,2.8915044829447607e-10,0.0,0.0,0.0,1.0,0.0,0.0,0.0,25.0,0.2,0.12,100.0,100.0,0.5,55.0,0.12,0.0029,0.0035,0.0117,0.0006
0,1762837393.4920394,-3.341267283709897e-09,3.800727195920745e-09,0.3934381947441796,-3.890417211498661e-10,-4.893120739108431e-19,1.0398073890097834e-18,1.3357370765021415e-16,-2.2185242522613625e-19,0.0,0.0,0.0,1.0,0.0,0.0,0.0,0.0,0.0,0.0,0.0,0.0,0.0,-0.0,0.0,0.1,1.0,-0.0,-0.0,-0.0,0.0,0.0,0.0,0.0,0.0,0.0,2.051089034602147e-12,1.8031382770290475e-12,0.10005742199588774,1.0,-2.0165323359426306e-10,2.293827054124041e-10,5.284525740108632e-12,1.059729334548241e-10,9.31621443136463e-11,0.0017188401744550282,-1.083037421679248e-08,1.2319666261664718e-08,2.8915044822166396e-10,0.0,0.0,0.0,1.0,0.0,0.0,0.0,25.0,0.2,0.12,100.0,100.0,0.5,55.0,0.12,0.0044,0.0065,0.0112,0.0009
0,1762837393.556107,-3.3412672834846884e-09,3.800727195662851e-09,0.39343819474417957,-3.890417211438943e-10,1.1260467581327244e-18,-1.2894736589354387e-18,-2.7755575615628914e-16,2.9858661023144213e-20,0.0,0.0,0.0,1.0,0.0,0.0,0.0,0.0,0.0,0.0,0.0,0.0,0.0,-0.0,0.0,0.1,1.0,-0.0,-0.0,-0.0,0.0,0.0,0.0,0.0,0.0,0.0,2.0510890347143757e-12,1.80313827708186e-12,0.10005742199588774,1.0,-2.0165323359976816e-10,2.293827054252879e-10,5.284525740883197e-12,1.0597293346074929e-10,9.316214431622223e-11,0.0017188401744551265,-1.0830374217075531e-08,1.2319666262367145e-08,2.891504482697397e-10,0.0,0.0,0.0,1.0,0.0,0.0,0.0,25.0,0.2,0.12,100.0,100.0,0.5,55.0,0.12,0.0033,0.0041,0.0124,0.0006
0,1762837393.621882,-3.341267283483319e-09,3.800727195695732e-09,0.39343819474418,-3.890417211912654e-10,6.847401110713963e-21,1.6440545546736446e-19,2.159730727591125e-15,-2.3685538773692265e-19,0.0,0.0,0.0,1.0,0.0,0.0,0.0,0.0,0.0,0.0,0.0,0.0,0.0,-0.0,0.0,0.1,1.0,-0.0,-0.0,-0.0,0.0,0.0,0.0,0.0,0.0,0.0,2.051089034575201e-12,1.8031382769603243e-12,0.10005742199588774,1.0,-2.0165323358388676e-10,2.2938270540642192e-10,5.284525740724239e-12,1.0597293345230159e-10,9.316214430907114e-11,0.0017188401744550092,-1.0830374216150561e-08,1.2319666261250054e-08,2.8915044825846306e-10,0.0,0.0,0.0,1.0,0.0,0.0,0.0,25.0,0.2,0.12,100.0,100.0,0.5,55.0,0.12,0.0026,0.0036,0.0128,0.0007
0,1762837393.69385,-3.3412672838050013e-09,3.800727195638869e-09,0.39343819474417985,-3.8904172112833385e-10,-1.6084096877175096e-18,-2.8431521142427646e-19,-4.909267437014364e-16,3.1465792820212905e-19,0.0,0.0,0.0,1.0,0.0,0.0,0.0,0.0,0.0,0.0,0.0,0.0,0.0,-0.0,0.0,0.1,1.0,-0.0,-0.0,-0.0,0.0,0.0,0.0,0.0,0.0,0.0,2.0510890345929474e-12,1.8031382769595872e-12,0.10005742199588778,1.0,-2.0165323358539042e-10,2.29382705410467e-10,5.284525741450182e-12,1.059729334540031e-10,9.316214430963709e-11,0.0017188401744558522,-1.0830374216281214e-08,1.2319666261532124e-08,2.8915044830091686e-10,0.0,0.0,0.0,1.0,0.0,0.0,0.0,25.0,0.2,0.12,100.0,100.0,0.5,55.0,0.12,0.0071,0.0052,0.0116,0.0006
0,1762837393.7583117,-3.341267283727993e-09,3.800727195610355e-09,0.3934381947441797,-3.890417210730865e-10,3.850418217954712e-19,-1.4257698628270262e-19,-6.106226635438361e-16,2.762364744235949e-19,0.0,0.0,0.0,1.0,0.0,0.0,0.0,0.0,0.0,0.0,0.0,0.0,0.0,-0.0,0.0,0.1,1.0,-0.0,-0.0,-0.0,0.0,0.0,0.0,0.0,0.0,0.0,2.0510890345622605e-12,1.8031382771331846e-12,0.10005742199588777,1.0,-2.0165323360709414e-10,2.2938270540639925e-10,5.284525740424802e-12,1.0597293345217544e-10,9.316214431947794e-11,0.0017188401744554598,-1.0830374217518883e-08,1.2319666261293647e-08,2.8915044823916085e-10,0.0,0.0,0.0,1.0,0.0,0.0,0.0,25.0,0.2,0.12,100.0,100.0,0.5,55.0,0.12,0.0032,0.0033,0.0143,0.0011
0,1762837393.816187,-3.341267283776917e-09,3.80072719575838e-09,0.39343819474417924,-3.890417211188795e-10,-2.446179866472441e-19,7.401314336103973e-19,-2.329733628236852e-15,-2.2896504112075003e-19,0.0,0.0,0.0,1.0,0.0,0.0,0.0,0.0,0.0,0.0,0.0,0.0,0.0,-0.0,0.0,0.1,1.0,-0.0,-0.0,-0.0,0.0,0.0,0.0,0.0,0.0,0.0,2.0510890345468713e-12,1.8031382770916257e-12,0.10005742199588777,1.0,-2.0165323359962102e-10,2.293827054048792e-10,5.284525739686236e-12,1.0597293345145683e-10,9.316214431625494e-11,0.0017188401744552243,-1.083037421702865e-08,1.231966626121833e-08,2.8915044819914273e-10,0.0,0.0,0.0,1.0,0.0,0.0,0.0,25.0,0.2,0.12,100.0,100.0,0.5,55.0,0.12,0.0034,0.0022,0.0068,0.0007
0,1762837393.884159,-3.3412672837135854e-09,3.8007271956103315e-09,0.39343819474418074,-3.8904172115885496e-10,3.166588005557124e-19,-7.402455845349296e-19,7.2476746826311e-15,-1.9987733827789938e-19,0.0,0.0,0.0,1.0,0.0,0.0,0.0,0.0,0.0,0.0,0.0,0.0,0.0,-0.0,0.0,0.1,1.0,-0.0,-0.0,-0.0,0.0,0.0,0.0,0.0,0.0,0.0,2.0510890346267515e-12,1.8031382771180254e-12,0.10005742199588773,1.0,-2.0165323360346615e-10,2.29382705415064e-10,5.284525740464492e-12,1.0597293345606032e-10,9.316214431795873e-11,0.0017188401744544007,-1.0830374217263235e-08,1.2319666261804685e-08,2.891504482469026e-10,0.0,0.0,0.0,1.0,0.0,0.0,0.0,25.0,0.2,0.12,100.0,100.0,0.5,55.0,0.12,0.003,0.0031,0.0086,0.0007
0,1762837393.967113,-3.34126728366889e-09,3.800727195631854e-09,0.3934381947441793,-3.8904172108347456e-10,2.2347607737100127e-19,1.0760792588702337e-19,-7.082875952413303e-15,3.7690179588127827e-19,0.0,0.0,0.0,1.0,0.0,0.0,0.0,0.0,0.0,0.0,0.0,0.0,0.0,-0.0,0.0,0.1,1.0,-0.0,-0.0,-0.0,0.0,0.0,0.0,0.0,0.0,0.0,2.0510890345468648e-12,1.8031382770838565e-12,0.10005742199588782,1.0,-2.016532335988484e-10,2.2938270540403067e-10,5.284525740998502e-12,1.05972933451134e-10,9.316214431589049e-11,0.0017188401744573823,-1.0830374216990202e-08,1.2319666261146112e-08,2.891504482758236e-10,0.0,0.0,0.0,1.0,0.0,0.0,0.0,25.0,0.2,0.12,100.0,100.0,0.5,55.0,0.12,0.0038,0.007,0.0185,0.0013
0,1762837394.0241735,-3.3412672838243937e-09,3.80072719554955e-09,0.3934381947441796,-3.8904172106617656e-10,-7.775191701171816e-19,-4.115198732032936e-19,1.6132928326584306e-15,8.648972050520901e-20,0.0,0.0,0.0,1.0,0.0,0.0,0.0,0.0,0.0,0.0,0.0,0.0,0.0,-0.0,0.0,0.1,1.0,-0.0,-0.0,-0.0,0.0,0.0,0.0,0.0,0.0,0.0,2.05108903455847e-12,1.803138277059727e-12,0.10005742199588773,1.0,-2.01653233596283e-10,2.293827054065313e-10,5.284525739796211e-12,1.0597293345219105e-10,9.316214431469403e-11,0.001718840174454165,-1.0830374216856575e-08,1.2319666261318214e-08,2.8915044820412877e-10,0.0,0.0,0.0,1.0,0.0,0.0,0.0,25.0,0.2,0.12,100.0,100.0,0.5,55.0,0.12,0.0035,0.0036,0.0141,0.0007
0,1762837394.086163,-3.3412672835343346e-09,3.800727195731202e-09,0.3934381947441796,-3.890417210614322e-10,1.4502957679892234e-18,9.082575474730252e-19,-1.231653667943533e-16,2.372204070316058e-20,0.0,0.0,0.0,1.0,0.0,0.0,0.0,0.0,0.0,0.0,0.0,0.0,0.0,-0.0,0.0,0.1,1.0,-0.0,-0.0,-0.0,0.0,0.0,0.0,0.0,0.0,0.0,2.0510890345140575e-12,1.8031382771436488e-12,0.10005742199588775,1.0,-2.0165323360708674e-10,2.2938270540082835e-10,5.284525739651052e-12,1.0597293344961633e-10,9.31621443195702e-11,0.0017188401744552442,-1.0830374217481448e-08,1.2319666260988774e-08,2.891504481991618e-10,0.0,0.0,0.0,1.0,0.0,0.0,0.0,25.0,0.2,0.12,100.0,100.0,0.5,55.0,0.12,0.0034,0.0033,0.0093,0.0006
0,1762837394.1614578,-3.3412672834526753e-09,3.800727195453512e-09,0.39343819474417935,-3.890417210875566e-10,4.0829800471739957e-19,-1.3884507823110838e-18,-1.3322676295501878e-15,-1.3062195168462684e-19,0.0,0.0,0.0,1.0,0.0,0.0,0.0,0.0,0.0,0.0,0.0,0.0,0.0,-0.0,0.0,0.1,1.0,-0.0,-0.0,-0.0,0.0,0.0,0.0,0.0,0.0,0.0,2.051089034612087e-12,1.8031382769871166e-12,0.10005742199588774,1.0,-2.0165323358642343e-10,2.2938270541366208e-10,5.284525739606019e-12,1.0597293345539341e-10,9.316214431028044e-11,0.0017188401744551265,-1.0830374216272345e-08,1.2319666261736886e-08,2.8915044819734087e-10,0.0,0.0,0.0,1.0,0.0,0.0,0.0,25.0,0.2,0.12,100.0,100.0,0.5,55.0,0.12,0.0033,0.0061,0.0157,0.0006
0,1762837394.2282774,-3.341267283551512e-09,3.80072719574482e-09,0.39343819474418007,-3.8904172107207497e-10,-4.941833405381679e-19,1.4565393272527737e-18,3.677613769070831e-15,7.740797531301861e-20,0.0,0.0,0.0,1.0,0.0,0.0,0.0,0.0,0.0,0.0,0.0,0.0,0.0,-0.0,0.0,0.1,1.0,-0.0,-0.0,-0.0,0.0,0.0,0.0,0.0,0.0,0.0,2.051089034462228e-12,1.8031382769430468e-12,0.10005742199588774,1.0,-2.0165323358297195e-10,2.2938270539364754e-10,5.2845257400086084e-12,1.0597293344641123e-10,9.316214430856581e-11,0.0017188401744545577,-1.0830374216133428e-08,1.2319666260559559e-08,2.891504482209505e-10,0.0,0.0,0.0,1.0,0.0,0.0,0.0,25.0,0.2,0.12,100.0,100.0,0.5,55.0,0.12,0.0059,0.0051,0.0138,0.0006
0,1762837394.290895,-3.3412672836812075e-09,3.800727195651136e-09,0.3934381947441792,-3.890417210192048e-10,-6.48475685836459e-19,-4.684199731795913e-19,-4.550179677487165e-15,2.6435092299697357e-19,0.0,0.0,0.0,1.0,0.0,0.0,0.0,0.0,0.0,0.0,0.0,0.0,0.0,-0.0,0.0,0.1,1.0,-0.0,-0.0,-0.0,0.0,0.0,0.0,0.0,0.0,0.0,2.051089034619439e-12,1.8031382769963884e-12,0.10005742199588778,1.0,-2.0165323359021616e-10,2.2938270541526105e-10,5.284525739733981e-12,1.0597293345606915e-10,9.316214431180886e-11,0.0017188401744560485,-1.083037421656273e-08,1.2319666261847207e-08,2.8915044820379247e-10,0.0,0.0,0.0,1.0,0.0,0.0,0.0,25.0,0.2,0.12,100.0,100.0,0.5,55.0,0.12,0.0017,0.002,0.0176,0.0006
0,1762837394.3596582,-3.3412672836361407e-09,3.800727195673222e-09,0.39343819474418046,-3.890417209685686e-10,2.253372337492456e-19,1.1042447587276643e-19,6.616235337375542e-15,2.5318096034839305e-19,0.0,0.0,0.0,1.0,0.0,0.0,0.0,0.0,0.0,0.0,0.0,0.0,0.0,-0.0,0.0,0.1,1.0,-0.0,-0.0,-0.0,0.0,0.0,0.0,0.0,0.0,0.0,2.0510890345688756e-12,1.8031382770663743e-12,0.10005742199588773,1.0,-2.0165323359826225e-10,2.2938270540687866e-10,5.284525738958013e-12,1.0597293345241786e-10,9.316214431550805e-11,0.0017188401744541067,-1.083037421700175e-08,1.2319666261311188e-08,2.891504481594187e-10,0.0,0.0,0.0,1.0,0.0,0.0,0.0,25.0,0.2,0.12,100.0,100.0,0.5,55.0,0.12,0.0071,0.0046,0.0102,0.0007
0,1762837394.4236016,-3.341267283502275e-09,3.8007271956480435e-09,0.3934381947441794,-3.890417210328929e-10,6.693280818983083e-19,-1.258919261468955e-19,-5.204170427930421e-15,-3.216211862973887e-19,0.0,0.0,0.0,1.0,0.0,0.0,0.0,0.0,0.0,0.0,0.0,0.0,0.0,-0.0,0.0,0.1,1.0,-0.0,-0.0,-0.0,0.0,0.0,0.0,0.0,0.0,0.0,2.0510890345808034e-12,1.8031382770420615e-12,0.10005742199588781,1.0,-2.0165323359430388e-10,2.29382705409032e-10,5.284525738273654e-12,1.0597293345334655e-10,9.316214431378036e-11,0.0017188401744568918,-1.0830374216750198e-08,1.2319666261452644e-08,2.8915044812208755e-10,0.0,0.0,0.0,1.0,0.0,0.0,0.0,25.0,0.2,0.12,100.0,100.0,0.5,55.0,0.12,0.0065,0.0053,0.0088,0.0005
0,1762837394.5048637,-3.3412672834655822e-09,3.800727195807626e-09,0.3934381947441798,-3.8904172106699324e-10,1.8346535114181133e-19,7.979091722166137e-19,2.1701390684469857e-15,-1.7050211262400413e-19,0.0,0.0,0.0,1.0,0.0,0.0,0.0,0.0,0.0,0.0,0.0,0.0,0.0,-0.0,0.0,0.1,1.0,-0.0,-0.0,-0.0,0.0,0.0,0.0,0.0,0.0,0.0,2.051089034567208e-12,1.8031382769698136e-12,0.10005742199588774,1.0,-2.0165323358559548e-10,2.2938270540717748e-10,5.284525739325152e-12,1.0597293345251654e-10,9.31621443098079e-11,0.001718840174454518,-1.0830374216262694e-08,1.2319666261342508e-08,2.891504481855113e-10,0.0,0.0,0.0,1.0,0.0,0.0,0.0,25.0,0.2,0.12,100.0,100.0,0.5,55.0,0.12,0.0065,0.0053,0.0229,0.0009
0,1762837394.5492742,-3.3412672835562983e-09,3.800727195689318e-09,0.3934381947441804,-3.890417209672945e-10,-4.5358035299039e-19,-5.915400170938216e-19,3.0548480411951573e-15,4.984937787101817e-19,0.0,0.0,0.0,1.0,0.0,0.0,0.0,0.0,0.0,0.0,0.0,0.0,0.0,-0.0,0.0,0.1,1.0,-0.0,-0.0,-0.0,0.0,0.0,0.0,0.0,0.0,0.0,2.0510890346533308e-12,1.8031382769500144e-12,0.10005742199588777,1.0,-2.0165323358406961e-10,2.2938270541811797e-10,5.28452573974162e-12,1.059729334574648e-10,9.316214430904718e-11,0.0017188401744554994,-1.0830374216202404e-08,1.2319666261971285e-08,2.891504482067505e-10,0.0,0.0,0.0,1.0,0.0,0.0,0.0,25.0,0.2,0.12,100.0,100.0,0.5,55.0,0.12,0.0021,0.0033,0.0076,0.0004
0,1762837394.6198711,-3.3412672834858047e-09,3.800727195558716e-09,0.39343819474417974,-3.8904172097232806e-10,3.5246744927313296e-19,-6.53006154051412e-19,-3.5318969970887792e-15,-2.5167435426020428e-20,0.0,0.0,0.0,1.0,0.0,0.0,0.0,0.0,0.0,0.0,0.0,0.0,0.0,-0.0,0.0,0.1,1.0,-0.0,-0.0,-0.0,0.0,0.0,0.0,0.0,0.0,0.0,2.051089034589489e-12,1.8031382769989734e-12,0.10005742199588781,1.0,-2.0165323359044746e-10,2.293827054090085e-10,5.284525738180485e-12,1.0597293345341645e-10,9.316214431192049e-11,0.0017188401744566365,-1.0830374216573345e-08,1.231966626142009e-08,2.891504481144762e-10,0.0,0.0,0.0,1.0,0.0,0.0,0.0,25.0,0.2,0.12,100.0,100.0,0.5,55.0,0.12,0.0035,0.0036,0.0082,0.0002
0,1762837394.6918242,-3.3412672834263594e-09,3.800727195434072e-09,0.3934381947441795,-3.8904172093930623e-10,2.972258464250041e-19,-6.232235160964402e-19,-1.1986939218999737e-15,1.6510930862046466e-19,0.0,0.0,0.0,1.0,0.0,0.0,0.0,0.0,0.0,0.0,0.0,0.0,0.0,-0.0,0.0,0.1,1.0,-0.0,-0.0,-0.0,0.0,0.0,0.0,0.0,0.0,0.0,2.0510890345190036e-12,1.803138276960927e-12,0.10005742199588775,1.0,-2.0165323358505055e-10,2.2938270540103923e-10,5.284525738410796e-12,1.0597293344974154e-10,9.316214430951976e-11,0.001718840174455126,-1.0830374216247555e-08,1.2319666260989337e-08,2.8915044813244343e-10,0.0,0.0,0.0,1.0,0.0,0.0,0.0,25.0,0.2,0.12,100.0,100.0,0.5,55.0,0.12,0.0015,0.0026,0.0173,0.0012
0,1762837394.7603087,-3.341267283512758e-09,3.8007271957484715e-09,0.3934381947441803,-3.8904172102130185e-10,-4.3199093900275594e-19,1.5719971971529253e-18,3.724451302922205e-15,-4.099779826921006e-19,0.0,0.0,0.0,1.0,0.0,0.0,0.0,0.0,0.0,0.0,0.0,0.0,0.0,-0.0,0.0,0.1,1.0,-0.0,-0.0,-0.0,0.0,0.0,0.0,0.0,0.0,0.0,2.051089034451738e-12,1.8031382769288464e-12,0.10005742199588774,1.0,-2.0165323358154118e-10,2.2938270539355885e-10,5.284525737903405e-12,1.0597293344628221e-10,9.316214430789207e-11,0.0017188401744548912,-1.0830374216061535e-08,1.2319666260588909e-08,2.891504481027312e-10,0.0,0.0,0.0,1.0,0.0,0.0,0.0,25.0,0.2,0.12,100.0,100.0,0.5,55.0,0.12,0.0028,0.0015,0.0186,0.0009
0,1762837394.8331249,-3.3412672836483966e-09,3.800727195760705e-09,0.3934381947441803,-3.8904172107564617e-10,-6.78191322161814e-19,6.116256167278342e-20,-2.5153490401663703e-16,-2.717214899957332e-19,0.0,0.0,0.0,1.0,0.0,0.0,0.0,0.0,0.0,0.0,0.0,0.0,0.0,-0.0,0.0,0.1,1.0,-0.0,-0.0,-0.0,0.0,0.0,0.0,0.0,0.0,0.0,2.051089034621411e-12,1.803138276975476e-12,0.10005742199588778,1.0,-2.0165323358778914e-10,2.2938270541564507e-10,5.2845257391950295e-12,1.0597293345623333e-10,9.316214431069482e-11,0.001718840174456421,-1.0830374216429607e-08,1.2319666261872977e-08,2.891504481792968e-10,0.0,0.0,0.0,1.0,0.0,0.0,0.0,25.0,0.2,0.12,100.0,100.0,0.5,55.0,0.12,0.009,0.0063,0.0141,0.0005
0,1762837394.88431,-3.3412672836043265e-09,3.800727195836107e-09,0.39343819474417946,-3.8904172089311347e-10,2.203518161973885e-19,3.7701237958941895e-19,-3.698430450782553e-15,9.12663525005789e-19,0.0,0.0,0.0,1.0,0.0,0.0,0.0,0.0,0.0,0.0,0.0,0.0,0.0,-0.0,0.0,0.1,1.0,-0.0,-0.0,-0.0,0.0,0.0,0.0,0.0,0.0,0.0,2.0510890346280117e-12,1.8031382770486735e-12,0.10005742199588778,1.0,-2.0165323359632417e-10,2.2938270541424196e-10,5.284525739890457e-12,1.0597293345575902e-10,9.316214431460955e-11,0.0017188401744561853,-1.0830374216898984e-08,1.2319666261730266e-08,2.891504482159315e-10,0.0,0.0,0.0,1.0,0.0,0.0,0.0,25.0,0.2,0.12,100.0,100.0,0.5,55.0,0.12,0.0025,0.0027,0.0096,0.0006
0,1762837394.9498608,-3.341267283700247e-09,3.800727195684323e-09,0.3934381947441802,-3.89041721031732e-10,-4.796034550613082e-19,-7.589208412245393e-19,3.726186026398182e-15,-6.930928774993802e-19,0.0,0.0,0.0,1.0,0.0,0.0,0.0,0.0,0.0,0.0,0.0,0.0,0.0,-0.0,0.0,0.1,1.0,-0.0,-0.0,-0.0,0.0,0.0,0.0,0.0,0.0,0.0,2.051089034668698e-12,1.8031382770248864e-12,0.10005742199588774,1.0,-2.0165323359239085e-10,2.2938270541924036e-10,5.284525737044772e-12,1.0597293345803162e-10,9.316214431289562e-11,0.001718840174454675,-1.0830374216647675e-08,1.2319666262012797e-08,2.8915044804809024e-10,0.0,0.0,0.0,1.0,0.0,0.0,0.0,25.0,0.2,0.12,100.0,100.0,0.5,55.0,0.12,0.0038,0.0019,0.0074,0.0003
0,1762837395.0246122,-3.3412672834643534e-09,3.800727195554057e-09,0.39343819474418035,-3.890417212091145e-10,1.179467736452624e-18,-6.513311133109921e-19,9.575673587391975e-16,-8.86912642904583e-19,0.0,0.0,0.0,1.0,0.0,0.0,0.0,0.0,0.0,0.0,0.0,0.0,0.0,-0.0,0.0,0.1,1.0,-0.0,-0.0,-0.0,0.0,0.0,0.0,0.0,0.0,0.0,2.051089034586792e-12,1.8031382770766554e-12,0.10005742199588778,1.0,-2.0165323359917202e-10,2.2938270540846974e-10,5.284525739424257e-12,1.0597293345318679e-10,9.316214431594811e-11,0.0017188401744562052,-1.0830374217043082e-08,1.2319666261383693e-08,2.8915044819474016e-10,0.0,0.0,0.0,1.0,0.0,0.0,0.0,25.0,0.2,0.12,100.0,100.0,0.5,55.0,0.12,0.0022,0.0025,0.0164,0.0009
0,1762837395.1005461,-3.3412672834473437e-09,3.800727195507968e-09,0.39343819474418,-3.8904172115500417e-10,8.505153776331486e-20,-2.304417653093103e-19,-1.6566609195578508e-15,2.7055164981443006e-19,0.0,0.0,0.0,1.0,0.0,0.0,0.0,0.0,0.0,0.0,0.0,0.0,0.0,-0.0,0.0,0.1,1.0,-0.0,-0.0,-0.0,0.0,0.0,0.0,0.0,0.0,0.0,2.051089034516493e-12,1.803138276949354e-12,0.10005742199588778,1.0,-2.016532335825838e-10,2.2938270540076042e-10,5.28452574189366e-12,1.0597293344961273e-10,9.316214430847554e-11,0.0017188401744564008,-1.08303742160782e-08,1.2319666260974436e-08,2.8915044833184297e-10,0.0,0.0,0.0,1.0,0.0,0.0,0.0,25.0,0.2,0.12,100.0,100.0,0.5,55.0,0.12,0.0044,0.0048,0.0215,0.0008
0,1762837395.1881974,-3.341267283489657e-09,3.800727195563246e-09,0.3934381947441802,-3.8904172107610577e-10,-2.1156633091146278e-19,2.763899939754059e-19,8.239936510889834e-16,3.944919725529774e-19,0.0,0.0,0.0,1.0,0.0,0.0,0.0,0.0,0.0,0.0,0.0,0.0,0.0,-0.0,0.0,0.1,1.0,-0.0,-0.0,-0.0,0.0,0.0,0.0,0.0,0.0,0.0,2.051089034491619e-12,1.8031382769401729e-12,0.10005742199588777,1.0,-2.0165323358310835e-10,2.2938270539857542e-10,5.284525740800717e-12,1.0597293344855469e-10,9.316214430859176e-11,0.0017188401744556948,-1.0830374216155163e-08,1.2319666260875846e-08,2.8915044826018147e-10,0.0,0.0,0.0,1.0,0.0,0.0,0.0,25.002292012328624,0.1999999501297485,0.12000000000000222,99.99999999999694,100.0,0.49999999999998984,55.00000000000075,0.12000000000000238,0.0033,0.0036,0.011,0.0345
1,1762837395.226306,-3.6220443554840687e-09,4.063415483216298e-09,0.3372182790152147,-3.8895710806088843e-10,-1.4038853599720589e-09,1.3134414382652593e-09,-0.2810995786448272,4.2306507608654346e-13,0.0,0.0,0.0,1.0,0.0,0.0,0.0,0.0,0.0,0.0,0.0,0.0,0.0,0.0,0.0,0.114,1.0,-0.0,0.0,0.0,0.0,0.0,0.494,0.0,0.0,0.0,2.05127707937557e-12,1.803303589569404e-12,0.1467741674238035,1.0,-2.0165323358607837e-10,2.2938270540262522e-10,5.284525739690434e-12,1.0598264910116601e-10,9.317068546126243e-11,0.4892356104028559,-1.0830374216327923e-08,1.2319666261115978e-08,2.8915044819816133e-10,0.0,0.0,0.008403361344537815,1.0,0.0,0.0,0.0,25.0207870585273,0.20001644268115393,0.1200000000000014,99.9999999999963,100.0,0.5000000000000143,54.999999999999794,0.11999999999999679,0.0028,0.0023,0.0072,0.0104
2,1762837395.290736,-4.169581661190628e-09,4.549362013603219e-09,0.23736162046870413,-3.8898496095937633e-10,-2.737686528532794e-09,2.4297326519346026e-09,-0.49928329273255295,-1.3926449243928256e-13,0.0,0.0,0.0,1.0,0.0,0.0,0.0,0.0,0.0,0.0,0.0,0.0,0.0,0.0,0.0,0.181,1.0,-0.0,0.0,0.0,0.0,0.0,1.496,0.0,0.0,0.0,1.8288008370552932e-12,1.6301551678785043e-12,0.2766886061696165,1.0,-2.2058859950516293e-10,2.470981791554576e-10,5.283245577358929e-12,9.392981811437123e-11,8.382900989401775e-11,1.3697288605998752,-1.1909939692468765e-08,1.332968180233327e-08,2.89076067616545e-10,0.0,0.0,0.01680672268907563,1.0,0.0,0.0,0.0,25.096331687093137,0.19985552774598064,0.11999999999999589,100.00000000000868,110.00000000000868,0.5000000000000172,54.999999999996035,0.11999999999999267,0.0023,0.0024,0.0067,0.0103
3,1762837395.359949,-3.9276104866263726e-09,4.2451277703094805e-09,0.258802946724399,-3.885648889900033e-10,1.20985587282128e-09,-1.5211712164686879e-09,0.10720663127847484,2.1003598468648793e-12,0.0,0.0,0.0,1.0,0.0,0.0,0.0,0.0,0.0,0.0,0.0,0.0,0.0,0.0,0.0,0.275,1.0,-0.0,0.0,0.0,0.0,0.0,1.267,0.0,0.0,0.0,1.3826155679809372e-12,1.267194938439374e-12,0.3497652098019898,1.0,-2.5552422962859294e-10,2.7800837205491835e-10,5.284062009834072e-12,6.985907720742156e-11,6.417077787044195e-11,0.9673399808531294,-1.3845721540075871e-08,1.50395690259924e-08,2.891265019569679e-10,0.0,0.0,0.025210084033613446,1.0,0.0,0.0,0.0,25.160605913595184,0.1993567020366753,0.11999999999999325,100.00000000001508,110.00000000001401,0.500000000000014,54.99999999999288,0.11999999999998566,0.0023,0.002,0.0079,0.0124
4,1762837395.420021,-4.601044404956796e-09,4.870854456045198e-09,0.15898934610448612,-3.8870196422582825e-10,-3.3671695916521114e-09,3.1286334286785893e-09,-0.4990680030995648,-6.853761791248947e-13,0.0,0.0,0.0,1.0,0.0,0.0,0.0,0.0,0.0,0.0,0.0,0.0,0.0,0.0,0.0,0.371,1.0,0.0,0.0,0.0,0.0,0.0,2.062,0.0,0.0,-0.0,1.5375812878392549e-12,1.422576826175415e-12,0.5003926375041862,1.0,-2.3532559894704147e-10,2.540472562752636e-10,5.2776630722173734e-12,7.933696746305194e-11,7.347542647404767e-11,1.8223081601975937,-1.2584910179426466e-08,1.3576532587781354e-08,2.887534258853651e-10,0.0,0.0,0.03361344537815126,1.0,0.0,0.0,0.0,25.299027900139556,0.1979296499974285,0.11999999999998744,100.00000000002609,110.00000000002362,0.5000000000000238,54.999999999990656,0.11999999999997887,0.0014,0.0017,0.0068,0.0079
5,1762837395.509057,-5.413762595139265e-09,2.403076910378576e-09,0.25898418330519524,-2.0211102190007956e-09,-4.063590950912346e-09,-1.2338887728333108e-08,0.4999741860035454,-8.162041273874838e-09,0.0,0.0,0.0,1.0,0.0,0.0,0.0,0.0,0.0,0.0,0.0,0.0,0.0,0.0,0.0,0.473,1.0,0.0,0.0,0.0,0.0,0.0,1.115,0.0,0.0,-0.0,9.624522094282247e-13,9.091393292936469e-13,0.5334183867352875,1.0,-2.8245621469932043e-10,2.9840178451178525e-10,5.280386643921699e-12,4.783573602819317e-11,4.525785009797195e-11,0.6891355026449361,-1.532024517069088e-08,1.616601427659965e-08,2.8893099505373126e-10,0.0,0.0,0.04201680672268907,1.0,0.0,0.0,0.0,25.36912553521596,0.19690992839204402,0.11999999999998374,100.00000000003038,110.00000000002787,0.5000000000000259,54.99999999999094,0.11999999999997461,0.0025,0.0029,0.0107,0.0241
6,1762837395.559785,-5.415777416525774e-09,4.077276906748989e-09,0.1589851508887531,-1.5417138251454686e-09,-1.007410693255006e-11,8.370999981852064e-09,-0.4999951620822106,2.3969819692766335e-09,0.0,0.0,0.0,1.0,0.0,0.0,0.0,0.0,0.0,0.0,0.0,0.0,0.0,0.0,0.0,0.573,1.0,0.0,0.0,0.0,0.0,0.0,2.014,0.0,0.0,-0.0,9.220032149936767e-13,2.0771314045726484e-12,0.6998453888652512,1.0,-3.324927266267281e-10,1.27542558761979e-10,2.9979191732473416e-11,4.3824264274446975e-11,1.1169279627582029e-10,1.8012228293977661,-1.8038648877981044e-08,6.29996561295764e-09,1.7239885949865794e-09,0.0,0.0,0.05042016806722689,1.0,0.0,0.0,0.0,25.544576739766203,0.1945880153187894,0.11999999999997814,100.0000000000367,110.00000000002782,0.5000000000000289,54.99999999999065,0.1199999999999753,0.0014,0.0019,0.0062,0.0149
7,1762837395.624231,-4.179868716787741e-09,4.0188849686141256e-09,0.22384117367122613,-1.205585391339061e-09,6.179543498690165e-09,-2.919596906743153e-10,0.32428011391236516,1.6806421690320383e-09,0.0,0.0,0.0,1.0,0.0,0.0,0.0,0.0,0.0,0.0,0.0,0.0,0.0,0.0,0.0,0.665,1.0,0.0,0.0,0.0,0.0,0.0,1.252,0.0,0.0,-0.0,8.13264859509319e-13,1.0802458505107178e-12,0.7345789045102775,1.0,-3.268690124662488e-10,2.57937885397483e-10,2.0201539303622148e-11,4.142934193775486e-11,5.3073549461807715e-11,0.8268254164710918,-1.7555901419786832e-08,1.4226492249418583e-08,1.080795236787686e-09,0.0,0.0,0.058823529411764705,1.0,0.0,0.0,0.0,25.658482696930008,0.1929262067604967,0.11999999999997815,100.00000000004313,110.00000000002785,0.5000000000000239,54.999999999987914,0.1199999999999766,0.0016,0.0019,0.0082,0.0103
8,1762837395.692298,-3.975183270594703e-09,4.165151983565211e-09,0.24105045735648917,-9.674180388575839e-10,1.023427230965196e-09,7.313350747554264e-10,0.0860464184263155,1.1908367624073851e-09,0.0,0.0,0.0,1.0,0.0,0.0,0.0,0.0,0.0,0.0,0.0,0.0,0.0,0.0,0.0,0.747,1.0,0.0,0.0,0.0,0.0,0.0,0.832,0.0,0.0,0.0,1.327575832067833e-12,1.3807542970421326e-12,0.7935228463291982,1.0,-2.435061066761462e-10,2.421352197383851e-10,1.585706443979535e-11,6.981557092321375e-11,7.058173871779087e-11,0.5704095951453144,-1.2802714925665215e-08,1.2991561352992418e-08,8.504211377566346e-10,0.0,0.0,0.06722689075630252,1.0,0.0,0.0,0.0,25.749219981580897,0.1918047593550027,0.11999999999998101,100.0000000000439,110.00000000002534,0.5000000000000216,54.99999999998773,0.11999999999997493,0.0014,0.0019,0.0085,0.0117
9,1762837395.7614152,-6.620623598154086e-09,2.3179893790340734e-09,0.17511526489854487,-3.056302834537106e-09,-1.3227201637796914e-08,-9.235813022655689e-09,-0.3296759622897214,-1.0444423978397606e-08,0.0,0.0,0.0,1.0,0.0,0.0,0.0,0.0,0.0,0.0,0.0,0.0,0.0,0.0,0.0,0.824,1.0,0.0,0.0,0.0,0.0,0.0,1.325,0.0,0.0,0.0,1.4352953021486241e-12,1.3698328166815035e-12,0.9039070825949405,1.0,-2.3846096429821343e-10,2.5241315577438545e-10,1.2773246987618365e-11,7.477758147711155e-11,7.076688004913065e-11,1.0743878095869486,-1.2761615267640673e-08,1.3589187264009784e-08,6.867045008408497e-10,0.0,0.0,0.07563025210084033,1.0,0.0,0.0,0.0,25.923988083077017,0.1901404090797994,0.11999999999998123,100.0000000000469,110.00000000003541,0.5000000000000347,54.999999999986755,0.11999999999997023,0.0032,0.0021,0.008,0.0126
10,1762837395.828245,-8.240945585760226e-09,3.808106601765343e-09,0.07511540190644339,-2.2736941879360897e-09,-8.101609938030699e-09,7.450586113656349e-09,-0.49999931496050753,3.913043233005078e-09,0.0,0.0,0.0,1.0,0.0,0.0,0.0,0.0,0.0,0.0,0.0,0.0,0.0,0.0,0.0,0.905,1.0,0.0,0.0,0.0,0.0,0.0,4.013,0.0,0.0,0.0,5.411181512497786e-13,1.5455375396630847e-12,1.158761653432522,1.0,-4.183177705189263e-10,1.2680551859589823e-10,4.474722137812758e-11,2.5161089899258274e-11,8.049169655051523e-11,3.5944031342835,-2.3056655017579297e-08,6.398718649436685e-09,2.555429497531397e-09,0.0,0.0,0.08403361344537814,1.0,0.0,0.0,0.0,26.451338178004622,0.18637055757672663,0.11999999999997753,100.00000000005097,110.00000000004253,0.5000000000000475,54.9999999999858,0.11999999999996731,0.0031,0.0017,0.0067,0.0145
11,1762837395.8978276,-3.784514799654842e-09,3.431769291201966e-09,0.1751153989887671,-1.7239835819214319e-09,2.2282153930526917e-08,-1.881686552816886e-09,0.4999999854116184,2.748553030073291e-09,0.0,0.0,0.0,1.0,0.0,0.0,0.0,0.0,0.0,0.0,0.0,0.0,0.0,0.0,0.0,0.966,1.0,0.0,0.0,0.0,0.0,0.0,0.927,0.0,0.0,0.0,3.2302290605162527e-13,6.990387796969707e-13,1.0094536877733344,1.0,-5.088431274504118e-10,2.4038827041472394e-10,2.9675993695447565e-11,1.514558577909167e-11,3.228943151631989e-11,0.367971369708321,-2.7690079369050184e-08,1.3242906167030921e-08,1.5836690691742837e-09,0.0,0.0,0.09243697478991596,1.0,0.0,0.0,0.0,26.581179691135052,0.1854195760791573,0.11999999999997531,100.00000000005517,110.00000000004471,0.5000000000000289,54.99999999998594,0.11999999999996522,0.0023,0.0041,0.0084,0.0133
12,1762837395.95566,-3.4054441849652374e-09,3.798707916497758e-09,0.2564984348894981,-1.3346205785685706e-09,1.8953530734480216e-09,1.8346931264789573e-09,0.40691517950365513,1.9468150167643067e-09,0.0,0.0,0.0,1.0,0.0,0.0,0.0,0.0,0.0,0.0,0.0,0.0,0.0,0.0,0.0,1.002,1.0,0.0,0.0,0.0,0.0,-0.0,0.402,0.0,0.0,0.0,9.598461184978452e-13,1.058507006942694e-12,1.0178803361022333,1.0,-1.9682230236005693e-10,2.0444820289882473e-10,2.256878723906825e-11,5.082733267813748e-11,4.990882351671337e-11,0.08490837719848043,-9.577556061830664e-09,1.0896598865612776e-08,1.20672018231779e-09,0.0,0.0,0.10084033613445378,1.0,0.0,0.0,0.0,26.67550583612101,0.18510111510106758,0.1199999999999729,100.00000000005521,110.00000000004007,0.5000000000000259,54.99999999998614,0.11999999999996422,0.0027,0.0017,0.0078,0.0081
13,1762837396.0332434,-3.8031418970259845e-09,4.131740746266386e-09,0.23997502621143219,-1.0588161116555823e-09,-1.9884885603037343e-09,1.6651641488431355e-09,-0.08261704339032927,1.3790223345649409e-09,0.0,0.0,0.0,1.0,0.0,0.0,0.0,0.0,0.0,0.0,0.0,0.0,0.0,0.0,0.0,1.03,1.0,0.0,0.0,0.0,0.0,-0.0,0.383,0.0,0.0,0.0,1.501460021399354e-12,1.3460203867575185e-12,1.0493428067509862,1.0,-2.0284005120795543e-10,2.3186126723057058e-10,1.7527577707854378e-11,7.997092526821275e-11,7.022235858063335e-11,0.20568947634826862,-1.0809619129448872e-08,1.2534576950348994e-08,9.390982906084728e-10,0.0,0.0,0.1092436974789916,1.0,0.0,0.0,0.0,26.788476831069943,0.18521726217948614,0.11999999999997375,100.00000000005151,110.00000000003708,0.5000000000000154,54.99999999998531,0.11999999999996463,0.0014,0.0024,0.0106,0.0166
14,1762837396.1047301,-3.897487467168587e-09,4.20411329844614e-09,0.2311910688643936,-8.634582815722117e-10,-4.717278507130095e-10,3.61862760898772e-10,-0.04391978673519309,9.767891504168538e-10,0.0,0.0,0.0,1.0,0.0,0.0,0.0,0.0,0.0,0.0,0.0,0.0,0.0,0.0,0.0,1.067,1.0,0.0,0.0,0.0,0.0,-0.0,0.473,0.0,0.0,0.0,1.4405745287210938e-12,1.3260051108028788e-12,1.090747026431226,1.0,-2.3234685252780174e-10,2.51720286815345e-10,1.3956611403252023e-11,7.464117542560598e-11,6.886199471148659e-11,0.23825448108683167,-1.2567513065043259e-08,1.3593605677911375e-08,7.495257129478285e-10,0.0,0.0,0.11764705882352941,1.0,0.0,0.0,0.0,26.93900499597064,0.18596090016797903,0.11999999999997464,100.00000000005217,110.00000000003143,0.5000000000000294,54.99999999998348,0.11999999999996246,0.0015,0.0018,0.0104,0.022
15,1762837396.1522202,-4.039393957111417e-09,4.321934642771114e-09,0.20906453154320004,-7.250823142977045e-10,-7.095324497141484e-10,5.89106721624869e-10,-0.11063268660596803,6.918798363725357e-10,0.0,0.0,0.0,1.0,0.0,0.0,0.0,0.0,0.0,0.0,0.0,0.0,0.0,0.0,0.0,1.104,1.0,0.0,0.0,0.0,0.0,-0.0,0.638,0.0,0.0,0.0,1.4274780344140258e-12,1.3233653219862793e-12,1.1382854413215338,1.0,-2.358910229089192e-10,2.5424088436983536e-10,1.1427241194693869e-11,7.367801603730975e-11,6.835030093262752e-11,0.3901988382926788,-1.2690244469652297e-08,1.3670879335727391e-08,6.152491314275464e-10,0.0,0.0,0.12605042016806722,1.0,0.0,0.0,0.0,27.136626503138757,0.18769977553166542,0.11999999999997546,100.00000000005424,110.00000000003978,0.4999999999999914,54.99999999998149,0.11999999999996531,0.002,0.0015,0.0049,0.0079
16,1762837396.2237234,-3.810503548725447e-09,4.0981470943428194e-09,0.2434145629373252,-6.27064790007081e-10,1.144452041929851e-09,-1.1189377421414731e-09,0.17175015697062598,4.900876214531178e-10,0.0,0.0,0.0,1.0,0.0,0.0,0.0,0.0,0.0,0.0,0.0,0.0,0.0,0.0,0.0,1.142,1.0,0.0,0.0,0.0,0.0,-0.0,0.31,0.0,0.0,0.0,1.3215593449291188e-12,1.2351641737253857e-12,1.1532356776271653,1.0,-2.4479246479369863e-10,2.616737635499854e-10,9.635636055179241e-12,6.7943318642904e-11,6.354934250238256e-11,0.02543992212205657,-1.3178923878961433e-08,1.4080214504897827e-08,5.201382488268315e-10,0.0,0.0,0.13445378151260504,1.0,0.0,0.0,0.0,27.303823149584453,0.189813955369384,0.11999999999997427,100.00000000004744,110.00000000004151,0.5000000000000171,54.99999999997944,0.11999999999996724,0.0015,0.002,0.0091,0.009
17,1762837396.295103,-4.120343279282412e-09,4.396133969140669e-09,0.19241668754821034,-5.576393624103665e-10,-1.549198652784825e-09,1.4899343739892471e-09,-0.2549893769455745,3.4712713798357313e-10,0.0,0.0,0.0,1.0,0.0,0.0,0.0,0.0,0.0,0.0,0.0,0.0,0.0,0.0,0.0,1.178,1.0,0.0,0.0,0.0,0.0,-0.0,0.649,0.0,0.0,0.0,1.5295194327886723e-12,1.4221644788178612e-12,1.2142236891098106,1.0,-2.2835062461919204e-10,2.4574674311714536e-10,8.366560180327151e-12,7.935948012910271e-11,7.37496162274151e-11,0.4416217522165803,-1.2213214631797844e-08,1.3148661292083435e-08,4.5276663347476377e-10,0.0,0.0,0.14285714285714285,1.0,0.0,0.0,0.0,27.54190108213656,0.1936844721045072,0.11999999999997392,100.0000000000499,110.00000000004364,0.4999999999999978,54.999999999980254,0.11999999999996887,0.0036,0.0027,0.0114,0.0085
18,1762837396.3549576,-4.139085836628043e-09,4.3835384614158475e-09,0.18465479278203928,-5.084625434875974e-10,-9.371278672815233e-11,-6.297753862410491e-11,-0.0388094738308552,2.4588409461384487e-10,0.0,0.0,0.0,1.0,0.0,0.0,0.0,0.0,0.0,0.0,0.0,0.0,0.0,0.0,-0.0,1.216,1.0,0.0,0.0,0.0,0.0,-0.0,0.79,0.0,0.0,0.0,1.2217661615260635e-12,1.1451188766952168e-12,1.2580021277454467,1.0,-2.5086805779189287e-10,2.674286667431506e-10,7.467688578361893e-12,6.229615507810425e-11,5.842850292622208e-11,0.4655598379566348,-1.3542664387707161e-08,1.4429458067366413e-08,4.050484488726605e-10,0.0,0.0,0.15126050420168066,1.0,0.0,0.0,0.0,27.818198458359426,0.19933139700416871,0.1199999999999721,100.00000000005053,110.00000000005338,0.5000000000000059,54.999999999981696,0.11999999999996809,0.0014,0.0027,0.0069,0.0085
19,1762837396.43681,-3.864768941396399e-09,4.126564107359729e-09,0.22560619385877562,-4.736197480958035e-10,1.3715844761582197e-09,-1.2848717702805943e-09,0.2047570053836817,1.7421397695896926e-10,0.0,0.0,0.0,1.0,0.0,0.0,0.0,0.0,0.0,0.0,0.0,0.0,0.0,0.0,-0.0,1.243,1.0,0.0,0.0,0.0,0.0,-0.0,0.355,0.0,0.0,0.0,1.2267679426132744e-12,1.1583559402605689e-12,1.2561178523248753,1.0,-2.4993625974755513e-10,2.644674554773787e-10,6.830975031782957e-12,6.317798299250043e-11,5.969736215919134e-11,0.03843697908560797,-1.3427732560865523e-08,1.4201187350099874e-08,3.7124715457410774e-10,0.0,0.0,0.15966386554621848,1.0,0.0,0.0,0.0,28.03518585769898,0.20467488792486185,0.11999999999997278,100.00000000005136,110.00000000004722,0.5000000000000038,54.999999999982855,0.11999999999996736,0.0021,0.0057,0.0116,0.015
20,1762837396.4891932,-3.936603076984463e-09,4.2162310115248795e-09,0.21437708746993356,-4.48951364848975e-10,-3.591706779403222e-10,4.483345208257501e-10,-0.056145531944210014,1.2334191623414232e-10,0.0,0.0,0.0,1.0,0.0,0.0,0.0,0.0,0.0,0.0,0.0,0.0,0.0,0.0,-0.0,1.262,1.0,0.0,0.0,0.0,0.0,-0.0,0.324,0.0,0.0,0.0,1.4753265982460542e-12,1.3817297555590944e-12,1.276026275716134,1.0,-2.3130373739793423e-10,2.472265866909744e-10,6.379830901049157e-12,7.669100034987724e-11,7.176370245828008e-11,0.10154639129193624,-1.236169438149566e-08,1.3220743109561044e-08,3.4729653389193667e-10,0.0,0.0,0.1680672268907563,1.0,0.0,0.0,0.0,28.257344745916274,0.21089435652825841,0.11999999999997493,100.00000000004893,110.00000000004512,0.500000000000019,54.99999999998253,0.11999999999996355,0.0014,0.0018,0.0071,0.01
21,1762837396.5574164,-3.9069743909021415e-09,4.188358323113594e-09,0.21674015696944582,-4.3147663510085544e-10,1.4814343041160305e-10,-1.3936344205642998e-10,0.011815347497561246,8.737364874059767e-11,0.0,0.0,0.0,1.0,0.0,0.0,0.0,0.0,0.0,0.0,0.0,0.0,0.0,0.0,-0.0,1.279,1.0,0.0,0.0,0.0,0.0,-0.0,0.304,0.0,0.0,0.0,1.3890803020279178e-12,1.296954027479552e-12,1.2907473466669697,1.0,-2.3809220611549126e-10,2.5509477852713873e-10,6.060465237307386e-12,7.165049714076034e-11,6.687910160188527e-11,0.0478454271855559,-1.2803447522271326e-08,1.3720595199013017e-08,3.3034325114872993e-10,0.0,0.0,0.1764705882352941,1.0,0.0,0.0,0.0,28.487375377861003,0.2181558133601694,0.119999999999971,100.00000000005076,110.00000000004638,0.5000000000000495,54.99999999998394,0.11999999999996347,0.0015,0.002,0.0078,0.0102
22,1762837396.6174374,-3.895858686358769e-09,4.18146128960555e-09,0.2170301553682778,-4.190996020094983e-10,5.5578522716862265e-11,-3.448516754021812e-11,0.001449991994160127,6.188516545678563e-11,0.0,0.0,0.0,1.0,0.0,0.0,0.0,0.0,0.0,0.0,0.0,0.0,0.0,0.0,-0.0,1.294,1.0,0.0,0.0,0.0,0.0,-0.0,0.258,0.0,0.0,0.0,1.4214297194461207e-12,1.3259346703301176e-12,1.3030519102032463,1.0,-2.3558499684855144e-10,2.5257961452429103e-10,5.834209900336177e-12,7.344901485832539e-11,6.850836593323764e-11,0.014397127768784268,-1.264617401673731e-08,1.3559310875028679e-08,3.18331919610098e-10,0.0,0.0,0.18487394957983191,1.0,0.0,0.0,0.0,28.718132225236385,0.22620246589305446,0.11999999999997124,100.00000000005204,110.00000000004307,0.5000000000000485,54.999999999983984,0.11999999999996533,0.001,0.0016,0.0065,0.0063
23,1762837396.6981058,-3.810231290018981e-09,4.106452295000091e-09,0.22900616444710864,-4.1033288649662465e-10,4.2813698169894204e-10,-3.7504497302729285e-10,0.05988004539415431,4.3833577564368254e-11,0.0,0.0,0.0,1.0,0.0,0.0,0.0,0.0,0.0,0.0,0.0,0.0,0.0,0.0,-0.0,1.306,1.0,0.0,0.0,0.0,0.0,-0.0,0.113,0.0,0.0,0.0,1.4302183547085784e-12,1.3325314321263548e-12,1.3055691199674848,1.0,-2.35045336556267e-10,2.523120133543653e-10,5.673961325451627e-12,7.38897167015057e-11,6.883487144584449e-11,-0.1252966182659015,-1.2621316617752023e-08,1.354961414479367e-08,3.098248602194891e-10,0.0,0.0,0.19327731092436973,1.0,0.0,0.0,0.0,28.93206492557053,0.23431567376930668,0.11999999999996844,100.00000000005,110.00000000004162,0.5000000000000608,54.999999999985675,0.1199999999999671,0.0068,0.0014,0.0085,0.0081
24,1762837396.7631404,-3.853405682392269e-09,4.154628381417317e-09,0.22104499242514913,-4.0412417685348793e-10,-2.1587196186644087e-10,2.408804320861261e-10,-0.03980586010979742,3.104354821568348e-11,0.0,0.0,0.0,1.0,0.0,0.0,0.0,0.0,0.0,0.0,0.0,0.0,0.0,0.0,-0.0,1.315,1.0,0.0,0.0,0.0,0.0,-0.0,0.135,0.0,0.0,0.0,1.5057870299509618e-12,1.3971663239940132e-12,1.3169755947554482,1.0,-2.2934947314115973e-10,2.4730234889746837e-10,5.560455814229341e-12,7.794218723675997e-11,7.229014575503166e-11,-0.07390493524893207,-1.2298794685202269e-08,1.326537305523576e-08,3.037992113927061e-10,0.0,0.0,0.20168067226890757,1.0,0.0,0.0,0.0,29.155183191125474,0.24335266755451132,0.11999999999997542,100.00000000005184,110.00000000003642,0.5000000000000776,54.99999999998597,0.11999999999996759,0.0017,0.003,0.0081,0.0146
25,1762837396.8211713,-3.821790582002559e-09,4.123795895942435e-09,0.22377965820893025,-3.9972623411888794e-10,1.5807550194854858e-10,-1.541624273744097e-10,0.013673328918905547,2.19897136730003e-11,0.0,0.0,0.0,1.0,0.0,0.0,0.0,0.0,0.0,0.0,0.0,0.0,0.0,0.0,-0.0,1.324,1.0,0.0,0.0,0.0,0.0,-0.0,0.104,0.0,0.0,0.0,1.4602094010052724e-12,1.3543399521652652e-12,1.3233819449451534,1.0,-2.328679437027569e-10,2.510828786731898e-10,5.480071382375516e-12,7.533724350758999e-11,6.987243776772542e-11,-0.12278810513036642,-1.2516474905342125e-08,1.349587593872357e-08,2.9953191673014906e-10,0.0,0.0,0.21008403361344538,1.0,0.0,0.0,0.0,29.378200995548397,0.25298034058371816,0.11999999999997546,100.00000000004792,110.00000000003472,0.5000000000000681,54.999999999988226,0.1199999999999701,0.002,0.0016,0.008,0.0071
26,1762837396.8921044,-3.82189895468166e-09,4.126622873521504e-09,0.22231840228330085,-3.966113049176528e-10,-5.418633955049602e-13,1.4134887895341811e-11,-0.007306279628146839,1.557464600617574e-11,0.0,0.0,0.0,1.0,0.0,0.0,0.0,0.0,0.0,0.0,0.0,0.0,0.0,0.0,-0.0,1.332,1.0,0.0,0.0,0.0,0.0,-0.0,0.083,0.0,0.0,0.0,1.4904859687768328e-12,1.3813305463832496e-12,1.3303563710293091,1.0,-2.304298789505975e-10,2.486621466695747e-10,5.423129174531014e-12,7.701824872836322e-11,7.137232757279357e-11,-0.13140861388860112,-1.2368860615074578e-08,1.334825210205158e-08,2.965090134852041e-10,0.0,0.0,0.2184873949579832,1.0,0.0,0.0,0.0,29.600796201374695,0.26311089288224376,0.11999999999997668,100.00000000005107,110.00000000002944,0.500000000000041,54.99999999998993,0.11999999999997542,0.0013,0.0016,0.0099,0.0097
27,1762837396.96337,-3.845508007966327e-09,4.148285013571056e-09,0.2165987022947668,-3.944049422792517e-10,-1.180452664233354e-10,1.0831070024776358e-10,-0.02859849994267033,1.1031813192005234e-11,0.0,0.0,0.0,1.0,0.0,0.0,0.0,0.0,0.0,0.0,0.0,0.0,0.0,0.0,-0.0,1.34,1.0,0.0,0.0,0.0,0.0,-0.0,0.117,0.0,0.0,0.0,1.4883287026927486e-12,1.3784254310175344e-12,1.3405871333657808,1.0,-2.3066123821112375e-10,2.4907130006722626e-10,5.382799516195152e-12,7.686671091715355e-11,7.118608949125946e-11,-0.09891497042892558,-1.2388357746069859e-08,1.3377729726073154e-08,2.9436805125802667e-10,0.0,0.0,0.226890756302521,1.0,0.0,0.0,0.0,29.831244585285972,0.27412211685952365,0.11999999999997935,100.00000000004852,110.00000000002132,0.5000000000000088,54.99999999998731,0.11999999999997633,0.0037,0.0025,0.0077,0.014
28,1762837397.0271244,-3.888713413902824e-09,4.184433506784103e-09,0.20756904557608252,-3.9284198283160425e-10,-2.16027029682485e-10,1.8074246606523953e-10,-0.0451482835934216,7.814797238237497e-12,0.0,0.0,0.0,1.0,0.0,0.0,0.0,0.0,0.0,0.0,0.0,0.0,0.0,0.0,-0.0,1.345,1.0,0.0,0.0,0.0,0.0,-0.0,0.196,0.0,0.0,0.0,1.4641362192202509e-12,1.3572711463608221e-12,1.3505098666963606,1.0,-2.3225264458150802e-10,2.505121419933916e-10,5.354232930961374e-12,7.554486258277642e-11,7.003715662345273e-11,-0.0306456272029539,-1.2479067269912766e-08,1.345931278247146e-08,2.928515383437558e-10,0.0,0.0,0.23529411764705882,1.0,0.0,0.0,0.0,30.075492573616668,0.2863740175920817,0.11999999999998039,100.0000000000464,110.0000000000242,0.49999999999999467,54.999999999988894,0.11999999999997477,0.0024,0.0034,0.0119,0.0071
29,1762837397.0873091,-3.746709180061363e-09,4.051646930433398e-09,0.2278536250970127,-3.9173478671746597e-10,7.100211692073017e-10,-6.639328817535272e-10,0.1014228976046509,5.535980570691673e-12,0.0,0.0,0.0,1.0,0.0,0.0,0.0,0.0,0.0,0.0,0.0,0.0,0.0,0.0,-0.0,1.347,1.0,0.0,0.0,0.0,0.0,-0.0,-0.004,0.0,0.0,0.0,1.4228301176075698e-12,1.322276612858169e-12,1.3387920936911302,1.0,-2.349990670146398e-10,2.527964496942236e-10,5.333996392086419e-12,7.334875305135704e-11,6.818131015027239e-11,-0.24248417601839942,-1.26309400026793e-08,1.3585227255256266e-08,2.9177723070654936e-10,0.0,0.0,0.24369747899159663,1.0,0.0,0.0,0.0,30.287263665201337,0.29749490193589834,0.11999999999998093,100.00000000004783,110.00000000002196,0.4999999999999989,54.99999999998837,0.11999999999997364,0.0012,0.0017,0.0067,0.0087
30,1762837397.150267,-3.779327287644782e-09,4.0950402480551015e-09,0.22279033806409554,-3.907776618319053e-10,-1.6309053791709266e-10,2.1696658810852315e-10,-0.025316435164585538,4.785624427803335e-12,0.0,0.0,0.0,1.0,0.0,0.0,0.0,0.0,0.0,0.0,0.0,0.0,0.0,0.0,-0.0,1.345,1.0,0.0,0.0,0.0,0.0,-0.0,-0.016,0.0,0.0,0.0,1.5568448686720514e-12,1.4396725730487312e-12,1.3376730028910575,1.0,-2.251162335998038e-10,2.4358525833670844e-10,5.319660848393412e-12,8.067131237477341e-11,7.45623245379983e-11,-0.20092312981804483,-1.2058869570070793e-08,1.305285699203632e-08,2.9101619099762054e-10,0.0,0.0,0.25210084033613445,1.0,0.0,0.0,0.0,30.495806197764452,0.30871873629155644,0.11999999999997679,100.0000000000526,110.00000000001936,0.4999999999999924,54.999999999987295,0.11999999999997626,0.0011,0.0013,0.0059,0.0062
31,1762837397.2289488,-3.755545107730874e-09,4.073903258904467e-09,0.22489595260387835,-3.9005685401321995e-10,1.1891089956953214e-10,-1.0568494575317441e-10,0.010528072698913982,3.60403909342672e-12,0.0,0.0,0.0,1.0,0.0,0.0,0.0,0.0,0.0,0.0,0.0,0.0,0.0,0.0,-0.0,1.344,1.0,0.0,0.0,0.0,0.0,-0.0,-0.031,0.0,0.0,-0.0,1.5207148855469495e-12,1.403473205529842e-12,1.335260424533416,1.0,-2.283223301410727e-10,2.47452701909524e-10,5.306891202958303e-12,7.852525695815785e-11,7.245749751676135e-11,-0.23107285359575375,-1.2269986445660878e-08,1.329984062172828e-08,2.903251701349798e-10,0.0,0.0,0.26050420168067223,1.0,0.0,0.0,0.0,30.7018678893639,0.3201166136536649,0.11999999999997521,100.00000000004964,110.00000000002122,0.5000000000000087,54.99999999998729,0.11999999999997107,0.0021,0.0026,0.0084,0.0135
32,1762837397.292386,-3.756947894093273e-09,4.078273262775183e-09,0.22363536856595562,-3.896049324616403e-10,-7.0139318119923724e-12,2.1850019353577344e-11,-0.006302920189613648,2.2596077578982002e-12,0.0,0.0,0.0,1.0,0.0,0.0,0.0,0.0,0.0,0.0,0.0,0.0,0.0,0.0,-0.0,1.341,1.0,0.0,0.0,0.0,0.0,-0.0,-0.037,0.0,0.0,-0.0,1.5457369820611791e-12,1.4249442345413803e-12,1.3321648620510698,1.0,-2.264873214038312e-10,2.457197205448062e-10,5.2974650776932904e-12,7.987509461070699e-11,7.362503235182828e-11,-0.22713837829631603,-1.215886007349967e-08,1.3192381708062403e-08,2.8982151341305246e-10,0.0,0.0,0.2689075630252101,1.0,0.0,0.0,0.0,30.905638938490902,0.3316284936267352,0.11999999999998183,100.00000000004448,110.00000000001613,0.49999999999998007,54.99999999998723,0.11999999999996946,0.0014,0.0016,0.0076,0.0127
33,1762837397.3515446,-3.723299312638246e-09,4.048940175912583e-09,0.2276195596290964,-3.89241202853661e-10,1.6824290727513695e-10,-1.466654343129991e-10,0.01992095531570448,1.8186480398964927e-12,0.0,0.0,0.0,1.0,0.0,0.0,0.0,0.0,0.0,0.0,0.0,0.0,0.0,0.0,-0.0,1.338,1.0,0.0,0.0,0.0,0.0,-0.0,-0.084,0.0,0.0,-0.0,1.5450681125106317e-12,1.4233328709352221e-12,1.3260581856241036,1.0,-2.2675046427701677e-10,2.4616422402705373e-10,5.291741898147066e-12,7.980530980658833e-11,7.351252049728591e-11,-0.27369970327038573,-1.2178606772738256e-08,1.3221940688258645e-08,2.895221373614709e-10,0.0,0.0,0.2773109243697479,1.0,0.0,0.0,0.0,31.100569071520514,0.3428430317397214,0.11999999999998051,100.00000000004108,110.00000000002457,0.49999999999999706,54.99999999998657,0.1199999999999711,0.001,0.0013,0.007,0.0067
34,1762837397.4222748,-3.7440606531732234e-09,4.071789165356099e-09,0.2234212724096046,-3.890752851469746e-10,-1.0380670267488958e-10,1.1424494721758335e-10,-0.020991436097459015,8.29588533431697e-13,0.0,0.0,0.0,1.0,0.0,0.0,0.0,0.0,0.0,0.0,0.0,0.0,0.0,0.0,-0.0,1.334,1.0,0.0,0.0,0.0,0.0,-0.0,-0.061,0.0,0.0,-0.0,1.5771960446392179e-12,1.450348163668402e-12,1.3239871758750776,1.0,-2.2447129138128188e-10,2.4415505624801207e-10,5.286937321352722e-12,8.153056637173157e-11,7.496033513316868e-11,-0.23825053272077815,-1.2048384043243955e-08,1.310651990709992e-08,2.892637663713564e-10,0.0,0.0,0.2857142857142857,1.0,0.0,0.0,0.0,31.297012528406963,0.3542857041837585,0.11999999999998157,100.00000000004134,110.00000000003236,0.49999999999997896,54.99999999998643,0.11999999999996937,0.0014,0.0013,0.0092,0.008
35,1762837397.4875538,-3.731278129508036e-09,4.059347666927938e-09,0.22395556908226266,-3.8892148059332653e-10,6.39126183259367e-11,-6.220749214081221e-11,0.0026714833632901502,7.690227682401474e-13,0.0,0.0,0.0,1.0,0.0,0.0,0.0,0.0,0.0,0.0,0.0,0.0,0.0,0.0,-0.0,1.33,1.0,0.0,0.0,0.0,0.0,-0.0,-0.062,0.0,0.0,0.0,1.5572262247164092e-12,1.4318888329713132e-12,1.319670557619978,1.0,-2.2610988007947499e-10,2.45903851048376e-10,5.284989351060056e-12,8.039424399563268e-11,7.392303088413085e-11,-0.247639133759348,-1.2148517443515037e-08,1.321207565000663e-08,2.891673149665447e-10,0.0,0.0,0.29411764705882354,1.0,0.0,0.0,0.0,31.49134409857519,0.3657603092660876,0.11999999999998051,100.00000000004152,110.0000000000322,0.4999999999999555,54.999999999984276,0.11999999999997189,0.0015,0.0017,0.006,0.0096
36,1762837397.5623689,-3.7102028044977916e-09,4.041941383355816e-09,0.22623641785003598,-3.8880937779592536e-10,1.0537662505122446e-10,-8.703141786060651e-11,0.011404243838866679,5.605139870056601e-13,0.0,0.0,0.0,1.0,0.0,0.0,0.0,0.0,0.0,0.0,0.0,0.0,0.0,0.0,-0.0,1.325,1.0,0.0,0.0,0.0,0.0,-0.0,-0.095,0.0,0.0,0.0,1.5713873393284952e-12,1.4443905014660845e-12,1.312669470185445,1.0,-2.2510070560371593e-10,2.4490288021981116e-10,5.282918781646163e-12,8.11777878751073e-11,7.46145306046764e-11,-0.2741255699022809,-1.2086839707473861e-08,1.3150449184279667e-08,2.8905464136317865e-10,0.0,0.0,0.3025210084033613,1.0,0.0,0.0,0.0,31.678030193763828,0.3768848416608919,0.11999999999997624,100.0000000000429,110.00000000003851,0.4999999999999349,54.99999999998505,0.11999999999996891,0.0013,0.0018,0.0106,0.0131
37,1762837397.621825,-3.722020280287749e-09,4.055581228610439e-09,0.22346041395958474,-3.88789036374812e-10,-5.908737894978581e-11,6.819922627311657e-11,-0.01388001945225581,1.0170710556656193e-13,0.0,0.0,0.0,1.0,0.0,0.0,0.0,0.0,0.0,0.0,0.0,0.0,0.0,0.0,-0.0,1.32,1.0,0.0,0.0,0.0,0.0,-0.0,-0.078,0.0,0.0,0.0,1.59199283185095e-12,1.4613315012022933e-12,1.309057451222102,1.0,-2.2376999120045427e-10,2.4381718605101425e-10,5.281460446614805e-12,8.227648767153786e-11,7.551366564009324e-11,-0.24929150535172645,-1.2013521311227609e-08,1.309103214345783e-08,2.889769829742814e-10,0.0,0.0,0.31092436974789917,1.0,0.0,0.0,0.0,31.864559485418688,0.3880585942499059,0.11999999999997915,100.00000000004002,110.00000000003463,0.4999999999999544,54.99999999998469,0.11999999999997067,0.0019,0.003,0.0068,0.0078
38,1762837397.6990614,-3.585197865194246e-09,3.932523834478118e-09,0.24377769906310057,-3.8861640373727246e-10,6.841120754675145e-10,-6.15286970661607e-10,0.10158642551757902,8.631631876976541e-13,0.0,0.0,0.0,1.0,0.0,0.0,0.0,0.0,0.0,0.0,0.0,0.0,0.0,0.0,-0.0,1.313,1.0,0.0,0.0,0.0,0.0,-0.0,-0.284,0.0,0.0,0.0,1.5811125461053154e-12,1.4510701747366667e-12,1.288362245339292,1.0,-2.2471630882493483e-10,2.4486040085925004e-10,5.281326016672627e-12,8.164627188806289e-11,7.492971686990797e-11,-0.454724110023005,-1.207167801197602e-08,1.3153981357990417e-08,2.889743287060793e-10,0.0,0.0,0.31932773109243695,1.0,0.0,0.0,0.0,32.017799238844745,0.39725234395110903,0.11999999999997892,100.0000000000423,110.0000000000358,0.4999999999999279,54.999999999984006,0.11999999999997095,0.0026,0.0017,0.0102,0.0151
39,1762837397.7653525,-3.7670833316395046e-09,4.111001157689809e-09,0.21507967745902107,-3.8864086145965136e-10,-9.094273322262964e-10,8.923866160584533e-10,-0.1434901080203973,-1.2228861189429324e-13,0.0,0.0,0.0,1.0,0.0,0.0,0.0,0.0,0.0,0.0,0.0,0.0,0.0,0.0,-0.0,1.308,1.0,0.0,0.0,0.0,0.0,-0.0,-0.042,0.0,0.0,0.0,1.7074546997593002e-12,1.5566499281863666e-12,1.300980322690515,1.0,-2.1540537362433982e-10,2.3646485210101283e-10,5.278745464941251e-12,8.845452229677819e-11,8.058788520153606e-11,-0.16563511317300528,-1.1538474603853526e-08,1.2672603516739568e-08,2.8882532762398144e-10,0.0,0.0,0.3277310924369748,1.0,0.0,0.0,0.0,32.203617698372454,0.40825728155630453,0.11999999999998374,100.00000000004256,110.00000000003948,0.4999999999999029,54.99999999998451,0.119999999999971,0.0024,0.0024,0.0094,0.0156
40,1762837397.8311145,-3.708852096969242e-09,4.04202769426312e-09,0.2211667588370953,-3.8858050280342415e-10,2.9115617335131083e-10,-3.448673171334481e-10,0.03043540689037108,3.017932811359001e-13,0.0,0.0,0.0,1.0,0.0,0.0,0.0,0.0,0.0,0.0,0.0,0.0,0.0,0.0,-0.0,1.305,1.0,0.0,0.0,0.0,0.0,-0.0,-0.027,0.0,0.0,0.0,1.527516648039974e-12,1.3997277750471742e-12,1.29664725108082,1.0,-2.28641210710513e-10,2.4937329661684965e-10,5.279382464209488e-12,7.849299193158229e-11,7.195972746604072e-11,-0.22610235022117747,-1.2320385236334791e-08,1.3433102600410118e-08,2.888702796881121e-10,0.0,0.0,0.3361344537815126,1.0,0.0,0.0,0.0,32.39050180527562,0.4194722160165515,0.1199999999999845,100.00000000004488,110.00000000003554,0.49999999999992756,54.99999999998307,0.11999999999996877,0.0073,0.005,0.0069,0.0091
41,1762837397.901259,-1.4253925132171798e-05,1.4254106365472116e-05,0.2225852382395027,-1.0436463268763537e-05,-7.125108140037414e-05,7.125032168888927e-05,0.007092397012036844,-5.218037344130366e-05,0.0,0.0,0.0,1.0,0.0,0.0,0.0,0.0,0.0,0.0,0.0,0.0,0.0,-0.0,-0.0,1.301,1.0,0.0,-0.0,-0.0,-0.0,-0.0,-0.075,0.001,-0.001,-0.001,-3.0602959066408007e-07,-3.0602070969055644e-07,1.2902913793300586,0.9999999990860333,2.431199507293159e-05,-2.4311985523328098e-05,-2.55506323065368e-05,-1.3048550905582284e-05,-1.3048077380627904e-05,-0.24473717129541472,0.00046903927731112017,-0.0004690421637099274,-0.0005741601495699055,0.0,0.0,0.3445378151260504,1.0,0.0,0.0,0.0,32.56633329589792,0.43002191198582423,0.12000000000003755,100.00000000004667,110.00000000002954,0.49999999999989597,54.99999999998219,0.120000000000066,0.0031,0.0028,0.0104,0.0151
42,1762837397.967933,-2.1414145004266124e-07,2.1440812433467145e-07,0.21978352009882535,-7.349237803341556e-06,7.019891841064568e-05,-7.019849120568722e-05,-0.01400859070338667,1.5436127327109908e-05,0.0,0.0,0.0,1.0,0.0,0.0,0.0,0.0,0.0,0.0,0.0,0.0,0.0,-0.0,-0.0,1.295,1.0,0.0,-0.0,-0.0,-0.0,-0.0,-0.049,-0.0,0.0,-0.0,5.675021323256926e-09,5.6749501255858455e-09,1.2861534485246122,0.9999999999991012,-9.612463198995987e-07,9.61256046023551e-07,1.5790784227050185e-07,3.217370417719882e-07,3.21733689036543e-07,-0.2154301778592137,-5.480297587824419e-05,5.4803456550628497e-05,9.174850380285575e-06,0.0,0.0,0.3529411764705882,1.0,0.0,0.0,0.0,32.74269126758095,0.4405854629135272,0.12000000041128789,100.00000000004565,110.00000000002656,0.4999999999999124,54.99999999994506,0.12000000034629366,0.0016,0.0021,0.0121,0.0153
43,1762837398.0260608,-4.3591181879270406e-07,4.3594511188182417e-07,0.22382280339034155,-5.206823703049649e-06,-1.1088518437502116e-06,1.107684937735762e-06,0.02019641645758108,1.0712070501459534e-05,0.0,0.0,0.0,1.0,0.0,0.0,0.0,0.0,0.0,0.0,0.0,0.0,0.0,-0.0,-0.0,1.288,1.0,0.0,-0.0,-0.0,-0.0,-0.0,-0.084,-0.0,0.0,-0.0,8.447502103782363e-11,8.436996360150779e-11,1.2767071947770205,0.9999999999999848,8.657356404514741e-08,-8.65568622513427e-08,9.505917474730762e-08,-2.3238088225852892e-08,-2.324368677070599e-08,-0.254290244475593,7.779218009832796e-06,-7.778301431252294e-06,5.043131685455172e-06,0.0,0.0,0.36134453781512604,1.0,0.0,0.0,0.0,32.911011065599666,0.45065695445667237,0.1200000005329238,100.0000000000441,110.00000000002119,0.49999999999990385,54.99999999994937,0.12000000046409454,0.0017,0.002,0.0075,0.0123
44,1762837398.0921528,-5.4494281923018286e-08,5.450473366297669e-08,0.2245804903030942,-3.6886643255236e-06,1.9070876843484288e-06,-1.9072018910942374e-06,0.0037884345637632655,7.590796887630243e-06,0.0,0.0,0.0,1.0,0.0,0.0,0.0,0.0,0.0,0.0,0.0,0.0,0.0,-0.0,-0.0,1.278,1.0,0.0,-0.0,-0.0,-0.0,-0.0,-0.1,-0.0,0.0,0.0,1.7671887691253697e-10,1.7670539577731727e-10,1.2660884485874209,0.9999999999999974,-2.7879938311007048e-08,2.7880291966931522e-08,6.74173201904088e-08,9.592325544241549e-09,9.592102807178954e-09,-0.25607258260885785,-1.5468069533787682e-06,1.5467738629387897e-06,3.579072691656602e-06,0.0,0.0,0.36974789915966383,1.0,0.0,0.0,0.0,33.07360962394934,0.46031437551301935,0.1200000007276722,100.00000000004374,110.00000000001941,0.4999999999998884,54.999999999938574,0.12000000072583876,0.0016,0.0019,0.0092,0.0098
45,1762837398.1673398,-1.9656035709264304e-08,1.9978967918635007e-08,0.23293164732518867,-2.613191174087557e-06,1.7419123106877e-07,-1.726288287217083e-07,0.04175578511047262,5.377365757180214e-06,0.0,0.0,0.0,1.0,0.0,0.0,0.0,0.0,0.0,0.0,0.0,0.0,0.0,-0.0,-0.0,1.267,1.0,0.0,-0.0,-0.0,-0.0,-0.0,-0.184,-0.0,0.0,0.0,2.2224563837371377e-11,2.2220303415428953e-11,1.2496854906657782,0.9999999999999991,-5.858168844160767e-10,5.862856901316586e-10,4.775974078789842e-08,3.704321099109144e-10,3.702584352801866e-10,-0.33457227985064103,5.3556721960342796e-08,-5.3536632250571656e-08,2.535462583086913e-06,0.0,0.0,0.37815126050420167,1.0,0.0,0.0,0.0,33.22134050727624,0.46899949768267785,0.12000000084489615,100.00000000003995,110.00000000001707,0.49999999999989164,54.999999999925045,0.12000000090742713,0.005,0.0026,0.0107,0.0134
46,1762837398.2233808,-6.574639800084189e-09,6.923805972417496e-09,0.23093580196502464,-1.8511450536488497e-06,6.540697954590063e-08,-6.527580973108753e-08,-0.009979226800820085,3.8102306021935354e-06,0.0,0.0,0.0,1.0,0.0,0.0,0.0,0.0,0.0,0.0,0.0,0.0,0.0,-0.0,-0.0,1.257,1.0,0.0,-0.0,-0.0,-0.0,-0.0,-0.179,-0.0,0.0,0.0,8.533109762738945e-12,8.395184274534148e-12,1.2407630946737043,0.9999999999999994,-9.393947990496283e-10,9.610989655339912e-10,3.383490668237006e-08,3.6780700737099286e-10,3.599918292355485e-10,-0.3064154989433131,-4.2687328841577614e-08,4.3922666846887835e-08,1.7962255367971014e-06,0.0,0.0,0.38655462184873945,1.0,0.0,0.0,0.0,33.36634384287394,0.47735342384136986,0.12000000087878042,100.00000000004206,110.00000000001786,0.4999999999998849,54.999999999915076,0.12000000095323664,0.0021,0.0015,0.0083,0.0093
47,1762837398.2901914,-4.411899103669463e-09,4.771055949065629e-09,0.22909236995095286,-1.3113227647149528e-06,1.081370348207362e-08,-1.0763750116759329e-08,-0.009217160070358804,2.6991114446694852e-06,0.0,0.0,0.0,1.0,0.0,0.0,0.0,0.0,0.0,0.0,0.0,0.0,0.0,-0.0,-0.0,1.248,1.0,0.0,-0.0,-0.0,-0.0,-0.0,-0.144,-0.0,0.0,-0.0,2.9229409414491378e-12,2.7755376882590695e-12,1.2339073449299343,0.9999999999999998,-3.04089197868506e-10,3.253480931924039e-10,2.396783052032385e-08,1.2341029941792725e-10,1.1574377588226923e-10,-0.27831386527990315,-1.3416092843308102e-08,1.4563711223281377e-08,1.272392176377997e-06,0.0,0.0,0.3949579831932773,1.0,0.0,0.0,0.0,33.51362696585913,0.48568625629649576,0.12000000088993663,100.00000000003982,110.00000000001621,0.4999999999999083,54.99999999991225,0.12000000095094912,0.0017,0.0024,0.0096,0.0075
48,1762837398.3605895,-3.793696089327268e-09,4.1545073744606935e-09,0.2285912144240092,-9.290376193088038e-07,3.0910150717109765e-09,-3.082742873024681e-09,-0.0025057776347184035,1.9114257270307455e-06,0.0,0.0,0.0,1.0,0.0,0.0,0.0,0.0,0.0,0.0,0.0,0.0,0.0,-0.0,-0.0,1.24,1.0,0.0,-0.0,-0.0,-0.0,-0.0,-0.129,-0.0,0.0,-0.0,2.0070815244088963e-12,1.855991935810808e-12,1.226834928056004,0.9999999999999999,-2.50941381170975e-10,2.7268812762486353e-10,1.6978442759769472e-08,9.911881376015331e-11,9.129592855136795e-11,-0.26544460248577484,-1.299545297135017e-08,1.4165652159332566e-08,9.01343034205059e-07,0.0,0.0,0.40336134453781514,1.0,0.0,0.0,0.0,33.66018770948196,0.49382906691002754,0.12000000090013041,100.00000000003753,110.00000000002035,0.4999999999999372,54.99999999991142,0.1200000009557261,0.0018,0.0019,0.012,0.0093
49,1762837398.4216385,-3.670443341540829e-09,4.032266568030328e-09,0.22774053553068638,-6.582276216208568e-07,6.162637389321919e-10,-6.112040321518339e-10,-0.004253394466614185,1.3540499884397345e-06,0.0,0.0,0.0,1.0,0.0,0.0,0.0,0.0,0.0,0.0,0.0,0.0,0.0,-0.0,-0.0,1.233,1.0,0.0,-0.0,-0.0,-0.0,-0.0,-0.115,-0.0,0.0,0.0,1.7532270485588128e-12,1.6009625446772456e-12,1.2208039150034073,1.0,-2.2457726328649043e-10,2.4636478325422796e-10,1.2029033937710508e-08,8.926905190515002e-11,8.139976896101031e-11,-0.25020310618845537,-1.1923775760721894e-08,1.3094306670185467e-08,6.386001607669271e-07,0.0,0.0,0.4117647058823529,1.0,0.0,0.0,0.0,33.80576588087601,0.5,0.1200000009072557,100.00000000003621,110.0000000000176,0.4999999999999198,54.99999999991146,0.12000000096845342,0.0018,0.0019,0.0069,0.0088
50,1762837398.4916713,-3.6746064274776136e-09,4.033522969185635e-09,0.2217003736481172,-4.663912862055231e-07,-2.0815429683920275e-11,6.282005776533834e-12,-0.030200809412845975,9.591816770766685e-07,0.0,0.0,0.0,1.0,0.0,0.0,0.0,0.0,0.0,0.0,0.0,0.0,0.0,-0.0,-0.0,1.227,1.0,0.0,-0.0,-0.0,-0.0,-0.0,-0.043,-0.0,0.0,0.0,1.702202312227443e-12,1.5494603603748726e-12,1.219533996347899,1.0,-2.2064629971055916e-10,2.4249034025781805e-10,8.522691591399767e-09,8.766628873992408e-11,7.977454831656904e-11,-0.180323648141652,-1.1822978589053412e-08,1.2996401911212456e-08,4.5245683667294303e-07,0.0,0.0,0.42016806722689076,1.0,0.0,0.0,0.0,33.95842030680236,0.5,0.120000000910628,100.00000000003729,110.00000000002045,0.49999999999993583,54.99999999991156,0.12000000097761689,0.0019,0.002,0.0087,0.01
51,1762837398.5582042,-3.5709853466110593e-09,3.936142405367637e-09,0.2351318254055751,-3.305107553514094e-07,5.18105404332773e-10,-4.869028190899828e-10,0.06715725878728929,6.794026542705688e-07,0.0,0.0,0.0,1.0,0.0,0.0,0.0,0.0,0.0,0.0,0.0,0.0,0.0,-0.0,-0.0,1.22,1.0,0.0,-0.0,-0.0,-0.0,-0.0,-0.168,-0.0,0.0,0.0,1.6585294552442248e-12,1.5109478956972964e-12,1.2039204579127665,1.0,-2.218005250612805e-10,2.434413703662504e-10,6.038880154812161e-09,8.552934334913234e-11,7.792483073229295e-11,-0.3143329793210727,-1.191337118891437e-08,1.3075007856948893e-08,3.205976034007705e-07,0.0,0.0,0.42857142857142855,1.0,0.0,0.0,0.0,34.09151530134235,0.5,0.1200000009128054,100.00000000003483,110.00000000001626,0.4999999999999465,54.99999999991086,0.12000000098060072,0.0016,0.0013,0.0093,0.0104
52,1762837398.6216009,-3.6275953076817537e-09,3.997121675651975e-09,0.22657514975234494,-2.3423712265222868e-07,-2.830498053534717e-10,3.0489635142168703e-10,-0.04278337826615092,4.813681634959035e-07,0.0,0.0,0.0,1.0,0.0,0.0,0.0,0.0,0.0,0.0,0.0,0.0,0.0,-0.0,-0.0,1.212,1.0,0.0,-0.0,-0.0,-0.0,-0.0,-0.107,-0.0,0.0,0.0,1.7476117242535691e-12,1.5854852923658242e-12,1.201153625752072,1.0,-2.147829046817882e-10,2.3686520470361573e-10,4.279586746617962e-09,9.043214700199854e-11,8.20085027527706e-11,-0.2160890363761589,-1.1512443853991255e-08,1.269982910074553e-08,2.2720213513910564e-07,0.0,0.0,0.4369747899159664,1.0,0.0,0.0,0.0,34.22917558295082,0.5,0.12000000091566321,100.00000000004064,110.00000000001776,0.49999999999993355,54.99999999990944,0.12000000098108315,0.0013,0.0018,0.0076,0.0074
53,1762837398.698628,-3.5591277902301694e-09,3.931594941729426e-09,0.23568830011786662,-1.6604461322578987e-07,3.423375872579241e-10,-3.276336696127455e-10,0.04556575182760875,3.40962547132194e-07,0.0,0.0,0.0,1.0,0.0,0.0,0.0,0.0,0.0,0.0,0.0,0.0,0.0,-0.0,-0.0,1.207,1.0,0.0,-0.0,-0.0,-0.0,-0.0,-0.173,-0.0,0.0,0.0,1.6901108173199825e-12,1.5338632624164157e-12,1.1910697629524742,1.0,-2.193349764182982e-10,2.41667713720148e-10,3.033038007928025e-09,8.721854744258014e-11,7.915802141587467e-11,-0.3052571531618196,-1.1792642355992205e-08,1.2993060973859227e-08,1.6102462039048603e-07,0.0,0.0,0.4453781512605042,1.0,0.0,0.0,0.0,34.35608739384528,0.5,0.1200000009186993,100.00000000003702,110.00000000002215,0.4999999999999216,54.999999999910976,0.12000000098161484,0.0016,0.0019,0.01,0.0164
54,1762837398.7888408,-3.638225363553661e-09,4.009903730965529e-09,0.2235829342053977,-1.1773401745045289e-07,-3.954878666174567e-10,3.9154394618051554e-10,-0.06052682956234465,2.4155297887668486e-07,0.0,0.0,0.0,1.0,0.0,0.0,0.0,0.0,0.0,0.0,0.0,0.0,0.0,-0.0,-0.0,1.201,1.0,0.0,-0.0,-0.0,-0.0,-0.0,-0.063,-0.0,0.0,0.0,1.7579298365042394e-12,1.591389002168637e-12,1.1931818888536674,1.0,-2.143164005644885e-10,2.3681649746388563e-10,2.1501244009203495e-09,9.092282637282436e-11,8.228849517591857e-11,-0.16979028654095943,-1.1495224774600561e-08,1.2704313509044239e-08,1.1415342132069149e-07,0.0,0.0,0.453781512605042,1.0,0.0,0.0,0.0,34.49467083836453,0.5,0.12000000092126953,100.00000000003953,110.00000000002485,0.4999999999998993,54.99999999991234,0.12000000098265552,0.0025,0.0036,0.0275,0.0194
55,1762837398.8299775,-3.5920061197698692e-09,3.9611694399985875e-09,0.2289643633424465,-8.351442146898532e-08,2.3109621891895546e-10,-2.4367145483471423e-10,0.02690714568524427,1.7109797990733795e-07,0.0,0.0,0.0,1.0,0.0,0.0,0.0,0.0,0.0,0.0,0.0,0.0,0.0,-0.0,-0.0,1.198,1.0,-0.0,0.0,-0.0,-0.0,-0.0,-0.081,-0.0,0.0,0.0,1.6814699871398492e-12,1.5256143731631745e-12,1.1879768346719455,1.0,-2.2013589054432922e-10,2.4256195182682966e-10,1.5246107202200229e-09,8.670689396235062e-11,7.868674225629696e-11,-0.2204667761091186,-1.1840670368207683e-08,1.3044951470622971e-08,8.094615680511632e-08,0.0,0.0,0.4621848739495798,1.0,0.0,0.0,0.0,34.62935134700571,0.5,0.12000000092310537,100.00000000004131,110.00000000001961,0.49999999999991884,54.999999999910315,0.120000000983653,0.0021,0.0025,0.0106,0.0126
56,1762837398.892465,-3.6242416350784877e-09,3.994048738626743e-09,0.22383681312852913,-5.9272308706431125e-08,-1.6117757654309272e-10,1.6439649314077733e-10,-0.0256377510695866,1.2121056381277096e-07,0.0,0.0,0.0,1.0,0.0,0.0,0.0,0.0,0.0,0.0,0.0,0.0,0.0,-0.0,-0.0,1.195,1.0,-0.0,0.0,-0.0,-0.0,-0.0,-0.043,-0.0,0.0,0.0,1.7299551937483306e-12,1.5687310894989399e-12,1.1880920248099347,1.0,-2.1645835351554458e-10,2.387203922421703e-10,1.0815564262870333e-09,8.942043888978606e-11,8.10824100243844e-11,-0.16288290457040952,-1.161522383482474e-08,1.2810310839614505e-08,5.742573239708225e-08,0.0,0.0,0.47058823529411764,1.0,0.0,0.0,0.0,34.766177290904906,0.5,0.12000000092441344,100.00000000004131,110.00000000001664,0.49999999999989186,54.99999999991114,0.12000000098435132,0.0022,0.0019,0.0095,0.01
57,1762837398.9565463,-3.587308195620632e-09,3.958313044365487e-09,0.22833952107247749,-4.2100595540323344e-08,1.846671972892798e-10,-1.786784713062812e-10,0.022513539719741682,8.58585658305389e-08,0.0,0.0,0.0,1.0,0.0,0.0,0.0,0.0,0.0,0.0,0.0,0.0,0.0,-0.0,-0.0,1.191,1.0,-0.0,0.0,-0.0,-0.0,-0.0,-0.072,-0.0,0.0,0.0,1.6987983027067868e-12,1.5415073643575773e-12,1.181778350151928,1.0,-2.189598367767586e-10,2.412831154665847e-10,7.676767627577732e-10,8.769983491050357e-11,7.958483380526905e-11,-0.2045732122210694,-1.1767061204278034e-08,1.2966141399697706e-08,4.0762534622011944e-08,0.0,0.0,0.4789915966386554,1.0,0.0,0.0,0.0,34.897084750268284,0.5,0.12000000092538476,100.00000000004042,110.00000000001234,0.4999999999998728,54.99999999991094,0.12000000098475545,0.0021,0.0018,0.0085,0.0085
58,1762837399.0250149,-3.603062388320085e-09,3.9763437799266715e-09,0.22564415009831978,-2.9935936609113546e-08,-7.877096349726655e-11,9.01536778059241e-11,-0.013476854870788674,6.082329465604898e-08,0.0,0.0,0.0,1.0,0.0,0.0,0.0,0.0,0.0,0.0,0.0,0.0,0.0,-0.0,-0.0,1.187,1.0,-0.0,0.0,-0.0,-0.0,-0.0,-0.054,-0.0,0.0,0.0,1.7362275596138246e-12,1.5734943872590587e-12,1.1794504256737488,1.0,-2.1624062970364904e-10,2.3864012097521547e-10,5.453470548386541e-10,8.97496901880803e-11,8.132762411622065e-11,-0.17125373402646127,-1.1605600189841034e-08,1.280889708627055e-08,2.8959684834965277e-08,0.0,0.0,0.48739495798319327,1.0,0.0,0.0,0.0,35.02759123126773,0.5,0.12000000092613716,100.00000000003651,110.00000000001918,0.49999999999990463,54.99999999991089,0.12000000098498463,0.0023,0.0016,0.0074,0.0115
59,1762837399.0985148,-3.574961996233785e-09,3.9504001192951326e-09,0.22902489615539126,-2.1319103269891534e-08,1.4050196043149972e-10,-1.2971830315769387e-10,0.0169037302853573,4.308416669611006e-08,0.0,0.0,0.0,1.0,0.0,0.0,0.0,0.0,0.0,0.0,0.0,0.0,0.0,-0.0,-0.0,1.184,1.0,-0.0,0.0,-0.0,-0.0,-0.0,-0.079,-0.0,0.0,0.0,1.7208938012306415e-12,1.559343979216015e-12,1.174607637329494,1.0,-2.1756481980578517e-10,2.4010935100390306e-10,3.8784323747997217e-10,8.88774058684164e-11,8.053273108453583e-11,-0.202434774581134,-1.1688463990825052e-08,1.2899791149020435e-08,2.059816488086279e-08,0.0,0.0,0.49579831932773105,1.0,0.0,0.0,0.0,35.1526876570555,0.5,0.12000000092672182,100.00000000003611,110.0000000000256,0.4999999999998898,54.999999999911665,0.12000000098511712,0.0018,0.0037,0.0112,0.0128
60,1762837399.1653743,-3.588050064793642e-09,3.965459809609645e-09,0.2266838439619611,-1.5215014544174837e-08,-6.544034279928259e-11,7.529845157255788e-11,-0.011705260967150771,3.052044362858351e-08,0.0,0.0,0.0,1.0,0.0,0.0,0.0,0.0,0.0,0.0,0.0,0.0,0.0,-0.0,-0.0,1.18,1.0,-0.0,0.0,-0.0,-0.0,-0.0,-0.06,-0.0,0.0,0.0,1.74924545926117e-12,1.5830006713913212e-12,1.1722288623924964,1.0,-2.1555810616440645e-10,2.3823195205061157e-10,2.76277114716468e-10,9.041311694806268e-11,8.181017617122818e-11,-0.17207125173366716,-1.157091220116328e-08,1.2789157875634322e-08,1.4675430848725518e-08,0.0,0.0,0.5042016806722689,1.0,0.0,0.0,0.0,35.27770221184202,0.5,0.12000000092716107,100.00000000003146,110.00000000002102,0.4999999999998634,54.999999999910685,0.12000000098518025,0.0021,0.0024,0.0103,0.0144
61,1762837399.2380948,-3.575594188608378e-09,3.953783800394047e-09,0.227779593578027,-1.0891144918316806e-08,6.227938092632156e-11,-5.838004607798514e-11,0.005478748080329471,2.1619348129290158e-08,0.0,0.0,0.0,1.0,0.0,0.0,0.0,0.0,0.0,0.0,0.0,0.0,0.0,-0.0,-0.0,1.176,1.0,-0.0,0.0,-0.0,-0.0,-0.0,-0.059,-0.0,0.0,0.0,1.7368708472125804e-12,1.5715654316599501e-12,1.168126529065195,1.0,-2.1663989687943132e-10,2.394314228885137e-10,1.9724387858172057e-10,8.970636564938928e-11,8.1167450855132e-11,-0.17685522098801823,-1.1638194019169382e-08,1.2862718786144416e-08,1.0479749878159401e-08,0.0,0.0,0.5126050420168067,1.0,0.0,0.0,0.0,35.40078565955969,0.5,0.12000000092747987,100.0000000000276,110.00000000001579,0.4999999999998783,54.99999999991362,0.12000000098519434,0.0038,0.0033,0.0132,0.0151
62,1762837399.326494,-3.5884664538633386e-09,3.966947489853073e-09,0.2253181798517427,-7.828254815664232e-09,-6.436132627479822e-11,6.581844729512478e-11,-0.012307068631421336,1.531445051326287e-08,0.0,0.0,0.0,1.0,0.0,0.0,0.0,0.0,0.0,0.0,0.0,0.0,0.0,-0.0,-0.0,1.172,1.0,-0.0,0.0,-0.0,-0.0,-0.0,-0.031,-0.0,0.0,0.0,1.750612290416647e-12,1.5831617127379748e-12,1.1661387175752347,1.0,-2.1570713037662493e-10,2.3853727742041624e-10,1.4126065377745627e-10,9.045281861135634e-11,8.17965709982722e-11,-0.14406658304807293,-1.1582403214522769e-08,1.280873658944358e-08,7.507753725326825e-09,0.0,0.0,0.5210084033613445,1.0,0.0,0.0,0.0,35.525197572924746,0.5,0.12000000092770392,100.0000000000277,110.00000000001303,0.4999999999998925,54.9999999999146,0.12000000098516651,0.0019,0.0019,0.0397,0.0138
63,1762837399.3625371,-3.540280410539142e-09,3.922783205438513e-09,0.23179512022200233,-5.6586592505598716e-09,2.40930216620983e-10,-2.2082142207279445e-10,0.03238470185129799,1.0847977825521806e-08,0.0,0.0,0.0,1.0,0.0,0.0,0.0,0.0,0.0,0.0,0.0,0.0,0.0,-0.0,-0.0,1.169,1.0,-0.0,0.0,-0.0,-0.0,-0.0,-0.092,-0.0,0.0,0.0,1.7389977886657298e-12,1.5730823875851446e-12,1.1589782786720897,1.0,-2.1666349755360086e-10,2.3950777122396894e-10,1.0160382998335647e-10,8.980829372885072e-11,8.124191743499999e-11,-0.20832919570165875,-1.1639413458204311e-08,1.2866396668895425e-08,5.402477725005216e-09,0.0,0.0,0.5294117647058824,1.0,0.0,0.0,0.0,35.63948574744271,0.5,0.12000000092785687,100.00000000002422,110.00000000001617,0.49999999999987843,54.99999999991457,0.12000000098512208,0.0015,0.0019,0.0097,0.0133
64,1762837399.4191551,-3.578070128749246e-09,3.9622423739035945e-09,0.22599445677506025,-4.121763778881154e-09,-1.8894859105052142e-10,1.9729584232540675e-10,-0.02900331723471039,7.684477358393586e-09,0.0,0.0,0.0,1.0,0.0,0.0,0.0,0.0,0.0,0.0,0.0,0.0,0.0,-0.0,-0.0,1.165,1.0,-0.0,0.0,-0.0,-0.0,-0.0,-0.043,-0.0,0.0,0.0,1.7862784439028588e-12,1.6121019827278681e-12,1.158832941332307,1.0,-2.133226484947168e-10,2.36436080880902e-10,7.35130779258855e-11,9.236944003112551e-11,8.334363011946391e-11,-0.1406143803896443,-1.1446373251464835e-08,1.2688643923883564e-08,3.911218257186305e-09,0.0,0.0,0.5378151260504201,1.0,0.0,0.0,0.0,35.75744229846716,0.5,0.12000000092794047,100.00000000002635,110.00000000002211,0.49999999999989675,54.99999999991458,0.12000000098504986,0.0023,0.0015,0.0055,0.0076
65,1762837399.4995556,-3.5660734819168563e-09,3.948610309030751e-09,0.22679512500468033,-3.0330962659937678e-09,5.998323416195113e-11,-6.816032436421781e-11,0.004003341148100331,5.443337564436929e-09,0.0,0.0,0.0,1.0,0.0,0.0,0.0,0.0,0.0,0.0,0.0,0.0,0.0,-0.0,-0.0,1.163,1.0,-0.0,0.0,-0.0,-0.0,-0.0,-0.028,-0.0,0.0,0.0,1.749221096860067e-12,1.5796196105756886e-12,1.1573133920399363,1.0,-2.1621264085114563e-10,2.394101580359931e-10,5.3614044684247646e-11,9.030032260988012e-11,8.154969735089849e-11,-0.14272907825386785,-1.1620753100501789e-08,1.2867015451654554e-08,2.85482935120902e-09,0.0,0.0,0.5462184873949579,1.0,0.0,0.0,0.0,35.875836472558,0.5,0.12000000092797333,100.00000000002714,110.00000000002434,0.49999999999992006,54.99999999991378,0.12000000098496244,0.0029,0.0024,0.0143,0.0112
66,1762837399.5546772,-3.5505091782534814e-09,3.9356825328339494e-09,0.22867632109127528,-2.261928368128104e-09,7.782151831687584e-11,-6.463888098400606e-11,0.009405980432974914,3.855839489328321e-09,0.0,0.0,0.0,1.0,0.0,0.0,0.0,0.0,0.0,0.0,0.0,0.0,0.0,-0.0,-0.0,1.16,1.0,-0.0,0.0,-0.0,-0.0,-0.0,-0.05,-0.0,0.0,0.0,1.763748944205562e-12,1.592878974310361e-12,1.1530506539176202,1.0,-2.1513578811056661e-10,2.3821118300181433e-10,3.95185459831711e-11,9.111903738615546e-11,8.22922331965921e-11,-0.15777517643523037,-1.1551819978035189e-08,1.2790786725496755e-08,2.1065380671678067e-09,0.0,0.0,0.5546218487394958,1.0,0.0,0.0,0.0,35.98901965366974,0.5,0.12000000092797,100.00000000003062,110.0000000000184,0.4999999999999494,54.99999999991403,0.12000000098486302,0.0019,0.0019,0.0072,0.0081
67,1762837399.6233282,-3.558052474809928e-09,3.944668739383154e-09,0.22710937459312808,-1.7156672196454236e-09,-3.771648278223128e-11,4.493103274602168e-11,-0.007834732490735852,2.7313057424134026e-09,0.0,0.0,0.0,1.0,0.0,0.0,0.0,0.0,0.0,0.0,0.0,0.0,0.0,-0.0,-0.0,1.158,1.0,-0.0,0.0,-0.0,-0.0,-0.0,-0.035,-0.0,0.0,0.0,1.7795393500736025e-12,1.60538121228548e-12,1.1522489214474294,1.0,-2.141711629206136e-10,2.374359528940858e-10,2.953385592321509e-11,9.196639148731284e-11,8.295708569329839e-11,-0.1367164375300519,-1.1499216725581676e-08,1.2749307723913745e-08,1.5764779450387416e-09,0.0,0.0,0.5630252100840336,1.0,0.0,0.0,0.0,36.10192177228632,0.5,0.1200000009279339,100.00000000002984,110.0000000000261,0.4999999999999254,54.99999999991497,0.12000000098474735,0.0025,0.0018,0.0081,0.0084
68,1762837399.6942337,-3.539509278577282e-09,3.9278786306249095e-09,0.2292490590720363,-1.3287185747804335e-09,9.271598116323302e-11,-8.395054379121549e-11,0.010698422394540968,1.9347432243249487e-09,0.0,0.0,0.0,1.0,0.0,0.0,0.0,0.0,0.0,0.0,0.0,0.0,0.0,-0.0,-0.0,1.156,1.0,-0.0,0.0,-0.0,-0.0,-0.0,-0.05,0.0,0.0,0.0,1.7724643512586458e-12,1.5987454431142352e-12,1.1491673914640226,1.0,-2.1479017789222729e-10,2.381335918735503e-10,2.246115050229492e-11,9.155327892539092e-11,8.257889718061777e-11,-0.1546065904877179,-1.153761351780654e-08,1.2791661184701775e-08,1.2010074119736461e-09,0.0,0.0,0.5714285714285714,1.0,0.0,0.0,0.0,36.21093676449392,0.5,0.1200000009278731,100.00000000002944,110.0000000000312,0.4999999999998969,54.99999999991562,0.120000000984623,0.0017,0.0022,0.0114,0.0102
69,1762837399.7579885,-3.54831036590371e-09,3.938111474141877e-09,0.22756198052812826,-1.0546253911674319e-09,-4.400543663213795e-11,5.1164217584834276e-11,-0.00843539271954008,1.3704659180650082e-09,0.0,0.0,0.0,1.0,0.0,0.0,0.0,0.0,0.0,0.0,0.0,0.0,0.0,-0.0,-0.0,1.154,1.0,-0.0,0.0,-0.0,-0.0,-0.0,-0.035,0.0,-0.0,0.0,1.7917677460288552e-12,1.6146065494015986e-12,1.148408424192537,1.0,-2.134861825682328e-10,2.369375976197641e-10,1.7451137371505204e-11,9.259660823011167e-11,8.343331322626596e-11,-0.13192177801154484,-1.1461763851850033e-08,1.272168117079847e-08,9.350394441365333e-10,0.0,0.0,0.5798319327731092,1.0,0.0,0.0,0.0,36.319674933381606,0.5,0.12000000092778902,100.00000000003728,110.00000000003655,0.4999999999999201,54.99999999991529,0.12000000098448885,0.0037,0.0017,0.0108,0.0064
70,1762837399.837089,-3.5433673965528546e-09,3.9334135466049545e-09,0.22766761317386566,-8.604706807982941e-10,2.4714846754278423e-11,-2.34896376846118e-11,0.0005281632286869564,9.707735518456881e-10,0.0,0.0,0.0,1.0,0.0,0.0,0.0,0.0,0.0,0.0,0.0,0.0,0.0,-0.0,-0.0,1.152,1.0,-0.0,0.0,-0.0,-0.0,-0.0,-0.026,0.0,-0.0,0.0,1.7835857306745307e-12,1.6070433196962442e-12,1.146884680620166,1.0,-2.142111327658755e-10,2.3774668040659787e-10,1.3902330203280504e-11,9.212726458433222e-11,8.300740063765467e-11,-0.12712468680378336,-1.1506794580131237e-08,1.2771158858623786e-08,7.466433142636044e-10,0.0,0.0,0.5882352941176471,1.0,0.0,0.0,0.0,36.42777505815889,0.5,0.12000000092769084,100.00000000003617,110.00000000003203,0.49999999999993966,54.99999999991628,0.12000000098435053,0.0024,0.0021,0.0143,0.0161
71,1762837399.8896983,-3.544393509325604e-09,3.935078204794675e-09,0.22700034000889352,-7.229416926124976e-10,-5.130563863744071e-12,8.32329094860225e-12,-0.00333636582486066,6.876449409289813e-10,0.0,0.0,0.0,1.0,0.0,0.0,0.0,0.0,0.0,0.0,0.0,0.0,0.0,-0.0,-0.0,1.151,1.0,-0.0,0.0,-0.0,-0.0,-0.0,-0.017,0.0,-0.0,0.0,1.789939583984952e-12,1.6124451417661546e-12,1.1465532563241638,1.0,-2.1381541137038145e-10,2.373573378159629e-10,1.1388517563391947e-11,9.247252069667674e-11,8.330111955290202e-11,-0.11583889964418437,-1.1482477596618347e-08,1.2746919943332519e-08,6.131919524525762e-10,0.0,0.0,0.5966386554621849,1.0,0.0,0.0,0.0,36.53508712826246,0.5,0.12000000092757743,100.00000000003713,110.00000000003621,0.49999999999991845,54.99999999991674,0.1200000009842034,0.0016,0.002,0.0093,0.0079
72,1762837399.9667373,-3.5330760612622902e-09,3.925164777254175e-09,0.22813278725284492,-6.255218363550804e-10,5.658724031656886e-11,-4.95671377025e-11,0.005662236219756783,4.870992812870872e-10,0.0,0.0,0.0,1.0,0.0,0.0,0.0,0.0,0.0,0.0,0.0,0.0,0.0,-0.0,-0.0,1.15,1.0,-0.0,0.0,-0.0,-0.0,-0.0,-0.025,0.0,-0.0,0.0,1.7896927591575522e-12,1.6120074542840155e-12,1.1450219180259507,1.0,-2.13919641499316e-10,2.3750289433369317e-10,9.607867201740772e-12,9.245223614290274e-11,8.327226440242701e-11,-0.12388335546852919,-1.1489406115101039e-08,1.2756155729663657e-08,5.186622298583364e-10,0.0,0.0,0.6050420168067226,1.0,0.0,0.0,0.0,36.639485781514786,0.5,0.12000000092745813,100.00000000004263,110.00000000003311,0.4999999999999027,54.99999999991815,0.12000000098406033,0.0023,0.0036,0.0096,0.0157
73,1762837400.0253868,-3.538665088022747e-09,3.931743804529376e-09,0.22687857335981793,-5.565167505670434e-10,-2.794513380228428e-11,3.2895136376002645e-11,-0.00627106946513481,3.4502542894018467e-10,0.0,0.0,0.0,1.0,0.0,0.0,0.0,0.0,0.0,0.0,0.0,0.0,0.0,-0.0,-0.0,1.149,1.0,-0.0,0.0,-0.0,-0.0,-0.0,-0.012,0.0,-0.0,0.0,1.8015876918693478e-12,1.6216252584753339e-12,1.1450337005936988,1.0,-2.13149130597401e-10,2.3682254411574204e-10,8.346524625045241e-12,9.30915291872992e-11,8.378702209032533e-11,-0.10631129058817423,-1.1445272146533216e-08,1.2717034731151124e-08,4.5170098007938103e-10,0.0,0.0,0.6134453781512604,1.0,0.0,0.0,0.0,36.74358802021068,0.5,0.12000000092733086,100.00000000003993,110.00000000003475,0.4999999999999344,54.999999999915886,0.12000000098391031,0.0015,0.0017,0.0092,0.0107
74,1762837400.1028836,-3.527962825423061e-09,3.92205280443062e-09,0.22790264719360645,-5.076361795341861e-10,5.3511312998432525e-11,-4.8455000493782277e-11,0.005120369168942318,2.4440285516428635e-10,0.0,0.0,0.0,1.0,0.0,0.0,0.0,0.0,0.0,0.0,0.0,0.0,0.0,-0.0,-0.0,1.148,1.0,-0.0,0.0,-0.0,-0.0,-0.0,-0.016,0.0,-0.0,0.0,1.7966406149600588e-12,1.6170202678557758e-12,1.14370089889294,1.0,-2.1360625456177782e-10,2.373364828202495e-10,7.453088799539023e-12,9.28055508640474e-11,8.352649540776173e-11,-0.11260697542087936,-1.1473591851370265e-08,1.274831355012343e-08,4.042711365432965e-10,0.0,0.0,0.6218487394957983,1.0,0.0,0.0,0.0,36.84543403223776,0.5,0.12000000092719944,100.00000000003703,110.00000000003,0.4999999999999075,54.99999999991774,0.12000000098376223,0.0015,0.0018,0.016,0.0146
75,1762837400.1639688,-3.532982606359366e-09,3.92797564552739e-09,0.22673838583285835,-4.730135355067354e-10,-2.509890468152743e-11,2.9614205483848836e-11,-0.005821306803740323,1.7311322013725347e-10,0.0,0.0,0.0,1.0,0.0,0.0,0.0,0.0,0.0,0.0,0.0,0.0,0.0,-0.0,-0.0,1.148,1.0,-0.0,0.0,-0.0,-0.0,-0.0,-0.005,0.0,-0.0,0.0,1.8083100237400797e-12,1.6266100582431314e-12,1.1445763760779455,1.0,-2.128448946668701e-10,2.3663630564310165e-10,6.820207638707171e-12,9.343631430061432e-11,8.40432035857116e-11,-0.0970574751217139,-1.1429069397452787e-08,1.2707081831657556e-08,3.7067317900700485e-10,0.0,0.0,0.6302521008403361,1.0,0.0,0.0,0.0,36.946812473687814,0.5,0.12000000092706653,100.0000000000372,110.00000000003197,0.49999999999988987,54.99999999991805,0.12000000098361344,0.0017,0.0025,0.0111,0.0129
76,1762837400.2250237,-3.523705152290826e-09,3.919606854017854e-09,0.22758226555236602,-4.484885053202049e-10,4.638727034270002e-11,-4.184395754767769e-11,0.004219398597538393,1.2262515093265278e-10,0.0,0.0,0.0,1.0,0.0,0.0,0.0,0.0,0.0,0.0,0.0,0.0,0.0,-0.0,-0.0,1.147,1.0,-0.0,0.0,-0.0,-0.0,-0.0,-0.007,0.0,-0.0,0.0,1.803849346388761e-12,1.6224561811094247e-12,1.1433817089434455,1.0,-2.1325926946771367e-10,2.3710441540835473e-10,6.371936410139255e-12,9.317899476248393e-11,8.380830910168215e-11,-0.10118476574334696,-1.1454829118777689e-08,1.2735703426953509e-08,3.4687585475416434e-10,0.0,0.0,0.6386554621848739,1.0,0.0,0.0,0.0,37.04624946300106,0.5,0.12000000092692611,100.00000000004005,110.00000000002932,0.49999999999986433,54.99999999991828,0.12000000098347131,0.0016,0.0016,0.0091,0.0106
77,1762837400.2972705,-3.521797208575723e-09,3.919170854915927e-09,0.22746473050225266,-4.3111761692722033e-10,9.539718575518e-12,-2.1799955096368995e-12,-0.0005876752505665772,8.685444196492308e-11,0.0,0.0,0.0,1.0,0.0,0.0,0.0,0.0,0.0,0.0,0.0,0.0,0.0,-0.0,-0.0,1.147,1.0,-0.0,0.0,-0.0,-0.0,-0.0,-0.007,0.0,-0.0,0.0,1.8142401107416e-12,1.6309919499212957e-12,1.143518153919434,1.0,-2.125980315876224e-10,2.364980571247119e-10,6.054399319331931e-12,9.374063700531751e-11,8.42682589310455e-11,-0.09684042277468267,-1.1416128493155849e-08,1.2699951518698946e-08,3.300186902692015e-10,0.0,0.0,0.6470588235294117,1.0,0.0,0.0,0.0,37.14383050618859,0.5,0.12000000092679071,100.000000000043,110.00000000002767,0.4999999999998767,54.999999999919275,0.12000000098332278,0.0017,0.0019,0.0095,0.0154
78,1762837400.3602545,-3.5192528434466226e-09,3.917620264223444e-09,0.2274083868457129,-4.1881355063991025e-10,1.272182564549959e-11,-7.752953462415719e-12,-0.0002817182826986564,6.152033143655052e-11,0.0,0.0,0.0,1.0,0.0,0.0,0.0,0.0,0.0,0.0,0.0,0.0,0.0,-0.0,-0.0,1.146,1.0,-0.0,0.0,-0.0,-0.0,-0.0,-0.002,0.0,-0.0,0.0,1.8165979917420199e-12,1.6324089898865566e-12,1.1428764811593364,1.0,-2.1253510919243448e-10,2.3652796188281633e-10,5.82949348115571e-12,9.385316272044713e-11,8.43336636038137e-11,-0.09122598865200948,-1.1414391760393002e-08,1.2703325896724362e-08,3.18079174200387e-10,0.0,0.0,0.6554621848739496,1.0,0.0,0.0,0.0,37.240321018130004,0.5,0.1200000009266525,100.00000000004438,110.00000000003226,0.49999999999985656,54.99999999991942,0.1200000009831798,0.0018,0.0019,0.009,0.0112
79,1762837400.431932,-3.5160029164957838e-09,3.915387583243715e-09,0.22745145180199028,-4.100986065223749e-10,1.6249634754194542e-11,-1.1163404898643037e-11,0.00021532478138672206,4.357472058767672e-11,0.0,0.0,0.0,1.0,0.0,0.0,0.0,0.0,0.0,0.0,0.0,0.0,0.0,-0.0,-0.0,1.146,1.0,-0.0,0.0,-0.0,-0.0,-0.0,-0.0,0.0,-0.0,0.0,1.8202271040699598e-12,1.6351353576200169e-12,1.1430517968772902,1.0,-2.1237704064814413e-10,2.364264812224007e-10,5.67018835612931e-12,9.40398364561146e-11,8.447461991647187e-11,-0.08796512383598101,-1.1405760367584633e-08,1.2697627134702749e-08,3.096221552114569e-10,0.0,0.0,0.6638655462184874,1.0,0.0,0.0,0.0,37.335361331087604,0.5,0.1200000009265137,100.00000000004307,110.00000000003705,0.4999999999998397,54.999999999921314,0.12000000098303652,0.0015,0.0023,0.0108,0.0143
80,1762837400.4893503,-3.512389405727861e-09,3.912888100387365e-09,0.22756808115611624,-4.039261017924737e-10,1.8067553839612515e-11,-1.2497414281748188e-11,0.0005831467706297888,3.086252364950573e-11,0.0,0.0,0.0,1.0,0.0,0.0,0.0,0.0,0.0,0.0,0.0,0.0,0.0,-0.0,-0.0,1.146,1.0,-0.0,0.0,-0.0,-0.0,-0.0,0.001,0.0,-0.0,0.0,1.8243107439183843e-12,1.63822399695625e-12,1.1431693053612453,1.0,-2.1217589982535425e-10,2.3628689989224407e-10,5.557353341333996e-12,9.425210092214801e-11,8.463512183700392e-11,-0.08543464517451256,-1.1394800240896458e-08,1.2689978471772665e-08,3.0363210768597243e-10,0.0,0.0,0.6722689075630252,1.0,0.0,0.0,0.0,37.42882992283524,0.5,0.12000000092638302,100.00000000004381,110.00000000003183,0.4999999999998616,54.999999999921855,0.12000000098289905,0.0017,0.0015,0.0088,0.0085
81,1762837400.56126,-3.5113126576172783e-09,3.9127333050026504e-09,0.22732999293772976,-3.995543200699081e-10,5.383740552913111e-12,-7.739769235735805e-13,-0.001190441091932365,2.1858908612827955e-11,0.0,0.0,0.0,1.0,0.0,0.0,0.0,0.0,0.0,0.0,0.0,0.0,0.0,-0.0,-0.0,1.146,1.0,-0.0,0.0,-0.0,-0.0,-0.0,0.006,0.0,-0.0,0.0,1.8287460508389017e-12,1.6415670701494159e-12,1.1435541362412773,1.0,-2.1195523941424358e-10,2.361341595263994e-10,5.47743665075954e-12,9.448275557601892e-11,8.480889166882062e-11,-0.0788880977538716,-1.138286798633604e-08,1.268171563420093e-08,2.9938960859550776e-10,0.0,0.0,0.680672268907563,1.0,0.0,0.0,0.0,37.521266495288515,0.5,0.1200000009262514,100.00000000004495,110.00000000002854,0.49999999999985084,54.99999999992033,0.12000000098276298,0.0018,0.002,0.0091,0.0128
82,1762837400.6269612,-3.507036085039912e-09,3.90940550267036e-09,0.22752943039141796,-3.9645820950197645e-10,2.138286288683232e-11,-1.6639011661453463e-11,0.0009971872684411687,1.5480552839657795e-11,0.0,0.0,0.0,1.0,0.0,0.0,0.0,0.0,0.0,0.0,0.0,0.0,0.0,-0.0,-0.0,1.147,1.0,-0.0,0.0,-0.0,-0.0,-0.0,0.006,0.0,-0.0,0.0,1.830795938598676e-12,1.64296834249817e-12,1.1445774775224862,1.0,-2.1190823276264937e-10,2.361414336570653e-10,5.420834287320322e-12,9.458383623888592e-11,8.487796435233148e-11,-0.07824071528524075,-1.138090881326084e-08,1.2682628954188694e-08,2.9638478586491926e-10,0.0,0.0,0.6890756302521008,1.0,0.0,0.0,0.0,37.612110419646775,0.5,0.1200000009261201,100.00000000004081,110.00000000002933,0.4999999999998333,54.99999999991901,0.12000000098263232,0.0029,0.002,0.01,0.0074
83,1762837400.6927724,-3.503848589991145e-09,3.90737041886272e-09,0.22762651495104513,-3.9426589266636445e-10,1.5937475243837408e-11,-1.0175419038200631e-11,0.00048542279813582057,1.0961584178059871e-11,0.0,0.0,0.0,1.0,0.0,0.0,0.0,0.0,0.0,0.0,0.0,0.0,0.0,-0.0,-0.0,1.147,1.0,-0.0,0.0,-0.0,-0.0,-0.0,0.007,0.0,-0.0,0.0,1.8358649190934537e-12,1.6469114074155961e-12,1.144708941905803,1.0,-2.116274550910659e-10,2.359181065216071e-10,5.3807489102517076e-12,9.485101623126882e-11,8.508559206764747e-11,-0.07524698627359018,-1.13651155750558e-08,1.2669927242099988e-08,2.9425681365488134e-10,0.0,0.0,0.6974789915966386,1.0,0.0,0.0,0.0,37.70142516151264,0.5,0.12000000092599002,100.00000000004303,110.0000000000277,0.499999999999859,54.99999999992015,0.12000000098250278,0.0022,0.0028,0.0105,0.0074
84,1762837400.767216,-3.5027589518810026e-09,3.907147795780277e-09,0.22740296527090897,-3.9271345642273594e-10,5.448190550715158e-12,-1.1131154122193885e-12,-0.001117748400680768,7.762181218142358e-12,0.0,0.0,0.0,1.0,0.0,0.0,0.0,0.0,0.0,0.0,0.0,0.0,0.0,-0.0,-0.0,1.148,1.0,-0.0,0.0,-0.0,-0.0,-0.0,0.011,0.0,-0.0,-0.0,1.839913269961704e-12,1.64990180751254e-12,1.1460229786270928,1.0,-2.1144280047407087e-10,2.358044457643051e-10,5.352365744530155e-12,9.506022753782442e-11,8.523996255804106e-11,-0.0698478855860386,-1.1355440921427635e-08,1.2664110912991167e-08,2.92750092260641e-10,0.0,0.0,0.7058823529411764,1.0,0.0,0.0,0.0,37.789674650552406,0.5,0.12000000092586563,100.00000000004303,110.0000000000295,0.49999999999984374,54.999999999920945,0.12000000098238102,0.0022,0.0027,0.0108,0.0159
85,1762837400.8241415,-3.4990807983210663e-09,3.904354425206698e-09,0.22754806019103957,-3.916144119601208e-10,1.8390767799681262e-11,-1.3966852867893431e-11,0.0007254746006527812,5.495222313075533e-12,0.0,0.0,0.0,1.0,0.0,0.0,0.0,0.0,0.0,0.0,0.0,0.0,0.0,-0.0,-0.0,1.149,1.0,-0.0,0.0,-0.0,-0.0,-0.0,0.012,0.0,-0.0,-0.0,1.84187110316087e-12,1.6512378932316394e-12,1.1471111634588076,1.0,-2.113919054328878e-10,2.3580385453802853e-10,5.3322667067267805e-12,9.51562762300949e-11,8.530552728308279e-11,-0.06825050880417574,-1.1353175076962493e-08,1.2664483165287976e-08,2.9168312769814263e-10,0.0,0.0,0.7142857142857143,1.0,0.0,0.0,0.0,37.876523673276175,0.5,0.12000000092574353,100.00000000004304,110.00000000002072,0.4999999999998295,54.999999999921144,0.12000000098226209,0.0019,0.0017,0.0098,0.0083
86,1762837400.896538,-0.0001458034231127396,3.913958162687141e-09,0.22566934708537867,-3.911134875323199e-10,-0.0007289996201597063,4.801868740221133e-11,-0.00939356552830456,2.5046221390046875e-12,0.0,0.0,0.0,1.0,0.0,0.0,0.0,0.0,0.0,0.0,0.0,0.0,0.0,-0.0,-0.001,1.15,1.0,-0.0,0.0,-0.0,-0.0,-0.0,0.035,0.0,-0.0,-0.0,1.8464600540407892e-12,-0.0009999999983452033,1.1496781197614405,1.0,-2.111515759772979e-10,2.356170497064161e-10,5.318038231037514e-12,9.539808151355407e-11,8.549294254642666e-11,-0.044196030736485925,-1.1339690491593497e-08,1.265387723630033e-08,2.909278249451448e-10,0.0,0.0,0.7226890756302521,1.0,0.0,0.0,0.0,37.96486732751055,0.5,0.12000000093719122,100.00000000004536,110.00000000002815,0.49999999999980554,54.99999999991912,0.1200000009831244,0.0019,0.0028,0.0127,0.0098
87,1762837400.9825313,-0.00015966419856116006,0.0001458775494108208,0.22824398699218987,8.789600898661155e-09,-6.930387724210231e-05,0.0007293681772632906,0.012873199534055996,4.590357193096737e-08,0.0,0.0,0.0,1.0,0.0,0.0,0.0,0.0,0.0,0.0,0.0,0.0,0.0,-0.001,-0.001,1.151,1.0,-0.0,0.0,-0.0,-0.0,-0.0,0.014,0.0,-0.0,-0.0,-0.0009999999981627474,-0.0009999315583529643,1.1491698120374838,0.9999999999536048,-9.832833383925876e-06,2.3628449045683963e-10,5.313173902194451e-12,9.489191024752147e-11,3.875815921148029e-06,-0.06871028562409015,-0.0005606004284254149,1.2692486408095632e-08,2.907279963488347e-10,0.0,0.0,0.7310924369747899,1.0,0.0,0.0,0.0,38.0491535558042,0.5,0.120000080413629,100.00000000004646,110.000000000033,0.4999999999997685,54.999999987502314,0.12000010805174813,0.0027,0.0029,0.0137,0.0265
88,1762837401.031217,-0.00016444662677075672,0.00016004395843438704,0.22764504007626712,6.602852300070334e-09,-2.3912141047983064e-05,7.083204511783123e-05,-0.002994734579613495,-1.0933742992954107e-08,0.0,0.0,0.0,1.0,0.0,0.0,0.0,0.0,0.0,0.0,0.0,0.0,0.0,-0.001,-0.001,1.152,1.0,-0.0,0.0,-0.0,-0.0,-0.0,0.013,0.0,-0.0,-0.0,-0.0009999303615444008,-0.0009999237801276096,1.1504027947406663,0.9999999999112231,-9.73432001892687e-06,9.83781566256458e-06,-8.91300479008013e-11,3.94965490166321e-06,3.9742721842379994e-06,-0.06014688715333488,-0.0005258996793207349,0.0005608844452289316,-3.517300809555064e-09,0.0,0.0,0.7394957983193277,1.0,0.0,0.0,0.0,38.1314689970842,0.5,0.1200001999289967,100.00000000004363,110.00000000003853,0.49999999999979095,54.9999999576414,0.12000032997970453,0.0023,0.0022,0.0109,0.0135
89,1762837401.0950308,-0.0001652544038456436,0.00016461066791621706,0.22675673846992514,2.4485338636561865e-09,-4.03888537443443e-06,2.2833547409150035e-05,-0.004441508031710006,-2.0771592182070742e-08,0.0,0.0,0.0,1.0,0.0,0.0,0.0,0.0,0.0,0.0,0.0,0.0,0.0,-0.001,-0.001,1.153,1.0,-0.0,0.0,-0.0,-0.0,-0.0,0.029,0.0,-0.0,-0.0,-0.0009999238114166572,-0.0009999217155358417,1.152413398104435,0.9999999999133684,-9.958587860908793e-06,9.759380034810995e-06,-4.132955668777623e-11,3.969391658949618e-06,4.055332620790817e-06,-0.04626447686218586,-0.0005359211077827492,0.00052731379265074,-7.324705776550491e-10,0.0,0.0,0.7478991596638656,1.0,0.0,0.0,0.0,38.21449970337951,0.5,0.12000021897733813,100.00000000004135,110.00000000003449,0.49999999999978295,54.999999928136994,0.12000048285230208,0.0023,0.0023,0.0104,0.0109
90,1762837401.1640737,-0.0001647859488554878,0.0001646385036477143,0.22852245168359675,-7.480100069985045e-10,2.3422749507791166e-06,1.3917865748609638e-07,0.008828566068358107,-1.5982719353273452e-08,0.0,0.0,0.0,1.0,0.0,0.0,0.0,0.0,0.0,0.0,0.0,0.0,0.0,-0.001,-0.001,1.154,1.0,-0.0,0.0,-0.0,-0.0,-0.0,0.014,0.0,-0.0,0.0,-0.0009999217901489835,-0.0009999214842970527,1.1523940976570148,0.9999999999117054,-9.979157753447784e-06,9.966945755708248e-06,1.924318626041514e-11,4.05057798404466e-06,4.057452119703521e-06,-0.061881205681642806,-0.0005361399315866338,0.000536321929167861,2.6796462723553737e-09,0.0,0.0,0.7563025210084033,1.0,0.0,0.0,0.0,38.294166825483394,0.5,0.12000017024236699,100.0000000000384,110.00000000004091,0.4999999999997978,54.99999991062165,0.12000051256890007,0.0014,0.0012,0.0113,0.0146
91,1762837401.2345111,-0.00016507474876107622,0.00016504922799619512,0.2275238127161514,-3.0768283154523214e-09,-1.4439995279420283e-06,2.05362174240443e-06,-0.004993194837226586,-1.1644091542269084e-08,0.0,0.0,0.0,1.0,0.0,0.0,0.0,0.0,0.0,0.0,0.0,0.0,0.0,-0.001,-0.001,1.156,1.0,-0.0,0.0,-0.0,-0.0,-0.0,0.02,0.0,-0.0,0.0,-0.0009999208500510834,-0.0009999207791668095,1.15500067816708,0.99999999991245,-9.941842035999293e-06,9.936460529491574e-06,6.088264291293293e-11,4.09168754564e-06,4.094157382981832e-06,-0.04934391864043138,-0.0005338512851508551,0.000533672880429469,4.883413350885857e-09,0.0,0.0,0.7647058823529411,1.0,0.0,0.0,0.0,38.37295445120374,0.5,0.12000013418124969,100.00000000003521,110.00000000003428,0.49999999999981626,54.99999990261888,0.12000050006419886,0.0024,0.0034,0.0149,0.0115
92,1762837401.3086889,-0.00016472614890225155,0.00016472090752838288,0.22826124443809767,-4.74533137126078e-09,1.7429992941234672e-06,-1.6416023390610954e-06,0.003687158609731442,-8.342515279042294e-09,0.0,0.0,0.0,1.0,0.0,0.0,0.0,0.0,0.0,0.0,0.0,0.0,0.0,-0.001,-0.001,1.157,1.0,-0.0,0.0,-0.0,-0.0,-0.0,0.019,0.0,-0.0,-0.0,-0.000999920996420523,-0.0009999209842045773,1.1558645218154049,0.9999999999119776,-9.96464160513748e-06,9.963965428321958e-06,9.139539099138021e-11,4.081581518668171e-06,4.081920889994044e-06,-0.052807320034524804,-0.0005352445794842648,0.0005352354407393798,6.517455343927635e-09,0.0,0.0,0.7731092436974789,1.0,0.0,0.0,0.0,38.450284391006335,0.5,0.12000012800440979,100.00000000003313,110.00000000003666,0.4999999999998114,54.99999989717245,0.12000050717751713,0.0023,0.002,0.0165,0.0188
93,1762837401.370027,-0.00016528240886838158,0.00016528141681689592,0.22599411884724296,-5.923950287589444e-09,-2.7812998306499855e-06,2.8025464425651247e-06,-0.011335627954273467,-5.893094581643318e-09,0.0,0.0,0.0,1.0,0.0,0.0,0.0,0.0,0.0,0.0,0.0,0.0,0.0,-0.001,-0.001,1.159,1.0,-0.0,0.0,-0.0,-0.0,-0.0,0.044,0.0,-0.0,0.0,-0.0009999206378856083,-0.0009999206353603217,1.1596210260889417,0.9999999999124587,-9.9390856208341e-06,9.93891300900673e-06,1.1281549393924682e-10,4.1005106287256124e-06,4.100592252316275e-06,-0.02488147928195599,-0.0005337299397499807,0.0005337251893916439,7.64560223782135e-09,0.0,0.0,0.7815126050420168,1.0,0.0,0.0,0.0,38.52941697138593,0.5,0.12000013231986999,100.00000000003612,110.00000000003915,0.49999999999980493,54.99999989017066,0.12000053679182461,0.0025,0.0024,0.0144,0.0139
94,1762837401.4420123,-0.00016493260522763012,0.00016493240912951714,0.22652229073107696,-6.7711468051112776e-09,1.749018203757403e-06,-1.7450384368941207e-06,0.002640859419170083,-4.235982587609165e-09,0.0,0.0,0.0,1.0,0.0,0.0,0.0,0.0,0.0,0.0,0.0,0.0,0.0,-0.001,-0.001,1.161,1.0,-0.0,0.0,-0.0,-0.0,-0.0,0.048,0.0,-0.0,0.0,-0.0009999211710515165,-0.000999921170578362,1.1617026890514328,0.9999999999117065,-9.979066910257883e-06,9.97903715177635e-06,1.284243844923496e-10,4.071303696694858e-06,4.071318009574249e-06,-0.026827135677514175,-0.0005360789527208761,0.0005360783015548519,8.48948366391246e-09,0.0,0.0,0.7899159663865546,1.0,0.0,0.0,0.0,38.60800566124977,0.5,0.12000013307928578,100.00000000003533,110.00000000004319,0.4999999999998118,54.999999880641084,0.12000056988591634,0.0028,0.0023,0.0202,0.0147
95,1762837401.505498,-0.00016488194457182893,0.0001648819076690614,0.22627776791104232,-7.360703488432351e-09,2.533032790059389e-07,-2.5250730227880866e-07,-0.0012226141001732416,-2.947783416605366e-09,0.0,0.0,0.0,1.0,0.0,0.0,0.0,0.0,0.0,0.0,0.0,0.0,0.0,-0.001,-0.001,1.164,1.0,-0.0,0.0,-0.0,-0.0,-0.0,0.049,0.0,-0.0,0.0,-0.0009999208297902097,-0.0009999208296960708,1.164878486876152,0.9999999999122384,-9.95153176895225e-06,9.951525574455352e-06,1.3917985071990794e-10,4.090289942587361e-06,4.09029289621581e-06,-0.022174410600127495,-0.0005343981360113047,0.0005343979806472257,9.049520708528999e-09,0.0,0.0,0.7983193277310924,1.0,0.0,0.0,0.0,38.6853418610174,0.5,0.12000012927956999,100.00000000003669,110.00000000003611,0.49999999999979805,54.99999986870957,0.12000059742499765,0.003,0.003,0.0157,0.0146
96,1762837401.5789883,-0.0001640470426985527,0.00016404703606369197,0.22876268829894367,-7.774272624034882e-09,4.174509366381069e-06,-4.174358026847174e-06,0.012424601939506605,-2.0678456780126525e-09,0.0,0.0,0.0,1.0,0.0,0.0,0.0,0.0,0.0,0.0,0.0,0.0,0.0,-0.001,-0.001,1.165,1.0,-0.0,0.0,-0.0,-0.0,-0.0,0.025,0.0,-0.0,0.0,-0.0009999208261509272,-0.0009999208261331977,1.1643152618857382,0.9999999999122399,-9.950592299510756e-06,9.950591200130329e-06,1.4677691387328958e-10,4.090219336639676e-06,4.090219870543907e-06,-0.045187215510639867,-0.0005344143596424897,0.0005344143359886247,9.452980442936564e-09,0.0,0.0,0.8067226890756303,1.0,0.0,0.0,0.0,38.7581466173475,0.5,0.1200001236216986,100.00000000003348,110.00000000004115,0.49999999999980765,54.99999985476083,0.1200006182814734,0.0057,0.0048,0.0182,0.0147
97,1762837401.636016,-0.00016422698781928062,0.00016422698681110785,0.22818933659079893,-8.049596199045028e-09,-8.997256036395165e-07,8.997537370794301e-07,-0.0028667585407238516,-1.3766178750507247e-09,0.0,0.0,0.0,1.0,0.0,0.0,0.0,0.0,0.0,0.0,0.0,0.0,0.0,-0.001,-0.001,1.167,1.0,-0.0,0.0,-0.0,-0.0,-0.0,0.024,0.0,-0.0,0.0,-0.0009999200532671447,-0.0009999200532639012,1.1665234643301363,0.9999999999132632,-9.894645280265357e-06,9.894645093876922e-06,1.5162009735197681e-10,4.131674156602555e-06,4.131674250519691e-06,-0.037597090105252445,-0.00053123475061109,0.0005312347472533068,9.690129157326585e-09,0.0,0.0,0.8151260504201681,1.0,0.0,0.0,0.0,38.829090767399286,0.5,0.12000011749164985,100.00000000003058,110.00000000003622,0.49999999999979633,54.99999983879048,0.12000063424790323,0.0015,0.0023,0.0153,0.0144
98,1762837401.7081366,-0.00016460117928573828,0.00016460117936355814,0.2264130559846347,-8.255198156423608e-09,-1.8709573322882116e-06,1.8709627622513314e-06,-0.008881403030821078,-1.0280097868929055e-09,0.0,0.0,0.0,1.0,0.0,0.0,0.0,0.0,0.0,0.0,0.0,0.0,0.0,-0.001,-0.001,1.169,1.0,-0.0,0.0,-0.0,-0.0,-0.0,0.052,0.0,-0.0,0.0,-0.000999920198004836,-0.0009999201980043356,1.1703170695056255,0.9999999999128955,-9.912696450021036e-06,9.912696428556162e-06,1.55296792865904e-10,4.122816390703393e-06,4.122816402982391e-06,-0.012213600920057003,-0.0005324304527196844,0.0005324304527254639,9.893429562855585e-09,0.0,0.0,0.8235294117647058,1.0,0.0,0.0,0.0,38.90247487145398,0.4999635239345763,0.12000011173442916,100.00000000002619,110.0000000000327,0.49999999999980116,54.99999982079072,0.12000064677773689,0.0036,0.0023,0.0173,0.0156
99,1762837401.7688003,-0.00016349348842590602,0.00016349348873730417,0.22962948980431971,-8.401030968646844e-09,5.538454299161414e-06,-5.53845313126973e-06,0.016082169098425178,-7.291640611161668e-10,0.0,0.0,0.0,1.0,0.0,0.0,0.0,0.0,0.0,0.0,0.0,0.0,0.0,-0.001,-0.001,1.172,1.0,-0.0,0.0,-0.0,-0.0,-0.0,0.023,0.0,-0.0,0.0,-0.0009999205595041132,-0.0009999205595041401,1.171289069356614,0.9999999999124642,-9.936655596791426e-06,9.936655608665597e-06,1.581993178859694e-10,4.103074507111014e-06,4.103074503204493e-06,-0.044210476064927604,-0.0005337605452804958,0.00053376054606332,1.0056164298399131e-08,0.0,0.0,0.8319327731092436,1.0,0.0,0.0,0.0,38.97090881913639,0.49988604688480837,0.12000010684003475,100.00000000002439,110.00000000002703,0.49999999999980477,54.999999801218856,0.1200006568889556,0.003,0.0032,0.0122,0.0146
100,1762837401.8288763,-0.000164650870968612,0.00016465087135158406,0.22571882500755525,-8.483965749203772e-09,-5.786912713529838e-06,5.7869130713994964e-06,-0.01955332398382223,-4.1467390278464126e-10,0.0,0.0,0.0,1.0,0.0,0.0,0.0,0.0,0.0,0.0,0.0,0.0,0.0,-0.001,-0.001,1.175,1.0,-0.0,0.0,-0.0,-0.0,-0.0,0.056,0.0,-0.0,0.0,-0.0009999195400310708,-0.000999919540031213,1.176809960777038,0.9999999999138954,-9.859302021170265e-06,9.859302041076708e-06,1.5940061708317785e-10,4.158427279108098e-06,4.158427271276367e-06,-0.00092069858417765,-0.0005292757275685687,0.0005292757285939207,1.0091213272817839e-08,0.0,0.0,0.8403361344537815,1.0,0.0,0.0,0.0,39.041937425230955,0.4997434965628241,0.12000010268889001,100.00000000002308,110.00000000002548,0.49999999999980765,54.9999997797615,0.12000066516059496,0.0021,0.0025,0.0108,0.0113
101,1762837401.89933,-0.00016435018918670895,0.00016435018958388007,0.22596207636843768,-8.571866696241823e-09,1.5034089095152187e-06,-1.5034088385198715e-06,0.0012162568044122302,-4.395047351902533e-10,0.0,0.0,0.0,1.0,0.0,0.0,0.0,0.0,0.0,0.0,0.0,0.0,0.0,-0.001,-0.001,1.178,1.0,-0.0,0.0,-0.0,-0.0,-0.0,0.073,0.0,-0.0,0.0,-0.0009999206209650563,-0.00099992062096523,1.1805568510458675,0.9999999999122742,-9.945204011581778e-06,9.94520403465717e-06,1.6118416261056172e-10,4.099051882057689e-06,4.099051873025198e-06,0.003525802698392753,-0.0005343942360834057,0.0005343942372405824,1.0218835916332462e-08,0.0,0.0,0.8487394957983193,1.0,0.0,0.0,0.0,39.11452603097683,0.4995449559934311,0.12000009933283483,100.00000000002244,110.00000000002531,0.499999999999807,54.99999975667699,0.12000067261881617,0.0015,0.0022,0.0145,0.011
102,1762837401.9582798,-0.00016375569570716925,0.00016375569611625407,0.22782612824967952,-8.61697009010977e-09,2.972467397698356e-06,-2.9724673381301744e-06,0.009320259406209133,-2.2551696933973142e-10,0.0,0.0,0.0,1.0,0.0,0.0,0.0,0.0,0.0,0.0,0.0,0.0,0.0,-0.001,-0.001,1.181,1.0,-0.0,0.0,-0.0,-0.0,-0.0,0.051,0.0,-0.0,-0.0,-0.0009999202886355277,-0.0009999202886357091,1.1822109944612418,0.9999999999128488,-9.91672391764991e-06,9.916723941161104e-06,1.6214581009107755e-10,4.118001564774364e-06,4.1180015554634744e-06,-0.014272593229326168,-0.0005325396211923104,0.0005325396223603777,1.0257719269368139e-08,0.0,0.0,0.8571428571428571,1.0,0.0,0.0,0.0,39.182874555037536,0.49931654070494036,0.1200000966490134,100.00000000002285,110.0000000000323,0.4999999999998132,54.999999732282916,0.12000067949241561,0.0022,0.002,0.0097,0.0086
103,1762837402.0216439,-0.0001641303945135373,0.00016413039494093625,0.22656665523017805,-8.639175908371123e-09,-1.8734940318401228e-06,1.8734941234108625e-06,-0.006297365097507099,-1.1102909130675973e-10,0.0,0.0,0.0,1.0,0.0,0.0,0.0,0.0,0.0,0.0,0.0,0.0,0.0,-0.001,-0.001,1.184,1.0,-0.0,0.0,-0.0,-0.0,-0.0,0.058,0.0,-0.0,-0.0,-0.0009999196868726186,-0.0009999196868728081,1.1858800139241932,0.9999999999135295,-9.878762521746897e-06,9.878762545953437e-06,1.6234853348637006e-10,4.150421986326094e-06,4.150421976610532e-06,-0.00100167174848057,-0.0005304353012343056,0.0005304353024398947,1.025485195453409e-08,0.0,0.0,0.8655462184873949,1.0,0.0,0.0,0.0,39.250612444663396,0.4990420787935058,0.12000009439415095,100.0000000000249,110.00000000003702,0.4999999999998352,54.99999970643936,0.12000068598453086,0.0027,0.0021,0.0076,0.007
104,1762837402.0983446,-0.0001631319908586009,0.00016313199128827066,0.2300245309207424,-8.659537262967158e-09,4.992018274682165e-06,-4.992018263328074e-06,0.017289378452821802,-1.0180677298017372e-10,0.0,0.0,0.0,1.0,0.0,0.0,0.0,0.0,0.0,0.0,0.0,0.0,0.0,-0.001,-0.001,1.186,1.0,-0.0,0.0,-0.0,-0.0,-0.0,0.028,0.0,-0.0,-0.0,-0.0009999199931173624,-0.0009999199931175595,1.1858082210535943,0.999999999912964,-9.90824440439037e-06,9.908244429747636e-06,1.6287052354399944e-10,4.132994318355614e-06,4.1329943082357565e-06,-0.03359490788923534,-0.0005322347475188931,0.0005322347487869518,1.0294431780840404e-08,0.0,0.0,0.8739495798319328,1.0,0.0,0.0,0.0,39.31326540835384,0.498752235760208,0.1200000923460039,100.00000000002315,110.00000000003222,0.4999999999998228,54.99999967948823,0.12000069210320402,0.0018,0.0019,0.0098,0.0152
105,1762837402.180709,-0.00016476345834074316,0.00016476345878679708,0.22491268380321333,-8.657948669390396e-09,-8.157337410711306e-06,8.15733749263205e-06,-0.025559235587645363,7.942967883807369e-12,0.0,0.0,0.0,1.0,0.0,0.0,0.0,0.0,0.0,0.0,0.0,0.0,0.0,-0.001,-0.001,1.189,1.0,-0.0,0.0,-0.0,-0.0,-0.0,0.076,0.0,-0.0,-0.0,-0.0009999188595161866,-0.000999918859516389,1.1923309687569879,0.9999999999142573,-9.838257568170983e-06,9.838257593543946e-06,1.6252446996021727e-10,4.194163323219852e-06,4.194163312856869e-06,0.024716816179427156,-0.0005281698305297775,0.0005281698317965815,1.0250340792062701e-08,0.0,0.0,0.8823529411764706,1.0,0.0,0.0,0.0,39.38050605434493,0.4983839704101753,0.1200000903026377,100.00000000002115,110.00000000003861,0.4999999999998163,54.9999996509176,0.12000069781892513,0.0019,0.0019,0.0253,0.0161
106,1762837402.2338784,-0.00016343924518034375,0.0001634392456120692,0.2286220101384239,-8.690068041751202e-09,6.621065801997074e-06,-6.621065873639229e-06,0.018546631676052777,-1.6059686180402396e-10,0.0,0.0,0.0,1.0,0.0,0.0,0.0,0.0,0.0,0.0,0.0,0.0,0.0,-0.001,-0.001,1.193,1.0,-0.0,0.0,-0.0,-0.0,-0.0,0.05,0.0,-0.0,-0.0,-0.0009999202361089953,-0.0009999202361092,1.1941351404505527,0.9999999999120712,-9.955356795010216e-06,9.955356821481481e-06,1.6350329966748797e-10,4.118497490166267e-06,4.118497479671786e-06,-0.01632412796543496,-0.0005350451930437396,0.0005350451943700567,1.0346213345841007e-08,0.0,0.0,0.8907563025210083,1.0,0.0,0.0,0.0,39.44383537643679,0.4980030916294454,0.12000008823514054,100.00000000001866,110.00000000003159,0.4999999999998195,54.9999996214262,0.12000070296686317,0.0023,0.0024,0.0118,0.0144
107,1762837402.2953608,-0.00016522847341130775,0.00016522847385844942,0.22325219700973917,-8.684436943620626e-09,-8.946141154820002e-06,8.946141231901139e-06,-0.026849065643423695,2.8155490652891593e-11,0.0,0.0,0.0,1.0,0.0,0.0,0.0,0.0,0.0,0.0,0.0,0.0,0.0,-0.001,-0.001,1.196,1.0,-0.0,0.0,-0.0,-0.0,-0.0,0.097,0.0,-0.0,0.0,-0.0009999189179454194,-0.0009999189179456223,1.2006550435762577,0.9999999999139902,-9.854491421151299e-06,9.85449144652707e-06,1.631103945778585e-10,4.190684146304792e-06,4.190684135959947e-06,0.04348936990615229,-0.0005289690921079056,0.0005289690933706754,1.0286154597459708e-08,0.0,0.0,0.8991596638655461,1.0,0.0,0.0,0.0,39.51172889042699,0.4975422210491608,0.1200000860339551,100.00000000001944,110.00000000003259,0.4999999999998305,54.999999590490546,0.12000070755566672,0.0015,0.0025,0.009,0.013
108,1762837402.3636026,-0.00016405770802658233,0.00016405770846087282,0.22680917501248712,-8.719958209514492e-09,5.853826923627256e-06,-5.853826987882796e-06,0.01778489001373991,-1.7760632946932492e-10,0.0,0.0,0.0,1.0,0.0,0.0,0.0,0.0,0.0,0.0,0.0,0.0,0.0,-0.001,-0.001,1.2,1.0,-0.0,0.0,-0.0,-0.0,-0.0,0.074,0.0,-0.0,0.0,-0.0009999203546201168,-0.000999920354620321,1.2026269558996423,0.9999999999115473,-9.98453886411345e-06,9.984538890641898e-06,1.6412400806828356e-10,4.1123611420772635e-06,4.11236113160824e-06,0.004407546179687086,-0.0005366476655606828,0.0005366476668890994,1.0388825713570672e-08,0.0,0.0,0.907563025210084,1.0,0.0,0.0,0.0,39.57633695018601,0.4970735601354982,0.12000008382511944,100.00000000002103,110.00000000002908,0.49999999999981837,54.999999558788886,0.12000071159626677,0.0016,0.002,0.0107,0.0138
109,1762837402.426197,-0.00016394894436520837,0.0001639489448091019,0.2276055553174389,-8.709628904031259e-09,5.438183068700035e-07,-5.438182588544298e-07,0.003981901524758691,5.1646527416166084e-11,0.0,0.0,0.0,1.0,0.0,0.0,0.0,0.0,0.0,0.0,0.0,0.0,0.0,-0.001,-0.001,1.202,1.0,-0.0,0.0,-0.0,-0.0,-0.0,0.045,0.0,-0.0,0.0,-0.000999918992555905,-0.0009999189925561079,1.203152884243432,0.9999999999133105,-9.892903897666581e-06,9.892903923205849e-06,1.6387092438105335e-10,4.187062729420031e-06,4.187062719060051e-06,-0.009590510979083689,-0.0005310663491319533,0.0005310663504028638,1.033921563311063e-08,0.0,0.0,0.9159663865546218,1.0,0.0,0.0,0.0,39.63550488411374,0.4966161756812766,0.12000008152684963,100.00000000002078,110.00000000003085,0.49999999999981637,54.99999952632507,0.12000071508191873,0.0024,0.0027,0.0102,0.0085
110,1762837402.4986541,-0.000164418717459894,0.00016441871791290002,0.22636168094713893,-8.709319520858214e-09,-2.348865473428166e-06,2.348865518990407e-06,-0.00621937185149983,1.5469158652204452e-12,0.0,0.0,0.0,1.0,0.0,0.0,0.0,0.0,0.0,0.0,0.0,0.0,0.0,-0.001,-0.001,1.205,1.0,-0.0,0.0,-0.0,-0.0,-0.0,0.052,0.0,-0.0,-0.0,-0.0009999188053400386,-0.000999918805340247,1.206684067302731,0.9999999999132405,-9.893865839808997e-06,9.89386586609017e-06,1.636526129131472e-10,4.195813715906513e-06,4.19581370522241e-06,-0.0010682069896827597,-0.0005313547358631674,0.0005313547371789674,1.0329561087808373e-08,0.0,0.0,0.9243697478991596,1.0,0.0,0.0,0.0,39.69453865496827,0.4961268112782187,0.12000007913076062,100.00000000002015,110.00000000002937,0.4999999999998042,54.99999949286047,0.12000071805708584,0.0015,0.0019,0.0169,0.0095
111,1762837402.5618885,-0.00016351974483225077,0.0001635197452783625,0.22945704077420978,-8.715236393685164e-09,4.494863138216379e-06,-4.49486317268753e-06,0.015476799135354276,-2.95843641347539e-11,0.0,0.0,0.0,1.0,0.0,0.0,0.0,0.0,0.0,0.0,0.0,0.0,0.0,-0.001,-0.001,1.208,1.0,-0.0,0.0,-0.0,-0.0,-0.0,0.012,0.0,-0.0,-0.0,-0.0009999190185785909,-0.0009999190185788025,1.206962244976799,0.9999999999126414,-9.926317434041517e-06,9.926317460871365e-06,1.6395320791632523e-10,4.183587966810995e-06,4.183587955963901e-06,-0.043012253671192345,-0.0005332266004047972,0.0005332266017492055,1.0357953797915754e-08,0.0,0.0,0.9327731092436974,1.0,0.0,0.0,0.0,39.747581405672996,0.4956674633255985,0.12000007665820311,100.00000000001994,110.00000000002404,0.4999999999997927,54.99999945882148,0.12000072054502822,0.0023,0.0019,0.0105,0.0116
112,1762837402.6212344,-0.00016513156102057893,0.00016513156147888395,0.2242351170000293,-8.706763527827142e-09,-8.059080941640799e-06,8.059081002607113e-06,-0.02610961887090249,4.23643292901044e-11,0.0,0.0,0.0,1.0,0.0,0.0,0.0,0.0,0.0,0.0,0.0,0.0,0.0,-0.001,-0.001,1.211,1.0,-0.0,0.0,-0.0,-0.0,-0.0,0.054,0.0,-0.0,-0.0,-0.000999917992035381,-0.0009999179920355933,1.2130555103314578,0.9999999999138316,-9.86236265441679e-06,9.862362680711504e-06,1.6347735105532542e-10,4.238805246165407e-06,4.238805235320404e-06,0.00837234490699061,-0.0005294866233326782,0.000529486624646191,1.0308812381195398e-08,0.0,0.0,0.9411764705882353,1.0,0.0,0.0,0.0,39.80499300213287,0.49513467716057996,0.12000007402782058,100.00000000001913,110.00000000001806,0.4999999999997909,54.999999423559736,0.12000072255167014,0.0014,0.0021,0.0074,0.0081
113,1762837402.6902652,-0.00016439766792101853,0.00016439766836248828,0.2254939617376376,-8.737212060173565e-09,3.6694654978020155e-06,-3.669465581978117e-06,0.006294223688041646,-1.5224266173210436e-10,0.0,0.0,0.0,1.0,0.0,0.0,0.0,0.0,0.0,0.0,0.0,0.0,0.0,-0.001,-0.001,1.214,1.0,-0.0,0.0,-0.0,-0.0,-0.0,0.047,0.0,-0.0,-0.0,-0.0009999194471768495,-0.0009999194471770618,1.2150875665762877,0.9999999999116821,-9.977432298384079e-06,9.97743232555999e-06,1.643598961115015e-10,4.15901181084161e-06,4.159011799974681e-06,-0.014802881554687142,-0.0005362264366323444,0.0005362264379948768,1.039884915510738e-08,0.0,0.0,0.9495798319327731,1.0,0.0,0.0,0.0,39.86169222811301,0.49458849258510695,0.12000007135505637,100.00000000001992,110.0000000000171,0.4999999999997902,54.99999938764507,0.12000072416783934,0.0013,0.0014,0.0097,0.0089
114,1762837402.7720702,-0.0001641694534304465,0.00016416945387463775,0.22584506484541866,-8.733341949356923e-09,1.1410724528603021e-06,-1.1410724392525349e-06,0.0017555155389051696,1.935055408320929e-11,0.0,0.0,0.0,1.0,0.0,0.0,0.0,0.0,0.0,0.0,0.0,0.0,0.0,-0.001,-0.001,1.216,1.0,-0.0,0.0,-0.0,-0.0,-0.0,0.021,0.0,-0.0,0.0,-0.000999918849985797,-0.0009999188499860035,1.2155839580116774,0.9999999999128741,-9.91651694594121e-06,9.916516971885063e-06,1.6430767743269313e-10,4.192572546647867e-06,4.1925725361281245e-06,-0.03299861832517602,-0.0005324319324122897,0.0005324319337034341,1.0371219458715731e-08,0.0,0.0,0.9579831932773109,1.0,0.0,0.0,0.0,39.914340204854504,0.49406884361156517,0.12000006862522097,100.0000000000188,110.00000000001461,0.49999999999977934,54.99999935121153,0.12000072543888303,0.0034,0.0026,0.0102,0.018
115,1762837402.8220818,-0.00016442120976492046,0.00016442121021663893,0.22482898392953415,-8.73129071825546e-09,-1.2587816723698647e-06,1.2587817100057747e-06,-0.005080404579422326,1.0256155507303933e-11,0.0,0.0,0.0,1.0,0.0,0.0,0.0,0.0,0.0,0.0,0.0,0.0,0.0,-0.001,-0.001,1.218,1.0,-0.0,0.0,-0.0,-0.0,-0.0,0.025,0.0,-0.0,0.0,-0.000999918783768581,-0.0009999187837687893,1.2178943253584487,0.9999999999130278,-9.906327464805763e-06,9.906327491053501e-06,1.641008525963042e-10,4.196063519607303e-06,4.196063508948332e-06,-0.02782829440306374,-0.0005319973927736248,0.0005319973940857126,1.0357393225384405e-08,0.0,0.0,0.9663865546218487,1.0,0.0,0.0,0.0,39.967263734688835,0.49353349390773255,0.12000006584055452,100.00000000001596,110.00000000002346,0.4999999999997858,54.999999314032266,0.1200007264241767,0.0018,0.0017,0.009,0.0073
116,1762837402.9034204,-0.00016487125437960777,0.00016487125482848617,0.2224661056669314,-8.739005889285377e-09,-2.2502230734364865e-06,2.2502230592359317e-06,-0.011814391313013706,-3.857585514958644e-11,0.0,0.0,0.0,1.0,0.0,0.0,0.0,0.0,0.0,0.0,0.0,0.0,0.0,-0.001,-0.001,1.22,1.0,-0.0,0.0,-0.0,-0.0,-0.0,0.045,0.0,-0.0,0.0,-0.0009999189998684576,-0.0009999189998686686,1.2211296038897175,0.999999999912677,-9.924922994498679e-06,9.924923021236471e-06,1.642394460953753e-10,4.184303913886866e-06,4.184303903074945e-06,-0.010955432953311675,-0.0005331031058547069,0.0005331031071937601,1.0372235573206345e-08,0.0,0.0,0.9747899159663865,1.0,0.0,0.0,0.0,40.022842009797486,0.492960861576265,0.12000006299840235,100.00000000001481,110.00000000001789,0.49999999999978645,54.99999927604181,0.12000072716678929,0.0016,0.0022,0.01,0.0209
117,1762837402.964171,-0.00016361563011020082,0.00016361563055058872,0.22575471015656803,-8.745749624248754e-09,6.278121347034766e-06,-6.278121389487163e-06,0.016443022448183305,-3.371867481688636e-11,0.0,0.0,0.0,1.0,0.0,0.0,0.0,0.0,0.0,0.0,0.0,0.0,0.0,-0.001,-0.001,1.221,1.0,-0.0,0.0,-0.0,-0.0,-0.0,0.004,0.0,-0.0,-0.0,-0.0009999196019221828,-0.0009999196019223903,1.2192471120294197,0.9999999999121636,-9.953489408064453e-06,9.953489434557947e-06,1.6461945005921802e-10,4.15190728367437e-06,4.151907273076067e-06,-0.05660494273524623,-0.0005346815463941144,0.0005346815477170562,1.0402335997605763e-08,0.0,0.0,0.9831932773109243,1.0,0.0,0.0,0.0,40.073334383909724,0.49244449103490623,0.12000006015130579,100.00000000001482,110.00000000001319,0.4999999999997903,54.999999237814386,0.12000072773062796,0.0016,0.0018,0.0109,0.0143
118,1762837403.0386186,-0.0001640197069819634,0.000164019707435965,0.22459647668299929,-8.722617844310489e-09,-2.0203843588127734e-06,2.0203844268814252e-06,-0.0057911673678437,1.156588996913223e-10,0.0,0.0,0.0,1.0,0.0,0.0,0.0,0.0,0.0,0.0,0.0,0.0,0.0,-0.001,-0.001,1.221,1.0,-0.0,0.0,-0.0,-0.0,-0.0,-0.001,0.0,-0.0,-0.0,-0.0009999185917069554,-0.000999918591707163,1.219288972543043,0.9999999999137923,-9.865622485085553e-06,9.865622511019371e-06,1.6392826910212442e-10,4.207236184645764e-06,4.207236174039422e-06,-0.04957686645469151,-0.0005295821962296904,0.0005295821975232739,1.0332966283210152e-08,0.0,0.0,0.9915966386554621,1.0,0.0,0.0,0.0,40.122636074999136,0.49194143531121076,0.12000005722494543,100.0000000000167,110.00000000001664,0.49999999999977585,54.999999198974955,0.12000072808791525,0.0017,0.0026,0.0202,0.0118
119,1762837403.1009247,-0.00016357798698850794,0.00016357798744032431,0.22575860634895892,-8.719305601038529e-09,2.2085999672773193e-06,-2.2085999782033125e-06,0.0058106483297981765,1.6561216359801307e-11,0.0,0.0,0.0,1.0,0.0,0.0,0.0,0.0,0.0,0.0,0.0,0.0,0.0,-0.001,-0.001,1.221,1.0,-0.0,0.0,-0.0,-0.0,-0.0,-0.013,0.0,-0.0,-0.0,-0.0009999189760454689,-0.0009999189760456818,1.2183805914585382,0.9999999999130762,-9.901771403110367e-06,9.901771430029487e-06,1.6387408810181798e-10,4.185725008851766e-06,4.1857249979350544e-06,-0.06546757328585609,-0.0005318936308748645,0.0005318936322255747,1.0345337582049833e-08,0.0,0.0,1.0,1.0,0.0,0.0,0.0,40.17048668083808,0.49145818180637746,0.12000005422264512,100.00000000001643,110.0000000000125,0.49999999999978006,54.99999915964359,0.12000072823738565,0.0064,0.003,0.0138,0.0086
120,1762837403.1610708,-0.00016349660053378606,0.00016349660098664942,0.22601069332616308,-8.704460618077443e-09,4.0693227360938085e-07,-4.0693226837420224e-07,0.0012604348860209003,7.422491480543415e-11,0.0,0.0,0.0,1.0,0.0,0.0,0.0,0.0,0.0,0.0,0.0,0.0,0.0,-0.001,-0.001,1.22,1.0,-0.0,0.0,-0.0,-0.0,-0.0,-0.024,0.0,-0.0,-0.0,-0.0009999185394836318,-0.0009999185394838454,1.2168081623801508,0.9999999999136906,-9.869118947496126e-06,9.869118974168946e-06,1.6357331650737006e-10,4.209205799092596e-06,4.2092057881723565e-06,-0.07132376922698702,-0.0005299514031313028,0.0005299514044659924,1.0317339527714114e-08,0.0,0.0,1.0,1.0,0.0,0.0,0.0,40.21655826972269,0.490998575816648,0.12000005112817569,100.00000000001688,110.0000000000108,0.49999999999977784,54.999999119806745,0.12000072816053413,0.0015,0.0036,0.011,0.0096
121,1762837403.2248266,-0.00016360536457052274,0.0001636053650248848,0.22548496177886596,-8.695192226759337e-09,-5.438201836833784e-07,5.438201911766249e-07,-0.002628657736485532,4.6341956590527066e-11,0.0,0.0,0.0,1.0,0.0,0.0,0.0,0.0,0.0,0.0,0.0,0.0,0.0,-0.001,-0.001,1.219,1.0,-0.0,0.0,-0.0,-0.0,-0.0,-0.021,0.0,-0.0,-0.0,-0.0009999184504060937,-0.0009999184504063082,1.216041082936553,0.9999999999137139,-9.866760924853258e-06,9.866760951614522e-06,1.6332687610666967e-10,4.21352136537936e-06,4.21352135440845e-06,-0.06747638291864098,-0.0005299050767040525,0.0005299050780443291,1.0304090631604156e-08,0.0,0.0,1.0,1.0,0.0,0.0,0.0,40.26279320873497,0.49054273248005653,0.12000004794583577,100.00000000001825,110.00000000001802,0.49999999999978495,54.999999079379336,0.12000072785286353,0.0016,0.0017,0.0114,0.0079
122,1762837403.3018339,-0.00016336563105554707,0.00016336563150672352,0.22603759628084527,-8.689995537247543e-09,1.198667574878404e-06,-1.1986675908063097e-06,0.002763172509896647,2.5983447558969137e-11,0.0,0.0,0.0,1.0,0.0,0.0,0.0,0.0,0.0,0.0,0.0,0.0,0.0,-0.001,-0.001,1.218,1.0,-0.0,0.0,-0.0,-0.0,-0.0,-0.028,0.0,-0.0,-0.0,-0.0009999185391945421,-0.000999918539194757,1.214550701236325,0.999999999913566,-9.874672828468388e-06,9.87467285532501e-06,1.6327911999884935e-10,4.208393093850144e-06,4.208393082861292e-06,-0.07529953932961227,-0.0005303723922580879,0.0005303723936034395,1.0304740521416697e-08,0.0,0.0,1.0,1.0,0.0,0.0,0.0,40.307976490831884,0.4901045955845935,0.12000004471481111,100.00000000001756,110.00000000000928,0.49999999999978406,54.99999903848863,0.1200007273512332,0.0022,0.0024,0.0134,0.0147
123,1762837403.3545282,-0.00016342605485805486,0.0001634260553107081,0.225725034744138,-8.680797173415269e-09,-3.021190125389577e-07,3.021190199228624e-07,-0.0015628076835364213,4.599181916137121e-11,0.0,0.0,0.0,1.0,0.0,0.0,0.0,0.0,0.0,0.0,0.0,0.0,0.0,-0.001,-0.001,1.216,1.0,-0.0,0.0,-0.0,-0.0,-0.0,-0.028,0.0,-0.0,-0.0,-0.000999918302684129,-0.0009999183026843431,1.2126326603332602,0.9999999999138796,-9.857734965012567e-06,9.85773499164311e-06,1.630651847475226e-10,4.22114954550582e-06,4.2211495345575565e-06,-0.07269427052492787,-0.0005293850120555908,0.0005293850133881557,1.0287113789653709e-08,0.0,0.0,1.0,1.0,0.0,0.0,0.0,40.35278856987242,0.48967691531353535,0.12000004144785403,100.0000000000204,110.00000000001621,0.49999999999977496,54.99999899708365,0.12000072669306978,0.0018,0.0019,0.0073,0.008
124,1762837403.4259746,-0.00016298787684538213,0.00016298787729654361,0.22702075266324548,-8.674372595906608e-09,2.1908900633637826e-06,-2.1908900708223346e-06,0.0064785895955373485,3.212288754331074e-11,0.0,0.0,0.0,1.0,0.0,0.0,0.0,0.0,0.0,0.0,0.0,0.0,0.0,-0.001,-0.001,1.214,1.0,-0.0,0.0,-0.0,-0.0,-0.0,-0.043,0.0,-0.0,-0.0,-0.0009999183468698176,-0.0009999183468700325,1.2096347627606976,0.9999999999137636,-9.863509069015097e-06,9.863509095769657e-06,1.6298232044943195e-10,4.218487823127391e-06,4.218487812141976e-06,-0.0877602787975401,-0.0005297620316472472,0.0005297620329874204,1.0285207574888761e-08,0.0,0.0,1.0,1.0,0.0,0.0,0.0,40.39536935066686,0.48927825712248946,0.12000003817615768,100.00000000002252,110.00000000002059,0.49999999999977857,54.999998955312826,0.12000072593770929,0.0028,0.0022,0.0087,0.0101
125,1762837403.4944797,-0.00016312365160152476,0.00016312365205642566,0.2265964401984269,-8.660575159144305e-09,-6.788737807130905e-07,6.78873799410157e-07,-0.0021215623240930237,6.898718381151471e-11,0.0,0.0,0.0,1.0,0.0,0.0,0.0,0.0,0.0,0.0,0.0,0.0,0.0,-0.001,-0.001,1.211,1.0,-0.0,0.0,-0.0,-0.0,-0.0,-0.043,0.0,-0.0,-0.0,-0.0009999179149844223,-0.000999917914984638,1.2067868067113436,0.9999999999143119,-9.833530958665315e-06,9.833530985307553e-06,1.6263319303536783e-10,4.241645111468075e-06,4.241645100432923e-06,-0.08298453254147446,-0.000528040828133655,0.0005280408294678243,1.025590401447142e-08,0.0,0.0,1.0,1.0,0.0,0.0,0.0,40.43732956377299,0.48889091256763245,0.12000003487604749,100.00000000002463,110.00000000002315,0.49999999999977524,54.999998913029195,0.12000072509976885,0.0017,0.0021,0.0119,0.01
126,1762837403.5737107,-0.00016314912786703697,0.00016314912832061338,0.22628761977272846,-8.656232402792176e-09,-1.2738132756083022e-07,1.2738132093863177e-07,-0.001544102128492389,2.1713781760646702e-11,0.0,0.0,0.0,1.0,0.0,0.0,0.0,0.0,0.0,0.0,0.0,0.0,0.0,-0.001,-0.001,1.209,1.0,-0.0,0.0,-0.0,-0.0,-0.0,-0.038,0.0,-0.0,-0.0,-0.0009999180185767307,-0.000999918018576948,1.205080920117982,0.9999999999140694,-9.84579298412514e-06,9.845793011033232e-06,1.6253761248469577e-10,4.235493614394526e-06,4.235493603277929e-06,-0.07941098064620007,-0.0005288273303670587,0.0005288273317164537,1.0256039123897648e-08,0.0,0.0,1.0,1.0,0.0,0.0,0.0,40.47960255000767,0.4885058236007696,0.12000003154651502,100.00000000002417,110.00000000002662,0.49999999999977435,54.999998870220615,0.12000072420517298,0.0026,0.0023,0.0146,0.0182
127,1762837403.6228979,-0.00016298498108513758,0.00016298498153640895,0.2266345928127469,-8.65197297112534e-09,8.207339094969319e-07,-8.207339210222178e-07,0.0017348652000921394,2.1297158334182823e-11,0.0,0.0,0.0,1.0,0.0,0.0,0.0,0.0,0.0,0.0,0.0,0.0,0.0,-0.001,-0.001,1.207,1.0,-0.0,0.0,-0.0,-0.0,-0.0,-0.042,0.0,-0.0,-0.0,-0.000999918024978095,-0.0009999180249783113,1.2028132221045065,0.9999999999140617,-9.846549148409319e-06,9.84654917520192e-06,1.625017895298705e-10,4.2350362207086775e-06,4.235036209641086e-06,-0.0834247731851745,-0.0005288433548709382,0.0005288433562129966,1.0254320448882596e-08,0.0,0.0,1.0,1.0,0.0,0.0,0.0,40.52098315722203,0.48813404636194496,0.12000002819296854,100.00000000002031,110.00000000003264,0.49999999999977746,54.99999882699045,0.12000072327760038,0.0018,0.0019,0.0075,0.0096
128,1762837403.689865,-0.00016286009013826553,0.00016286009059064653,0.22696763639332948,-8.6445096599638e-09,6.244547343602059e-07,-6.244547288121807e-07,0.0016652179029130604,3.7316555807690675e-11,0.0,0.0,0.0,1.0,0.0,0.0,0.0,0.0,0.0,0.0,0.0,0.0,0.0,-0.001,-0.001,1.204,1.0,-0.0,0.0,-0.0,-0.0,-0.0,-0.047,0.0,-0.0,0.0,-0.0009999178584068793,-0.0009999178584070953,1.1995432056578137,0.9999999999142675,-9.835299039383313e-06,9.835299066029628e-06,1.62344298862958e-10,4.244022737884962e-06,4.2440227268427775e-06,-0.08643783369399104,-0.0005281968656884401,0.0005281968670226932,1.024181805681602e-08,0.0,0.0,1.0,1.0,0.0,0.0,0.0,40.56117983756789,0.4877771138730065,0.12000002481056858,100.00000000001866,110.0000000000297,0.499999999999777,54.99999878334997,0.12000072232900177,0.0017,0.0018,0.01,0.0076
129,1762837403.759563,-0.00016314054203842327,0.00016314054249248576,0.22590250517088334,-8.63890132780774e-09,-1.402259500788653e-06,1.4022595091962072e-06,-0.005325656112230702,2.804166078028918e-11,0.0,0.0,0.0,1.0,0.0,0.0,0.0,0.0,0.0,0.0,0.0,0.0,0.0,-0.001,-0.001,1.201,1.0,-0.0,0.0,-0.0,-0.0,-0.0,-0.035,0.0,-0.0,0.0,-0.0009999177200616049,-0.000999917720061822,1.1973798789867869,0.999999999914392,-9.82804011428517e-06,9.828040141023333e-06,1.6217124572397937e-10,4.251250607526651e-06,4.251250596418715e-06,-0.07334575073768189,-0.0005278157525324128,0.0005278157538725508,1.0230339676501002e-08,0.0,0.0,1.0,1.0,0.0,0.0,0.0,40.60238654103762,0.48741407249100804,0.12000002138322967,100.00000000002042,110.00000000003281,0.4999999999997848,54.999998739151124,0.12000072135909641,0.0022,0.0021,0.0109,0.0088
130,1762837403.824989,-0.00016315037694272278,0.00016315037739329411,0.22553497085241805,-8.64173947271345e-09,-4.9174521497580715e-08,4.917450404176311e-08,-0.001837671592326548,-1.4190724528545673e-11,0.0,0.0,0.0,1.0,0.0,0.0,0.0,0.0,0.0,0.0,0.0,0.0,0.0,-0.001,-0.001,1.199,1.0,-0.0,0.0,-0.0,-0.0,-0.0,-0.027,0.0,-0.0,0.0,-0.0009999179664167365,-0.0009999179664169533,1.1958161907229643,0.9999999999140265,-9.847838806918678e-06,9.8478388337645e-06,1.6227237291191922e-10,4.237708645652129e-06,4.237708634557201e-06,-0.06844996501932761,-0.0005289694497169765,0.0005289694510626032,1.0243105408655089e-08,0.0,0.0,1.0,1.0,0.0,0.0,0.0,40.644349625609195,0.4870477502892714,0.12000001792755646,100.00000000002188,110.00000000003475,0.499999999999781,54.9999986944745,0.12000072039059437,0.0015,0.0019,0.0106,0.0089
131,1762837403.8904324,-0.0001621961916295367,0.0001621961920774558,0.2286154055973789,-8.637008026255979e-09,4.770926565930288e-06,-4.770926579191544e-06,0.015402173724804166,2.365723228735805e-11,0.0,0.0,0.0,1.0,0.0,0.0,0.0,0.0,0.0,0.0,0.0,0.0,0.0,-0.001,-0.001,1.196,1.0,-0.0,0.0,-0.0,-0.0,-0.0,-0.062,0.0,-0.0,0.0,-0.0009999179680969753,-0.0009999179680971904,1.190515232280082,0.9999999999140632,-9.846514856114692e-06,9.846514882712309e-06,1.6231595311973661e-10,4.237856944780756e-06,4.23785693378811e-06,-0.10237982233274961,-0.0005288380199762422,0.0005288380213074038,1.0244446224082462e-08,0.0,0.0,1.0,1.0,0.0,0.0,0.0,40.68131156347044,0.48672869276398184,0.12000001447316093,100.00000000002402,110.00000000003108,0.4999999999997801,54.999998649720055,0.1200007194537561,0.0016,0.0018,0.0105,0.0077
132,1762837403.9638133,-0.00016285301397033343,0.00016285301442971377,0.22667937707570254,-8.61630271064528e-09,-3.2841117039835647e-06,3.2841117612897753e-06,-0.00968014260838166,1.0352657805349349e-10,0.0,0.0,0.0,1.0,0.0,0.0,0.0,0.0,0.0,0.0,0.0,0.0,0.0,-0.001,-0.001,1.193,1.0,-0.0,0.0,-0.0,-0.0,-0.0,-0.051,0.0,-0.0,-0.0,-0.0009999170504713668,-0.0009999170504715843,1.188564910986699,0.9999999999152315,-9.78209639292527e-06,9.78209641936526e-06,1.6166842207334275e-10,4.2873073905162915e-06,4.287307379386241e-06,-0.08142394403324894,-0.0005251633533813716,0.000525163354705704,1.01869277869292e-08,0.0,0.0,1.0,1.0,0.0,0.0,0.0,40.71863401370361,0.4864061633805657,0.12000001094567782,100.00000000002622,110.00000000002596,0.4999999999997788,54.99999860436261,0.12000071849603473,0.0018,0.0019,0.0102,0.0142
133,1762837404.0387232,-0.00016176729486286866,0.00016176729531458648,0.23006854211838873,-8.614868699782396e-09,5.42859553732375e-06,-5.428595575636283e-06,0.016945825213431118,7.1700543144182575e-12,0.0,0.0,0.0,1.0,0.0,0.0,0.0,0.0,0.0,0.0,0.0,0.0,0.0,-0.001,-0.001,1.19,1.0,-0.0,0.0,-0.0,-0.0,-0.0,-0.081,0.0,-0.0,-0.0,-0.0009999176467006985,-0.0009999176467009193,1.1833924012042023,0.999999999914264,-9.83315407090181e-06,9.833154098140651e-06,1.6180253788097763e-10,4.254035354679624e-06,4.254035343358384e-06,-0.117323633006094,-0.0005282646522584717,0.0005282646536278027,1.0214101473860542e-08,0.0,0.0,1.0,1.0,0.0,0.0,0.0,40.751762436706635,0.4861203035500641,0.12000000738372772,100.0000000000234,110.00000000002926,0.49999999999977307,54.99999855886655,0.12000071752325833,0.0024,0.0033,0.0156,0.0138
134,1762837404.0878246,-0.00016322953669650517,0.00016322953715861455,0.22537876295785197,-8.594555814755368e-09,-7.311209168182529e-06,7.311209220140316e-06,-0.023448895802683868,1.0156442513513399e-10,0.0,0.0,0.0,1.0,0.0,0.0,0.0,0.0,0.0,0.0,0.0,0.0,0.0,-0.001,-0.001,1.187,1.0,-0.0,0.0,-0.0,-0.0,-0.0,-0.039,0.0,-0.0,-0.0,-0.0009999165823445485,-0.0009999165823447698,1.1835207320884225,0.9999999999157022,-9.755280079337195e-06,9.755280105972268e-06,1.6113194222031538e-10,4.311532641200904e-06,4.311532629885208e-06,-0.0647274807980879,-0.0005236937822313358,0.0005236937835656901,1.0149854317917863e-08,0.0,0.0,1.0,1.0,0.0,0.0,0.0,40.78915555776795,0.48579336649656035,0.12000000369467133,100.00000000002304,110.00000000003072,0.499999999999775,54.99999851247018,0.12000071645921158,0.0016,0.0014,0.0076,0.0084
135,1762837404.1682835,-0.00016229830090138008,0.00016229830134840254,0.22776787206570404,-8.612769525859363e-09,4.656178975625516e-06,-4.656179051060129e-06,0.011945545539260402,-9.106855551997571e-11,0.0,0.0,0.0,1.0,0.0,0.0,0.0,0.0,0.0,0.0,0.0,0.0,0.0,-0.001,-0.001,1.185,1.0,-0.0,0.0,-0.0,-0.0,-0.0,-0.047,0.0,-0.0,-0.0,-0.000999917956091639,-0.0009999179560918599,1.1805136030363732,0.9999999999137276,-9.861586414652606e-06,9.861586442053662e-06,1.6175508901621896e-10,4.236410960668144e-06,4.236410949357502e-06,-0.08807871152619783,-0.0005299712214456655,0.0005299712228229194,1.0222715457564718e-08,0.0,0.0,1.0,1.0,0.0,0.0,0.0,40.82572892097174,0.48547264506521987,0.12000000000580723,100.0000000000222,110.00000000003584,0.499999999999773,54.9999984658322,0.12000071537450993,0.0024,0.0021,0.014,0.0143
136,1762837404.226584,-0.00016318044779128506,0.0001631804482449134,0.2249008371822065,-8.602376682202432e-09,-4.4107344495248994e-06,4.4107344825543055e-06,-0.014335174417487634,5.196421828464669e-11,0.0,0.0,0.0,1.0,0.0,0.0,0.0,0.0,0.0,0.0,0.0,0.0,0.0,-0.001,-0.001,1.182,1.0,-0.0,0.0,-0.0,-0.0,-0.0,-0.024,0.0,-0.0,-0.0,-0.0009999170535802745,-0.0009999170535804913,1.1793256362079247,0.9999999999151207,-9.788422764744502e-06,9.78842279104533e-06,1.614316904206913e-10,4.2863175568868855e-06,4.286317545820599e-06,-0.05569863035302101,-0.0005255082381536497,0.0005255082394676749,1.017698141227318e-08,0.0,0.0,1.0,1.0,0.0,0.0,0.0,40.86434003350416,0.48513073777925175,0.1199999962596799,100.00000000002281,110.00000000003914,0.4999999999997548,54.99999841857426,0.12000071425059977,0.0014,0.0019,0.0117,0.0092
137,1762837404.2933397,-0.00016190788382690793,0.00016190788427310616,0.2287184891173961,-8.612284608916662e-09,6.362819821885662e-06,-6.362819859036175e-06,0.019088259675947877,-4.953963357115338e-11,0.0,0.0,0.0,1.0,0.0,0.0,0.0,0.0,0.0,0.0,0.0,0.0,0.0,-0.001,-0.001,1.18,1.0,-0.0,0.0,-0.0,-0.0,-0.0,-0.057,0.0,-0.0,-0.0,-0.0009999178932855312,-0.000999917893285748,1.1748699866906098,0.99999999991388,-9.854513445641917e-06,9.854513472502165e-06,1.6182076737749057e-10,4.240607045079172e-06,4.2406070339798554e-06,-0.09711809271664447,-0.0005294620382956014,0.0005294620396431021,1.0222469538675488e-08,0.0,0.0,1.0,1.0,0.0,0.0,0.0,40.89863791954472,0.48482646499547993,0.11999999257652902,100.00000000001987,110.00000000004404,0.4999999999997511,54.999998371317425,0.12000071320906631,0.0027,0.0043,0.0087,0.0088
138,1762837404.358452,-0.00016305628000751852,0.00016305628046622925,0.22518269214622486,-8.592956454635803e-09,-5.7419809030528185e-06,5.741980965615458e-06,-0.01767898485585606,9.664077140430919e-11,0.0,0.0,0.0,1.0,0.0,0.0,0.0,0.0,0.0,0.0,0.0,0.0,0.0,-0.001,-0.001,1.177,1.0,-0.0,0.0,-0.0,-0.0,-0.0,-0.031,0.0,-0.0,-0.0,-0.0009999166734639205,-0.0009999166734641386,1.1740027162051132,0.9999999999155876,-9.7624420463098e-06,9.762442072613708e-06,1.6118193077019906e-10,4.306929144153304e-06,4.306929133004884e-06,-0.0581936731576234,-0.000524036781047286,0.000524036782363764,1.0154373462134902e-08,0.0,0.0,1.0,1.0,0.0,0.0,0.0,40.935115865717655,0.48449848268046825,0.11999998883646158,100.00000000002053,110.0000000000417,0.49999999999975103,54.999998323356394,0.12000071217850324,0.0022,0.0023,0.0095,0.0086
139,1762837404.4288087,-0.00016211749873882745,0.0001621174991873881,0.2277888274185486,-8.60602324474315e-09,4.6939063434554775e-06,-4.6939063942057885e-06,0.01303067636161865,-6.533395053673996e-11,0.0,0.0,0.0,1.0,0.0,0.0,0.0,0.0,0.0,0.0,0.0,0.0,0.0,-0.001,-0.001,1.175,1.0,-0.0,0.0,-0.0,-0.0,-0.0,-0.046,0.0,-0.0,0.0,-0.0009999177512573553,-0.0009999177512575752,1.170645111118527,0.9999999999139647,-9.84890716371206e-06,9.848907190922235e-06,1.616238348159071e-10,4.247731223961875e-06,4.247731212688909e-06,-0.08497295961595729,-0.0005292202808312805,0.000529220282199051,1.0210774338449309e-08,0.0,0.0,1.0,1.0,0.0,0.0,0.0,40.96972097752013,0.4841855781512077,0.11999998510736733,100.00000000001668,110.00000000003568,0.49999999999975747,54.99999827521838,0.12000071121821371,0.0019,0.0018,0.0126,0.0102
140,1762837404.4924827,-0.00016249024752559724,0.00016249024798051167,0.22675312257137148,-8.590564497782032e-09,-1.8637439338489367e-06,1.8637439656177409e-06,-0.005178524235885842,7.729373480560102e-11,0.0,0.0,0.0,1.0,0.0,0.0,0.0,0.0,0.0,0.0,0.0,0.0,0.0,-0.001,-0.001,1.172,1.0,-0.0,0.0,-0.0,-0.0,-0.0,-0.045,0.0,-0.0,0.0,-0.0009999168329276,-0.0009999168329278185,1.1680241450536488,0.9999999999153112,-9.777458795246762e-06,9.7774588216758e-06,1.6123280689888787e-10,4.2979822303630615e-06,4.297982219199381e-06,-0.07372560574930816,-0.0005249176970440522,0.0005249176983663334,1.0162793302425924e-08,0.0,0.0,1.0,1.0,0.0,0.0,0.0,41.00345269642557,0.4838769149833784,0.11999998131583618,100.00000000001413,110.00000000003364,0.4999999999997511,54.99999822664965,0.12000071026954356,0.0019,0.0017,0.0096,0.0104
141,1762837404.555521,-0.00016235634141513583,0.00016235634186923952,0.22697700776316126,-8.592248281127401e-09,6.695305523069656e-07,-6.695305563608517e-07,0.0011194259589489067,-8.41891672685087e-12,0.0,0.0,0.0,1.0,0.0,0.0,0.0,0.0,0.0,0.0,0.0,0.0,0.0,-0.001,-0.001,1.169,1.0,-0.0,0.0,-0.0,-0.0,-0.0,-0.041,0.0,-0.0,0.0,-0.0009999171735514101,-0.0009999171735516304,1.1651734942012217,0.9999999999146943,-9.80924976780868e-06,9.809249794743503e-06,1.6124775213996856e-10,4.278948516046048e-06,4.278948504757861e-06,-0.07377624072866215,-0.0005269174666323328,0.0005269174679848303,1.0176246055630661e-08,0.0,0.0,1.0,1.0,0.0,0.0,0.0,41.03730608445079,0.48356349224409906,0.11999997747485265,100.00000000001543,110.0000000000362,0.4999999999997511,54.99999817766899,0.12000070932434503,0.0017,0.0018,0.0081,0.0079
142,1762837404.6306317,-0.00016185050049249324,0.000161850500944766,0.2286414550882047,-8.585466194471026e-09,2.5292046132130127e-06,-2.529204622367528e-06,0.008322236625217215,3.391043328188167e-11,0.0,0.0,0.0,1.0,0.0,0.0,0.0,0.0,0.0,0.0,0.0,0.0,0.0,-0.001,-0.001,1.166,1.0,-0.0,0.0,-0.0,-0.0,-0.0,-0.061,0.0,-0.0,0.0,-0.0009999170148955378,-0.0009999170148957584,1.160911115353592,0.9999999999149224,-9.79757803319481e-06,9.797578060028338e-06,1.611986434535816e-10,4.28751686529936e-06,4.287516854014768e-06,-0.09146878683657493,-0.000526177665136325,0.0005261776664820232,1.0169151149980996e-08,0.0,0.0,1.0,1.0,0.0,0.0,0.0,41.06792944982378,0.48327667223773996,0.11999997359586846,100.00000000001363,110.00000000003466,0.4999999999997511,54.999998128507066,0.12000070836964703,0.005,0.0026,0.0117,0.0086
143,1762837404.6976538,-0.00016249351298461197,0.0001624935134437569,0.2265569160747006,-8.573919826322226e-09,-3.2150624605935436e-06,3.2150624949545126e-06,-0.010422695067520485,5.7731840743998806e-11,0.0,0.0,0.0,1.0,0.0,0.0,0.0,0.0,0.0,0.0,0.0,0.0,0.0,-0.001,-0.001,1.164,1.0,-0.0,0.0,-0.0,-0.0,-0.0,-0.043,0.0,-0.0,0.0,-0.0009999165171552741,-0.0009999165171554957,1.160272001299637,0.9999999999155157,-9.764414029435976e-06,9.764414056150738e-06,1.6079834185474632e-10,4.314165936548776e-06,4.314165925204405e-06,-0.06845009762729201,-0.000524313588166605,0.0005243135895064594,1.0136184577822125e-08,0.0,0.0,1.0,1.0,0.0,0.0,0.0,41.100030213128356,0.48297036261435355,0.11999996963430987,100.00000000001276,110.00000000003449,0.4999999999997511,54.999998078727195,0.12000070736294055,0.0035,0.003,0.0127,0.0093
144,1762837404.7614784,-0.00016177909565698653,0.0001617790961082874,0.22860988301567625,-8.578385173055478e-09,3.5720866381271457e-06,-3.5720866773474003e-06,0.010264834704878052,-2.232673366625801e-11,0.0,0.0,0.0,1.0,0.0,0.0,0.0,0.0,0.0,0.0,0.0,0.0,0.0,-0.001,-0.001,1.162,1.0,-0.0,0.0,-0.0,-0.0,-0.0,-0.058,0.0,-0.0,0.0,-0.0009999171127333694,-0.0009999171127335921,1.1570779435275564,0.9999999999146443,-9.811363117249619e-06,9.81136314444589e-06,1.61042894477503e-10,4.281387858968746e-06,4.281387847562271e-06,-0.08980832646691132,-0.0005270912073141067,0.0005270912086807691,1.0166925195641374e-08,0.0,0.0,1.0,1.0,0.0,0.0,0.0,41.12997684102779,0.48268060510679983,0.11999996565975543,100.00000000001386,110.00000000004262,0.4999999999997511,54.9999980287549,0.12000070633437646,0.0019,0.002,0.0113,0.0104
145,1762837404.8266392,-0.00016155168466255464,0.00016155168511858796,0.22958505953481728,-8.561126871570628e-09,1.1370549721595956e-06,-1.1370549484971e-06,0.0048758825957052054,8.629150742424314e-11,0.0,0.0,0.0,1.0,0.0,0.0,0.0,0.0,0.0,0.0,0.0,0.0,0.0,-0.001,-0.001,1.16,1.0,-0.0,0.0,-0.0,-0.0,-0.0,-0.079,0.0,-0.0,0.0,-0.0009999164157914668,-0.0009999164157916884,1.15394241170113,0.999999999915626,-9.75862713151256e-06,9.758627158126281e-06,1.606702858256022e-10,4.31937540703122e-06,4.3193753957072025e-06,-0.1022899680410471,-0.0005239562897256855,0.0005239562910589193,1.0127319924537763e-08,0.0,0.0,1.0,1.0,0.0,0.0,0.0,41.15626494961157,0.48242193072462686,0.11999996164942482,100.00000000001307,110.00000000003894,0.49999999999975825,54.99999797856797,0.12000070526529397,0.0022,0.0022,0.0111,0.0085
146,1762837404.9026334,-0.00016304706261245492,0.00016304706307518674,0.22448143023108805,-8.556258605193867e-09,-7.4768897495014735e-06,7.47688978299378e-06,-0.025518146518646263,2.4341331883803623e-11,0.0,0.0,0.0,1.0,0.0,0.0,0.0,0.0,0.0,0.0,0.0,0.0,0.0,-0.001,-0.001,1.158,1.0,-0.0,0.0,-0.0,-0.0,-0.0,-0.021,0.0,-0.0,0.0,-0.0009999161897248005,-0.0009999161897250256,1.1558381125371824,0.9999999999157797,-9.748354072411365e-06,9.748354099402353e-06,1.6030220369606723e-10,4.3308916335528024e-06,4.3308916220242605e-06,-0.043586881967450364,-0.0005235130985653138,0.0005235130999219123,1.0105228795611291e-08,0.0,0.0,1.0,1.0,0.0,0.0,0.0,41.18935447058525,0.48208732579028507,0.11999995754446396,100.00000000001134,110.00000000004177,0.49999999999975886,54.99999792735132,0.12000070412481212,0.0033,0.0025,0.0129,0.0149
147,1762837404.9791648,-0.0001620398618737036,0.00016203986231746786,0.22703402993177554,-8.580736885569536e-09,5.036003693756547e-06,-5.036003788594422e-06,0.012762998503437636,-1.2239140187834153e-10,0.0,0.0,0.0,1.0,0.0,0.0,0.0,0.0,0.0,0.0,0.0,0.0,0.0,-0.001,-0.001,1.157,1.0,-0.0,0.0,-0.0,-0.0,-0.0,-0.031,0.0,-0.0,0.0,-0.0009999175997539226,-0.0009999175997541451,1.15367522783524,0.9999999999139143,-9.850812495961086e-06,9.850812523377684e-06,1.611599061847779e-10,4.254319345655539e-06,4.254319334273821e-06,-0.06931654715439832,-0.0005293999406119144,0.0005293999419895574,1.018808387861787e-08,0.0,0.0,1.0,1.0,0.0,0.0,0.0,41.22157397776496,0.4817574847853123,0.11999995350767546,100.00000000000821,110.0000000000387,0.4999999999997611,54.99999787601194,0.12000070304326693,0.0018,0.0018,0.011,0.0289
148,1762837405.035714,-0.00016232063392277295,0.0001623206343747687,0.22627299980820184,-8.569725935142489e-09,-1.403860245346826e-06,1.4038602865041163e-06,-0.0038051506178683886,5.505475213523316e-11,0.0,0.0,0.0,1.0,0.0,0.0,0.0,0.0,0.0,0.0,0.0,0.0,0.0,-0.001,-0.001,1.155,1.0,-0.0,0.0,-0.0,-0.0,-0.0,-0.035,0.0,-0.0,0.0,-0.0009999166416057533,-0.00099991664160597,1.1517372726322601,0.999999999915404,-9.77229102628333e-06,9.772291052363136e-06,1.6086118472997992e-10,4.307632647450037e-06,4.307632636403316e-06,-0.06234568407313502,-0.0005246248807554412,0.0005246248820572117,1.014134734316662e-08,0.0,0.0,1.0,1.0,0.0,0.0,0.0,41.25241494062348,0.4814374516911267,0.11999994946021206,100.00000000001044,110.00000000003688,0.49999999999975575,54.99999782436221,0.12000070198835078,0.0025,0.0028,0.0132,0.0142
149,1762837405.1025553,-0.0001623730460034627,0.0001623730464573191,0.2258883263056547,-8.574048199919312e-09,-2.6206040344874115e-07,2.6206041275195473e-07,-0.001923367512735731,-2.1611323884118774e-11,0.0,0.0,0.0,1.0,0.0,0.0,0.0,0.0,0.0,0.0,0.0,0.0,0.0,-0.001,-0.001,1.153,1.0,-0.0,0.0,-0.0,-0.0,-0.0,-0.026,0.0,-0.0,0.0,-0.0009999169171775936,-0.0009999169171778135,1.150240622997232,0.9999999999148882,-9.798364106982896e-06,9.798364133756828e-06,1.6087406638638247e-10,4.292320717844852e-06,4.292320706578793e-06,-0.05673317999270804,-0.0005263123032031625,0.0005263123045477621,1.0152649230579862e-08,0.0,0.0,1.0,1.0,0.0,0.0,0.0,41.28413592853771,0.481104033959761,0.11999994542667498,100.00000000000861,110.0000000000408,0.49999999999975464,54.999997772285695,0.12000070101586385,0.0022,0.0022,0.0111,0.0176
150,1762837405.1712706,-0.00016194808910348856,0.00016194808955431652,0.22717175728924982,-8.574142214587777e-09,2.1247844998707136e-06,-2.1247845150130606e-06,0.00641715491797587,-4.700733423206666e-13,0.0,0.0,0.0,1.0,0.0,0.0,0.0,0.0,0.0,0.0,0.0,0.0,0.0,-0.001,-0.001,1.151,1.0,-0.0,0.0,-0.0,-0.0,-0.0,-0.04,0.0,-0.0,0.0,-0.000999916944848333,-0.0009999169448485536,1.1473067361860816,0.9999999999148727,-9.799909274977068e-06,9.799909301817201e-06,1.6097391968055174e-10,4.29080563711406e-06,4.290805625821649e-06,-0.0706926526744483,-0.0005263443867966268,0.0005263443881432957,1.015839219367484e-08,0.0,0.0,1.0,1.0,0.0,0.0,0.0,41.3136864160907,0.48079064830854357,0.1199999414006986,100.00000000000811,110.00000000003735,0.499999999999752,54.99999772002147,0.12000070012874264,0.002,0.0023,0.0216,0.0095
151,1762837405.2374594,-0.00016215293429230565,0.0001621529347484345,0.22655006348055104,-8.565790297189144e-09,-1.0242259440854584e-06,1.024225970589919e-06,-0.003108469043493829,4.1759586993180795e-11,0.0,0.0,0.0,1.0,0.0,0.0,0.0,0.0,0.0,0.0,0.0,0.0,0.0,-0.001,-0.001,1.149,1.0,-0.0,0.0,-0.0,-0.0,-0.0,-0.038,0.0,-0.0,0.0,-0.0009999165297330508,-0.0009999165297332716,1.1455860547117316,0.9999999999153998,-9.77087958902226e-06,9.770879615643081e-06,1.6071250616783023e-10,4.313235250176724e-06,4.3132352388833315e-06,-0.06408261015253947,-0.0005246788537448739,0.000524678855079318,1.0133942906130922e-08,0.0,0.0,1.0,1.0,0.0,0.0,0.0,41.34283612233638,0.4804779664359191,0.11999993732544652,100.00000000000499,110.00000000004034,0.499999999999742,54.99999766734577,0.12000069927963926,0.0032,0.0032,0.0146,0.0142
152,1762837405.3065596,-0.00016196860083195766,0.00016196860128636528,0.22700549990281518,-8.565559688357936e-09,9.21667301739934e-07,-9.216673103460598e-07,0.0022771821113208787,1.153044156047432e-12,0.0,0.0,0.0,1.0,0.0,0.0,0.0,0.0,0.0,0.0,0.0,0.0,0.0,-0.001,-0.001,1.147,1.0,-0.0,0.0,-0.0,-0.0,-0.0,-0.04,0.0,-0.0,0.0,-0.0009999167106339796,-0.0009999167106342023,1.143393566950236,0.999999999915077,-9.787706004119624e-06,9.787706031122073e-06,1.607291397772159e-10,4.302983661910786e-06,4.3029836505013e-06,-0.06813796285863136,-0.0005257229485526732,0.0005257229499091319,1.0141610185395975e-08,0.0,0.0,1.0,1.0,0.0,0.0,0.0,41.37138396114107,0.4801685565323468,0.1199999331961821,100.00000000000448,110.00000000003593,0.4999999999997484,54.999997614330745,0.12000069843473672,0.0019,0.0019,0.0193,0.0145
153,1762837405.3628447,-0.00016215042962352717,0.00016215043007891436,0.22634026722981135,-8.561202708326114e-09,-9.091439578475424e-07,9.091439627454258e-07,-0.0033261633650192232,2.1784900159106756e-11,0.0,0.0,0.0,1.0,0.0,0.0,0.0,0.0,0.0,0.0,0.0,0.0,0.0,-0.001,-0.001,1.145,1.0,-0.0,0.0,-0.0,-0.0,-0.0,-0.034,0.0,-0.0,0.0,-0.000999916514425953,-0.0009999165144261757,1.1418537576002992,0.999999999915337,-9.77382341217455e-06,9.773823439022171e-06,1.6061852003627035e-10,4.313550354595346e-06,4.313550343205017e-06,-0.06017780425964037,-0.0005248905922393751,0.0005248905935862538,1.013057089197999e-08,0.0,0.0,1.0,1.0,0.0,0.0,0.0,41.40017778922116,0.47985293179559696,0.11999992899680212,100.00000000000487,110.00000000004103,0.499999999999738,54.999997560874704,0.12000069755497644,0.0018,0.002,0.0139,0.0083
154,1762837405.4239492,-0.00016166789542669356,0.00016166789587981675,0.22782202456777084,-8.560346434976586e-09,2.412670984168106e-06,-2.41267099548799e-06,0.0074087866897976015,4.281366747635445e-12,0.0,0.0,0.0,1.0,0.0,0.0,0.0,0.0,0.0,0.0,0.0,0.0,0.0,-0.001,-0.001,1.142,1.0,-0.0,0.0,-0.0,-0.0,-0.0,-0.047,0.0,-0.0,0.0,-0.0009999166763385674,-0.0009999166763387899,1.1379432333462711,0.9999999999150836,-9.787392393674617e-06,9.78739242060217e-06,1.6067050403889306e-10,4.304637602573359e-06,4.304637591189538e-06,-0.07465753675437828,-0.0005257009707871848,0.0005257009721386799,1.0138426258600118e-08,0.0,0.0,1.0,1.0,0.0,0.0,0.0,41.42691591796952,0.47955725234620517,0.11999992476863947,100.00000000000101,110.00000000003615,0.4999999999997531,54.99999750722107,0.12000069664301126,0.0025,0.0026,0.008,0.0087
155,1762837405.492863,-0.00016197475994431711,0.00016197476040221532,0.2268866378459162,-8.549846942648085e-09,-1.534322588117652e-06,1.5343226119928681e-06,-0.004676933609273362,5.249746164249597e-11,0.0,0.0,0.0,1.0,0.0,0.0,0.0,0.0,0.0,0.0,0.0,0.0,0.0,-0.001,-0.001,1.14,1.0,-0.0,0.0,-0.0,-0.0,-0.0,-0.042,0.0,-0.0,0.0,-0.000999916194671003,-0.0009999161946712264,1.1364413141560883,0.9999999999157022,-9.753562625954026e-06,9.753562652719649e-06,1.6036783597798454e-10,4.3306557064053696e-06,4.330655694980407e-06,-0.06441376453585294,-0.000523735953650563,0.0005237359549933824,1.0110051354018976e-08,0.0,0.0,1.0,1.0,0.0,0.0,0.0,41.45356128432145,0.47925893855380874,0.11999992048372335,99.99999999999771,110.00000000003797,0.49999999999976247,54.999997453110055,0.12000069567337691,0.0015,0.0016,0.011,0.0099
156,1762837405.5829911,-0.00016227411389229844,0.0001622741143482781,0.22563609635797016,-8.553433874660897e-09,-1.4967697399066076e-06,1.4967697303138578e-06,-0.006252707439729985,-1.7934660064057938e-11,0.0,0.0,0.0,1.0,0.0,0.0,0.0,0.0,0.0,0.0,0.0,0.0,0.0,-0.001,-0.001,1.138,1.0,-0.0,0.0,-0.0,-0.0,-0.0,-0.022,0.0,-0.0,0.0,-0.0009999164745862603,-0.000999916474586485,1.1356570970095445,0.9999999999152458,-9.777677164864717e-06,9.777677191971896e-06,1.6041683432918637e-10,4.3150255643057105e-06,4.315025552804607e-06,-0.048290700989565956,-0.0005252070529421457,0.0005252070543043917,1.0122068012503523e-08,0.0,0.0,1.0,1.0,0.0,0.0,0.0,41.48248687347134,0.47893078557566954,0.119999916161338,99.99999999999874,110.00000000003251,0.4999999999997786,54.9999973984305,0.12000069466045939,0.0026,0.0027,0.0242,0.0176
157,1762837405.6289837,-0.0001619849451306397,0.00016198494558143932,0.2263200258373484,-8.559144978359933e-09,1.4458438082937835e-06,-1.4458438341937471e-06,0.00341964739689124,-2.85555184951906e-11,0.0,0.0,0.0,1.0,0.0,0.0,0.0,0.0,0.0,0.0,0.0,0.0,0.0,-0.001,-0.001,1.136,1.0,-0.0,0.0,-0.0,-0.0,-0.0,-0.025,0.0,-0.0,0.0,-0.000999916743084829,-0.0009999167430850514,1.1333573932499996,0.9999999999149337,-9.795690905911149e-06,9.795690932855331e-06,1.606508128664926e-10,4.30070619612093e-06,4.3007061847486955e-06,-0.054314342542964716,-0.0005261728572090763,0.00052617285856066,1.014052023109476e-08,0.0,0.0,1.0,1.0,0.0,0.0,0.0,41.510815630606245,0.4786066014803293,0.11999991185387857,99.9999999999955,110.00000000002592,0.4999999999997531,54.999997343490726,0.12000069365414041,0.0015,0.0019,0.0099,0.0134
158,1762837405.6999476,-0.0001616633385658932,0.00016166333901932237,0.22742742975341748,-8.55347443884695e-09,1.6080328237326664e-06,-1.608032810584655e-06,0.005537019580345429,2.835269756492363e-11,0.0,0.0,0.0,1.0,0.0,0.0,0.0,0.0,0.0,0.0,0.0,0.0,0.0,-0.001,-0.001,1.133,1.0,-0.0,0.0,-0.0,-0.0,-0.0,-0.04,0.0,-0.0,0.0,-0.0009999164634257602,-0.0009999164634259812,1.1294692932094463,0.9999999999153378,-9.774068604967178e-06,9.774068631573164e-06,1.605443636879017e-10,4.3162209628014015e-06,4.316220951509012e-06,-0.06567947307455196,-0.0005248803826761469,0.0005248803840092995,1.0126458209620396e-08,0.0,0.0,1.0,1.0,0.0,0.0,0.0,41.53663073226031,0.4783089512971977,0.11999990755902754,99.99999999999646,110.00000000003007,0.49999999999977046,54.99999728837634,0.12000069266946162,0.0029,0.0029,0.0112,0.0143
159,1762837405.768365,-0.0001619780308891152,0.00016197803134757006,0.22643065351515482,-8.545713718110237e-09,-1.5734616161099677e-06,1.573461641238413e-06,-0.004983881191313391,3.8803603683559986e-11,0.0,0.0,0.0,1.0,0.0,0.0,0.0,0.0,0.0,0.0,0.0,0.0,0.0,-0.001,-0.001,1.131,1.0,-0.0,0.0,-0.0,-0.0,-0.0,-0.032,0.0,-0.0,0.0,-0.0009999161434380431,-0.0009999161434382667,1.1281124798527888,0.9999999999156792,-9.754429469337199e-06,9.754429496157127e-06,1.60272513695753e-10,4.333227006604131e-06,4.3332269951517765e-06,-0.054336508485173136,-0.0005238183731098253,0.0005238183744566647,1.0105479721018761e-08,0.0,0.0,1.0,1.0,0.0,0.0,0.0,41.56282491476953,0.47800354088837615,0.1199999032375496,99.99999999999362,110.00000000002905,0.49999999999977246,54.999997232779734,0.12000069169649442,0.0015,0.0029,0.0141,0.0139
160,1762837405.8277605,-0.0001618058612445247,0.00016180586169933797,0.22681819482146723,-8.547765063333594e-09,8.60848222952531e-07,-8.608482411605681e-07,0.0019377065315620348,-1.0256726116783694e-11,0.0,0.0,0.0,1.0,0.0,0.0,0.0,0.0,0.0,0.0,0.0,0.0,0.0,-0.001,-0.001,1.128,1.0,-0.0,0.0,-0.0,-0.0,-0.0,-0.03,0.0,-0.0,0.0,-0.000999916424929299,-0.000999916424929524,1.125144274609674,0.999999999915241,-9.77793145186561e-06,9.777931479008673e-06,1.6036712670335854e-10,4.317526481853277e-06,4.317526470329996e-06,-0.05568876645693867,-0.0005252224467750818,0.0005252224481393193,1.0119590083463059e-08,0.0,0.0,1.0,1.0,0.0,0.0,0.0,41.5889480001551,0.4776958085669675,0.1199998988951376,99.99999999999493,110.00000000003376,0.499999999999766,54.99999717681899,0.12000069073722545,0.0017,0.0019,0.0093,0.0124
161,1762837405.894011,-0.0001615880179581846,0.00016158801841313484,0.22752125850409977,-8.542451554859126e-09,1.0892164317004857e-06,-1.089216431015812e-06,0.0035153184131628337,2.656754237234122e-11,0.0,0.0,0.0,1.0,0.0,0.0,0.0,0.0,0.0,0.0,0.0,0.0,0.0,-0.001,-0.001,1.126,1.0,-0.0,0.0,-0.0,-0.0,-0.0,-0.04,0.0,-0.0,0.0,-0.0009999162330194976,-0.0009999162330197214,1.1225506268514638,0.9999999999155048,-9.764090727858633e-06,9.76409075471889e-06,1.6029206857679066e-10,4.328030972407148e-06,4.328030960959112e-06,-0.06329782569128632,-0.0005243705650345689,0.0005243705663819787,1.0110202180723926e-08,0.0,0.0,1.0,1.0,0.0,0.0,0.0,41.61324129874344,0.47740693072663853,0.11999989452626823,99.99999999999329,110.00000000003797,0.49999999999976535,54.99999712061153,0.12000068977692216,0.0022,0.0026,0.0114,0.0089
162,1762837405.9589324,-0.00016162266390991177,0.00016162266436781116,0.2274542600433868,-8.535057741544425e-09,-1.732297586359041e-07,1.7322977338154154e-07,-0.00033499230356483223,3.696906657348736e-11,0.0,0.0,0.0,1.0,0.0,0.0,0.0,0.0,0.0,0.0,0.0,0.0,0.0,-0.001,-0.001,1.123,1.0,-0.0,0.0,-0.0,-0.0,-0.0,-0.04,0.0,-0.0,0.0,-0.0009999160181490459,-0.0009999160181492705,1.119630261596814,0.9999999999157401,-9.750620116743843e-06,9.750620143639223e-06,1.6008737974622334e-10,4.339431941458925e-06,4.339431929949991e-06,-0.06087305311515698,-0.0005236369037167669,0.0005236369050672251,1.0094745192171963e-08,0.0,0.0,1.0,1.0,0.0,0.0,0.0,41.636883274438645,0.4771224315902873,0.11999989011309538,99.99999999999528,110.00000000003251,0.4999999999997589,54.99999706401686,0.12000068879382787,0.0018,0.002,0.0103,0.0093
163,1762837406.0287905,-0.00016200426949394484,0.00016200426995192116,0.2260573141999979,-8.533823987952907e-09,-1.908027920165267e-06,1.908027920549942e-06,-0.006984729216944652,6.168767957579699e-12,0.0,0.0,0.0,1.0,0.0,0.0,0.0,0.0,0.0,0.0,0.0,0.0,0.0,-0.001,-0.001,1.121,1.0,-0.0,0.0,-0.0,-0.0,-0.0,-0.022,0.0,-0.0,0.0,-0.0009999160245388427,-0.0009999160245390691,1.1188091920228118,0.9999999999156606,-9.754500764043427e-06,9.754500791138146e-06,1.600150648028384e-10,4.3387321930608964e-06,4.33873218147127e-06,-0.04361994702002494,-0.0005239016038328228,0.0005239016051945545,1.0092770908752489e-08,0.0,0.0,1.0,1.0,0.0,0.0,0.0,41.662361276091424,0.4768114239223985,0.11999988564554472,99.99999999999658,110.00000000002615,0.4999999999997689,54.99999700684457,0.1200006877737128,0.0016,0.0021,0.0112,0.0111
164,1762837406.1181607,-0.00016141614652019826,0.00016141614697243745,0.22777488328959852,-8.537701587459971e-09,2.940614868732856e-06,-2.9406148974185685e-06,0.00858784544800319,-1.9387997535308716e-11,0.0,0.0,0.0,1.0,0.0,0.0,0.0,0.0,0.0,0.0,0.0,0.0,0.0,-0.001,-0.001,1.119,1.0,-0.0,0.0,-0.0,-0.0,-0.0,-0.036,0.0,-0.0,0.0,-0.0009999163741455884,-0.0009999163741458133,1.1157617126205455,0.999999999915202,-9.779990627431413e-06,9.77999065451211e-06,1.602333893560548e-10,4.319784324421855e-06,4.319784312919583e-06,-0.06123051545160976,-0.0005253479476115078,0.0005253479489712898,1.0113445606682335e-08,0.0,0.0,1.0,1.0,0.0,0.0,0.0,41.68581387819393,0.47652230407715157,0.11999988118820855,99.99999999999716,110.00000000003178,0.499999999999778,54.99999694952639,0.12000068675537254,0.0026,0.0022,0.0285,0.0146
165,1762837406.1855352,-0.00016158913819307164,0.00016158913865110632,0.22736546301656188,-8.526496537667415e-09,-8.649583643668122e-07,8.649583933442295e-07,-0.0020471013651832334,5.6025248962781684e-11,0.0,0.0,0.0,1.0,0.0,0.0,0.0,0.0,0.0,0.0,0.0,0.0,0.0,-0.001,-0.001,1.116,1.0,-0.0,0.0,-0.0,-0.0,-0.0,-0.037,0.0,-0.0,-0.0,-0.0009999158051031765,-0.000999915805103401,1.1128969534097934,0.9999999999159828,-9.737624311023231e-06,9.73762433771281e-06,1.599251967383673e-10,4.35082297690117e-06,4.350822965434202e-06,-0.05572703347289443,-0.0005228563830839357,0.0005228563844223307,1.0081281927483838e-08,0.0,0.0,1.0,1.0,0.0,0.0,0.0,41.708321440148424,0.4762413579440419,0.1199998767009755,99.9999999999954,110.00000000002633,0.499999999999774,54.99999689183178,0.12000068571867557,0.0023,0.0027,0.0273,0.0172
166,1762837406.2388155,-0.00016157536861851794,0.00016157536907613395,0.22727866437311323,-8.525432004635001e-09,6.884787276845465e-08,-6.884787486194062e-08,-0.00043399321724334194,5.3226651620735504e-12,0.0,0.0,0.0,1.0,0.0,0.0,0.0,0.0,0.0,0.0,0.0,0.0,0.0,-0.001,-0.001,1.115,1.0,-0.0,0.0,-0.0,-0.0,-0.0,-0.034,0.0,-0.0,-0.0,-0.0009999159518340435,-0.0009999159518342701,1.1120457880059893,0.9999999999156717,-9.753458934464268e-06,9.753458961588562e-06,1.5988142361538254e-10,4.342390920814573e-06,4.342390909201926e-06,-0.054580696986143144,-0.0005238764807023696,0.0005238764820663837,1.0085539319634722e-08,0.0,0.0,1.0,1.0,0.0,0.0,0.0,41.730834739814235,0.4759566048845642,0.11999987219433703,99.99999999999602,110.00000000002201,0.4999999999997982,54.99999683373057,0.12000068467754146,0.0017,0.0053,0.0104,0.0192
167,1762837406.2874196,-0.00016159952667808635,0.00016159952713437002,0.2271112800779411,-8.523489787303524e-09,-1.2079029784202574e-07,1.2079029118030812e-07,-0.0008369214758607996,9.711086657394222e-12,0.0,0.0,0.0,1.0,0.0,0.0,0.0,0.0,0.0,0.0,0.0,0.0,0.0,-0.001,-0.001,1.113,1.0,-0.0,0.0,-0.0,-0.0,-0.0,-0.031,0.0,-0.0,-0.0,-0.000999915925847187,-0.0009999159258474136,1.1102492090910148,0.9999999999157182,-9.751304740949703e-06,9.751304768004369e-06,1.5986594307672222e-10,4.343678706374634e-06,4.343678694783407e-06,-0.0514290972132703,-0.0005237191515625552,0.0005237191529214882,1.0083862534642793e-08,0.0,0.0,1.0,1.0,0.0,0.0,0.0,41.75328038650532,0.4756689220052588,0.11999986766431901,99.99999999999864,110.00000000001752,0.4999999999997882,54.999996775238586,0.12000068363118635,0.0016,0.0018,0.0079,0.0073
168,1762837406.3605947,-0.00016172741409674454,0.000161727414553041,0.22656762681973883,-8.52344456707582e-09,-6.394370932909016e-07,6.394370933549779e-07,-0.0027182662910112537,2.2610113851496098e-13,0.0,0.0,0.0,1.0,0.0,0.0,0.0,0.0,0.0,0.0,0.0,0.0,0.0,-0.001,-0.001,1.111,1.0,-0.0,0.0,-0.0,-0.0,-0.0,-0.023,0.0,-0.0,-0.0,-0.0009999159349822749,-0.0009999159349825006,1.1087691758248048,0.9999999999156864,-9.753031882334263e-06,9.75303190930243e-06,1.598532536468627e-10,4.3431975429462425e-06,4.343197531396452e-06,-0.04384045641123402,-0.0005238203647660749,0.0005238203661201315,1.0083750755125453e-08,0.0,0.0,1.0,1.0,0.0,0.0,0.0,41.77633929859312,0.4753694148237076,0.11999986311127701,100.00000000000074,110.00000000001978,0.49999999999978756,54.99999671630395,0.12000068258545583,0.0016,0.0021,0.0091,0.0123
169,1762837406.4309168,-0.00016177544942020232,0.0001617754498750954,0.22623617583117192,-8.526326610080011e-09,-2.401766172888662e-07,2.4017661027185555e-07,-0.0016572549428346683,-1.4410215020951638e-11,0.0,0.0,0.0,1.0,0.0,0.0,0.0,0.0,0.0,0.0,0.0,0.0,0.0,-0.001,-0.001,1.109,1.0,-0.0,0.0,-0.0,-0.0,-0.0,-0.016,0.0,-0.0,-0.0,-0.0009999160467622872,-0.0009999160467625125,1.1071862279802989,0.9999999999155351,-9.761485626732283e-06,9.76148565371126e-06,1.5993047580702996e-10,4.337187211765109e-06,4.3371872002379365e-06,-0.03837907198895616,-0.0005242975172042875,0.0005242975185590397,1.0090814000506676e-08,0.0,0.0,1.0,1.0,0.0,0.0,0.0,41.79997647445336,0.47505868368323295,0.11999985854886232,100.00000000000165,110.00000000002194,0.499999999999786,54.99999665696534,0.12000068155945824,0.0025,0.0034,0.0101,0.0126
170,1762837406.4933436,-0.00016144434856810324,0.00016144434902187223,0.2272318516257664,-8.526831808350635e-09,1.655504260495485e-06,-1.6555042661159348e-06,0.004978378972972465,-2.525991353127393e-12,0.0,0.0,0.0,1.0,0.0,0.0,0.0,0.0,0.0,0.0,0.0,0.0,0.0,-0.001,-0.001,1.107,1.0,-0.0,0.0,-0.0,-0.0,-0.0,-0.026,0.0,-0.0,-0.0,-0.0009999160841587687,-0.0009999160841589931,1.1045134718458585,0.9999999999154987,-9.763819130209731e-06,9.763819157093598e-06,1.599964491308966e-10,4.33533145949069e-06,4.335331448013001e-06,-0.04852823859250388,-0.0005244050433062932,0.00052440504465556,1.0094889654786124e-08,0.0,0.0,1.0,1.0,0.0,0.0,0.0,41.82198224764377,0.47476678705711006,0.11999985399646443,100.00000000000131,110.00000000002065,0.4999999999998053,54.99999659743159,0.12000068057411337,0.0017,0.0018,0.0108,0.0099
171,1762837406.5779302,-0.00016135976899579645,0.00016135976945318603,0.22760064698206986,-8.519189529830963e-09,4.2289786153385054e-07,-4.228978434309811e-07,0.0018439767815174486,3.821139259836849e-11,0.0,0.0,0.0,1.0,0.0,0.0,0.0,0.0,0.0,0.0,0.0,0.0,0.0,-0.001,-0.001,1.105,1.0,-0.0,0.0,-0.0,-0.0,-0.0,-0.034,0.0,-0.0,-0.0,-0.0009999157610313437,-0.000999915761031569,1.1021045779928045,0.9999999999159093,-9.741150022677734e-06,9.741150049494201e-06,1.5980037855472676e-10,4.35281335687414e-06,4.3528133453517996e-06,-0.052610239589784474,-0.00052310301988317,0.0005231030212293754,1.0076285813592753e-08,0.0,0.0,1.0,1.0,0.0,0.0,0.0,41.842359554219875,0.4744939752302163,0.11999984942655276,100.00000000000074,110.0000000000244,0.49999999999979733,54.99999653762015,0.1200006796130599,0.0021,0.0028,0.0116,0.0258
172,1762837406.6224422,-0.00016119716865259018,0.00016119716911114622,0.2281736430963065,-8.512728471417443e-09,8.130017160314041e-07,-8.130017101989928e-07,0.0028649805711832635,3.230529206758982e-11,0.0,0.0,0.0,1.0,0.0,0.0,0.0,0.0,0.0,0.0,0.0,0.0,0.0,-0.001,-0.001,1.103,1.0,-0.0,0.0,-0.0,-0.0,-0.0,-0.041,0.0,-0.0,-0.0,-0.0009999156662253885,-0.000999915666225616,1.0996828855965481,0.999999999915955,-9.737792880846745e-06,9.737792907916535e-06,1.596500302352958e-10,4.357516383911702e-06,4.357516372261539e-06,-0.058364717010180374,-0.0005229776631275591,0.0005229776644885297,1.0067722438912328e-08,0.0,0.0,1.0,1.0,0.0,0.0,0.0,41.861313756084385,0.47423764778566324,0.1199998448210521,100.00000000000121,110.0000000000273,0.49999999999979383,54.99999647750184,0.12000067865330867,0.0013,0.0018,0.0092,0.0079
173,1762837406.701756,-0.00016140899222914527,0.0001614089926890126,0.22748893084028773,-8.506162652567317e-09,-1.059117882775296e-06,1.0591178893319003e-06,-0.0034235612800936344,3.28290942506368e-11,0.0,0.0,0.0,1.0,0.0,0.0,0.0,0.0,0.0,0.0,0.0,0.0,0.0,-0.001,-0.001,1.101,1.0,-0.0,0.0,-0.0,-0.0,-0.0,-0.034,0.0,-0.0,-0.0,-0.0009999154883002651,-0.0009999154883004939,1.0982065537689976,0.9999999999161377,-9.727427065348475e-06,9.727427092471485e-06,1.594717559944405e-10,4.366776552111428e-06,4.366776540397699e-06,-0.04963216316694349,-0.0005224035435295716,0.0005224035448930993,1.005487635393532e-08,0.0,0.0,1.0,1.0,0.0,0.0,0.0,41.880589544650945,0.4739736021219693,0.11999984014756179,100.00000000000098,110.00000000002406,0.49999999999977873,54.99999641689341,0.1200006776526067,0.0027,0.0028,0.01,0.0175
174,1762837406.7841375,-0.0001612871539471143,0.00016128715440413773,0.2277343227152064,-8.506274134440272e-09,6.091914101549723e-07,-6.09191424374338e-07,0.0012269593745933456,-5.57409364775011e-13,0.0,0.0,0.0,1.0,0.0,0.0,0.0,0.0,0.0,0.0,0.0,0.0,0.0,-0.001,-0.001,1.1,1.0,-0.0,0.0,-0.0,-0.0,-0.0,-0.034,0.0,-0.0,-0.0,-0.0009999156699706023,-0.000999915669970831,1.0971402433873885,0.999999999915853,-9.742864889979594e-06,9.742864917184747e-06,1.595161436379573e-10,4.356686612651089e-06,4.356686600947273e-06,-0.05180513894236391,-0.0005233161350847681,0.0005233161364524276,1.0063043030498635e-08,0.0,0.0,1.0,1.0,0.0,0.0,0.0,41.899563844448636,0.473710610181018,0.11999983543214023,99.99999999999996,110.00000000001837,0.49999999999975475,54.99999635592717,0.12000067660458669,0.004,0.0038,0.0162,0.0246
175,1762837406.8387628,-0.00016189667172731014,0.00016189667218563677,0.22559224883493384,-8.505985561830423e-09,-3.047588900979034e-06,3.0475889074951974e-06,-0.010710369401362805,1.4428630492506458e-12,0.0,0.0,0.0,1.0,0.0,0.0,0.0,0.0,0.0,0.0,0.0,0.0,0.0,-0.001,-0.001,1.099,1.0,-0.0,0.0,-0.0,-0.0,-0.0,-0.01,0.0,-0.0,-0.0,-0.0009999155469838804,-0.000999915546984108,1.0977568646494928,0.9999999999160372,-9.73314748640624e-06,9.733147513409372e-06,1.5944522965830477e-10,4.36341438203722e-06,4.363414370391194e-06,-0.027165618349760966,-0.0005227198569452785,0.0005227198583013722,1.005549122580214e-08,0.0,0.0,1.0,1.0,0.0,0.0,0.0,41.92120717219062,0.4734063497673817,0.11999983066430216,100.00000000000091,110.00000000002166,0.49999999999973627,54.999996294305504,0.12000067550746364,0.0038,0.0045,0.0136,0.0143
176,1762837406.892188,-0.00016123681033585835,0.00016123681078714764,0.22745515379436199,-8.515986414658116e-09,3.299306957258992e-06,-3.299306992445689e-06,0.009314524797140782,-5.000426413845573e-11,0.0,0.0,0.0,1.0,0.0,0.0,0.0,0.0,0.0,0.0,0.0,0.0,0.0,-0.001,-0.001,1.097,1.0,-0.0,0.0,-0.0,-0.0,-0.0,-0.022,0.0,-0.0,-0.0,-0.0009999161298418727,-0.0009999161298420987,1.0947582000918952,0.9999999999152753,-9.775116493189366e-06,9.775116520303421e-06,1.5980919965859663e-10,4.3319864537580065e-06,4.33198644220199e-06,-0.04546318357041608,-0.0005251369442924619,0.000525136945654524,1.0089870648499215e-08,0.0,0.0,1.0,1.0,0.0,0.0,0.0,41.9413326294608,0.473121193804579,0.11999982594546585,99.99999999999932,110.00000000002179,0.4999999999997314,54.99999623257534,0.12000067444714987,0.0014,0.0016,0.01,0.0103
177,1762837406.968357,-0.00016158924285861038,0.00016158924331638688,0.22641845791376478,-8.507349269360502e-09,-1.7621626137602812e-06,1.762162646196195e-06,-0.005183479402986042,4.3185726488054097e-11,0.0,0.0,0.0,1.0,0.0,0.0,0.0,0.0,0.0,0.0,0.0,0.0,0.0,-0.001,-0.001,1.096,1.0,-0.0,0.0,-0.0,-0.0,-0.0,-0.019,0.0,-0.0,0.0,-0.00099991549272931,-0.0009999154927295348,1.094177998832284,0.9999999999161817,-9.726297053519225e-06,9.726297080144303e-06,1.595386304573156e-10,4.366972334812772e-06,4.366972323316439e-06,-0.035285013827512896,-0.0005222320026550992,0.0005222320039900693,1.0057056501282736e-08,0.0,0.0,1.0,1.0,0.0,0.0,0.0,41.96119510789099,0.4728374123458207,0.1199998212140208,100.00000000000057,110.00000000001673,0.49999999999969946,54.999996170438244,0.12000067340276645,0.0025,0.0023,0.0141,0.014
178,1762837407.029073,-0.00016133300032494897,0.00016133300078091556,0.22708785499832446,-8.511107807085123e-09,1.2812126683069591e-06,-1.281212677356632e-06,0.003346985422798404,-1.8792688623101915e-11,0.0,0.0,0.0,1.0,0.0,0.0,0.0,0.0,0.0,0.0,0.0,0.0,0.0,-0.001,-0.001,1.095,1.0,-0.0,0.0,-0.0,-0.0,-0.0,-0.022,0.0,-0.0,0.0,-0.000999915833348543,-0.00099991583334877,1.0928655803201506,0.9999999999156407,-9.7547413804106e-06,9.754741407526864e-06,1.596342813680768e-10,4.348133751771715e-06,4.348133740148656e-06,-0.042088171770470334,-0.0005239853298136803,0.0005239853311774648,1.0073228229971088e-08,0.0,0.0,1.0,1.0,0.0,0.0,0.0,41.980548709575416,0.47255896893900834,0.1199998164959456,100.00000000000341,110.00000000002014,0.4999999999997316,54.999996108011395,0.12000067241398774,0.0016,0.0018,0.0087,0.0148
179,1762837407.1000638,-0.00016157035966015066,0.0001615703601176193,0.22631221313720618,-8.507520161116915e-09,-1.1867966760085004e-06,1.1867966835186062e-06,-0.003878209305591525,1.793822984105292e-11,0.0,0.0,0.0,1.0,0.0,0.0,0.0,0.0,0.0,0.0,0.0,0.0,0.0,-0.001,-0.001,1.093,1.0,-0.0,0.0,-0.0,-0.0,-0.0,-0.015,0.0,-0.0,0.0,-0.000999915573646865,-0.000999915573647092,1.0914139293700214,0.9999999999160124,-9.734963435196544e-06,9.734963462142505e-06,1.595349122532491e-10,4.362254620922684e-06,4.362254609308519e-06,-0.032386730320538945,-0.0005227874195469417,0.0005227874209001385,1.006053706068738e-08,0.0,0.0,1.0,1.0,0.0,0.0,0.0,42.000337805450634,0.47227215598512273,0.1199998117457599,100.00000000000347,110.00000000001951,0.4999999999997425,54.999996045137685,0.12000067145337932,0.0026,0.002,0.0093,0.0169
180,1762837407.15741,-0.0001609456075058256,0.00016094560796071358,0.22826249545543373,-8.507971958839784e-09,3.1237607716252253e-06,-3.1237607845286406e-06,0.00975141159113753,-2.25898861434943e-12,0.0,0.0,0.0,1.0,0.0,0.0,0.0,0.0,0.0,0.0,0.0,0.0,0.0,-0.001,-0.001,1.092,1.0,-0.0,0.0,-0.0,-0.0,-0.0,-0.035,0.0,-0.0,0.0,-0.000999915788029953,-0.0009999157880301798,1.0890247320085455,0.9999999999156802,-9.75278699062407e-06,9.752787017686116e-06,1.5962845932333897e-10,4.350526064978415e-06,4.350526053367929e-06,-0.05427753952851036,-0.0005238547088907395,0.0005238547102505386,1.0072164548593271e-08,0.0,0.0,1.0,1.0,0.0,0.0,0.0,42.01738827174453,0.47202421591378335,0.11999980699208868,100.00000000000388,110.0000000000144,0.49999999999973344,54.99999598218589,0.12000067052261468,0.0015,0.0018,0.0099,0.0087
181,1762837407.228922,-0.00016154287596575109,0.00016154287642729947,0.2264627121156116,-8.496694695301073e-09,-2.9863422996272973e-06,2.9863423329294344e-06,-0.008998916699110838,5.6386317693555955e-11,0.0,0.0,0.0,1.0,0.0,0.0,0.0,0.0,0.0,0.0,0.0,0.0,0.0,-0.001,-0.001,1.09,1.0,-0.0,0.0,-0.0,-0.0,-0.0,-0.021,0.0,-0.0,-0.0,-0.0009999151874210193,-0.0009999151874212475,1.0881602575111087,0.9999999999164784,-9.708972671953708e-06,9.70897269882792e-06,1.5925847494294383e-10,4.382946697678174e-06,4.382946686007387e-06,-0.03382149521200236,-0.0005213093633180481,0.0005213093646677987,1.0036651371975153e-08,0.0,0.0,1.0,1.0,0.0,0.0,0.0,42.035513823554105,0.4717585514780085,0.11999980215860198,100.00000000000615,110.00000000001769,0.49999999999972566,54.999995918631754,0.12000066956133554,0.0027,0.0029,0.0112,0.0096
182,1762837407.2903318,-0.00016107118342903004,0.0001610711838846822,0.2277606164691466,-8.502396046776578e-09,2.358462683605398e-06,-2.3584627130863187e-06,0.006489521767675192,-2.850675737751649e-11,0.0,0.0,0.0,1.0,0.0,0.0,0.0,0.0,0.0,0.0,0.0,0.0,0.0,-0.001,-0.001,1.089,1.0,-0.0,0.0,-0.0,-0.0,-0.0,-0.028,0.0,-0.0,-0.0,-0.0009999157393524268,-0.000999915739352656,1.0865049557339432,0.9999999999156471,-9.7536796482286e-06,9.753679675575329e-06,1.5947226180016164e-10,4.352599852640546e-06,4.352599840900951e-06,-0.04703178629885375,-0.0005239828722139959,0.0005239828735902557,1.006493112673131e-08,0.0,0.0,1.0,1.0,0.0,0.0,0.0,42.05273430525522,0.4715048547658596,0.11999979730353504,100.00000000000695,110.00000000002372,0.4999999999997221,54.99999585484398,0.12000066857776003,0.0027,0.0015,0.0088,0.0085
183,1762837407.3561463,-0.00016136254051601215,0.00016136254097482677,0.2268773011364844,-8.494527476071191e-09,-1.4567854349105728e-06,1.4567854507229025e-06,-0.004416576663310839,3.934285352693856e-11,0.0,0.0,0.0,1.0,0.0,0.0,0.0,0.0,0.0,0.0,0.0,0.0,0.0,-0.001,-0.001,1.088,1.0,-0.0,0.0,-0.0,-0.0,-0.0,-0.024,0.0,-0.0,-0.0,-0.0009999152767578778,-0.0009999152767581059,1.085927964933219,0.9999999999163216,-9.717636901712409e-06,9.717636928610448e-06,1.59266596982994e-10,4.377866377755308e-06,4.377866366096374e-06,-0.03788613030869156,-0.0005218088139540117,0.0005218088153041315,1.0040347454761187e-08,0.0,0.0,1.0,1.0,0.0,0.0,0.0,42.06991326338955,0.471250265458782,0.11999979239535315,100.00000000000689,110.00000000002713,0.4999999999996986,54.99999579062096,0.12000066754490162,0.0015,0.0014,0.0084,0.0088
184,1762837407.4305418,-0.0001614951373851134,0.00016149513784267938,0.22623825272267284,-8.498711046810855e-09,-6.62984345506162e-07,6.629843392631091e-07,-0.0031952420690579027,-2.0917853698320903e-11,0.0,0.0,0.0,1.0,0.0,0.0,0.0,0.0,0.0,0.0,0.0,0.0,0.0,-0.001,-0.001,1.087,1.0,-0.0,0.0,-0.0,-0.0,-0.0,-0.012,0.0,-0.0,-0.0,-0.0009999155532237896,-0.0009999155532240181,1.0856199209588928,0.9999999999158876,-9.740628872568759e-06,9.740628899724972e-06,1.5933475933822363e-10,4.36265607479815e-06,4.3626560630979764e-06,-0.02944864542480119,-0.0005232137489259344,0.0005232137502914768,1.0052760995550669e-08,0.0,0.0,1.0,1.0,0.0,0.0,0.0,42.08849620622963,0.4709730860351109,0.11999978746438687,100.00000000000905,110.00000000002241,0.49999999999969147,54.99999572590676,0.1200006664869764,0.0036,0.0023,0.0123,0.01
185,1762837407.511172,-0.00016126734093221105,0.00016126734138670036,0.22683680235957376,-8.501615283675194e-09,1.1389822645118362e-06,-1.1389822798950388e-06,0.0029927481845044984,-1.4521184321695636e-11,0.0,0.0,0.0,1.0,0.0,0.0,0.0,0.0,0.0,0.0,0.0,0.0,0.0,-0.001,-0.001,1.086,1.0,-0.0,0.0,-0.0,-0.0,-0.0,-0.017,0.0,-0.0,-0.0,-0.0009999156696302968,-0.0009999156696305243,1.0842443921584706,0.9999999999157766,-9.747506661361845e-06,9.747506688410904e-06,1.594746776186289e-10,4.356553302981189e-06,4.356553291351897e-06,-0.03567015088780153,-0.0005235477499840822,0.0005235477513427135,1.0062274696835289e-08,0.0,0.0,1.0,1.0,0.0,0.0,0.0,42.10629154986504,0.470706810937703,0.119999782546218,100.00000000000627,110.00000000002298,0.4999999999996879,54.99999566095354,0.12000066543933118,0.0023,0.0022,0.0227,0.0151
186,1762837407.5618918,-0.00016124832207423188,0.00016124832253141782,0.22691549559944044,-8.497914666753363e-09,9.50942898958018e-08,-9.5094276412772e-08,0.00039346619933326374,1.850308460915993e-11,0.0,0.0,0.0,1.0,0.0,0.0,0.0,0.0,0.0,0.0,0.0,0.0,0.0,-0.001,-0.001,1.085,1.0,-0.0,0.0,-0.0,-0.0,-0.0,-0.021,0.0,-0.0,-0.0,-0.000999915453132852,-0.0009999154531330787,1.0830588941914567,0.9999999999160758,-9.731205029850525e-06,9.731205056699423e-06,1.5937035576146752e-10,4.3684613899441124e-06,4.368461378351161e-06,-0.037055842649659866,-0.0005225918880862745,0.0005225918894340978,1.0050576068879684e-08,0.0,0.0,1.0,1.0,0.0,0.0,0.0,42.12321295376633,0.47045301175556986,0.11999977762728394,100.00000000000661,110.00000000002412,0.49999999999970524,54.99999559570111,0.12000066440841708,0.0025,0.0022,0.0145,0.0072
187,1762837407.6306207,-0.00016153208115700393,0.0001615320816155416,0.22590189987368992,-8.497721664506294e-09,-1.4187954138601493e-06,1.4187954206187946e-06,-0.005067978628752651,9.650112353530403e-13,0.0,0.0,0.0,1.0,0.0,0.0,0.0,0.0,0.0,0.0,0.0,0.0,0.0,-0.001,-0.001,1.084,1.0,-0.0,0.0,-0.0,-0.0,-0.0,-0.009,0.0,-0.0,0.0,-0.0009999154320890263,-0.0009999154320892544,1.0828568332364776,0.9999999999160598,-9.73153715678877e-06,9.73153718384213e-06,1.593097913747127e-10,4.369396784582492e-06,4.369396772898675e-06,-0.02519804632653033,-0.0005226562609125765,0.0005226562622726758,1.0047860517876248e-08,0.0,0.0,1.0,1.0,0.0,0.0,0.0,42.141403726222514,0.4701792279008988,0.11999977268557402,100.00000000000678,110.00000000001684,0.4999999999997156,54.99999552993666,0.12000066339584056,0.0021,0.0025,0.0148,0.0091
188,1762837407.6887631,-0.00016099674083200964,0.00016099674128634622,0.22751120650478737,-8.500739060140083e-09,2.6767016249714596e-06,-2.6767016459767925e-06,0.008046533155487107,-1.5086978168940987e-11,0.0,0.0,0.0,1.0,0.0,0.0,0.0,0.0,0.0,0.0,0.0,0.0,0.0,-0.001,-0.001,1.083,1.0,-0.0,0.0,-0.0,-0.0,-0.0,-0.024,0.0,-0.0,0.0,-0.0009999156932298577,-0.0009999156932300854,1.0807761994944012,0.9999999999157121,-9.750808724889748e-06,9.750808752016393e-06,1.594820777045989e-10,4.355221389279991e-06,4.355221377625172e-06,-0.042774141436067545,-0.0005237587845239801,0.0005237587858872925,1.0063974326607267e-08,0.0,0.0,1.0,1.0,0.0,0.0,0.0,42.15761724697734,0.46993521702676383,0.11999976775570216,100.00000000000843,110.00000000001985,0.4999999999996908,54.999995464059836,0.12000066242045869,0.0013,0.0018,0.0075,0.009
189,1762837407.7561007,-0.0001612559117024275,0.0001612559121623201,0.22680008230383567,-8.491125535016726e-09,-1.2958543520892444e-06,1.2958543798694314e-06,-0.0035556210047586467,4.80676256167929e-11,0.0,0.0,0.0,1.0,0.0,0.0,0.0,0.0,0.0,0.0,0.0,0.0,0.0,-0.001,-0.001,1.082,1.0,-0.0,0.0,-0.0,-0.0,-0.0,-0.023,0.0,-0.0,0.0,-0.0009999151782306523,-0.00099991517823088,1.0800261595684264,0.9999999999164099,-9.712695414977244e-06,9.712695441807848e-06,1.5919641242124268e-10,4.383208897561135e-06,4.383208885912967e-06,-0.035896570570979724,-0.0005215292156901722,0.0005215292170371668,1.0034763259353598e-08,0.0,0.0,1.0,1.0,0.0,0.0,0.0,42.173410870100554,0.4696972515201502,0.11999976277897385,100.00000000000905,110.00000000002292,0.4999999999997077,54.999995397768245,0.12000066143949811,0.0022,0.0017,0.0089,0.0079
190,1762837407.8360963,-0.00016114513551429961,0.00016114513597251305,0.22703950546710802,-8.492238621099573e-09,5.538809406392632e-07,-5.53880949035379e-07,0.001197115816361869,-5.565430414240184e-12,0.0,0.0,0.0,1.0,0.0,0.0,0.0,0.0,0.0,0.0,0.0,0.0,0.0,-0.001,-0.001,1.081,1.0,-0.0,0.0,-0.0,-0.0,-0.0,-0.022,0.0,-0.0,-0.0,-0.0009999154194929348,-0.0009999154194931643,1.079009758006575,0.9999999999160042,-9.733967847630995e-06,9.733967874869332e-06,1.5922625119477037e-10,4.36971264151458e-06,4.369712629751245e-06,-0.0377362132552329,-0.0005228488107550638,0.0005228488121257084,1.0044779183972041e-08,0.0,0.0,1.0,1.0,0.0,0.0,0.0,42.18919621748542,0.4694590668493428,0.1199997577671357,100.00000000000604,110.00000000002787,0.4999999999997201,54.99999533110867,0.12000066044554554,0.0016,0.002,0.0106,0.0196
191,1762837407.8939123,-0.00016131646915906332,0.00016131646961720092,0.22642643595876047,-8.490109292210924e-09,-8.566682238186516e-07,8.566682234395061e-07,-0.00306534754173772,1.0646644443242933e-11,0.0,0.0,0.0,1.0,0.0,0.0,0.0,0.0,0.0,0.0,0.0,0.0,0.0,-0.001,-0.001,1.08,1.0,-0.0,0.0,-0.0,-0.0,-0.0,-0.016,0.0,-0.0,-0.0,-0.0009999152975553277,-0.000999915297555557,1.0784434587291714,0.9999999999161829,-9.724660926213813e-06,9.724660953298395e-06,1.5917951570384764e-10,4.3763228593831765e-06,4.376322847655304e-06,-0.030582750511112398,-0.0005222664904987324,0.0005222664918596978,1.0038726499581966e-08,0.0,0.0,1.0,1.0,0.0,0.0,0.0,42.20544886303657,0.4692134884467813,0.11999975270979799,100.00000000000678,110.00000000002294,0.4999999999997121,54.999995264006486,0.12000065942032362,0.003,0.0035,0.01,0.0087
192,1762837407.974799,-0.0001611030496625316,0.00016110305011899983,0.2270238736802223,-8.491742546135894e-09,1.067097482658659e-06,-1.067097491005498e-06,0.002987188607309295,-8.166269624853858e-12,0.0,0.0,0.0,1.0,0.0,0.0,0.0,0.0,0.0,0.0,0.0,0.0,0.0,-0.001,-0.001,1.078,1.0,-0.0,0.0,-0.0,-0.0,-0.0,-0.019,0.0,-0.0,-0.0,-0.0009999154569142496,-0.000999915456914478,1.0761889399621767,0.9999999999159562,-9.7370009241342e-06,9.737000951226782e-06,1.5925268774537982e-10,4.367679755989121e-06,4.367679744297449e-06,-0.03534243392158123,-0.0005229921269260027,0.0005229921282874987,1.0047083287158146e-08,0.0,0.0,1.0,1.0,0.0,0.0,0.0,42.221148475806245,0.46897620006016805,0.11999974764099695,100.0000000000057,110.00000000002832,0.4999999999997201,54.99999519662481,0.12000065838081864,0.0024,0.0053,0.013,0.0183
193,1762837408.0275726,-0.00016093622886827197,0.00016093622932616698,0.22761833843616108,-8.486314982771555e-09,8.341039712982177e-07,-8.341039641643843e-07,0.002972323779693642,2.7137816821687722e-11,0.0,0.0,0.0,1.0,0.0,0.0,0.0,0.0,0.0,0.0,0.0,0.0,0.0,-0.001,-0.001,1.077,1.0,-0.0,0.0,-0.0,-0.0,-0.0,-0.029,0.0,-0.0,-0.0,-0.0009999152391008375,-0.000999915239101066,1.0746083857073023,0.9999999999162443,-9.72139434265419e-06,9.721394369633305e-06,1.5914567170413093e-10,4.379555092548431e-06,4.379555080855231e-06,-0.04258420570149234,-0.0005220681647496606,0.0005220681661050398,1.0035592942659137e-08,0.0,0.0,1.0,1.0,0.0,0.0,0.0,42.23520023319544,0.4687639179649004,0.11999974256025178,100.0000000000044,110.00000000002959,0.49999999999971567,54.999995129014,0.12000065732657264,0.0023,0.0025,0.01,0.0104
194,1762837408.0934768,-0.00016078648607539763,0.00016078648653526176,0.22818783020009498,-8.479117543367581e-09,7.487139643717411e-07,-7.48713954526047e-07,0.002847458819669347,3.598719701988201e-11,0.0,0.0,0.0,1.0,0.0,0.0,0.0,0.0,0.0,0.0,0.0,0.0,0.0,-0.001,-0.001,1.076,1.0,-0.0,0.0,-0.0,-0.0,-0.0,-0.038,0.0,-0.0,-0.0,-0.0009999150771760436,-0.0009999150771762735,1.0730798529120404,0.9999999999164096,-9.711656994993071e-06,9.711657022080604e-06,1.589726663851037e-10,4.388037949477998e-06,4.388037937702077e-06,-0.04945176334328892,-0.0005215555768185566,0.0005215555781806833,1.0023294160329661e-08,0.0,0.0,1.0,1.0,0.0,0.0,0.0,42.24770299963807,0.4685749617707148,0.11999973745863556,100.00000000000537,110.00000000002817,0.4999999999997015,54.99999506112741,0.1200006562509004,0.0019,0.002,0.0096,0.0107
195,1762837408.1563911,-0.00016143428857658023,0.0001614342890387264,0.22602610035191614,-8.475285097373408e-09,-3.239012505913013e-06,3.239012517323157e-06,-0.010808649240894221,1.9162229970862947e-11,0.0,0.0,0.0,1.0,0.0,0.0,0.0,0.0,0.0,0.0,0.0,0.0,0.0,-0.001,-0.001,1.075,1.0,0.0,-0.0,-0.0,-0.0,-0.0,-0.014,0.0,-0.0,-0.0,-0.000999914920376996,-0.0009999149203772275,1.0737140188262737,0.9999999999165623,-9.702741135510858e-06,9.702741162721602e-06,1.587917096645763e-10,4.3961490702426305e-06,4.39614905837753e-06,-0.024435979377721826,-0.0005210805290130377,0.0005210805303821201,1.0010938458837552e-08,0.0,0.0,1.0,1.0,0.0,0.0,0.0,42.262870099833194,0.46834482510679387,0.11999973228872986,100.00000000000541,110.00000000003226,0.499999999999705,54.99999499250104,0.12000065512598897,0.002,0.002,0.0083,0.0084
196,1762837408.2270408,-0.0001609855732943144,0.00013330326729087211,0.2271804681879704,-1.878200945757751e-08,2.2435764113290122e-06,-0.00014065510873927144,0.005771839180271491,-5.15336218010205e-08,0.0,0.0,0.0,1.0,0.0,0.0,0.0,0.0,0.0,0.0,0.0,0.0,0.0,-0.001,-0.001,1.074,1.0,0.0,-0.0,-0.0,-0.0,-0.0,-0.018,-0.0,0.0,-0.0,-0.0009999155265197905,-0.0009999155265200208,1.0722298707325393,0.9999999999157516,-9.747489835206371e-06,9.747489862560509e-06,1.5913633698015372e-10,4.363231631056041e-06,4.363231619273283e-06,-0.03535197582079331,-0.0005236616614479316,0.0005236616628238242,1.0045437850942681e-08,0.0,0.0,1.0,1.0,0.0,0.0,0.0,42.27766814332933,0.46812001614331766,0.11999972713421385,100.00000000000871,110.00000000003703,0.4999999999996899,54.999994923651506,0.12000065400339659,0.0027,0.0022,0.0119,0.0075
197,1762837408.2912521,-0.0001612793539173832,0.00010366785260276245,0.2262671117772872,-2.5038654772718613e-08,-1.4689031153440851e-06,-0.0001481770734405484,-0.004566782053416089,-3.1283226575705506e-08,0.0,0.0,0.0,1.0,0.0,0.0,0.0,0.0,0.0,0.0,0.0,0.0,0.0,-0.001,-0.001,1.073,1.0,0.0,-0.0,-0.0,-0.0,-0.0,-0.013,-0.0,0.0,-0.0,-0.0009999296943355366,-0.000999915094371406,1.0717070732457326,0.9999999999314828,-9.712638534275432e-06,7.845774085829087e-06,3.063183112752017e-10,3.5595010684162214e-06,4.387161532449428e-06,-0.025541792530734728,-0.0005215454505582634,0.00041510957736894095,1.8269587297190322e-08,0.0,0.0,1.0,1.0,0.0,0.0,0.0,42.29267000678661,0.467891960896359,0.11999972611797019,100.00000000000678,110.00000000003203,0.49999999999968725,54.99999485383085,0.12000065851718547,0.0018,0.002,0.0082,0.0098
198,1762837408.3753293,-0.00016111282728213758,4.0796142537244954e-05,0.22665407667326692,-1.7147485676888354e-08,8.32633176228064e-07,-0.0003143585503275875,0.0019348244798985045,3.945584547915129e-08,0.0,0.0,0.0,1.0,0.0,0.0,0.0,0.0,0.0,0.0,0.0,0.0,0.0,-0.001,-0.001,1.072,1.0,0.0,-0.0,-0.0,-0.0,-0.0,-0.013,-0.0,0.0,-0.0,-0.00099994560760093,-0.0009999153800260769,1.070608185139643,0.9999999999422393,-9.735630433006706e-06,6.046552859485729e-06,3.7700155352941974e-10,2.7317863859883908e-06,4.371566250384351e-06,-0.02881529806497936,-0.0005229458024135878,0.00031814183916460995,2.1681301668191725e-08,0.0,0.0,1.0,1.0,0.0,0.0,0.0,42.30762688681521,0.4676646213087607,0.11999973199288559,100.00000000000547,110.00000000003647,0.49999999999969014,54.99999478128168,0.12000067949584015,0.0025,0.0022,0.0143,0.0201
199,1762837408.4295826,-0.00016084427004156758,3.26882794811882e-06,0.22756864903861856,-2.7520597974310645e-08,1.3427862028499355e-06,-0.00018763657294563072,0.004572861826758222,-5.1865561487111454e-08,0.0,0.0,0.0,1.0,0.0,0.0,0.0,0.0,0.0,0.0,0.0,0.0,0.0,-0.001,-0.001,1.071,1.0,0.0,-0.0,-0.0,-0.0,-0.0,-0.026,-0.0,0.0,0.0,-0.0009999785303671466,-0.0009999152117568819,1.068811803823454,0.9999999999566447,-9.722316052542782e-06,2.0165734438353276e-06,2.2966051149033383e-10,9.439129356043284e-07,4.3808085942676625e-06,-0.03951501125118693,-0.0005221281150607859,9.429159066409089e-05,1.2236080674524719e-08,0.0,0.0,1.0,1.0,0.0,0.0,0.0,42.32063774600242,0.4674671631451618,0.11999976230853278,100.00000000000776,110.0000000000343,0.49999999999968636,54.999994697826175,0.12000075857754859,0.0016,0.0018,0.0111,0.0128
200,1762837408.5004866,-0.00016103562484551142,-3.321581968452712e-05,0.22701913684951655,-3.235687942978736e-08,-9.56774019719069e-07,-0.00018242323816322972,-0.0027475609455102183,-2.418140727738354e-08,0.0,0.0,0.0,1.0,0.0,0.0,0.0,0.0,0.0,0.0,0.0,0.0,0.0,-0.001,-0.001,1.07,1.0,0.0,-0.0,-0.0,-0.0,-0.0,-0.023,-0.0,0.0,0.0,-0.000999998271589675,-0.0009999149527278556,1.0681057886634735,0.9999999999582577,-9.705376809975728e-06,-6.866782763921113e-08,3.894819767257894e-10,-9.954018264280781e-09,4.394630609690469e-06,-0.0336277691464167,-0.0005211956213027297,-1.2052980899885033e-05,2.171314971617173e-08,0.0,0.0,1.0,1.0,0.0,0.0,0.0,42.33362052313861,0.4672701623504203,0.11999976469283867,100.0000000000077,110.0000000000392,0.49999999999967215,54.999994610236804,0.12000083483794072,0.0028,0.0023,0.0113,0.0149
201,1762837408.577174,-0.00016116988672277335,-0.00015798135575289417,0.22644485731721,-4.1326070936463756e-08,-6.713093863094802e-07,-0.0006238276803418353,-0.0028713976615326424,-4.484595753338201e-08,0.0,0.0,0.0,1.0,0.0,0.0,0.0,0.0,0.0,0.0,0.0,0.0,0.0,-0.001,-0.001,1.069,1.0,0.0,-0.0,-0.0,-0.0,-0.0,-0.013,-0.0,0.0,0.0,-0.001000017507199842,-0.000999915122285438,1.06770232063547,0.9999999999556488,-9.72017861036996e-06,-2.26320018495683e-06,4.36736767412088e-10,-1.000497049784506e-06,4.385109080116336e-06,-0.025949309798934967,-0.0005220931185788421,-0.0001296843050126556,2.3718302243012014e-08,0.0,0.0,1.0,1.0,0.0,0.0,0.0,42.34773536374614,0.46705589262227987,0.11999973209912165,100.00000000000917,110.0000000000426,0.4999999999996615,54.9999945262601,0.12000086651667469,0.0021,0.002,0.0239,0.0137
202,1762837408.6248598,-0.00016094532711184828,-0.00019837743899574624,0.22706590254979872,-4.796805130223458e-08,1.122798054625253e-06,-0.00020198041621426028,0.003105226162943505,-3.3209901828854134e-08,0.0,0.0,0.0,1.0,0.0,0.0,0.0,0.0,0.0,0.0,0.0,0.0,0.0,-0.001,-0.001,1.068,1.0,0.0,-0.0,-0.0,-0.0,-0.0,-0.018,-0.0,0.0,0.0,-0.0010000830833426647,-0.000999915239789828,1.0663274171266515,0.9999999999067225,-9.72787659854669e-06,-1.0418677661345667e-05,5.279830897309457e-10,-4.619812615631885e-06,4.378852280702288e-06,-0.03219390021057498,-0.0005224938229361235,-0.0005873760514614551,2.7524046017027884e-08,0.0,0.0,1.0,1.0,0.0,0.0,0.0,42.3610974077253,0.46685324542721457,0.11999977327275498,100.00000000001049,110.00000000003834,0.4999999999996644,54.99999440652489,0.120001023261465,0.0015,0.0019,0.0113,0.0079
203,1762837408.7052217,-0.0001608779383921566,-0.00023467180218344485,0.22733484091986003,-4.818316800137491e-08,3.3694359845857016e-07,-0.00018147181593849304,0.001344691850306421,-1.0755834957016523e-09,0.0,0.0,0.0,1.0,0.0,0.0,0.0,0.0,0.0,0.0,0.0,0.0,0.0,-0.001,-0.001,1.067,1.0,0.0,-0.0,-0.0,-0.0,-0.0,-0.024,-0.0,0.0,0.0,-0.001000104738823743,-0.0009999150244890719,1.0650104864831067,0.9999999998903607,-9.711766097801859e-06,-1.2258734841889112e-05,6.066095355672775e-10,-5.519227951435711e-06,4.3906458722243675e-06,-0.035528155317213324,-0.0005215486110946241,-0.0006673954510441486,3.1729205666034204e-08,0.0,0.0,1.0,1.0,0.0,0.0,0.0,42.37335935330673,0.46666750745935753,0.11999973559265363,100.00000000001401,110.00000000004323,0.4999999999996775,54.999994293590284,0.1200011061155339,0.0017,0.002,0.0131,0.0188
204,1762837408.7759132,-0.00016082073983524463,-0.00042115188720459737,0.22753670044767674,-7.225414707271633e-08,2.859927845598985e-07,-0.0009324004251057628,0.0010092976390836984,-1.2035489535670713e-07,0.0,0.0,0.0,1.0,0.0,0.0,0.0,0.0,0.0,0.0,0.0,0.0,0.0,-0.001,-0.001,1.066,1.0,-0.0,0.0,-0.0,-0.0,-0.0,-0.027,-0.0,0.0,0.0,-0.001000124051957291,-0.0009999149568761985,1.0638410878299878,0.9999999998647552,-9.708808834100981e-06,-1.44200948920209e-05,5.899016837434604e-10,-6.505827037220705e-06,4.3940782467361615e-06,-0.03766982517014456,-0.0005214248063450471,-0.0007825632791109867,3.020426257548794e-08,0.0,0.0,1.0,1.0,0.0,0.0,0.0,42.384947332497156,0.46649207406725046,0.1199996492774821,100.00000000001282,110.0000000000355,0.49999999999967065,54.999994203271655,0.12000108418408689,0.0041,0.0034,0.0166,0.0148
205,1762837408.8334868,-0.00016129149945272436,-0.00045285890502660573,0.22592216287346295,-6.941558417778265e-08,-2.353798087398654e-06,-0.00015853508911004162,-0.008072687871068851,1.4192814474668357e-08,0.0,0.0,0.0,1.0,0.0,0.0,0.0,0.0,0.0,0.0,0.0,0.0,0.0,-0.001,-0.001,1.065,1.0,-0.0,0.0,-0.0,-0.0,-0.0,-0.008,-0.0,0.0,0.0,-0.00100022287669103,-0.0009999148924761598,1.0641121643936122,0.9999999996289253,-9.705436314197679e-06,-2.67388712874744e-05,8.980295219496213e-10,-1.200951031794151e-05,4.397341227459665e-06,-0.018548696510028686,-0.0005212459053720061,-0.0014776557908847971,4.6125930042897616e-08,0.0,0.0,1.0,1.0,0.0,0.0,0.0,42.39867710198759,0.46628409582713376,0.11999976386422002,100.00000000001269,110.00000000003271,0.4999999999996604,54.99999403196168,0.12000132260092666,0.002,0.0025,0.0127,0.0136
206,1762837408.9006374,-0.00016068168806859925,-0.0004736527959470381,0.22770789432991492,-6.184777470127291e-08,3.0490569206255793e-06,-0.00010396945460216178,0.008928657282259883,3.783904738254868e-08,0.0,0.0,0.0,1.0,0.0,0.0,0.0,0.0,0.0,0.0,0.0,0.0,0.0,-0.001,-0.001,1.064,1.0,-0.0,0.0,-0.0,-0.0,-0.0,-0.022,-0.0,0.0,-0.0,-0.0010002377134631275,-0.0009999153353055128,1.0620306305157758,0.999999999619252,-9.737562842331422e-06,-2.7555534266394163e-05,8.141849506270045e-10,-1.235883505382787e-05,4.373387725181842e-06,-0.037255595211655564,-0.000523089109795286,-0.0014870178115065783,4.052906644860305e-08,0.0,0.0,1.0,1.0,0.0,0.0,0.0,42.41070989863728,0.46610205240566965,0.11999972638838487,100.00000000001378,110.00000000002777,0.49999999999967065,54.99999387848533,0.12000145309925382,0.0027,0.0026,0.0112,0.0152
207,1762837408.9679751,-0.00016106516562064147,-0.0007114840226776695,0.22660095890750595,-9.49048403583866e-08,-1.9173877602110816e-06,-0.0011891561336531574,-0.005534677112044972,-1.652853282855684e-07,0.0,0.0,0.0,1.0,0.0,0.0,0.0,0.0,0.0,0.0,0.0,0.0,0.0,-0.001,-0.001,1.063,1.0,-0.0,0.0,-0.0,-0.0,-0.0,-0.017,-0.0,0.0,-0.0,-0.001000251291600045,-0.0009999147519897025,1.0615667002471103,0.9999999995909808,-9.693094103464228e-06,-2.8733120467751552e-05,6.993221704769738e-10,-1.3045733528702319e-05,4.405270143457128e-06,-0.02567354938007274,-0.0005204599185939607,-0.0015478309221717537,3.3896683288182424e-08,0.0,0.0,1.0,1.0,0.0,0.0,0.0,42.422835437076195,0.4659187849332445,0.11999961870776577,100.00000000001367,110.00000000002862,0.4999999999996631,54.9999937639483,0.12000145852382937,0.0015,0.0018,0.011,0.0175
208,1762837409.0388165,-0.00016061981222775134,-0.0006069341437364712,0.227938404842944,-7.05976196185145e-08,2.2267669644506914e-06,0.0005227493947059917,0.006687229677190168,1.215361036993605e-07,0.0,0.0,0.0,1.0,0.0,0.0,0.0,0.0,0.0,0.0,0.0,0.0,0.0,-0.001,-0.001,1.062,1.0,-0.0,-0.0,-0.0,-0.0,-0.0,-0.027,-0.0,-0.005,-0.0,-0.00100241721019177,-0.000999915119746221,1.059783003919836,0.999999986150501,-9.72328325304049e-06,-0.00016618584049143308,6.815146178877058e-10,-0.00010693177360515824,4.384988510747031e-06,-0.03961849608774865,-0.0005223026668870442,-0.004794982119906448,6.194051503543662e-08,0.0,0.0,1.0,1.0,0.0,0.0,0.0,42.43366631572017,0.4657552346151496,0.11999923388133361,100.00000000001407,110.00000000002413,0.4999999999996595,54.99999407515916,0.1200010816241867,0.0017,0.0017,0.0125,0.0207
209,1762837409.1018343,-0.00016115224170612757,-0.0006314394852815851,0.22627498989970193,-4.7427995341730825e-08,-2.662147391881153e-06,-0.0001225267077255691,-0.008317074716210304,1.1584812138391834e-07,0.0,0.0,0.0,1.0,0.0,0.0,0.0,0.0,0.0,0.0,0.0,0.0,0.0,-0.001,-0.001,1.061,1.0,-0.0,-0.0,-0.0,-0.0,-0.0,-0.013,0.0,-0.003,0.0,-0.0010015575148016468,-0.0009999146798175818,1.059857613900442,0.9999999940594391,-9.690586279809863e-06,-0.00010882538891396275,4.871674721833138e-10,-6.899335202218306e-05,4.408826865352057e-06,-0.021019865865016203,-0.0005203616291191134,-0.0033113633990082044,3.868539590914727e-08,0.0,0.0,1.0,1.0,0.0,0.0,0.0,42.44579710781366,0.4655720876464253,0.11999974241342254,100.00000000001685,110.00000000001708,0.49999999999965794,54.99999411225107,0.12000162612964888,0.0047,0.0026,0.0162,0.0091
210,1762837409.1616518,-0.00016079411581179748,-0.0008860045829311544,0.22721869553522075,-8.255455861748801e-08,1.7906294716504173e-06,-0.0012728254882478462,0.004718528177594043,-1.756328163787859e-07,0.0,0.0,0.0,1.0,0.0,0.0,0.0,0.0,0.0,0.0,0.0,0.0,0.0,-0.001,-0.001,1.06,1.0,-0.0,-0.0,-0.0,-0.0,-0.0,-0.016,-0.0,-0.003,0.0,-0.0010015560818204471,-0.0009999151852364688,1.0584802694318058,0.9999999937986424,-9.729572965053401e-06,-0.00011121873704785019,1.6133038357799764e-10,-6.931520678364679e-05,4.38123965008668e-06,-0.02978213979036866,-0.0005226737516839965,-0.0034686734121653334,2.0228272709459426e-08,0.0,0.0,1.0,1.0,0.0,0.0,0.0,42.45763818496185,0.4653934304556451,0.12000039837846499,100.00000000001288,110.00000000001634,0.4999999999996453,54.99999406663753,0.12000265226072425,0.0016,0.002,0.0113,0.0109
211,1762837409.2369905,-0.0001609058973712751,-0.0006559698909626193,0.22692062681858316,-3.498712589023124e-08,-5.589077973881546e-07,0.0011501734598426754,-0.0014903435831879648,2.378371636362838e-07,0.0,0.0,0.0,1.0,0.0,0.0,0.0,0.0,0.0,0.0,0.0,0.0,0.0,-0.001,-0.001,1.059,1.0,-0.0,-0.0,-0.0,-0.001,-0.0,-0.017,0.0,-0.002,0.0,-0.0010679569816950778,-0.000999914835075505,1.0575357511030243,0.9999999946548228,-9.701525317363352e-06,-0.00010389970328029636,7.441748644448963e-10,-0.0010598951214763103,4.400517425678816e-06,-0.02672874666103256,-0.0005209692486917013,-0.003963571242060289,4.606733850071844e-08,0.0,0.0,1.0,1.0,0.0,0.0,0.0,42.46897188575088,0.46522264170536765,0.12000034077844188,100.00000000001151,110.00000000001242,0.49999999999964173,54.99999401529451,0.12000271444662239,0.0024,0.0037,0.0124,0.0151
212,1762837409.3164904,-0.00016095779039403135,-0.0005676092177341469,0.22665341269658204,3.2648213441217947e-09,-2.5946511378116066e-07,0.0004418033661423631,-0.0013360706100056276,1.9125973617176518e-07,0.0,0.0,0.0,1.0,0.0,0.0,0.0,0.0,0.0,0.0,0.0,0.0,0.0,-0.001,-0.001,1.059,1.0,-0.0,-0.0,-0.0,-0.001,-0.0,-0.013,0.0,-0.002,0.0,-0.0010678328591701529,-0.0009999149424677106,1.0577632215886734,0.9999999962664244,-9.711600422513348e-06,-8.658271317620752e-05,4.884038052696732e-11,-0.0010521961332547588,4.394533000165242e-06,-0.02409289610609208,-0.0005216150854491375,-0.0029254941742082137,7.70206078512456e-09,0.0,0.0,1.0,1.0,0.0,0.0,0.0,42.48070349466595,0.46504603601432465,0.12000091703448187,100.00000000000799,110.00000000001674,0.4999999999996342,54.999993902300325,0.1200036023160883,0.0025,0.011,0.0143,0.0198
213,1762837409.3642817,-0.00016090148819421397,-0.000803127961497647,0.22677294479866916,-2.0655041593259694e-08,2.8151099908688224e-07,-0.0011775937188175005,0.0005976605104357074,-1.1959931468690744e-07,0.0,0.0,0.0,1.0,0.0,0.0,0.0,0.0,0.0,0.0,0.0,0.0,0.0,-0.001,-0.001,1.058,1.0,-0.0,-0.0,-0.0,-0.001,-0.0,-0.013,0.0,-0.001,-0.0,-0.0010673758048992384,-0.0009999149908833502,1.0567444238472232,0.9999999983327182,-9.714200685905147e-06,-5.794146608078282e-05,-3.45985339646988e-10,-0.0010326838337262033,4.3919181292055955e-06,-0.024649132946463276,-0.0005217417291052547,-0.00225551782628388,-1.924246505237001e-08,0.0,0.0,1.0,1.0,0.0,0.0,0.0,42.492300581034726,0.4648717584239594,0.1200014892194606,100.00000000001117,110.00000000002055,0.4999999999996455,54.99999362866379,0.12000497899277254,0.0019,0.002,0.01,0.0149
214,1762837409.4392092,-0.00016087740789468336,-0.0003099046150059544,0.22683393348717815,5.875798052831767e-08,1.2040149765315004e-07,0.0024661167324584628,0.0003049434425449818,3.970651106078868e-07,0.0,0.0,0.0,1.0,0.0,0.0,0.0,0.0,0.0,0.0,0.0,0.0,0.0,-0.002,-0.001,1.057,1.0,-0.0,-0.0,-0.0,-0.002,-0.0,-0.014,0.0,-0.001,-0.0,-0.0021341677576210295,-0.0009999149297861966,1.0556997513460096,0.9999999972800829,-9.709890917472867e-06,-7.444955823713519e-05,1.1072070891701282e-13,-0.002040012442026097,4.395316225495138e-06,-0.024932175309414183,-0.0005214865199093028,-0.0032143273643053744,-4.10088111679576e-10,0.0,0.0,1.0,1.0,0.0,0.0,0.0,42.503567573814536,0.4647028198466545,0.12000130421336419,100.00000000001208,110.00000000002379,0.4999999999996401,54.99999352904246,0.12000507514073108,0.0029,0.0034,0.0137,0.017
215,1762837409.5002332,-0.00016084130205742435,-0.00019397084019641745,0.22693449964025958,1.0432561726805093e-07,1.8052918629516811e-07,0.0005796688740476856,0.000502830765406987,2.2783818369866624e-07,0.0,0.0,0.0,1.0,0.0,0.0,0.0,0.0,0.0,0.0,0.0,0.0,0.0,-0.002,-0.001,1.056,1.0,-0.0,-0.0,-0.0,-0.002,-0.0,-0.015,0.0,0.003,-0.0,-0.002132267252411689,-0.000999914900682102,1.0546448120816225,0.9999999983793763,-9.7086705342835e-06,5.772974334086122e-05,-7.142617416598525e-10,-0.0019547898911813784,4.396824682805177e-06,-0.025591345233247947,-0.000521428077456281,0.0007003661481628565,-6.151147699926661e-08,0.0,0.0,1.0,1.0,0.0,0.0,0.0,42.514508852456466,0.4645391590995898,0.1200007853735425,100.00000000000948,110.00000000003038,0.4999999999996401,54.9999934833972,0.1200042720506332,0.0025,0.0025,0.0121,0.0143
216,1762837409.5714724,-0.00016103162826935628,-0.0004480156916395503,0.22627127173183723,9.535698658339337e-08,-9.516310596597265e-07,-0.0012702242572156632,-0.003316139542111851,-4.484315342328775e-08,0.0,0.0,0.0,1.0,0.0,0.0,0.0,0.0,0.0,0.0,0.0,0.0,0.0,-0.002,-0.001,1.055,1.0,-0.0,-0.0,-0.0,-0.001,-0.0,-0.007,0.0,0.001,-0.0,-0.0020663590447292796,-0.0009999148567391121,1.0541852398672973,0.9999999998859913,-9.706503017908034e-06,1.342776053715585e-05,-1.4450139757247535e-09,-0.000987527107009895,4.399113770770265e-06,-0.01737342017906771,-0.0005213086821533404,-8.96870353017447e-05,-8.846811712858497e-08,0.0,0.0,1.0,1.0,0.0,0.0,0.0,42.52625787204256,0.4643638582552729,0.12000085597996467,100.00000000001316,110.00000000002652,0.49999999999964284,54.999992829034845,0.12000575082523118,0.0014,0.0017,0.0108,0.0219
217,1762837409.641359,-0.00016076731844357376,0.00019295010837771067,0.22701938865476598,1.9360427926456282e-07,1.3215491289126258e-06,0.0032048290000863053,0.003740584614643749,4.912364634058472e-07,0.0,0.0,0.0,1.0,0.0,0.0,0.0,0.0,0.0,0.0,0.0,0.0,0.0,-0.002,-0.001,1.055,1.0,-0.0,-0.0,-0.0,-0.003,-0.0,-0.014,0.0,0.002,-0.0,-0.0021994184254871007,-0.0009999150305359894,1.0536615901270374,0.9999999998093984,-9.719473103548457e-06,1.9787023087503825e-05,-1.2291428262325992e-09,-0.002978056499068026,4.389696070086391e-06,-0.026193845861411564,-0.0005220559054885505,-0.000667315580250022,-8.347194760249889e-08,0.0,0.0,1.0,1.0,0.0,0.0,0.0,42.5371024414986,0.4642025191842317,0.12000179741334976,100.00000000001334,110.00000000002277,0.49999999999964034,54.999992879141374,0.12000593008693283,0.0023,0.0025,0.0144,0.018
218,1762837409.7046118,-0.00016103791190415627,0.00015920924800367478,0.22617300132102494,2.40733153252415e-07,-1.352967302912665e-06,-0.00016870430187017772,-0.004231936668705291,2.3564436993926078e-07,0.0,0.0,0.0,1.0,0.0,0.0,0.0,0.0,0.0,0.0,0.0,0.0,0.0,-0.002,-0.001,1.054,1.0,-0.0,-0.0,-0.0,-0.001,-0.0,-0.007,-0.0,0.001,-0.0,-0.0020661535173066487,-0.000999914780231938,1.0532112006986705,0.9999999991339673,-9.700225196503147e-06,4.049881274198468e-05,-2.616275651756836e-09,-0.0009755166017584708,4.4033445871583375e-06,-0.016497119462628378,-0.0005209212457806462,0.0014812704784867617,-1.4988074014598623e-07,0.0,0.0,1.0,1.0,0.0,0.0,0.0,42.54852966363986,0.46403310482541943,0.12000194603039556,100.00000000001486,110.00000000001805,0.4999999999996589,54.999992050074525,0.1200068959775472,0.0022,0.0024,0.0141,0.0166
219,1762837409.7741175,-0.00016083543380225477,0.00043715574862951,0.22671423741970348,3.038919910941653e-07,1.0123905095075938e-06,0.0013897325031291766,0.0027061804933927788,3.157941892087519e-07,0.0,0.0,0.0,1.0,0.0,0.0,0.0,0.0,0.0,0.0,0.0,0.0,0.0,-0.002,-0.001,1.053,1.0,-0.0,-0.0,-0.0,-0.002,-0.0,-0.009,-0.0,0.001,0.0,-0.002132840362580153,-0.0009999150327194629,1.0519897817998665,0.9999999993913274,-9.720260095163213e-06,3.3681300959689114e-05,-3.2094600428744696e-09,-0.0019783389902970155,4.38955207017968e-06,-0.02137612139421311,-0.0005221166547751155,0.0009647296317756059,-1.8281470774910184e-07,0.0,0.0,1.0,1.0,0.0,0.0,0.0,42.559695382054564,0.4638681850008548,0.12000151671476333,100.00000000001987,110.0000000000156,0.4999999999996608,54.99999158506915,0.12000699847496284,0.0046,0.0026,0.0157,0.0152
220,1762837409.8361654,-0.0001608810187867582,0.0009177157825984865,0.22659989370478925,4.0172959260145627e-07,-2.2792492251720716e-07,0.002402800169844882,-0.0005717185745712505,4.891880075364549e-07,0.0,0.0,0.0,1.0,0.0,0.0,0.0,0.0,0.0,0.0,0.0,0.0,0.0,-0.002,-0.001,1.052,1.0,-0.0,-0.0,-0.0,-0.002,-0.0,-0.01,-0.0,0.0,0.0,-0.0021331018303096857,-0.0009999148269488176,1.050994817065506,0.99999999958241,-9.704708381632911e-06,2.8351223847136163e-05,-4.0975456740798e-09,-0.0019873007426648506,4.400814236257098e-06,-0.02001852631847149,-0.0005211757749973111,0.0015846401831767435,-2.226832326473059e-07,0.0,0.0,1.0,1.0,0.0,0.0,0.0,42.57046700035383,0.463709755206611,0.1200011413986688,100.00000000001992,110.00000000001282,0.49999999999967665,54.99999081466938,0.12000734582430592,0.0031,0.0047,0.0108,0.0147
221,1762837409.8959868,-0.00016054781598492457,0.0016538532163095192,0.22769902735440348,5.012354854770738e-07,1.6660140091681141e-06,0.003680687168555162,0.005495668248071057,4.97529464378087e-07,0.0,0.0,0.0,1.0,0.0,0.0,0.0,0.0,0.0,0.0,0.0,0.0,0.0,-0.003,-0.001,1.051,1.0,-0.0,-0.0,-0.0,-0.003,-0.0,-0.022,-0.0,0.004,0.0,-0.0031978736751040442,-0.000999914865244464,1.0491948800510698,0.9999999878343242,-9.709213907585873e-06,0.00015603744520387313,-4.977529441346546e-09,-0.0029037782431856015,4.398600858836166e-06,-0.03211949002713792,-0.0005214728799237199,0.005140750259303357,-2.9162357207795197e-07,0.0,0.0,1.0,1.0,0.0,0.0,0.0,42.57955452994884,0.4635765683852632,0.12000130336914476,100.0000000000171,110.00000000000806,0.49999999999966943,54.99999072972095,0.12000772775355228,0.0016,0.0023,0.0121,0.0113
222,1762837409.9598873,-0.00016084403335561395,0.0020698752832369383,0.2268361978378874,5.902905577980847e-07,-1.4810868534469146e-06,0.002080110334637097,-0.004314147582580509,4.4527536160505473e-07,0.0,0.0,0.0,1.0,0.0,0.0,0.0,0.0,0.0,0.0,0.0,0.0,0.0,-0.003,-0.001,1.05,1.0,-0.0,0.0,-0.0,-0.003,-0.0,-0.016,-0.0,0.005,0.0,-0.003197056524138969,-0.000999914535753324,1.0487088812181793,0.9999999745385508,-9.68638068363692e-06,0.0002265851714696619,-6.034023123708117e-09,-0.002864668220850229,4.41626083566325e-06,-0.022526603540227987,-0.0005201622135061941,0.008149989867735602,-3.48313880918641e-07,0.0,0.0,1.0,1.0,0.0,0.0,0.0,42.58898304557098,0.4634388150209039,0.12000296667967537,100.0000000000155,110.00000000000169,0.4999999999996872,54.999989700984784,0.12001126997244788,0.0013,0.0026,0.0114,0.0083
223,1762837410.0253508,-0.00016058723489034907,0.0026967122155594535,0.22757755787000428,6.718537025027017e-07,1.2839923263244452e-06,0.0031341846616125754,0.0037068001605845124,4.078157235230849e-07,0.0,0.0,0.0,1.0,0.0,0.0,0.0,0.0,0.0,0.0,0.0,0.0,0.0,-0.003,-0.001,1.049,1.0,-0.0,0.0,-0.0,-0.003,-0.0,-0.02,0.0,0.006,0.0,-0.003196440380387421,-0.0009999148099568106,1.0473497129883538,0.9999999629604436,-9.708330780459078e-06,0.00027373096619946627,-7.032242195175862e-09,-0.0028374012109695815,4.401115295898131e-06,-0.029595322730846436,-0.0005214824361313447,0.009774057185732045,-4.062873083587601e-07,0.0,0.0,1.0,1.0,0.0,0.0,0.0,42.59784456044454,0.4633095959645793,0.12000357761053193,100.00000000001391,110.0000000000068,0.4999999999996901,54.999988739038514,0.12001441806896607,0.005,0.0016,0.0083,0.008
224,1762837410.101634,-0.00016085699080108464,0.003167348299149649,0.2267383986858759,7.257506701176944e-07,-1.348779553677769e-06,0.0023531804179509775,-0.004195795920642002,2.6948483807496403e-07,0.0,0.0,0.0,1.0,0.0,0.0,0.0,0.0,0.0,0.0,0.0,0.0,0.0,-0.003,-0.001,1.048,1.0,-0.0,0.0,-0.0,-0.002,-0.0,-0.013,0.0,0.006,-0.0,-0.0031294236262903313,-0.0009999145524034036,1.0468998630849122,0.999999951864464,-9.688629061879382e-06,0.0003130471441116112,-7.953753613504975e-09,-0.0018187813506273113,4.415133755545725e-06,-0.019851877034215957,-0.0005203015696274029,0.011932653199054847,-4.502664327122108e-07,0.0,0.0,1.0,1.0,0.0,0.0,0.0,42.60723710525704,0.46317289944830237,0.12000370972294613,100.0000000000126,110.000000000011,0.4999999999996748,54.99998705180378,0.12001838588646166,0.0016,0.0027,0.0108,0.0172
225,1762837410.166059,-0.00016038204504310774,0.0037861168366326425,0.22823549137002458,8.286745943032915e-07,2.374728789884589e-06,0.0030938426874149655,0.007485463420743441,5.146196209279847e-07,0.0,0.0,0.0,1.0,0.0,0.0,0.0,0.0,0.0,0.0,0.0,0.0,0.0,-0.003,-0.001,1.046,1.0,-0.0,0.001,-0.0,-0.003,-0.0,-0.025,0.0,0.008,-0.0,-0.0031532227179346633,-0.0009999148075281873,1.0440215951698968,0.9999997020681808,-9.708307595427825e-06,0.001263238115472727,8.072734395423411e-10,-0.001541974910194604,4.401206242298329e-06,-0.0344361369048544,-0.0005214756731012469,0.007549279111099319,-5.265437499818712e-07,0.0,0.0,1.0,1.0,0.0,0.0,0.0,42.615009971701085,0.4630598692076452,0.12000487260432435,100.00000000001438,110.0000000000072,0.49999999999967026,54.99998640386803,0.12002220466034737,0.0022,0.007,0.0104,0.0109
226,1762837410.2544453,-0.00016091515877204328,0.0042319936076873794,0.22659264754758426,8.715449712633851e-07,-2.6655686446776803e-06,0.0022293838552736867,-0.008214219112201519,2.1435188480046823e-07,0.0,0.0,0.0,1.0,0.0,0.0,0.0,0.0,0.0,0.0,0.0,0.0,0.0,-0.003,-0.001,1.046,1.0,-0.0,0.001,-0.0,-0.001,-0.0,-0.013,0.0,0.008,-0.0,-0.003019185542321908,-0.000999914339879303,1.0449779596341604,0.9999996530141652,-9.673996136447204e-06,0.0013016220794254596,-5.321121468816166e-10,0.0004880045321600146,4.426557324160972e-06,-0.01740239271086237,-0.0005194676494946482,0.00964384096268202,-5.946417916631842e-07,0.0,0.0,1.0,1.0,0.0,0.0,0.0,42.623823150738325,0.4629317925627323,0.12000568555973351,100.00000000001438,110.00000000000283,0.4999999999996736,54.99998531598429,0.12002608232616256,0.0017,0.0021,0.0124,0.0361
227,1762837410.2992592,-0.00016051051035954704,0.0048456071691330965,0.22772744504798054,9.124993841549713e-07,2.023242062481256e-06,0.0030680678072285885,0.005673987501981353,2.0477206445793065e-07,0.0,0.0,0.0,1.0,0.0,0.0,0.0,0.0,0.0,0.0,0.0,0.0,0.0,-0.003,-0.001,1.045,1.0,-0.0,0.001,-0.0,-0.0,-0.0,-0.018,0.0,0.008,-0.0,-0.002952690507385963,-0.0009999148556833891,1.0434673287824925,0.999999619500451,-9.712948412509116e-06,0.0013272969038672711,-8.626383383079014e-10,0.0014857834752262395,4.3983317744647095e-06,-0.028187256861797478,-0.0005217850360187276,0.010984277692527791,-6.089535618375486e-07,0.0,0.0,1.0,1.0,0.0,0.0,0.0,42.63209593164041,0.4628115323407114,0.12000700753938588,100.00000000001302,110.00000000000072,0.49999999999967176,54.99998387083275,0.1200317314452167,0.0021,0.0022,0.0095,0.0165
228,1762837410.3591204,-0.00016096752695873092,0.006227481952562837,0.22629878153957894,1.0237344362547517e-06,-2.2850829959194185e-06,0.006909373917148701,-0.0071433175420080475,5.561752604989016e-07,0.0,0.0,0.0,1.0,0.0,0.0,0.0,0.0,0.0,0.0,0.0,0.0,0.0,-0.003,-0.001,1.044,1.0,-0.0,0.001,-0.0,0.0,-0.0,-0.006,-0.0,0.004,-0.0,-0.0029537024384207393,-0.0009999144585984337,1.0433946542910686,0.9999996968398164,-9.681361473166723e-06,0.0012682490053738027,-1.6440409034729068e-09,0.0014436535291689906,4.420138603973649e-06,-0.01195069510907814,-0.0005198806529752955,0.01119714729855171,-6.203117178400611e-07,0.0,0.0,1.0,1.0,0.0,0.0,0.0,42.641477426053775,0.4626752399075907,0.12000707931950991,100.00000000001411,110.00000000000298,0.4999999999996704,54.99997796275228,0.12003988406795571,0.0016,0.002,0.011,0.0079
229,1762837410.425531,-0.00016057026063467632,0.00634690041129528,0.22742010497084936,1.001288130958539e-06,1.9863316202728995e-06,0.0005970922936622165,0.005606617156352334,-1.1223152648106418e-07,0.0,0.0,0.0,1.0,0.0,0.0,0.0,0.0,0.0,0.0,0.0,0.0,0.0,-0.003,-0.001,1.043,1.0,-0.0,0.002,-0.0,0.002,-0.0,-0.012,-0.0,0.01,-0.0,-0.002775763118320567,-0.0009999149006962537,1.0418445385704789,0.9999991745354903,-9.71437562308668e-06,0.002377230007982202,6.87149767258242e-09,0.00480494839419666,4.396101210278223e-06,-0.02283413295265694,-0.0005218455832134698,0.012201300576395381,-7.29630914182091e-07,0.0,0.0,1.0,1.0,0.0,0.0,0.0,42.65018405359659,0.46254878728871845,0.12001066055435185,100.00000000001538,110.00000000000465,0.4999999999996832,54.99997187721254,0.12005298036407311,0.0018,0.002,0.0103,0.0086
230,1762837410.4925463,-0.00016080487891464035,0.0071530021031076165,0.2267530213994184,1.0003347410535857e-06,-1.173091399820096e-06,0.004030508459061686,-0.0033354178571549827,-4.766949524767092e-09,0.0,0.0,0.0,1.0,0.0,0.0,0.0,0.0,0.0,0.0,0.0,0.0,0.0,-0.003,-0.001,1.042,1.0,-0.0,0.002,-0.0,0.003,-0.0,-0.009,-0.0,0.007,-0.0,-0.002709684847786173,-0.0009999145244802123,1.0411776562388213,0.9999993496314545,-9.683102252934188e-06,0.0023025372720890626,7.031880199199347e-09,0.005772030527691357,4.4167593700091035e-06,-0.015460231423655475,-0.0005199784313603626,0.01041854476639388,-6.969183162043922e-07,0.0,0.0,1.0,1.0,0.0,0.0,0.0,42.6588801271062,0.4624226352562384,0.12001143921743669,100.00000000001394,110.00000000000891,0.4999999999996798,54.99996301727232,0.1200683047771735,0.0015,0.0016,0.011,0.0093
231,1762837410.561002,-0.00016016316554423956,0.005266098166815579,0.22880539732029703,8.111772287624846e-07,3.208566852003962e-06,-0.009434519681460191,0.010261879604393261,-9.457875614555059e-07,0.0,0.0,0.0,1.0,0.0,0.0,0.0,0.0,0.0,0.0,0.0,0.0,0.0,-0.003,-0.001,1.042,1.0,-0.0,0.002,-0.0,0.018,-0.0,-0.031,-0.0,0.03,-0.0,-0.0017001285772668773,-0.0009999147566283114,1.039656385743216,0.9999977500575414,-9.700469992100268e-06,0.0029152167644510164,9.388894070624186e-09,0.02118724313785706,4.404017055243191e-06,-0.03937175156214546,-0.0005210535487180389,0.024233611598956453,-6.983469500865111e-07,0.0,0.0,1.0,1.0,0.0,0.0,0.0,42.664762749127554,0.4623372090207371,0.12001876552149313,100.00000000001435,110.00000000000374,0.49999999999967576,54.99998475565725,0.12005794336699821,0.0015,0.0016,0.012,0.0102
232,1762837410.6235468,-0.00016111686489536612,0.008301893702471577,0.22585964459754032,9.339564315045771e-07,-4.768496755632769e-06,0.015178977678279982,-0.014728763613783488,6.138960137104629e-07,0.0,0.0,0.0,1.0,0.0,0.0,0.0,0.0,0.0,0.0,0.0,0.0,0.0,-0.002,-0.001,1.041,1.0,-0.0,0.002,-0.0,0.009,-0.0,-0.004,-0.0,0.003,0.0,-0.0013113044023944083,-0.0009999141440429162,1.0406529383143999,0.9999997405145354,-9.655913638020977e-06,0.0021258729915708836,9.091236898559498e-09,0.011685601278783738,4.437057462340597e-06,-0.006076940644746735,-0.0005184681688218887,0.003830032608467015,-5.661299545514558e-07,0.0,0.0,1.0,1.0,0.0,0.0,0.0,42.67346247894455,0.4622110761613795,0.12004416470077532,100.00000000001307,110.00000000000628,0.49999999999968653,54.99997388022133,0.12010620447084927,0.0018,0.0019,0.0084,0.0093
233,1762837410.6950781,-0.00016063262518677368,0.008533925547649946,0.227050627962493,9.191386634367192e-07,2.421198542962191e-06,0.0011601592258918434,0.005954916824763401,-7.408884033928934e-08,0.0,0.0,0.0,1.0,0.0,0.0,0.0,0.0,0.0,0.0,0.0,0.0,0.0,-0.002,-0.001,1.041,1.0,-0.0,0.003,-0.0,0.011,-0.0,-0.005,-0.0,0.01,-0.0,-0.0011331724688846483,-0.0009999150917036816,1.0402626800652754,0.99999875966929,-9.719271734700638e-06,0.003388312507000786,1.7860229191614377e-08,0.01508473751061657,4.385685538980378e-06,-0.017521420205474526,-0.0005222409713910532,0.013165013445566262,-6.545224223859093e-07,0.0,0.0,1.0,1.0,0.0,0.0,0.0,42.682445274283225,0.4620808104545908,0.12004412407529973,100.00000000001317,110.00000000000976,0.49999999999966943,54.999960593899964,0.12012609637143658,0.0021,0.0021,0.0127,0.009
234,1762837410.762775,-0.00016086902855725336,0.00998169906530426,0.22636344837554528,9.100823835499524e-07,-1.1820168523983456e-06,0.007238867588271569,-0.0034358979347386583,-4.5281399433833214e-08,0.0,0.0,0.0,1.0,0.0,0.0,0.0,0.0,0.0,0.0,0.0,0.0,0.0,-0.001,-0.001,1.041,1.0,0.0,0.003,-0.0,0.01,-0.0,-0.004,0.0,0.008,-0.0,-0.0001995303573625425,-0.000999914636720428,1.0404878595398037,0.9999989433486588,-9.678352347112661e-06,0.00333380120190931,1.7929572127758904e-08,0.014083711133078408,4.411023903483684e-06,-0.011139699430886031,-0.0005197247957004206,0.011286486730871459,-6.347035761373533e-07,0.0,0.0,1.0,1.0,0.0,0.0,0.0,42.691239531292375,0.4619535710666042,0.12004912525528472,100.0000000000143,110.00000000000806,0.4999999999996608,54.999936661947366,0.12015888811295027,0.0027,0.0025,0.0128,0.0093
235,1762837410.8341036,-0.00016063735697886383,0.008863536150548294,0.22704436897479713,7.226177480631919e-07,1.1583578919475415e-06,-0.005590814573779842,0.0034046029962591633,-9.373231774338026e-07,0.0,0.0,0.0,1.0,0.0,0.0,0.0,0.0,0.0,0.0,0.0,0.0,0.0,-0.0,-0.001,1.04,1.0,-0.0,0.003,-0.0,0.02,-0.0,-0.008,-0.0,0.014,0.0,0.0014698641343874207,-0.0009999148966330534,1.0391454573426089,0.9999981089308688,-9.694804384662644e-06,0.003575502442784943,1.9076075163038492e-08,0.02421417457421152,4.396985881401782e-06,-0.017695946984541414,-0.0005207739607977955,0.019518828365480124,-5.937484317225208e-07,0.0,0.0,1.0,1.0,0.0,0.0,0.0,42.699539263367974,0.46183375634005547,0.12005169216759809,100.00000000001663,110.0000000000026,0.49999999999966566,54.99992289080157,0.12017768686605568,0.0016,0.002,0.0112,0.0171
236,1762837410.9011612,-0.00016077728828731944,0.009037804939008244,0.22662824557495195,6.30201060460326e-07,-6.996565422780644e-07,0.00087134394229976,-0.002080616999225909,-4.6208343801432925e-07,0.0,0.0,0.0,1.0,0.0,0.0,0.0,0.0,0.0,0.0,0.0,0.0,0.0,0.001,-0.001,1.04,1.0,-0.0,0.004,-0.0,0.022,-0.0,-0.007,-0.0,0.008,0.0,0.002642655264600156,-0.0009999146758277238,1.0392932215659774,0.9999991017909238,-9.675902173015938e-06,0.004218527629973923,3.0013815741446476e-08,0.027325189941559875,4.409029620843763e-06,-0.014059799114900549,-0.0005196571597841257,0.0047947017306735375,-5.136523571451851e-07,0.0,0.0,1.0,1.0,0.0,0.0,0.0,42.70774108770274,0.46171578252597856,0.12005904615131696,100.00000000001849,109.99999999999919,0.49999999999966316,54.999906050792546,0.12020157976605739,0.0034,0.0044,0.016,0.0086
237,1762837410.9641073,-0.00016051921241135231,0.005878619750675707,0.2274354831921255,3.3656620031633825e-07,1.2903793798356347e-06,-0.015795925941662688,0.004036188085867752,-1.4681743007199392e-06,0.0,0.0,0.0,1.0,0.0,0.0,0.0,0.0,0.0,0.0,0.0,0.0,0.0,0.003,-0.001,1.039,1.0,-0.0,0.004,-0.0,0.042,-0.0,-0.014,0.0,0.01,0.0,0.005976519698237866,-0.0009999148324086496,1.0377871830257042,0.9999988115452363,-9.684619031996603e-06,0.00428679931298042,3.1431396294788065e-08,0.047355365136307614,4.400479218474311e-06,-0.022407696788943672,-0.0005202136173143549,0.007075844541905164,-4.479979366539688e-07,0.0,0.0,1.0,1.0,0.0,0.0,0.0,42.715011984521055,0.4616114252643934,0.12008107748060445,100.00000000001424,110.00000000000118,0.4999999999996535,54.99992153238603,0.12021574232992296,0.0018,0.0021,0.0122,0.0121
238,1762837411.057289,-0.00016072551373131488,0.00552583070372051,0.22682211672825534,2.643727000934188e-07,-1.0315065998126884e-06,-0.0017639452347759871,-0.003066832319350919,-3.6096750111459696e-07,0.0,0.0,0.0,1.0,0.0,0.0,0.0,0.0,0.0,0.0,0.0,0.0,0.0,0.004,-0.001,1.039,1.0,-0.0,0.004,-0.0,0.049,-0.0,-0.011,0.0,-0.007,0.0,0.007435244183269317,-0.0009999146005223076,1.0380764711989636,1.0000013039085829,-9.663762128847152e-06,0.0036595768896255545,3.313352154804799e-08,0.05398517424956663,4.413195861153703e-06,-0.016549126371095225,-0.000519016710039408,-0.01313037830108599,-2.787795778150802e-07,0.0,0.0,1.0,1.0,0.0,0.0,0.0,42.72239798875118,0.46150580263558305,0.12014256607335953,100.00000000001776,109.99999999999805,0.49999999999965455,54.999927278180856,0.12030147509780084,0.0024,0.0114,0.0146,0.0266
239,1762837411.0873601,-0.00016082181283053255,0.01184929639146367,0.22639157304772628,7.216993302031685e-07,-4.814954960883169e-07,0.03161732843871579,-0.0021527184026452033,2.286633150548748e-06,0.0,0.0,0.0,1.0,0.0,0.0,0.0,0.0,0.0,0.0,0.0,0.0,0.0,0.006,-0.001,1.039,1.0,-0.0,0.004,-0.0,0.019,-0.0,-0.003,0.0,-0.003,0.0,0.007436165696079981,-0.00099991489969323,1.0385328578516164,1.0000009488682324,-9.668805619829014e-06,0.0037556281932732104,3.4157782828365715e-08,0.024035498526687026,4.3974053169856734e-06,-0.011069563582519879,-0.0005194259121944357,-0.010694761824846705,-2.5015853158410813e-07,0.0,0.0,1.0,1.0,0.0,0.0,0.0,42.7307771437312,0.4613868300833435,0.12015184925839352,100.00000000001717,109.99999999999368,0.4999999999996738,54.99983880166247,0.12047885728326446,0.0013,0.0012,0.0083,0.0077
240,1762837411.1604846,-0.0001606186586520331,0.007131039271113842,0.2270651764000997,3.5715057326714096e-07,1.015770892497396e-06,-0.023591285601749133,0.0033680167618670397,-1.8227437846801377e-06,0.0,0.0,0.0,1.0,0.0,0.0,0.0,0.0,0.0,0.0,0.0,0.0,0.0,0.008,-0.001,1.038,1.0,-0.0,0.004,-0.0,0.047,-0.0,-0.009,0.0,0.017,0.0,0.011314125012252109,-0.0009999151145912656,1.037104478374707,0.9999970988850511,-9.659361279432865e-06,0.004669256109699133,3.084268464766821e-08,0.05256808533608411,4.386305109512101e-06,-0.01788947131220507,-0.000518911733519396,0.023128011846399326,-4.958582644752683e-07,0.0,0.0,1.0,1.0,0.0,0.0,0.0,42.73838419697991,0.4612790626549904,0.12019571323181824,100.00000000002119,109.99999999999066,0.4999999999996557,54.999831492494835,0.12051373397785833,0.0016,0.0019,0.0117,0.0098
241,1762837411.2262735,-0.00016080111439988732,0.010102399335306943,0.22652665483555742,4.4019515285099105e-07,-9.122787392710249e-07,0.01485680032096552,-0.0026926078227113293,4.152228979192499e-07,0.0,0.0,0.0,1.0,0.0,0.0,0.0,0.0,0.0,0.0,0.0,0.0,0.0,0.01,-0.001,1.038,1.0,-0.0,0.004,-0.0,0.036,-0.0,-0.006,0.0,-0.0,-0.0,0.012571942449405215,-0.0009999149407608095,1.037380180842955,1.0000004156913365,-9.639554184646758e-06,0.0038945411616562115,3.379393709399583e-08,0.04113280887002238,4.396256428562469e-06,-0.012454652894580462,-0.0005178053515162688,-0.006711295382574909,-2.712896378830587e-07,0.006711409395973154,0.0,1.0,1.0,0.0,0.0,0.0,42.74614650565843,0.4611698491777538,0.12018578796021614,100.00000000002282,109.99999999998896,0.499999999999645,54.99978785236029,0.12052675179816907,0.0015,0.0014,0.0095,0.0118
242,1762837411.2898219,-0.00016064706450765506,0.009306967190114456,0.22695593299345837,3.6107608021049846e-07,7.702494611613441e-07,-0.003977160725962438,0.002146390789504675,-3.955953632024631e-07,0.0,0.0,0.0,1.0,0.0,0.0,0.0,0.0,0.0,0.0,0.0,0.0,0.0,0.013,-0.001,1.037,1.0,-0.0,0.004,-0.0,0.043,-0.0,-0.008,0.0,0.005,0.0,0.016041757960569447,-0.0009999151086154511,1.0361893953968486,0.9999989741359465,-9.652832704930346e-06,0.004248722028290924,3.354084187325262e-08,0.04830603082140391,4.386899369397031e-06,-0.01636099902034824,-0.0005186004073671661,0.009835834698330449,-2.8465482924251516e-07,0.013422818791946308,0.0,1.0,1.0,0.0,0.0,0.0,42.75363533931664,0.4610650179601942,0.12019466314204406,100.00000000002402,109.99999999998805,0.49999999999965056,54.999748921416554,0.1205676805639956,0.0022,0.0019,0.0073,0.0093
243,1762837411.3728018,-0.00016065457244131468,0.006037122654352977,0.22695693640093026,5.567733992358473e-08,-3.753966829826271e-08,-0.01634922267880741,5.017037359464002e-06,-1.5269937014345686e-06,0.0,0.0,0.0,1.0,0.0,0.0,0.0,0.0,0.0,0.0,0.0,0.0,0.0,0.016,-0.001,1.037,1.0,-0.0,0.004,-0.0,0.063,-0.0,-0.011,0.0,0.003,-0.0,0.020374290806929964,-0.000999914988983771,1.0360466825143644,0.9999994891484123,-9.637473314163846e-06,0.004125759712088608,3.427964026927523e-08,0.06825392522963028,4.393556418477465e-06,-0.017498451943388484,-0.0005177083819686735,0.004069115905773833,-2.427232554093219e-07,0.020134228187919462,0.0,1.0,1.0,0.0,0.0,0.0,42.760589498478076,0.4609680238540399,0.12019238593395379,100.00000000002693,109.99999999998725,0.4999999999996348,54.99975460279899,0.12057150067207302,0.0015,0.0016,0.0122,0.0217
244,1762837411.423666,-0.00016067777463010628,0.007167759885873395,0.22688631444620017,1.0723273122470865e-07,-1.1601094395801695e-07,0.005653186157602089,-0.00035310977365045,2.5777695650561926e-07,0.0,0.0,0.0,1.0,0.0,0.0,0.0,0.0,0.0,0.0,0.0,0.0,0.0,0.019,-0.001,1.036,1.0,-0.0,0.004,-0.0,0.06,-0.0,-0.009,-0.0,-0.008,0.0,0.023168012514640707,-0.0009999149983296865,1.0351771140731214,1.0000013587966694,-9.638939737507264e-06,0.0036445192167806756,3.682035680328625e-08,0.06496380577358592,4.3929092999824505e-06,-0.01565176221692905,-0.0005178230094056876,-0.013126431816453852,-6.420596152753236e-08,0.026845637583892617,0.0,1.0,1.0,0.0,0.0,0.0,42.767658340587765,0.4608701143194188,0.12024746256965883,100.00000000002792,109.99999999998845,0.4999999999996166,54.999732438222004,0.12063049649926846,0.0013,0.0017,0.0089,0.0091
245,1762837411.4987428,-0.0001607607299993541,0.012494911080111207,0.22654453346319292,5.042400521856016e-07,-4.147768462391512e-07,0.02663575597118906,-0.0017089049150360736,1.985036604804465e-06,0.0,0.0,0.0,1.0,0.0,0.0,0.0,0.0,0.0,0.0,0.0,0.0,0.0,0.023,-0.001,1.036,1.0,-0.0,0.004,-0.0,0.034,-0.0,-0.005,0.0,-0.003,0.0,0.025437310956623282,-0.0009999150834928625,1.035435837630844,1.000000530927076,-9.632311102148226e-06,0.0038650395181422576,3.644992106423336e-08,0.03909327321564307,4.388774736972056e-06,-0.011900515415827444,-0.0005174997829677528,-0.004489576879058823,-1.0354543085488237e-07,0.03355704697986577,0.0,1.0,1.0,0.0,0.0,0.0,42.77511799132964,0.46076773966214807,0.12024752068954368,100.00000000003098,109.99999999999106,0.4999999999996127,54.99962750964358,0.12068779931172985,0.0024,0.0022,0.011,0.0144
246,1762837411.5585618,-0.00016058246943827307,0.006725049185706202,0.2271274847150161,5.979696956913664e-08,8.913028054050335e-07,-0.028849309472025027,0.0029147562591157663,-2.222215413082325e-06,0.0,0.0,0.0,1.0,0.0,0.0,0.0,0.0,0.0,0.0,0.0,0.0,0.0,0.026,-0.001,1.035,1.0,-0.0,0.004,-0.0,0.067,-0.0,-0.01,0.0,0.012,0.0,0.030646052504148487,-0.0009999152106267535,1.034076220707727,0.9999975178355529,-9.633210834679536e-06,0.004578797497671652,3.346272548518448e-08,0.07250500981743291,4.3819912115311e-06,-0.017729016011906906,-0.0005175650713236897,0.022231536516666952,-3.1296384147065023e-07,0.040268456375838924,0.0,1.0,1.0,0.0,0.0,0.0,42.78192141505359,0.4606745638688705,0.12034760888754692,100.00000000003686,109.99999999999169,0.4999999999995953,54.99960415926639,0.12078039863906746,0.0015,0.0018,0.0104,0.0093
247,1762837411.6218064,-0.00016066162754539435,0.005032438338082283,0.22692378574568955,-1.6304846774413257e-07,-3.957905356064169e-07,-0.0084630542381196,-0.001018494846632535,-1.1142271865663461e-06,0.0,0.0,0.0,1.0,0.0,0.0,0.0,0.0,0.0,0.0,0.0,0.0,0.0,0.03,-0.001,1.035,1.0,-0.0,0.004,-0.0,0.078,-0.0,-0.011,-0.0,-0.003,0.0,0.035370704186178104,-0.0009999151508994168,1.0340785794491179,1.0000008166127,-9.60715212363057e-06,0.003790173072700909,3.7410113816606414e-08,0.08307253502200619,4.3862302957220184e-06,-0.016521594421134194,-0.0005161612879863179,-0.010037813331221397,-5.1992747440905765e-08,0.04697986577181208,0.0,1.0,1.0,0.0,0.0,0.0,42.7884026193896,0.460586229165281,0.1203570380050437,100.00000000003831,109.99999999999453,0.4999999999995748,54.999610246605485,0.12078480161954273,0.0017,0.0017,0.0079,0.0081
248,1762837411.6897972,-0.00016062835088912581,0.005223944494472621,0.22701032339825525,-1.107224010018729e-07,1.6638328134265662e-07,0.0009575307819516942,0.00043268826282849733,2.6163033371129834e-07,0.0,0.0,0.0,1.0,0.0,0.0,0.0,0.0,0.0,0.0,0.0,0.0,0.0,0.034,-0.001,1.034,1.0,-0.0,0.004,-0.0,0.079,-0.0,-0.01,0.0,-0.012,0.0,0.03943256817057493,-0.0009999152308333781,1.0331200861225354,1.000001881082002,-9.612766002656508e-06,0.0034984756545942937,3.898199847603899e-08,0.08387213313457433,4.381769746420479e-06,-0.016396178441933074,-0.0005165246613311241,-0.017276592139571802,7.750843673091773e-08,0.053691275167785234,0.0,1.0,1.0,0.0,0.0,0.0,42.79491125794374,0.46049809950212833,0.12040451928998003,100.00000000003699,109.99999999999861,0.49999999999956785,54.99959480412499,0.12084911450696902,0.0018,0.0022,0.0095,0.0074
249,1762837411.7571728,-0.000160468995559939,-0.007397466691264286,0.22745658398220306,-9.425624039042953e-07,7.967766459341524e-07,-0.06310705592868454,0.0022313029197391487,-4.159200014512111e-06,0.0,0.0,0.0,1.0,0.0,0.0,0.0,0.0,0.0,0.0,0.0,0.0,0.0,0.038,-0.001,1.034,1.0,-0.0,0.004,-0.0,0.147,-0.0,-0.017,-0.0,-0.017,0.0,0.04796404864480062,-0.0009999152637342047,1.0326749597147917,1.0000022150870673,-9.60197551347454e-06,0.0034015497174277594,3.7470057393701396e-08,0.1517979664907417,4.380440809040476e-06,-0.022707369911110897,-0.0005159461708636376,-0.017883730959949516,2.1734502487160295e-08,0.060402684563758385,0.0,1.0,1.0,0.0,0.0,0.0,42.80048166086507,0.4604222612612531,0.12043564368177405,100.00000000004432,110.000000000001,0.49999999999954325,54.99976969585858,0.12086490802150397,0.0016,0.0018,0.0093,0.009
250,1762837411.8298752,-0.0001607261673004248,-0.00012003011202280003,0.2267656577588886,-3.362886322243583e-07,-1.285858702428891e-06,0.03638718289620742,-0.0034546311165724215,3.031368858399685e-06,0.0,0.0,0.0,1.0,0.0,0.0,0.0,0.0,0.0,0.0,0.0,0.0,0.0,0.042,-0.001,1.033,1.0,-0.0,0.003,-0.0,0.114,-0.0,-0.009,0.0,-0.063,0.0,0.04969651333122765,-0.0009999151808056965,1.0322491476844566,1.0000043489324737,-9.588412717366984e-06,0.0005619735021297685,3.3081433050544705e-08,0.11637698026792603,4.385043829483049e-06,-0.013430292998072036,-0.0005152056412496832,-0.0810523836499479,4.875115417637678e-07,0.06711409395973154,0.0,1.0,1.0,0.0,0.0,0.0,42.806793790942145,0.46033748519895923,0.12065059218159468,100.00000000004742,110.00000000000348,0.4999999999995304,54.999750118702785,0.12122958611871076,0.0033,0.0019,0.0123,0.009
251,1762837411.903961,-0.0001606946853882169,0.0030234339939725734,0.22677499019244823,1.2700029849674515e-07,1.5740956103946647e-07,0.015717320529976868,4.666216779798671e-05,2.3164446536055172e-06,0.0,0.0,0.0,1.0,0.0,0.0,0.0,0.0,0.0,0.0,0.0,0.0,0.0,0.047,-0.001,1.033,1.0,-0.0,0.002,-0.0,0.098,-0.0,-0.007,0.0,-0.024,0.0,0.053607432432125866,-0.0009999157670070925,1.0323067253011995,1.0000012668691116,-9.564925584690505e-06,0.001211002941433307,1.9694434584961036e-08,0.10006801080455414,4.355564285598901e-06,-0.013872131990227582,-0.000514159807384611,-0.02071164786770457,1.358827748520532e-07,0.0738255033557047,0.0,1.0,1.0,0.0,0.0,0.0,42.81336378073871,0.4602498924278751,0.12059547624762032,100.0000000000448,110.00000000000139,0.49999999999952266,54.99972775672851,0.12125935629689702,0.0025,0.0025,0.0144,0.0157
252,1762837411.9651296,-0.00016071236695207404,0.0003541311504299243,0.22672623094048,-6.321054227326575e-08,-8.840781928564191e-08,-0.013346514217713244,-0.00024379625984139418,-9.510542038500548e-07,0.0,0.0,0.0,1.0,0.0,0.0,0.0,0.0,0.0,0.0,0.0,0.0,0.0,0.052,-0.001,1.033,1.0,-0.0,0.002,-0.0,0.113,-0.0,-0.007,0.0,-0.007,0.0,0.05961614371878919,-0.0009999157061695173,1.0323181944486297,1.0000004096399684,-9.562263443468769e-06,0.001783375963085895,1.5865943096528086e-08,0.11544309106544264,4.358578896754816e-06,-0.01341969766502299,-0.0005139308581438435,-0.0050908912927600655,-1.573945367711755e-07,0.08053691275167785,0.0,1.0,1.0,0.0,0.0,0.0,42.81987521299251,0.46016342864426607,0.1209687415881176,100.000000000048,109.99999999999913,0.49999999999951406,54.99976221025966,0.12161728470621068,0.0046,0.0024,0.0135,0.0091
253,1762837412.0268695,-0.00016073167328195314,0.01107922193353845,0.22667607747290075,6.310567021993261e-07,-9.653164939550825e-08,0.053625453915542624,-0.0002507673378965014,3.4713362223629587e-06,0.0,0.0,0.0,1.0,0.0,0.0,0.0,0.0,0.0,0.0,0.0,0.0,0.0,0.057,-0.001,1.032,1.0,-0.0,0.001,-0.0,0.06,-0.0,-0.005,0.0,-0.007,-0.0,0.061039352266970597,-0.000999916213347228,1.0314476693720045,1.0000002490741007,-9.51267406577319e-06,0.0007083889941135799,9.492005958064658e-09,0.06111751442355,4.334549359460716e-06,-0.011544082682847224,-0.0005114700570469738,-0.010397927469338923,2.4905437467195432e-08,0.087248322147651,0.0,1.0,1.0,0.0,0.0,0.0,42.82651264759217,0.4600762698615834,0.12103166059950052,100.00000000004646,110.00000000000182,0.49999999999952516,54.9996894590848,0.12166570950018497,0.0021,0.0021,0.0101,0.0102
254,1762837412.0911422,-0.0001605370120697538,-0.003500766754098888,0.22731628865965417,-4.480362575983227e-07,9.733060609967833e-07,-0.0728999434381867,0.0032010559337672046,-5.395464798988243e-06,0.0,0.0,0.0,1.0,0.0,0.0,0.0,0.0,0.0,0.0,0.0,0.0,0.0,0.063,-0.001,1.032,1.0,-0.0,0.002,-0.0,0.133,-0.0,-0.013,-0.0,0.034,0.0,0.07197060999350788,-0.0009999162859823374,1.0309207855713167,0.9999965137311776,-9.506116519146958e-06,0.003312540817524631,1.463137612503868e-08,0.13640168816167594,4.331144805803541e-06,-0.01935341359150895,-0.0005111482329369452,0.044430891727853236,-3.754988920675614e-07,0.09395973154362416,0.0,1.0,1.0,0.0,0.0,0.0,42.83211597816059,0.46000257967505614,0.12138769518324215,100.00000000004587,110.00000000000034,0.49999999999950284,54.99965079874602,0.12258523076120141,0.0015,0.0018,0.0087,0.01
255,1762837412.1718135,-0.0001607875165194868,-0.002712340322696594,0.22685281830422438,-5.489488213364915e-07,-1.252522248665084e-06,0.003942132157011471,-0.0023173517771489967,-5.045628186908441e-07,0.0,0.0,0.0,1.0,0.0,0.0,0.0,0.0,0.0,0.0,0.0,0.0,0.0,0.068,-0.001,1.031,1.0,-0.0,0.002,-0.0,0.133,-0.0,-0.01,-0.0,-0.027,0.0,0.07693806943894421,-0.0009999169709525022,1.0301882379058465,1.0000016857298737,-9.40183005865159e-06,0.0007913090169070509,2.1669027678694922e-08,0.13487689447436849,4.298085076457293e-06,-0.014228942544754162,-0.0005057219324334165,-0.04554104703990289,2.5020660858080085e-07,0.10067114093959731,0.0,1.0,1.0,0.0,0.0,0.0,42.83784410352971,0.45992780339548706,0.12122038378285632,100.00000000004694,109.99999999999703,0.4999999999994819,54.99968866953779,0.12264637807853902,0.0016,0.0041,0.0103,0.0202
256,1762837412.2326539,-0.00016084626214561785,0.009842161054895647,0.22649583951155247,4.886227960493848e-07,-2.937281306551677e-07,0.06277250688796121,-0.0017848939633596014,5.187858086929381e-06,0.0,0.0,0.0,1.0,0.0,0.0,0.0,0.0,0.0,0.0,0.0,0.0,0.0,0.073,-0.001,1.031,1.0,-0.0,0.001,-0.0,0.069,-0.0,-0.004,0.0,-0.016,-0.0,0.07763408460567604,-0.0009999169942441844,1.0305298654428492,1.0000004466543941,-9.425490978774984e-06,0.00033373654320688887,1.4351479162101391e-08,0.06988704505287993,4.2956237419377515e-06,-0.01014598056822107,-0.0005070231225016257,-0.022258293857922024,3.3298249214482436e-07,0.10738255033557047,0.0,1.0,1.0,0.0,0.0,0.0,42.84429633773643,0.45984452602516285,0.12154062363163882,100.00000000004627,110.00000000000207,0.4999999999995079,54.999611205829545,0.1228397765966356,0.0024,0.0024,0.0112,0.014
257,1762837412.3040116,-0.0001607623812891506,0.004901339587538517,0.22685584605995113,1.5016519840068833e-07,4.19404282336216e-07,-0.024704107336785647,0.001800032741993053,-1.6922879882434825e-06,0.0,0.0,0.0,1.0,0.0,0.0,0.0,0.0,0.0,0.0,0.0,0.0,0.0,0.078,-0.001,1.031,1.0,0.0,0.001,-0.0,0.096,-0.0,-0.007,0.0,0.021,-0.0,0.08445578589747342,-0.0009999174247034268,1.0303035465831838,0.9999983944206792,-9.393161244657244e-06,0.0020521650426139067,5.468115920630773e-09,0.09790199473492571,4.274785570656777e-06,-0.013915614765560406,-0.0005053948970171582,0.04170988953012951,-2.7899692942709167e-07,0.11409395973154363,0.0,1.0,1.0,0.0,0.0,0.0,42.85039601591261,0.4597660997504656,0.12171268098833044,100.00000000004442,109.99999999999507,0.4999999999995138,54.99956540807491,0.1229668144912333,0.0028,0.0022,0.0141,0.0159
258,1762837412.3541086,-0.00016082148911695092,0.008940143960705943,0.22673310678422084,2.2950632517189385e-07,-2.9553913900154643e-07,0.02019402186583713,-0.0006136963786514908,3.967056338560273e-07,0.0,0.0,0.0,1.0,0.0,0.0,0.0,0.0,0.0,0.0,0.0,0.0,0.0,0.083,-0.001,1.03,1.0,0.0,0.001,-0.0,0.077,-0.0,-0.006,-0.0,0.011,-0.0,0.08818254971991886,-0.0009999174834728357,1.0294137176364375,0.9999995216999789,-9.367184932524517e-06,0.0013993268842094836,9.395298757836826e-09,0.07855304334903555,4.273290001625918e-06,-0.011503394514126974,-0.0005040505774134317,0.011202793708406931,-4.198563476069417e-08,0.12080536912751677,0.0,1.0,1.0,0.0,0.0,0.0,42.856448531278694,0.4596889422008064,0.12174398244710524,100.00000000004253,109.99999999999262,0.49999999999952977,54.99951503969237,0.1229959261763355,0.0016,0.0012,0.0082,0.0075
259,1762837412.4234874,-0.00016080650723419008,0.010064142048407766,0.22672570254850263,2.4336287364863504e-07,7.490941380410877e-08,0.005619990438509104,-3.702117859098915e-05,6.928274238370576e-08,0.0,0.0,0.0,1.0,0.0,0.0,0.0,0.0,0.0,0.0,0.0,0.0,0.0,0.088,-0.001,1.03,1.0,0.0,0.002,-0.0,0.071,-0.0,-0.006,-0.0,0.015,-0.0,0.0928283599451729,-0.0009999175560295914,1.029399945050058,0.9999984306269899,-9.36748968016238e-06,0.0026723067336626052,1.8191425047223192e-08,0.0739928478592716,4.269434830962754e-06,-0.011991189717962997,-0.0005041131335589657,0.024468795938082127,-6.72751396399069e-08,0.12751677852348994,0.0,1.0,1.0,0.0,0.0,0.0,42.862443481214825,0.45961304495083405,0.12181003263479748,100.00000000004134,109.9999999999925,0.4999999999995424,54.999432281225694,0.12312327514156719,0.0011,0.0016,0.0092,0.0095
260,1762837412.495595,-0.00016065195491144743,0.0022043296375174326,0.2272700300214216,-4.340526677226915e-07,7.727616137133517e-07,-0.03929906205445166,0.0027216373645947726,-3.3870777068566328e-06,0.0,0.0,0.0,1.0,0.0,0.0,0.0,0.0,0.0,0.0,0.0,0.0,0.0,0.094,-0.001,1.029,1.0,0.0,0.003,-0.0,0.11,-0.0,-0.012,-0.0,0.023,-0.0,0.10147438605087597,-0.000999917677597666,1.028009263079685,0.9999973111186359,-9.352595002349606e-06,0.00379187026824432,2.7797865612014982e-08,0.11439738020369239,4.263468037906561e-06,-0.017695317503691632,-0.0005033335122300637,0.023569504559561756,-1.1307173962621359e-07,0.1342281879194631,0.0,1.0,1.0,0.0,0.0,0.0,42.8675927453453,0.45954807322530933,0.12178550023919629,100.00000000004191,109.99999999999554,0.49999999999951694,54.99942558244322,0.12312892188146175,0.0018,0.0022,0.0119,0.0108
261,1762837412.5592432,-0.00016072171774371207,-0.005353002879393656,0.22705556908804939,-1.0301183540129452e-06,-3.488141613233243e-07,-0.037786662584555444,-0.0010723046668609792,-2.9803284314512674e-06,0.0,0.0,0.0,1.0,0.0,0.0,0.0,0.0,0.0,0.0,0.0,0.0,0.0,0.1,-0.001,1.029,1.0,0.0,0.003,-0.0,0.151,-0.0,-0.013,-0.0,-0.011,-0.0,0.11018995396903304,-0.0009999175027163648,1.0280034062735055,1.000001517687269,-9.3438036905935e-06,0.0024420632927182264,3.265479036159552e-08,0.15457589281017864,4.272759567283662e-06,-0.016791355428226174,-0.0005028215204306581,-0.022488235978038233,2.888486862358449e-07,0.14093959731543623,0.0,1.0,1.0,0.0,0.0,0.0,42.87244576863852,0.45948697620546997,0.12188857751068927,100.00000000004283,110.00000000000094,0.4999999999994937,54.99948654058436,0.12317873674814318,0.0019,0.0019,0.0101,0.0097
262,1762837412.6246266,-0.0001608099061752609,0.011301228046596593,0.2266815874564809,2.7660259989955516e-07,-4.409421577440632e-07,0.08327115462995124,-0.0018699081578424552,6.5336047695625004e-06,0.0,0.0,0.0,1.0,0.0,0.0,0.0,0.0,0.0,0.0,0.0,0.0,0.0,0.106,-0.001,1.028,1.0,0.0,0.002,-0.0,0.065,-0.0,-0.005,-0.0,-0.019,-0.0,0.11040709338008256,-0.000999917684493466,1.0275031038179767,1.0000015737590042,-9.339354052850099e-06,0.000930645421856086,2.9100027440760626e-08,0.0669874494909225,4.263487556770003e-06,-0.009915181783880365,-0.0005026779537932988,-0.043238717164381095,6.072901839289818e-07,0.1476510067114094,0.0,1.0,1.0,0.0,0.0,0.0,42.8781753545281,0.4594160126134012,0.12280343024077474,100.00000000004204,110.00000000000252,0.49999999999952044,54.99919751281975,0.12484074505628213,0.0012,0.0014,0.0098,0.009
263,1762837412.7195294,-0.00016085321788946938,0.006441821599625117,0.22698008136400263,6.869568417875591e-08,-2.1655857104248668e-07,-0.02429703223485738,0.001492469537608592,-1.0395345786039953e-06,0.0,0.0,0.0,1.0,0.0,0.0,0.0,0.0,0.0,0.0,0.0,0.0,0.0,0.112,-0.001,1.028,1.0,0.0,0.002,-0.0,0.092,-0.0,-0.008,-0.0,0.012,-0.0,0.11822826392581723,-0.0009999194737407733,1.0272719649701254,0.9999980416427579,-9.168171646850292e-06,0.0028123032954232036,1.5932260464232332e-08,0.09503044233386358,4.1755738676821746e-06,-0.013871357566293558,-0.0004939679394408624,0.03718791918033343,-1.4919500322024642e-07,0.15436241610738255,0.0,1.0,1.0,0.0,0.0,0.0,42.8835260382058,0.459349906869456,0.12301548300209535,100.00000000003935,110.00000000000486,0.4999999999995212,54.99915772495359,0.12490203778815111,0.0025,0.0068,0.0225,0.0174
264,1762837412.7606454,-0.0001608372637776612,0.001912330474033155,0.22708201449146306,-4.364551266155606e-07,7.97705590410507e-08,-0.022647455627959806,0.0005096656373022139,-2.525754053971582e-06,0.0,0.0,0.0,1.0,0.0,0.0,0.0,0.0,0.0,0.0,0.0,0.0,0.0,0.118,-0.001,1.027,1.0,0.0,0.002,-0.0,0.116,-0.0,-0.01,-0.0,0.01,0.0,0.12582516300396585,-0.0009999194746611753,1.026178556478733,0.9999992567494881,-9.153188913600541e-06,0.0023424384031214343,1.8973916159332408e-08,0.11882049234359938,4.177419827525604e-06,-0.014572832648533509,-0.0004932433846724135,0.009034650958946155,-1.0344319534500645e-08,0.1610738255033557,0.0,1.0,1.0,0.0,0.0,0.0,42.88846892276853,0.45928907056398366,0.12311730373734882,100.00000000004317,110.00000000000314,0.499999999999521,54.99915908614835,0.1249763508965283,0.0016,0.0024,0.0112,0.0099
265,1762837412.8239844,-0.00016088635856073303,0.0020347747920528604,0.22694814720354367,-4.425122192733031e-07,-2.4547391535927575e-07,0.0006122215900985217,-0.0006693364395968394,-3.02854632887125e-08,0.0,0.0,0.0,1.0,0.0,0.0,0.0,0.0,0.0,0.0,0.0,0.0,0.0,0.124,-0.001,1.027,1.0,-0.0,0.002,-0.0,0.116,-0.0,-0.009,-0.0,-0.007,0.0,0.13181586962125727,-0.0009999195630774965,1.0262542680175406,1.0000006055718678,-9.140494867699269e-06,0.0016698715884826774,2.3566307885652143e-08,0.1184032676872142,4.172971630620244e-06,-0.013333384058991768,-0.000492594397104835,-0.012859613071563364,3.2078789501397625e-07,0.16778523489932887,0.0,1.0,1.0,0.0,0.0,0.0,42.89343056648121,0.4592283525016944,0.12312151945200256,100.00000000004489,110.00000000000726,0.4999999999995312,54.999158369716305,0.12497598062271346,0.0014,0.0017,0.0106,0.008
266,1762837412.8920553,-0.00016062911044529828,-0.015487603931068107,0.227628418954912,-1.6059785283744724e-06,1.2862405771737703e-06,-0.08761189361560484,0.003401358756841605,-5.817331545505845e-06,0.0,0.0,0.0,1.0,0.0,0.0,0.0,0.0,0.0,0.0,0.0,0.0,0.0,0.131,-0.001,1.026,1.0,0.0,0.002,-0.0,0.207,-0.0,-0.016,0.0,-0.016,-0.0,0.14487880866061628,-0.000999919593087834,1.0247820538325478,1.0000008944381722,-9.143490055983175e-06,0.0014868877514327217,2.2285738058424747e-08,0.20925692284188466,4.171293239320926e-06,-0.020536130158947667,-0.0004927708708760231,-0.014186448460936805,2.9402443477124073e-07,0.174496644295302,0.0,1.0,1.0,0.0,0.0,0.0,42.897459168238505,0.45917875745453346,0.12315998710483224,100.00000000004829,110.00000000000327,0.49999999999949535,54.999308734529926,0.12500414572422255,0.0018,0.0018,0.01,0.0093
267,1762837412.963627,-0.0001609596503842692,-0.0058199214682337665,0.22682650638631408,-7.756905802034767e-07,-1.652699694854509e-06,0.0483384123141717,-0.0040095628429897895,4.151439740854978e-06,0.0,0.0,0.0,1.0,0.0,0.0,0.0,0.0,0.0,0.0,0.0,0.0,0.0,0.137,-0.001,1.026,1.0,0.0,0.001,-0.0,0.162,-0.0,-0.009,-0.0,-0.086,-0.0,0.14779872801966282,-0.0009999194686410437,1.025316528193179,0.999998029918796,-9.12251315539572e-06,-0.00222597505645229,2.0075673134364617e-08,0.16127045240100948,4.178195351059192e-06,-0.011384720498078768,-0.0004915927040327455,-0.10528168872002136,9.45050411833078e-07,0.18120805369127516,0.0,1.0,1.0,0.0,0.0,0.0,42.90210658223758,0.4591222822968623,0.12345044758346968,100.00000000004754,110.00000000000753,0.49999999999945727,54.999281676273455,0.12540394205448677,0.0027,0.0025,0.0114,0.0112
268,1762837413.0290475,-0.00016092503847400805,0.011899241525176494,0.2264795181016594,8.454168864386395e-07,1.7305955130584878e-07,0.0885958149670513,-0.001734941423273309,8.105537333210581e-06,0.0,0.0,0.0,1.0,0.0,0.0,0.0,0.0,0.0,0.0,0.0,0.0,0.0,0.144,-0.001,1.025,1.0,0.0,-0.0,-0.0,0.066,-0.0,-0.003,-0.0,-0.019,-0.0,0.1483892181155837,-0.0009999201108753014,1.0246215546551254,0.9999997364327131,-9.099525133043548e-06,-0.000731754041274819,6.305165532285741e-09,0.06553728319087547,4.1459978460997184e-06,-0.008453061252952275,-0.0004906234459170621,-0.021468471110123552,4.0343358665958847e-07,0.18791946308724833,0.0,1.0,1.0,0.0,0.0,0.0,42.9074831040194,0.45905776152766764,0.12310651543919288,100.00000000004437,110.00000000000357,0.49999999999946937,54.999081243891084,0.12551294153799492,0.003,0.0018,0.0123,0.0098
269,1762837413.0973282,-0.00016068063005517916,-0.010962649757798523,0.22754638822732506,-8.19038900775783e-07,1.2220420941445724e-06,-0.11430945641487508,0.005334350628328341,-8.322278936072112e-06,0.0,0.0,0.0,1.0,0.0,0.0,0.0,0.0,0.0,0.0,0.0,0.0,0.0,0.15,-0.001,1.025,1.0,0.0,-0.0,-0.0,0.184,-0.0,-0.011,-0.0,0.045,-0.0,0.16229124405836132,-0.000999920060476942,1.0240709959879075,0.9999982040515429,-9.108001641373997e-06,0.0018957885765774783,-6.455980444342328e-09,0.1851471488248424,4.146471572932329e-06,-0.016895970707270745,-0.000490872214814379,0.06807164537121295,-5.333579124441098e-07,0.19463087248322147,0.0,1.0,1.0,0.0,0.0,0.0,42.911936790343525,0.4590041548591063,0.12407851187715085,100.0000000000438,109.99999999999795,0.4999999999994674,54.999064260768264,0.126583686279845,0.0019,0.0019,0.0119,0.0123
270,1762837413.1588905,-0.00016113848976561393,-0.000558712726497216,0.2265584854226459,-3.253247084244182e-07,-2.2892985521738595e-06,0.05201968515650655,-0.004939514023395856,2.4685709617568235e-06,0.0,0.0,0.0,1.0,0.0,0.0,0.0,0.0,0.0,0.0,0.0,0.0,0.0,0.157,-0.001,1.025,1.0,0.0,-0.0,-0.0,0.133,-0.0,-0.005,-0.0,-0.032,-0.0,0.1658479099162677,-0.0009999210171526608,1.0245827362667062,0.9999987964239855,-8.96074749885673e-06,-0.0015485426633954956,7.4220575612224516e-09,0.13209287129061306,4.103156535494974e-06,-0.007336964509145413,-0.0004833531055299007,-0.061322219901163516,5.051010717737917e-07,0.20134228187919462,0.0,1.0,1.0,0.0,0.0,0.0,42.916827099924824,0.4589458108547169,0.12400168198270063,100.00000000004421,109.999999999998,0.4999999999994581,54.999074288969325,0.12666706748582765,0.0018,0.002,0.0108,0.0085
271,1762837413.2286727,-0.0001609569278065768,0.006776813732580941,0.22688757241833826,4.036571099830837e-07,9.078097951856841e-07,0.03667763229539078,0.0016454349784618119,3.6449090920375083e-06,0.0,0.0,0.0,1.0,0.0,0.0,0.0,0.0,0.0,0.0,0.0,0.0,0.0,0.164,-0.001,1.024,1.0,0.0,-0.001,-0.0,0.095,-0.0,-0.005,-0.0,-0.003,-0.0,0.17028963942012582,-0.0009999212488848207,1.0234702824673227,1.0000000735248318,-8.989658963447368e-06,-0.0009208553416217386,-5.039061501735072e-09,0.09371542691734314,4.089848080081913e-06,-0.011017828261458338,-0.0004850327215255976,0.008929120557634462,2.573350056482666e-07,0.2080536912751678,0.0,1.0,1.0,0.0,0.0,0.0,42.921778344613834,0.4588870824306217,0.12400998580083986,100.00000000004226,109.99999999999656,0.49999999999946143,54.99905547138115,0.12665798770810385,0.0022,0.0026,0.0121,0.0096
272,1762837413.3068855,-0.0001609833664406663,0.0009806345964823273,0.2269484651619737,-1.0512123883101473e-07,-1.3219317044742968e-07,-0.028980895680493068,0.0003044637181771892,-2.5438917440704922e-06,0.0,0.0,0.0,1.0,0.0,0.0,0.0,0.0,0.0,0.0,0.0,0.0,0.0,0.17,-0.001,1.024,1.0,-0.0,-0.001,-0.0,0.125,-0.0,-0.007,0.0,0.028,-0.0,0.17830604426216948,-0.0009999211374102214,1.0233863790325248,1.000000477048857,-8.975497292725666e-06,0.00023124214645939826,-1.0769665147481966e-08,0.12444251735922435,4.095787310228887e-06,-0.01133400430489971,-0.000484140366134699,0.044378920600945816,-1.9875270734856203e-07,0.21476510067114093,0.0,1.0,1.0,0.0,0.0,0.0,42.926371825912945,0.45883283366856065,0.12412567049085634,100.00000000004229,109.99999999999349,0.49999999999946404,54.9989940176657,0.12701807256632525,0.0024,0.0028,0.0137,0.0191
273,1762837413.3745787,-0.0001609975468879761,-0.004171006342054296,0.22695693380247495,-6.418093804408562e-07,-7.090223654916163e-08,-0.025758204692683116,4.234320250610761e-05,-2.683440708049207e-06,0.0,0.0,0.0,1.0,0.0,0.0,0.0,0.0,0.0,0.0,0.0,0.0,0.0,0.177,-0.001,1.024,1.0,-0.0,-0.0,-0.0,0.151,-0.0,-0.008,-0.0,0.003,0.0,0.18706839494903646,-0.000999921407596628,1.0233259626269076,0.9999999958371956,-8.946817794546216e-06,9.065235737476337e-05,2.465900891524385e-09,0.1510640775290798,4.082517909024082e-06,-0.012190076653206393,-0.0004827059897971491,0.0011814640902228567,1.3042327624288977e-07,0.22147651006711408,0.0,1.0,1.0,0.0,0.0,0.0,42.93076284474199,0.45878122196624027,0.1239611095906347,100.00000000004422,109.99999999999187,0.4999999999994712,54.998958146288885,0.12714932483055563,0.0017,0.002,0.017,0.0184
274,1762837413.4244184,-0.00016106098992827578,0.004407125172272505,0.22682247969759997,-1.1854163922208925e-08,-3.17215201498227e-07,0.042890657571633996,-0.0006722705243749523,3.1497760825932358e-06,0.0,0.0,0.0,1.0,0.0,0.0,0.0,0.0,0.0,0.0,0.0,0.0,0.0,0.184,-0.001,1.023,1.0,-0.0,-0.0,-0.0,0.106,-0.0,-0.005,0.0,-0.01,-0.0,0.19106046489133913,-0.0009999213696839863,1.0225253731484283,0.9999998696539912,-8.948178007718639e-06,-0.0005115011893643552,7.339852052949486e-09,0.10570378917484913,4.083547949472303e-06,-0.00921602180964886,-0.00048272092567304,-0.02023953479062124,4.361723121302884e-07,0.22818791946308725,0.0,1.0,1.0,0.0,0.0,0.0,42.93543169327248,0.4587267517416644,0.12417483107147273,100.00000000004317,109.99999999999099,0.49999999999948114,54.99894788430404,0.1272702782886214,0.0017,0.0023,0.0074,0.0101
275,1762837413.508066,-0.00030900570550238617,0.00760846264267976,0.2267229612113879,2.5168270785531715e-08,-0.000739723577870552,0.016006687352036274,-0.0004975924310604753,1.8511217353870304e-07,0.0,0.0,0.0,1.0,0.0,0.0,0.0,0.0,0.0,0.0,0.0,0.0,0.0,0.19,-0.002,1.023,1.0,-0.0,-0.0,-0.0,0.09,-0.0,-0.004,-0.0,0.01,0.0,0.19600630874472916,-0.001999921594905254,1.0225791584644792,0.9999998501400036,-8.931258645446951e-06,0.000546354688370472,1.3052040651667656e-09,0.09031010963387792,4.072880637064438e-06,-0.00862313045870718,-0.00048191047562826155,0.02282006879221298,4.755023077921185e-08,0.2348993288590604,0.0,1.0,1.0,0.0,0.0,0.0,42.940182619966286,0.45867164981298236,0.12421217955048135,100.00000000004304,109.99999999999305,0.49999999999949274,54.99893679858918,0.1272689200792461,0.0024,0.0031,0.0168,0.0164
276,1762837413.5604317,-0.0003182923404170748,-0.007683519579032426,0.2271496066234997,-2.230078148023758e-06,-4.643317457344329e-05,-0.07645991110856093,0.0021332270605589976,-1.1276232094046449e-05,0.0,0.0,0.0,1.0,0.0,0.0,0.0,0.0,0.0,0.0,0.0,0.0,0.0,0.197,-0.002,1.023,1.0,-0.0,0.0,-0.0,0.167,-0.0,-0.009,-0.0,0.037,0.0,0.20815243537717334,-0.0019998496640108695,1.022244195723143,0.9999990853964099,-1.809063522718831e-05,0.0013539137742368047,9.661294881482347e-09,0.16785774364958295,8.169458491645274e-06,-0.013666547761079758,-0.001006336080343957,0.04258604761594007,2.495605709256778e-07,0.24161073825503354,0.0,1.0,1.0,0.0,0.0,0.0,42.94427651398132,0.45862434565939086,0.12413632170397668,100.00000000004763,109.99999999999639,0.49999999999948586,54.99894820942346,0.12719078271280984,0.0023,0.0022,0.0106,0.0091
277,1762837413.6426072,-0.0003215802208633442,-0.0016931635105129003,0.2270269382570054,-1.4234689729537617e-06,-1.64394022313469e-05,0.02995178034259762,-0.0006133418324714137,4.033045875349981e-06,0.0,0.0,0.0,1.0,0.0,0.0,0.0,0.0,0.0,0.0,0.0,0.0,0.0,0.203,-0.002,1.022,1.0,-0.0,0.0,-0.0,0.14,-0.0,-0.008,-0.0,-0.029,0.0,0.21231748376615311,-0.0019998445895318263,1.021357738229406,0.9999992296645481,-1.7724825449343896e-05,-0.0012399352574734555,2.3612395955053223e-08,0.13925107919899313,8.09641988611139e-06,-0.01118410688932701,-0.0009582218703897335,-0.04563445962875539,1.5063241645277459e-06,0.2483221476510067,0.0,1.0,1.0,0.0,0.0,0.0,42.94831536466827,0.45857801502758216,0.12430058502600665,100.00000000005143,109.99999999999741,0.4999999999994736,54.99892444390231,0.12736534625323348,0.004,0.0042,0.0135,0.0187
278,1762837413.6955261,-0.0003220685716918845,0.00818494540896093,0.2266319012407413,4.7422305986747095e-07,-2.4417541427012484e-06,0.04939054459736915,-0.0019751850813203306,9.488460164106165e-06,0.0,0.0,0.0,1.0,0.0,0.0,0.0,0.0,0.0,0.0,0.0,0.0,0.0,0.21,-0.002,1.022,1.0,-0.0,-0.0,-0.0,0.087,-0.0,-0.004,0.0,-0.008,0.0,0.2157958409878946,-0.0019998435395530974,1.0216050257776315,0.9999999680214092,-1.7825383262809408e-05,-0.00025200712919532306,1.577615846074235e-08,0.08682933851675691,8.136586652468339e-06,-0.007849136465442772,-0.0009625726336680973,-0.0056478884107713226,9.321479576643967e-07,0.2550335570469799,0.0,1.0,1.0,0.0,0.0,0.0,42.952793754305056,0.4585270165800293,0.12431586074082338,100.00000000005129,109.99999999999363,0.4999999999994802,54.998881262898884,0.12758759817681858,0.0019,0.002,0.0131,0.0097
279,1762837413.7556021,-0.0003220412826601027,0.011395718758912888,0.2268829702417084,9.428763961865361e-07,1.3644515890883988e-07,0.016053866749759792,0.0012553450048354026,2.3432666815953268e-06,0.0,0.0,0.0,1.0,0.0,0.0,0.0,0.0,0.0,0.0,0.0,0.0,0.0,0.216,-0.002,1.022,1.0,-0.0,0.0,-0.0,0.072,-0.0,-0.005,-0.0,0.015,0.0,0.22081020973209892,-0.0019998438814422086,1.0215014084023712,0.9999996097900827,-1.780229149528091e-05,0.0008858471460836178,-2.3078299883248753e-09,0.07249662486369092,8.111474493080165e-06,-0.009995313003343616,-0.0009607974902111918,0.037196427713684685,-1.986456528030487e-07,0.26174496644295303,0.0,1.0,1.0,0.0,0.0,0.0,42.95718035166538,0.4584773536612782,0.12463026409273804,100.00000000005072,109.99999999998843,0.49999999999950206,54.99883673507131,0.12779983648937504,0.0016,0.0026,0.0082,0.0076
280,1762837413.8404913,-0.00032215189039696765,0.013176320617896475,0.22683507571403114,8.215232849947246e-07,-5.530386843246573e-07,0.008903009294917942,-0.0002394726383863864,-6.067655559590573e-07,0.0,0.0,0.0,1.0,0.0,0.0,0.0,0.0,0.0,0.0,0.0,0.0,0.0,0.223,-0.002,1.021,1.0,-0.0,0.001,-0.0,0.062,-0.0,-0.004,0.0,0.019,0.0,0.22718908117787645,-0.0019998442852110555,1.0205997083927427,0.9999985038968173,-1.773225414719487e-05,0.002001979382505362,1.2180397542808565e-08,0.06388001143786506,8.094031636325628e-06,-0.007949292184980252,-0.0009571843339776036,0.038748007909637935,-3.810918960212643e-07,0.2684563758389262,0.0,1.0,1.0,0.0,0.0,0.0,42.961559084044545,0.458428163386586,0.12516454275901423,100.00000000005272,109.99999999998785,0.4999999999995054,54.99867854892021,0.12862245414781007,0.0017,0.0025,0.0118,0.0218
281,1762837413.927071,-0.0003215512066411947,-0.016263122361171833,0.22743177041112647,-3.7911560045664426e-06,3.003418778864571e-06,-0.14719721489534154,0.0029834734854766835,-2.3063396447805837e-05,0.0,0.0,0.0,1.0,0.0,0.0,0.0,0.0,0.0,0.0,0.0,0.0,0.0,0.229,-0.002,1.021,1.0,-0.0,0.002,-0.0,0.208,-0.0,-0.013,0.0,0.062,0.0,0.24298345985111394,-0.001999845939403204,1.0200030466726488,0.9999938634315931,-1.7567636120760298e-05,0.004033851413704919,3.897571662283143e-08,0.211932038479337,8.012898622761493e-06,-0.01689892120918454,-0.0009488414699418677,0.05799303984912274,-3.145691989513928e-07,0.2751677852348993,0.0,1.0,1.0,0.0,0.0,0.0,42.964764272150035,0.4583921044576429,0.12506600725586328,100.00000000005303,109.99999999999262,0.49999999999948336,54.99876501115159,0.12833682410172564,0.0019,0.0039,0.0178,0.0348
282,1762837413.9756324,-0.0003223174020612005,-0.006325414648838609,0.22685082341613677,-2.4430422316730284e-06,-3.830977100028948e-06,0.04968853856166612,-0.002904734974948327,6.740568864467073e-06,0.0,0.0,0.0,1.0,0.0,0.0,0.0,0.0,0.0,0.0,0.0,0.0,0.0,0.235,-0.002,1.021,1.0,-0.0,0.002,-0.0,0.164,-0.0,-0.007,0.0,-0.073,0.0,0.2459798411725829,-0.0019998452705011415,1.0204620296443312,1.0000013897027238,-1.757965563348914e-05,-0.0011078879947295794,6.894064136088024e-08,0.16471948416198928,8.04654731990094e-06,-0.00903320130585505,-0.000949235856228966,-0.11229141437770508,2.3828058573475823e-06,0.28187919463087246,0.0,1.0,1.0,0.0,0.0,0.0,42.96855095885549,0.458349919791232,0.12587460973739856,100.00000000005586,109.99999999999226,0.4999999999994479,54.9987009487815,0.1289705048503104,0.0029,0.0018,0.0117,0.0237
283,1762837414.0551305,-0.00032224061271381843,0.01142681339688173,0.22649626212827753,1.0826610889489972e-06,3.8394673691050617e-07,0.08876114022860167,-0.0017728064392962626,1.7628516603110128e-05,0.0,0.0,0.0,1.0,0.0,0.0,0.0,0.0,0.0,0.0,0.0,0.0,0.0,0.242,-0.002,1.02,1.0,-0.0,0.0,-0.0,0.071,-0.0,-0.002,0.0,-0.022,0.0,0.2467211503000054,-0.0019998471679931974,1.0197249690429948,0.999999664449872,-1.7454199525852514e-05,-0.0008237823368235288,2.401172567790611e-08,0.07047498675941904,7.956125752102829e-06,-0.006321496985805634,-0.0009434217473152872,-0.023996841414110025,1.4706555696510044e-06,0.2885906040268456,0.0,1.0,1.0,0.0,0.0,0.0,42.97292438228136,0.4583017865834041,0.12629671620459568,100.00000000005313,109.99999999999196,0.49999999999945194,54.99841417437066,0.130524670778353,0.0027,0.0029,0.0186,0.0288
284,1762837414.092499,-0.00032234726806146155,-0.0008965273540072222,0.22708533489092075,-5.665889488976338e-07,-5.332767382153951e-07,-0.06161670375444476,0.002945363813216143,-8.246250189233153e-06,0.0,0.0,0.0,1.0,0.0,0.0,0.0,0.0,0.0,0.0,0.0,0.0,0.0,0.247,-0.002,1.02,1.0,-0.0,-0.0,-0.0,0.137,-0.0,-0.005,0.0,0.02,0.0,0.25614700447936456,-0.0019998497240806125,1.0194990400871236,0.9999992606977829,-1.7195564399902045e-05,0.0012160953014121547,-1.0303655438711555e-08,0.13767556682338591,7.825634990456459e-06,-0.010059791962340914,-0.0009297796798639631,0.0523743471615681,-6.793132320513244e-07,0.2953020134228188,0.0,1.0,1.0,0.0,0.0,0.0,42.977001992422586,0.458257050000475,0.12662501248876035,100.0000000000544,109.999999999992,0.49999999999946304,54.99841630526263,0.13060778405045237,0.0016,0.0019,0.0101,0.0101
285,1762837414.1615055,-0.00032245235861180836,-0.009089774443539006,0.22685594955383667,-2.213414414456686e-06,-5.254527517340249e-07,-0.04096623544765893,-0.001146926685420443,-8.23412732779526e-06,0.0,0.0,0.0,1.0,0.0,0.0,0.0,0.0,0.0,0.0,0.0,0.0,0.0,0.255,-0.002,1.02,1.0,-0.0,0.0,-0.0,0.178,-0.0,-0.007,0.0,0.001,-0.0,0.2668666672037108,-0.00199984965131709,1.0194353880276221,0.9999999926120456,-1.715539553823945e-05,-9.959733270506249e-05,8.943797246747104e-09,0.17796736421779386,7.83525180135807e-06,-0.009830179814979103,-0.0009278927156681267,-0.008641321623005242,4.6831495747323627e-07,0.30201342281879195,0.0,1.0,1.0,0.0,0.0,0.0,42.98065788284982,0.45821711926568154,0.1266997355014874,100.00000000005542,109.99999999998983,0.4999999999994637,54.99845453778596,0.13064597204275638,0.0017,0.0026,0.0108,0.0108
286,1762837414.2406597,-0.00032248915396090524,0.0013399418838473676,0.22686048563340913,-5.020447160323798e-07,-1.8397674548403537e-07,0.05214858163693187,2.2680397862288003e-05,8.556848492121532e-06,0.0,0.0,0.0,1.0,0.0,0.0,0.0,0.0,0.0,0.0,0.0,0.0,0.0,0.262,-0.002,1.02,1.0,-0.0,-0.0,-0.0,0.125,-0.0,-0.005,0.0,-0.033,0.0,0.270315306838803,-0.001999849964049953,1.0195382128006703,0.9999990876176705,-1.714782366978461e-05,-0.001352721249492918,2.1534910071027347e-08,0.12417058457133713,7.817636402618686e-06,-0.008870810285852427,-0.0009275404722305788,-0.04692718885105754,1.4370770107475947e-06,0.3087248322147651,0.0,1.0,1.0,0.0,0.0,0.0,42.98455585974675,0.4581749438321431,0.12673528322694935,100.00000000005649,109.9999999999874,0.4999999999994547,54.99843073998019,0.13067900206226168,0.0058,0.0027,0.015,0.014
287,1762837414.298474,-0.00032250456642617776,0.0053849967693413575,0.22678793168990846,4.4362066514019526e-07,-7.706232636273212e-08,0.020225274427469946,-0.00036276971750326317,4.728326905862875e-06,0.0,0.0,0.0,1.0,0.0,0.0,0.0,0.0,0.0,0.0,0.0,0.0,0.0,0.267,-0.002,1.019,1.0,-0.0,-0.001,-0.0,0.107,-0.0,-0.004,0.0,-0.007,0.0,0.274088658187069,-0.0019998499845339203,1.0186086742882765,1.0000000677827323,-1.7141229843377262e-05,-0.000926836443655376,-1.2339541399042932e-08,0.10568184285651275,7.817334807119268e-06,-0.007720068047959538,-0.0009272012454785552,0.011901475820831552,3.68775909273747e-07,0.31543624161073824,0.0,1.0,1.0,0.0,0.0,0.0,42.988484159971485,0.4581327946793034,0.12679819563255185,100.00000000005609,109.99999999998563,0.4999999999994728,54.99842357960045,0.13071019679385365,0.0019,0.0023,0.0129,0.0107
288,1762837414.3865802,-0.00032252624023084813,0.009712394468916898,0.22675171847220857,8.736133976573268e-07,-1.0836902335188085e-07,0.021636988497877707,-0.00018106608849959276,2.1499636625856575e-06,0.0,0.0,0.0,1.0,0.0,0.0,0.0,0.0,0.0,0.0,0.0,0.0,0.0,0.273,-0.002,1.019,1.0,-0.0,-0.0,-0.0,0.083,-0.0,-0.003,0.0,0.012,-0.0,0.2785408534588899,-0.001999850130397689,1.0186686636666267,0.9999998161496018,-1.7130990720094833e-05,0.0006088382130851162,-2.7375095031455754e-09,0.08335438752832712,7.810079200249972e-06,-0.006931703945497372,-0.0009266925027416024,0.023598568332390577,-2.2466428594815702e-07,0.3221476510067114,0.0,1.0,1.0,0.0,0.0,0.0,42.992506867673,0.4580899527103903,0.12699242979001776,100.00000000005828,109.99999999998846,0.4999999999994621,54.998375010913065,0.1309702528912834,0.0065,0.0037,0.0172,0.0237
289,1762837414.4254541,-0.0003226004204496669,0.011811913781775402,0.2266857681665677,8.412437280138933e-07,-3.709010940938437e-07,0.01049759656429252,-0.00032975152820415455,-1.6184834821716805e-07,0.0,0.0,0.0,1.0,0.0,0.0,0.0,0.0,0.0,0.0,0.0,0.0,0.0,0.279,-0.002,1.019,1.0,-0.0,0.0,-0.0,0.073,-0.0,-0.002,0.0,0.024,-0.0,0.283881201338846,-0.001999850652746154,1.0187332814921537,0.9999993603159792,-1.7077697810071136e-05,0.0011367113246643528,-3.79864395210845e-09,0.07367373686425985,7.784757398231882e-06,-0.005987286440027464,-0.0009239819023039303,0.0420865823859776,-3.250953643383621e-07,0.32885906040268453,0.0,1.0,1.0,0.0,0.0,0.0,42.99661518695601,0.45804653173616205,0.12720615880613384,100.00000000005919,109.99999999999174,0.4999999999994701,54.99825051729047,0.13153849687733685,0.0039,0.0027,0.0078,0.0085
290,1762837414.487986,-0.00032252177463233856,-0.0011507784469020031,0.2268931259905305,-1.4280416635941286e-06,3.932290866420253e-07,-0.06481346114338701,0.00103678911981399,-1.134642695804011e-05,0.0,0.0,0.0,1.0,0.0,0.0,0.0,0.0,0.0,0.0,0.0,0.0,0.0,0.286,-0.002,1.019,1.0,-0.0,0.001,-0.0,0.135,-0.0,-0.005,0.0,0.047,0.0,0.29506745117754885,-0.001999851546237673,1.0185316987844428,0.9999968783241096,-1.6986716040700267e-05,0.002692433506737106,1.787044581996759e-08,0.13737860267802474,7.740190931120808e-06,-0.0090402680149674,-0.0009192897844237828,0.052317806511325914,-2.994707332159268e-07,0.33557046979865773,0.0,1.0,1.0,0.0,0.0,0.0,43.00031827591357,0.45800761263553064,0.1271569774106046,100.00000000005791,109.99999999999483,0.4999999999994809,54.998220995443454,0.13165050320537994,0.0012,0.0015,0.0079,0.0084
291,1762837414.5603442,-0.00032270647376436793,0.00882118732859154,0.226732263612337,-2.510214406547108e-07,-9.23495660146937e-07,0.049859828877467725,-0.0008043118909674797,5.885101114697089e-06,0.0,0.0,0.0,1.0,0.0,0.0,0.0,0.0,0.0,0.0,0.0,0.0,0.0,0.292,-0.002,1.019,1.0,-0.0,0.002,-0.0,0.085,-0.0,-0.003,0.0,-0.004,-0.0,0.29774927588384914,-0.0019998514718692693,1.0186873118135493,1.000000809919518,-1.697301357389012e-05,0.0015410616369420163,5.2287744248942245e-08,0.08737293404036262,7.7439401936052e-06,-0.006330300785342864,-0.0009184993973472094,-0.02396615567351342,1.0074741639654878e-06,0.3422818791946309,0.0,1.0,1.0,0.0,0.0,0.0,43.004185911266894,0.4579673710396045,0.12750390101739434,100.00000000005627,109.9999999999988,0.49999999999948125,54.99820641391636,0.13184081878151402,0.0018,0.0021,0.0108,0.0101
292,1762837414.6389763,-0.0003223895057385833,-0.003721390912870392,0.2272237738275,-1.7911783033367524e-06,1.5848401289229224e-06,-0.06271289120730966,0.002457551075815022,-7.700784313410207e-06,0.0,0.0,0.0,1.0,0.0,0.0,0.0,0.0,0.0,0.0,0.0,0.0,0.0,0.299,-0.002,1.018,1.0,-0.0,0.002,-0.0,0.148,-0.0,-0.008,-0.0,0.019,0.0,0.30896341455592846,-0.0019998521372789077,1.0173417891379857,0.9999981422620494,-1.6922702660658125e-05,0.0027773863281375585,4.081688858455732e-08,0.15107405654870806,7.71212334391861e-06,-0.01175366978709549,-0.0009160936368538659,0.027956253972784166,2.537229248732368e-07,0.348993288590604,0.0,1.0,1.0,0.0,0.0,0.0,43.007373386425414,0.4579343118303281,0.12753939245339646,100.00000000005451,109.99999999999798,0.4999999999994919,54.99824965360838,0.13185202569920537,0.0049,0.0027,0.0139,0.0094
293,1762837414.7359657,-0.0003226945501500352,0.006208308396656488,0.22681397082424593,-4.6986810722863577e-07,-1.5252220572595666e-06,0.04964849654763439,-0.00204901501627037,6.6065509805405816e-06,0.0,0.0,0.0,1.0,0.0,0.0,0.0,0.0,0.0,0.0,0.0,0.0,0.0,0.304,-0.002,1.018,1.0,-0.0,0.002,-0.0,0.099,-0.0,-0.005,0.0,-0.009,0.0,0.31067948574784127,-0.001999851933481831,1.017593801414562,1.0000011729328462,-1.689783790771905e-05,0.001285936236329243,5.389982541357846e-08,0.10122745942074675,7.72349520420023e-06,-0.0070964791678550234,-0.0009146789974022896,-0.03346888738859228,1.0914565643355883e-06,0.35570469798657717,0.0,1.0,1.0,0.0,0.0,0.0,43.01075932987609,0.4578995911234421,0.1280247771051024,100.00000000005596,109.99999999999817,0.4999999999994888,54.99814152929469,0.1327368089343946,0.0016,0.0019,0.0561,0.0071
294,1762837414.7580245,-0.00032270419358859095,0.007616190741413533,0.2268734258070199,7.968198472429346e-08,-4.8217192778732786e-08,0.007039411723785228,0.00029727491386996683,2.7477504597646447e-06,0.0,0.0,0.0,1.0,0.0,0.0,0.0,0.0,0.0,0.0,0.0,0.0,0.0,0.304,-0.002,1.018,1.0,-0.0,0.002,-0.0,0.099,-0.0,-0.005,0.0,-0.009,0.0,0.31068385293204814,-0.00199985369006751,1.0175472057573938,1.0000001111749097,-1.6755627803956463e-05,0.001942194976470923,3.747004945195874e-08,0.10151012929275437,7.635480962183875e-06,-0.008630618779785893,-0.0009075378326033031,0.006367994436407438,3.356363943511958e-07,0.3624161073825503,0.0,1.0,1.0,0.0,0.0,0.0,43.014154532879004,0.45786499054553376,0.12805602405441413,100.00000000005792,109.99999999999501,0.4999999999994735,54.99810961908673,0.13274872899711287,0.0014,0.0013,0.0101,0.0086
295,1762837414.8533604,-0.0003224989250320739,-0.008844675433375769,0.2271558293028968,-2.4804441129942696e-06,1.0263427825856278e-06,-0.08230433087394651,0.0014120174793843606,-1.2800630488592817e-05,0.0,0.0,0.0,1.0,0.0,0.0,0.0,0.0,0.0,0.0,0.0,0.0,0.0,0.317,-0.002,1.017,1.0,-0.0,0.002,-0.0,0.176,-0.0,-0.008,0.0,0.019,0.0,0.3288296097784711,-0.001999853634507899,1.0163624402062876,0.9999984609385728,-1.6749492690816586e-05,0.0026605017368009935,3.6154620770936096e-08,0.1790281711364296,7.639110508403961e-06,-0.011102187339440841,-0.0009071722013909549,0.01998528161738737,-2.2855020609593818e-08,0.36912751677852346,0.0,1.0,1.0,0.0,0.0,0.0,43.017115258836625,0.4578348093601508,0.12805075270316177,100.00000000005473,109.99999999998906,0.49999999999950223,54.998185673436865,0.13264562664989135,0.0074,0.0037,0.0195,0.0206
296,1762837414.9182386,-0.0003226979943807311,-0.005492455844002519,0.22698039050003155,-2.0113549030747857e-06,-9.95346743286156e-07,0.01676109794686624,-0.000877194014326366,2.345446049597418e-06,0.0,0.0,0.0,1.0,0.0,0.0,0.0,0.0,0.0,0.0,0.0,0.0,0.0,0.324,-0.002,1.017,1.0,-0.0,0.002,-0.0,0.162,-0.0,-0.007,0.0,-0.045,0.0,0.3348620631776909,-0.0019998533903397633,1.0164587680023067,1.0000019968672293,-1.6750853894985363e-05,0.00010412211136332487,5.5957925146771675e-08,0.1634515683180726,7.65182377015832e-06,-0.009180009517903908,-0.0009071907392427612,-0.06779213783746289,1.55252332286635e-06,0.37583892617449666,0.0,1.0,1.0,0.0,0.0,0.0,43.020084119233395,0.457804792463961,0.12814301440294573,100.00000000005383,109.9999999999833,0.49999999999950145,54.99820484799102,0.1327138085833948,0.004,0.0036,0.0175,0.0236
297,1762837414.986811,-0.00032268268104945053,-0.0046182449958150195,0.22694655563082997,-1.2661135736362251e-06,7.656665640301107e-08,0.0043710542409374975,-0.00016917434600783026,3.7262066471928026e-06,0.0,0.0,0.0,1.0,0.0,0.0,0.0,0.0,0.0,0.0,0.0,0.0,0.0,0.331,-0.002,1.017,1.0,-0.0,0.001,-0.0,0.159,-0.0,-0.006,0.0,-0.044,0.0,0.341621503556268,-0.0019998536340095252,1.0165045608676055,1.0000003906591337,-1.6745357321465964e-05,-0.00046822247217514384,3.201237489629119e-08,0.15934023926656518,7.639763096369989e-06,-0.008876317168207712,-0.0009070402803312712,-0.04169878718176447,1.19512125223807e-06,0.3825503355704698,0.0,1.0,1.0,0.0,0.0,0.0,43.02314866931601,0.4577740275611514,0.128183483802931,100.00000000005605,109.99999999998629,0.49999999999950684,54.99822928653121,0.13274287630503334,0.0041,0.0036,0.0184,0.0251
298,1762837415.0278282,-0.0003226239295472853,-0.008150199789886022,0.22705946799769613,-1.492527113057121e-06,2.937575108260442e-07,-0.01765977397035501,0.0005645618343308057,-1.1320676971044804e-06,0.0,0.0,0.0,1.0,0.0,0.0,0.0,0.0,0.0,0.0,0.0,0.0,0.0,0.338,-0.002,1.016,1.0,-0.0,0.0,-0.0,0.178,-0.0,-0.006,0.0,-0.032,0.0,0.34985115008767553,-0.001999853715890541,1.015504388710985,0.9999994680416552,-1.6735352888406408e-05,-0.0010309823848004144,8.261250623397038e-09,0.17731822393057153,7.635713227158278e-06,-0.008859401450394957,-0.0009064885519929267,-0.028630925627840913,6.947487953333986e-07,0.38926174496644295,0.0,1.0,1.0,0.0,0.0,0.0,43.026134397176676,0.4577442448738473,0.12828267128007131,100.00000000005662,109.99999999999078,0.4999999999995126,54.998277942006446,0.13282561337770127,0.0017,0.0027,0.0099,0.0101
299,1762837415.1008098,-0.0003227609139696399,0.0009486192709093292,0.2268031040156085,-2.5424584379252256e-08,-6.849221117729339e-07,0.04549409530397675,-0.001281819910438001,7.335512643389343e-06,0.0,0.0,0.0,1.0,0.0,0.0,0.0,0.0,0.0,0.0,0.0,0.0,0.0,0.345,-0.002,1.016,1.0,-0.0,-0.001,-0.0,0.132,-0.0,-0.004,0.0,-0.029,0.0,0.3537416552453508,-0.001999853848154503,1.0156493603264647,0.9999983834114511,-1.671129190220784e-05,-0.0020578602052162163,-4.425982679909667e-09,0.13002475008282607,7.629939929644107e-06,-0.006489216917907817,-0.0009052538401647066,-0.03346264569820855,8.857757841006825e-07,0.3959731543624161,0.0,1.0,1.0,0.0,0.0,0.0,43.02927648667107,0.45771318991981363,0.12826614470236472,100.00000000005618,109.99999999999557,0.49999999999950084,54.99826352420977,0.13281609204153597,0.0017,0.0018,0.0182,0.0101
300,1762837415.1921551,-0.00032263204570285323,-0.0052956535140132235,0.22700416427623285,-7.653760966492969e-07,6.443413339333971e-07,-0.031221363924612767,0.0010053013031217323,-3.699757561350223e-06,0.0,0.0,0.0,1.0,0.0,0.0,0.0,0.0,0.0,0.0,0.0,0.0,0.0,0.352,-0.002,1.016,1.0,-0.0,-0.001,-0.0,0.162,-0.0,-0.005,0.0,0.003,0.0,0.36275926109895296,-0.001999853950559706,1.015557152319775,1.0000002442580513,-1.6722542151065083e-05,-0.0007131268902820776,-1.641997556281512e-08,0.16084505105935443,7.624022743037585e-06,-0.008309344903272991,-0.0009058894715999088,0.014734852724413867,1.1127432095649624e-08,0.40268456375838924,0.0,1.0,1.0,0.0,0.0,0.0,43.032299302528216,0.4576834551405048,0.12851765290420006,100.00000000005411,109.99999999999936,0.49999999999950734,54.99826509442351,0.133193224381998,0.0041,0.0036,0.0221,0.0257
301,1762837415.2634616,-0.00032281562741099203,-0.0034944130132725975,0.226788711430712,-7.015205022828307e-07,-9.179085406940853e-07,0.00900620250370313,-0.0010772642276043317,3.1927797183233066e-07,0.0,0.0,0.0,1.0,0.0,0.0,0.0,0.0,0.0,0.0,0.0,0.0,0.0,0.356,-0.002,1.016,1.0,-0.0,-0.001,-0.0,0.155,-0.0,-0.004,0.0,-0.007,0.0,0.3662855257752795,-0.0019998545194070075,1.0156481612831567,0.9999995504646434,-1.6641431195435032e-05,-0.0013777553003648585,-8.423306217813828e-09,0.1534817974820452,7.597030310695535e-06,-0.006510546228822563,-0.0009016593545340065,-0.015731477467997242,4.801849189371164e-07,0.4093959731543624,0.0,1.0,1.0,0.0,0.0,0.0,43.03536013873521,0.4576535541359819,0.12852910065611334,100.0000000000524,110.00000000000423,0.4999999999994967,54.998256044361895,0.13341446806570417,0.0044,0.0038,0.02,0.0322
302,1762837415.323418,-0.00032278684691401286,-0.003363575612423736,0.22685183761921035,-6.131752312426543e-07,1.4390248489603435e-07,0.0006541870042443094,0.00031563094249173126,4.4172635520088147e-07,0.0,0.0,0.0,1.0,0.0,0.0,0.0,0.0,0.0,0.0,0.0,0.0,0.0,0.363,-0.002,1.016,1.0,-0.0,-0.001,-0.0,0.154,-0.0,-0.004,0.0,-0.006,0.0,0.37322014300222983,-0.001999854862967667,1.0156249036382925,0.9999997662843207,-1.6624677410761703e-05,-0.001211356316194928,-9.145093354436424e-09,0.15256209079949284,7.578907741995929e-06,-0.0072706943286793505,-0.0009008436683241157,-0.0060384985276519376,4.6351424636378625e-07,0.4161073825503356,0.0,1.0,1.0,0.0,0.0,0.0,43.03842545072837,0.45762380881443504,0.1284839674772273,100.00000000004984,110.00000000000128,0.4999999999994984,54.99823153389839,0.1336234943325243,0.0047,0.0041,0.0196,0.0258
303,1762837415.362637,-0.00032294155707281587,0.00484538672473671,0.22661758762055262,5.30070936677641e-07,-7.735507940152429e-07,0.041044811685802214,-0.0011712499932886198,5.7162308396014766e-06,0.0,0.0,0.0,1.0,0.0,0.0,0.0,0.0,0.0,0.0,0.0,0.0,0.0,0.372,-0.002,1.016,1.0,-0.0,-0.001,-0.0,0.11,-0.0,-0.002,0.0,-0.002,0.0,0.3792885249937411,-0.0019998549717103052,1.015766670395311,0.9999998785615835,-1.6601364723431248e-05,-0.0011148923353011667,-9.677526906728425e-09,0.10863249564112563,7.573016315088015e-06,-0.004974746826263236,-0.0008995331681255023,-0.0045097012320254246,3.821742307018717e-07,0.4228187919463087,0.0,1.0,1.0,0.0,0.0,0.0,43.04171120114843,0.45759214234904794,0.1284717888865044,100.00000000005352,109.99999999999557,0.49999999999945555,54.998233812499386,0.13360302743498434,0.0039,0.002,0.0091,0.0113
304,1762837415.42891,-0.0003227718749626867,0.008302123297645096,0.22687771421438868,9.430630804572026e-07,8.484105506460131e-07,0.01728368286454194,0.0013006329691801857,2.064960718897808e-06,0.0,0.0,0.0,1.0,0.0,0.0,0.0,0.0,0.0,0.0,0.0,0.0,0.0,0.377,-0.002,1.015,1.0,-0.0,-0.001,-0.0,0.094,-0.0,-0.003,0.0,0.015,-0.0,0.383232717563874,-0.001999855036466652,1.0146773524868782,1.0000004767614654,-1.6614209231563553e-05,-0.00022040706682567777,-1.9600166641859052e-08,0.0931496202498093,7.569233305244427e-06,-0.006697763818537901,-0.0009002538374904009,0.031109586507082964,-2.3438579923337947e-07,0.42953020134228187,0.0,1.0,1.0,0.0,0.0,0.0,43.044862730845495,0.4575620139231401,0.12858459042546386,100.00000000005619,109.99999999999889,0.4999999999994122,54.99818091068057,0.13383262237626567,0.0018,0.0041,0.0097,0.0111
305,1762837415.5125504,-0.00032284374245685507,-0.0014839166122969753,0.22686119448772402,-8.657098347090561e-07,-3.59337470841976e-07,-0.048930199549710354,-8.259863332342465e-05,-9.043864575831293e-06,0.0,0.0,0.0,1.0,0.0,0.0,0.0,0.0,0.0,0.0,0.0,0.0,0.0,0.383,-0.002,1.015,1.0,-0.0,-0.0,-0.0,0.141,-0.0,-0.004,0.0,0.038,-0.0,0.39241967676368267,-0.0019998552594212428,1.014643122801423,0.9999990301994467,-1.6563834160742833e-05,0.0013940980572405284,-3.270520399997538e-09,0.14188523874756087,7.5590126283358854e-06,-0.006651760486946864,-0.0008975649453275005,0.04406513487251447,-4.6144407032286696e-07,0.436241610738255,0.0,1.0,1.0,0.0,0.0,0.0,43.047795778788704,0.45753424159580824,0.12855339982479877,100.00000000005652,109.999999999994,0.4999999999994007,54.99808813210689,0.13405155117344808,0.0019,0.0019,0.0201,0.0198
306,1762837415.5803328,-0.0003229001603250962,-0.0026779384245005106,0.2268411378711419,-1.379292919883964e-06,-2.8208934120543556e-07,-0.005970109061017685,-0.00010028308291068488,-2.567915425874539e-06,0.0,0.0,0.0,1.0,0.0,0.0,0.0,0.0,0.0,0.0,0.0,0.0,0.0,0.389,-0.002,1.015,1.0,-0.0,0.0,-0.0,0.149,-0.0,-0.004,0.0,0.007,0.0,0.39893560711502335,-0.0019998554588567443,1.0146401172291675,0.9999999967908664,-1.6545890306001372e-05,3.988374330489487e-05,1.380637457720786e-08,0.14906919064840773,7.548224869673898e-06,-0.006784958192763932,-0.0008966416077144197,-0.005598768168720152,6.970746782774896e-07,0.44295302013422816,0.0,1.0,1.0,0.0,0.0,0.0,43.050693310698975,0.4575070155266602,0.12854856346008306,100.00000000005488,109.99999999999767,0.4999999999994243,54.99807322886286,0.13403386377258808,0.0016,0.0018,0.0172,0.0243
307,1762837415.6359262,-0.00032294291841092923,0.001804947047659199,0.22675170317702573,-5.7195112449763e-07,-2.1379042916503874e-07,0.022414427360798548,-0.0004471734705810623,4.0367089769316695e-06,0.0,0.0,0.0,1.0,0.0,0.0,0.0,0.0,0.0,0.0,0.0,0.0,0.0,0.395,-0.002,1.015,1.0,-0.0,0.0,-0.0,0.128,-0.0,-0.003,0.0,-0.012,0.0,0.4035270975324156,-0.001999855412544958,1.0147052853204395,0.9999999017270711,-1.6551317367543766e-05,-0.0004435575753551418,1.5430422429572427e-08,0.12771907400669272,7.550553256326841e-06,-0.005830290625480043,-0.0008969272081891886,-0.01411457824900667,9.555377187437701e-07,0.44966442953020136,0.0,1.0,1.0,0.0,0.0,0.0,43.05369068404676,0.4574790684640902,0.1286506425407655,100.00000000005485,110.00000000000276,0.49999999999941364,54.99806814011535,0.1341360151456578,0.0025,0.002,0.0175,0.0117
308,1762837415.6938279,-0.000322954222794815,0.008634103366669497,0.22665882815827182,5.371218922638592e-07,-5.65219194291304e-08,0.0341457815950515,-0.0004643750937694613,5.545365083807446e-06,0.0,0.0,0.0,1.0,0.0,0.0,0.0,0.0,0.0,0.0,0.0,0.0,0.0,0.4,-0.002,1.015,1.0,-0.0,-0.0,-0.0,0.094,-0.0,-0.002,0.0,0.001,0.0,0.40626789293730103,-0.0019998556724185367,1.0147632401130127,0.9999999891893295,-1.6530394468258974e-05,0.00014411993307914835,7.2150434978790305e-09,0.09407011008312512,7.537683014861216e-06,-0.005101298536267458,-0.0008958715670337944,0.007807273924912713,3.985435280307971e-07,0.4563758389261745,0.0,1.0,1.0,0.0,0.0,0.0,43.05680391826607,0.457450287737522,0.12869051812329058,100.00000000005977,109.99999999999771,0.4999999999993882,54.99807395663772,0.1342745619028111,0.0019,0.0022,0.0114,0.0095
309,1762837415.7631109,-0.00032295558481064353,0.011767917005817377,0.2267008564800838,8.344910045392066e-07,-6.810079142640681e-09,0.015669068195739395,0.0002101416090600416,1.4868455613767364e-06,0.0,0.0,0.0,1.0,0.0,0.0,0.0,0.0,0.0,0.0,0.0,0.0,0.0,0.405,-0.002,1.015,1.0,-0.0,0.0,-0.0,0.08,-0.0,-0.002,0.0,0.015,-0.0,0.41034347792568077,-0.001999855909955003,1.0147559558974268,0.9999996372238795,-1.6509969111070724e-05,0.0008562331835916412,-2.478729899345428e-09,0.08048583803590743,7.5255420873037105e-06,-0.005319413779530385,-0.000894800895032346,0.03500202376752083,-1.9263252644425438e-07,0.46308724832214765,0.0,1.0,1.0,0.0,0.0,0.0,43.05991836242519,0.4574217612929877,0.1288619583641874,100.00000000006477,110.00000000000084,0.4999999999993344,54.998047971512726,0.1343933166108718,0.0017,0.002,0.0111,0.0115
310,1762837415.8368282,-0.00032293534220887603,0.012835123411685478,0.226785315836925,6.004416295155859e-07,1.0121300883774581e-07,0.005336032029340498,0.00042229678420599263,-1.1702468751181036e-06,0.0,0.0,0.0,1.0,0.0,0.0,0.0,0.0,0.0,0.0,0.0,0.0,0.0,0.41,-0.002,1.015,1.0,-0.0,0.001,-0.0,0.074,-0.0,-0.003,0.0,0.024,0.0,0.4149911057892052,-0.0019998561769880305,1.014697177419169,0.9999982768285268,-1.6477743407422178e-05,0.0021115476731007636,1.3018269486993354e-08,0.07596521903778038,7.513374142154962e-06,-0.006063115988357667,-0.0008931806309161812,0.04053798835628287,-3.086766888637326e-07,0.4697986577181208,0.0,1.0,1.0,0.0,0.0,0.0,43.06287714530456,0.45739491613450556,0.1291076080947227,100.00000000006916,110.0000000000054,0.49999999999928213,54.99796132251403,0.1347352665138554,0.0017,0.0043,0.018,0.0102
311,1762837415.9289658,-0.0003228036157714747,-0.002070625185096346,0.2270295368977383,-1.9455493201158936e-06,6.586321870069058e-07,-0.07452874298390912,0.001221105304066555,-1.2729954748157398e-05,0.0,0.0,0.0,1.0,0.0,0.0,0.0,0.0,0.0,0.0,0.0,0.0,0.0,0.416,-0.002,1.014,1.0,-0.0,0.002,-0.0,0.146,-0.0,-0.006,0.0,0.045,0.0,0.4258428926149584,-0.001999856756145736,1.0135099187970231,0.9999956283188801,-1.6410144706160073e-05,0.003570198603627057,3.5922441231385466e-08,0.1496171889933359,7.485283204723812e-06,-0.0086771816102744,-0.0008897145381824498,0.04725668778014712,-1.5861235835609916e-07,0.47651006711409394,0.0,1.0,1.0,0.0,0.0,0.0,43.06538003019493,0.457372380482385,0.12909477279467255,100.00000000006722,110.00000000000732,0.4999999999993098,54.99797740539719,0.13463830099775265,0.0056,0.0081,0.0218,0.0244
312,1762837415.9583852,-0.00032299665341573936,0.009052447462149742,0.22682526950890206,-5.677591532091422e-07,-9.651882213231999e-07,0.055615363236230446,-0.001021336944181377,6.888950834533758e-06,0.0,0.0,0.0,1.0,0.0,0.0,0.0,0.0,0.0,0.0,0.0,0.0,0.0,0.422,-0.002,1.014,1.0,-0.0,0.002,-0.0,0.092,-0.0,-0.003,0.0,-0.005,0.0,0.4282153760014767,-0.001999856516615012,1.0137330973582312,1.0000009171353375,-1.641574936428384e-05,0.0014694504942521743,5.752517467820421e-08,0.09433962079771895,7.497825672864713e-06,-0.004957755317818708,-0.0008899810699791048,-0.02731585060765365,1.3650751685167403e-06,0.4832214765100671,0.0,1.0,1.0,0.0,0.0,0.0,43.06815949307357,0.4573476864207599,0.1295752165697018,100.00000000006926,110.00000000000624,0.4999999999992686,54.9979270483881,0.13508591242706341,0.0018,0.0018,0.0092,0.0097
313,1762837416.0526364,-0.00032283394972303385,-0.0070807547659577485,0.2270473927282926,-2.5277183744239454e-06,8.135184635277596e-07,-0.08066601114053745,0.0011106160969527475,-9.799796106074017e-06,0.0,0.0,0.0,1.0,0.0,0.0,0.0,0.0,0.0,0.0,0.0,0.0,0.0,0.427,-0.002,1.014,1.0,-0.0,0.002,-0.0,0.176,-0.0,-0.006,0.0,0.008,0.0,0.4388256758507636,-0.0019998576037681096,1.0135133768030893,0.9999988422472382,-1.632454860820767e-05,0.002512446880125051,4.147910759822518e-08,0.1788857834655963,7.444773811011334e-06,-0.008618497416764662,-0.0008854608327732635,0.023083976461731204,4.6707233651831954e-07,0.4899328859060403,0.0,1.0,1.0,0.0,0.0,0.0,43.070566336648,0.45732628233489275,0.1295938474287198,100.00000000005997,110.00000000000693,0.49999999999931344,54.99800028467958,0.13496460899583043,0.0066,0.0036,0.0186,0.0195
314,1762837416.0921576,-0.00032301998213764554,0.0028654926413807912,0.22680703262886065,-1.1541895383599713e-06,-9.301620730581056e-07,0.04973123703669269,-0.0012018004971597312,6.867644180319871e-06,0.0,0.0,0.0,1.0,0.0,0.0,0.0,0.0,0.0,0.0,0.0,0.0,0.0,0.435,-0.002,1.014,1.0,-0.0,0.002,-0.0,0.125,-0.0,-0.004,0.0,-0.027,-0.0,0.4434039349103018,-0.001999857374986808,1.0136715223570096,1.0000017821192284,-1.632666633446303e-05,0.0006610916139725315,5.846849492103113e-08,0.1268259600748857,7.457088994671463e-06,-0.005808927297500811,-0.0008855103613120254,-0.05275524390672638,1.5526556543552819e-06,0.4966442953020134,0.0,1.0,1.0,0.0,0.0,0.0,43.073110734795506,0.4573039699971357,0.13001532852665793,100.00000000006345,110.00000000000908,0.4999999999993141,54.99784792811796,0.13579949104317982,0.0017,0.0022,0.0094,0.01
315,1762837416.1986032,-0.00032302455865391446,-0.003910124504577058,0.22694500217171454,-1.6176128186206525e-06,-2.288258134461752e-08,-0.03387808572978924,0.0006898477142694365,-2.3171164013034054e-06,0.0,0.0,0.0,1.0,0.0,0.0,0.0,0.0,0.0,0.0,0.0,0.0,0.0,0.443,-0.002,1.013,1.0,-0.0,0.001,-0.0,0.161,-0.0,-0.004,0.0,-0.016,-0.0,0.4537703607534511,-0.001999858820789158,1.0126452220872473,1.0000002538304584,-1.61968954164034e-05,0.0006970717385764021,2.7108619486580967e-08,0.16205370716289497,7.3847326872862974e-06,-0.0066680280984831005,-0.0008788975431256963,-0.0010560588168745983,7.638387773951298e-07,0.5033557046979865,0.0,1.0,1.0,0.0,0.0,0.0,43.07563316408586,0.4572819689445771,0.13001013321268412,100.00000000005606,110.0000000000129,0.4999999999993518,54.997876145270595,0.13582091095116502,0.0138,0.0313,0.0089,0.0086
316,1762837416.2266731,-0.0003231403163528715,6.519852126111829e-06,0.22677349181546402,-1.0207968271704892e-06,-5.787884947851913e-07,0.019583221783515847,-0.0008575517812524328,2.9840799572508174e-06,0.0,0.0,0.0,1.0,0.0,0.0,0.0,0.0,0.0,0.0,0.0,0.0,0.0,0.447,-0.002,1.013,1.0,-0.0,0.001,-0.0,0.14,-0.0,-0.003,0.0,-0.003,0.0,0.45637289977124074,-0.001999858701867789,1.0127292037347055,1.0000003301478968,-1.6194119283691165e-05,0.0005848156357482257,3.441642386947619e-08,0.14109750512969116,7.3913916730284246e-06,-0.005091107748472052,-0.0008787130416583322,-0.021233074814316803,9.442779622858225e-07,0.5100671140939598,0.0,1.0,1.0,0.0,0.0,0.0,43.07820013383686,0.4572598009442776,0.1298343048644984,100.00000000005645,110.00000000001357,0.4999999999993698,54.99776948929803,0.1360509613125569,0.0016,0.0018,0.0106,0.0104
317,1762837416.2888093,-0.00032312229832846795,0.015565125784379491,0.22662299462914962,1.4286588869360384e-06,9.009012201760362e-08,0.07779302966126689,-0.0007524859315722211,1.2247278570532637e-05,0.0,0.0,0.0,1.0,0.0,0.0,0.0,0.0,0.0,0.0,0.0,0.0,0.0,0.453,-0.002,1.013,1.0,-0.0,0.001,-0.0,0.062,-0.0,-0.001,0.0,-0.004,0.0,0.4571741582858339,-0.001999858829995745,1.0128422849107097,1.000000165310045,-1.6191824602737575e-05,0.0008187785084291363,2.709164184425291e-08,0.06319142202793472,7.382745950849901e-06,-0.003744811455055035,-0.0008785184358901769,-0.005725183050703252,6.104151249155827e-07,0.5167785234899329,0.0,1.0,1.0,0.0,0.0,0.0,43.080990772248,0.4572360386783247,0.12962987717324376,100.00000000006492,110.00000000001062,0.4999999999992884,54.99765531800702,0.1359466753565295,0.0017,0.0021,0.0087,0.0074
318,1762837416.3947296,-0.00032301835666610247,0.0008415062692018384,0.22699115771138245,-8.163924146117447e-07,5.197083118277422e-07,-0.07361809757588826,0.0018408154111643556,-1.1225256507738913e-05,0.0,0.0,0.0,1.0,0.0,0.0,0.0,0.0,0.0,0.0,0.0,0.0,0.0,0.461,-0.002,1.013,1.0,-0.0,0.002,-0.0,0.133,-0.0,-0.004,-0.0,0.04,0.0,0.46997523559914345,-0.001999858590093507,1.0126324166566487,0.9999952901575231,-1.6223083053353427e-05,0.003663499499563972,2.1884198584988518e-08,0.13661789469954388,7.393306067223753e-06,-0.007038122831729584,-0.0008800420542324655,0.059241283633566406,-8.677214443679215e-07,0.5234899328859061,0.0,1.0,1.0,0.0,0.0,0.0,43.083447524571554,0.4572151304145683,0.130243741280634,100.00000000006222,110.00000000001288,0.49999999999930905,54.99757895491793,0.1367022166144168,0.0091,0.0037,0.019,0.0268
319,1762837416.4917476,-0.0003232216761265892,-0.0030443463437602306,0.22681456779810086,-1.939181916953499e-06,-1.0165973024333762e-06,-0.019429263064810336,-0.0008829495664081578,-5.613947511708774e-06,0.0,0.0,0.0,1.0,0.0,0.0,0.0,0.0,0.0,0.0,0.0,0.0,0.0,0.469,-0.002,1.013,1.0,-0.0,0.002,-0.0,0.154,-0.0,-0.005,0.0,0.0,0.0,0.4793521682438895,-0.001999859789990812,1.0126084569352904,1.0000004664475814,-1.6067594773225266e-05,0.0017491113339840195,4.385947262367032e-08,0.15650108791692285,7.336704439344614e-06,-0.006678774160535077,-0.000872070307582897,-0.016303040649854588,6.275142504957719e-07,0.5302013422818792,0.0,1.0,1.0,0.0,0.0,0.0,43.08567736586334,0.4571962467198193,0.13016394125389724,100.00000000006273,110.00000000001273,0.49999999999936445,54.99758810328419,0.13694904732449967,0.0045,0.0042,0.038,0.0423
320,1762837416.5521457,-0.00032316550718031526,-0.004422795528022593,0.22702475013679146,-1.8934630200151543e-06,2.808447313696694e-07,-0.0068922459213118115,0.0010509116934528488,2.285944846917243e-07,0.0,0.0,0.0,1.0,0.0,0.0,0.0,0.0,0.0,0.0,0.0,0.0,0.0,0.478,-0.002,1.012,1.0,-0.0,0.002,-0.0,0.161,-0.0,-0.005,0.0,-0.03,0.0,0.4888044468802658,-0.0019998600260257376,1.0115871304098223,1.0000016246406835,-1.6059347819385378e-05,0.0008680736915910642,5.0908359307117286e-08,0.1628929775409925,7.323093902656194e-06,-0.007401375668451988,-0.0008716527208766629,-0.03672930105445354,1.2771005906075704e-06,0.5369127516778524,0.0,1.0,1.0,0.0,0.0,0.0,43.087882537151025,0.45717774816467943,0.1300059220573003,100.00000000006166,110.00000000001012,0.4999999999993774,54.99762267974864,0.13696360332412105,0.0047,0.0042,0.0224,0.027
321,1762837416.6034813,-0.0003233018338716923,0.011194990948911182,0.22666632078950838,7.168481051081752e-07,-6.816334568853508e-07,0.07808893238466887,-0.0017921467364156334,1.3051555625616648e-05,0.0,0.0,0.0,1.0,0.0,0.0,0.0,0.0,0.0,0.0,0.0,0.0,0.0,0.482,-0.002,1.012,1.0,-0.0,0.002,-0.0,0.081,-0.0,-0.002,0.0,-0.018,0.0,0.48747564989216935,-0.00199985971823485,1.0118092051415184,1.0000013845949263,-1.6069433344215334e-05,0.001114332626007705,5.01490080154323e-08,0.0830859937606708,7.338216821485342e-06,-0.003681183407921145,-0.0008720527625837313,-0.033070029756522075,1.0586335943090296e-06,0.5436241610738255,0.0,1.0,1.0,0.0,0.0,0.0,43.090354676868124,0.45715734271166375,0.1302506588514118,100.00000000007128,110.00000000001361,0.49999999999930334,54.99752624745062,0.13713362692715503,0.004,0.0037,0.0174,0.0244
322,1762837416.7074196,-0.0003230356294462902,-0.006390818034643133,0.22720829137807122,-1.67962294507176e-06,1.3310221270109758e-06,-0.08792904491777158,0.002709852942814039,-1.1982355250899676e-05,0.0,0.0,0.0,1.0,0.0,0.0,0.0,0.0,0.0,0.0,0.0,0.0,0.0,0.488,-0.002,1.012,1.0,-0.0,0.001,-0.0,0.176,-0.0,-0.006,0.0,-0.002,0.0,0.4997798293074563,-0.0019998603692730956,1.0115078979458823,0.9999993853381792,-1.6032992409553283e-05,0.0014920976669791962,6.8497857519523056e-09,0.17750549156884915,7.30529668348635e-06,-0.008806290262020565,-0.0008702821447510408,0.03124520606216001,-4.1223770763521027e-07,0.5503355704697986,0.0,1.0,1.0,0.0,0.0,0.0,43.09239325408413,0.4571404533041705,0.1305989498391464,100.00000000006348,110.00000000001063,0.4999999999993834,54.99750301070864,0.1373886341732594,0.004,0.0036,0.0532,0.0413
323,1762837416.730275,-0.00032308823697622176,-0.024498764671698828,0.22688161540268179,-4.624759757132962e-06,-2.6303764965771807e-07,-0.09053973318527844,-0.001633379876947308,-1.4725684060306008e-05,0.0,0.0,0.0,1.0,0.0,0.0,0.0,0.0,0.0,0.0,0.0,0.0,0.0,0.5,-0.002,1.012,1.0,-0.0,0.001,-0.0,0.269,-0.0,-0.008,0.0,-0.065,0.0,0.5179457774910232,-0.001999860683361722,1.011438511258627,0.9999998399626836,-1.5953411110702472e-05,-0.0011490120114999928,2.6849445645914014e-08,0.26890097806318025,7.2928770378227245e-06,-0.00875440698803315,-0.0008661368922141179,-0.06477341858490412,1.1510567419842374e-06,0.5570469798657718,0.0,1.0,1.0,0.0,0.0,0.0,43.09404764481335,0.45712665777397304,0.13026421071452182,100.00000000004626,110.00000000001252,0.4999999999995374,54.99768319282569,0.13714644176431356,0.0015,0.0019,0.0087,0.0092
324,1762837416.757941,-0.00032315731945206937,-0.0026807945761858076,0.22700109222114878,-8.383347516603575e-07,-3.4541237923819013e-07,0.10908985047756507,0.000597384092335057,1.893212502736302e-05,0.0,0.0,0.0,1.0,0.0,0.0,0.0,0.0,0.0,0.0,0.0,0.0,0.0,0.504,-0.002,1.012,1.0,-0.0,-0.0,-0.0,0.153,-0.0,-0.005,0.0,-0.053,-0.0,0.5141670997287492,-0.001999860341121004,1.011596155693475,0.9999965247280271,-1.6019041169971963e-05,-0.0026467435049289984,4.5055686656139834e-08,0.15145077373723356,7.306706688465031e-06,-0.007157967881505002,-0.0008695166229875282,-0.10205514911596039,2.7517052068457182e-06,0.5637583892617449,0.0,1.0,1.0,0.0,0.0,0.0,43.09610112753631,0.45710995096361423,0.1314948207635517,100.00000000004813,110.00000000001111,0.4999999999995045,54.99722385117965,0.1390657101004389,0.0016,0.002,0.0104,0.0083
325,1762837416.8533082,-0.00032351066937290926,0.0142589879723692,0.2264300960933963,2.4611523793262203e-06,-1.7667496041994012e-06,0.08469891274277501,-0.0028549806387626344,1.6497435654932893e-05,0.0,0.0,0.0,1.0,0.0,0.0,0.0,0.0,0.0,0.0,0.0,0.0,0.0,0.512,-0.002,1.011,1.0,-0.0,-0.001,-0.0,0.068,-0.0,-0.002,0.0,-0.013,-0.0,0.5164841141658318,-0.0019998634061808404,1.010810185215677,0.9999997344196181,-1.5684951687350786e-05,-0.001232109092409993,-1.181564730716195e-08,0.0664931812365023,7.1572697013796674e-06,-0.003666968856506873,-0.000852341257652363,0.002296391985044847,2.758413001569335e-07,0.5704697986577181,0.0,1.0,1.0,0.0,0.0,0.0,43.09841995311434,0.45709134308327093,0.13121411381622555,100.00000000005876,110.00000000000668,0.4999999999993693,54.997146618342384,0.13896244143091063,0.0069,0.0129,0.0158,0.0129
326,1762837416.9232543,-0.0003234082058630733,0.0246950063444071,0.22679489833615535,3.603189163452056e-06,5.123175491798066e-07,0.05218009186018949,0.0018240112137952792,5.710183920629175e-06,0.0,0.0,0.0,1.0,0.0,0.0,0.0,0.0,0.0,0.0,0.0,0.0,0.0,0.52,-0.002,1.011,1.0,-0.0,-0.001,-0.0,0.019,-0.0,-0.001,-0.0,0.004,0.0,0.5212318956835713,-0.001999863269148112,1.0108156027229471,1.0000005108184165,-1.574279184282276e-05,-8.294812885528908e-06,-4.447857957504468e-08,0.018168999183929526,7.161262862987782e-06,-0.004604547271332109,-0.0008553527493565588,0.05350645573152337,-1.497776476012962e-06,0.5771812080536912,0.0,1.0,1.0,0.0,0.0,0.0,43.101024148175846,0.4570706087247755,0.13354736872759046,100.00000000007562,110.00000000000459,0.4999999999991715,54.99692306737046,0.14059344334047266,0.0066,0.0037,0.0184,0.0249
327,1762837416.9830441,-0.00032352297490691575,0.004055243033484774,0.22702174850930348,-3.5896132070593055e-07,-5.738452192123513e-07,-0.10319881655461163,0.0011342508657407146,-1.9810752420789934e-05,0.0,0.0,0.0,1.0,0.0,0.0,0.0,0.0,0.0,0.0,0.0,0.0,0.0,0.527,-0.002,1.011,1.0,0.0,0.0,-0.0,0.116,-0.0,-0.004,-0.0,0.071,-0.0,0.5347734970237548,-0.0019998669463186726,1.0106643608417736,0.9999954653815163,-1.533220860867886e-05,0.0030203515447238274,-2.727654519685868e-08,0.1178427507773528,6.987439808930964e-06,-0.006002637557048282,-0.000834497503907634,0.1058239178983752,-1.9041032910772506e-06,0.5838926174496644,0.0,1.0,1.0,0.0,0.0,0.0,43.103156971507296,0.4570537726931656,0.13499349041005856,100.00000000008322,110.00000000000887,0.4999999999991141,54.99639336509729,0.14335138901089692,0.0017,0.0019,0.0096,0.0341
328,1762837417.0336506,-0.00032405401345474605,0.0008230764765987143,0.22683707554162744,-1.7600768617827947e-06,-2.6551927391515236e-06,-0.016160832784430312,-0.0009233648383804296,-7.005577705384324e-06,0.0,0.0,0.0,1.0,0.0,0.0,0.0,0.0,0.0,0.0,0.0,0.0,0.0,0.535,-0.002,1.011,1.0,0.0,0.002,-0.0,0.129,-0.0,-0.004,-0.0,0.016,0.0,0.5436937239938472,-0.001999870736237891,1.010685333778364,0.999999372560009,-1.4916919530038552e-05,0.0022893172886211685,4.129680888550048e-08,0.13185739238402172,6.798995832100394e-06,-0.0053968665597381605,-0.0008129884713856722,-0.0013389114812152915,5.624918623573411e-07,0.5906040268456376,0.0,1.0,1.0,0.0,0.0,0.0,43.10519141681886,0.4570378333479628,0.13441974089092684,100.0000000000822,110.00000000000526,0.499999999999128,54.99621542108027,0.14399684317467978,0.0017,0.0019,0.0187,0.0092
329,1762837417.0939448,-0.00032415518687888185,0.003929211350608456,0.22696826184375637,-1.1090926597103755e-06,-5.058671206791161e-07,0.015530674370048708,0.0006559315106447732,3.2549210103620966e-06,0.0,0.0,0.0,1.0,0.0,0.0,0.0,0.0,0.0,0.0,0.0,0.0,0.0,0.544,-0.002,1.01,1.0,0.0,0.002,-0.0,0.112,-0.0,-0.003,-0.0,-0.005,0.0,0.5515501240148276,-0.0019998706923786847,1.0097301947545843,1.0000005516830521,-1.4930769836392419e-05,0.0017020863800724948,5.166429885751461e-08,0.1144396791080723,6.797152295783628e-06,-0.005112676716253632,-0.0008135485797471937,-0.012519578579161098,1.2643159898076457e-06,0.5973154362416108,0.0,1.0,1.0,0.0,0.0,0.0,43.107312722517136,0.45702140397744145,0.13444167020223577,100.00000000008549,110.00000000000745,0.49999999999912154,54.99620694167632,0.14401230894698638,0.0018,0.002,0.0103,0.0107
330,1762837417.162817,-0.00032394399010645747,-0.020084349771846394,0.2270275024962986,-4.356605435310965e-06,1.055983862122004e-06,-0.12006780561227426,0.00029620326271123393,-1.6237563878002946e-05,0.0,0.0,0.0,1.0,0.0,0.0,0.0,0.0,0.0,0.0,0.0,0.0,0.0,0.552,-0.002,1.01,1.0,0.0,0.002,-0.0,0.233,-0.0,-0.005,-0.0,-0.003,0.0,0.5676189427833781,-0.0019998705760941567,1.0096156989379648,1.0000001377526873,-1.4929516306597887e-05,0.001929771985828694,4.223586778947595e-08,0.23555598067598907,6.803238769717739e-06,-0.006500417113333679,-0.0008134201824147193,-0.0007495128573584756,6.951317392408617e-07,0.6040268456375839,0.0,1.0,1.0,0.0,0.0,0.0,43.10913662715877,0.4570072169667063,0.13442935199659778,100.00000000006389,110.00000000000443,0.4999999999993129,54.99629944276541,0.14388150918828874,0.0017,0.0015,0.0118,0.012
331,1762837417.2516017,-0.00032417608013258033,-0.00109455519748608,0.2269906207724343,-1.3378105230553323e-06,-1.1604501306143643e-06,0.09494897287180154,-0.00018440861932145529,1.5093974561278163e-05,0.0,0.0,0.0,1.0,0.0,0.0,0.0,0.0,0.0,0.0,0.0,0.0,0.0,0.56,-0.002,1.01,1.0,-0.0,0.001,-0.0,0.141,-0.0,-0.003,-0.0,-0.068,0.0,0.5694058454161713,-0.0019998704984206853,1.009752939308943,0.9999987558866474,-1.4932465317167198e-05,-0.0018715438636917165,5.561492699595855e-08,0.14055467939426566,6.806378038858673e-06,-0.004395807044517289,-0.000813507170202855,-0.1026143805192471,2.6706709475881834e-06,0.610738255033557,0.0,1.0,1.0,0.0,0.0,0.0,43.11112065947821,0.45699204352829487,0.13539858728396342,100.00000000007016,110.00000000000179,0.49999999999928585,54.9960651930769,0.1453786425797015,0.0045,0.0037,0.0173,0.024
332,1762837417.3219872,-0.00032441005379904705,0.008405651504656815,0.22659184031797575,1.048201261669888e-06,-1.1698683323335289e-06,0.04750103351071446,-0.0019939022722928784,1.1930058923626103e-05,0.0,0.0,0.0,1.0,0.0,0.0,0.0,0.0,0.0,0.0,0.0,0.0,0.0,0.568,-0.002,1.01,1.0,-0.0,-0.001,-0.0,0.094,-0.0,-0.002,-0.0,-0.023,0.0,0.574213817041472,-0.0019998726837202312,1.0098150312547907,0.9999994577683052,-1.4707199941332056e-05,-0.001438221122893515,-4.81785396244222e-09,0.09233423299463306,6.699046801532881e-06,-0.0035472851597520413,-0.0008019644824296389,-0.0011482686778226938,7.20746352369248e-07,0.6174496644295302,0.0,1.0,1.0,0.0,0.0,0.0,43.11314833264647,0.45697667723653373,0.1351394014419656,100.00000000008016,110.00000000000138,0.4999999999992006,54.9959173250171,0.14600770929939788,0.0027,0.0037,0.0189,0.027
333,1762837417.3644805,-0.00032444865028388985,0.01167852221127795,0.22687432904561644,1.383999697124774e-06,-1.9298242421401587e-07,0.016364353533105676,0.0014124436382033454,1.67899217727443e-06,0.0,0.0,0.0,1.0,0.0,0.0,0.0,0.0,0.0,0.0,0.0,0.0,0.0,0.577,-0.002,1.01,1.0,-0.0,-0.0,-0.0,0.072,-0.0,-0.002,-0.0,0.015,-0.0,0.5818096288317984,-0.001999873148792697,1.0097744608756007,0.9999996725795295,-1.4679117604466814e-05,0.0008106405223947399,-1.1215780753990693e-08,0.07246390877598892,6.672013538375723e-06,-0.004815698854851198,-0.0008003437958428218,0.03299050296897768,-7.335163237794445e-07,0.6241610738255033,0.0,1.0,1.0,0.0,0.0,0.0,43.11526563122367,0.45696073936956455,0.13511583766289517,100.00000000008772,109.99999999999852,0.4999999999991055,54.99586278648801,0.14604735877037445,0.0019,0.002,0.0143,0.0103
334,1762837417.4581954,-0.0003239846762804875,-0.01844050033897409,0.22716905491902017,-3.600037740376759e-06,2.319870017011968e-06,-0.1505951127512602,0.001473629367018591,-2.4920187187507663e-05,0.0,0.0,0.0,1.0,0.0,0.0,0.0,0.0,0.0,0.0,0.0,0.0,0.0,0.584,-0.002,1.009,1.0,-0.0,0.0,-0.0,0.216,-0.0,-0.006,-0.0,0.08,-0.0,0.5984384584785567,-0.0019998729181106363,1.0085468133502369,0.9999966861505782,-1.4678017453625057e-05,0.0025737978888567942,-2.446352996305535e-09,0.2177030375722982,6.685012118209142e-06,-0.007544036934103932,-0.000800241433066485,0.07272150600134979,-7.390427815268952e-07,0.6308724832214765,0.0,1.0,1.0,0.0,0.0,0.0,43.11679693845375,0.45694916782359,0.1346387136367159,100.00000000006948,110.00000000000416,0.4999999999992837,54.99598933304702,0.14562891477787346,0.0114,0.0103,0.0183,0.0161
335,1762837417.4939985,-0.000324513674207991,-0.00690325421222315,0.2270228780888204,-2.2504068394471284e-06,-2.6449896375174394e-06,0.05768623063375469,-0.0007308841509986298,6.748154504648151e-06,0.0,0.0,0.0,1.0,0.0,0.0,0.0,0.0,0.0,0.0,0.0,0.0,0.0,0.592,-0.002,1.009,1.0,-0.0,0.001,-0.0,0.162,-0.0,-0.004,-0.0,-0.032,0.0,0.602821872037792,-0.0019998721116404787,1.0087070175631014,1.0000000913894307,-1.4738785243365455e-05,-0.000903799265641436,5.4205092177083875e-08,0.16223804083793733,6.723112423991473e-06,-0.004738622998880626,-0.0008031758902700256,-0.08152519448843412,2.343846071223204e-06,0.6375838926174496,0.0,1.0,1.0,0.0,0.0,0.0,43.11846655829921,0.4569367020181642,0.1348814452393107,100.0000000000632,110.00000000000124,0.4999999999993103,54.995940193489865,0.1457335387272603,0.002,0.0025,0.0107,0.0099
336,1762837417.581955,-0.0003244676469114876,0.0021044960494595345,0.22682569489933274,5.7604698847346755e-08,2.301364825168465e-07,0.04503875130841342,-0.0009859159474382452,1.1540057691472372e-05,0.0,0.0,0.0,1.0,0.0,0.0,0.0,0.0,0.0,0.0,0.0,0.0,0.0,0.6,-0.002,1.009,1.0,0.0,0.0,-0.0,0.119,-0.0,-0.003,0.0,-0.031,-0.0,0.6079174854177595,-0.001999872344574529,1.0087549985299953,0.9999994618854114,-1.4735700676454557e-05,-0.0010379717260287666,1.9701049855251428e-08,0.1183157082269426,6.7136165146683166e-06,-0.004366651719802754,-0.0008033138329876418,-0.028265490317506525,1.2953013053540842e-06,0.6442953020134228,0.0,1.0,1.0,0.0,0.0,0.0,43.12021231607391,0.45692376044139443,0.13488095789829946,100.00000000006716,109.9999999999968,0.4999999999992628,54.995919560514075,0.1457182416627515,0.0016,0.0019,0.0194,0.0235
337,1762837417.6762462,-0.00032446160575674696,0.008832228096166461,0.2268248461355498,1.2209595103380516e-06,3.020577370323706e-08,0.03363866023353464,-4.243818914700936e-06,5.816774057453525e-06,0.0,0.0,0.0,1.0,0.0,0.0,0.0,0.0,0.0,0.0,0.0,0.0,0.0,0.607,-0.002,1.009,1.0,0.0,-0.0,-0.0,0.084,-0.0,-0.002,0.0,-0.001,-0.0,0.6126004039708155,-0.001999872459356192,1.0088022971682304,0.9999999917061834,-1.4732136986111804e-05,0.00011781343019044265,-3.1210727941115398e-09,0.0840430154900664,6.706351309809692e-06,-0.003952668595892142,-0.0008030233374495856,0.008768826818220388,-2.033825560276207e-07,0.6510067114093959,0.0,1.0,1.0,0.0,0.0,0.0,43.122102035414386,0.4569098376169837,0.13492546612930598,100.00000000007627,109.99999999999753,0.4999999999991755,54.995912053806116,0.14566929878756427,0.0043,0.0036,0.0284,0.0361
338,1762837417.7293067,-0.00032447196069369734,0.006752322976533864,0.22686864796016804,6.222783474022938e-07,-5.177468475172156e-08,-0.010399525598162988,0.0002190091230911224,-2.9934058146787886e-06,0.0,0.0,0.0,1.0,0.0,0.0,0.0,0.0,0.0,0.0,0.0,0.0,0.0,0.616,-0.002,1.009,1.0,0.0,0.0,-0.0,0.093,-0.0,-0.002,-0.0,0.016,0.0,0.6222102460835082,-0.0019998724374898505,1.0088052301553756,0.9999996481923512,-1.4732869136267487e-05,0.0008420586250695461,-1.1451981915929907e-08,0.09348685121340346,6.708301484655189e-06,-0.003834067289188703,-0.0008030900109667737,0.03339211943140778,-7.088837334163028e-07,0.6577181208053691,0.0,1.0,1.0,0.0,0.0,0.0,43.12397638995205,0.4568961038341596,0.13524019415085411,100.00000000008404,109.99999999999295,0.49999999999911293,54.995836186935726,0.14608948410043632,0.004,0.0036,0.0186,0.0248
339,1762837417.7946932,-0.0003245667938728775,0.010469159637954105,0.22678630789665485,7.321253234647775e-07,-4.7416589590073156e-07,0.018584183307101203,-0.00041170031756599225,5.49234880312418e-07,0.0,0.0,0.0,1.0,0.0,0.0,0.0,0.0,0.0,0.0,0.0,0.0,0.0,0.623,-0.002,1.009,1.0,0.0,0.001,-0.0,0.072,-0.0,-0.001,-0.0,0.013,0.0,0.6278508164005521,-0.0019998730623177266,1.008876398328576,0.9999993312015828,-1.4663609479962103e-05,0.001529722074729571,1.1029969347989724e-08,0.07363314695440032,6.677763232559504e-06,-0.002692730729995152,-0.0007995228409281563,0.01746447183424629,-2.541665226928842e-07,0.6644295302013423,0.0,1.0,1.0,0.0,0.0,0.0,43.125941037196874,0.4568818071691838,0.13530527413266435,100.00000000009335,109.99999999998974,0.4999999999990184,54.99573190637284,0.14649848480715907,0.0045,0.0042,0.023,0.027
340,1762837417.8925188,-0.00032458261232060504,0.02059311741922401,0.22674012559728104,1.978744289886936e-06,-7.909223863756913e-08,0.05061978890634953,-0.0002309114968689972,6.233094832110792e-06,0.0,0.0,0.0,1.0,0.0,0.0,0.0,0.0,0.0,0.0,0.0,0.0,0.0,0.629,-0.002,1.009,1.0,0.0,0.001,-0.0,0.024,-0.0,-0.0,-0.0,0.004,0.0,0.6306484288594971,-0.0019998734927849375,1.0089339012492922,0.9999993815106469,-1.4622431833157977e-05,0.001498716927483553,8.668842605578786e-09,0.025555946660591463,6.655467010025444e-06,-0.001986285247718767,-0.0007973594448806048,0.024398769336596574,-2.68619586768746e-07,0.6711409395973155,0.0,1.0,1.0,0.0,0.0,0.0,43.12801547644808,0.4568668305978397,0.13527842350728042,100.00000000010702,109.99999999998573,0.4999999999988456,54.99552566002155,0.1470573815499236,0.0103,0.0326,0.0359,0.0112
341,1762837417.9110765,-0.0003247067496669772,0.02231652237161068,0.22676074575031302,1.894697653142276e-06,-6.206867318610514e-07,0.008617024761933347,0.00010310076515986435,-4.2023318372330113e-07,0.0,0.0,0.0,1.0,0.0,0.0,0.0,0.0,0.0,0.0,0.0,0.0,0.0,0.629,-0.002,1.009,1.0,0.0,0.001,-0.0,0.024,-0.0,-0.0,-0.0,0.004,0.0,0.6306523416867917,-0.001999873959496552,1.0089309256419072,0.9999985509671891,-1.4570700834229198e-05,0.001985243522358125,-5.087951901380677e-09,0.025774354448114253,6.630645781478598e-06,-0.002069698122729749,-0.000794554382815531,0.05198003204821582,-9.478834301422055e-07,0.6778523489932886,0.0,1.0,1.0,0.0,0.0,0.0,43.13006437786743,0.4568521729571848,0.13533853244526495,100.0000000001212,109.99999999998347,0.4999999999986806,54.99499782866671,0.1482280494611587,0.0012,0.0015,0.0073,0.008
342,1762837418.0136826,-0.00032417284873513714,-0.01460887421073329,0.22693118315914307,-4.3555890553761666e-06,2.6695046592006702e-06,-0.18462698291171983,0.0008521870441502389,-3.125143354259221e-05,0.0,0.0,0.0,1.0,0.0,0.0,0.0,0.0,0.0,0.0,0.0,0.0,0.0,0.642,-0.002,1.008,1.0,0.0,0.004,-0.0,0.189,-0.0,-0.003,-0.0,0.081,0.0,0.6548135596946968,-0.0019998749396151123,1.007736632543892,0.9999856413320695,-1.4458624946483309e-05,0.006687075326159925,5.022189994416333e-08,0.19597726594544523,6.5798089403741505e-06,-0.004894176377676634,-0.0007885816386257388,0.07782918024735122,-9.921043512065462e-07,0.6845637583892618,0.0,1.0,1.0,0.0,0.0,0.0,43.13170806078654,0.4568403845999826,0.1352149431962504,100.0000000001067,109.99999999998182,0.49999999999884176,54.995163516058504,0.14781690145500603,0.0063,0.0057,0.0272,0.038
343,1762837418.0295815,-0.00032480711836566496,-0.016477293837502256,0.22674985039498918,-5.035863144388163e-06,-3.1713481526389345e-06,-0.009342098133844817,-0.0009066638207696717,-3.4013704450599873e-06,0.0,0.0,0.0,1.0,0.0,0.0,0.0,0.0,0.0,0.0,0.0,0.0,0.0,0.642,-0.002,1.008,1.0,0.0,0.004,-0.0,0.189,-0.0,-0.003,-0.0,0.081,0.0,0.6547994743561131,-0.00199987456560232,1.0077553461584676,0.9999962945904409,-1.4482189331658615e-05,0.004837793837848002,1.2357929996460535e-07,0.19515796062196733,6.597810169394543e-06,-0.004307298569941943,-0.0007896856534779959,-0.0293401315225208,2.7947659768890718e-06,0.6912751677852349,0.0,1.0,1.0,0.0,0.0,0.0,43.133311458208325,0.4568289470810349,0.14067879994083693,100.00000000008654,109.99999999998364,0.49999999999906164,54.9949995265972,0.1515424643644555,0.0013,0.0015,0.0064,0.0062
344,1762837418.1073442,-0.000324933780696268,0.0002923282159753189,0.22700090181216892,-1.3915467903265213e-06,-6.333116530150189e-07,0.08384811026738788,0.0012552570858988146,1.8221581770308208e-05,0.0,0.0,0.0,1.0,0.0,0.0,0.0,0.0,0.0,0.0,0.0,0.0,0.0,0.653,-0.002,1.008,1.0,0.0,0.004,-0.0,0.119,-0.0,-0.002,-0.0,-0.049,0.0,0.6610773420907652,-0.001999882290977604,1.0078013201540086,1.0000066078816499,-1.3707163142051022e-05,0.0016870903613188206,1.0248957462039748e-07,0.12283861075251114,6.226555428764717e-06,-0.0039765568389754586,-0.00075052700380239,-0.08492234621502966,2.8586197109298077e-06,0.697986577181208,0.0,1.0,1.0,0.0,0.0,0.0,43.13504259889205,0.4568168709148521,0.1419144247391103,100.00000000008801,109.99999999998134,0.4999999999990391,54.994599375686484,0.15379110817113098,0.0065,0.0053,0.0166,0.0094
345,1762837418.1523578,-0.00032538386153825203,0.00021366039325131786,0.2267954583274459,-4.109933032109543e-07,-2.2504042099201742e-06,-0.00039333911361999485,-0.0010272174236149283,4.9027674355778345e-06,0.0,0.0,0.0,1.0,0.0,0.0,0.0,0.0,0.0,0.0,0.0,0.0,0.0,0.659,-0.002,1.008,1.0,0.0,0.002,-0.0,0.13,-0.0,-0.002,-0.0,-0.046,0.0,0.6677327067667215,-0.001999884813933326,1.0078309547584028,1.0000017208977765,-1.3414748463341964e-05,0.0007372485402023705,3.181874633609772e-08,0.13172276413922016,6.10020070215543e-06,-0.0030253154767863493,-0.0007351440110868638,-0.0272126691574299,5.34610620515646e-07,0.7046979865771812,0.0,1.0,1.0,0.0,0.0,0.0,43.136688759381904,0.45680545019033403,0.14184350672469861,100.00000000008427,109.99999999997594,0.49999999999905764,54.994551700547326,0.15399456493249175,0.0011,0.0012,0.0075,0.0071
346,1762837418.2484868,-0.0001507435423496231,-0.006865773609345265,0.2269722625685836,-3.3257812541161273e-06,0.0008732015959431448,-0.03539717001298291,0.0008840212056885873,-1.4573939754525863e-05,0.0,0.0,0.0,1.0,0.0,0.0,0.0,0.0,0.0,0.0,0.0,0.0,0.0,0.663,-0.002,1.008,1.0,0.0,0.002,-0.0,0.169,-0.0,-0.003,-0.0,-0.046,-0.0,0.6743326117157532,-0.001999884888195517,1.0077417948351906,1.0000017852511613,-1.3423081718743256e-05,0.0006535053908535119,2.3338379836802164e-08,0.1706895950711609,6.0955575674732674e-06,-0.0047692287842000195,-0.0007356300858557849,-0.034334422465976344,1.0876451857429392e-07,0.7114093959731543,0.0,1.0,1.0,0.0,0.0,0.0,43.1382455606857,0.45679465429187444,0.14237557358872546,100.00000000007499,109.99999999997264,0.49999999999915606,54.99470982888694,0.15373790658235936,0.0017,0.0024,0.0301,0.0119
347,1762837418.2896624,3.625121916879043e-05,-0.009475845621834173,0.22688266158223155,-7.137368195084401e-06,0.0009349738075920678,-0.013050360062444545,-0.00044800493176038814,-1.905793470484137e-05,0.0,0.0,0.0,1.0,0.0,0.0,0.0,0.0,0.0,0.0,0.0,0.0,0.0,0.667,-0.002,1.008,1.0,0.0,0.001,-0.0,0.185,-0.0,-0.003,-0.0,-0.047,-0.0,0.6793536229285797,-0.001999946722772625,1.0077634785771041,1.0000003128754684,-5.373536428104064e-06,-0.0006122363196187988,4.4929666250254785e-08,0.18526102965121194,2.5139078548817796e-06,-0.004061863869991915,-0.0002683838130777715,-0.04909124743944419,2.4328543410342446e-06,0.7181208053691275,0.0,1.0,1.0,0.0,0.0,0.0,43.139740191730574,0.4567843576769796,0.14283574541193617,100.00000000006166,109.99999999997566,0.4999999999992709,54.99487016465476,0.1537280888567744,0.0011,0.0014,0.0096,0.0086
348,1762837418.3591557,0.0003513619240582724,0.02270075666160383,0.22657178514487208,-3.749834745482775e-05,0.00157555352444741,0.16088301141719002,-0.001554382186797233,-0.00015180489629871674,0.0,0.0,0.0,1.0,0.0,0.0,0.0,0.0,0.0,0.0,0.0,0.0,0.0,0.672,-0.002,1.008,1.0,-0.0,0.001,-0.0,0.015,-0.0,-0.0,-0.0,-0.004,-0.0,0.6730377208712448,-0.002000012763358433,1.0079498732736543,1.0000004243945941,2.3803799072078646e-06,0.00040969460981842357,8.680521976478845e-08,0.016011055138760354,-1.0056261964432355e-06,-0.0015102802193590963,0.00015844740656811908,-0.029321322630690785,5.136598211916132e-06,0.7248322147651006,0.0,1.0,1.0,0.0,0.0,0.0,43.141551029201054,0.45677220937831764,0.1420802130235314,100.00000000007975,109.99999999997853,0.49999999999910594,54.99456945408854,0.15338704234893435,0.0016,0.0018,0.0097,0.0096
349,1762837418.4605532,0.0006960055323212663,-0.0007994194586060342,0.22712916298120153,6.265458130183986e-05,0.0017232180413149693,-0.1175008806010493,0.0027868891816472327,0.0005007646437833381,0.0,0.0,0.0,1.0,0.0,0.0,0.0,0.0,0.0,0.0,0.0,0.0,0.0,0.676,-0.002,1.008,1.0,-0.0,0.0,-0.0,0.153,-0.0,-0.002,-0.0,-0.025,0.0,0.6861973921048974,-0.0020001244649674663,1.0077876405686486,0.9999998992257583,1.604063879869244e-05,0.0004499413640583614,4.78509721471004e-07,0.15302413217462163,-7.149336475929739e-06,-0.004408284926604089,0.000926493794358278,0.05095269500786378,2.7217628675519704e-05,0.7315436241610738,0.0,1.0,1.0,0.0,0.0,0.0,43.143204904066565,0.4567610887750428,0.14493136875594947,99.9999999999883,109.99999999997827,0.5000000000000232,54.99425223941415,0.1562981616813482,0.0052,0.006,0.0301,0.0169
350,1762837418.5509267,0.0008893465922575805,0.002192063398638623,0.2267374861362336,5.964417456413295e-06,0.0009667052996815707,0.014957414286223276,-0.0019583842248397025,-0.00028345081922713283,0.0,0.0,0.0,1.0,0.0,0.0,0.0,0.0,0.0,0.0,0.0,0.0,0.0,0.68,-0.002,1.008,1.0,0.0,0.0,-0.0,0.13,-0.0,-0.002,0.001,0.008,0.0,0.6886698208282646,-0.002000666378035802,1.0078505460520006,0.9999999910104672,5.5249102101363245e-05,6.623380091005704e-05,-8.547684952701817e-07,0.13009309548414486,-3.170124944524392e-05,-0.002392556356794724,0.002223187019973762,-0.006655301470164577,-5.111487060920724e-05,0.7382550335570469,0.0,1.0,1.0,0.0,0.0,0.0,43.144695186304425,0.456751139305215,0.14493104043453656,99.99999999991155,109.999999999977,0.5000000000008115,54.99421389084718,0.15670441673986543,0.0066,0.0058,0.0293,0.0398
351,1762837418.5764852,0.0013809404005530462,-0.008172489281064975,0.22702992889813237,4.5494255085915954e-05,0.0024579690414773285,-0.05182276339851799,0.0014622138094937537,0.0001976491881475132,0.0,0.0,0.0,1.0,0.0,0.0,0.0,0.0,0.0,0.0,0.0,0.0,0.0,0.683,-0.002,1.008,1.0,0.0,0.0,-0.0,0.184,-0.0,-0.004,0.002,0.007,0.0,0.6952704042237753,-0.0020011573537855815,1.0076727589847412,0.9999999563309535,8.804671425906508e-05,0.00028219178468312777,-2.358309651791806e-10,0.18417367069022772,-5.3246442318074526e-05,-0.00587034974958075,0.0031417323284262653,0.009904684077227863,2.2241506212479123e-06,0.7449664429530202,0.0,1.0,1.0,0.0,0.0,0.0,43.14598877056517,0.45674252123064807,0.14477904807309883,99.99999999988704,109.99999999997502,0.5000000000010884,54.99420820917542,0.1570215320824149,0.0016,0.0019,0.0097,0.0112
352,1762837418.652752,0.0019058220291992337,0.009245594189877977,0.22679842192965669,-6.342532857916439e-05,0.0026244081432309375,0.08709041735471476,-0.0011575348423782067,-0.0005445979183254016,0.0,0.0,0.0,1.0,0.0,0.0,0.0,0.0,0.0,0.0,0.0,0.0,0.0,0.686,-0.002,1.008,1.0,0.0,0.0,-0.0,0.099,-0.0,-0.002,0.002,-0.001,0.0,0.6925967894384881,-0.0020013264211064794,1.0078397173113787,0.9999999150866512,0.0001089263140624396,-0.00039874265199838616,-5.613659727233518e-07,0.09881614967721732,-6.272470247914319e-05,-0.0027579354220436084,0.0043312732314444,-0.02253203762010445,-3.149720256990557e-05,0.7516778523489933,0.0,1.0,1.0,0.0,0.0,0.0,43.14745397955782,0.45673289684504315,0.14519777094423286,99.99999999976964,109.9999999999771,0.5000000000022572,54.99418087288649,0.1569805692192615,0.0016,0.0019,0.01,0.0372
353,1762837418.7446177,0.002079292811108067,0.0037755401789218677,0.2269015993406875,1.751340843119111e-05,0.0008673539095441656,-0.02735027005478055,0.0005158870551540682,0.0004046936850517775,0.0,0.0,0.0,1.0,0.0,0.0,0.0,0.0,0.0,0.0,0.0,0.0,0.0,0.688,-0.002,1.008,1.0,0.0,0.0,-0.0,0.136,-0.0,-0.003,0.003,-0.004,-0.0,0.6970680910666291,-0.002001929386714553,1.0077472737296824,0.9999999262550937,0.00015570661703548036,0.000343583455078813,8.490049856055363e-07,0.13612226574829137,-9.054015764108211e-05,-0.004610646780167336,0.006045121364441134,0.02482450182661316,4.8948014648104974e-05,0.7583892617449665,0.0,1.0,1.0,0.0,0.0,0.0,43.14881327925973,0.45672400533458135,0.14510313759943816,99.9999999997006,109.99999999998252,0.5000000000029761,54.994124372513234,0.1570482011710773,0.0066,0.0058,0.0352,0.0278
354,1762837418.7608418,0.002788640032775032,0.004959537102292747,0.22686505794580003,-2.7710864152497163e-06,0.003546736108334825,0.00591998461685439,-0.0001827069744373155,-0.00010142247423220406,0.0,0.0,0.0,1.0,0.0,0.0,0.0,0.0,0.0,0.0,0.0,0.0,0.0,0.688,-0.002,1.008,1.0,0.0,0.0,-0.0,0.136,-0.0,-0.003,0.003,-0.004,-0.0,0.6970662362591176,-0.0020019897162349494,1.0077612843723793,0.9999999892350842,0.00016097378508773106,2.1175348814006426e-05,-3.1326923947331464e-07,0.13598495488088594,-9.314492004170882e-05,-0.004139202273396704,0.006283583166962247,0.0038172066267740255,-2.147219421290545e-05,0.7651006711409396,0.0,1.0,1.0,0.0,0.0,0.0,43.15014320995622,0.4567153747950418,0.14501472766102033,99.99999999970096,109.99999999998401,0.500000000002917,54.994088277342236,0.15704586487044267,0.0012,0.0012,0.0067,0.0064
355,1762837418.8362217,0.0032590419773983596,0.008956414753102672,0.22689286657990929,-1.4668434908973746e-05,0.0023520097231166373,0.01998438825404962,0.0001390431705461351,-5.948674246862016e-05,0.0,0.0,0.0,1.0,0.0,0.0,0.0,0.0,0.0,0.0,0.0,0.0,0.0,0.697,-0.002,1.007,1.0,0.0,0.0,-0.0,0.112,-0.0,-0.002,0.007,0.012,-0.0,0.7044734849135509,-0.0020039418526776485,1.0068226622782173,0.9999998259475019,0.0002951482090371347,0.0005129304971165917,2.3656430980507726e-08,0.11231282794978961,-0.00018063173121607385,-0.0033193481176277038,0.010286630301928196,0.01801194867362144,1.0865295784510627e-06,0.7718120805369127,0.0,1.0,1.0,0.0,0.0,0.0,43.15154805230171,0.456706386420062,0.14503736175635473,99.99999999969693,109.99999999998892,0.5000000000029475,54.99407264520144,0.15705466986305658,0.0012,0.0016,0.0134,0.0177
356,1762837418.8903818,0.0032351505370012777,0.0027041911880392308,0.2269642644308079,4.506133753218917e-05,-0.00011945720198541007,-0.03126111782531721,0.00035698925449294066,0.00029864886220581455,0.0,0.0,0.0,1.0,0.0,0.0,0.0,0.0,0.0,0.0,0.0,0.0,0.0,0.698,-0.002,1.007,1.0,0.0,0.0,-0.0,0.149,-0.0,-0.003,0.01,0.018,-0.0,0.7079440775373522,-0.002005386070053741,1.0067610185966638,0.9999995739656575,0.00039034232459737975,0.0008398251137566947,1.084762626796924e-07,0.14950045442914797,-0.00024410184250110684,-0.004159291286714371,0.012898150450540474,0.031206272760509367,2.8768987616607835e-06,0.7785234899328859,0.0,1.0,1.0,0.0,0.0,0.0,43.152804208287066,0.45669837986466577,0.14501162559379577,99.99999999970062,109.99999999998954,0.5000000000029035,54.994070203917836,0.15702572904871423,0.0029,0.0013,0.0081,0.009
357,1762837418.9584723,0.004045470580656798,0.003719922278260958,0.22695594414802892,1.2811261570140374e-05,0.0040516002182776,0.0050786554511086275,-4.160141389480021e-05,-0.00016125037981024395,0.0,0.0,0.0,1.0,0.0,0.0,0.0,0.0,0.0,0.0,0.0,0.0,0.0,0.701,-0.002,1.007,1.0,0.0,0.001,-0.0,0.144,-0.0,-0.003,0.009,0.016,-0.0,0.7106505914054544,-0.00200495219654847,1.0067688296265178,0.9999994402180272,0.00036127296774182645,0.0014098534177440338,-9.750936824825675e-07,0.14560188776428912,-0.00022448052590959196,-0.003919261524003261,0.01209098286421795,0.007835792846818573,-3.4668694764742374e-05,0.785234899328859,0.0,1.0,1.0,0.0,0.0,0.0,43.15401785480524,0.45669070312638993,0.145058809639445,99.99999999960447,109.99999999999181,0.5000000000038742,54.99408704700867,0.1570508162557517,0.0017,0.0019,0.0097,0.0095
358,1762837419.0545316,0.003983886933909259,0.007131413981812104,0.22687686277486233,-1.617229106317869e-05,-0.00030791823373769317,0.01705745851775573,-0.0003954068658329473,-0.00014491776316659532,0.0,0.0,0.0,1.0,0.0,0.0,0.0,0.0,0.0,0.0,0.0,0.0,0.0,0.705,-0.002,1.007,1.0,0.001,0.001,-0.0,0.13,-0.0,-0.002,0.011,0.014,-0.0,0.7137167445020904,-0.0020489041470453623,1.0068334121147606,0.999999041402948,0.0013662725714002073,0.0014319250113053775,-1.7348682073012414e-07,0.1315955337377218,-0.0015456781969203,-0.002994332498503214,0.010764695484578311,0.011817821101610067,-1.1559578177869252e-05,0.7919463087248322,0.0,1.0,1.0,0.0,0.0,0.0,43.1553216322031,0.4566825397007462,0.1451038384559669,99.99999999954923,109.99999999999257,0.5000000000044591,54.994080235177336,0.15713896878193623,0.0036,0.0063,0.0296,0.0126
359,1762837419.0900154,0.003652494083408296,0.007174897801136656,0.22690953165002825,-1.9802795835005875e-05,-0.0016569642525048195,0.00021741909662275662,0.0001633443758298457,-1.8152523859135932e-05,0.0,0.0,0.0,1.0,0.0,0.0,0.0,0.0,0.0,0.0,0.0,0.0,0.0,0.71,-0.002,1.007,1.0,0.001,0.001,-0.0,0.134,-0.001,-0.002,0.009,0.013,-0.0,0.7189841223743692,-0.0021146762897112916,1.0068258073864926,0.9999989401377658,0.0013080185036296967,0.001552384667752143,2.6113974785092713e-08,0.1356419913395737,-0.002505588089399973,-0.0032326152172304262,0.009161313538061973,0.01963962999959657,-1.2880406373766164e-05,0.7986577181208053,0.0,1.0,1.0,0.0,0.0,0.0,43.15661493132805,0.45667449492652656,0.14509789535892367,99.9999999995392,109.99999999999426,0.500000000004538,54.9940732304139,0.1571656743668083,0.0017,0.002,0.0097,0.0077
360,1762837419.1582844,0.004257187790371518,0.009799101798484058,0.22693019111449003,-3.9109755519615695e-05,0.0030234685348161094,0.01312101998673701,0.0001032973223088914,-9.653479842304915e-05,0.0,0.0,0.0,1.0,0.0,0.0,0.0,0.0,0.0,0.0,0.0,0.0,0.0,0.714,-0.002,1.007,1.0,0.001,0.001,-0.0,0.124,-0.001,-0.002,0.01,0.016,-0.0,0.7223187661731107,-0.0021150029123415243,1.006830732027526,0.9999988240672286,0.001319500908333383,0.0016162278677370032,1.2274859476852598e-07,0.12569285386915705,-0.00251800397135833,-0.003067891888171856,0.00889239264992404,0.02007857488866706,-1.013839506889917e-05,0.8053691275167785,0.0,1.0,1.0,0.0,0.0,0.0,43.157871874993035,0.4566667439402766,0.14508494194355004,99.9999999995235,109.99999999999476,0.5000000000046966,54.994047033950764,0.15721387651343963,0.0016,0.0019,0.0096,0.0095
361,1762837419.2215383,0.004531261187672006,0.00714132213644553,0.2269210947922583,1.4846984392727773e-05,0.0013703669865024384,-0.013288898310192643,-4.548161115859248e-05,0.0002697836995617173,0.0,0.0,0.0,1.0,0.0,0.0,0.0,0.0,0.0,0.0,0.0,0.0,0.0,0.717,-0.002,1.007,1.0,0.001,0.002,-0.0,0.138,-0.001,-0.002,0.01,0.02,-0.0,0.7262975291850463,-0.0021152133439302973,1.006833038283397,0.9999978028540067,0.0013477673091762386,0.0027529962710584168,5.260723162260545e-08,0.1410868335409676,-0.0025306437528598187,-0.003001403513004446,0.01057968717632998,0.02451902116337237,-7.204541846181333e-07,0.8120805369127516,0.0,1.0,1.0,0.0,0.0,0.0,43.15909873598374,0.45665921295148043,0.14507376819762474,99.99999999948969,109.99999999999493,0.5000000000050273,54.99403989244195,0.15722313477302305,0.0018,0.0019,0.0076,0.0081
362,1762837419.2891634,0.003736244506548393,0.0077474437581525665,0.22696269691518733,-2.6124719531751614e-05,-0.003975083405618069,0.003030608108535185,0.00020801061464531187,-0.00020485851962239688,0.0,0.0,0.0,1.0,0.0,0.0,0.0,0.0,0.0,0.0,0.0,0.0,0.0,0.721,-0.002,1.007,1.0,0.001,0.002,-0.0,0.138,-0.002,-0.002,0.009,0.019,-0.0,0.730296196907218,-0.0021815435896701775,1.006832479398493,0.999998240477691,0.001331235928582512,0.00259741825301057,-5.143001671558636e-07,0.1410114290115257,-0.0035165078938052155,-0.003022620471119655,0.010484911061958422,0.016074443314457815,-2.50878709539541e-05,0.8187919463087248,0.0,1.0,1.0,0.0,0.0,0.0,43.16029614105448,0.45665191251467796,0.1450719026627103,99.99999999949986,109.99999999999454,0.5000000000049323,54.994028501089346,0.15723851770332872,0.0016,0.0018,0.0097,0.0073
363,1762837419.3603497,0.003568300943494137,-0.010116290660436187,0.22692713034509654,0.00021503605015054625,-0.0008397178152712813,-0.08931867209294375,-0.00017783285045394723,0.0012058038484114894,0.0,0.0,0.0,1.0,0.0,0.0,0.0,0.0,0.0,0.0,0.0,0.0,0.0,0.723,-0.002,1.007,1.0,0.001,0.002,-0.0,0.23,-0.003,-0.003,0.015,0.026,-0.0,0.7384327558138366,-0.0022505209489482,1.0067718805186592,0.9999974788129904,0.0014500577199270768,0.002817605406985357,-3.4911001983620733e-09,0.2331578831098435,-0.004611529467278703,-0.0038337792255281403,0.01169248030870775,0.022612619310794425,6.27927580489919e-06,0.825503355704698,0.0,1.0,1.0,0.0,0.0,0.0,43.161377695180754,0.45664520680464854,0.145133585189752,99.99999999947809,109.99999999999407,0.5000000000051732,54.9942317630394,0.1571218691910092,0.0033,0.0021,0.0098,0.0097
364,1762837419.4490144,0.0036192981626708724,0.0066343971462484285,0.22716667672609644,-8.057736069633025e-05,0.0002549860958836747,0.08375343903342307,0.0011977319049994535,-0.0014780670542343822,0.0,0.0,0.0,1.0,0.0,0.0,0.0,0.0,0.0,0.0,0.0,0.0,0.0,0.727,-0.002,1.007,1.0,0.001,0.002,-0.0,0.148,-0.002,-0.002,0.01,-0.001,-0.0,0.7369484526339235,-0.0021816486928751236,1.0068339683137901,1.0000007560864628,0.0013169382636023037,0.0013253174477122114,-2.730409013699504e-06,0.15030563422128643,-0.0035169853276597646,-0.002981324981850932,0.008775321576822271,-0.038767697878442,-7.598936655333195e-05,0.8322147651006712,0.0,1.0,1.0,0.0,0.0,0.0,43.162514845498784,0.45663837150667425,0.14569536560613702,99.9999999984781,109.99999999999379,0.5000000000155439,54.99399693281839,0.15781374645533616,0.0017,0.0019,0.0097,0.0333
365,1762837419.5410116,0.002502599080245322,0.020461634718541555,0.22668651226699807,-0.00030812877777572465,-0.005583495412127753,0.06913618786146562,-0.002400822295492103,-0.0011377570853969721,0.0,0.0,0.0,1.0,0.0,0.0,0.0,0.0,0.0,0.0,0.0,0.0,0.0,0.731,-0.002,1.007,1.0,0.001,0.002,-0.0,0.086,-0.002,-0.001,0.005,-0.003,0.0,0.736820044419496,-0.0021795784054733144,1.0069258397570917,0.9999995923015548,0.001190230797520565,0.0020958525403737675,6.642729792559672e-07,0.0886320482950087,-0.0034276486593706515,-0.0011857819329371656,0.006152884134869618,0.010244474636301189,5.8608909833160586e-05,0.8389261744966443,0.0,1.0,1.0,0.0,0.0,0.0,43.16361080206933,0.4566319136665196,0.14555746218028745,99.99999999852868,109.99999999999703,0.5000000000148718,54.99377014147921,0.15795337717109176,0.0066,0.0061,0.032,0.0271
366,1762837419.5645795,0.002038390936713151,0.02264434173704396,0.22706312580902782,-0.00036319299696337733,-0.0023210407176608577,0.010913535092512016,0.0018830677101487887,-0.00027532109593826344,0.0,0.0,0.0,1.0,0.0,0.0,0.0,0.0,0.0,0.0,0.0,0.0,0.0,0.731,-0.002,1.007,1.0,0.001,0.002,-0.0,0.086,-0.002,-0.001,0.005,-0.003,0.0,0.7368244801774562,-0.0021790894448960115,1.0068731633579515,0.9999984069289626,0.0011409004048039862,0.0026268622712117932,2.7400910568183626e-06,0.08886710151982574,-0.003401974465477157,-0.002873034715963745,0.003275520051055399,0.03899915946623995,0.0001352209304715885,0.8456375838926175,0.0,1.0,1.0,0.0,0.0,0.0,43.16479985291218,0.45662492766830337,0.14622048368497426,99.99999999368741,110.00000000000112,0.5000000000658751,54.99345115938381,0.15845809818855044,0.0017,0.0019,0.01,0.0091
367,1762837419.6608887,0.00031312175142746927,0.024132354049286105,0.2270373959952677,-0.0004352160153039105,-0.008626345926428414,0.0074400615612107285,-0.00012864906880069235,-0.0003601150917026659,0.0,0.0,0.0,1.0,0.0,0.0,0.0,0.0,0.0,0.0,0.0,0.0,0.0,0.74,-0.002,1.007,1.0,0.002,0.002,-0.0,0.073,-0.002,-0.001,0.002,0.022,0.0,0.7449694171123503,-0.0022206165141842064,1.0069184012847843,0.9999966290506008,0.0019665108045379483,0.003302808741461798,4.0893941164447215e-06,0.07635350844198509,-0.004612738785198494,-0.0013871762196365552,-0.0036300457977573564,0.052959283243263044,8.236263953026517e-05,0.8523489932885906,0.0,1.0,1.0,0.0,0.0,0.0,43.165870009238404,0.4566186928314056,0.14666004391438253,99.99999998310913,109.99999999999385,0.500000000178244,54.992995821189645,0.15927132860039522,0.0084,0.0068,0.0344,0.0089
368,1762837419.686924,-0.0025612784901686116,0.00026078017260268427,0.22695173605312347,-0.00023041869905137102,-0.014372001207980403,-0.1193578693834171,-0.00042829971072109573,0.001023986581262697,0.0,0.0,0.0,1.0,0.0,0.0,0.0,0.0,0.0,0.0,0.0,0.0,0.0,0.745,-0.002,1.007,1.0,0.002,0.003,-0.0,0.181,-0.006,-0.002,-0.004,0.067,0.0,0.757232001370559,-0.002484118231202324,1.0068461950387007,0.9999901997281585,0.0017388220052005107,0.005439653187326102,8.328562543466696e-06,0.18647766252701542,-0.008468480084999236,-0.0026192503940545117,-0.01115504775227126,0.07658829305555506,0.00015711841771464164,0.8590604026845637,0.0,1.0,1.0,0.0,0.0,0.0,43.166833860874526,0.45661289803060284,0.14664541935337647,99.99999996791371,109.99999999999118,0.5000000003426841,54.99307700030928,0.15929270427852013,0.0015,0.0013,0.0075,0.0074
369,1762837419.780856,-0.0039427693077027275,0.010173555060527167,0.22729411969212227,-0.0002240641197991399,-0.0069074540876705864,0.049563874439622416,0.0017119181949938416,3.177289626115579e-05,0.0,0.0,0.0,1.0,0.0,0.0,0.0,0.0,0.0,0.0,0.0,0.0,0.0,0.746,-0.002,1.007,1.0,0.002,0.003,-0.0,0.13,-0.004,-0.001,-0.003,0.048,0.0,0.7548158819149752,-0.0023502296532317865,1.006903697249116,0.9999975020296022,0.0016481329403956288,0.0039062081750269287,6.831905533861118e-06,0.1346613838481358,-0.006433486159363628,-0.0018992207943568367,-0.017164952155388914,0.0050871955760134506,0.000216265886062312,0.8657718120805369,0.0,1.0,1.0,0.0,0.0,0.0,43.16786629222017,0.456606847954502,0.14786574404207495,99.99999995337028,109.99999999998317,0.5000000004970224,54.99301843183169,0.15953708129956723,0.0017,0.0019,0.0121,0.0296
370,1762837419.8255188,-0.006615354108146743,0.0053176683982547835,0.22680161777627073,-0.00038701861851761266,-0.013362924002220083,-0.024279433311361922,-0.0024625095792577953,-0.0008147724935923637,0.0,0.0,0.0,1.0,0.0,0.0,0.0,0.0,0.0,0.0,0.0,0.0,0.0,0.749,-0.002,1.007,1.0,0.002,0.004,-0.0,0.156,-0.006,-0.001,-0.013,0.028,-0.0,0.7595871062107892,-0.002478974253012551,1.006940984922188,0.9999973725092941,0.001343690676755882,0.004843195649983246,6.59502157307107e-06,0.16180242469668127,-0.008231638105369667,-0.0007183521101727556,-0.02508330925649171,0.023609896734244545,0.00012210339088640536,0.87248322147651,0.0,1.0,1.0,0.0,0.0,0.0,43.16875128749305,0.4566016140025767,0.14834450982666922,99.9999999394589,109.99999999997742,0.5000000006429246,54.99300554550877,0.15988112989396244,0.0017,0.0019,0.0102,0.0094
371,1762837419.9240613,-0.009194502357987504,0.004645462900803186,0.22706352275852426,-0.0003972062000856007,-0.012895741249203806,-0.0033610274872579865,0.00130952491126785,-5.09379078399403e-05,0.0,0.0,0.0,1.0,0.0,0.0,0.0,0.0,0.0,0.0,0.0,0.0,0.0,0.754,-0.003,1.007,1.0,0.001,0.004,-0.0,0.16,-0.006,-0.001,-0.022,0.009,-0.0,0.764843559920134,-0.0034312292261728062,1.0068860288383683,1.0000001047572422,8.238775967850146e-05,0.004097237343010027,8.627737668089712e-06,0.16532619157327771,-0.00674222743018442,-0.0024902701756669143,-0.0318777269801187,-0.0030929643451484534,0.0002718034052832773,0.8791946308724832,0.0,1.0,1.0,0.0,0.0,0.0,43.16971154357308,0.45659595067097775,0.14865794649463365,99.99999991742592,109.9999999999664,0.500000000878317,54.99291764864629,0.1604088315104681,0.0065,0.0061,0.0353,0.0068
372,1762837419.9542463,-0.012020336969965403,-0.05411839801527659,0.22620930743226597,-0.00032874512951139794,-0.014129173059889491,-0.2938193045803989,-0.004271076631291555,0.00034230535287101344,0.0,0.0,0.0,1.0,0.0,0.0,0.0,0.0,0.0,0.0,0.0,0.0,0.0,0.758,-0.003,1.007,1.0,0.001,0.004,-0.0,0.47,-0.02,-0.001,-0.105,-0.007,0.001,0.7895034098047758,-0.004328103592018423,1.006919411290357,0.9999993784993322,-0.002175925905947922,0.003674103456608856,4.382781229391521e-05,0.47503397625313215,-0.019159235502759782,-0.0013741439050366803,-0.08450337954775908,-0.011984363661657903,0.0008793400148909867,0.8859060402684563,0.0,1.0,1.0,0.0,0.0,0.0,43.1709750047705,0.45658776038458204,0.14920121134168182,99.99999997130536,109.99999999999665,0.5000000003007834,54.994561862016994,0.15960699972423759,0.0016,0.0019,0.0078,0.0074
373,1762837420.0520527,-0.016551837080010703,0.005681048927272496,0.22922256877815206,0.0009027614502926883,-0.022657500550226493,0.2989972347127454,0.015066306729430544,0.006157532899020431,0.0,0.0,0.0,1.0,0.0,0.0,0.0,0.0,0.0,0.0,0.0,0.0,0.0,0.76,-0.003,1.007,1.0,0.001,0.004,-0.0,0.075,-0.003,-0.0,-0.016,-0.015,0.0,0.76514689783749,-0.003231968430111615,1.0068929213471782,1.0000081190821364,3.219776823646316e-05,0.0009658366279192737,8.587216468545967e-06,0.07875547907306674,-0.003757742740490975,-0.003328618981662343,-0.03985315628246269,-0.1622230568300787,0.0003627932929751288,0.8926174496644295,0.0,1.0,1.0,0.0,0.0,0.0,43.17210624291981,0.4565815304212512,0.15357090052863911,99.99999995438294,109.9999999999848,0.5000000004803286,54.99101847019496,0.16820802513468203,0.0017,0.0019,0.0331,0.0132
374,1762837420.0898376,-0.020308845318143684,0.0026674046241041867,0.22512164065352017,-0.0004404242423035481,-0.018785041190664917,-0.015068221515841501,-0.020504640623159282,-0.006715928462981182,0.0,0.0,0.0,1.0,0.0,0.0,0.0,0.0,0.0,0.0,0.0,0.0,0.0,0.767,-0.003,1.007,1.0,-0.0,0.003,-0.0,0.16,-0.007,0.003,-0.055,-0.033,-0.001,0.7777842256372984,-0.0034376332511049184,1.0074177546680965,0.999999596895071,-0.0020495081846149264,0.0023570230647095734,-3.225151176034984e-05,0.16342526176489808,-0.005685248929380348,0.009978756170256,-0.06604639776549705,0.0007634812081842354,-0.0012769954475005847,0.8993288590604027,0.0,1.0,1.0,0.0,0.0,0.0,43.1727006692888,0.45657808197033056,0.15300956147064856,99.999999974431,110.00000000000317,0.5000000000986701,54.99074644782164,0.1686296942793416,0.0028,0.0013,0.0059,0.0111
375,1762837420.1696122,-0.02502888355392293,0.008999865279643804,0.22711572605901093,-0.0006251813416456537,-0.023600191178896224,0.031662303277698076,0.009970427027453778,-0.0009237854967105276,0.0,0.0,0.0,1.0,0.0,0.0,0.0,0.0,0.0,0.0,0.0,0.0,0.0,0.769,-0.003,1.007,1.0,-0.001,0.003,-0.0,0.125,-0.005,0.004,-0.048,-0.02,-0.001,0.7774530685208683,-0.003264351545596424,1.0070188726287879,0.9999980133871536,-0.0029210427332398985,0.002335536202880187,-1.450484537733106e-05,0.12844622532579955,-0.002529664666050144,-0.004049554998947923,-0.06492253362160832,-0.019730201033827614,-0.0002539793734463487,0.9060402684563759,0.0,1.0,1.0,0.0,0.0,0.0,43.17434049702836,0.4565684901990877,0.15312500318174047,99.99999995756684,109.99999999999982,0.5000000001411974,54.990576155578665,0.16857274404900574,0.0017,0.002,0.01,0.0203
376,1762837420.2256885,-0.03019359782469725,0.004334225909287765,0.22617738644279795,-0.0010622351658506023,-0.025823571353871613,-0.023328196851780197,-0.00469169808106497,-0.0021852691210247424,0.0,0.0,0.0,1.0,0.0,0.0,0.0,0.0,0.0,0.0,0.0,0.0,0.0,0.774,-0.003,1.007,1.0,-0.002,0.003,-0.0,0.14,-0.006,0.002,-0.068,-0.013,0.0,0.7834594088438082,-0.003277098543790096,1.0071419597602471,0.9999923156722093,-0.004543502259659154,0.0027816274891297407,1.5776000247422514e-05,0.14373859325973803,-0.001767556018906244,0.002571508501630192,-0.08207818570377956,2.4129898351990357e-05,0.0004635403946438939,0.912751677852349,0.0,1.0,1.0,0.0,0.0,0.0,43.175455200882936,0.456562026155607,0.1543425793123681,99.99999992789633,109.99999999998761,0.5000000004241394,54.990563510095136,0.1694487724766503,0.0016,0.0018,0.01,0.0096
377,1762837420.292405,-0.03551754565758915,-0.0013943687624970247,0.2266133149236121,-0.0012352969797723786,-0.026619739164459477,-0.02864297335892394,0.0021796424040706006,-0.0008653090696088815,0.0,0.0,0.0,1.0,0.0,0.0,0.0,0.0,0.0,0.0,0.0,0.0,0.0,0.777,-0.004,1.007,1.0,-0.002,0.002,-0.0,0.159,-0.006,0.002,-0.076,-0.006,0.001,0.7876842309701012,-0.004272896267434094,1.007022539416615,0.9999901816334805,-0.0049309479781621595,0.0018290486618950663,4.5336045921647765e-05,0.16148639534578885,-0.0015668707309247588,-0.0014604268832419645,-0.09662614498245346,-0.00483139372963981,0.0013396685876692347,0.9194630872483222,0.0,1.0,1.0,0.0,0.0,0.0,43.1768614125072,0.45655395770826535,0.15487438783538227,99.99999990216278,109.99999999997029,0.5000000007351749,54.990497387693246,0.17069291569275752,0.0016,0.0018,0.0102,0.0098
378,1762837420.4004986,-0.0408028075481348,-0.0061630616399307335,0.22638904148535,-0.0013792734887536743,-0.026426309452728284,-0.023843464387168542,-0.0011213671913107076,-0.0007198825449064783,0.0,0.0,0.0,1.0,0.0,0.0,0.0,0.0,0.0,0.0,0.0,0.0,0.0,0.782,-0.004,1.007,1.0,-0.004,0.002,-0.0,0.168,-0.005,0.001,-0.086,-0.01,0.001,0.7932810488284959,-0.00411430754354848,1.0070128054406302,0.9999827342540357,-0.007227624358280711,0.001521154016265928,4.7131214966673626e-05,0.17032774988573784,0.002258460289689186,-0.0005455814081780707,-0.10438190404000168,-0.0185076836813621,0.0012860572839028272,0.9261744966442953,0.0,1.0,1.0,0.0,0.0,0.0,43.17814657377666,0.45654676086962226,0.1547720078679461,99.99999984256924,109.999999999932,0.5000000015461613,54.990419509893094,0.17162067090666455,0.0198,0.006,0.0293,0.0093
379,1762837420.432265,-0.048567142780254716,-0.00850750774432887,0.2264438655981066,-0.0014984346760973358,-0.038821676160599554,-0.01172223052199068,0.00027412056378296485,-0.0005958059367183065,0.0,0.0,0.0,1.0,0.0,0.0,0.0,0.0,0.0,0.0,0.0,0.0,0.0,0.782,-0.004,1.007,1.0,-0.004,0.002,-0.0,0.168,-0.005,0.001,-0.086,-0.01,0.001,0.7932795676208468,-0.0041131004483876184,1.0069851478076273,0.9999816789491598,-0.007404936834322897,0.0013617364787152997,4.814861060432671e-05,0.17025208182955753,0.0023277126060133437,-0.0014765725217599811,-0.11418537130111134,-0.027197491896601863,0.0012703131227615875,0.9328859060402684,0.0,1.0,1.0,0.0,0.0,0.0,43.17956298545294,0.4565390858056286,0.15460625027416183,99.99999974632634,109.99999999986002,0.5000000029817048,54.99021268882684,0.17217252878470005,0.0059,0.0052,0.01,0.0089
380,1762837420.490344,-0.049817643567235295,-0.0303207730159479,0.2264534426174142,-0.0020157960189567986,-0.006252503934902953,-0.10906632635809516,4.7885096538227614e-05,-0.0025868067142973137,0.0,0.0,0.0,1.0,0.0,0.0,0.0,0.0,0.0,0.0,0.0,0.0,0.0,0.792,-0.004,1.007,1.0,-0.006,0.002,0.0,0.262,-0.001,-0.001,-0.149,-0.043,0.001,0.8095313732775464,-0.003731267882952019,1.0068612361785132,0.9999572576678453,-0.011194841274932263,0.00042242082519474073,5.7202328071783084e-05,0.2636053408915603,0.010171150554477607,-0.0031613358545490014,-0.15872982440877317,-0.05016423963875001,0.0011937850118547864,0.9395973154362416,0.0,1.0,1.0,0.0,0.0,0.0,43.18080290927292,0.4565326218032821,0.15409002918901787,99.99999961662282,109.99999999978787,0.500000004358838,54.9904623460524,0.1728974450418611,0.0017,0.0019,0.0085,0.0094
381,1762837420.5541158,-0.055611414209987546,-0.0141499667301059,0.2269465568278419,-0.001137309911549857,-0.028968853213761258,0.08085403142921001,0.002465571052138457,0.004392430537034708,0.0,0.0,0.0,1.0,0.0,0.0,0.0,0.0,0.0,0.0,0.0,0.0,0.0,0.8,-0.004,1.007,1.0,-0.009,0.001,0.0,0.168,0.005,-0.002,-0.113,-0.085,0.002,0.8111974500042353,-0.0032178654481268888,1.0067946978213702,0.9999529599710674,-0.013045434299753852,-0.002436050539302891,8.874933143874574e-05,0.16718518509716335,0.019322986284209552,-0.004166433345849618,-0.12564852118925085,-0.11884079143264277,0.0011722946092447525,0.9463087248322147,0.0,1.0,1.0,0.0,0.0,0.0,43.18200550515071,0.4565267366756848,0.1540702073898451,100.00000007076814,110.00000000025054,0.49999999512788923,54.99016399338796,0.17349504070804547,0.0012,0.0012,0.0084,0.0078
382,1762837420.6499555,-0.06234428607374988,-0.012656544437942643,0.22647154287724924,-0.0012763166215261237,-0.03366435931881167,0.007467111460816276,-0.0023750697529632183,-0.0006950335498813344,0.0,0.0,0.0,1.0,0.0,0.0,0.0,0.0,0.0,0.0,0.0,0.0,0.0,0.803,-0.004,1.007,1.0,-0.01,-0.0,0.0,0.149,0.007,-0.002,-0.11,-0.074,0.001,0.812897278256672,-0.0030401152314831095,1.0068462965255247,0.9999476897062987,-0.014108075024357054,-0.002368114289760476,5.343994611751538e-05,0.14742117367347327,0.02267360255594052,-0.0025516055869903745,-0.13228027274942109,-0.06466585633632292,0.0008585578779058641,0.9530201342281879,0.0,1.0,1.0,0.0,0.0,0.0,43.18307834824433,0.45652188603652505,0.15398194112449515,100.00000032428602,110.00000000047748,0.4999999906357666,54.989627237534975,0.17416152322835723,0.0063,0.0061,0.0286,0.0068
383,1762837420.6904178,-0.06559573842214449,-0.016660341968214906,0.22695608882341095,-0.0015484485114073173,-0.016257261741973072,-0.020018987651361314,0.002422729730808547,-0.0013606594494059681,0.0,0.0,0.0,1.0,0.0,0.0,0.0,0.0,0.0,0.0,0.0,0.0,0.0,0.809,-0.003,1.007,1.0,-0.012,-0.001,0.0,0.149,0.012,-0.002,-0.119,-0.053,0.001,0.8188640107075837,-0.0016165658187663524,1.0067891565161562,0.999933730426523,-0.0164320310040781,-0.002749721364169975,4.904602154525514e-05,0.14654826709393703,0.03044286491503645,-0.004417058031136207,-0.14249454207505974,-0.0505429396431053,0.0009899207022848722,0.959731543624161,0.0,1.0,1.0,0.0,0.0,0.0,43.18425926475168,0.45651695917115276,0.15393274393399436,100.00000042120998,110.00000000056143,0.4999999890826787,54.98880784664075,0.17519175801726142,0.0016,0.0024,0.0104,0.0072
384,1762837420.7588332,-0.07171448616529488,-0.011275514951299803,0.22721644339237101,-0.0014193026734394183,-0.030593738715751974,0.026924135084575515,0.001301772844800356,0.0006457291898394953,0.0,0.0,0.0,1.0,0.0,0.0,0.0,0.0,0.0,0.0,0.0,0.0,0.0,0.816,-0.003,1.007,1.0,-0.015,-0.003,0.0,0.1,0.013,-0.002,-0.081,-0.029,0.001,0.8225204442397701,-0.0014349666916919708,1.0068422518639089,0.9999408744975595,-0.018309248359681635,-0.004132009480845539,4.022636705152392e-05,0.09537048393027964,0.034653899848934064,-0.002676512811968786,-0.11299610682912783,-0.037917483571779806,0.00099202254113631,0.9664429530201342,0.0,1.0,1.0,0.0,0.0,0.0,43.18530111602638,0.45651318047164546,0.1535366675678477,100.00000061070722,110.0000000006824,0.4999999866608896,54.98715488790168,0.1765934592866461,0.0017,0.004,0.0078,0.0096
385,1762837420.8258505,-0.07175513949184473,-0.02827011598285316,0.22764646275682415,-0.0022280620084801175,-0.0002032666327492494,-0.08497300515776678,0.002150096822265524,-0.004043796675203495,0.0,0.0,0.0,1.0,0.0,0.0,0.0,0.0,0.0,0.0,0.0,0.0,0.0,0.822,-0.002,1.006,1.0,-0.017,-0.003,0.0,0.162,0.029,-0.003,-0.12,-0.027,0.001,0.8326560484939652,0.0007370035049014287,1.0057958868304944,0.9999124810359136,-0.021404941208784,-0.003858813485634209,3.897538117244388e-05,0.157500177936704,0.05405193830279409,-0.0031184340089099615,-0.14007445595232015,-0.023422088121033132,0.0012823410805625724,0.9731543624161073,0.0,1.0,1.0,0.0,0.0,0.0,43.18593942708531,0.4565116881645002,0.15331175425745372,100.0000002607327,110.00000000038402,0.499999992577999,54.98544052299081,0.17854892387097038,0.0017,0.0019,0.0098,0.0104
386,1762837420.888916,-0.07363164286181578,-0.03053779528235877,0.2278590924653936,-0.0021544398379597413,-0.00938251684985536,-0.011338396497528075,0.0010631485428473785,0.0003681108526018802,0.0,0.0,0.0,1.0,0.0,0.0,0.0,0.0,0.0,0.0,0.0,0.0,0.0,0.828,-0.0,1.006,1.0,-0.02,-0.004,0.0,0.152,0.037,-0.002,-0.11,-0.046,0.002,0.8379329482845796,0.00339683796002115,1.0058991401300945,0.9999047859870729,-0.0238985353575305,-0.0059412904957417,7.339333666653163e-05,0.14556622879962158,0.06574026217905891,-0.0010027794246866549,-0.12004545132817301,-0.0694960333502318,0.0010008229900201743,0.9798657718120806,0.0,1.0,1.0,0.0,0.0,0.0,43.186354349568035,0.4565115616252196,0.15275945037937483,100.00000029021182,110.0000000004524,0.4999999911454867,54.98313060784793,0.18081291379673017,0.0016,0.0018,0.01,0.0068
387,1762837420.9552257,-0.03317500120534571,-0.09053644994363294,0.2273855333344253,-0.007865505273158529,0.2022832082823504,-0.2999932733063708,-0.00236779565484148,-0.028555327175993933,0.0,0.0,0.0,1.0,0.0,0.0,0.0,0.0,0.0,0.0,0.0,0.0,0.0,0.831,0.0,1.006,1.0,-0.021,-0.004,0.0,0.65,0.177,-0.005,-0.456,-0.222,0.007,0.874055984706395,0.01292417958814973,1.0057098415297456,0.9995948219742148,-0.033986525848131895,-0.010578889041776807,0.00027061291684430213,0.6402517672006166,0.21354612697523984,-0.0038525699429549187,-0.3226558375167657,-0.17163408719648676,0.0043030311538811055,0.9865771812080537,0.0,1.0,1.0,0.0,0.0,0.0,43.18604571111355,0.4565141608573346,0.15306849867249606,99.99999681108575,109.99999999855162,0.5000000292338926,54.98481174009649,0.18527016040741298,0.0017,0.0018,0.0083,0.0077
388,1762837421.0251682,-0.06978275570599435,-0.05029757069916388,0.23167484628908386,-0.002434538850369878,-0.18303877250324313,0.2011943962223453,0.021446564773292858,0.027154832113943254,0.0,0.0,0.0,1.0,0.0,0.0,0.0,0.0,0.0,0.0,0.0,0.0,0.0,0.835,0.002,1.006,1.0,-0.022,-0.005,0.0,0.203,0.067,0.001,-0.173,-0.144,0.005,0.8482310205234272,0.007497788377613282,1.006056034373885,0.999849412275101,-0.025993830404872496,-0.011597608019794703,0.00023207290959961074,0.1925073957395666,0.09878583636049214,0.0005429975841383964,-0.0660825778999109,-0.24700610718959243,0.0011807786702703132,0.9932885906040269,0.0,1.0,1.0,0.0,0.0,0.0,43.18625584290145,0.45651537585294005,0.15819010219566274,99.99999806928939,110.00000000235299,0.49999995325518626,54.97991785405215,0.19342011855922883,0.0017,0.0019,0.0095,0.0096
389,1762837421.1202106,-0.07753971564802367,-0.03881343510811661,0.22617586281374397,-0.0012521831454712891,-0.0387847997101466,0.057420677955236296,-0.027494917376699388,0.005911778524492944,0.0,0.0,0.0,1.0,0.0,0.0,0.0,0.0,0.0,0.0,0.0,0.0,0.0,0.84,0.003,1.006,1.0,-0.024,-0.008,0.0,0.154,0.062,0.006,-0.124,-0.194,0.006,0.8498154431189648,0.00826273891112825,1.006835691544602,0.9998293103942514,-0.028012391875001576,-0.014019163811260532,0.0002569677586086604,0.13914387602396538,0.09681947269986875,0.01961117238293941,-0.11843301744643442,-0.16065575121033532,0.0030979375186591636,1.0,0.0,1.0,1.0,0.0,0.0,0.0,43.18509708582099,0.4565227495588452,0.1569073049339675,100.00000344983998,110.0000000173223,0.4999996538413682,54.976304728647364,0.19637197898591702,0.0017,0.0048,0.0293,0.0154
390,1762837421.2015862,-0.07163990179143861,-0.05094504638183387,0.2291519847913395,-0.0015225070201987543,0.029499069282925283,-0.06065805636858625,0.01488060988797748,-0.0013516193736373239,0.0,0.0,0.0,1.0,0.0,0.0,0.0,0.0,0.0,0.0,0.0,0.0,0.0,0.844,0.005,1.007,1.0,-0.026,-0.011,0.001,0.207,0.099,0.009,-0.163,-0.198,0.004,0.8572335068599302,0.012800642304804613,1.0073986397753785,0.9997773389629999,-0.031036985009993183,-0.016688429332603064,0.0011952004480712888,0.1888112361814018,0.13604693922437616,0.0020214583332340344,-0.1385020397852677,-0.14171066513967273,0.002561703554701388,1.0,0.0,1.0,1.0,0.0,0.0,0.0,43.18516440292965,0.45652422012510147,0.15676757407925976,100.00000609943027,110.00000002537743,0.4999994927737417,54.97296693291631,0.1990511930175531,0.0078,0.0065,0.0419,0.0097
391,1762837421.2648113,-0.0753679231052831,-0.056542555338525584,0.22870295041713262,-0.0013273182877629945,-0.018640106569222478,-0.02798754478345858,-0.0022451718710344705,0.0009759436621787992,0.0,0.0,0.0,1.0,0.0,0.0,0.0,0.0,0.0,0.0,0.0,0.0,0.0,0.844,0.005,1.007,1.0,-0.026,-0.011,0.001,0.207,0.099,0.009,-0.163,-0.198,0.004,0.8572204980069198,0.012820085363746063,1.0077703789760462,0.9997771413776242,-0.03080753650324215,-0.01712054220013752,0.0011907544246095446,0.1882586521841068,0.1366744024262762,0.014461485652975323,-0.12440681590501114,-0.16821658579066492,0.0013464150374448269,0.9991169537951469,0.04201562375005714,1.0,1.0,0.0,0.0,0.0,43.184121145074414,0.45653132541840824,0.15636997602276972,100.00000813098582,110.00000003040395,0.4999993922934347,54.96851850380464,0.20247394860011816,0.0016,0.0018,0.0186,0.0404
392,1762837421.351917,-0.07461665443204289,-0.060536887662702696,0.2289090648667053,-0.0012084606629404748,0.0037563433662011064,-0.019971661620885543,0.0010305722478633822,0.0005942881241125981,0.0,0.0,0.0,1.0,0.0,0.0,0.0,0.0,0.0,0.0,0.0,0.0,0.0,0.848,0.007,1.007,1.0,-0.028,-0.012,0.001,0.203,0.112,0.012,-0.172,-0.212,0.004,0.8609052045921616,0.015773657118901614,1.0078814848862243,0.9997451649307542,-0.03305651071950896,-0.01855823761223172,0.0011981157764885421,0.1827298751546815,0.1523052927956966,0.014250465944704863,-0.13148890988494394,-0.17965131183563793,0.0008638227024847628,0.9964693747217873,0.08395704402592023,1.0,1.0,0.0,0.0,0.0,43.1829438085707,0.45653902169159033,0.1553532675675085,100.00000980407198,110.0000000334518,0.499999331299636,54.963563214849415,0.20620193737812284,0.0073,0.0062,0.0292,0.0398
393,1762837421.4380386,-0.08435181903183633,-0.05445422415426534,0.2297023519815097,-0.00039638469701358254,-0.04867582299896725,0.0304133175421868,0.003966435574022018,0.004060379829634463,0.0,0.0,0.0,1.0,0.0,0.0,0.0,0.0,0.0,0.0,0.0,0.0,0.0,0.852,0.009,1.007,0.999,-0.029,-0.014,0.001,0.14,0.09,0.011,-0.123,-0.17,0.002,0.8606358528594681,0.016328945725829727,1.0078383983939916,0.9987966697215142,-0.032650234590818714,-0.01941369842400848,0.0011243915262362163,0.1178980775180439,0.1306621649683374,0.014080866507587775,-0.0958731351735004,-0.15288684368674202,-0.0005877851224223741,0.9920619386492268,0.12575018840358776,1.0,1.0,0.0,0.0,0.0,43.18099644122524,0.4565512415739178,0.15346380289974212,100.00001301856643,110.00000003808594,0.4999992386884129,54.95707244331804,0.2094902131549638,0.0069,0.0062,0.0299,0.0401
394,1762837421.522606,-0.0859698334341551,-0.05501552443908799,0.2289067221129522,-0.00037851352415851534,-0.008090072011593855,-0.00280650142411323,-0.003978149342787549,8.935586427533549e-05,0.0,0.0,0.0,1.0,0.0,0.0,0.0,0.0,0.0,0.0,0.0,0.0,0.0,0.858,0.015,1.008,0.999,-0.032,-0.018,0.001,0.111,0.097,0.015,-0.084,-0.105,0.001,0.8645555980428055,0.022916372663944442,1.009169247956519,0.9988445968272485,-0.034745793655111525,-0.02123846919972515,0.0010578586684059639,0.0849595768807689,0.14109903345320426,0.020110230345551518,-0.08053941904425388,-0.08768924572738701,-0.0005122553642412434,0.9859024295168594,0.1673212463279966,1.0,1.0,0.0,0.0,0.0,43.17882966749778,0.45656486757602605,0.151324409938984,100.00001632778701,110.00000004305174,0.49999913939112256,54.94942992775782,0.21259802112070308,0.0066,0.006,0.0287,0.0404
395,1762837421.6079047,-0.10130662039211752,-0.049599410249838195,0.23086622481931615,0.0001285009298315859,-0.07668393478981206,0.027080570946248994,0.009797513531819815,0.0025350722699505057,0.0,0.0,0.0,1.0,0.0,0.0,0.0,0.0,0.0,0.0,0.0,0.0,0.0,0.863,0.019,1.008,0.999,-0.033,-0.02,0.001,0.044,0.047,0.008,-0.032,-0.032,0.0,0.8650374064569725,0.023598009116512688,1.0086128951181113,0.9989298728653156,-0.03433044394769161,-0.02122630158084771,0.0009936239741773877,0.016865167297695906,0.09121459998229083,0.010218862790936143,-0.04623071369685277,-0.040158540533490876,-0.0010861112364858887,0.9780017255870113,0.20859679946928297,1.0,1.0,0.0,0.0,0.0,43.175158322139936,0.4565890887484117,0.14867356494416317,100.00002293412278,110.0000000540279,0.49999891982631667,54.93931971279385,0.21532651708795184,0.0064,0.0062,0.0291,0.0408
396,1762837421.6925266,-0.06816512143141405,-0.07354471119904349,0.22681207765917952,-0.0023045311124469396,0.16570749480351726,-0.11972650474602645,-0.020270735800683247,-0.012165160211392629,0.0,0.0,0.0,1.0,0.0,0.0,0.0,0.0,0.0,0.0,0.0,0.0,0.0,0.867,0.023,1.009,0.999,-0.035,-0.021,0.001,0.145,0.191,0.035,-0.127,-0.086,0.0,0.875695786110402,0.03734504466095054,1.01158651467282,0.998791212943709,-0.039180614153079815,-0.023409702331570005,0.0009865174970922221,0.11532971124848092,0.2402932472912183,0.042776213302402125,-0.12333091943730828,-0.05825287535842898,-0.00037919733182226043,0.9683737802329243,0.24950395138633757,1.0,1.0,0.0,0.0,0.0,43.174337696165885,0.4565914757003663,0.14597143803035983,100.00002033511221,110.00000004877093,0.4999990249356644,54.93153705625322,0.21917392843687036,0.0065,0.0061,0.0293,0.0398
397,1762837421.7775085,-0.07116371935836319,-0.07391432087219019,0.23007261080843142,-0.002023703233379346,-0.014992989634745657,-0.0018480483657334432,0.016302665746259475,0.0014041393953379677,0.0,0.0,0.0,1.0,0.0,0.0,0.0,0.0,0.0,0.0,0.0,0.0,0.0,0.87,0.029,1.01,0.999,-0.037,-0.022,0.001,0.108,0.176,0.035,-0.089,-0.069,0.001,0.8762076437256615,0.042373448401368426,1.012132740865252,0.998863293025656,-0.038952870843326555,-0.024671359798931255,0.0010506402791472115,0.07768280115395536,0.22556755241619453,0.028311852745201958,-0.02800118247258513,-0.09051234058542239,-0.0012009681395857776,0.9570355972958094,0.2899704562686571,1.0,1.0,0.0,0.0,0.0,43.173842531345215,0.45658909946600135,0.1438623196683184,100.00001983422693,110.0000000472199,0.4999990559860691,54.92211365772969,0.22234006531551817,0.0067,0.0062,0.0296,0.0396
398,1762837421.8632455,-0.07346522658331245,-0.07662465565364371,0.2285202759380669,-0.0017540895889780967,-0.011507536124746254,-0.013551673907267546,-0.007761674351822604,0.001348068222006247,0.0,0.0,0.0,1.0,0.0,0.0,0.0,0.0,0.0,0.0,0.0,0.0,0.0,0.873,0.033,1.011,0.999,-0.037,-0.023,0.001,0.097,0.185,0.033,-0.039,-0.09,0.002,0.8784035989119947,0.04698191176913484,1.01338582950825,0.9988924116299696,-0.03784701563720905,-0.026082881626896766,0.0011201715912883647,0.0644127590964215,0.2346880445579686,0.039016263343108565,-0.013701129020609878,-0.09285498962629382,-0.00018979870569671355,0.9440072010544918,0.32992484652912146,1.0,1.0,0.0,0.0,0.0,43.171794699513164,0.45659886074237527,0.14096389435846057,100.00002041289336,110.00000004728882,0.49999905455178645,54.911519818663415,0.2257397727524644,0.0066,0.0062,0.0302,0.0399
399,1762837421.967806,-0.06750910065106822,-0.08011087942989167,0.22845258067308483,-0.001902528449831085,0.029780629661221136,-0.017431118881239854,-0.00033847632491017417,-0.0007421943042649416,0.0,0.0,0.0,1.0,0.0,0.0,0.0,0.0,0.0,0.0,0.0,0.0,0.0,0.875,0.039,1.012,0.999,-0.038,-0.025,0.001,0.094,0.223,0.04,-0.014,-0.108,0.002,0.8801184699425928,0.05553315553529807,1.0146396825070758,0.9988984730795906,-0.03819609515530006,-0.028505669477780278,0.001153005732383804,0.05880908201326073,0.2730216203570296,0.038904603643324785,0.0007728581077871052,-0.10100696609803156,-0.00021065595634587545,0.9293116008606837,0.3692965590223572,1.0,1.0,0.0,0.0,0.0,43.170603521268866,0.45659920859009845,0.13763951147240944,100.00002026061243,110.00000004567877,0.49999908677913546,54.90085474252832,0.2288612550503006,0.0065,0.006,0.0816,0.0075
400,1762837422.028199,-0.06701403694359057,-0.08250667329673002,0.22882331196050856,-0.0017187186430686644,0.0024753185373882214,-0.011978969334191777,0.0018536564371186438,0.0009190490338121028,0.0,0.0,0.0,1.0,0.0,0.0,0.0,0.0,0.0,0.0,0.0,0.0,0.0,0.877,0.044,1.013,0.999,-0.038,-0.026,0.001,0.08,0.232,0.041,-0.001,-0.122,0.003,0.8811346397877939,0.06112668834410704,1.0157118571199257,0.9989036405928404,-0.037659654312420084,-0.029896678400460668,0.0012080595292277303,0.04319468053621189,0.28172712841591707,0.040306487487529664,0.020034171170174635,-0.11073213679305974,0.0004381430063499494,0.9129747505023434,0.408016059665773,1.0,1.0,0.0,0.0,0.0,43.16914325808565,0.45660010815462454,0.13424302629014526,100.00002113283813,110.00000004555302,0.49999908931974857,54.88929164315223,0.2318352948182199,0.002,0.0021,0.0198,0.0352
401,1762837422.100612,-0.037344134590704306,-0.08715938838088826,0.22514546350497103,-0.0028114898773758377,0.14834951176443134,-0.02326357542079116,-0.01838924227768769,-0.005463856171535867,0.0,0.0,0.0,1.0,0.0,0.0,0.0,0.0,0.0,0.0,0.0,0.0,0.0,0.879,0.051,1.014,0.999,-0.038,-0.028,0.001,0.101,0.381,0.067,0.021,-0.228,0.007,0.884400075426871,0.07805315700374157,1.0184510790260002,0.998828713813987,-0.03709494943232385,-0.03454144277897702,0.0014365484947897714,0.059563626635244664,0.43040143643868356,0.06651838940282824,0.03174155281029173,-0.16603343339844162,0.003356953892298946,0.8950255023668877,0.4460149662431747,1.0,1.0,0.0,0.0,0.0,43.171506190836816,0.4565620898588552,0.13169707811716097,100.00001747305365,110.00000003521565,0.499999296090411,54.881933625836204,0.23345525191145808,0.0056,0.0054,0.0247,0.0342
402,1762837422.1822302,0.0013356521857310275,-0.09236978124432155,0.2229997374209951,-0.004231350876114705,0.19339893388217666,-0.026051964317166387,-0.01072863041987954,-0.007099304993694333,0.0,0.0,0.0,1.0,0.0,0.0,0.0,0.0,0.0,0.0,0.0,0.0,0.0,0.882,0.061,1.016,0.999,-0.037,-0.03,0.001,0.1,0.582,0.092,0.128,-0.248,0.007,0.8872631148225372,0.10132872473029036,1.0217044834324245,0.9989204902103574,-0.03246246698172298,-0.03704830662756874,0.0015777604906466601,0.05641293430444966,0.6268423350281461,0.07858280142128841,0.14325698786458693,-0.17741256653508872,0.00435483769660928,0.8754955564852082,0.483226169174079,1.0,1.0,0.0,0.0,0.0,43.17930033921479,0.45646745707115405,0.13077019450937993,100.0000075812082,110.00000001451801,0.4999997100356606,54.88040717938919,0.2336243746866486,0.0056,0.0051,0.0286,0.0399
403,1762837422.2275574,-0.05573863071948548,-0.08106654472042067,0.23295490760282048,0.0003511230365561653,-0.2853714145260825,0.056516182619504376,0.04977585090912703,0.02291236956335435,0.0,0.0,0.0,1.0,0.0,0.0,0.0,0.0,0.0,0.0,0.0,0.0,0.0,0.884,0.083,1.019,0.999,-0.032,-0.035,0.002,0.007,0.308,0.023,0.209,-0.106,0.005,0.8829207697275857,0.104793228043432,1.0199968836151057,0.9990901412365838,-0.024540166811551432,-0.03826665329897515,0.0025221230305021367,-0.04004501545702212,0.34419503733179146,0.006686033285768014,0.23573759031155547,-0.09094593214880853,0.004581270201236556,0.8544194045464886,0.5195839500354336,1.0,1.0,0.0,0.0,0.0,43.17704686854708,0.4564734632954864,0.12706328766404135,100.00001537622829,110.0000000282841,0.4999994346973406,54.867825469829725,0.23513889146827274,0.0066,0.0072,0.019,0.0093
404,1762837422.2481678,-0.035645493854560714,-0.0801604797702636,0.2246348125087922,-0.0001988764562002067,0.10046568432462383,0.004530324750785394,-0.04160047547014148,-0.0027499974637818616,0.0,0.0,0.0,1.0,0.0,0.0,0.0,0.0,0.0,0.0,0.0,0.0,0.0,0.883,0.095,1.019,0.999,-0.028,-0.036,0.002,-0.021,0.453,0.027,0.227,-0.114,0.004,0.8799313450216765,0.12635350391232145,1.0213334304576496,0.9990283123892323,-0.022364240676049515,-0.03900703589850543,0.002375552709796893,-0.07185256210752233,0.48643047224878827,0.044512204516602,0.11034316696683576,-0.06786204110430388,0.0014931417754176645,0.8318342689826936,0.5550240976264252,1.0,1.0,0.0,0.0,0.0,43.17416511830791,0.45649287910026404,0.1305096265882535,100.00001645876867,110.00000003210613,0.4999993581872616,54.86063147700724,0.23417090450204484,0.0015,0.0019,0.0085,0.0073
405,1762837422.309354,-0.08024978428907249,-0.08904313802610239,0.23247031200046428,0.0016801725811535296,-0.22302145217255884,-0.04441329127919383,0.03917749745836052,0.00939524518676868,0.0,0.0,0.0,1.0,0.0,0.0,0.0,0.0,0.0,0.0,0.0,0.0,0.0,0.882,0.107,1.02,0.999,-0.026,-0.037,0.002,-0.021,0.199,0.014,0.043,-0.027,0.0,0.8789991949899882,0.1213558644558554,1.020499164993501,0.999014293960267,-0.024282962078284922,-0.03776821057916177,0.0020835588225667314,-0.06908800351190697,0.23124112752109185,-0.0002715620087521014,0.05971257168317501,-0.019328466176185055,4.943114206693242e-05,0.8077800372303148,0.5894840213713949,1.0,1.0,0.0,0.0,0.0,43.16902893773826,0.4565236628592609,0.12478945840165978,100.00002875864197,110.00000005311932,0.4999989379389092,54.8416209017073,0.2358686090962406,0.0017,0.0019,0.0098,0.0272
406,1762837422.3632853,-0.08624516766739554,-0.09376765987478222,0.22851509395387382,0.0012222607111895293,-0.029976916891615288,-0.02362260924339918,-0.01977609023295242,-0.002289559349820003,0.0,0.0,0.0,1.0,0.0,0.0,0.0,0.0,0.0,0.0,0.0,0.0,0.0,0.881,0.117,1.021,0.999,-0.025,-0.038,0.002,-0.028,0.177,0.015,0.003,-0.034,-0.001,0.8774142965326546,0.1299208122576523,1.0224706007947115,0.9989313027929952,-0.025910455778034826,-0.039181410881116485,0.0019284022904426663,-0.0799318230533296,0.21089423944562397,0.030257233730261186,-0.057368346080656524,-0.03668557451552749,-0.0028975122031823586,0.7822991912854713,0.6229028618605774,1.0,1.0,0.0,0.0,0.0,43.1620655118357,0.4565740459532872,0.12269136455198301,100.00004132527306,110.00000007531638,0.49999849405213,54.821894672807574,0.2370016290758562,0.0016,0.0018,0.0145,0.0098
407,1762837422.4261632,-0.03449111501363723,-0.08502931745224432,0.22760655420786804,-0.001627179827885811,0.2587702632687915,0.04369171211268939,-0.004542698730028935,-0.014247202695376701,0.0,0.0,0.0,1.0,0.0,0.0,0.0,0.0,0.0,0.0,0.0,0.0,0.0,0.879,0.13,1.022,0.999,-0.026,-0.04,0.002,-0.085,0.399,0.038,-0.089,-0.079,-0.002,0.8715468763150993,0.15777842052432417,1.0244664305182631,0.9988164854722842,-0.029201990681179877,-0.042313954355894655,0.0018489531773828109,-0.13904657359843836,0.4350012175136664,0.035297922793984714,-0.1009738070470077,-0.05999149226145081,-0.0027761468429472044,0.7554367326767792,0.6552215983334435,1.0,1.0,0.0,0.0,0.0,43.16074160427408,0.4565729677768488,0.12096715893816636,100.00003972174669,110.00000007288179,0.4999985427744535,54.81195978259896,0.23854323600523514,0.0017,0.0019,0.0106,0.0097
408,1762837422.4884746,0.02540293774135992,-0.07114220879488112,0.22170468259120013,-0.00453353147654776,0.2994702637749858,0.06943554328681603,-0.029509358083339612,-0.014531758243309743,0.0,0.0,0.0,1.0,0.0,0.0,0.0,0.0,0.0,0.0,0.0,0.0,0.0,0.876,0.141,1.023,0.999,-0.027,-0.041,0.002,-0.175,0.685,0.064,-0.03,-0.088,0.001,0.8625069316513432,0.18784654357024783,1.027115357470177,0.9989124829770822,-0.026882062053319937,-0.04314746479967809,0.00212104300987027,-0.2302511436525885,0.7203520324162448,0.059301986753365954,0.0371886195779996,-0.042506690382619554,0.0026103675793426743,0.7272401029884933,0.6863831529148174,1.0,1.0,0.0,0.0,0.0,43.165484414361906,0.45651702790774257,0.12087075248841679,100.00002293995463,110.00000004341787,0.4999991320494682,54.81300342233044,0.24026347291661754,0.0021,0.0014,0.007,0.009
409,1762837422.586117,0.014196848733927125,-0.07735919510670586,0.2293998183053137,-0.0030955068028491396,-0.05603044503716392,-0.03108493155912373,0.0384756785705679,0.0071901233684931,0.0,0.0,0.0,1.0,0.0,0.0,0.0,0.0,0.0,0.0,0.0,0.0,0.0,0.873,0.151,1.024,0.999,-0.026,-0.041,0.002,-0.179,0.613,0.043,0.18,-0.017,0.005,0.8593245234204274,0.19287099939217436,1.0261384095802477,0.9991622172884084,-0.018874004554233242,-0.04091989897611866,0.0025094260363532506,-0.23117597494204534,0.6415928102069582,0.020395348556244704,0.24448620119072473,0.01893063229670184,0.00790009436226029,0.6977591000742853,0.7163324914196784,1.0,1.0,0.0,0.0,0.0,43.16849723628334,0.4564741236087766,0.11910000853796548,100.00001422317851,110.00000002853085,0.49999942981685425,54.80847387078741,0.24210801083080258,0.0039,0.0066,0.0329,0.007
410,1762837422.6778483,-0.040473968511300265,-0.09910126636555297,0.2280955859974162,0.00023875332221971225,-0.27335408622613694,-0.10871035629423553,-0.006521161539487596,0.01667130062534426,0.0,0.0,0.0,1.0,0.0,0.0,0.0,0.0,0.0,0.0,0.0,0.0,0.0,0.87,0.161,1.025,0.999,-0.025,-0.041,0.002,-0.109,0.336,0.022,0.14,0.003,0.003,0.8609253478411556,0.1844223738684944,1.0266333057444423,0.9991342320902978,-0.01952820042488855,-0.04068307647524872,0.0023444247304174764,-0.1632808405861646,0.36556469712315554,0.02824920215244506,0.1796090560894561,0.01319755936089908,0.004343741325765155,0.6670457901096327,0.7450167205486168,1.0,1.0,0.0,0.0,0.0,43.16437152130236,0.4564923824559669,0.11756983876303528,100.00002092697551,110.0000000400755,0.4999991988882695,54.78936705381686,0.24354015249110336,0.0067,0.006,0.0287,0.0342
411,1762837422.7402928,-0.047882521275573645,-0.10651658993116417,0.2284731303913825,0.00017041025493593523,-0.037042763821366925,-0.03707661782805605,0.0018877219698317828,-0.00034171533641888746,0.0,0.0,0.0,1.0,0.0,0.0,0.0,0.0,0.0,0.0,0.0,0.0,0.0,0.868,0.166,1.025,0.999,-0.023,-0.041,0.002,-0.113,0.331,0.023,0.135,0.001,0.002,0.8586704344843253,0.18900947884871155,1.0264813814073772,0.9990532022192865,-0.019606708381911538,-0.041454614588703684,0.002170243745818434,-0.16696949440317935,0.35855774120603034,0.021265078595713964,0.06576998533944241,-0.028348245464589656,-0.0007190812331173265,0.6351544156381411,0.7723851813022901,1.0,1.0,0.0,0.0,0.0,43.16053246518994,0.45650695122448093,0.11780203705424648,100.00002969208612,110.00000005660822,0.49999886821864015,54.77098951177894,0.24305256640452125,0.0017,0.0019,0.019,0.0387
412,1762837422.8249607,-0.04916576018133246,-0.11342052393606267,0.23063226665997089,-0.000407940210716789,-0.00641619452879405,-0.034519670024492494,0.010795681342941961,-0.002891752328263621,0.0,0.0,0.0,1.0,0.0,0.0,0.0,0.0,0.0,0.0,0.0,0.0,0.0,0.867,0.17,1.025,0.999,-0.023,-0.041,0.002,-0.112,0.316,0.022,0.1,-0.012,0.001,0.8577253599530232,0.19202827139027034,1.0264658914785136,0.9990139844298495,-0.020528923042668217,-0.04195468660899276,0.0021168102576452387,-0.16644013141577288,0.34430282941329377,0.02204424305272297,0.0500980454492618,-0.04290714627559466,-0.001112931079475492,0.6021412997741994,0.7983895384498958,1.0,1.0,0.0,0.0,0.0,43.156344519886694,0.4565241240135125,0.11980446877732792,100.00003853563908,110.00000007336904,0.4999985329629785,54.75131712447032,0.24362201150191076,0.0063,0.0061,0.0298,0.0397
413,1762837422.907064,-0.0337892734009939,-0.10875738130733223,0.22905274168459322,-0.0014508323655672362,0.07688243390169278,0.023315713143652175,-0.007897624876888347,-0.005214460774252235,0.0,0.0,0.0,1.0,0.0,0.0,0.0,0.0,0.0,0.0,0.0,0.0,0.0,0.862,0.185,1.026,0.999,-0.021,-0.042,0.003,-0.147,0.367,0.029,0.042,-0.067,0.0,0.8503041136306013,0.21037332097793707,1.0281432035768652,0.9989119496078612,-0.020094355758255553,-0.044460906758370174,0.0030640372600802047,-0.20443852969655923,0.39400318939528944,0.03556882930406162,0.013657056216648134,-0.07880090343760504,-0.0012845351285613975,0.5680647467311559,0.8229838658936564,1.0,1.0,0.0,0.0,0.0,43.15272933611428,0.4565389498301627,0.12003798065665848,100.00004339118459,110.00000008223648,0.4999983556419083,54.73453504349009,0.2451259039374763,0.0065,0.0059,0.0278,0.0391
414,1762837422.9898515,-0.010233748504127473,-0.09793711330001709,0.22806665417757765,-0.0025214813808368684,0.1177776244843321,0.05410134003657574,-0.004930437535077882,-0.005353245076348162,0.0,0.0,0.0,1.0,0.0,0.0,0.0,0.0,0.0,0.0,0.0,0.0,0.0,0.853,0.206,1.028,0.999,-0.021,-0.044,0.003,-0.204,0.44,0.042,0.013,-0.101,0.001,0.837421105788437,0.23623980573098402,1.0307973595715019,0.9988775874081262,-0.020296900276550293,-0.04699830312478397,0.0031229988327679285,-0.26399305744260804,0.4670249077049689,0.041618657475826236,0.028671026980471224,-0.07847304931653382,0.0009335251114926374,0.5329849388506888,0.8461247277785513,1.0,1.0,0.0,0.0,0.0,43.15150360420492,0.4565339300256599,0.11885268644253573,100.00004315599399,110.0000000813349,0.49999837369001215,54.722005198901265,0.24619579553568058,0.0063,0.0059,0.0286,0.039
415,1762837423.0727944,0.020099447377337567,-0.08573118008215254,0.22591278229489636,-0.0037756895163182525,0.15166597940732518,0.06102966608932274,-0.01076935941340647,-0.00627104067740692,0.0,0.0,0.0,1.0,0.0,0.0,0.0,0.0,0.0,0.0,0.0,0.0,0.0,0.847,0.217,1.029,0.999,-0.02,-0.045,0.003,-0.281,0.566,0.055,0.054,-0.095,0.002,0.8262582789727432,0.2555695726025015,1.0325626996983983,0.9989318561184157,-0.017608745188590076,-0.04742980504530311,0.0032434993792031263,-0.3417664738486266,0.5905633183602536,0.051710978749915475,0.0873663011721135,-0.052269657886997854,0.0032393644888973738,0.4969638303152295,0.867771255204052,1.0,1.0,0.0,0.0,0.0,43.15303990639539,0.4565064058806153,0.11796461896390738,100.0000346454544,110.0000000652983,0.4999986944148638,54.714425628923685,0.24745769953075183,0.0063,0.006,0.0285,0.0392
416,1762837423.1553319,-0.019330895497720383,-0.11009386911481704,0.23252624020299145,-0.0010153072158728283,-0.1971517143752897,-0.1218134451633226,0.03306728954047541,0.013801911502227121,0.0,0.0,0.0,1.0,0.0,0.0,0.0,0.0,0.0,0.0,0.0,0.0,0.0,0.84,0.231,1.031,0.999,-0.019,-0.046,0.003,-0.191,0.358,0.034,0.085,-0.027,0.003,0.8252670648170871,0.2556312447854602,1.0329701151534838,0.9990535889566808,-0.01497853653980045,-0.04629888146011431,0.0033355583781595473,-0.2510248115152436,0.3800789219114381,0.024829589220032762,0.15126935544480477,0.006709908868195986,0.005465156105487397,0.4600650377311522,0.8878852184023752,1.0,1.0,0.0,0.0,0.0,43.15022737964038,0.4565080683272421,0.1185768032954168,100.00004020408583,110.00000007543287,0.4999984917696498,54.695219524430854,0.24836898187231118,0.0063,0.0059,0.0286,0.039
417,1762837423.23874,0.005916816352038844,-0.09945069927048542,0.2244535976203459,-0.0024979488505149743,0.12623855924879612,0.05321584922165809,-0.040363212913227954,-0.007413208173210728,0.0,0.0,0.0,1.0,0.0,0.0,0.0,0.0,0.0,0.0,0.0,0.0,0.0,0.833,0.243,1.032,0.999,-0.018,-0.046,0.003,-0.274,0.484,0.048,0.136,-0.039,0.003,0.8126551576121315,0.276001504116374,1.0356057351905532,0.998992620688636,-0.014195171320538814,-0.04744979344633125,0.003271086482110095,-0.33677298209608275,0.5052481549937882,0.061152988109732076,0.08910285185089584,-0.04970192890065932,0.0012185268359478619,0.42235372777596664,0.9064310942557877,1.0,1.0,0.0,0.0,0.0,43.14849835564602,0.4565060858072623,0.11770010698717293,100.00003930882932,110.00000007335672,0.49999853334651523,54.68256502565574,0.24922546272687265,0.0063,0.0058,0.0285,0.0399
418,1762837423.3210475,0.06589584743912012,-0.05356246438238526,0.2197911977712083,-0.007603255992269525,0.2998951554354064,0.22944117444050088,-0.023311999245687928,-0.02552653570877275,0.0,0.0,0.0,1.0,0.0,0.0,0.0,0.0,0.0,0.0,0.0,0.0,0.0,0.826,0.256,1.033,0.999,-0.016,-0.047,0.003,-0.502,0.832,0.086,0.22,-0.081,0.004,0.7904856201812734,0.31204554388295963,1.0381813777554176,0.9989884853194868,-0.009266496085885093,-0.04897940077107779,0.0034894610718569133,-0.5637287351574882,0.8478854093677466,0.06824317610515959,0.18560143251244857,-0.04029273580987751,0.004479145783993284,0.3838965021079446,0.9233761290337134,1.0,1.0,0.0,0.0,0.0,43.15693111272588,0.45642103508114873,0.11640759141721393,100.00001388939877,110.0000000255632,0.49999948912935915,54.68646531756221,0.25045681910263207,0.0063,0.006,0.0282,0.039
419,1762837423.4040554,0.1199722280765123,-0.02830099559459708,0.2199703590077782,-0.009196265642116307,0.2703819031869609,0.12630734393894089,0.0008958061828494655,-0.007965048249233907,0.0,0.0,0.0,1.0,0.0,0.0,0.0,0.0,0.0,0.0,0.0,0.0,0.0,0.818,0.269,1.034,0.999,-0.014,-0.047,0.003,-0.647,1.018,0.084,0.428,0.018,0.01,0.7729097292695476,0.3372534621575908,1.0386582589660431,0.9991863656201884,-0.0003624640941300365,-0.045004668848594165,0.0040157095069922955,-0.7052244831842079,1.0267256566073313,0.055230201711115194,0.3927139794362505,0.09557972245572238,0.013195157282175527,0.3447612797414372,0.9386903962388485,1.0,1.0,0.0,0.0,0.0,43.168870356641484,0.45631491549128084,0.11231056049622637,99.99998576763264,110.00000000016189,0.49999999711115445,54.698762879131586,0.25009966926192534,0.0064,0.0061,0.0284,0.0394
420,1762837423.4862382,0.05997359947741708,-0.0881791786992495,0.23782444358139102,0.0023308102677474588,-0.2999931429954761,-0.29939091552326214,0.08927042286806416,0.05763537954931882,0.0,0.0,0.0,1.0,0.0,0.0,0.0,0.0,0.0,0.0,0.0,0.0,0.0,0.803,0.291,1.036,0.999,-0.007,-0.045,0.004,-0.32,0.461,0.015,0.424,0.174,0.009,0.7798563875310373,0.3218163231687077,1.0362180796592524,0.9992600935113947,0.007705586034608926,-0.03855083998202993,0.004989412256587656,-0.37296419203129416,0.4604282945267568,-0.00820139395876789,0.45383632384871997,0.20444515684849007,0.012200295292030709,0.3050171770956176,0.9523468494601222,1.0,1.0,0.0,0.0,0.0,43.16751506773853,0.4563046335767723,0.10791098852821171,99.99999941769649,110.00000003111477,0.4999993780386193,54.68117917605852,0.2488259710199513,0.0064,0.006,0.028,0.0391
421,1762837423.575327,0.005040323034063494,-0.10950615830637665,0.21802864933104907,0.0057708668193068215,-0.274666382216768,-0.10663489803563578,-0.09897897125170961,0.017200282757796812,0.0,0.0,0.0,1.0,0.0,0.0,0.0,0.0,0.0,0.0,0.0,0.0,0.0,0.79,0.31,1.036,0.999,0.003,-0.041,0.004,-0.347,0.465,0.015,0.411,0.133,-0.0,0.7650413067212585,0.3406602989670664,1.038102801502277,0.9990158369832156,0.014427821129905039,-0.03803035330407361,0.004427151420089178,-0.4013069418169368,0.45215888018832695,0.05075589212906734,0.27247640673494833,0.04133317767576869,-0.0029082612399358413,0.2647343859284996,0.9643213701391565,1.0,1.0,0.0,0.0,0.0,43.16184121090889,0.4563298700944955,0.11486590606160021,100.00001249174386,110.0000000727637,0.49999854502860924,54.666102255522034,0.2417237276084457,0.0063,0.006,0.0301,0.044
422,1762837423.5982275,0.005453022232534013,-0.10539904453088919,0.2282807190918937,0.004384521554399362,0.002063495992352622,0.02053556887743721,0.051260348804223144,-0.006931726324537297,0.0,0.0,0.0,1.0,0.0,0.0,0.0,0.0,0.0,0.0,0.0,0.0,0.0,0.78,0.322,1.037,0.999,0.008,-0.04,0.004,-0.387,0.492,0.03,0.341,0.045,-0.004,0.7525588988935485,0.35433226457624417,1.0378117099502582,0.9989166178549415,0.015831457692817498,-0.03973908231493305,0.004144971715062528,-0.4359051728865795,0.47641797765112126,-0.00863993058123514,0.13538533343837797,-0.02735966773571824,-0.0057813619868597845,0.2239840493718048,0.9745928101658707,1.0,1.0,0.0,0.0,0.0,43.16376852065269,0.45629925774200764,0.13370710961884222,100.00001917651224,110.00000009139207,0.49999817252516343,54.65000570577759,0.2386868645896153,0.0012,0.002,0.0092,0.0096
423,1762837423.6180444,0.023811212110629414,-0.09358924175963386,0.22613002816804667,0.0017554320178177142,0.09179094939047698,0.059049013856276644,-0.010753454619235148,-0.01314544768290824,0.0,0.0,0.0,1.0,0.0,0.0,0.0,0.0,0.0,0.0,0.0,0.0,0.0,0.768,0.337,1.037,0.999,0.011,-0.04,0.004,-0.434,0.519,0.022,0.114,-0.049,-0.006,0.737284120321768,0.3710645046508463,1.0385704909771294,0.9988955916124945,0.01344874500907347,-0.04183060608033956,0.0038799900947207432,-0.48799717910553214,0.5023355815642359,0.026678459183139026,0.036853805524586156,-0.059098200491302634,-0.005742787258105641,0.18283813628561943,0.9831430292279966,1.0,1.0,0.0,0.0,0.0,43.163833098948594,0.4562916428766772,0.1376499451876427,100.00002234971971,110.0000000988947,0.49999802247350483,54.636776958849005,0.24035280337201653,0.0013,0.0016,0.0066,0.0064
424,1762837423.7264996,0.044086919420526935,-0.07951034620489698,0.22758394360581652,-0.0006765486925853189,0.10137853654948761,0.0703944777736844,0.007269577188849281,-0.012159903552015168,0.0,0.0,0.0,1.0,0.0,0.0,0.0,0.0,0.0,0.0,0.0,0.0,0.0,0.756,0.351,1.038,0.999,0.012,-0.041,0.004,-0.497,0.562,0.023,0.049,-0.071,-0.005,0.7210623310496068,0.3879193905133466,1.0392975085503657,0.9989001777643362,0.01330541329678903,-0.042992282232078266,0.0038825762724619623,-0.5515241274757474,0.5452956490742624,0.015577151244536,0.031095373576108417,-0.04828107884469936,-0.0038250963217083198,0.14136931415473514,0.9899569268485472,1.0,1.0,0.0,0.0,0.0,43.16502308657265,0.4562828333781209,0.13738848720677532,100.00001860827595,110.00000008919523,0.4999982165076955,54.626449796130665,0.2428048170381768,0.0346,0.0041,0.0063,0.0072
425,1762837423.8265078,-0.013708323413833115,-0.1371592903647037,0.23347900539673078,0.0036530983236329985,-0.28897621417180025,-0.2882447207990335,0.02947530895457139,0.021648235081091583,0.0,0.0,0.0,1.0,0.0,0.0,0.0,0.0,0.0,0.0,0.0,0.0,0.0,0.742,0.366,1.038,0.999,0.013,-0.042,0.004,-0.213,0.227,0.009,0.022,-0.016,-0.001,0.7259643838880084,0.38054519230146433,1.0385520547982396,0.9989796178905931,0.014092279477401822,-0.04213024238837892,0.004021800020432903,-0.2681147948677331,0.20911030297465696,0.007790458433247347,0.04324384183173371,0.007594251177150175,-0.0003388453701029886,0.0996508207511566,0.9950224690546545,1.0,1.0,0.0,0.0,0.0,43.16131210598891,0.45629378809376187,0.13868689345281301,100.00005457660701,110.0000001730356,0.4999965396802824,54.60096021655811,0.23992034844751423,0.0051,0.0063,0.0399,0.0398
426,1762837423.912011,-0.019457799919670688,-0.1493171675455871,0.22748248740634486,0.002589451591936118,-0.028747382529187838,-0.06078938590441699,-0.029982589951929532,-0.005318233658484401,0.0,0.0,0.0,1.0,0.0,0.0,0.0,0.0,0.0,0.0,0.0,0.0,0.0,0.742,0.366,1.038,0.999,0.013,-0.042,0.004,-0.213,0.227,0.009,0.022,-0.016,-0.001,0.7258992212998039,0.3805424386310032,1.039153721233329,0.9989269937121713,0.012296930485769587,-0.04391378022279606,0.003906788184784363,-0.2705327201884911,0.20940795403015694,0.026429220481000607,-0.06367868591398253,-0.09721734507768107,-0.0013409845838347556,0.05775633478942866,0.9983307096306772,1.0,1.0,0.0,0.0,0.0,43.155366248124736,0.4563131914380775,0.14113259450633536,100.00008508508644,110.00000024566124,0.49999508714321894,54.57530205746339,0.24216433808540874,0.0068,0.0061,0.0294,0.0413
427,1762837424.0018914,0.04052250620142035,-0.08931727627616445,0.2270735325439635,-0.007003991266893002,0.2999015306054552,0.2999994563471133,-0.0020447743119069817,-0.04796721429414559,0.0,0.0,0.0,1.0,0.0,0.0,0.0,0.0,0.0,0.0,0.0,0.0,0.0,0.707,0.4,1.041,0.999,0.011,-0.047,0.004,-0.493,0.451,0.041,-0.147,-0.255,-0.007,0.6719726640959202,0.42965169188989866,1.0435337197169587,0.9986351832142374,0.0060900991751315055,-0.05500469339508689,0.003485937656151169,-0.5594491406554886,0.4396182520433437,0.03393584036361848,-0.14765402087471105,-0.22334223472867404,-0.0048637564530287745,0.01575984580321665,0.9998758059180444,1.0,1.0,0.0,0.0,0.0,43.157001418460794,0.4563051541451871,0.1394720930940167,100.00008097580344,110.0000002309774,0.49999538084533,54.565728144835546,0.2420995877294939,0.0064,0.0063,0.0359,0.0383
428,1762837424.084827,0.051074169164760104,-0.07483044519694815,0.2294757544213079,-0.006903874536880592,0.05275831481669879,0.0724341553960817,0.012011109386721987,0.0005005836500620482,0.0,0.0,0.0,1.0,0.0,0.0,0.0,0.0,0.0,0.0,0.0,0.0,0.0,0.679,0.425,1.043,0.999,0.009,-0.051,0.004,-0.52,0.429,0.038,0.02,-0.023,0.005,0.6421107189842002,0.4531859589579478,1.0453520189205134,0.9989899502643795,0.010284320283338026,-0.05093024536405274,0.004283181885480743,-0.586638459625469,0.4162816305394803,0.03252074541775492,0.06014822292721007,0.029140316745484958,0.008039387521616377,-0.026264476527047,0.9996550291339309,1.0,1.0,0.0,0.0,0.0,43.15826105668199,0.45629890106721505,0.13576189688407184,100.00007800414117,110.00000022649569,0.4999954704152882,54.55472270213684,0.24500268518939816,0.0073,0.0059,0.0285,0.0388
429,1762837424.168641,0.04877336627264022,-0.08245404411763083,0.22722854501665604,-0.005275616751991934,-0.01150401446059944,-0.038117994603413446,-0.011236047023259251,0.008141288924443294,0.0,0.0,0.0,1.0,0.0,0.0,0.0,0.0,0.0,0.0,0.0,0.0,0.0,0.663,0.438,1.044,0.999,0.009,-0.051,0.004,-0.493,0.386,0.035,0.058,0.022,0.006,0.6279069738150345,0.463295633179644,1.0464140084657982,0.9990491796584567,0.011390305461258046,-0.04950801953308175,0.004360860616936069,-0.5595105939119553,0.37234387908489264,0.03780926790349402,0.08401357682692967,0.06425413526171217,0.0072909523749512635,-0.06824241336467088,0.9976687691905392,1.0,1.0,0.0,0.0,0.0,43.157608086638554,0.4562979000582551,0.13438275288078957,100.00007938623547,110.00000022811999,0.49999543793753987,54.54055002175185,0.2464001225494742,0.0063,0.006,0.0288,0.0399
430,1762837424.2528772,0.08505235336598924,-0.03348914460847513,0.2222396656416317,-0.007564303964839269,0.18139493546674504,0.2448244975457785,-0.02494439687512179,-0.011443436064236673,0.0,0.0,0.0,1.0,0.0,0.0,0.0,0.0,0.0,0.0,0.0,0.0,0.0,0.637,0.457,1.046,0.999,0.011,-0.05,0.004,-0.744,0.539,0.052,0.131,0.077,0.009,0.5852655477930339,0.4923848881667533,1.0492726178858758,0.9990710303763697,0.01503837678776498,-0.04741846737975716,0.004517084161342536,-0.807446361860021,0.5216843782033099,0.04588297187606065,0.1116344089201726,0.07485291135966603,0.008142207866850592,-0.1100998277940316,0.9939205340064791,1.0,1.0,0.0,0.0,0.0,43.161502102616105,0.4562816991066539,0.12972736623075543,100.00005974514136,110.0000001781792,0.499996436814885,54.53630705133131,0.2470029003511629,0.0065,0.0061,0.0284,0.0404
431,1762837424.3378289,0.056314232061823455,-0.0781863007285385,0.2309720356415092,-0.003547414730392496,-0.1436906065208289,-0.22348578060031676,0.04366184999938764,0.020084446172233858,0.0,0.0,0.0,1.0,0.0,0.0,0.0,0.0,0.0,0.0,0.0,0.0,0.0,0.625,0.466,1.047,0.999,0.013,-0.049,0.004,-0.52,0.364,0.035,0.104,0.061,0.007,0.588295616912464,0.4896499143295127,1.0486605358141887,0.9991044116101673,0.017352589223834414,-0.045346822596402554,0.004485896283280992,-0.5802954883850898,0.3446103265239402,0.0141717804257139,0.15556184715074015,0.15257535199195346,0.006252535402465685,-0.1517627957532151,0.988416943311459,1.0,1.0,0.0,0.0,0.0,43.16251344710982,0.4562721386703977,0.13133379542270052,100.00006258404053,110.00000017785348,0.4999964433540781,54.51811680489392,0.25047226625601693,0.007,0.0063,0.0288,0.04
432,1762837424.4232614,0.07824292734737194,-0.047862026991338597,0.22207367855008142,-0.00491124237763102,0.10964347642774243,0.15162136868599949,-0.04449178545713891,-0.006819138236192623,0.0,0.0,0.0,1.0,0.0,0.0,0.0,0.0,0.0,0.0,0.0,0.0,0.0,0.603,0.481,1.048,0.999,0.016,-0.046,0.005,-0.723,0.476,0.037,0.218,0.191,0.01,0.552846838914907,0.511912858104874,1.050772165075174,0.9991097701198488,0.02206418650555283,-0.04072762617347714,0.005655450185502478,-0.7805533656814778,0.44999467226309336,0.04755061839597601,0.14731395265033598,0.12147390031744924,0.007762112026049138,-0.19315773659074303,0.9811677169552314,1.0,1.0,0.0,0.0,0.0,43.163546235336064,0.45626599941538903,0.13071125022315463,100.00005530015504,110.00000016013576,0.49999679767667027,54.50961636664871,0.24760598596147976,0.0065,0.0065,0.029,0.0405
433,1762837424.5088513,0.09754097136982076,-0.021154404706873454,0.22420874021621667,-0.005999367694478902,0.09649022011224417,0.13353811142232574,0.010675308330676116,-0.00544062658423941,0.0,0.0,0.0,1.0,0.0,0.0,0.0,0.0,0.0,0.0,0.0,0.0,0.0,0.583,0.494,1.049,0.999,0.018,-0.044,0.005,-0.838,0.521,0.047,0.18,0.131,0.007,0.5253377267049717,0.5278786607751832,1.051405543390842,0.999072756631624,0.023749815485494763,-0.039305605068030186,0.005536048354094249,-0.8907553774164771,0.4942081393536073,0.02389859587874456,0.16682989776624937,0.14801476097326724,0.004877627145220041,-0.23421154301580224,0.9721856577414404,1.0,1.0,0.0,0.0,0.0,43.16889858123874,0.45624705662601456,0.13008797172304232,100.00003446701602,110.00000009832718,0.49999803388121455,54.50374168591953,0.24715060562156377,0.0065,0.0061,0.0288,0.0411
434,1762837424.5939863,0.07314722679451706,-0.06343551482835079,0.22771419506100563,-0.0022556509208537306,-0.1219687228765185,-0.2114055506073867,0.01752727422394482,0.018718583868125856,0.0,0.0,0.0,1.0,0.0,0.0,0.0,0.0,0.0,0.0,0.0,0.0,0.0,0.559,0.508,1.05,0.999,0.021,-0.042,0.005,-0.63,0.369,0.024,0.149,0.141,0.005,0.5152731427792553,0.5316133137711627,1.0512187440054568,0.9990902008902813,0.026309934208995533,-0.036438949134310825,0.005464861617085281,-0.6806504223858727,0.338258203396939,0.012997007794290284,0.16868401429250998,0.186686681011766,0.002483416766144743,-0.2748517102124754,0.9614866288166869,1.0,1.0,0.0,0.0,0.0,43.16963183175725,0.45624429329050026,0.12868822893605883,100.0000388765325,110.00000010921059,0.4999978161295378,54.48734239105816,0.2484766394854408,0.0065,0.0062,0.0289,0.0407
435,1762837424.6796064,0.07489994273928041,-0.07176394539904657,0.2245171383163085,-0.0016897023303908201,0.008763579723816715,-0.04164215285347886,-0.01598528372348534,0.0028297429523145507,0.0,0.0,0.0,1.0,0.0,0.0,0.0,0.0,0.0,0.0,0.0,0.0,0.0,0.553,0.512,1.051,0.999,0.021,-0.042,0.005,-0.617,0.356,0.021,0.153,0.15,0.005,0.5101052283228561,0.534734728282791,1.0523677208774547,0.9990656576518357,0.02559341860135205,-0.03760779729619077,0.0054179277526746365,-0.6689474862445525,0.325032484911907,0.02062036967996408,0.12132071815673869,0.10833689267076749,0.003226377351387292,-0.3150064638899476,0.9490895256547462,1.0,1.0,0.0,0.0,0.0,43.16930936617144,0.45624530142771785,0.12969169980679285,100.00004726799669,110.00000013194916,0.49999736132808775,54.470924988359464,0.24750216016437293,0.0068,0.0062,0.0289,0.0408
436,1762837424.7641425,0.06509096761435061,-0.08944301316772749,0.22849081794513554,-0.0006143547779298548,-0.04904487562464897,-0.08839533884340459,0.019868398144135116,0.005376737762304825,0.0,0.0,0.0,1.0,0.0,0.0,0.0,0.0,0.0,0.0,0.0,0.0,0.0,0.523,0.528,1.051,0.999,0.025,-0.039,0.006,-0.521,0.278,0.015,0.098,0.066,0.002,0.4866279969574157,0.545403353037145,1.0516006804593412,0.9989905763917029,0.028112508355336307,-0.03703614641616421,0.006231401899570466,-0.5697009369899384,0.24346787770972775,0.0025709220941723,0.08860558742745406,0.04998493657364139,0.0017552262414608144,-0.35460488704253545,0.9350162426854148,1.0,1.0,0.0,0.0,0.0,43.16872534451702,0.4562494093391023,0.12970530050496137,100.00006512771714,110.00000018484222,0.4999963034841833,54.45131142133563,0.24697802253900802,0.0064,0.0062,0.029,0.0401
437,1762837424.8584943,0.031894987313227915,-0.14929127314588989,0.23105878412077005,0.004596720730487083,-0.1659799015056135,-0.29924129989081194,0.012839830878172458,0.026055377542084684,0.0,0.0,0.0,1.0,0.0,0.0,0.0,0.0,0.0,0.0,0.0,0.0,0.0,0.507,0.536,1.052,0.999,0.026,-0.038,0.006,-0.166,0.085,0.004,0.023,0.01,0.0,0.49427499543698605,0.5405034398387611,1.05233005790915,0.998975305822345,0.02685038318120876,-0.03804934532649962,0.006053537139304849,-0.21580939070959268,0.04989299355425164,0.0065114338895814385,0.026150693507074357,-0.013181803244676533,0.001302917674034401,-0.3935770451956726,0.9192916346269249,1.0,1.0,0.0,0.0,0.0,43.16381450525274,0.4562608919247536,0.12945060319346932,100.00012591579731,110.00000037118319,0.49999257668348096,54.420045527120166,0.24442489594478747,0.0065,0.0062,0.0397,0.039
438,1762837424.9504843,0.0675455103675624,-0.08929195608841464,0.22847758825713022,-0.003112919924054796,0.17825261527167247,0.2999965852873762,-0.012905979318199149,-0.03854820327270939,0.0,0.0,0.0,1.0,0.0,0.0,0.0,0.0,0.0,0.0,0.0,0.0,0.0,0.479,0.55,1.052,0.999,0.028,-0.038,0.006,-0.51,0.242,0.012,0.076,-0.015,0.001,0.44329963845929604,0.5648555631092376,1.0530733721306327,0.9988707081511197,0.029085443166667203,-0.04049663557203906,0.006049018248873705,-0.5615766055586044,0.2033921844241572,0.020510420036526845,-0.008799858262410941,-0.130308565077754,0.0036819529222935758,-0.43185410991665524,0.9019434725902137,1.0,1.0,0.0,0.0,0.0,43.16121711898289,0.4562672738290837,0.1348736083735492,100.00014021314419,110.00000041199547,0.4999917604625792,54.400065382919216,0.2500903031682125,0.0083,0.0076,0.036,0.0365
439,1762837424.9689333,0.06538962940158564,-0.1057037716074086,0.2333156384533305,-0.002737448895807311,-0.010779404829883751,-0.08205907759496972,0.024190250981001388,0.0018773551412374218,0.0,0.0,0.0,1.0,0.0,0.0,0.0,0.0,0.0,0.0,0.0,0.0,0.0,0.459,0.559,1.053,0.999,0.029,-0.039,0.006,-0.389,0.174,0.012,0.013,-0.073,-0.002,0.4313364036431343,0.5693141840974242,1.053768337137177,0.9989068913299467,0.029636942903003827,-0.04086617003196416,0.005964088443862847,-0.4412535395918329,0.13529599601109452,0.010607246450334347,0.026796865090353367,-0.03488947238542581,0.0012736673787997884,-0.4693684803720136,0.8830023950325767,1.0,1.0,0.0,0.0,0.0,43.15783519470264,0.45627496685368607,0.13480570034741615,100.00016492486454,110.00000048833392,0.4999902336929551,54.37825132184126,0.2509219664310926,0.0012,0.0012,0.0074,0.0077
440,1762837425.0615628,0.12198807815665663,-0.04570381465951913,0.21425272970240697,-0.04931146333875716,0.28299224377535487,0.29999978473944733,-0.09531454375461762,-0.2328700722147492,0.0,0.0,0.0,1.0,0.0,0.0,0.0,0.0,0.0,0.0,0.0,0.0,0.0,0.429,0.572,1.054,0.999,0.03,-0.042,0.006,-0.978,0.402,0.043,0.069,-0.239,0.003,0.3618183985472414,0.5974126115280288,1.0573157176005379,0.9986415507861567,0.03186882875448031,-0.04862490373411025,0.006011278696096378,-1.0390107129152175,0.35990246048834257,0.057006773014498545,0.04199308550168476,-0.16293687385442956,0.00469993418599553,-0.5060539027168316,0.8625018536473203,1.0,1.0,0.0,0.0,0.0,43.15980884778362,0.45627398304515526,0.1328408778952281,100.00009583524621,110.00000028020608,0.4999943962738323,54.37690471857113,0.2529028471273052,0.0017,0.0021,0.0189,0.0365
441,1762837425.1539018,0.08605458862299951,-0.07234251832453181,0.24078250349835292,-0.0336362701133798,-0.17966744766828557,-0.13319351832506338,0.13264886897972955,0.07837596612688674,0.0,0.0,0.0,1.0,0.0,0.0,0.0,0.0,0.0,0.0,0.0,0.0,0.0,0.415,0.578,1.055,0.999,0.03,-0.043,0.006,-0.499,0.197,0.013,0.072,-0.049,0.02,0.37998389927781495,0.5898619955368838,1.0542996862669922,0.9988839365039552,0.03358857782001981,-0.04284653277923871,0.007277704768498574,-0.5511817118002025,0.15832459391266732,-0.036830414427719796,0.14430892301577958,0.05656639525897697,0.04643248251804773,-0.5418455871051587,0.84047805428498,1.0,1.0,0.0,0.0,0.0,43.16035885633042,0.4562754623520116,0.13563676908686642,100.0000081500467,109.99999733140132,0.5000533696634774,54.354951371993074,0.2528125135954454,0.0027,0.0071,0.0341,0.0412
442,1762837425.1721606,0.09098656269103696,-0.07527635723105411,0.2249271008586052,-0.023923325262984556,0.024659870340187212,-0.014669194532611396,-0.07927701319873864,0.04856472425197626,0.0,0.0,0.0,1.0,0.0,0.0,0.0,0.0,0.0,0.0,0.0,0.0,0.0,0.415,0.578,1.055,0.999,0.03,-0.043,0.006,-0.499,0.197,0.013,0.072,-0.049,0.02,0.3797162709622861,0.5896810443679158,1.0572839800404972,0.998883791878412,0.03234848901925187,-0.0438443678663022,0.006965383481949379,-0.5600952191284774,0.15263207630715264,0.05944828592889364,0.0662525914563203,-0.006622734796181333,0.03164284468649239,-0.5766803221148671,0.8169698930104421,1.0,1.0,0.0,0.0,0.0,43.15394387788909,0.4562847462110342,0.1367505722053582,99.99990210933484,109.99999466010806,0.5001067956873195,54.332557544686814,0.2539821809946497,0.0016,0.0019,0.0077,0.0061
443,1762837425.2219377,0.11799061020498008,-0.015276363180300193,0.2221559057277845,-0.029472353860877484,0.13502023756971562,0.29999997025376957,-0.013855975654103646,-0.027745142989464643,0.0,0.0,0.0,1.0,0.0,0.0,0.0,0.0,0.0,0.0,0.0,0.0,0.0,0.378,0.591,1.056,0.998,0.034,-0.043,0.007,-0.909,0.319,0.045,0.195,0.037,0.082,0.3155938270738975,0.6107163909340616,1.0584278032132801,0.997832960801514,0.039460684964440586,-0.041668934310251225,0.00969357806941584,-0.962664979181944,0.271494093289919,0.025352814131803576,0.1414911817602533,0.043934316377966,0.0637411569472266,-0.6104965863848613,0.7920188874088998,1.0,1.0,0.0,0.0,0.0,43.156726930981854,0.45628096100486437,0.13426693779972643,100.00001680947265,109.9999974758989,0.500050476043201,54.32415328562141,0.2553484996195901,0.0012,0.0013,0.0087,0.0086
444,1762837425.318452,0.13302562481904417,0.03984572379903514,0.22466512450757858,-0.02625503701401778,0.07517507307032043,0.27561043489667664,0.012546093898970358,0.01608658423429852,0.0,0.0,0.0,1.0,0.0,0.0,0.0,0.0,0.0,0.0,0.0,0.0,0.0,0.362,0.597,1.057,0.998,0.036,-0.043,0.008,-1.037,0.345,0.043,0.202,0.11,0.063,0.2911166949574218,0.6183646578920323,1.0591706400593532,0.9979346215267584,0.04227880945799751,-0.0380204859364078,0.010320533223946481,-1.088386093132535,0.2946322593717904,0.02176689305155282,0.1831273354611185,0.18696538358214934,0.04975405758610397,-0.6432346572674893,0.765669103261961,1.0,1.0,0.0,0.0,0.0,43.161453463328336,0.4562750087280398,0.13259169637420443,100.00003558163634,109.99999846505567,0.5000306898680396,54.316676388899275,0.2566452802491658,0.0017,0.0057,0.03,0.0122
445,1762837425.3609273,0.1116329019598982,-0.019041068845007635,0.232132486696552,-0.013693975300164966,-0.10696361429572993,-0.29443396322021387,0.03733681094486733,0.06280530856926406,0.0,0.0,0.0,1.0,0.0,0.0,0.0,0.0,0.0,0.0,0.0,0.0,0.0,0.333,0.606,1.058,0.998,0.039,-0.039,0.009,-0.726,0.22,0.022,0.167,0.251,0.034,0.28306968046121195,0.6188927765121858,1.059095587613189,0.9980879235422829,0.04455037392087852,-0.029181939259500914,0.010554051504046938,-0.7698298131372308,0.16557503906210858,0.01136375725351367,0.17186467739417438,0.3309292535373028,0.023334489917557596,-0.6748367163042576,0.7379670767234044,1.0,1.0,0.0,0.0,0.0,43.161502406936634,0.4562781259651757,0.13149084716567008,100.00005417230219,109.9999986924064,0.50002614215534,54.297121546992955,0.25861290004916265,0.0017,0.0019,0.0101,0.0117
446,1762837425.4267344,0.11009606541335565,-0.03624209975952786,0.22369737949151985,-0.007573775621939792,-0.007684182732712791,-0.08600515457260104,-0.042175536025160706,0.030600998391125876,0.0,0.0,0.0,1.0,0.0,0.0,0.0,0.0,0.0,0.0,0.0,0.0,0.0,0.309,0.613,1.058,0.998,0.042,-0.034,0.01,-0.718,0.2,0.022,0.18,0.309,0.031,0.2597838884292939,0.6243642786281848,1.059856717194926,0.9980294118501092,0.04703383783097661,-0.024865530626099665,0.01142999760585666,-0.7565253355767275,0.1397204861225325,0.03484241736734712,0.12874268395699476,0.233437816538968,0.02243991883609308,-0.7052469513385697,0.7089617321320334,1.0,1.0,0.0,0.0,0.0,43.159172002893655,0.45628286243347604,0.1319013503926982,100.00011718582782,109.99999947951673,0.5000103988065467,54.27833654814019,0.2567920510265179,0.0019,0.0019,0.013,0.0078
447,1762837425.5340548,0.1378789233259689,0.023757889608043495,0.22485145880887883,-0.018476445057266904,0.13891428956306617,0.2999999468378568,0.005770396586794747,-0.05451334717663556,0.0,0.0,0.0,1.0,0.0,0.0,0.0,0.0,0.0,0.0,0.0,0.0,0.0,0.288,0.619,1.059,0.999,0.044,-0.03,0.011,-1.172,0.3,0.035,0.224,0.338,0.027,0.20875521571308397,0.6370142963153427,1.0607465586875158,0.9989362617149868,0.05006605784638834,-0.020627119789717416,0.012341961006627171,-1.203252252077827,0.23927678699480945,0.016130710017226237,0.14998158891050414,0.22434296646011387,0.018889603941225228,-0.734411655085154,0.6787042956067721,1.0,1.0,0.0,0.0,0.0,43.16306083638501,0.4562807782351054,0.1387428665895739,100.0000378637755,109.99999847878868,0.5000304130936963,54.271064787537235,0.2545867710744099,0.0017,0.0048,0.0299,0.0287
448,1762837425.6201465,0.1463093161181657,0.06049826652594771,0.2254036508739067,-0.017207533955221708,0.042151963960983946,0.18370188458952108,0.002760960325139351,0.006344555510225973,0.0,0.0,0.0,1.0,0.0,0.0,0.0,0.0,0.0,0.0,0.0,0.0,0.0,0.288,0.619,1.059,0.999,0.044,-0.03,0.011,-1.172,0.3,0.035,0.224,0.338,0.027,0.20875822098144778,0.6369878936426914,1.060958334322385,0.9989293796706532,0.050894568096599334,-0.018785552889248377,0.012447622981956693,-1.2028144693776304,0.23815423094403743,0.023966055964937567,0.1993787343408294,0.33221227705354467,0.0186200826035226,-0.762279319982093,0.6472482045766044,1.0,1.0,0.0,0.0,0.0,43.166511301984045,0.45628450894429945,0.14099854812836718,99.99995367325886,109.99999718136588,0.5000563614229051,54.261185380312234,0.25508453250638335,0.0074,0.0062,0.0292,0.0414
449,1762837425.7050107,0.11653155879177081,0.000555260159094878,0.23015398989485822,-0.00442467989387252,-0.1488887866319744,-0.2997150318342641,0.02375169510475758,0.06391427030674592,0.0,0.0,0.0,1.0,0.0,0.0,0.0,0.0,0.0,0.0,0.0,0.0,0.0,0.221,0.634,1.06,0.998,0.05,-0.021,0.012,-0.76,0.144,0.011,0.161,0.292,0.019,0.16960069075969822,0.6413574503585492,1.0604237057305481,0.9978825039643502,0.055099419278422115,-0.010625652499582782,0.01306607821017918,-0.7797422150304342,0.07564856146729511,0.0018010037073185531,0.1521006360622187,0.3238960737582363,0.008101878785410582,-0.7888007291579354,0.6146490134051379,1.0,1.0,0.0,0.0,0.0,43.16541493358558,0.45629395098307857,0.13948831968245806,100.00003765108286,109.99999807820119,0.5000384238283787,54.24054200137166,0.25538236080335386,0.0064,0.0059,0.0291,0.0407
450,1762837425.7930975,0.11522138451640221,-0.016476501997469774,0.22456926511374692,0.00022085943347345365,-0.006550871376843043,-0.08515881078282325,-0.027923623905556635,0.023227696636729883,0.0,0.0,0.0,1.0,0.0,0.0,0.0,0.0,0.0,0.0,0.0,0.0,0.0,0.194,0.638,1.061,0.998,0.053,-0.015,0.013,-0.795,0.129,0.011,0.166,0.323,0.018,0.14051716251483454,0.644181699050082,1.061909961986315,0.9978488901772508,0.0572121966179259,-0.0059273612803945296,0.014002685647363405,-0.8074955536056323,0.05546815499380093,0.016962711668694085,0.09486119754725808,0.21729530108592976,0.010731337558945656,-0.8139290433532413,0.5809642952764631,1.0,1.0,0.0,0.0,0.0,43.16336707868959,0.4563017972619135,0.14229434997289592,100.0001228728544,109.99999905039638,0.5000189791184064,54.2224890786226,0.25505629177523315,0.0066,0.0061,0.032,0.0405
451,1762837425.878827,0.14104175316431894,0.043523482574173766,0.2283816312581983,-0.049641324853807726,0.12910184323958368,0.29999992285821775,0.019061830722256937,-0.2493109214364059,0.0,0.0,0.0,1.0,0.0,0.0,0.0,0.0,0.0,0.0,0.0,0.0,0.0,0.154,0.644,1.061,0.998,0.056,-0.009,0.013,-1.56,0.192,0.018,0.143,0.234,0.005,0.04974621223218081,0.6543373187587203,1.0617238854680788,0.9978235115766477,0.05956414479351012,-0.0028171643354953516,0.01350961461938894,-1.5662604295868356,0.11747022902745699,0.0028327710158451078,0.07885526146006783,0.13739823536284815,0.0035142881650509316,-0.8376198836430415,0.5462535405155903,1.0,1.0,0.0,0.0,0.0,43.166378048753316,0.4563114348329697,0.14590125074665752,99.99975867476206,109.99999400737185,0.5001198423117894,54.2204832041007,0.2651102330623034,0.0066,0.0066,0.0294,0.0403
452,1762837425.9631352,0.12075938773089985,0.023533607184098616,0.2281541135805693,-0.03640150992844718,-0.10141182716709546,-0.0999493769503757,-0.001137588388144966,0.06619907462680276,0.0,0.0,0.0,1.0,0.0,0.0,0.0,0.0,0.0,0.0,0.0,0.0,0.0,0.116,0.648,1.062,0.998,0.057,-0.007,0.014,-0.887,0.075,0.006,0.08,0.142,0.033,0.05666991582772386,0.6504621688045907,1.0623940163615622,0.9978482792061464,0.059569341336114814,-0.0017009588824195084,0.015665450108355898,-0.8917125994086548,-0.001755633995572237,0.006367809520233583,0.08033838301037274,0.17892403574441446,0.04832973456348958,-0.8598314098141204,0.510578051523038,1.0,1.0,0.0,0.0,0.0,43.16454768457642,0.45632304795706813,0.14434201721910178,99.99979974390477,109.99999450520052,0.5001098853811047,54.20078071755688,0.26685146760461936,0.0065,0.0061,0.029,0.0396
453,1762837426.0495608,0.11790576144727538,0.017529104029175034,0.22730539880181522,-0.023564851035820497,-0.014268131418122387,-0.03002251577461791,-0.004243573893770348,0.06418329446313342,0.0,0.0,0.0,1.0,0.0,0.0,0.0,0.0,0.0,0.0,0.0,0.0,0.0,0.089,0.65,1.062,0.998,0.059,-0.004,0.014,-0.846,0.047,0.007,0.063,0.144,0.043,0.03253117473391798,0.6505297393511942,1.0623871025194178,0.9978960832583187,0.06043432444005314,0.0004753116704112368,0.015743420179774,-0.8470775804240616,-0.0313989875811046,0.004555575825987887,0.027406489450744063,0.12601980076695932,0.04501302583612313,-0.8805243942586999,0.4740008345091279,1.0,1.0,0.0,0.0,0.0,43.162569764438075,0.45633549390249395,0.14291138511271315,99.99988759754545,109.99999590874417,0.5000818110365897,54.180764109169026,0.2688459915414517,0.0063,0.0059,0.0318,0.0396
454,1762837426.135561,0.12132443371338703,0.033399078273908304,0.2279492420624972,-0.01643715905105081,0.017093361330558193,0.07934987122366638,0.0032192163034099764,0.03563845992384844,0.0,0.0,0.0,1.0,0.0,0.0,0.0,0.0,0.0,0.0,0.0,0.0,0.0,0.063,0.651,1.062,0.998,0.059,-0.002,0.015,-0.895,0.027,0.008,0.042,0.131,0.041,0.003346337781445519,0.650217597429797,1.062366621926613,0.997924444341398,0.05986616366003728,0.0019181719483387198,0.016527796650676926,-0.8937421943681134,-0.050634795384947986,0.0028669583189456557,0.015111068925573871,0.10733731393064974,0.03665005355592755,-0.8996622912540178,0.43658648821919677,1.0,1.0,0.0,0.0,0.0,43.16092704713847,0.45634969808253295,0.14090501756864024,99.9999384331809,109.99999670767959,0.5000658292161669,54.16147016201128,0.2723437105124213,0.0065,0.0059,0.0302,0.0406
455,1762837426.220621,0.12246286371301603,0.05415997263446021,0.22774878760524453,-0.01228346341387988,0.0056921499981450185,0.10380447180275953,-0.0010022722862633934,0.020768478185854658,0.0,0.0,0.0,1.0,0.0,0.0,0.0,0.0,0.0,0.0,0.0,0.0,0.0,0.036,0.651,1.062,0.998,0.06,-0.001,0.016,-0.945,0.001,0.008,0.023,0.107,0.033,-0.02694791998235759,0.648439865976037,1.0624379604301817,0.9979523153813771,0.06041521458419137,0.0026660377226083625,0.0171779668988173,-0.942626123073598,-0.07789888254957851,0.005241961932688656,0.006925856005398377,0.11509704732289397,0.024743504095584297,-0.9172113015054528,0.3984010898462418,1.0,1.0,0.0,0.0,0.0,43.15909418994893,0.4563645455982269,0.13786240354665621,99.99992445411806,109.9999963914766,0.5000721528156488,54.14224777947982,0.2765019026524267,0.0065,0.0061,0.0303,0.0393
456,1762837426.3037348,0.1183067741030765,0.06505684015045712,0.22780322085903326,-0.00870190487770034,-0.020780448049697697,0.05448433757998461,0.00027216626894348284,0.017907792680897695,0.0,0.0,0.0,1.0,0.0,0.0,0.0,0.0,0.0,0.0,0.0,0.0,0.0,-0.011,0.65,1.063,0.998,0.06,0.003,0.017,-0.97,-0.047,0.008,0.018,0.165,0.022,-0.07541065794008758,0.6442493457895281,1.0634085340855473,0.997936592120181,0.06026507795101103,0.008472255043891314,0.017913851636318607,-0.9611210714549222,-0.12555519718996913,0.00422221884484826,0.004493057095419484,0.1645171926581785,0.01373796365877815,-0.9331404318392025,0.35951207833249027,1.0,1.0,0.0,0.0,0.0,43.15749097275277,0.45637965771558514,0.13401587510299603,99.99988908011419,109.99999564798674,0.5000870227517386,54.12470455007685,0.2808648645323742,0.0066,0.0059,0.0285,0.0394
457,1762837426.387643,0.11700626353975252,0.048596114275914225,0.22797574871753834,-0.0034458295503805806,-0.006502552816619933,-0.08230362937271447,0.000862639292525438,0.026280376636598796,0.0,0.0,0.0,1.0,0.0,0.0,0.0,0.0,0.0,0.0,0.0,0.0,0.0,-0.042,0.648,1.063,0.998,0.06,0.006,0.017,-0.872,-0.072,0.007,0.012,0.196,0.016,-0.09973264074694091,0.6405880145776649,1.0633484279918,0.9979300765816347,0.05997635897235645,0.012333366439209958,0.017756398525238543,-0.85859881642867,-0.15033363092992807,0.0034543481988019717,-0.0059376414712866265,0.18429480912460303,0.007403745057130435,-0.9474215499390909,0.319988135265998,1.0,1.0,0.0,0.0,0.0,43.15552492945136,0.45639468297454466,0.13049807924279452,99.99994192524767,109.99999617990298,0.5000763827186426,54.10553558085711,0.2836700547806725,0.0063,0.0059,0.0288,0.0401
458,1762837426.4704366,0.11582778257558277,0.06336194651642132,0.22767343027135023,-0.001600033738336227,-0.005892404820848823,0.07382916120253552,-0.00151159223094045,0.009228979060221769,0.0,0.0,0.0,1.0,0.0,0.0,0.0,0.0,0.0,0.0,0.0,0.0,0.0,-0.07,0.645,1.063,0.998,0.06,0.009,0.018,-0.935,-0.105,0.008,0.005,0.241,0.015,-0.13178469458390438,0.6353926839082992,1.0634281863972708,0.9979155547117944,0.05975118501499104,0.015845162082618172,0.018769008531621487,-0.9170416914685445,-0.18314399968721973,0.004857508158846813,-0.011285336611366152,0.1721459912532402,0.007430037175241219,-0.9600294340308396,0.27989906358261685,1.0,1.0,0.0,0.0,0.0,43.1535210443294,0.4564100516069312,0.12678337513616322,99.99993344089123,109.99999567484275,0.5000864839927035,54.087084097590036,0.28722268149413704,0.0063,0.0059,0.0282,0.0396
459,1762837426.5550828,0.10910106364156916,0.12204258556328776,0.2280382375670006,-0.005356945362528711,-0.033633594670068157,0.2934031952343322,0.0018240364782517934,-0.018784558120962424,0.0,0.0,0.0,1.0,0.0,0.0,0.0,0.0,0.0,0.0,0.0,0.0,0.0,-0.095,0.642,1.063,0.998,0.06,0.012,0.018,-1.218,-0.171,0.011,-0.002,0.333,0.014,-0.1754815481854153,0.6280040608990843,1.0635865112038632,0.99785700917956,0.05948968136296766,0.021427680952954272,0.018850579198001496,-1.1943711001898993,-0.2487244366381,0.006513088591417589,-0.01706177140176013,0.23911782595371495,0.004087020197370296,-0.9709418174260519,0.2393156642875581,1.0,1.0,0.0,0.0,0.0,43.151871319624,0.45642706535545385,0.12103220605779871,99.99963708344033,109.9999906095909,0.500187798262804,54.071649108401196,0.2934469347797361,0.0064,0.006,0.0292,0.0402
460,1762837426.6395998,0.11515312697240926,0.06501561901018163,0.22897357471559768,0.0026403911601024866,0.03026031665420048,-0.28513483276553064,0.00467668574298567,0.03998668261315598,0.0,0.0,0.0,1.0,0.0,0.0,0.0,0.0,0.0,0.0,0.0,0.0,0.0,-0.122,0.638,1.064,0.998,0.06,0.016,0.018,-0.851,-0.145,0.007,-0.008,0.254,0.007,-0.17786213783298474,0.6257388401246698,1.0643597597238066,0.9978627321058778,0.05915645723560607,0.02472731962670832,0.018522147224176482,-0.822958599775915,-0.22262759378217584,0.003810127262364752,-0.031199484974661344,0.27029539980697964,-0.0064078093891987795,-0.9801394278472417,0.19830961141427728,1.0,1.0,0.0,0.0,0.0,43.14936634534161,0.4564419321330302,0.11763975612905693,99.99973713579921,109.9999917984052,0.500164019007015,54.05021113398509,0.2948551808109419,0.0064,0.006,0.0281,0.0413
461,1762837426.7236042,0.11881701738458159,0.036248225021897625,0.22605022855957796,0.007657042046007328,0.018319452060861635,-0.14383696994142003,-0.014616730780098617,0.025083254429524207,0.0,0.0,0.0,1.0,0.0,0.0,0.0,0.0,0.0,0.0,0.0,0.0,0.0,-0.146,0.633,1.064,0.998,0.06,0.02,0.019,-0.747,-0.15,0.007,-0.016,0.269,0.004,-0.19475534202548636,0.6204004165489627,1.0644459604572436,0.9978730767181851,0.05915909388169107,0.02712762465558036,0.019457417742184516,-0.7140979536703367,-0.22779727281346956,0.006477056479293379,-0.024409204682437194,0.1602623565289332,-0.0017569464379232841,-0.9876060214644565,0.15695332544150634,1.0,1.0,0.0,0.0,0.0,43.14639910789195,0.45645487531459317,0.11679554387687527,99.99991673731594,109.99999446855186,0.5001106102153084,54.0277237983096,0.2947657825793978,0.0064,0.006,0.0295,0.0392
462,1762837426.8070624,0.12135175056757128,0.023255626169268195,0.22832561539704777,0.009589380886637237,0.01267366591494834,-0.0649629942631472,0.011376934187348954,0.00966169420314954,0.0,0.0,0.0,1.0,0.0,0.0,0.0,0.0,0.0,0.0,0.0,0.0,0.0,-0.173,0.628,1.064,0.998,0.06,0.024,0.019,-0.664,-0.155,0.007,-0.014,0.181,-0.002,-0.2161091071442957,0.6151051943851303,1.0641224635079918,0.997929540278963,0.05934640736005539,0.028087875712090125,0.019154124721790143,-0.6283977576578319,-0.23163528072852074,-0.0037659377609531165,-0.01915854291532781,0.07001020362816242,-0.0037601651879841827,-0.9933284115833829,0.11531984539199457,1.0,1.0,0.0,0.0,0.0,43.14432930116974,0.4564707334473929,0.1178300992152208,100.00013440298937,109.99999794502378,0.5000410734052899,54.00311729847009,0.29502999223624665,0.0064,0.0059,0.0294,0.0389
463,1762837426.891263,0.10848257127727845,0.08263148185224034,0.22987755718864214,0.002520571065196782,-0.06434589645146399,0.2968792784148607,0.00775970895797199,-0.03534404910720228,0.0,0.0,0.0,1.0,0.0,0.0,0.0,0.0,0.0,0.0,0.0,0.0,0.0,-0.197,0.622,1.064,0.998,0.059,0.027,0.019,-0.925,-0.244,0.009,-0.008,0.1,-0.009,-0.2574018903918301,0.6031808120987959,1.0645211396658765,0.9979772997264577,0.05864865110104099,0.028663805959054846,0.018847791927924854,-0.8866449799441383,-0.32053734839481257,0.0069914065616537395,-0.010119948699337142,0.0059621592461215015,-0.006574934002837629,-0.9972964919342662,0.07348269983884748,1.0,1.0,0.0,0.0,0.0,43.141822162113925,0.4564875256865025,0.11671920853732512,100.00000313479956,109.99999596410512,0.5000806964962317,53.978786824655195,0.2992391772576497,0.0065,0.006,0.0296,0.0392
464,1762837426.973641,0.09295917884269723,0.13563549493516708,0.22735698962756487,-0.0031749425653253872,-0.07761696217290606,0.2650200654146337,-0.012602837805386343,-0.028477568152610842,0.0,0.0,0.0,1.0,0.0,0.0,0.0,0.0,0.0,0.0,0.0,0.0,0.0,-0.237,0.61,1.065,0.998,0.059,0.027,0.019,-1.038,-0.329,0.015,-0.014,0.043,-0.009,-0.3049382253807306,0.5855027754105046,1.0660535360338976,0.998001675045536,0.05812465173757648,0.028918461985438675,0.018785413028991556,-0.9997026532772769,-0.4057507505776149,0.016840184919434224,-0.034670318249461804,0.07389229273270069,-0.011919763615868552,-0.9995032545205177,0.031515777047270724,1.0,1.0,0.0,0.0,0.0,43.13937558358802,0.45650387949395965,0.11272443830058625,99.99972871189334,109.99999158531249,0.5001682824306956,53.95650370908596,0.30340873434703586,0.0064,0.0061,0.0281,0.0391
465,1762837427.0562053,0.08150021822403662,0.1568587552775023,0.2281764944990718,-0.004510621697871449,-0.05729480309330312,0.1061163017116761,0.00409752435753459,-0.006678395662730308,0.0,0.0,0.0,1.0,0.0,0.0,0.0,0.0,0.0,0.0,0.0,0.0,0.0,-0.268,0.599,1.065,0.998,0.059,0.029,0.019,-1.1,-0.399,0.021,-0.052,0.188,-0.003,-0.33993128800740424,0.5698930759878229,1.0661595501502494,0.9979142830713589,0.05669062554770755,0.035657634586017825,0.019204774796110803,-1.056532900825058,-0.473641249032213,0.013389430331569405,-0.07644156349390013,0.21258409784162643,-0.011113624938420297,-0.9999448019954837,-0.0105068055189361,1.0,1.0,0.0,0.0,0.0,43.13805909079807,0.4565225035600075,0.10786653611637557,99.99939987424244,109.99998631097462,0.5002737815273126,53.93533609593382,0.30764984735654977,0.0065,0.006,0.0279,0.0394
466,1762837427.138817,0.08790906518906175,0.12669521129040778,0.22876351704273576,0.0006644981172057056,0.03204423482512561,-0.1508177199354724,0.00293511271831992,0.025875599075385773,0.0,0.0,0.0,1.0,0.0,0.0,0.0,0.0,0.0,0.0,0.0,0.0,0.0,-0.294,0.589,1.066,0.998,0.058,0.032,0.019,-0.944,-0.38,0.018,-0.083,0.277,0.003,-0.35535444369331304,0.5612095359942046,1.067069471190691,0.9978470905589103,0.05465634733416929,0.04106221153270539,0.019513929811658125,-0.8946712803537837,-0.45297144418342683,0.014170357742226513,-0.10409540193131475,0.26815736459344947,-0.008159471563276047,-0.9986203545455203,-0.052510832095665226,1.0,1.0,0.0,0.0,0.0,43.13615745736883,0.45653840544684116,0.10402535336201499,99.99929598427573,109.99998442493649,0.5003115064691808,53.91350525175682,0.30976788606161115,0.0064,0.0059,0.0278,0.0397
467,1762837427.2211,0.09207452308072321,0.1082368087953696,0.22757359534512875,0.004745075035175314,0.020827289458307308,-0.09229201247519087,-0.005949608488035078,0.020402884589848045,0.0,0.0,0.0,1.0,0.0,0.0,0.0,0.0,0.0,0.0,0.0,0.0,0.0,-0.319,0.579,1.066,0.998,0.057,0.036,0.019,-0.857,-0.379,0.018,-0.103,0.3,0.002,-0.374376539519777,0.5513236625206288,1.067114009001283,0.9978468456789428,0.05346221864852266,0.04441721413259372,0.01950823132935602,-0.8024608613056055,-0.4504997160641507,0.015461866993496732,-0.0971515433426581,0.21008164643847638,-0.006132699837366867,-0.995532251267216,-0.09442211969040283,1.0,1.0,0.0,0.0,0.0,43.13387601050946,0.45655247919536684,0.10236375055266846,99.99928397350186,109.99998415348168,0.500316936248823,53.891125662214186,0.31003083282513244,0.0064,0.006,0.0279,0.0389
468,1762837427.3124614,0.08843903649139273,0.123425756194806,0.22908213234745525,0.004729696785370087,-0.018177432946652472,0.07594473699718206,0.007542685011632374,-7.68912490261345e-05,0.0,0.0,0.0,1.0,0.0,0.0,0.0,0.0,0.0,0.0,0.0,0.0,0.0,-0.33,0.574,1.067,0.998,0.056,0.038,0.02,-0.909,-0.419,0.02,-0.104,0.286,0.001,-0.3887767399344392,0.5437172358808221,1.0681124088221365,0.9978624898662289,0.05260835096571727,0.04549437410644159,0.020426661896312235,-0.8526792309787837,-0.4886940679400462,0.013159595871250694,-0.08921874787097274,0.1730812731137768,-0.006721050648763391,-0.9906859460363308,-0.1361666490962464,1.0,1.0,0.0,0.0,0.0,43.13169112434355,0.4565676124501005,0.10316578551978677,99.99919089064794,109.9999828982461,0.5003420449340458,53.86575815657944,0.3108634554149498,0.0064,0.006,0.0285,0.0477
469,1762837427.3329136,0.06156924661045862,0.17180833019399255,0.22881316174160282,-0.0007821988404008891,-0.1343489494046706,0.24191286999593267,-0.0013448530292622211,-0.027559478128854883,0.0,0.0,0.0,1.0,0.0,0.0,0.0,0.0,0.0,0.0,0.0,0.0,0.0,-0.364,0.557,1.067,0.997,0.054,0.042,0.02,-1.068,-0.558,0.024,-0.098,0.209,-0.005,-0.43322031253743054,0.5175216813771335,1.0685408604167341,0.9968984141768251,0.05076897692899834,0.0479428889471561,0.02016444763225612,-1.0072822355136504,-0.6256415609812983,0.022427238367993492,-0.08771501961298128,0.1548696834139842,-0.011385008151767002,-0.9840899978757481,-0.1776706956166664,1.0,1.0,0.0,0.0,0.0,43.12937268803904,0.45658234907348216,0.1018593427367751,99.998882006232,109.99997819074373,0.5004362073817101,53.841000992841934,0.31468966377172664,0.0011,0.0014,0.0067,0.0103
470,1762837427.3537977,0.07907031080799176,0.1389340010368623,0.2296023231144921,0.003962624097429302,0.08750532098766567,-0.1643716457856511,0.003945806864446297,0.023724114689150956,0.0,0.0,0.0,1.0,0.0,0.0,0.0,0.0,0.0,0.0,0.0,0.0,0.0,-0.375,0.551,1.068,0.997,0.053,0.043,0.02,-0.858,-0.466,0.021,-0.08,0.169,-0.005,-0.43018707114410604,0.5177026645539429,1.0692998417164308,0.9968879837787478,0.04947091883866739,0.04927637796317503,0.020147599676266413,-0.7962760388730903,-0.5321344558579383,0.01792026147963553,-0.11999332310931124,0.20838477454145704,-0.013714408279382449,-0.9757560558394491,-0.21886095927013058,1.0,1.0,0.0,0.0,0.0,43.12625665725736,0.45659500779806445,0.09967694054993566,99.99886880943902,109.99997791171127,0.5004417890541091,53.81355888442731,0.31735797215412653,0.0016,0.0014,0.0076,0.0073
471,1762837427.4501817,0.07932751815712524,0.13592845043041846,0.22845604812562184,0.005610599732971797,0.0012860367456673516,-0.015027753032219246,-0.005731374944351306,0.008239878177712476,0.0,0.0,0.0,1.0,0.0,0.0,0.0,0.0,0.0,0.0,0.0,0.0,0.0,-0.392,0.542,1.068,0.997,0.052,0.045,0.02,-0.85,-0.492,0.023,-0.124,0.263,-0.004,-0.4465304282412426,0.5070207595188788,1.0695099068794185,0.9968379585105346,0.048068713204035135,0.05224944769829197,0.020284654913748975,-0.7843284069252648,-0.5565051927951926,0.02235538218863056,-0.10079336232427005,0.17774480078102195,-0.010562991750369472,-0.9656988384392073,-0.2596646942446463,1.0,1.0,0.0,0.0,0.0,43.122700836011724,0.45660640741404096,0.09907145377417387,99.9988394187151,109.99997758939469,0.5004482372597355,53.78689936646622,0.31958100202828305,0.0017,0.0019,0.0328,0.0114
472,1762837427.5137498,0.06424546437218484,0.1550033907974207,0.22950543281316071,0.003385235692374985,-0.07541026892470201,0.09537470183501115,0.005246923437694442,-0.01112682020298406,0.0,0.0,0.0,1.0,0.0,0.0,0.0,0.0,0.0,0.0,0.0,0.0,0.0,-0.414,0.528,1.069,0.997,0.051,0.049,0.02,-0.907,-0.569,0.027,-0.119,0.234,-0.006,-0.47218419208878076,0.4879444060622613,1.0706312137191416,0.9968508860557297,0.047215256861383496,0.0553387738973027,0.02019293951798117,-0.8371609048780325,-0.631797063721943,0.021716021779025305,-0.0995599740763576,0.15504682563388889,-0.0116872393228391,-0.9539361076503359,-0.3000098373735883,1.0,1.0,0.0,0.0,0.0,43.11941477913228,0.45661754531933885,0.09826677962215064,99.99871342931637,109.9999757980211,0.5004840707620628,53.75900636538058,0.3236228007354006,0.0017,0.0059,0.0255,0.0117
473,1762837427.6115577,0.05178738888459407,0.17175871633893194,0.22935813961512724,0.0014466977904826204,-0.06229037743795385,0.08377662770755603,-0.00073646599016732,-0.009692689509461824,0.0,0.0,0.0,1.0,0.0,0.0,0.0,0.0,0.0,0.0,0.0,0.0,0.0,-0.434,0.515,1.069,0.997,0.049,0.051,0.02,-0.938,-0.634,0.032,-0.133,0.236,-0.005,-0.49414826806538226,0.4706971513150466,1.0710790818725515,0.9968319950574432,0.04455070042912,0.0578046710209788,0.02027061190266698,-0.8649382618313691,-0.6940921621437404,0.030472262183609735,-0.12501413249296744,0.18146988521362162,-0.010989248866918412,-0.9404886375423983,-0.33982513540590753,1.0,1.0,0.0,0.0,0.0,43.11591142007252,0.4566275865897855,0.09528495212652249,99.99854367673603,109.99997318699934,0.5005362987526072,53.73128014509454,0.3289232907264517,0.011,0.0061,0.0302,0.0283
474,1762837427.6301367,0.0515532759426596,0.18066314912180972,0.23027344667059158,0.0017431185491635544,-0.0011705647096723615,0.04452216391438889,0.004576535277321731,0.0014821037934046703,0.0,0.0,0.0,1.0,0.0,0.0,0.0,0.0,0.0,0.0,0.0,0.0,0.0,-0.434,0.515,1.069,0.997,0.049,0.051,0.02,-0.938,-0.634,0.032,-0.133,0.236,-0.005,-0.494147904558372,0.4707028047447378,1.0710508767598652,0.9968230520237525,0.044238300216782434,0.05818918683365863,0.02029326775357223,-0.864883401938059,-0.6938508904546934,0.029439195140126856,-0.1408821274550018,0.2021037017647011,-0.01153680625253355,-0.9253801775902822,-0.37904027084595865,1.0,1.0,0.0,0.0,0.0,43.11123249738972,0.4566369810398771,0.09110290497624915,99.99841577467285,109.99997108370147,0.5005783705201398,53.70045055974151,0.33445414574849114,0.0013,0.0013,0.0072,0.0081
475,1762837427.6976104,0.09458982369227736,0.12067358163340533,0.2281207445355839,0.01343167685455552,0.2151827387480888,-0.2999478374420218,-0.010763510675038225,0.05844279152695983,0.0,0.0,0.0,1.0,0.0,0.0,0.0,0.0,0.0,0.0,0.0,0.0,0.0,-0.47,0.489,1.071,0.997,0.046,0.057,0.021,-0.539,-0.419,0.024,-0.118,0.197,-0.002,-0.5032908851325613,0.4591590152062048,1.0726040451537933,0.9968098837919085,0.041810923437139214,0.06311430989589746,0.021295455402366836,-0.4583891367682376,-0.4753087585044624,0.02418290826788097,-0.12186990559944182,0.17473504628787143,-0.009812645364305815,-0.9086374107304312,-0.4175859861406961,1.0,1.0,0.0,0.0,0.0,43.10689102003827,0.45664344795872347,0.08938294353622987,99.99871275939618,109.99997594511343,0.5004811309515437,53.674012515561365,0.3347821850313637,0.0017,0.002,0.015,0.0101
476,1762837427.7584615,0.0717336775485024,0.12412015089337727,0.22881048491763178,0.012675076276980418,-0.11428073071887479,0.017232846299859828,0.0034487019102393685,-0.0037830028878755055,0.0,0.0,0.0,1.0,0.0,0.0,0.0,0.0,0.0,0.0,0.0,0.0,0.0,-0.492,0.471,1.072,0.997,0.044,0.06,0.021,-0.638,-0.543,0.032,-0.068,0.124,-0.009,-0.5318353340134044,0.4329691088266194,1.0738878527144564,0.9969201238262723,0.04246467137466552,0.06246343044909667,0.020770473062959295,-0.5565663796083085,-0.5975612187451419,0.02429590569301801,-0.019389765252128856,0.02800006492084052,-0.01578999304964063,-0.890289906236314,-0.4553942059949107,1.0,1.0,0.0,0.0,0.0,43.10342212144098,0.4566478536468859,0.09058115701961242,99.99877637179127,109.99997733140245,0.5004534086573542,53.64266347207018,0.33782479805469007,0.0017,0.0019,0.0099,0.0094
477,1762837427.820153,0.046772740461922195,0.14980919949491683,0.22997729718685073,0.007294093139199265,-0.1248046854329011,0.12844524300769788,0.005834061346094689,-0.02690491568890577,0.0,0.0,0.0,1.0,0.0,0.0,0.0,0.0,0.0,0.0,0.0,0.0,0.0,-0.509,0.456,1.073,0.997,0.043,0.061,0.021,-0.704,-0.645,0.038,-0.063,0.076,-0.014,-0.5531993822208245,0.4112082118680045,1.075375373517952,0.9969992744603509,0.04081939170087068,0.06260216488758588,0.0206711729303969,-0.6216006042772324,-0.6982760715920562,0.03338669510759509,-0.065020554074718,0.027090651595831333,-0.017235148692203973,-0.8703700674963549,-0.49239815759849315,1.0,1.0,0.0,0.0,0.0,43.09993586558301,0.4566506448504768,0.08782740316895514,99.9987177300655,109.99997652572046,0.5004695290535347,53.611253024606334,0.34336388601706525,0.0013,0.0013,0.0079,0.0074
478,1762837427.8904774,0.0748226609348005,0.1141660314819456,0.22957615133073764,0.011863641481974852,0.14024960236439143,-0.17821584006485622,-0.002005729280565638,0.02284774171387794,0.0,0.0,0.0,1.0,0.0,0.0,0.0,0.0,0.0,0.0,0.0,0.0,0.0,-0.526,0.439,1.074,0.997,0.042,0.062,0.021,-0.504,-0.501,0.031,-0.083,0.075,-0.008,-0.5568038823864312,0.4038576325782121,1.0760270833046532,0.9969918135046268,0.038736729132045955,0.06423451416037457,0.02094649101955664,-0.41960026883996693,-0.5525722495249022,0.029994279858134142,-0.1066338419089408,0.06530435592379803,-0.012056017385077524,-0.8489130747865549,-0.5285324885533879,1.0,1.0,0.0,0.0,0.0,43.09565431491666,0.4566542653978123,0.08469671762974734,99.99887334264622,109.99997928571162,0.5004143261337705,53.582137399017164,0.3460805686341939,0.0017,0.002,0.0109,0.007
479,1762837427.9535642,0.09639311458232036,0.08998317016335675,0.2282163083025614,0.016388138623626345,0.10785226823759936,-0.12091430659294435,-0.006799215140881162,0.02262248570825746,0.0,0.0,0.0,1.0,0.0,0.0,0.0,0.0,0.0,0.0,0.0,0.0,0.0,-0.542,0.423,1.075,0.997,0.04,0.063,0.021,-0.375,-0.403,0.026,-0.059,0.033,-0.009,-0.5641947793534917,0.3944650529790082,1.0766459865079505,0.9970642880180226,0.03838258163883905,0.06307833730555,0.020730569455415033,-0.2908269137251076,-0.4527055954365995,0.023352192086655663,-0.035150924494273955,-0.023959964099048894,-0.012959387780006427,-0.8259568231388738,-0.5637333822919653,1.0,1.0,0.0,0.0,0.0,43.09082369537318,0.45665879675640714,0.08342158332195149,99.99910930395149,109.99998367364246,0.5003265632724528,53.5520579473896,0.34773487189690494,0.0015,0.0013,0.0065,0.0085
480,1762837428.0263774,0.051360792803591626,0.13326390246702902,0.23051050799770958,0.00851978129686095,-0.22516160889364373,0.21640366151836138,0.011470998475740856,-0.03934178663382698,0.0,0.0,0.0,1.0,0.0,0.0,0.0,0.0,0.0,0.0,0.0,0.0,0.0,-0.558,0.406,1.076,0.997,0.039,0.063,0.021,-0.517,-0.602,0.038,-0.024,-0.035,-0.016,-0.5897124443844206,0.36423141589836106,1.0782998538638986,0.9971466254125428,0.038845380760378086,0.06095250999599374,0.020360927257349396,-0.43481968389461634,-0.6510151354498057,0.030872039258891374,0.012194868683633866,-0.08397069858287598,-0.01817231551410395,-0.8015418554151024,-0.5979386707829786,1.0,1.0,0.0,0.0,0.0,43.08692658761909,0.456658098297316,0.08024695262325908,99.99909286738121,109.99998358950897,0.5003282510196218,53.51912860353413,0.3521648493073928,0.0017,0.0021,0.0119,0.0084
481,1762837428.0975363,0.01910824035821687,0.16264048408955736,0.22774049242211614,0.0014505209199022857,-0.16126276222687372,0.14688290811264168,-0.013850077877967265,-0.035346301884793326,0.0,0.0,0.0,1.0,0.0,0.0,0.0,0.0,0.0,0.0,0.0,0.0,0.0,-0.572,0.389,1.077,0.997,0.039,0.063,0.02,-0.584,-0.737,0.049,-0.054,-0.005,-0.011,-0.608126266699054,0.33823426016076713,1.0802724984665801,0.9970941690019449,0.03666881914718586,0.0629897583182091,0.019745814062134867,-0.4997288635886929,-0.7854878940878722,0.049570232171829,-0.08433832056299934,0.009780681713779731,-0.01259203946157765,-0.7757112907044201,-0.6310879443260524,1.0,1.0,0.0,0.0,0.0,43.083135693552414,0.4566547280012686,0.07454206509738961,99.9989805372148,109.99998147174196,0.5003706109225264,53.486904856121555,0.3566045568622749,0.0017,0.0019,0.0158,0.0087
482,1762837428.1550128,-0.040891568142611925,0.22264042006375082,0.22287267904740068,-0.021309835056219025,-0.299999042504144,0.2999996798709672,-0.024339066873577286,-0.11380177988060657,0.0,0.0,0.0,1.0,0.0,0.0,0.0,0.0,0.0,0.0,0.0,0.0,0.0,-0.586,0.37,1.078,0.997,0.038,0.063,0.02,-0.839,-1.154,0.076,-0.216,0.124,-0.008,-0.6391140955477908,0.2915733302333188,1.082732173630936,0.9970019248993749,0.0312803431383267,0.06647285893954658,0.0203018983883034,-0.7537220330247435,-1.1972718618707814,0.0655811008910813,-0.1863468700765003,0.09766524835029712,-0.006676421887598374,-0.7485107481711013,-0.663122658240795,1.0,1.0,0.0,0.0,0.0,43.082281850238886,0.4566352049174585,0.07,99.99856873309646,109.99997337967355,0.5005324621059485,53.457145273726034,0.36301925874262536,0.0016,0.002,0.0081,0.0076
483,1762837428.2578259,-0.10088564767108045,0.2721135457914151,0.22230354099196586,-0.04395517291033402,-0.2999703976423426,0.2473656286383215,-0.002845690277174141,-0.11322668927057496,0.0,0.0,0.0,1.0,0.0,0.0,0.0,0.0,0.0,0.0,0.0,0.0,0.0,-0.598,0.352,1.079,0.997,0.035,0.065,0.021,-1.015,-1.511,0.081,-0.563,0.463,0.034,-0.6626963317863472,0.2500853091874893,1.0835692234571181,0.9965181188321857,0.019244102967190636,0.07702136458649617,0.023504654346364746,-0.9233773142489415,-1.542810694382713,0.05524057475065152,-0.3967582726493853,0.3071112673660712,0.033719681755811956,-0.7199882664868543,-0.6939862362621139,1.0,1.0,0.0,0.0,0.0,43.08372518276527,0.45660543707679513,0.07,99.99815447427774,109.99996382462056,0.500723521254624,53.443533218513934,0.3660075342219956,0.0064,0.0062,0.0299,0.0131
484,1762837428.336427,-0.040885664460463725,0.2121135971523996,0.2635747071966958,-0.10313528341798853,0.2999999160530835,-0.2999997431950774,0.2063558310236494,-0.2959005525382725,0.0,0.0,0.0,1.0,0.0,0.0,0.0,0.0,0.0,0.0,0.0,0.0,0.0,-0.608,0.337,1.08,0.997,0.031,0.069,0.021,-0.293,-0.466,0.019,-0.31,0.276,0.034,-0.6244500124546933,0.30484763780558216,1.0804799015338222,0.9965482521269942,0.01899236064274937,0.07840253440595235,0.023592826022139725,-0.19860814424028733,-0.496036407529854,-0.004737129468771322,-0.3907030630357846,0.30170298915038124,0.054239274710596176,-0.6901942189900869,-0.7236241704591299,1.0,1.0,0.0,0.0,0.0,43.08089583458299,0.45660142764230205,0.07,99.99835053617485,109.99996718364808,0.5006564304351259,53.4104544689608,0.3673749806383532,0.0016,0.002,0.0219,0.0417
485,1762837428.430055,0.019113721091327952,0.15211363610780296,0.20773484421352353,-0.04326369613666847,0.2999969277589584,-0.2999998052229833,-0.2791993149158614,0.29935793640660013,0.0,0.0,0.0,1.0,0.0,0.0,0.0,0.0,0.0,0.0,0.0,0.0,0.0,-0.608,0.337,1.08,0.997,0.031,0.069,0.021,-0.293,-0.466,0.019,-0.31,0.276,0.034,-0.6238309274645445,0.30460506056673986,1.0847815398738663,0.9966366226149281,0.021174678433045876,0.07630759366009628,0.024830773622624442,-0.1791315074970368,-0.5036121695586242,0.13024386053686232,-0.27351537826724026,0.1815322923937116,0.13080028125741244,-0.6591812247219381,-0.7519841175012181,1.0,1.0,0.0,0.0,0.0,43.06246798228851,0.45667295465027846,0.07546260767058573,99.99744359785846,109.99990838943474,0.5018337719734047,53.374788787529106,0.36263086411057255,0.0057,0.0067,0.0316,0.0477
486,1762837428.5169828,0.0459974186150339,0.11638548266679569,0.22550780838162543,-0.014099848249330575,0.13441848761852973,-0.17864076720503635,0.08886482084050926,0.14581923943668945,0.0,0.0,0.0,1.0,0.0,0.0,0.0,0.0,0.0,0.0,0.0,0.0,0.0,-0.63,0.296,1.085,0.996,0.014,0.083,0.029,-0.408,-0.845,0.167,-0.827,0.648,0.356,-0.6538093267664945,0.23951151547956645,1.0931747539158199,0.9946508617960782,-0.0037876578574037104,0.09530271080490597,0.039223070911152604,-0.3054294874593693,-0.8456947369684644,0.06953929883788806,-0.3212013518849737,0.1857064561553658,0.18084626075918997,-0.6270040554961869,-0.7790159911011677,1.0,1.0,0.0,0.0,0.0,43.07664472055267,0.45652561473912256,0.12465948278974255,100.00146504163914,110.00007629534538,0.4984707125793386,53.310552538065366,0.3513151285115665,0.0069,0.0061,0.0302,0.0406
487,1762837428.6003566,0.023692865937606215,0.12081178350258692,0.2203143088137584,-0.0036157718551718485,-0.11152276338713842,0.022131504178956124,-0.025967497839334948,0.05242038197079364,0.0,0.0,0.0,1.0,0.0,0.0,0.0,0.0,0.0,0.0,0.0,0.0,0.0,-0.646,0.26,1.091,0.995,0.003,0.089,0.034,-0.341,-0.87,0.116,-0.227,0.032,0.106,-0.6648777630853158,0.20209170980780117,1.098252329386633,0.9949661241301034,-0.0017748074279705418,0.0880775860545905,0.037325906599320474,-0.22504343934763377,-0.8660988014377198,0.10445089923684821,-0.0859630944818059,-0.06999704453804019,0.06894235445925122,-0.5937195391671689,-0.8046720504721937,1.0,1.0,0.0,0.0,0.0,43.08229387418774,0.4564406762699429,0.1292771378443231,100.00196254307095,110.00009453496938,0.4981054006355782,53.27409530543842,0.3540867091850718,0.0064,0.0059,0.0282,0.0399
488,1762837428.6858866,0.002799205339148181,0.13121474234598562,0.22449234653178293,0.001003602627739672,-0.10446830299229018,0.052014794216993426,0.02089018859012282,0.0230968724145576,0.0,0.0,0.0,1.0,0.0,0.0,0.0,0.0,0.0,0.0,0.0,0.0,0.0,-0.653,0.241,1.093,0.995,0.002,0.089,0.035,-0.3,-0.879,0.105,-0.075,-0.125,0.052,-0.6693339590303712,0.18247143093450532,1.0988203456677879,0.9953454109035157,0.0005509282347419516,0.08442448053511781,0.03653525120427732,-0.19110357133633393,-0.8765404348145981,0.06913992783188092,-0.0339135644112088,-0.14288684275931268,0.03283195934646311,-0.5593864592665334,-0.828906984642578,1.0,1.0,0.0,0.0,0.0,43.08855840496407,0.4563547220815132,0.12631541780351171,100.00202699535284,110.00009593724786,0.4980772961743721,53.2421190161369,0.3574701073561446,0.0063,0.0073,0.0291,0.0396
489,1762837428.7699068,0.018968081100222176,0.1217592362079974,0.2236849504107487,0.007372536215109154,0.08084437880536993,-0.047277530689941116,-0.004036980605170996,0.03184466793684741,0.0,0.0,0.0,1.0,0.0,0.0,0.0,0.0,0.0,0.0,0.0,0.0,0.0,-0.659,0.22,1.095,0.996,0.001,0.087,0.036,-0.217,-0.757,0.078,-0.031,-0.148,0.015,-0.669802749597682,0.1696341190691728,1.0995538097115547,0.9963950724267182,0.0002575803894873716,0.08215841531166551,0.03645252986667816,-0.10799513863716237,-0.7538343109883208,0.05953965795602054,-0.027609371129044862,-0.13907106208834627,0.007937390617489822,-0.5240654511860948,-0.8516779924790325,1.0,1.0,0.0,0.0,0.0,43.091672185118355,0.4563021972662627,0.12306322114022807,100.00212280371174,110.00009808005639,0.4980344038709502,53.21017551209328,0.3595211053494136,0.0063,0.006,0.0289,0.0399
490,1762837428.857996,0.058433574830777976,0.10199661345207879,0.22465554205340196,0.01569884875742423,0.19732746865277898,-0.098813113779593,0.004852958213266284,0.04163156271157537,0.0,0.0,0.0,1.0,0.0,0.0,0.0,0.0,0.0,0.0,0.0,0.0,0.0,-0.665,0.198,1.098,0.996,0.001,0.085,0.036,-0.126,-0.55,0.049,-0.004,-0.097,-0.001,-0.6698223830746531,0.1614179410840695,1.1005346994480123,0.9963096872126432,0.0012713305744703454,0.08134706598323706,0.03586190902348836,-0.019447881457945737,-0.5475491077865212,0.027151795124241193,0.012739660998954747,-0.1201191693098631,-0.006197119643805033,-0.4878188950901271,-0.8729448582774559,1.0,1.0,0.0,0.0,0.0,43.09251687031925,0.45627530632957053,0.12109819903678448,100.00244743386199,110.00010814714099,0.49783286847131075,53.177912925300525,0.3605567766152059,0.0065,0.0059,0.0337,0.0392
491,1762837428.9415503,0.10041086219841747,0.08944409730080766,0.2260478285952941,0.023671156810164122,0.20988643683819744,-0.06276258075635566,0.006961432709460683,0.039861540263699466,0.0,0.0,0.0,1.0,0.0,0.0,0.0,0.0,0.0,0.0,0.0,0.0,0.0,-0.669,0.181,1.099,0.996,0.001,0.083,0.036,-0.065,-0.349,0.027,0.006,-0.066,-0.003,-0.6698119924155144,0.15780501567899433,1.10021215718039,0.9962705764689885,0.002343595461328367,0.07983493497494928,0.035608968288556524,0.04002657182668448,-0.3471536627604315,0.009710912791800318,0.06637471629264069,-0.1221036358865447,-0.013526179086466084,-0.4507108057462303,-0.892670022787583,1.0,1.0,0.0,0.0,0.0,43.09142128467221,0.45626793035895113,0.1201400070594542,100.0029561506603,110.00012572016959,0.4974810225708819,53.14429600790603,0.3616627311956643,0.0063,0.0059,0.0294,0.0391
492,1762837429.0196724,0.04041087220024735,0.12458973888663685,0.23706015432793337,-0.009279231367563298,-0.29999994999085056,0.17572820792914598,0.05506162866319626,-0.1647519408886371,0.0,0.0,0.0,1.0,0.0,0.0,0.0,0.0,0.0,0.0,0.0,0.0,0.0,-0.673,0.156,1.101,0.996,0.003,0.08,0.035,-0.092,-0.756,0.05,0.173,-0.238,-0.024,-0.6757821898556792,0.10549699429955274,1.1038867380360655,0.9965768209360355,0.00940113924516136,0.07259318675766212,0.033563392574919214,0.007031896278229741,-0.7605416514247236,0.037113841432541685,0.19870463184535261,-0.22003115215211935,-0.030757026650591667,-0.4128067194693316,-0.9108186495460929,1.0,1.0,0.0,0.0,0.0,43.093579102913324,0.4562651353534198,0.11565862381429483,100.0028765359401,110.00012172679999,0.49756098448619157,53.11550656218524,0.3628759730391369,0.0064,0.0083,0.0288,0.0316
493,1762837429.100566,-0.01958898413957151,0.14527368826838039,0.21561228041594713,-0.03889813791352959,-0.29999928169909423,0.10341974690871765,-0.10723936955993103,-0.14809453272983147,0.0,0.0,0.0,1.0,0.0,0.0,0.0,0.0,0.0,0.0,0.0,0.0,0.0,-0.674,0.138,1.102,0.996,0.005,0.077,0.035,-0.078,-0.983,0.059,0.308,-0.301,-0.033,-0.675819251564801,0.07221487763887947,1.106631741905706,0.9965514999351829,0.013186785514625248,0.06906979349589318,0.03370154384510747,0.02193471262484328,-0.9925405719034789,0.08180724328011871,0.1743529061993941,-0.19611562063618299,-0.006335134203331056,-0.37417357837850246,-0.9273586864010207,1.0,1.0,0.0,0.0,0.0,43.09260208714386,0.4562687880911719,0.1140862198233384,100.0025238022551,110.00010837463928,0.49782838747408775,53.084530977700844,0.36103035667190103,0.0015,0.0063,0.0297,0.0423
494,1762837429.1503968,-0.04746177551182603,0.13098568684817805,0.22911427788032376,-0.03120381391751405,-0.13936395686127262,-0.07144000710101157,0.06750998732188315,0.0384716199800777,0.0,0.0,0.0,1.0,0.0,0.0,0.0,0.0,0.0,0.0,0.0,0.0,0.0,-0.675,0.105,1.104,0.997,0.01,0.073,0.034,0.0,-0.803,0.051,0.129,-0.184,0.028,-0.6720830214215859,0.05111474292538057,1.1057709486667795,0.9972676966531467,0.012254359248651875,0.0683313134000753,0.03510230807319522,0.08609030126712922,-0.8140001459978322,-0.0008719640560982036,-0.0022037345427674895,-0.10359038751939939,0.049605733340151115,-0.3348796121709864,-0.9422609221188204,1.0,1.0,0.0,0.0,0.0,43.096716530909404,0.4562732822334457,0.11569957942019227,100.00237313129095,110.00010368992841,0.4979219804263751,53.050899669590905,0.36061746398374994,0.0066,0.006,0.0267,0.0078
495,1762837429.2084582,-0.019842441360809045,0.12468369249416397,0.22725291441188789,-0.015905611542465926,0.13809667075508492,-0.03150997177007034,-0.009306817342179377,0.07649101187524066,0.0,0.0,0.0,1.0,0.0,0.0,0.0,0.0,0.0,0.0,0.0,0.0,0.0,-0.675,0.096,1.105,0.997,0.011,0.072,0.035,0.013,-0.66,0.031,0.034,-0.116,0.044,-0.670997976080809,0.05162327912825835,1.107094537110684,0.9971924994774239,0.01038325500278623,0.0685692490773974,0.036564083048285685,0.10660234680521867,-0.6712495970808443,0.03406399544010996,-0.07612613358979346,-0.08948555137055235,0.04798084577980892,-0.29499421762224975,-0.9554990379741032,1.0,1.0,0.0,0.0,0.0,43.09580465401644,0.45628834403254803,0.11674329512200031,100.00242658943273,110.0001061715692,0.49787218836414404,53.015100309139775,0.3611554968921156,0.0011,0.0012,0.0157,0.039
496,1762837429.291897,-0.07983460491902171,0.13133264155185886,0.2214465319486185,-0.020829249647348166,-0.2999608177910633,0.033244745288474487,-0.029031912316346838,-0.024618190524411207,0.0,0.0,0.0,1.0,0.0,0.0,0.0,0.0,0.0,0.0,0.0,0.0,0.0,-0.675,0.083,1.105,0.997,0.01,0.071,0.035,0.053,-1.097,0.051,-0.129,-0.109,0.059,-0.6684268378434617,0.009599397286968125,1.1080801747220794,0.9972003604973217,0.006113881586077774,0.06755087597540896,0.03695859300099337,0.1433813599527881,-1.104190395784761,0.04127780409420378,-0.11581744213843179,-0.08940495226204254,0.043793232302518054,-0.2545878360248632,-0.9670496542309384,1.0,1.0,0.0,0.0,0.0,43.09841992249868,0.45631010223572804,0.11210280999683336,100.00205700871435,110.00008968622066,0.49820237740855994,52.99203592177535,0.3613727132419527,0.0064,0.006,0.0294,0.039
497,1762837429.375489,-0.05536457456655503,0.12431061179250791,0.22895062880408457,-0.011247859894484184,0.12235015176233344,-0.03511014879675475,0.037520484277330124,0.04790694876431992,0.0,0.0,0.0,1.0,0.0,0.0,0.0,0.0,0.0,0.0,0.0,0.0,0.0,-0.673,0.062,1.106,0.997,0.008,0.07,0.035,0.076,-0.825,0.034,-0.205,-0.079,0.04,-0.6650113694402899,0.0068641066242595365,1.107384729320641,0.9971457063122552,0.0008106916476121903,0.06740228062495492,0.03680673535896027,0.16293623572683333,-0.8275621172889536,0.00684992612980288,-0.23612994561780887,-0.06096183687801066,0.03917718769142829,-0.21373182878267047,-0.9768923714336268,1.0,1.0,0.0,0.0,0.0,43.10050706070531,0.4563396753391273,0.1097557040882106,100.00202161943307,110.00008726025098,0.4982509638906838,52.964256373890414,0.3610762278754048,0.0064,0.006,0.0292,0.0392
498,1762837429.458929,-0.07093699684571844,0.11697212154645095,0.22376348566240478,-0.0053246734472113645,-0.07786211139581703,-0.03669245123028478,-0.025935715708398695,0.0296159322363641,0.0,0.0,0.0,1.0,0.0,0.0,0.0,0.0,0.0,0.0,0.0,0.0,0.0,-0.67,0.032,1.107,0.997,0.003,0.068,0.037,0.146,-0.941,0.027,-0.401,-0.069,0.035,-0.657323598196794,-0.030577532653489958,1.1087828906251034,0.9970789196827595,-0.008038542203212646,0.06539667412769515,0.03877419648415576,0.23378540585300966,-0.933867068980984,0.027734332504291873,-0.2765111644295645,-0.06232888502351569,0.026506076891811732,-0.17249835137995115,-0.9850098064340268,1.0,1.0,0.0,0.0,0.0,43.10134074608565,0.45636740694999484,0.10791837932304976,100.00191953486278,110.00008114181844,0.4983735233995322,52.94257001970444,0.35806199026006685,0.0065,0.006,0.0282,0.0398
499,1762837429.5448956,-0.010956511254228828,0.1204138092576201,0.22835433704983618,0.014176754244847878,0.29990242795744804,0.017208438555845695,0.022954256937156813,0.09750713846029621,0.0,0.0,0.0,1.0,0.0,0.0,0.0,0.0,0.0,0.0,0.0,0.0,0.0,-0.665,0.009,1.108,0.997,-0.002,0.068,0.037,0.085,-0.42,0.013,-0.164,-0.028,0.01,-0.656460648312402,-0.018729140234153882,1.108241042298411,0.9970529527917256,-0.007523047155692121,0.06643553549113068,0.03769833061745782,0.17070705592686583,-0.4107266278090504,-0.006458689704410579,-0.17013442860130598,-0.05107745032409079,0.008583996136261355,-0.13096022594817286,-0.9913876230917973,1.0,1.0,0.0,0.0,0.0,43.10002545216176,0.45640001031336097,0.10666706308377634,100.00236969820632,110.0000971722889,0.4980526085908261,52.90985904962463,0.3573147028879645,0.0065,0.0062,0.0303,0.0401
500,1762837429.5932,-0.0219289305581115,0.1137827182228913,0.22476703212228272,0.015592417225573344,-0.05486209651941337,-0.03315545517364413,-0.017936524637767397,0.007078314903627335,0.0,0.0,0.0,1.0,0.0,0.0,0.0,0.0,0.0,0.0,0.0,0.0,0.0,-0.659,-0.018,1.108,0.997,-0.008,0.066,0.038,0.183,-0.706,0.016,-0.3,-0.071,0.003,-0.6439714406995973,-0.06448697526670673,1.1089803609913276,0.9970693136350179,-0.014991166083615946,0.06351259592816255,0.03830949590125553,0.26735088492608494,-0.6870406037620213,0.014180351697804312,-0.13288838681237483,-0.061524417815457796,-0.013149502289735208,-0.08919081265537408,-0.9960145575933486,1.0,1.0,0.0,0.0,0.0,43.10008974203145,0.4564332090311256,0.10923845259579111,100.00240846746445,110.00009906734323,0.4980146663913254,52.881811672233376,0.35541975246673896,0.0063,0.006,0.0237,0.0096
501,1762837429.6533117,-0.02050885323138075,0.1130220678335763,0.2264495747122089,0.016122406261027906,0.007100386633653782,-0.0038032519465749925,0.008412712949630863,0.0026499451772728205,0.0,0.0,0.0,1.0,0.0,0.0,0.0,0.0,0.0,0.0,0.0,0.0,0.0,-0.652,-0.043,1.109,0.997,-0.011,0.065,0.038,0.198,-0.633,0.011,-0.138,-0.061,-0.015,-0.6360666173625398,-0.08456872308090745,1.1092327522361398,0.9971142546714473,-0.014395782729286407,0.06275908284558238,0.03763447494794278,0.2794281096416441,-0.6133467957618157,-0.004465356265023019,-0.07429397886576145,-0.0644856694284493,-0.02135835131778001,-0.04726388014532912,-0.9988824383447774,1.0,1.0,0.0,0.0,0.0,43.100472775612204,0.45647222320470476,0.10950916459268913,100.00250450616447,110.00010277127089,0.49794050960892194,52.85541064965319,0.3547380243040542,0.007,0.006,0.028,0.0098
502,1762837429.7445524,0.02194187822179195,0.12448433999873877,0.22730758535496168,0.020800539134440212,0.2122536572658634,0.05731136082581231,0.004290053213763793,0.023390664367061526,0.0,0.0,0.0,1.0,0.0,0.0,0.0,0.0,0.0,0.0,0.0,0.0,0.0,-0.645,-0.064,1.109,0.997,-0.013,0.064,0.038,0.144,-0.404,0.005,-0.054,-0.039,-0.012,-0.6326737289648205,-0.09024534370522765,1.1090551848967511,0.9971005945920908,-0.014206905063871818,0.06242062639069675,0.03755360352801193,0.22548295852252123,-0.3830965585692092,-0.0030030686548580066,-0.022398115722562204,-0.05072595187801167,-0.020009893073147305,-0.005253475255306219,-0.9999862004036565,1.0,1.0,0.0,0.0,0.0,43.0992787837907,0.4565111892781162,0.10907777449215918,100.002832042129,110.00011485154377,0.4976986869132767,52.8252221035162,0.35356373687065135,0.0065,0.0061,0.029,0.034
503,1762837429.810741,0.02227620710912523,0.12908960087110094,0.22756764973052132,0.020643846415338354,0.0016716444366663696,0.023026304361810912,0.0013003218777982023,-0.0007834635955092876,0.0,0.0,0.0,1.0,0.0,0.0,0.0,0.0,0.0,0.0,0.0,0.0,0.0,-0.645,-0.064,1.109,0.997,-0.013,0.064,0.038,0.144,-0.404,0.005,-0.054,-0.039,-0.012,-0.6326617819564777,-0.09025113876061157,1.1091265257689975,0.9971001324501968,-0.013188091926063314,0.06273522287541093,0.03741470880576398,0.22589717518442717,-0.3834814157348783,-0.0010057994791982017,0.03683859043304637,-0.03478960988718416,-0.023969601368550388,0.03676620775748877,-0.9993238944241918,1.0,1.0,0.0,0.0,0.0,43.097902432769956,0.45655217940149806,0.10975866448907112,100.00305212029801,110.0001244502295,0.4975064776683246,52.79326869376007,0.3534095697822336,0.0016,0.0019,0.0221,0.0399
504,1762837429.9001503,-0.03754318425771293,0.11142197634685765,0.2281453595541277,0.010592001070595517,-0.29909695683419074,-0.08833812262121646,0.0028885491180319616,-0.05025922672371416,0.0,0.0,0.0,1.0,0.0,0.0,0.0,0.0,0.0,0.0,0.0,0.0,0.0,-0.64,-0.078,1.109,0.997,-0.014,0.063,0.038,0.26,-0.671,0.008,-0.014,-0.045,-0.022,-0.6199712018390211,-0.1220256422549198,1.1093458097020161,0.9971214291823681,-0.01328213364974431,0.061745452392168186,0.03712296226999997,0.34060366254061664,-0.649908917730847,0.002481029414962613,0.0505296197411853,-0.03161724152964861,-0.028411684686398916,0.07872095824983046,-0.9968966900999463,1.0,1.0,0.0,0.0,0.0,43.097818712326564,0.45659610282455304,0.10954514452935955,100.00290914212327,110.00012077442665,0.49757996248826647,52.768089007523706,0.3548549267026656,0.0067,0.0062,0.0302,0.0434
505,1762837429.9194794,-0.07634960644455882,0.09833701489208721,0.22645226269134824,0.00570290574214153,-0.1940321109342295,-0.06542480727385211,-0.008465484313897379,-0.02444547664226994,0.0,0.0,0.0,1.0,0.0,0.0,0.0,0.0,0.0,0.0,0.0,0.0,0.0,-0.624,-0.113,1.11,0.997,-0.012,0.063,0.037,0.322,-0.685,0.008,0.019,-0.03,-0.019,-0.5998239284719095,-0.15804786990252861,1.1104053277628494,0.9971062999716994,-0.012008610759607245,0.06165329400049994,0.03639612841240741,0.4030077303429385,-0.6664393342706991,0.004305752738139714,-0.021409257908561526,-0.049372923346128555,-0.01788058962849976,0.12053668025532233,-0.9927088740980541,1.0,1.0,0.0,0.0,0.0,43.09791909188338,0.45663673484177497,0.10881002960477293,100.00278982059694,110.00011664779892,0.49766253558069473,52.74647264042467,0.35506743801387763,0.0016,0.0019,0.0073,0.0074
506,1762837429.9602323,-0.024967224412824035,0.12091911969643271,0.2315794841943471,0.012594710873089852,0.256911910158674,0.11291052402172741,0.025636107514994268,0.03445902565474161,0.0,0.0,0.0,1.0,0.0,0.0,0.0,0.0,0.0,0.0,0.0,0.0,0.0,-0.619,-0.126,1.11,0.997,-0.013,0.062,0.037,0.21,-0.422,0.005,-0.016,-0.027,-0.011,-0.6023609995464735,-0.15345698539481026,1.110029302996411,0.9970829738513396,-0.0145872428055723,0.06044055877957547,0.03675340929882553,0.28880684167677906,-0.4014078291120456,-0.004311522696030824,-0.07766825621786608,-0.059836018513234376,-0.010811727466391663,0.16213952334472406,-0.9867678424885692,1.0,1.0,0.0,0.0,0.0,43.096616856171195,0.45667808549816635,0.10945963333913829,100.00299200318953,110.00012390706755,0.49751723388168545,52.71579181118325,0.354466783806719,0.0016,0.0019,0.0099,0.0113
507,1762837430.0225518,-0.021471552589460263,0.12129289683378904,0.22592820845052602,0.014234953422131803,0.017478359116818866,0.0018688856867816184,-0.028256378719105364,0.008201212745209758,0.0,0.0,0.0,1.0,0.0,0.0,0.0,0.0,0.0,0.0,0.0,0.0,0.0,-0.607,-0.148,1.11,0.997,-0.013,0.061,0.037,0.221,-0.399,0.008,-0.028,-0.021,-0.011,-0.589595782801007,-0.17391233566142705,1.1107839337591514,0.9970539544357215,-0.013566627508837314,0.06024817756765293,0.03657183412471476,0.3010711351651071,-0.3782470103419231,0.016303521176775342,-0.0034538591806941993,-0.020202201003407007,-0.017137248943867547,0.2034560130526333,-0.979084087682323,1.0,1.0,0.0,0.0,0.0,43.093931938510984,0.4567060681863564,0.10921124964999258,100.00314548920936,110.00013010240957,0.49739320058248365,52.68732856551915,0.3540850838320584,0.0018,0.0019,0.0086,0.0082
508,1762837430.1184986,-0.04289982195739714,0.11071604236453604,0.2292666746376677,0.01146710909222242,-0.10714134683968436,-0.05288427234626497,0.01669233093570852,-0.013839221649546913,0.0,0.0,0.0,1.0,0.0,0.0,0.0,0.0,0.0,0.0,0.0,0.0,0.0,-0.595,-0.167,1.111,0.997,-0.014,0.061,0.036,0.275,-0.458,0.009,-0.024,-0.017,-0.016,-0.5740738219646311,-0.1968282430121901,1.1112023843494114,0.997056573530678,-0.014470470241823385,0.06029877346082065,0.03542407098405483,0.3525305894370399,-0.4367816070148838,-0.003744298973392585,-0.004862319354994569,-0.022649162616654853,-0.020529380099700165,0.24441318064018117,-0.9696711799003568,1.0,1.0,0.0,0.0,0.0,43.09288400099366,0.45674089922510236,0.1088353260098098,100.00319460531836,110.0001324224433,0.49734673514802885,52.66159819667029,0.35402276148652845,0.0017,0.0024,0.0331,0.0125
509,1762837430.156859,-0.10287745566680012,0.0742822951347421,0.22390034093776215,0.0003280561441760758,-0.2998881685470149,-0.18216873614896967,-0.026831668499527696,-0.05569526474023172,0.0,0.0,0.0,1.0,0.0,0.0,0.0,0.0,0.0,0.0,0.0,0.0,0.0,-0.589,-0.178,1.111,0.997,-0.014,0.061,0.036,0.481,-0.767,0.014,-0.042,-0.028,-0.024,-0.5542980758562966,-0.22840351889450702,1.1119388957604694,0.9970793403220872,-0.015429028192519699,0.05973528435783212,0.035333227086170184,0.5598422476552074,-0.7447870925652561,0.01471532897857085,-0.04457616240924783,-0.04303075721572106,-0.02241906120251419,0.2849386919645683,-0.9585457432076577,1.0,1.0,0.0,0.0,0.0,43.0931968694445,0.45677192723403137,0.10803132486294278,100.00294549350455,110.0001222785326,0.49754978882218626,52.64460917610109,0.3545026458212107,0.0017,0.0021,0.0081,0.0093
510,1762837430.2350605,-0.04641353273695495,0.11812298603513814,0.23567096229214876,0.009330756593294036,0.28231961464922584,0.21920345450198014,0.05885310677193311,0.0450135022455898,0.0,0.0,0.0,1.0,0.0,0.0,0.0,0.0,0.0,0.0,0.0,0.0,0.0,-0.578,-0.195,1.111,0.997,-0.015,0.06,0.036,0.246,-0.366,0.004,-0.082,-0.052,-0.005,-0.5590995894093818,-0.2186233229656364,1.1106914453997059,0.9970946764777471,-0.01868353402802285,0.05725980291456571,0.03611871713021267,0.3203189485405247,-0.34197874699722386,-0.013975002996815445,-0.14185732845199678,-0.1012024338821188,-0.003491782535663492,0.32496097522784506,-0.9457274261535233,1.0,1.0,0.0,0.0,0.0,43.091462666860586,0.4568051667647901,0.10796774233489341,100.0031072419835,110.00012871473788,0.4974209379212121,52.61473712994909,0.35466588569414076,0.0115,0.0019,0.0097,0.0094
511,1762837430.2884421,-0.10012583693861687,0.08378452483451614,0.2224302318241673,0.004438773408543373,-0.2685615210083095,-0.17169230600311006,-0.06620365233990719,-0.024459915923753316,0.0,0.0,0.0,1.0,0.0,0.0,0.0,0.0,0.0,0.0,0.0,0.0,0.0,-0.564,-0.214,1.111,0.997,-0.018,0.058,0.036,0.453,-0.625,0.012,-0.161,-0.08,-0.01,-0.5312459240350335,-0.25468918301697124,1.1125081051323495,0.9970504191119393,-0.021957428267693407,0.055810462578603774,0.03586797563040807,0.5293159080994035,-0.5947154917908232,0.03501092735023751,-0.0809271903990078,-0.04133961809318966,-0.01409694077086279,0.3644093473793204,-0.9312388670704084,1.0,1.0,0.0,0.0,0.0,43.088837750223256,0.4568186116384287,0.10808885876806942,100.00298825690008,110.00012418484665,0.49751160927998184,52.59429787365232,0.35443021984327144,0.0042,0.0013,0.0062,0.0075
512,1762837430.3945987,-0.10229230019068522,0.08446874256985108,0.22995796978001135,0.00491012953127488,-0.010832316260341757,0.0034210886766746773,0.037638689779220406,0.0023567806136575303,0.0,0.0,0.0,1.0,0.0,0.0,0.0,0.0,0.0,0.0,0.0,0.0,0.0,-0.552,-0.231,1.112,0.998,-0.02,0.057,0.036,0.452,-0.586,0.008,-0.172,-0.08,-0.006,-0.5195351424720507,-0.2690586910344612,1.11173747596649,0.9980436067480705,-0.025542115173799805,0.0538490967589814,0.03613640954781224,0.5210100432578617,-0.5547101993629401,-0.017822900669752673,-0.16867540844304935,-0.09649415404479804,-0.008327205801239088,0.4032141389483648,-0.9151056540925363,1.0,1.0,0.0,0.0,0.0,43.08840239283497,0.45684455469256785,0.10749642049713155,100.00292117498239,110.00012143671015,0.4975666165840627,52.573739604686494,0.35435880282527155,0.0065,0.0061,0.0293,0.0167
513,1762837430.4195042,-0.16228829338322381,0.024469135517398787,0.21985517957840484,-0.013198700457565344,-0.2999799659626929,-0.2999980352622615,-0.05051395100803243,-0.09054414994420114,0.0,0.0,0.0,1.0,0.0,0.0,0.0,0.0,0.0,0.0,0.0,0.0,0.0,-0.542,-0.244,1.112,0.998,-0.022,0.056,0.036,0.835,-1.032,0.012,-0.371,-0.177,-0.011,-0.48399128389803825,-0.31158089410259754,1.1129272023119872,0.9980097857439704,-0.032123791619290784,0.050463538510360374,0.036307330579449806,0.9040740171264661,-0.9931319316806994,0.016991242135021255,-0.25393371156419836,-0.13410071731240739,-0.011939682636750246,0.44130681708712455,-0.8973562799648929,1.0,1.0,0.0,0.0,0.0,43.089855343065665,0.4568647364539249,0.10794887258106459,100.0025114006763,110.0001033036239,0.49792966630866625,52.56765548226579,0.35356060464738326,0.0012,0.0014,0.008,0.0067
514,1762837430.5210688,-0.11570311763240133,0.07274798445973943,0.233571034675794,-0.0009038837017081233,0.23292587875411225,0.2413942447117033,0.06857927548694581,0.06147408377928611,0.0,0.0,0.0,1.0,0.0,0.0,0.0,0.0,0.0,0.0,0.0,0.0,0.0,-0.523,-0.266,1.112,0.998,-0.027,0.053,0.036,0.527,-0.602,-0.005,-0.312,-0.207,0.006,-0.4858003822445553,-0.3047893623869086,1.1106805282858145,0.9980238160570213,-0.03682664862717548,0.04541378930037412,0.036984581773597695,0.5871736365676014,-0.559782479775934,-0.03600386734870295,-0.29655000586943187,-0.2265885707182899,0.00939941994495459,0.47862010660587595,-0.8780220917224008,1.0,1.0,0.0,0.0,0.0,43.08973374775418,0.4568929873985985,0.10644376391336406,100.00251548623531,110.00010294816569,0.4979367853323737,52.54893373904537,0.3524737287475465,0.0092,0.0054,0.0276,0.0098
515,1762837430.6071577,-0.1096204422275602,0.07694441505114238,0.2214333361782502,0.0048486915400058825,0.03041337702420574,0.020982152957014805,-0.06068849248771903,0.028762876208570022,0.0,0.0,0.0,1.0,0.0,0.0,0.0,0.0,0.0,0.0,0.0,0.0,0.0,-0.507,-0.284,1.112,0.998,-0.031,0.05,0.037,0.522,-0.557,0.001,-0.245,-0.144,0.002,-0.4700822495364213,-0.31954813829071277,1.1126159027266866,0.9979618834816677,-0.037805882774910676,0.045519645499636704,0.03747905548730038,0.5846882855918553,-0.5077954163154412,0.019546303939247424,-0.17265611364934003,-0.10657185255602993,-0.001974310574584895,0.5150881087872171,-0.8571372353281638,1.0,1.0,0.0,0.0,0.0,43.087152288601146,0.45690949882477416,0.1068177965296578,100.00254986461341,110.00010414734851,0.4979127864591074,52.526857395210335,0.3517395739040907,0.0058,0.0052,0.0249,0.0353
516,1762837430.6802835,-0.11425069100200115,0.07871610307424934,0.22928675371072502,0.007206404093966526,-0.023151243872204727,0.008858440115534771,0.039267087662374286,0.011788562769803213,0.0,0.0,0.0,1.0,0.0,0.0,0.0,0.0,0.0,0.0,0.0,0.0,0.0,-0.507,-0.284,1.112,0.998,-0.031,0.05,0.037,0.522,-0.557,0.001,-0.245,-0.144,0.002,-0.4702162350704254,-0.319651207524058,1.1112010214565102,0.9979669162270591,-0.037774392253817825,0.04550008634072538,0.0374023219974114,0.580332813002439,-0.5112769216085143,-0.02676045289638732,-0.17424458442966348,-0.11127553359024281,-0.005956430174579258,0.5506464177693007,-0.8347385953685361,1.0,1.0,0.0,0.0,0.0,43.087462217286735,0.45694552120758364,0.10830542376960967,100.00258134801693,110.00010553583455,0.49788500475504727,52.50297507981794,0.3513519552691443,0.006,0.0052,0.0255,0.0345
517,1762837430.7644596,-0.17168886089730306,0.01871696503252636,0.22449208256925043,-0.0033571441387441206,-0.2871908494765095,-0.2999956902086149,-0.023973355707372686,-0.05281774116355323,0.0,0.0,0.0,1.0,0.0,0.0,0.0,0.0,0.0,0.0,0.0,0.0,0.0,-0.477,-0.314,1.112,0.998,-0.037,0.047,0.037,0.821,-0.782,-0.006,-0.289,-0.132,-0.008,-0.420329110595576,-0.3643068194096072,1.1116816659186457,0.997862217867615,-0.04472230403760744,0.042908744144422216,0.03716142658454409,0.8782611653753498,-0.7254005847174272,-0.002384784910855457,-0.1889357082455332,-0.09675692331027197,-0.012466459386470749,0.5852322342925286,-0.8108657299115403,1.0,1.0,0.0,0.0,0.0,43.08737327747919,0.45697075299649814,0.1111038233092373,100.00244256484503,110.0000977691461,0.4980405559738477,52.4881153541933,0.35382613380851674,0.0067,0.0062,0.0287,0.0401
518,1762837430.8485413,-0.12333152509224728,0.049997874971577386,0.23083036893844816,0.0045717635311087615,0.2417866790252789,0.15640454969525508,0.031691431845988424,0.03964453834926441,0.0,0.0,0.0,1.0,0.0,0.0,0.0,0.0,0.0,0.0,0.0,0.0,0.0,-0.445,-0.342,1.111,0.997,-0.043,0.043,0.037,0.647,-0.548,-0.009,-0.32,-0.22,-0.001,-0.40021026432000634,-0.37649036710079986,1.1098957605790165,0.9968227183579605,-0.05244456297809217,0.0354291186889347,0.037615244887707074,0.6949240723846825,-0.484803812813233,-0.024873702450341633,-0.2690640119012163,-0.2151193480307181,-0.00526730844816753,0.6187844766088584,-0.7855608006436556,1.0,1.0,0.0,0.0,0.0,43.08741062583116,0.45700360187953676,0.11010936261793959,100.002457365853,110.00009807362049,0.4980344568110973,52.47302206418524,0.3540452654604946,0.0066,0.0074,0.028,0.0394
519,1762837430.9327939,-0.16717297903109904,-0.002856494082484312,0.226524380059633,0.0004853143704319149,-0.21920726969425883,-0.26427184527030845,-0.021529944394075937,-0.020432245803384236,0.0,0.0,0.0,1.0,0.0,0.0,0.0,0.0,0.0,0.0,0.0,0.0,0.0,-0.428,-0.356,1.111,0.997,-0.047,0.04,0.038,0.949,-0.755,-0.014,-0.432,-0.323,-0.003,-0.363201293938438,-0.40401480050838745,1.1102726928986852,0.9967430518525073,-0.05762139443918449,0.03088014319583548,0.038629288546085196,0.9928904683409294,-0.6830201342041824,-0.0069588419430019165,-0.23623489983479254,-0.20409666123138154,-0.009258931125607746,0.6512438883578044,-0.758868498408392,1.0,1.0,0.0,0.0,0.0,43.08642342586294,0.45702396829385195,0.11300524471944443,100.0023290659993,110.00009050316413,0.4981860840558621,52.46310513150247,0.3572416526969133,0.0063,0.0062,0.0295,0.0394
520,1762837431.0157237,-0.10717305547985875,0.05714340420079779,0.22926970130961566,0.021757706480767074,0.2999996177562013,0.29999949141641047,0.013726606249913266,0.10636196055167581,0.0,0.0,0.0,1.0,0.0,0.0,0.0,0.0,0.0,0.0,0.0,0.0,0.0,-0.409,-0.371,1.111,0.997,-0.051,0.037,0.038,0.365,-0.27,-0.002,-0.138,-0.112,-0.004,-0.3832204564082852,-0.38667601420765524,1.1105412672440917,0.9969216668930726,-0.055549842280795625,0.032113138954952686,0.03812112328514296,0.40726562232481744,-0.19941109549061137,-0.012424022770182624,-0.14630342674875965,-0.16674296901077132,-0.012988968172543266,0.6825531432186536,-0.7308359642781246,1.0,1.0,0.0,0.0,0.0,43.0850644644052,0.4570603213041198,0.11203228418921408,100.0025324374721,110.00010207286684,0.4979543968238482,52.43494171653169,0.35543885278474074,0.0063,0.0061,0.0281,0.0397
521,1762837431.0985582,-0.1306698162799072,0.024999891182705368,0.22612934757598596,0.018235549571968435,-0.11748380400024205,-0.1607175650904621,-0.015701768668148684,-0.0176107845439932,0.0,0.0,0.0,1.0,0.0,0.0,0.0,0.0,0.0,0.0,0.0,0.0,0.0,-0.391,-0.384,1.111,0.997,-0.055,0.033,0.038,0.801,-0.552,-0.003,-0.317,-0.301,-0.019,-0.3363836997865739,-0.4182151063781078,1.1107967592069117,0.9968187269343953,-0.06214015486404367,0.025048976662578926,0.037831800286170156,0.835692958351053,-0.4728681372127487,-0.0027508937409494853,-0.1373464472059458,-0.16176599400110708,-0.030115500423081747,0.7126569461540443,-0.7015127062986041,1.0,1.0,0.0,0.0,0.0,43.084497499806915,0.45709324104639987,0.11566387023963184,100.00243870070487,110.00009913329274,0.49801316746176133,52.41716929903644,0.3590464380811081,0.0063,0.0059,0.0283,0.0395
522,1762837431.1830816,-0.14410758596310558,0.003745120940988382,0.22712048083612588,0.013666916390834857,-0.06718884841599185,-0.10627385120858496,0.004955666300699588,-0.022843165905667873,0.0,0.0,0.0,1.0,0.0,0.0,0.0,0.0,0.0,0.0,0.0,0.0,0.0,-0.371,-0.397,1.111,0.997,-0.058,0.03,0.038,0.886,-0.565,-0.003,-0.264,-0.292,-0.043,-0.31087116329069575,-0.4320182593281098,1.1104340990571235,0.9968535738660304,-0.06444144478282844,0.021463465828438194,0.03724446382101073,0.9159263835030235,-0.4842539348862762,-0.014495690673089864,-0.14955482377890533,-0.20748528694347707,-0.04300351969445618,0.7415021310661067,-0.6709505120531783,1.0,1.0,0.0,0.0,0.0,43.08463518444324,0.45713233630648004,0.11602783484387712,100.00235119202841,110.00009474567948,0.4981009852625009,52.402888233927854,0.36396416623338695,0.0063,0.0061,0.0305,0.0388
523,1762837431.2747955,-0.11064849013106588,0.050136174763469106,0.22545121117972913,0.020085403436847178,0.16729547916019843,0.2319552691124036,-0.008346348281983591,0.0320924352300616,0.0,0.0,0.0,1.0,0.0,0.0,0.0,0.0,0.0,0.0,0.0,0.0,0.0,-0.347,-0.411,1.111,0.997,-0.06,0.026,0.038,0.624,-0.363,-0.005,-0.135,-0.183,-0.021,-0.3044611542447511,-0.4325025565959972,1.1104414747802136,0.9969369096422447,-0.06347325121950709,0.020095116262218746,0.03759251567858464,0.6508633727933136,-0.281337405062646,-0.011601800391722851,-0.0894773539184862,-0.16154011957657494,-0.028863483222776768,0.7690377546927128,-0.6392033572011264,1.0,1.0,0.0,0.0,0.0,43.083894793621035,0.45716991373797655,0.11487276800704482,100.00236911027575,110.00009850806741,0.4980255739640038,52.38251435710793,0.36499690861700973,0.0065,0.0077,0.0329,0.0414
524,1762837431.3575416,-0.11775788375423023,0.027814294808929246,0.2266369823886297,0.01759959427342015,-0.03554696811582175,-0.11160939977269928,0.005928856044502882,-0.012429045817135139,0.0,0.0,0.0,1.0,0.0,0.0,0.0,0.0,0.0,0.0,0.0,0.0,0.0,-0.312,-0.43,1.11,0.997,-0.063,0.021,0.038,0.723,-0.363,-0.011,-0.07,-0.121,-0.022,-0.2630512644469035,-0.4514360018659738,1.10885832944019,0.9970152166464581,-0.06404223523685229,0.01803152885186634,0.037379247804933034,0.7448116906845951,-0.2799023446751632,-0.02345635760355902,-0.0016157626892541795,-0.05306808254361892,-0.026908324025475435,0.7952151865779787,-0.6063273101516626,1.0,1.0,0.0,0.0,0.0,43.08363709176401,0.45721012847387954,0.11429630259686088,100.00234232817913,110.00009938077554,0.49800802586869086,52.36346938440165,0.36746511318923886,0.0063,0.006,0.0282,0.0395
525,1762837431.4409344,-0.09672166800803955,0.06303322399392733,0.2270346564698157,0.021245017768553053,0.10518107873095342,0.17609464592499036,0.0019883704059297995,0.01822711747566451,0.0,0.0,0.0,1.0,0.0,0.0,0.0,0.0,0.0,0.0,0.0,0.0,0.0,-0.291,-0.441,1.11,0.997,-0.064,0.02,0.037,0.518,-0.237,-0.01,-0.015,-0.054,-0.016,-0.25572938287252733,-0.4539965732365562,1.109063027586086,0.9970620647201193,-0.06391165778525137,0.018186445992815575,0.036412018315170616,0.5397345584828251,-0.15289022780474298,-0.01786638251314512,0.013748408280156133,-0.05341987882866053,-0.02521531769064944,0.819988194958146,-0.5723804330419425,1.0,1.0,0.0,0.0,0.0,43.08333204327448,0.45725540301185824,0.11334956489925539,100.00237567174307,110.00010528015365,0.49788979694201707,52.34073349746844,0.36748741785632755,0.0064,0.0059,0.0281,0.0397
526,1762837431.524151,-0.14750519692917233,0.0030332737030521056,0.22971305648460513,-0.00525159662193176,-0.253917644605664,-0.29999975145437613,0.013392000073947098,-0.13248307195242404,0.0,0.0,0.0,1.0,0.0,0.0,0.0,0.0,0.0,0.0,0.0,0.0,0.0,-0.271,-0.449,1.109,0.997,-0.064,0.019,0.037,0.948,-0.394,-0.021,0.021,-0.043,-0.032,-0.20709254561610163,-0.4724786665470315,1.1073732102757623,0.997140260399766,-0.06257749631182796,0.018368994675595794,0.0359583135653147,0.9691091829114569,-0.31065300835958626,-0.02766440688252823,0.06139979820959416,0.004554310439942559,-0.03133031990563433,0.8433130284111484,-0.5374226791939632,1.0,1.0,0.0,0.0,0.0,43.082160197935366,0.4572921374319869,0.11111443290435467,100.00231768767941,110.00009990739537,0.4979973924211352,52.32468738933531,0.3725557126009678,0.0064,0.0061,0.0281,0.0396
527,1762837431.6068714,-0.13511932589166264,-0.01067968823213445,0.22722359545715404,-0.0044919237282031,0.06192935518754844,-0.06856480967593281,-0.012447305137255466,0.00379836446864331,0.0,0.0,0.0,1.0,0.0,0.0,0.0,0.0,0.0,0.0,0.0,0.0,0.0,-0.249,-0.458,1.109,0.997,-0.064,0.019,0.037,0.798,-0.297,-0.017,0.001,-0.054,-0.015,-0.1951003501671538,-0.4749598100722096,1.1079091890368233,0.9970383770165133,-0.06419433647042387,0.01661913616003634,0.03677423054590885,0.8184751036547294,-0.21170263816400245,-0.015297747787338884,-0.019579570345567433,-0.08767349605656383,-0.007610010007711285,0.8651484931256684,-0.5015157872314542,1.0,1.0,0.0,0.0,0.0,43.08034051030819,0.45732612979877046,0.10926538345019099,100.00232844535556,110.00009944834463,0.49800658617648874,52.30487695892522,0.3749963766888179,0.0063,0.0059,0.0284,0.0392
528,1762837431.6510458,-0.13337013256459399,-0.01781443358536676,0.22840218350792327,-0.00016375340729485842,0.008745966635343272,-0.03567372676616154,0.005892940253846332,0.02164085160454121,0.0,0.0,0.0,1.0,0.0,0.0,0.0,0.0,0.0,0.0,0.0,0.0,0.0,-0.229,-0.465,1.109,0.997,-0.064,0.018,0.037,0.818,-0.272,-0.016,-0.04,-0.13,-0.002,-0.1738537703789249,-0.4803207168772103,1.1076869749853044,0.9970166413962585,-0.06471725109837373,0.013637365476203879,0.037168897848191364,0.8354301586915986,-0.18754648541679697,-0.023736225506293188,-0.013882655400676392,-0.12896372078666177,-0.005083996798109288,0.8854560256532096,-0.4647231720437692,1.0,1.0,0.0,0.0,0.0,43.078983947238136,0.45736479644346634,0.10665709933831463,100.00233255676065,110.00009862145039,0.498023131462524,52.28635583423157,0.37745214982533876,0.0063,0.006,0.0193,0.0097
529,1762837431.6873627,-0.12187825336944169,0.0022780879888561895,0.22762064330695128,0.006330549274096872,0.05745939597576134,0.10046260787111472,-0.003907701004859699,0.032471513406958655,0.0,0.0,0.0,1.0,0.0,0.0,0.0,0.0,0.0,0.0,0.0,0.0,0.0,-0.2,-0.473,1.108,0.997,-0.065,0.014,0.037,0.747,-0.207,-0.015,-0.053,-0.244,0.0,-0.14980557131319314,-0.4839296794103908,1.106901130696172,0.9970054595505984,-0.06585721254961069,0.006924586864210466,0.03733765539140454,0.7572640891215038,-0.12072085102186514,-0.01775971064765492,-0.01729114933713698,-0.18196264161243905,-0.007233154132058053,0.9041997610147163,-0.4271098127893223,1.0,1.0,0.0,0.0,0.0,43.077467368590405,0.4574013541856848,0.10395498783822535,100.00234225251874,110.00009961644555,0.4980031655106367,52.26861762919545,0.3786247630620849,0.0011,0.0013,0.0089,0.0071
530,1762837431.7513876,-0.130136682149726,-0.023558453624985792,0.2273996897954181,0.006703910114497707,-0.041292143901421524,-0.12918270806920992,-0.0011047675576657257,0.0018668042020041765,0.0,0.0,0.0,1.0,0.0,0.0,0.0,0.0,0.0,0.0,0.0,0.0,0.0,-0.182,-0.478,1.108,0.997,-0.065,0.011,0.037,0.846,-0.205,-0.017,-0.028,-0.198,-0.005,-0.12531267992909614,-0.48882449210794726,1.1066788520052746,0.9970395592303951,-0.06503936753335281,0.0057098799785304435,0.037061115731895924,0.8534519416812242,-0.11976956261370231,-0.022712864144436476,0.01089060979054598,-0.1221247676110466,-0.011213394494965475,0.9213465960414366,-0.38874213813639713,1.0,1.0,0.0,0.0,0.0,43.07582960750822,0.4574372015832102,0.10211258997517703,100.00233754361824,110.00009878080155,0.4980199006440301,52.249776859652236,0.38040019503811573,0.0014,0.0014,0.0062,0.0065
531,1762837431.857895,-0.11781113568688528,0.01902713830432158,0.2278815314399558,0.013587226845704778,0.06162773231420354,0.21292795964653682,0.0024092082226883655,0.03441658365603536,0.0,0.0,0.0,1.0,0.0,0.0,0.0,0.0,0.0,0.0,0.0,0.0,0.0,-0.168,-0.481,1.107,0.997,-0.065,0.01,0.037,0.608,-0.133,-0.013,-0.014,-0.133,-0.005,-0.12720063659840744,-0.48703075355443415,1.1059266403409909,0.9970401529851759,-0.06495223156822938,0.005682862039407812,0.03691713433904637,0.6150410503482705,-0.047956495214818824,-0.019190272875058523,0.004684995486985444,-0.12571852104203798,-0.01565473040778187,0.9368662478381796,-0.34968790894397633,1.0,1.0,0.0,0.0,0.0,43.074382531556424,0.45747935859556776,0.10070952210915586,100.0023428010625,110.0001026155244,0.4979430318774728,52.22668892331991,0.38068681167384005,0.0017,0.0019,0.0216,0.0301
532,1762837431.904825,-0.10690589113184142,0.0612290389113893,0.22594690781739027,0.020556075445201938,0.0545262227752194,0.21100950303533855,-0.009673118112827658,0.03484424299748581,0.0,0.0,0.0,1.0,0.0,0.0,0.0,0.0,0.0,0.0,0.0,0.0,0.0,-0.144,-0.486,1.107,0.997,-0.065,0.007,0.037,0.411,-0.072,-0.008,0.0,-0.064,-0.008,-0.11642592677036391,-0.4879673789319219,1.1063091287499363,0.9970595551656929,-0.06440109066049166,0.005568059006661123,0.036684720925600905,0.41592283948189746,0.012861398636059023,-0.012607616650793723,0.030377453293281908,-0.0217867244372115,-0.015324507675657706,0.9507313072657052,-0.3100160985898043,1.0,1.0,0.0,0.0,0.0,43.073361997948226,0.45752630097439045,0.10007152337475653,100.00233424637668,110.00010920358581,0.49781095452719276,52.201549270886346,0.38002733281739326,0.0018,0.0019,0.0139,0.0185
533,1762837431.950723,-0.1394805867948753,0.0012291765432267676,0.2379208298839215,-0.03386667201885056,-0.1628734783151694,-0.29999931184081263,0.05986961033265617,-0.27211373732026245,0.0,0.0,0.0,1.0,0.0,0.0,0.0,0.0,0.0,0.0,0.0,0.0,0.0,-0.116,-0.49,1.106,0.997,-0.065,0.007,0.037,1.008,-0.129,-0.025,0.049,0.046,-0.03,-0.04857397747584326,-0.4958125452985164,1.1039871501523413,0.9971427262613571,-0.06313271137892723,0.009113937687168991,0.03591109247670058,1.0152574475832934,-0.04578996906477508,-0.03559484287917321,0.0663229681413084,0.07946569669711101,-0.026976289996794068,0.9629172873477992,-0.2697967711570244,1.0,1.0,0.0,0.0,0.0,43.07154327911234,0.4575592644357426,0.09806893818049876,100.00237586892526,110.00010455793267,0.4979041197194281,52.18355616464219,0.3829825088440787,0.0011,0.0013,0.0061,0.0062
534,1762837432.0252995,-0.12045998197021898,0.01702808550558381,0.2272235610074286,-0.022897483914501825,0.09510302412328157,0.0789945448117852,-0.05348634438246461,0.054845940521743686,0.0,0.0,0.0,1.0,0.0,0.0,0.0,0.0,0.0,0.0,0.0,0.0,0.0,-0.104,-0.492,1.106,0.997,-0.065,0.007,0.037,0.53,-0.056,-0.011,0.022,0.03,-0.006,-0.06844839473713972,-0.49276250149025,1.1061740992780125,0.9970154388109234,-0.06451462659880722,0.0071104367082016895,0.037410296097389585,0.5365867085515735,0.03327467537980731,0.01798230554066613,0.005643826321139277,-0.02569391457033618,0.029877992629376016,0.9734026665175329,-0.2291009576945425,1.0,1.0,0.0,0.0,0.0,43.06643944317443,0.45756934425663015,0.09770975642541951,100.00228886281009,110.00010577132726,0.4978794153049774,52.1576736842991,0.3828130634033424,0.0077,0.0015,0.0072,0.0063
535,1762837432.1239161,-0.12323037418138916,-0.026212068680111604,0.2290522513053907,-0.01595181865230067,-0.013851961055850875,-0.21620077092847706,0.009143451489810578,0.03472832631100576,0.0,0.0,0.0,1.0,0.0,0.0,0.0,0.0,0.0,0.0,0.0,0.0,0.0,-0.071,-0.494,1.106,0.997,-0.064,0.007,0.037,0.687,-0.033,-0.002,0.004,-0.016,0.027,-0.025007535275290677,-0.49343399041526514,1.1055256539211191,0.9970015302698798,-0.06341827244370672,0.006624773087520782,0.03801573518954009,0.6926758702648662,0.04964311216355067,-0.013846499505074448,0.02818456235371279,-0.010516708923922783,0.03148394536224755,0.9821689266263424,-0.188000530769619,1.0,1.0,0.0,0.0,0.0,43.06414269093003,0.45759701715473805,0.09636799982980035,100.00229262153967,110.00010630270586,0.4978687437313182,52.13600729828977,0.38379549895150944,0.0035,0.0151,0.0285,0.008
536,1762837432.1669848,-0.13625041951864778,-0.0861037802192201,0.22625844652150526,-0.01797198039540013,-0.06510022668629309,-0.2994585576955425,-0.013969023919427458,-0.010100808715497313,0.0,0.0,0.0,1.0,0.0,0.0,0.0,0.0,0.0,0.0,0.0,0.0,0.0,-0.067,-0.494,1.106,0.997,-0.064,0.007,0.037,0.959,-0.041,-0.004,0.007,-0.023,0.038,-0.0028826670111992275,-0.4939296325710496,1.1056963843260623,0.9970056794453941,-0.06340969424560416,0.005392756580600349,0.03811669153114632,0.9641746148704737,0.043022428664934775,-0.004796354324132669,0.021924941935518447,-0.0756154877563638,0.023741777849601832,0.9892005856487877,-0.1465680775342825,1.0,1.0,0.0,0.0,0.0,43.06110130377662,0.457619182249189,0.09478423318638822,100.00236044142149,110.00010302562039,0.4979345106694732,52.114614120643694,0.3856293531289887,0.0017,0.0062,0.0135,0.0097
537,1762837432.236279,-0.13232486365202276,-0.07253615641683844,0.22983147662082168,-0.009701824688624117,0.019627779333125095,0.06783811901190828,0.017865150496582063,0.04135077853388006,0.0,0.0,0.0,1.0,0.0,0.0,0.0,0.0,0.0,0.0,0.0,0.0,0.0,-0.05,-0.495,1.106,0.997,-0.064,0.006,0.038,0.8,-0.01,-0.002,0.009,-0.112,0.042,0.0034220814716568303,-0.49290681012804755,1.1055162948667367,0.9969961462664299,-0.06353846767514912,0.0009866204716205867,0.03931642506792964,0.8016014379887297,0.07260808756393398,-0.01287868487045143,0.005634903598115747,-0.1876361470372503,0.02023426179172972,0.9944852250252416,-0.10487677152970748,1.0,1.0,0.0,0.0,0.0,43.05898571915221,0.45764832084297086,0.09449080462589497,100.00246107515188,110.00010344708355,0.4979261915110889,52.08926374384677,0.38703492929803246,0.0112,0.0019,0.0098,0.0099
538,1762837432.2958126,-0.13004151017489116,-0.13097226547193658,0.22620847116097986,-0.011026503241905895,0.011416767385658083,-0.29218054527549076,-0.01811502729920916,-0.006623392766408873,0.0,0.0,0.0,1.0,0.0,0.0,0.0,0.0,0.0,0.0,0.0,0.0,0.0,-0.022,-0.494,1.106,0.997,-0.064,0.002,0.039,1.15,0.039,-0.003,-0.028,-0.46,0.043,0.05444208693278993,-0.4885916883908018,1.105850975809138,0.9968788015397271,-0.06396496516811379,-0.010476884184189525,0.04076748946446359,1.1404353808601024,0.12321027255702964,-0.0009411715693098655,-0.002246459600143352,-0.3033960454731649,0.018764605217929876,0.9980135115942135,-0.06300024345498023,1.0,1.0,0.0,0.0,0.0,43.056666175174634,0.4576699052308001,0.09164386756610578,100.00262861667787,110.00009868901365,0.4980217042950318,52.07554307967522,0.3862016804333134,0.0017,0.0023,0.0135,0.0096
539,1762837432.3563232,-0.1209623046483777,-0.07099118126088534,0.23222449519733773,0.012713957164202209,0.04539602763256731,0.29990542105525614,0.030080120181789478,0.11870230203054051,0.0,0.0,0.0,1.0,0.0,0.0,0.0,0.0,0.0,0.0,0.0,0.0,0.0,-0.001,-0.493,1.106,0.997,-0.064,-0.003,0.039,0.565,0.039,-0.001,-0.016,-0.298,0.014,0.03628614761875967,-0.4876552328277936,1.105564714388602,0.996907471134251,-0.06372089254593873,-0.012955352234307984,0.039778671502583386,0.5514505632302865,0.12113698174510132,-0.012600999627081349,0.006644403833990992,-0.3004551262016639,-0.003143648240847164,0.9997792140755745,-0.02101245112847572,1.0,1.0,0.0,0.0,0.0,43.054583039596245,0.4576966871610448,0.09006029992373843,100.00267792612303,110.00010299522019,0.4979354437462562,52.05214061987932,0.3855249988561247,0.0019,0.0022,0.0087,0.0078
540,1762837432.451206,-0.1220976638241338,-0.027244450868954467,0.22414126102751378,0.021770561282615418,-0.005676795878780477,0.21873365195965425,-0.04041617084911977,0.04528302059206605,0.0,0.0,0.0,1.0,0.0,0.0,0.0,0.0,0.0,0.0,0.0,0.0,0.0,0.017,-0.492,1.106,0.997,-0.064,-0.008,0.04,0.616,0.06,-0.001,-0.009,-0.302,0.005,0.057463238766351676,-0.4851824033047129,1.1062266304697848,0.9969318606525897,-0.06338611335650868,-0.0160909527873479,0.04024074269726715,0.596059700179341,0.14445743253459772,0.008671883678848628,0.02267542649515104,-0.187505273246991,-0.01895358354281466,0.9997792140755745,0.021012451128475232,1.0,1.0,0.0,0.0,0.0,43.050801719543585,0.4577174765398838,0.09130783558337953,100.00266812642333,110.00010580222497,0.4978791857876866,52.02712071506486,0.38409574262120155,0.0017,0.002,0.0296,0.0157
541,1762837432.4915543,-0.11686284479901196,-0.08269659177555547,0.2306220201318536,0.014929084764082749,0.02617409512560917,-0.27726070453300505,0.03240379552169911,-0.034207382592663337,0.0,0.0,0.0,1.0,0.0,0.0,0.0,0.0,0.0,0.0,0.0,0.0,0.0,0.037,-0.489,1.105,0.997,-0.064,-0.012,0.04,0.864,0.115,-0.006,0.002,-0.257,-0.017,0.09387994827709413,-0.47864121743915994,1.1039867163510437,0.9969733856847737,-0.06326546811412259,-0.017943693640657763,0.03961267866277476,0.8411380673550124,0.1954106126185825,-0.02559907150940647,0.0239443470653201,-0.10913567630399726,-0.02763285566439169,0.9980135115942136,0.06300024345497797,1.0,1.0,0.0,0.0,0.0,43.04881155282147,0.45774587411750284,0.0958835385071678,100.00263045256673,110.00010452874919,0.49790464308544663,51.99992894816898,0.38505686682886286,0.0028,0.0014,0.0098,0.0082
542,1762837432.5538685,-0.11465464796936141,-0.0794569496431895,0.2277614628862728,0.01437747702745603,0.011040984148252775,0.01619821066182975,-0.014302786227903992,-0.0027580386831336165,0.0,0.0,0.0,1.0,0.0,0.0,0.0,0.0,0.0,0.0,0.0,0.0,0.0,0.06,-0.486,1.105,0.997,-0.064,-0.015,0.04,0.794,0.137,-0.002,0.019,-0.251,-0.019,0.11204656775515616,-0.4740908672887593,1.1050057257455737,0.996963509931839,-0.06268963821100651,-0.022203647259776513,0.03963586589376281,0.765729887384011,0.22006188372002736,0.003143346347149912,0.03903463781953191,-0.18982646745254467,-0.029797322615424327,0.9944852250252417,0.104876771529707,1.0,1.0,0.0,0.0,0.0,43.04593323634827,0.4577685856595547,0.09620126444978408,100.00256523066959,110.00010373334857,0.49792049156227297,51.97747323950278,0.38638178978992527,0.0013,0.0016,0.007,0.0082
543,1762837432.6485288,-0.10845983582682553,-0.10195309495496654,0.2285564520330695,0.01230230544866755,0.030974060712679413,-0.11248072655888522,0.0039749457339835585,-0.010375857893942401,0.0,0.0,0.0,1.0,0.0,0.0,0.0,0.0,0.0,0.0,0.0,0.0,0.0,0.08,-0.482,1.105,0.997,-0.064,-0.018,0.04,0.872,0.183,-0.001,0.034,-0.274,-0.023,0.1371249328069154,-0.46708335359479,1.1046993749175091,0.996964107296726,-0.062283385807437065,-0.025373359952218868,0.03960804101401086,0.8401564676047284,0.26401930166273113,-0.008458809360721586,0.04800425509379888,-0.17643049586463844,-0.029090548638542015,0.9892005856487879,0.14656807753428114,1.0,1.0,0.0,0.0,0.0,43.043636052700954,0.45779288621359476,0.09626206491562604,100.00249554847963,110.00010179336148,0.4979592727756051,51.956084994399944,0.3885414246143801,0.0017,0.0019,0.0242,0.0184
544,1762837432.6926734,-0.11060577397400437,-0.07029011424661608,0.22824303611903707,0.016746153690716387,-0.010729690735894193,0.15831490354175232,-0.001567079570162052,0.022219241210244177,0.0,0.0,0.0,1.0,0.0,0.0,0.0,0.0,0.0,0.0,0.0,0.0,0.0,0.102,-0.477,1.105,0.997,-0.063,-0.022,0.04,0.695,0.175,0.0,0.04,-0.222,-0.015,0.1471653207033536,-0.46265487887163126,1.1048755483113049,0.9969660108719605,-0.06107700231003034,-0.02848322732545543,0.0397388351295658,0.6585372755952555,0.2549064870554711,-0.0036120009238933674,0.056528984551683994,-0.17335805749996103,-0.02583154082185037,0.9821689266263425,0.1880005307696185,1.0,1.0,0.0,0.0,0.0,43.041202078608855,0.4578153649714199,0.09516990633637556,100.00241817955977,110.00010241405357,0.49794675221824114,51.93423021596866,0.3896047362909999,0.0067,0.0025,0.0075,0.0066
545,1762837432.7896383,-0.10694042267713694,-0.07857206577619837,0.22796664969374644,0.016837978535438676,0.018326756484337126,-0.041409757647911535,-0.001381932126453097,0.00045912422361145573,0.0,0.0,0.0,1.0,0.0,0.0,0.0,0.0,0.0,0.0,0.0,0.0,0.0,0.122,-0.472,1.105,0.997,-0.062,-0.025,0.04,0.72,0.209,0.001,0.05,-0.208,-0.021,0.16871900655933358,-0.45544430240359507,1.1048987338891192,0.9969968489756305,-0.06000283377654178,-0.03017896949512271,0.039552079144307146,0.6804414967474317,0.28719763722900277,-0.004074041306611938,0.05440446091926989,-0.11039043227944179,-0.026844597591920448,0.9734026665175333,0.22910095769454117,1.0,1.0,0.0,0.0,0.0,43.0389369429137,0.45783913796470743,0.09503055462151294,100.00234231594955,110.00010247873279,0.4979453683741941,51.91136812192562,0.3913369557722375,0.0067,0.0067,0.0302,0.01
546,1762837432.8396945,-0.0927372557325454,-0.12625383214305613,0.22888636684981345,0.010752880747765639,0.07101583472295764,-0.23840883183428882,0.004598585780335,-0.030425488938365185,0.0,0.0,0.0,1.0,0.0,0.0,0.0,0.0,0.0,0.0,0.0,0.0,0.0,0.143,-0.465,1.105,0.997,-0.061,-0.028,0.04,0.911,0.304,0.001,0.083,-0.274,-0.037,0.20229980669181685,-0.4421785352961596,1.1048700336995438,0.9969860215727663,-0.05810072988437919,-0.03484160128108153,0.039290882922316694,0.8664824428318495,0.37995077971272445,-0.004935398059273497,0.07261716544231274,-0.15092326620351174,-0.035084398876505746,0.9629172873477994,0.26979677115702394,1.0,1.0,0.0,0.0,0.0,43.036847386518495,0.45786370976971164,0.09436738072390133,100.00228773957119,110.00009960080708,0.4980029427288116,51.890911578941726,0.3950203543218269,0.0066,0.0059,0.0165,0.0082
547,1762837432.9347248,-0.09797073194067893,-0.0976096438504272,0.22835721948781537,0.014804486389237037,-0.026167381040667625,0.14322094146314465,-0.002645736809990468,0.020258028207357004,0.0,0.0,0.0,1.0,0.0,0.0,0.0,0.0,0.0,0.0,0.0,0.0,0.0,0.163,-0.458,1.105,0.997,-0.06,-0.031,0.04,0.728,0.274,0.002,0.079,-0.233,-0.018,0.20997250635897105,-0.437215950920082,1.1050309019639768,0.9969560575395915,-0.05691494126857022,-0.037814734513516295,0.039742625645946286,0.679672388363614,0.3488117399612047,-0.0009400062037769519,0.08711036601678113,-0.18699535772138665,-0.026043162456903184,0.9507313072657059,0.3100160985898021,1.0,1.0,0.0,0.0,0.0,43.03450545489949,0.45788583555378237,0.09209858156261463,100.00219916181844,110.00009918545808,0.4980111591836495,51.87059173491235,0.39675715647060505,0.0017,0.0044,0.0293,0.0304
548,1762837433.0193965,-0.09944684066096288,-0.10101497619605787,0.22840884086368687,0.016467827410481004,-0.007380543601419709,-0.017026661728153307,0.00025810687935734836,0.008316705106219829,0.0,0.0,0.0,1.0,0.0,0.0,0.0,0.0,0.0,0.0,0.0,0.0,0.0,0.163,-0.458,1.105,0.997,-0.06,-0.031,0.04,0.728,0.274,0.002,0.079,-0.233,-0.018,0.20998324560043394,-0.43722208746397023,1.1049652173915545,0.9969777446104485,-0.057117107311581435,-0.03697905093378348,0.0396957908377453,0.6802025956031842,0.3486606133055413,-0.0031196640438216072,0.07646362478807056,-0.13597966064467354,-0.02552895015642129,0.9368662478381797,0.34968790894397583,1.0,1.0,0.0,0.0,0.0,43.03173468507153,0.4579101015869799,0.09084948563800439,100.00210331958094,110.0000989027767,0.4980167156010233,51.846933731256065,0.3986699447230705,0.0066,0.0059,0.0295,0.0406
549,1762837433.1063838,-0.11073026286297388,-0.04895050952405846,0.2278988519766881,0.02362531845599219,-0.05641711101005509,0.260322333359997,-0.002549944434993824,0.03578745522755593,0.0,0.0,0.0,1.0,0.0,0.0,0.0,0.0,0.0,0.0,0.0,0.0,0.0,0.195,-0.444,1.106,0.997,-0.058,-0.036,0.04,0.464,0.21,0.003,0.06,-0.147,-0.016,0.22420335024886817,-0.42757192746403483,1.1060365823467027,0.9969962609764212,-0.055752714063845035,-0.03990251524173528,0.03958506693106752,0.4112494664866382,0.28233271159221685,-0.0018817421385566363,0.06227694332793673,-0.09474915907965241,-0.025777916646670236,0.9213465960414372,0.38874213813639585,1.0,1.0,0.0,0.0,0.0,43.02950153465985,0.457932332590204,0.08999673692236994,100.00197279281862,110.00010179136471,0.4979587166765523,51.822813810831185,0.39871002312999243,0.0064,0.0063,0.0301,0.0414
550,1762837433.192098,-0.1004393310903883,-0.061025157026182726,0.22806885008827296,0.022348688470272784,0.05145465886292794,-0.06037323751062132,0.0008499905579242538,-0.006383149928597031,0.0,0.0,0.0,1.0,0.0,0.0,0.0,0.0,0.0,0.0,0.0,0.0,0.0,0.227,-0.429,1.106,0.997,-0.056,-0.041,0.039,0.515,0.277,0.004,0.057,-0.096,-0.026,0.25942905834405855,-0.4081981196625258,1.1060420733660743,0.9970740575358272,-0.054294134375900145,-0.042210769945421646,0.03822373343438199,0.4575947795658969,0.3466738266445638,-0.002768858213952669,0.04034270338037327,0.014241234055656783,-0.02843190094541636,0.9041997610147166,0.42710981278932186,1.0,1.0,0.0,0.0,0.0,43.02780513984667,0.4579554140667794,0.09049472445759633,100.00186300146618,110.00010304059211,0.4979335495144289,51.798324232295464,0.4001592485371867,0.0068,0.0062,0.0298,0.04
551,1762837433.2815454,-0.09123580351809492,-0.0784545466312763,0.22883366613995212,0.019241109105396018,0.0460176378614669,-0.08714694802546788,0.0038240802583957897,-0.015537896824383843,0.0,0.0,0.0,1.0,0.0,0.0,0.0,0.0,0.0,0.0,0.0,0.0,0.0,0.251,-0.415,1.106,0.997,-0.055,-0.041,0.039,0.512,0.313,0.004,0.031,0.006,-0.023,0.28326570620647523,-0.3918275304215863,1.1060709925649577,0.9971298183733371,-0.053735308595391815,-0.04030963123573137,0.03815543958308679,0.4561093135349165,0.3819224896574331,-0.0017749793807299635,0.043195466195514405,0.03070481200480644,-0.02805735035513231,0.8854560256532102,0.46472317204376795,1.0,1.0,0.0,0.0,0.0,43.02620182666407,0.4579771983556188,0.08924133052463076,100.00176532362816,110.00010342766184,0.4979256601497056,51.776024302278095,0.4015096602629773,0.0067,0.0063,0.0306,0.0428
552,1762837433.3671973,-0.08532907100227677,-0.08522801009256521,0.22841529854051332,0.01732941288489834,0.029533662579090847,-0.03386731730644462,-0.0020918379971938753,-0.009558481102488369,0.0,0.0,0.0,1.0,0.0,0.0,0.0,0.0,0.0,0.0,0.0,0.0,0.0,0.278,-0.397,1.106,0.997,-0.054,-0.041,0.038,0.476,0.335,0.005,0.04,0.026,-0.029,0.3078677474253917,-0.37239905248826005,1.1062193531975362,0.9971541613164577,-0.05237135662783987,-0.04023755115345986,0.03703741970110811,0.42020261107659784,0.40271418388281893,0.0017672582852773905,0.05514488743675157,0.018230257311990797,-0.030285772528642205,0.8651484931256687,0.5015157872314537,1.0,1.0,0.0,0.0,0.0,43.02457427015652,0.4579983083054398,0.08795153034918343,100.00170682258424,110.0001041336036,0.49791143853000974,51.75414133280363,0.4025024353947238,0.0066,0.0062,0.0294,0.0399
553,1762837433.4537547,-0.07364089691902875,-0.09719119619541607,0.22817664767397977,0.015132109389384894,0.058440870416240104,-0.059815930514254205,-0.0011932543326676481,-0.01098651747756724,0.0,0.0,0.0,1.0,0.0,0.0,0.0,0.0,0.0,0.0,0.0,0.0,0.0,0.301,-0.38,1.106,0.997,-0.052,-0.041,0.037,0.483,0.382,0.007,0.055,-0.011,-0.023,0.3313291145824399,-0.3523639811801369,1.1063067596975984,0.9971233125596624,-0.04997273330593382,-0.04118030908047798,0.036263215377831844,0.42685301318168506,0.4466494770983344,0.002201062941677624,0.06268967165994967,-0.0032257225553793184,-0.02634775683707599,0.8433130284111496,0.5374226791939614,1.0,1.0,0.0,0.0,0.0,43.02324779337618,0.4580186874967266,0.08637398443422627,100.00163845957677,110.00010400689152,0.49791388297203704,51.73342230345409,0.403792375687228,0.0065,0.0061,0.0306,0.0404
554,1762837433.5398157,-0.1221387212486971,-0.03754145574987418,0.23040634372793597,0.02693971162447622,-0.24248912164834174,0.2982487022277094,0.011148480269781002,0.05903801117545664,0.0,0.0,0.0,1.0,0.0,0.0,0.0,0.0,0.0,0.0,0.0,0.0,0.0,0.316,-0.368,1.107,0.997,-0.052,-0.041,0.037,0.142,0.121,0.002,0.02,-0.01,-0.006,0.3235947709211298,-0.35775517770396886,1.1069559599885297,0.9970722309783434,-0.050490756514364875,-0.04143762899621139,0.03665630399458059,0.08576474525734316,0.18604636680962783,-0.00330960102964643,0.06309487456638083,-0.01809914290324818,-0.018019783431175496,0.8199881949581462,0.5723804330419421,1.0,1.0,0.0,0.0,0.0,43.02062743190184,0.4580411449498634,0.0862562124992691,100.0013692674798,110.00010752095511,0.4978432122155527,51.705933846554125,0.40302918656216324,0.0069,0.0063,0.0299,0.0398
555,1762837433.6243236,-0.062138868222081006,-0.09753805617726066,0.22874936532257673,0.004209793540586617,0.2999992651330804,-0.29998300213693235,-0.008284892026796511,-0.11364959041944801,0.0,0.0,0.0,1.0,0.0,0.0,0.0,0.0,0.0,0.0,0.0,0.0,0.0,0.333,-0.353,1.107,0.997,-0.05,-0.042,0.037,0.578,0.54,0.01,0.106,-0.077,-0.023,0.36958874901455013,-0.31491119423365477,1.10772128840969,0.9971176657202575,-0.047886854845452326,-0.042359420894499664,0.0362143669246345,0.5195227381515093,0.602210034512234,0.012017448731209851,0.022714765596962002,0.043619445724121964,-0.030093240301484026,0.7952151865779795,0.6063273101516615,1.0,1.0,0.0,0.0,0.0,43.01909099326573,0.45806085241214023,0.08663370502940343,100.0013356161565,110.00010438109413,0.4979059837782039,51.684462635350016,0.40593150820415363,0.0066,0.0063,0.0296,0.0391
556,1762837433.7132022,-0.056042619427276986,-0.11478690504545186,0.2283405781146923,0.003094783882172868,0.030481243974020078,-0.08624424434095598,-0.0020439360394221284,-0.005575048292068757,0.0,0.0,0.0,1.0,0.0,0.0,0.0,0.0,0.0,0.0,0.0,0.0,0.0,0.349,-0.337,1.107,0.997,-0.049,-0.042,0.037,0.429,0.439,0.012,0.016,0.029,-0.025,0.37570158728276426,-0.30568207859749724,1.1076599773600977,0.9971156682986327,-0.04735711276660508,-0.04165293762799716,0.03641067393292518,0.3721534447830874,0.5001807361091792,0.007598211982429595,0.07862464674675983,-0.010867336566284549,-0.01395792516695094,0.7690377546927132,0.639203357201126,1.0,1.0,0.0,0.0,0.0,43.017402188775286,0.45807927861193243,0.08577055562026506,100.00135745075312,110.00010462587377,0.4979010998228156,51.66216110364343,0.4069046281950753,0.0065,0.0077,0.0342,0.0373
557,1762837433.7312753,-0.01155928989239837,-0.15495498641978517,0.22475695877422736,-0.0014519206425307619,0.22241664767439306,-0.20084040687166652,-0.01791809670232486,-0.022733522623518146,0.0,0.0,0.0,1.0,0.0,0.0,0.0,0.0,0.0,0.0,0.0,0.0,0.0,0.374,-0.309,1.108,0.997,-0.047,-0.043,0.036,0.556,0.656,0.019,0.125,-0.092,-0.008,0.4090851910591914,-0.263351229487963,1.1090978602367068,0.9970733627841747,-0.04289907725784544,-0.04550465968247416,0.03601014692702297,0.49602973133113876,0.7125501691566801,0.01392694421493217,0.11460930067883396,-0.06964390269700738,-0.008928584647257008,0.7415021310661076,0.6709505120531774,1.0,1.0,0.0,0.0,0.0,43.01754946030139,0.4580916988208442,0.08328801828577617,100.00147005915098,110.0001027049355,0.4979396748341449,51.647846944893736,0.40822504914589086,0.0015,0.0018,0.0074,0.0064
558,1762837433.756139,0.008636598528596925,-0.17754793139694752,0.22631289811779842,-0.002273103439228133,0.10097944210497647,-0.11296472488581177,0.0077796967178553845,-0.004105913983486855,0.0,0.0,0.0,1.0,0.0,0.0,0.0,0.0,0.0,0.0,0.0,0.0,0.0,0.378,-0.304,1.108,0.997,-0.047,-0.043,0.036,0.595,0.72,0.021,0.146,-0.118,-0.007,0.4157024386395109,-0.2541361569192827,1.108859690531582,0.9970675782276556,-0.04126017325253862,-0.04699372373377555,0.03617336848842496,0.5353170459290031,0.7746362548657613,0.004338499320090065,0.18492478879786797,-0.1330011827909715,-0.00822173352660896,0.7126569461540446,0.7015127062986037,1.0,1.0,0.0,0.0,0.0,43.01904157542795,0.45810440267719094,0.08181030810312986,100.00164088437752,110.00010122900893,0.4979694062945351,51.630545980604346,0.40973912273717594,0.0011,0.0014,0.009,0.009
559,1762837433.8527415,0.02476868939763448,-0.18712308524627064,0.2255291524665264,-0.002012021660260592,0.08066045434518779,-0.047875769246615574,-0.003918728256359999,0.0013054088948377032,0.0,0.0,0.0,1.0,0.0,0.0,0.0,0.0,0.0,0.0,0.0,0.0,0.0,0.391,-0.288,1.109,0.997,-0.044,-0.045,0.036,0.634,0.825,0.021,0.333,-0.323,0.001,0.4311254302100464,-0.23133167848793493,1.1100622112552725,0.996941718438973,-0.03368342398763349,-0.05373432515905578,0.03676510020884407,0.5678767725143339,0.8727376189409649,0.011145020280474857,0.27154459324984737,-0.2332627151489312,-0.0043635472762490485,0.6825531432186552,0.730835964278123,1.0,1.0,0.0,0.0,0.0,43.02112738492854,0.45811783082213725,0.07845627014403851,100.00183244212812,110.00009917216505,0.49801078908899954,51.62092355587475,0.40816717500532,0.0067,0.006,0.0292,0.0083
560,1762837433.9454427,-0.011099666785462262,-0.14818764977490378,0.2276026558208314,0.007602762583650282,-0.1793417809154837,0.19467717735683437,0.010367516771524962,0.04807392121955436,0.0,0.0,0.0,1.0,0.0,0.0,0.0,0.0,0.0,0.0,0.0,0.0,0.0,0.403,-0.271,1.109,0.997,-0.04,-0.049,0.037,0.475,0.671,0.013,0.397,-0.387,0.004,0.4323466178461123,-0.2248137492886186,1.1094352837508363,0.9968299534618054,-0.028084404457091892,-0.058986409886292966,0.03797247579894542,0.40328190366858013,0.7118792359142829,-6.357747815107081e-05,0.3037758986283206,-0.253545967576062,-0.0024634052071701162,0.6512438883578048,0.7588684984083917,1.0,1.0,0.0,0.0,0.0,43.022319265800554,0.45813847332498236,0.07732007513474567,100.00185441209725,110.00009877124818,0.4980188302822176,51.607150405683264,0.4041251865315489,0.0079,0.0088,0.0296,0.0301
561,1762837433.964491,-0.014860857192537737,-0.14981535543918054,0.22613624327645218,0.012041554103397495,-0.018805952035377396,-0.008138528321383676,-0.0073320627218962445,0.022193957598736068,0.0,0.0,0.0,1.0,0.0,0.0,0.0,0.0,0.0,0.0,0.0,0.0,0.0,0.403,-0.271,1.109,0.997,-0.04,-0.049,0.037,0.475,0.671,0.013,0.397,-0.387,0.004,0.43233046413579257,-0.22478930398015992,1.1096607345138307,0.9968705455404534,-0.029151233697569008,-0.057923923123374944,0.03775190078653111,0.4029191250774806,0.7128330036998424,0.0071261123137574215,0.24530301418620298,-0.1917976340777288,-0.009747315083817348,0.6187844766088587,0.7855608006436553,1.0,1.0,0.0,0.0,0.0,43.02296524215129,0.4581715224712912,0.08563584146062794,100.00188034766367,110.00010035668423,0.4979871729522882,51.57948882384385,0.40023989862087733,0.0011,0.0016,0.0071,0.0084
562,1762837434.0562158,-0.03205204399111955,-0.1251047253569233,0.22704692023156522,0.016293177033629307,-0.08595593399290902,0.1235531504112862,0.0045533847755653565,0.021258114651159066,0.0,0.0,0.0,1.0,0.0,0.0,0.0,0.0,0.0,0.0,0.0,0.0,0.0,0.426,-0.236,1.11,0.997,-0.03,-0.058,0.038,0.36,0.6,0.006,0.264,-0.226,-0.007,0.4473691732617882,-0.19492341685846962,1.1100141877661331,0.9968637146851563,-0.02254560429800525,-0.06335942958491131,0.03817920125747856,0.2799557541025526,0.6305948122642618,-0.005807770036948564,0.1765895981916448,-0.12285630502351479,-0.016344453187181928,0.5852322342925297,0.8108657299115395,1.0,1.0,0.0,0.0,0.0,43.023441771211445,0.45819969657108145,0.0890224915392596,100.00177028801693,110.00010120970971,0.4979700019605086,51.55584509122388,0.3993522473482171,0.0065,0.0116,0.0103,0.0251
563,1762837434.1168325,-0.01472511628043184,-0.13147010301333442,0.2274687702662443,0.015417352470105289,0.08663463855343856,-0.03182688828205554,0.002109250173395359,-0.004379122817620085,0.0,0.0,0.0,1.0,0.0,0.0,0.0,0.0,0.0,0.0,0.0,0.0,0.0,0.436,-0.219,1.11,0.997,-0.026,-0.061,0.038,0.386,0.701,0.004,0.302,-0.24,-0.021,0.4589666090704699,-0.17137273941205755,1.109986714884591,0.9968631473253791,-0.018234005644223655,-0.06596332817863201,0.037836976187185095,0.3018991400661161,0.7260340705069093,-0.004282856911993813,0.16185848340976428,-0.08872852128722511,-0.02438778624347687,0.5506464177693011,0.8347385953685359,1.0,1.0,0.0,0.0,0.0,43.024013554796625,0.45823188951935356,0.09513061569154083,100.00174007707608,110.00010221673314,0.49794983620563,51.53090833082389,0.4008317325238275,0.0057,0.0062,0.0267,0.0094
564,1762837434.1517668,0.00012609978853285464,-0.13861857467668237,0.2276786054985467,0.013901786588186495,0.07425608034482348,-0.03574235831673983,0.0010491761615120665,-0.007577829409593961,0.0,0.0,0.0,1.0,0.0,0.0,0.0,0.0,0.0,0.0,0.0,0.0,0.0,0.446,-0.2,1.11,0.997,-0.022,-0.063,0.038,0.371,0.744,0.003,0.245,-0.149,-0.022,0.46791466442961105,-0.14965903591464286,1.1099556557808208,0.9969350363814639,-0.01524821912219032,-0.06611693656193089,0.03772465058932931,0.28576545174300033,0.7646973523706629,-0.004265001799386268,0.1585925475292392,-0.0618528500209921,-0.02373822191921575,0.515088108787219,0.8571372353281626,1.0,1.0,0.0,0.0,0.0,43.024411401560116,0.4582621112434379,0.0965406320221716,100.00171578395765,110.00010232046158,0.49794774428285227,51.51099975641207,0.4035039509405023,0.0012,0.0014,0.0073,0.0063
565,1762837434.2513027,-0.03284396925640415,-0.11817169867019972,0.22683027959722687,0.019273040074077576,-0.16485034522468503,0.10223438003241327,-0.004241629506599193,0.026856267429455394,0.0,0.0,0.0,1.0,0.0,0.0,0.0,0.0,0.0,0.0,0.0,0.0,0.0,0.454,-0.183,1.11,0.997,-0.02,-0.064,0.038,0.249,0.552,0.002,0.157,-0.076,-0.014,0.4677642955732773,-0.14551171664318063,1.10990761547313,0.9969904609677971,-0.015167933442568815,-0.06558432322165407,0.03778552160419655,0.16359654913226748,0.5715796688524608,-0.004715103087459137,0.12935831935362196,-0.03416576878848963,-0.01862181481247235,0.47862010660587634,0.8780220917224005,1.0,1.0,0.0,0.0,0.0,43.024279534807505,0.45829332744244805,0.09577491749803146,100.00148991630681,110.00010224740397,0.4979489642518663,51.48952614250975,0.404107484202648,0.0067,0.006,0.0272,0.008
566,1762837434.3433623,-0.028399025861265886,-0.12138999788767507,0.2277374136071527,0.019600791622402063,0.02222471697569131,-0.0160914960873767,0.004535670049628992,0.001638757741622433,0.0,0.0,0.0,1.0,0.0,0.0,0.0,0.0,0.0,0.0,0.0,0.0,0.0,0.457,-0.175,1.11,0.997,-0.019,-0.065,0.038,0.249,0.576,0.001,0.153,-0.069,-0.017,0.47074119843382783,-0.1359506887193485,1.1097478143094641,0.9970227526097052,-0.015130808103123634,-0.06591621194840494,0.037563092308499635,0.1630587633813901,0.594618776182519,-0.008651477974340925,0.07825023086254142,0.00012186634462427876,-0.024761624750952053,0.44130681708712577,0.8973562799648923,1.0,1.0,0.0,0.0,0.0,43.02420207268705,0.45832881274302234,0.09577096059951457,100.00127137867403,110.0001018354012,0.49795697244249143,51.4666434698948,0.40598971439108505,0.0092,0.0064,0.0299,0.027
567,1762837434.4286642,-0.02528964118737826,-0.12740205916889016,0.22885515751017743,0.01881124365314991,0.015546923369438193,-0.03006030640607557,0.0055887195151238375,-0.003947739846260793,0.0,0.0,0.0,1.0,0.0,0.0,0.0,0.0,0.0,0.0,0.0,0.0,0.0,0.457,-0.175,1.11,0.997,-0.019,-0.065,0.038,0.249,0.576,0.001,0.153,-0.069,-0.017,0.4707267568033927,-0.13594841762445062,1.1098511304207765,0.9970173682640987,-0.014947288573779936,-0.06603244488581088,0.03757604888971539,0.16255745567175342,0.594636429615924,-0.005294594955958094,0.0908240441443892,-0.00834478473729331,-0.024548983708564235,0.4032141389483652,0.9151056540925362,1.0,1.0,0.0,0.0,0.0,43.02363990550527,0.4583664342455522,0.09476979366565001,100.00103842019281,110.00010095042086,0.4979744282109443,51.44336591835193,0.408601078595367,0.0068,0.0061,0.0305,0.0399
568,1762837434.5130887,0.03471029924986561,-0.18740059977239285,0.21473527678749507,-0.041188052677199605,0.2999997021862193,-0.2999927030175133,-0.07059940361341194,-0.2999964816517476,0.0,0.0,0.0,1.0,0.0,0.0,0.0,0.0,0.0,0.0,0.0,0.0,0.0,0.476,-0.123,1.11,0.997,-0.015,-0.066,0.037,0.491,1.626,0.002,0.151,-0.02,-0.064,0.505827968116563,-0.014115054557479675,1.11002558717725,0.9971092430803282,-0.011097506401090937,-0.06598187007807477,0.03543477390048453,0.4038315637268851,1.6396876207772662,-0.0010200317118135103,0.08252751049181563,0.010107525978307804,-0.04744340943461706,0.3644093473793217,0.9312388670704079,1.0,1.0,0.0,0.0,0.0,43.024233270872195,0.4583931849762286,0.08904591648898716,100.00203034459167,110.00010125705259,0.4979693220392857,51.43976820617477,0.41984543241885314,0.0065,0.0065,0.0289,0.0396
569,1762837434.597783,0.09207754992686404,-0.15687756440013506,0.2320983718946223,-0.04718761128422503,0.2868362533849922,0.1526151768612891,0.08681547553563608,-0.029997793035127174,0.0,0.0,0.0,1.0,0.0,0.0,0.0,0.0,0.0,0.0,0.0,0.0,0.0,0.484,-0.094,1.11,0.997,-0.013,-0.066,0.037,0.244,1.032,-0.019,0.222,-0.158,0.014,0.4975069225265637,-0.024870644764089164,1.1071585161197983,0.9967040785373535,-0.006109237087344543,-0.07038551514623063,0.03863571113740652,0.16064752285804973,1.0403610509194645,-0.06832151236409074,0.19284019406037306,-0.1285349486296099,0.05327826594648667,0.32496097522784556,0.9457274261535231,1.0,1.0,0.0,0.0,0.0,43.027352034740105,0.4584428642993875,0.08427294948739102,100.00213855656372,110.00009967101516,0.498001086407002,51.429920116967686,0.423200593871926,0.0065,0.0059,0.0298,0.0397
570,1762837434.6812754,0.03240561087485922,-0.11668473908503607,0.23070118572939585,-0.019790047648428337,-0.29835969526002404,0.20096412657549487,-0.006985930826132056,0.13698781817898342,0.0,0.0,0.0,1.0,0.0,0.0,0.0,0.0,0.0,0.0,0.0,0.0,0.0,0.488,-0.075,1.109,0.997,-0.01,-0.068,0.037,0.126,0.644,-0.02,0.235,-0.123,0.042,0.49330803789135,-0.03185697039250245,1.1080446879424588,0.9967815628779017,-0.0018729818016093754,-0.07051493965821404,0.039405771923346454,0.032337261540229784,0.648439121973194,-0.006050827978833827,0.25331415706435184,-0.05244242113584067,0.06476718759620215,0.28493869196456956,0.9585457432076573,1.0,1.0,0.0,0.0,0.0,43.02669865535214,0.4584864849303316,0.08291223395277363,100.00176152241801,110.00009680749663,0.49805783454378594,51.40941137270669,0.4230302726101601,0.0063,0.0059,0.029,0.0393
571,1762837434.769542,0.044120959723908365,-0.12327307542075022,0.22877348877316306,-0.008358006462497547,0.05857674424524573,-0.032941681678570645,-0.009638484781164115,0.05716020592965394,0.0,0.0,0.0,1.0,0.0,0.0,0.0,0.0,0.0,0.0,0.0,0.0,0.0,0.491,-0.055,1.109,0.997,-0.006,-0.069,0.038,0.12,0.809,-0.018,0.334,-0.069,0.051,0.4959487203500444,-0.0010615915969474313,1.107849031974539,0.996913591508984,0.002406841364575379,-0.06930340972784024,0.040066357197849206,0.028454431591982847,0.8072188323130965,-0.01676556142511983,0.18561573509081616,0.022313222944522537,0.037129252677346306,0.24441318064018164,0.9696711799003567,1.0,1.0,0.0,0.0,0.0,43.0257041684818,0.4585278729656755,0.08317051405467801,100.00188954818596,110.00010092415322,0.4979757548229965,51.39048500489399,0.42315489052877114,0.0065,0.006,0.0341,0.0389
572,1762837434.8699753,-0.015864624026001625,-0.10480211039153585,0.2276843025871627,0.012439321366029347,-0.29992791874954994,0.09235482514607184,-0.005445930930001739,0.10398663914263448,0.0,0.0,0.0,1.0,0.0,0.0,0.0,0.0,0.0,0.0,0.0,0.0,0.0,0.494,-0.036,1.108,0.997,-0.002,-0.069,0.039,0.039,0.376,-0.006,0.135,0.003,0.018,0.493602222426477,-0.011026899132660672,1.1074539500953806,0.9970274108126763,0.0021957984564424456,-0.0681153301674802,0.03983594964564737,-0.050697514381768866,0.37227366761989084,-0.010640808573970371,0.1215601171426583,0.03451632428038136,0.014130797489006423,0.20345601305263464,0.9790840876823227,1.0,1.0,0.0,0.0,0.0,43.02533744230256,0.45858193804152547,0.08253549296573141,100.0014138345044,110.00010170078933,0.4979597957322252,51.3654078559085,0.4217206683823934,0.0064,0.006,0.0528,0.0325
573,1762837434.8862197,0.04413537479620007,-0.12635598972258696,0.23590449918150314,-0.021090011931352556,0.2999999941110084,-0.10776939665525559,0.0411009829717019,-0.16764666648690948,0.0,0.0,0.0,1.0,0.0,0.0,0.0,0.0,0.0,0.0,0.0,0.0,0.0,0.496,0.002,1.108,0.997,0.003,-0.068,0.04,0.019,1.099,-0.014,0.202,0.124,-0.003,0.49438462420435003,0.07494872609796448,1.1068467765841707,0.9972494279846593,0.006815360602409139,-0.06398883805361895,0.039941522378592074,-0.0665257471421737,1.0885997095267486,-0.020627643341466616,0.0483114474304447,0.10902858057553795,-0.017363858138221774,0.16213952334472542,0.986767842488569,1.0,1.0,0.0,0.0,0.0,43.02580404045202,0.4586254816775957,0.0839227502121869,100.0017308213009,110.00010193335123,0.49795541671854365,51.3494998573258,0.42532996176854115,0.001,0.0013,0.0065,0.0066
574,1762837434.981263,0.03080416426326482,-0.11589233012699691,0.22452044905805088,-0.01344175715191144,-0.06665605266467617,0.052318297977950234,-0.05692025061726134,0.03824127389720559,0.0,0.0,0.0,1.0,0.0,0.0,0.0,0.0,0.0,0.0,0.0,0.0,0.0,0.496,0.021,1.108,0.997,0.005,-0.067,0.04,-0.017,0.657,-0.002,0.098,0.064,0.007,0.4918850734124758,0.06440717726317152,1.1085046374414136,0.9970794898068172,0.008131638981551064,-0.06497757011729861,0.040832391042627744,-0.10614087683211494,0.6444618197407891,0.018383399784675084,0.10121931174237812,0.04881439394942649,0.029025892368564118,0.12053668025532369,0.9927088740980539,1.0,1.0,0.0,0.0,0.0,43.023315737551734,0.45865372567588614,0.08281354578820567,100.00152742588651,110.00010166597716,0.49796056428344454,51.328797578358845,0.42576377446574754,0.0017,0.0042,0.0154,0.0244
575,1762837435.0719116,0.05023399084522159,-0.11528570369791154,0.22851722696476223,-0.006142563204902171,0.09714913290978389,0.0030331321454269144,0.01998388953355671,0.036495969735046346,0.0,0.0,0.0,1.0,0.0,0.0,0.0,0.0,0.0,0.0,0.0,0.0,0.0,0.495,0.036,1.108,0.997,0.006,-0.066,0.04,-0.043,0.716,0.004,0.117,0.049,0.016,0.4893631270726786,0.08331824236696247,1.1076290560556397,0.9970714320911679,0.009003688549789848,-0.06405936422399051,0.04080370281915532,-0.1254421760246798,0.7029371520249305,-0.016778323528963655,0.07319419869865591,0.058899541798356575,0.018220870010910155,0.07872095824983183,0.9968966900999462,1.0,1.0,0.0,0.0,0.0,43.023753834298354,0.45869946742220535,0.08133937389695461,100.0014465249609,110.00010170050469,0.49795978581364525,51.309587321907664,0.4269271575362752,0.0061,0.0054,0.0257,0.0312
576,1762837435.091189,0.06451364394153374,-0.11520532148238588,0.22722614037140512,-0.0015462696035391547,0.07139826548156068,0.00040191107762824196,-0.006455432966785482,0.02298146800681508,0.0,0.0,0.0,1.0,0.0,0.0,0.0,0.0,0.0,0.0,0.0,0.0,0.0,0.495,0.047,1.108,0.997,0.007,-0.066,0.04,-0.062,0.738,-0.0,0.116,0.05,0.017,0.4880282859357691,0.09572760371463547,1.1079017551153725,0.9970694981525609,0.010420184825839967,-0.06402901893317492,0.04072034238837405,-0.14678648035104705,0.7230594327800622,-0.0022635239441024507,0.09824597206523707,0.05791883251898944,0.011646360462953104,0.03676620775749104,0.9993238944241917,1.0,1.0,0.0,0.0,0.0,43.022919596314,0.45873673755249766,0.07949671609593999,100.00140449066518,110.00010148021487,0.4979641238777905,51.29005042751612,0.42824099538810545,0.0011,0.0013,0.0073,0.0086
577,1762837435.169305,0.10038041312807662,-0.10848751859824068,0.22748929911695662,-0.0013899215583652476,0.17933384593271445,0.03358901442072601,0.001315793727757324,0.0007817402258695353,0.0,0.0,0.0,1.0,0.0,0.0,0.0,0.0,0.0,0.0,0.0,0.0,0.0,0.491,0.076,1.108,0.997,0.009,-0.065,0.041,-0.13,0.873,-0.003,0.239,0.073,0.012,0.4795778944864259,0.1335960380530597,1.107532169923659,0.9970570647159747,0.015300333201625306,-0.06244412999983689,0.041715214165765596,-0.21202498156957061,0.8534804036233059,-0.01116175447158623,0.15620623857033958,0.0646215736675891,0.005194650674527735,-0.005253475255305729,0.9999862004036565,1.0,1.0,0.0,0.0,0.0,43.02260180278098,0.4587704278834311,0.07708155733832917,100.00146058318374,110.00010022360829,0.49798923255080574,51.275833539398526,0.43000449475759484,0.0062,0.0057,0.0144,0.0066
578,1762837435.22373,0.04699220124533024,-0.10865108589256678,0.22832842991122818,0.009216344283268578,-0.26694105941373186,-0.0008178364716305009,0.004195653971357734,0.05303132920816912,0.0,0.0,0.0,1.0,0.0,0.0,0.0,0.0,0.0,0.0,0.0,0.0,0.0,0.488,0.096,1.108,0.997,0.013,-0.064,0.041,-0.118,0.61,-0.003,0.251,0.063,0.005,0.4774212813973666,0.13587972411235896,1.1075732258997322,0.9970120961913542,0.02020121810433003,-0.0615005083023715,0.04161315706707708,-0.19876471990710873,0.5847967764028222,-0.009714238951156163,0.1954577570926138,0.06772362365981457,0.0022618394573114195,-0.047263880145327744,0.9988824383447774,1.0,1.0,0.0,0.0,0.0,43.021869008669,0.4588056103913659,0.07467642709124442,100.0013083244086,110.00010037841997,0.4979860044084578,51.257843256922364,0.42978497686104905,0.0017,0.0019,0.0103,0.0076
579,1762837435.333064,0.00756655546643685,-0.1120326268426968,0.22509228984917867,0.018282570820035614,-0.197128228894467,-0.016907704750650066,-0.016180700310247438,0.045331132683835186,0.0,0.0,0.0,1.0,0.0,0.0,0.0,0.0,0.0,0.0,0.0,0.0,0.0,0.482,0.119,1.108,0.997,0.017,-0.062,0.042,-0.11,0.441,-0.002,0.128,0.037,-0.003,0.47202324122775247,0.14749658158101925,1.1077287363747723,0.9970518593485242,0.019868409781022542,-0.06035025804380245,0.0419144034249204,-0.1889558619426932,0.4132606454892694,-0.005967820179259791,0.051287811125308856,0.051050010735016076,-0.01388984781498984,-0.08919081265537271,0.9960145575933488,1.0,1.0,0.0,0.0,0.0,43.02084455206278,0.45884172839907306,0.07437175837022345,100.00108139223464,110.00010203657946,0.4979527107753176,51.23460532932411,0.42905872564953024,0.007,0.0062,0.0298,0.021
580,1762837435.3522422,0.059236213131117064,-0.10254586218785075,0.22921809028769297,0.013605565439692078,0.25834828832340107,0.04743382327423035,0.020629002192571466,-0.02338502690171769,0.0,0.0,0.0,1.0,0.0,0.0,0.0,0.0,0.0,0.0,0.0,0.0,0.0,0.479,0.131,1.107,0.997,0.019,-0.062,0.042,-0.185,0.664,-0.004,0.14,0.057,-0.012,0.4640756986034645,0.1742983395088215,1.1062483176883473,0.9970989926503607,0.021112487709956364,-0.060034524890577666,0.041504402119821225,-0.26223271602400094,0.6344486315290755,-0.018957330044963534,0.004910782929870322,0.05364708360693586,-0.026497357231248932,-0.1309602259481715,0.9913876230917975,1.0,1.0,0.0,0.0,0.0,43.021137956137,0.458883840638853,0.07604551387529564,100.00099055134835,110.0001019290048,0.4979547841584153,51.211796570252176,0.4307863743948929,0.0012,0.0013,0.0074,0.0065
581,1762837435.4396257,0.07541510566842788,-0.09501175969999795,0.22733770930588199,0.011456772649166402,0.08089446268655408,0.03767051243926395,-0.009401904909054832,-0.01074396395262838,0.0,0.0,0.0,1.0,0.0,0.0,0.0,0.0,0.0,0.0,0.0,0.0,0.0,0.471,0.159,1.107,0.997,0.021,-0.061,0.041,-0.228,0.656,-0.004,0.09,0.058,-0.017,0.45319986187741146,0.2016686481710671,1.1067148162097198,0.9970979588689048,0.02340473887426825,-0.058796475468809575,0.04053360673973358,-0.30558793407006174,0.6234718038994421,-0.0038732949850535364,0.06527881470009418,0.06590445881475092,-0.021593951189620413,-0.1724983513799498,0.985009806434027,1.0,1.0,0.0,0.0,0.0,43.02076092880037,0.45891696517833963,0.07442657422359823,100.00091730036822,110.00010111288718,0.4979710185996187,51.194340710580406,0.43197861369528323,0.0059,0.0053,0.0165,0.0094
582,1762837435.4887776,0.08972400551227626,-0.08947044527118889,0.22783757757015335,0.010732194155083034,0.07154449921924191,0.0277065721440454,0.0024993413213568547,-0.00362289247041684,0.0,0.0,0.0,1.0,0.0,0.0,0.0,0.0,0.0,0.0,0.0,0.0,0.0,0.464,0.177,1.107,0.997,0.022,-0.06,0.041,-0.268,0.676,-0.004,0.124,0.077,-0.017,0.44361668315329494,0.22095734286993263,1.1064788961861933,0.9970990433963122,0.025329772708455867,-0.05722906421003288,0.04063039987489059,-0.3428465204075497,0.642009003403694,-0.011856880358601015,0.08597126026370908,0.07895821895375899,-0.020325065269750003,-0.2137318287826691,0.9768923714336272,1.0,1.0,0.0,0.0,0.0,43.02073027591767,0.4589509498112412,0.07253337071209039,100.00086339733264,110.0001000416322,0.4979923635597537,51.17787405489035,0.43310322444267185,0.0016,0.0019,0.0065,0.0098
583,1762837435.5867682,0.05519077616710634,-0.10048289497685807,0.2280414713075327,0.016400799255490053,-0.17266614672584957,-0.05506224852834593,0.0010194686868968943,0.028343025502035105,0.0,0.0,0.0,1.0,0.0,0.0,0.0,0.0,0.0,0.0,0.0,0.0,0.0,0.457,0.194,1.107,0.997,0.024,-0.058,0.041,-0.221,0.499,-0.003,0.118,0.068,-0.012,0.4398289942587568,0.22607023750296268,1.1066218577934646,0.9970707982610518,0.027411105726807442,-0.055394806099294654,0.04074206989284747,-0.2935621616714289,0.4623679106293348,-0.008215635468048961,0.09440422274191532,0.07660915011139666,-0.01815964222426278,-0.25458783602486273,0.9670496542309385,1.0,1.0,0.0,0.0,0.0,43.020295873873536,0.45898687170814545,0.07119355241847349,100.00071142486074,110.00010031528915,0.497986789766987,51.15744991702228,0.4330977404949633,0.0018,0.0019,0.0404,0.0071
584,1762837435.6307163,-0.0036193224732971735,-0.12420917066502005,0.2264419303154258,0.027188935441956795,-0.2940504932020176,-0.1186313784408099,-0.007997704960534438,0.05394068093233371,0.0,0.0,0.0,1.0,0.0,0.0,0.0,0.0,0.0,0.0,0.0,0.0,0.0,0.448,0.212,1.107,0.997,0.026,-0.057,0.041,-0.1,0.201,-0.001,0.039,0.025,-0.006,0.43891880757398544,0.2241545070350441,1.1067691219888003,0.997068607444311,0.026710725912955115,-0.05577149441538782,0.04056285019983051,-0.17220384289945487,0.1634887806071604,-0.005851615870504688,0.005811315212189605,0.04120967762053475,-0.022251687836193523,-0.29499421762224926,0.9554990379741034,1.0,1.0,0.0,0.0,0.0,43.01931136186289,0.4590253730160474,0.07060595395098826,100.0003609333495,110.00010218266256,0.49794927378422743,51.13128771062016,0.4316695139253889,0.0017,0.0019,0.0147,0.0101
585,1762837435.6948986,0.054743639350706655,-0.09044029628605574,0.22980984995040146,0.017083836479401822,0.2918148091200191,0.16884437189482154,0.01683959817487822,-0.05052549481277486,0.0,0.0,0.0,1.0,0.0,0.0,0.0,0.0,0.0,0.0,0.0,0.0,0.0,0.44,0.228,1.107,0.997,0.027,-0.056,0.041,-0.275,0.505,-0.004,-0.004,0.023,-0.029,0.41930681887453997,0.26041938237505863,1.1064058345588483,0.9971214374570333,0.025299156378147596,-0.055563642993777085,0.039709197533004316,-0.3456962688673174,0.46792300345077026,-0.01400038353700164,-0.09197667393671001,0.0052921196317467206,-0.042128877901304075,-0.33487961217098594,0.9422609221188206,1.0,1.0,0.0,0.0,0.0,43.01938334278146,0.4590637272482136,0.0714868458020734,100.00024953870681,110.00010134144247,0.49796597661731284,51.10910004235671,0.43295661170230604,0.002,0.0018,0.0123,0.0098
586,1762837435.7553673,0.1146953693101007,-0.04059254218710093,0.22299693103303528,-0.005045871639251381,0.29975864979697026,0.24923877049477408,-0.03406459458683091,-0.11064854059326602,0.0,0.0,0.0,1.0,0.0,0.0,0.0,0.0,0.0,0.0,0.0,0.0,0.0,0.43,0.245,1.107,0.997,0.027,-0.056,0.04,-0.532,0.883,-0.003,-0.006,0.076,-0.045,0.3921602130735608,0.302589041844371,1.1068422297172296,0.9971944156984097,0.026942812491471842,-0.053398626459540695,0.03872932015242339,-0.6026776121218844,0.8446563143603305,-0.0011471577282989131,0.008735403811544928,0.07975124566004305,-0.0361808877776707,-0.374173578378502,0.9273586864010209,1.0,1.0,0.0,0.0,0.0,43.01965887006734,0.4590907015488273,0.07,100.00051790972178,110.00009875203372,0.4980178263530522,51.09859441122849,0.4356487402483322,0.0012,0.0012,0.0072,0.0101
587,1762837435.828215,0.17055236124877202,-0.040671002610535675,0.22817858713815614,-0.007827291622409159,0.27928495969335654,-0.0003923021171737262,0.025908280525604246,-0.013907099915788871,0.0,0.0,0.0,1.0,0.0,0.0,0.0,0.0,0.0,0.0,0.0,0.0,0.0,0.42,0.26,1.107,0.997,0.027,-0.055,0.04,-0.544,0.833,-0.011,0.147,0.201,-0.012,0.3815455513454374,0.31423698749691176,1.1055777485276135,0.9972027876370527,0.03141897340333412,-0.04842462216562903,0.04021896894036158,-0.6080709709033792,0.7932620805552162,-0.03254583223529332,0.13880118860332777,0.18651866569922143,-0.0007091240675470543,-0.4128067194693312,0.9108186495460932,1.0,1.0,0.0,0.0,0.0,43.020867182567336,0.4591225054894489,0.07,100.00065140239613,110.00009586433639,0.49807555474644777,51.089762548255884,0.43714618102985764,0.0017,0.0019,0.0127,0.0096
588,1762837435.8872685,0.13211929029021433,-0.06126012961447479,0.22766740784373452,0.0011942272668871191,-0.19216535479278846,-0.10294563501969556,-0.002555896472108088,0.04510759444648138,0.0,0.0,0.0,1.0,0.0,0.0,0.0,0.0,0.0,0.0,0.0,0.0,0.0,0.409,0.276,1.106,0.997,0.03,-0.052,0.04,-0.457,0.642,-0.011,0.313,0.229,0.003,0.37643262689747087,0.31726795479602027,1.1051925540189216,0.9969981842277705,0.0390045826194907,-0.04496335213315017,0.04080311240179758,-0.5184483682197755,0.5940058308788588,-0.012385775048350966,0.25488276396910836,0.17596524351329845,0.004246401878178263,-0.45071080574622985,0.8926700227875832,1.0,1.0,0.0,0.0,0.0,43.020896494535954,0.4591560273981749,0.07,100.00062963837381,110.00009428679454,0.4981070280998308,51.07818409811218,0.4360778821693849,0.0017,0.0021,0.0071,0.0074
589,1762837435.9539404,0.1465938016654814,-0.047332032393191774,0.22722036448823368,0.003047602445253627,0.07237255687633529,0.06964048610641507,-0.0022352167775041842,0.009266875891832537,0.0,0.0,0.0,1.0,0.0,0.0,0.0,0.0,0.0,0.0,0.0,0.0,0.0,0.398,0.291,1.106,0.997,0.034,-0.049,0.041,-0.556,0.722,-0.013,0.392,0.242,0.001,0.3589818837460072,0.3374211731947516,1.1049524786851526,0.9969222070291864,0.043248416881119196,-0.04238089324838799,0.041576923028158526,-0.6129397789821579,0.6685625080472652,-0.018508250200671844,0.20075496945675755,0.14217364393180273,-0.006384165395499025,-0.48781889509012594,0.8729448582774566,1.0,1.0,0.0,0.0,0.0,43.02112428564112,0.45919752939813246,0.07239169019596485,100.0007488427669,110.00009431945024,0.49810644966907014,51.06208999123107,0.43373083337652407,0.0017,0.0018,0.0068,0.008
590,1762837436.0642004,0.09271043604616487,-0.08011510886457715,0.22758708635161545,0.014240358509006418,-0.26941682809658263,-0.16391538235692693,0.0018336093169087795,0.05596378031876396,0.0,0.0,0.0,1.0,0.0,0.0,0.0,0.0,0.0,0.0,0.0,0.0,0.0,0.386,0.307,1.106,0.997,0.038,-0.046,0.041,-0.379,0.454,-0.009,0.232,0.137,-0.002,0.3588813945365707,0.33544385656789166,1.1051732760558022,0.9969309823085563,0.04430999948480908,-0.04140057729435898,0.041248706242369204,-0.4334913393489613,0.3979467669059157,-0.015867085257097836,0.1656262266989402,0.1235845761008999,-0.009871813197747615,-0.5240654511860952,0.8516779924790323,1.0,1.0,0.0,0.0,0.0,43.021146253015786,0.45924002652500207,0.0721244846877407,100.00060107633583,110.00009477725779,0.4980972152102709,51.04180859115853,0.43253311887192725,0.0017,0.0062,0.0288,0.0251
591,1762837436.135011,0.10123595767653748,-0.06871025274582007,0.227034288237069,0.015117962478180393,0.04262760815186309,0.05702428059378534,-0.002763990572732312,0.004388019845869871,0.0,0.0,0.0,1.0,0.0,0.0,0.0,0.0,0.0,0.0,0.0,0.0,0.0,0.374,0.32,1.106,0.997,0.041,-0.044,0.041,-0.447,0.497,-0.011,0.201,0.114,-0.012,0.34241724964646814,0.351204436902345,1.1050822824159572,0.9969651558452032,0.04508245342701841,-0.04098455196835032,0.04069566098297226,-0.49977572783751967,0.4381908543035613,-0.016472370083246906,0.0634772089485647,0.05862509714816196,-0.02307116972844876,-0.5593864592665322,0.8289069846425787,1.0,1.0,0.0,0.0,0.0,43.02118830542799,0.4592857804585293,0.07578046673945178,100.00053492055417,110.00009584864803,0.49807578500573063,51.018245025260434,0.4323485069236001,0.0018,0.004,0.0256,0.0348
592,1762837436.2077992,0.10800203904760802,-0.0687366664352862,0.22914297912083667,0.015298114197830786,0.03383040685535278,-0.0001320684473306022,0.01054345441883851,0.000900758598251953,0.0,0.0,0.0,1.0,0.0,0.0,0.0,0.0,0.0,0.0,0.0,0.0,0.0,0.374,0.32,1.106,0.997,0.041,-0.044,0.041,-0.447,0.497,-0.011,0.201,0.114,-0.012,0.3424254474966793,0.35120736595796503,1.105020768007012,0.9969622777467932,0.04551615413934873,-0.04055310929585755,0.040714880314084836,-0.49941672424232375,0.4381946374777661,-0.018454529535524334,0.09192605931159754,0.0838966257537877,-0.023616108658961396,-0.5937195391671678,0.8046720504721945,1.0,1.0,0.0,0.0,0.0,43.02114745586056,0.45933147366948357,0.07719094028542055,100.0004187309515,110.0000960052183,0.49807259334755993,50.996539649025955,0.4332167036975908,0.0057,0.0052,0.0253,0.035
593,1762837436.2806075,0.10858847064739935,-0.0578456594335137,0.22768490250618872,0.01450444433349938,0.0029321579989567276,0.05445503500886251,-0.007290383073239783,-0.003968349321657048,0.0,0.0,0.0,1.0,0.0,0.0,0.0,0.0,0.0,0.0,0.0,0.0,0.0,0.345,0.35,1.105,0.997,0.045,-0.041,0.041,-0.48,0.45,-0.012,0.112,0.074,-0.018,0.3113256587910931,0.37791674599828384,1.104177962180623,0.9969946775150921,0.04759880797586157,-0.03866344904320081,0.040463529782423055,-0.5297192135316275,0.386880307557969,-0.012342110189003146,0.055518985806823226,0.058678487654378164,-0.02552288032625964,-0.6270040554961859,0.7790159911011686,1.0,1.0,0.0,0.0,0.0,43.02065354658948,0.4593677444018798,0.07700566444954708,100.00031314925116,110.0000958283191,0.4980760609878851,50.97835834535678,0.4341717935502314,0.0057,0.0052,0.0245,0.0349
594,1762837436.3626006,0.1353812282850227,-0.021058105906094214,0.22829791425960988,0.00920987858950681,0.13396378818811672,0.1839377676370974,0.003065058767105968,-0.026472828719962857,0.0,0.0,0.0,1.0,0.0,0.0,0.0,0.0,0.0,0.0,0.0,0.0,0.0,0.324,0.369,1.104,0.997,0.047,-0.04,0.041,-0.633,0.524,-0.013,0.122,0.099,-0.025,0.2801976369481087,0.4017800248465246,1.1029337538153052,0.9970169157628963,0.04968238853987793,-0.036883419080869846,0.04034618065814762,-0.6803466760428057,0.45882209148666214,-0.01919524051793562,0.053292692130122464,0.08085261210967003,-0.028743501072231874,-0.6591812247219371,0.751984117501219,1.0,1.0,0.0,0.0,0.0,43.02064899441531,0.4594012708532056,0.07622918054996149,100.00034193894048,110.00009527202012,0.49808717609009395,50.96475968625807,0.43646545053496444,0.0058,0.0056,0.0282,0.0399
595,1762837436.4474707,0.10971570099348812,-0.04607923855861404,0.22915504625377567,0.014285961386366458,-0.12832763645767292,-0.1251056632625991,0.004285659970829024,0.02538041398429823,0.0,0.0,0.0,1.0,0.0,0.0,0.0,0.0,0.0,0.0,0.0,0.0,0.0,0.308,0.381,1.104,0.997,0.049,-0.038,0.04,-0.501,0.381,-0.01,0.101,0.118,-0.013,0.27309397838622285,0.4041610882117704,1.1032094100962417,0.9970286778161124,0.05173351700170384,-0.03368831533566885,0.0397067263586239,-0.5452328644380776,0.31323626261650844,-0.013598749286006568,0.07685764950254066,0.13150191914604764,-0.02186731982336068,-0.6901942189900859,0.7236241704591309,1.0,1.0,0.0,0.0,0.0,43.020347016755466,0.45943699562861695,0.07503560245524389,100.00020555411035,110.0000949350242,0.49809382667736013,50.9477053453256,0.4370529382607645,0.0064,0.0065,0.0294,0.0398
596,1762837436.534189,0.16776680451260712,0.013920448256627187,0.22740251519289817,0.0003040568922482844,0.29025551759559487,0.2999984340762061,-0.008762655304387443,-0.06990952247059087,0.0,0.0,0.0,1.0,0.0,0.0,0.0,0.0,0.0,0.0,0.0,0.0,0.0,0.293,0.391,1.104,0.997,0.05,-0.036,0.04,-0.868,0.607,-0.014,0.188,0.248,-0.025,0.2337553469586162,0.4291557978976332,1.1030317716403237,0.9970327378234056,0.053738962229459016,-0.029678491714984375,0.039538591151342006,-0.9078633636010446,0.5368174114149864,-0.014905903368914505,0.06399887789960608,0.1312770413247702,-0.028930288484990983,-0.7199882664868533,0.6939862362621149,1.0,1.0,0.0,0.0,0.0,43.01982298197076,0.45946581864253955,0.07460233583549267,100.00039768116504,110.00009409826247,0.49811063759563307,50.937536024106834,0.4406878213876274,0.0068,0.0063,0.0302,0.0403
597,1762837436.6186678,0.10780933225489678,-0.045550108665610135,0.23080088858602665,0.014572600752039401,-0.29978736128855166,-0.2973527846111866,0.016991866965642446,0.07134271929895558,0.0,0.0,0.0,1.0,0.0,0.0,0.0,0.0,0.0,0.0,0.0,0.0,0.0,0.268,0.408,1.103,0.997,0.052,-0.033,0.04,-0.436,0.264,-0.005,0.107,0.148,-0.008,0.23767377268227924,0.42324496086492874,1.1024301119217776,0.9969820884796693,0.055452950653780676,-0.02741608732790936,0.040025798172339686,-0.4725411225504572,0.19266233635281438,-0.012346196632786608,0.11559578039177626,0.17612975280505702,-0.013019757414375825,-0.7485107481711006,0.6631226582407956,1.0,1.0,0.0,0.0,0.0,43.0197444866948,0.4595040061276307,0.07390570702164756,100.00015433031884,110.0000941262565,0.4981099393836016,50.917413343987754,0.4402700983624224,0.0065,0.0062,0.0288,0.0401
598,1762837436.7032259,0.08117720117638819,-0.07286555505734305,0.22376765555361516,0.02305977086986313,-0.13316065539254304,-0.1365772319586645,-0.03516616516205759,0.04243585058911864,0.0,0.0,0.0,1.0,0.0,0.0,0.0,0.0,0.0,0.0,0.0,0.0,0.0,0.249,0.419,1.103,0.997,0.055,-0.029,0.041,-0.405,0.219,-0.004,0.132,0.174,-0.006,0.22089672513320568,0.4310827019171026,1.1028649543600137,0.9969992529672752,0.057178097330346275,-0.02479548091488684,0.04080466167667754,-0.4371416390980994,0.14291913672329626,0.0004537569970804653,0.018426067773392674,0.077457187023951,-0.02110427060920638,-0.7757112907044195,0.6310879443260532,1.0,1.0,0.0,0.0,0.0,43.01852479895628,0.4595391053031792,0.07586054640633771,99.99985079449618,110.00009422223371,0.4981078683451586,50.89520564198164,0.43958203753614095,0.0065,0.0062,0.0286,0.0401
599,1762837436.7881584,0.12015387628975256,-0.012865691319932954,0.22936818349801188,0.011206405560819872,0.19488337556682192,0.29999931868705043,0.02800263972198357,-0.05926682654521628,0.0,0.0,0.0,1.0,0.0,0.0,0.0,0.0,0.0,0.0,0.0,0.0,0.0,0.237,0.425,1.103,0.997,0.057,-0.027,0.041,-0.725,0.364,-0.001,0.139,0.188,-0.018,0.18768929648746407,0.4467607518281461,1.1022869962139803,0.9970195787232006,0.05876333750546161,-0.023099159620402942,0.04043889405063055,-0.7533331465627224,0.2885098434780688,-0.021408554729111684,-0.006137881831197029,0.05439300337925139,-0.029927482744695963,-0.8015418554151018,0.5979386707829794,1.0,1.0,0.0,0.0,0.0,43.02024959753939,0.4595838391666296,0.07955635352037958,99.99985211978037,110.00009383457213,0.4981155944586878,50.875236260100735,0.44319388044643954,0.0065,0.0063,0.0285,0.0406
600,1762837436.872899,0.09182492616474182,-0.051325383030688586,0.2282339104322509,0.017470319932114276,-0.14164475062505366,-0.19229845855377808,-0.005671365328805004,0.031319571856472044,0.0,0.0,0.0,1.0,0.0,0.0,0.0,0.0,0.0,0.0,0.0,0.0,0.0,0.211,0.437,1.103,0.997,0.058,-0.025,0.04,-0.437,0.187,-0.004,0.008,0.048,-0.013,0.18090083407055202,0.44688072770044973,1.1027505638746966,0.9970724946406503,0.05800933472632131,-0.022747743056503206,0.03952139082217474,-0.46552520165841976,0.10930301689899988,-0.0025855236424398736,0.00186100709370536,0.08439567640717564,-0.02178774592018337,-0.8259568231388735,0.5637333822919658,1.0,1.0,0.0,0.0,0.0,43.01987046583454,0.45961856223025993,0.07897637593942139,99.99959184679501,110.00009340544256,0.49812402398196504,50.85495584700053,0.44313927741242826,0.0065,0.0059,0.0288,0.0406
601,1762837436.9582605,0.1107125810613217,-0.012367860946986088,0.2274108091712427,0.014056761199314392,0.09443827448289932,0.19478761041851247,-0.004115506305040897,-0.017067793663999423,0.0,0.0,0.0,1.0,0.0,0.0,0.0,0.0,0.0,0.0,0.0,0.0,0.0,0.194,0.444,1.103,0.997,0.058,-0.024,0.04,-0.614,0.234,-0.004,0.001,0.084,-0.021,0.1521568465969774,0.45704590052007654,1.1025767484949387,0.9971254559812347,0.05708548768818558,-0.02211174003631169,0.039272046656318865,-0.640878357050767,0.1575861147498063,-0.00881326336502707,-0.04766849655175649,0.03143771098016512,-0.027130864073988143,-0.8489130747865536,0.5285324885533899,1.0,1.0,0.0,0.0,0.0,43.01977738460868,0.45965056924201264,0.07825729913896207,99.99951489448335,110.00009287157586,0.4981346371413762,50.83822300043295,0.4447214665550561,0.0067,0.0061,0.0294,0.0404
602,1762837437.0433798,0.1425076655248916,0.047619730683718234,0.22580144500222693,0.0019819178432219954,0.15897542231784945,0.2999379581535216,-0.008046820845078859,-0.06037421678046198,0.0,0.0,0.0,1.0,0.0,0.0,0.0,0.0,0.0,0.0,0.0,0.0,0.0,0.176,0.45,1.103,0.997,0.058,-0.023,0.04,-0.9,0.299,-0.006,-0.018,0.116,-0.025,0.1151559378054878,0.46739465966585,1.1023746218183264,0.9971559188830103,0.05712962473321782,-0.019419559913646408,0.03925818045530146,-0.924532815866573,0.22305525585506486,-0.012803538337635373,-0.023686770753390672,0.10169736483295046,-0.030062587195310336,-0.8703700674963547,0.49239815759849354,1.0,1.0,0.0,0.0,0.0,43.02023026304475,0.45967745410049715,0.0760728728284225,99.99972936812347,110.00009247625638,0.4981426271571293,50.82770346681202,0.4475158932043449,0.0065,0.0062,0.0297,0.0399
603,1762837437.1289883,0.10277652610217265,-0.01237117323287705,0.23300597316599117,0.01821119572681054,-0.19865569711359482,-0.29995451958297636,0.036022640818821186,0.08114638941794271,0.0,0.0,0.0,1.0,0.0,0.0,0.0,0.0,0.0,0.0,0.0,0.0,0.0,0.159,0.456,1.103,0.997,0.057,-0.021,0.04,-0.419,0.122,-0.004,0.017,0.119,-0.009,0.13032746115271904,0.4616410334733751,1.1023535186218354,0.9970641643542137,0.05760738728624683,-0.01604166360094145,0.03982740143366835,-0.4401301470519631,0.04716503692628642,-0.0155671661990736,0.031419742280087926,0.17064638786488776,-0.017124425706942968,-0.8902899062363132,0.4553942059949123,1.0,1.0,0.0,0.0,0.0,43.020407285669584,0.4597167129830942,0.07616148631188037,99.99943773605752,110.00009214825329,0.49814902442629755,50.80424481055505,0.4475052290765393,0.0066,0.006,0.0297,0.0402
604,1762837437.2145722,0.08972941494604872,-0.0629087829939276,0.2234737494192685,0.026597643428272717,-0.06523555578061965,-0.25268804880525275,-0.047661118733613304,0.04193223850731089,0.0,0.0,0.0,1.0,0.0,0.0,0.0,0.0,0.0,0.0,0.0,0.0,0.0,0.13,0.463,1.102,0.997,0.059,-0.016,0.04,-0.352,0.078,-0.002,0.025,0.123,-0.008,0.10597936622434853,0.46554260412106785,1.1022514901807186,0.9970815992851441,0.05867935713751423,-0.012878973645094417,0.039563754778328096,-0.3679569071840678,-0.0017889107865178937,0.010644540873617662,-0.03241198102560938,0.06372616787802392,-0.026546059852761313,-0.9086374107304305,0.4175859861406977,1.0,1.0,0.0,0.0,0.0,43.01841520999278,0.45974631565713747,0.07603075482396866,99.99901429363777,110.00009064008147,0.49817893086590465,50.78239701689358,0.44687024700251116,0.0067,0.0061,0.0289,0.0409
605,1762837437.2992167,0.1108976281651178,-0.0029088485295958103,0.2293225413637383,0.011121971471424658,0.10584106609534535,0.2999996723216589,0.029243959722348997,-0.07737835978424029,0.0,0.0,0.0,1.0,0.0,0.0,0.0,0.0,0.0,0.0,0.0,0.0,0.0,0.103,0.468,1.102,0.997,0.059,-0.012,0.04,-0.703,0.113,0.001,-0.022,0.063,-0.029,0.055739903711543595,0.47302952815220495,1.101382726334597,0.9971337293531151,0.05753964341453245,-0.01149209387486945,0.03893361993252153,-0.7146431686768911,0.038346742789135135,-0.02087875258976959,-0.05980963890206862,-0.024783955046054296,-0.03503285697828152,-0.9253801775902822,0.37904027084595865,1.0,1.0,0.0,0.0,0.0,43.02023246801591,0.45977921237816577,0.07675673679264089,99.99903523770342,110.00009017997711,0.4981881160219984,50.766509286555554,0.448554074307901,0.0066,0.0064,0.0291,0.0397
606,1762837437.3206353,0.12050649296392472,0.04908070156518398,0.22553141729677015,0.004498690287617855,0.04804432399403455,0.25994775047389895,-0.018955620334840974,-0.03311640591903403,0.0,0.0,0.0,1.0,0.0,0.0,0.0,0.0,0.0,0.0,0.0,0.0,0.0,0.085,0.471,1.102,0.997,0.058,-0.012,0.039,-0.776,0.096,-0.002,-0.043,0.03,-0.035,0.03285571893087472,0.4748583509016676,1.1019025539760132,0.9971306710547924,0.05666179553248949,-0.010583585248040348,0.038024171296693415,-0.7880462482285241,0.01993828443962213,3.156716898138252e-05,-0.03332801133517756,0.05593190666368051,-0.02796243524567218,-0.9404886375423978,0.33982513540590886,1.0,1.0,0.0,0.0,0.0,43.02062999488477,0.45980464105367874,0.07571627094890115,99.99920352243693,110.00009070836695,0.4981776336157154,50.75312960687306,0.4500423185332672,0.004,0.0016,0.0067,0.0062
607,1762837437.353957,0.08785909670293753,-0.010919286281664956,0.23966227788911196,0.040636833220952365,-0.16323698130493605,-0.2999999392342447,0.0706543029617089,0.18069071466667255,0.0,0.0,0.0,1.0,0.0,0.0,0.0,0.0,0.0,0.0,0.0,0.0,0.0,0.078,0.471,1.102,0.997,0.058,-0.012,0.039,-0.026,0.003,-0.0,-0.001,0.002,-0.001,0.07586616765420595,0.4686945540465755,1.1015748603273134,0.9970457004101863,0.05772418608100044,-0.010060126097784935,0.038795767164195395,-0.03766455980301598,-0.07203928780066804,-0.013274009277635498,-0.008850380274356659,0.10236776138659408,-0.01541073464981196,-0.953936107650336,0.3000098373735879,1.0,1.0,0.0,0.0,0.0,43.0199505858365,0.45984675992489005,0.07705077265527899,99.99851098721662,110.00008902835604,0.4982108464339894,50.7206432906293,0.44864550738593595,0.0022,0.0015,0.0073,0.0071
608,1762837437.4216142,0.10312643237944226,-0.03844916317861796,0.22179022741132504,0.0396278516500414,0.07633667838252375,-0.137649384484765,-0.08936025238893457,-0.00504490785455481,0.0,0.0,0.0,1.0,0.0,0.0,0.0,0.0,0.0,0.0,0.0,0.0,0.0,0.057,0.473,1.102,0.998,0.058,-0.01,0.039,-0.361,0.022,0.005,-0.018,0.06,-0.019,0.032602896559637363,0.47179751956919774,1.1034220216245771,0.9981444379789813,0.05654680760041262,-0.00856265878981642,0.03776150957286772,-0.3706576221702418,-0.05801472067358486,0.039760420821445035,-0.06234923325668185,0.023244917530169888,-0.056089799460711,-0.965698838439207,0.2596646942446476,1.0,1.0,0.0,0.0,0.0,43.015804686922,0.45986891945366526,0.07668634685405588,99.99800716789058,110.00008196992917,0.4983514424631551,50.69965432340594,0.44859825872175557,0.0018,0.0015,0.0089,0.0071
609,1762837437.5027316,0.14066615193922835,0.021550835148091835,0.22822846496085286,-0.020372109203656896,0.18769859779893044,0.299999991633549,0.032191187747638864,-0.2999998042684915,0.0,0.0,0.0,1.0,0.0,0.0,0.0,0.0,0.0,0.0,0.0,0.0,0.0,0.022,0.474,1.104,0.998,0.056,-0.008,0.037,-1.451,-0.013,0.042,-0.113,0.041,-0.147,-0.0749740932415983,0.4708185560639009,1.1058483769903233,0.998302249976809,0.05309138618024153,-0.007495315145562885,0.033031531100644905,-1.458124499948939,-0.0814962634502149,0.010850997041225352,-0.06642322076828826,-0.012559162312559942,-0.09895222433813311,-0.975756055839449,0.21886095927013147,1.0,1.0,0.0,0.0,0.0,43.02357830898429,0.45987910033838814,0.07602385496223855,99.99965465130943,110.000098834234,0.4980155973381991,50.70136431020543,0.4530862909880727,0.0017,0.0068,0.0183,0.007
610,1762837437.5589502,0.12341737315098165,0.07561763175140279,0.22270308257796934,-0.026477219446852898,-0.08624389394123341,0.2703339830165548,-0.027626911914417768,-0.03052555121598005,0.0,0.0,0.0,1.0,0.0,0.0,0.0,0.0,0.0,0.0,0.0,0.0,0.0,0.012,0.474,1.104,0.998,0.056,-0.008,0.037,-0.784,-0.023,0.021,-0.013,0.058,-0.044,-0.040494021003362524,0.47001112978956505,1.105328994903969,0.9980290747447594,0.05605652748526756,-0.005551231920938139,0.03657721745375725,-0.7902946766517179,-0.09676652063348949,0.01990172143459706,0.02011969624532016,0.08747419767588357,0.007158689153143135,-0.9840899978757479,0.17767069561666732,1.0,1.0,0.0,0.0,0.0,43.02489630730472,0.4598982499838985,0.07629354792388829,99.99973093846116,110.00009948636162,0.4980025776319459,50.68432314562282,0.45421090315331947,0.0016,0.002,0.0099,0.0092
611,1762837437.6552775,0.12256078632444695,0.13560376774343294,0.22046248707881322,-0.03330269262217839,-0.004282934132673416,0.29993067996015077,-0.011202977495780777,-0.034127365876627465,0.0,0.0,0.0,1.0,0.0,0.0,0.0,0.0,0.0,0.0,0.0,0.0,0.0,-0.001,0.473,1.104,0.998,0.056,-0.007,0.037,-1.164,-0.06,0.027,0.051,0.222,-0.007,-0.07870611626690646,0.46660478985126136,1.1050779595334081,0.9979620902361209,0.05674848198249723,8.525130121774709e-05,0.037541597561688414,-1.1656468760237308,-0.1318769436896838,0.004568749565524236,0.01315543713627831,0.2055058553616194,0.012513546598634857,-0.9906859460363306,0.13616664909624734,1.0,1.0,0.0,0.0,0.0,43.029897119029634,0.4599067947929166,0.07420340427259614,100.00016951667862,110.00010078264775,0.4979768807049281,50.678217815474454,0.45607904219567813,0.008,0.0063,0.0289,0.0083
612,1762837437.747539,0.10898093034790363,0.07560537782003439,0.24061292265711795,0.0027194227643497285,-0.0678992798827166,-0.2999919496169927,0.10075217789152353,0.18011057693264054,0.0,0.0,0.0,1.0,0.0,0.0,0.0,0.0,0.0,0.0,0.0,0.0,0.0,-0.022,0.472,1.104,0.998,0.057,-0.003,0.037,-0.399,-0.036,0.002,0.032,0.221,0.017,-0.04852611679991449,0.4671974802291681,1.1032597407588096,0.9979342686775869,0.057245510641319025,0.005144368705021089,0.03814249174168425,-0.3950969537481395,-0.1080472630873121,-0.024439623190950714,0.004942891370234932,0.26347321684905983,0.022999689245284276,-0.9955322512672159,0.09442211969040332,1.0,1.0,0.0,0.0,0.0,43.03156553465518,0.4599344139821991,0.07366591694192057,99.9996275592741,110.0000970124643,0.4980518685692642,50.65378559233542,0.4556009781999171,0.0049,0.0066,0.037,0.0302
613,1762837437.8260698,0.10480497988460022,0.024738141740064543,0.21793970638419458,0.01599841275559625,-0.020879752316517064,-0.2543361803998491,-0.11336608136461689,0.0663949499562326,0.0,0.0,0.0,1.0,0.0,0.0,0.0,0.0,0.0,0.0,0.0,0.0,0.0,-0.062,0.467,1.105,0.998,0.057,0.009,0.039,-0.56,-0.096,0.017,0.012,0.265,0.004,-0.09869331675388138,0.4579836192232185,1.107369937849979,0.9979355808888095,0.05649550507652714,0.01581001840871103,0.039220371375494556,-0.5390773347530866,-0.1746976177434221,0.057052515625444306,-0.02176746926955118,0.15126853949763566,-0.013453397428592213,-0.9986203545455203,0.05251083209566571,1.0,1.0,0.0,0.0,0.0,43.03004563607902,0.45995877324135465,0.07441580817904182,99.99945890987976,110.0000968635698,0.49805478680695336,50.63550164416693,0.45433287634513864,0.0027,0.0064,0.0281,0.0404
614,1762837437.9118388,0.09397356951008727,0.06468254415368964,0.22492533073255483,0.01369933781899545,-0.054157051872564865,0.19972201206812548,0.034928121741801224,-0.011495374683003993,0.0,0.0,0.0,1.0,0.0,0.0,0.0,0.0,0.0,0.0,0.0,0.0,0.0,-0.086,0.462,1.106,0.998,0.057,0.014,0.039,-0.782,-0.175,0.051,-0.003,0.356,-0.007,-0.13734188617542817,0.44802822443079554,1.1080156763639766,0.9979232819837545,0.05607657077456983,0.021420428119591876,0.03896911680540892,-0.7567281632329217,-0.24351621289003852,0.006069339160431812,-0.03002225762587255,0.11773699281385536,-0.01873675349287995,-0.9999448019954837,0.010506805518936591,1.0,1.0,0.0,0.0,0.0,43.03880359395535,0.45998352225877753,0.08139817258122925,99.99960779806487,110.00009987803479,0.49799471064275247,50.615656013834695,0.4545703503167836,0.0064,0.0059,0.0279,0.0428
615,1762837437.994831,0.10189182103807289,0.012375852092794681,0.2240761415538028,0.021682638069922072,0.039591257639928046,-0.2615334603044748,-0.004245945893760185,0.03991650125463311,0.0,0.0,0.0,1.0,0.0,0.0,0.0,0.0,0.0,0.0,0.0,0.0,0.0,-0.104,0.457,1.107,0.997,0.057,0.017,0.039,-0.481,-0.125,0.023,-0.018,0.147,-0.011,-0.13517842666106888,0.44626040000049416,1.1081473398690884,0.9970127936577242,0.05567088013387206,0.020949305754996577,0.03867310000854056,-0.45341632019797107,-0.19701435385565233,0.012574185226164988,-0.04792672380473401,0.09958542617270168,-0.021781725325593717,-0.9995032545205177,-0.03151577704726979,1.0,1.0,0.0,0.0,0.0,43.04252378768013,0.4600074767395927,0.08106343596893564,99.999261110426,110.00009776959718,0.4980366519375165,50.596813986796825,0.4542287386843857,0.0063,0.006,0.0284,0.0394
616,1762837438.0797153,0.09664453949386537,0.041150052143572896,0.2240167677441962,0.019368991016494315,-0.026236407721037636,0.1438710002538911,-0.00029686904803275936,-0.011568235267138783,0.0,0.0,0.0,1.0,0.0,0.0,0.0,0.0,0.0,0.0,0.0,0.0,0.0,-0.123,0.452,1.108,0.997,0.056,0.02,0.039,-0.597,-0.181,0.023,-0.029,0.068,-0.015,-0.16183330145925978,0.4375918314477389,1.1089888095847344,0.9970748457849579,0.05480024634980799,0.020761623935931145,0.03839101324887114,-0.5678207194416901,-0.2509866371814957,0.006631745358459786,-0.03770891090362739,-0.015186726405620113,-0.024293314104863437,-0.9972964919342664,-0.07348269983884521,1.0,1.0,0.0,0.0,0.0,43.04754330097922,0.46003621667779326,0.08157035282152575,99.99908959257489,110.00009661694762,0.4980595828372921,50.57959801756617,0.45509401371852815,0.0064,0.0059,0.0287,0.041
617,1762837438.162337,0.09062398075472239,0.06954677763808978,0.22518409164690703,0.015457524429777216,-0.030102793695714947,0.14198362747258442,0.005836619513553969,-0.01955733293358548,0.0,0.0,0.0,1.0,0.0,0.0,0.0,0.0,0.0,0.0,0.0,0.0,0.0,-0.14,0.446,1.108,0.997,0.056,0.02,0.039,-0.652,-0.223,0.019,-0.046,0.032,-0.031,-0.18250835740287577,0.4287979661122241,1.1087324555432012,0.9971180326640973,0.05427725589758783,0.02074883173452986,0.03801491443884205,-0.6230884383396438,-0.29269949615085666,0.003077604924479602,-0.0529826091560234,0.01769342230866545,-0.03263558866771329,-0.9933284115833829,-0.11531984539199408,1.0,1.0,0.0,0.0,0.0,43.05283897605629,0.4600710384421982,0.08097075399629632,99.99905445588811,110.00009629507117,0.4980659843316167,50.56454961154499,0.456271013465298,0.0063,0.006,0.0282,0.0394
618,1762837438.2448044,0.0998961410500972,0.03654884191576469,0.22640597814250887,0.019557318337856153,0.046360801476874075,-0.16498967861162545,0.006109432478009078,0.020498969540394672,0.0,0.0,0.0,1.0,0.0,0.0,0.0,0.0,0.0,0.0,0.0,0.0,0.0,-0.159,0.44,1.109,0.998,0.055,0.021,0.038,-0.475,-0.183,0.009,-0.046,0.055,-0.022,-0.18964914028632024,0.42549400794235337,1.109203597384047,0.9980875011937975,0.053156431804139516,0.022776906230599938,0.037295619115614964,-0.4440939646599622,-0.2518060744070062,-0.0026236031243226992,-0.05739020182682864,0.05466361213952117,-0.027476464993356046,-0.9876060214644569,-0.15695332544150412,1.0,1.0,0.0,0.0,0.0,43.05655239674316,0.4601137444354638,0.08031861907144774,99.99877211328483,110.00009430526845,0.4981055820511081,50.546065412837535,0.4563674402894653,0.0066,0.006,0.0282,0.0388
619,1762837438.3268254,0.08280145340918668,0.08680091486304622,0.2249846845970389,0.013685838796977753,-0.08547343820455253,0.2512603647364077,-0.007106467727349932,-0.029357397704392003,0.0,0.0,0.0,1.0,0.0,0.0,0.0,0.0,0.0,0.0,0.0,0.0,0.0,-0.177,0.432,1.109,0.998,0.054,0.022,0.038,-0.683,-0.294,0.007,-0.074,0.123,-0.028,-0.2214501448037761,0.4101360543689705,1.1091924474862604,0.9980918069119147,0.05178395874793452,0.024395819888485916,0.037206666797937216,-0.6499511788105602,-0.36143741960067616,-0.0009676302259431925,-0.05308123000505854,0.03139379615292563,-0.029906593723770098,-0.9801394278472417,-0.19830961141427725,1.0,1.0,0.0,0.0,0.0,43.060490902543386,0.460157683958379,0.07987035149229552,99.99877529681177,110.00009413229986,0.49810902876032936,50.53265607692459,0.4582834532781475,0.0066,0.0059,0.028,0.0387
620,1762837438.4107113,0.08191456084867074,0.09049128875341073,0.2261337734064335,0.013220598308161571,-0.004434462802579753,0.018451869451822533,0.005745444046973027,-0.002326202444080907,0.0,0.0,0.0,1.0,0.0,0.0,0.0,0.0,0.0,0.0,0.0,0.0,0.0,-0.193,0.425,1.109,0.998,0.053,0.023,0.038,-0.617,-0.292,0.005,-0.042,0.042,-0.023,-0.23303767878280174,0.40332003523853366,1.1089041350550506,0.9980809559232089,0.0511438513505819,0.024798302680048796,0.03727972990264211,-0.5837763790869858,-0.3579822192806663,-0.008013196002768301,-0.06177351033971008,0.06732940829176177,-0.027655329994318335,-0.9709418174260523,-0.23931566428755635,1.0,1.0,0.0,0.0,0.0,43.06444193412976,0.4602093308696262,0.07924284280576618,99.99873018553639,110.0000937352043,0.49811692992640144,50.516868183322124,0.45945555133887506,0.0065,0.0059,0.0297,0.0389
621,1762837438.4952822,0.08457782825164217,0.08144956147480134,0.2260047481327217,0.01498234930021438,0.013316337014857127,-0.04520863639304696,-0.0006451263685589214,0.008808754960264044,0.0,0.0,0.0,1.0,0.0,0.0,0.0,0.0,0.0,0.0,0.0,0.0,0.0,-0.21,0.416,1.109,0.998,0.052,0.024,0.037,-0.555,-0.287,0.0,-0.05,0.085,-0.018,-0.24584153335666764,0.3946868795241204,1.1087147961711545,0.9980549637175457,0.050005687343733944,0.02665023417343982,0.036448653306661444,-0.5196849018510004,-0.3519810789240643,-0.00831829439386771,-0.060119417424093345,0.07612018747176287,-0.02493099688553413,-0.9600294340308401,-0.2798990635826151,1.0,1.0,0.0,0.0,0.0,43.06751360233562,0.46026299402003557,0.0783671488893598,99.998581631699,110.00009258905679,0.4981397455864516,50.50063426993561,0.46027010554332815,0.0065,0.0059,0.029,0.0403
622,1762837438.578533,0.10054286129726754,0.03482573569036524,0.2265311919372837,0.021800387601735027,0.07982516522812685,-0.2331191289221805,0.0026322190228099977,0.034090191507603236,0.0,0.0,0.0,1.0,0.0,0.0,0.0,0.0,0.0,0.0,0.0,0.0,0.0,-0.239,0.4,1.109,0.998,0.051,0.027,0.037,-0.348,-0.21,-0.003,-0.041,0.085,-0.011,-0.2609177865143763,0.38386611223346684,1.108491110918462,0.9980351710022353,0.049325572329300155,0.029287367434412792,0.036579798124095134,-0.309046539432815,-0.2736556198186952,-0.01223398793824887,-0.05069683045252393,0.05616706939639886,-0.02205232009924682,-0.9474215499390913,-0.31998813526599673,1.0,1.0,0.0,0.0,0.0,43.069980683864436,0.4603213168064232,0.07776143698487496,99.99813199544693,110.00008940291096,0.49820317098391803,50.481520431428336,0.4599187541831585,0.0065,0.006,0.0288,0.0392
623,1762837438.6676905,0.05695591976504079,0.09474072509585002,0.2269795819034877,0.010945049208029266,-0.21793470766113374,0.29957494702742393,0.0022419498310200132,-0.0542766919685288,0.0,0.0,0.0,1.0,0.0,0.0,0.0,0.0,0.0,0.0,0.0,0.0,0.0,-0.259,0.387,1.109,0.998,0.049,0.03,0.037,-0.663,-0.443,-0.011,-0.065,0.111,-0.03,-0.30178886514768577,0.3554233307597722,1.1080249812868737,0.998065205587322,0.04727345741398103,0.031652002667797385,0.03610738935180584,-0.6202581610025534,-0.5039129488877084,-0.018120034959980002,-0.034996243510002085,0.00012517331063125262,-0.031364844129589974,-0.933140431839203,-0.359512078332489,1.0,1.0,0.0,0.0,0.0,43.07254844299586,0.4603707106217404,0.07867311012717176,99.99826754093975,110.00009041022209,0.49818311353149186,50.46895023361253,0.46204053171066695,0.0064,0.0061,0.0302,0.0438
624,1762837438.684651,0.0477536969767902,0.12408938052176892,0.22628200490086348,0.007907829800522672,-0.04601111394125301,0.14674327712959448,-0.003487885013121147,-0.01518609703753298,0.0,0.0,0.0,1.0,0.0,0.0,0.0,0.0,0.0,0.0,0.0,0.0,0.0,-0.274,0.377,1.108,0.998,0.049,0.03,0.037,-0.638,-0.46,-0.012,-0.075,0.08,-0.024,-0.3151200061735088,0.3442983018630599,1.1070031878989426,0.9980891843528044,0.04597304637577886,0.032438610370724354,0.0364174371717492,-0.5950625011294137,-0.520390549740096,-0.01777713486370745,-0.09869369721877345,0.07566363194276822,-0.023165424890932887,-0.9172113015054534,-0.39840108984624056,1.0,1.0,0.0,0.0,0.0,43.07465164076872,0.46041794919215007,0.07744663396400715,99.99836551089727,110.0000908741251,0.4981738824734061,50.45771360218471,0.46361658036790754,0.001,0.0013,0.0066,0.0072
625,1762837438.7025127,0.05378142991434731,0.12413996783427413,0.22690258989932838,0.009788678553406415,0.030138664687785505,0.0002529365625261182,0.0031029249923244344,0.009404243764418702,0.0,0.0,0.0,1.0,0.0,0.0,0.0,0.0,0.0,0.0,0.0,0.0,0.0,-0.276,0.376,1.108,0.998,0.049,0.03,0.037,-0.588,-0.427,-0.012,-0.073,0.078,-0.021,-0.31378686789185906,0.3455070616825372,1.1069263652617505,0.9980743154381786,0.045886841112747496,0.03292411919248539,0.03649872212030677,-0.5450238991194939,-0.48712200904233105,-0.020255678419584353,-0.10072180927539577,0.09979577869012954,-0.022784622273185052,-0.8996622912540182,-0.43658648821919593,1.0,1.0,0.0,0.0,0.0,43.07643682925798,0.46047214180405743,0.07678485855237109,99.99838294777146,110.00009094366297,0.4981724916865408,50.44189556415558,0.4650011191088606,0.0013,0.0013,0.0061,0.008
626,1762837438.7558951,0.05152049160060292,0.1272308990576466,0.2267043398023416,0.010561120376230457,-0.011304691568721964,0.015454656116862302,-0.0009912504849338534,0.00386220911412021,0.0,0.0,0.0,1.0,0.0,0.0,0.0,0.0,0.0,0.0,0.0,0.0,0.0,-0.288,0.367,1.108,0.998,0.048,0.032,0.037,-0.593,-0.457,-0.013,-0.12,0.153,-0.017,-0.32600407130914744,0.33456487449181443,1.1069322099930758,0.9980470621328169,0.04402154431925861,0.03634791686229347,0.0366609670242487,-0.5461917617684346,-0.5151760394323102,-0.01889213412631693,-0.10671277113853665,0.11744770408315292,-0.02241818057826074,-0.8805243942587003,-0.47400083450912706,1.0,1.0,0.0,0.0,0.0,43.07799093736451,0.4605264365078277,0.075868237484348,99.99837854122183,110.00009083995634,0.4981745581356853,50.42751611985091,0.4659293885015744,0.0017,0.0019,0.0103,0.0065
627,1762837438.8185136,0.0631331627908495,0.10387466643230989,0.22720706203660795,0.014963401375461568,0.05806335595123288,-0.11678116312668355,0.0025136111713318773,0.022011404996155556,0.0,0.0,0.0,1.0,0.0,0.0,0.0,0.0,0.0,0.0,0.0,0.0,0.0,-0.307,0.351,1.108,0.998,0.045,0.035,0.037,-0.487,-0.414,-0.013,-0.122,0.187,-0.012,-0.3378023602708751,0.32156952113492193,1.1069074784237265,0.9979910059536263,0.041031954136322636,0.03999236676615133,0.03679825841535405,-0.4359864289758059,-0.4680097822726778,-0.019782618049354467,-0.1042964758764693,0.1264411552394537,-0.02016714360268704,-0.859831409814121,-0.5105780515230371,1.0,1.0,0.0,0.0,0.0,43.07947890028781,0.46058307889023103,0.07529920886111448,99.99818629487642,110.00008951236828,0.4982009917736805,50.41218658179062,0.4660690582306747,0.0016,0.0013,0.0068,0.0067
628,1762837438.8906653,0.03734023181767514,0.13830234478724096,0.22728994254142323,0.011023616775722729,-0.12896465486587183,0.1721383917746554,0.00041440252407647614,-0.019698922998694197,0.0,0.0,0.0,1.0,0.0,0.0,0.0,0.0,0.0,0.0,0.0,0.0,0.0,-0.314,0.345,1.108,0.998,0.044,0.036,0.037,-0.629,-0.553,-0.019,-0.171,0.271,-0.019,-0.35419782607436096,0.3063606840323275,1.106568829959647,0.9979687054979124,0.03925865673761875,0.042162152238038285,0.036684909603012184,-0.5755293079895556,-0.6050636641627999,-0.02385523066285996,-0.10446387173014249,0.12423658331185054,-0.025035649191505097,-0.8376198836430417,-0.5462535405155898,1.0,1.0,0.0,0.0,0.0,43.08027951038703,0.4606356573125083,0.07734848121616708,99.99828721296906,110.0000907689999,0.49817595712490637,50.397011578318,0.467340415716688,0.0016,0.0018,0.0099,0.0083
629,1762837438.950691,0.06001024204603681,0.10955695611103518,0.22803944289052014,0.016350148716950574,0.11335005114180835,-0.14372694338102898,0.003747501745484546,0.026632659706139213,0.0,0.0,0.0,1.0,0.0,0.0,0.0,0.0,0.0,0.0,0.0,0.0,0.0,-0.324,0.336,1.107,0.998,0.043,0.038,0.037,-0.46,-0.426,-0.015,-0.131,0.192,-0.014,-0.3528682388960051,0.3058617209190504,1.1058330618565941,0.9979756664591536,0.03856165359378798,0.04325544894563755,0.036779480639229326,-0.4048925161835341,-0.4771357319646441,-0.019987599446832028,-0.12323829291981679,0.1397371021995146,-0.02113617117765038,-0.8139290433532416,-0.5809642952764628,1.0,1.0,0.0,0.0,0.0,43.08098523909006,0.4606886774215703,0.07638137072682684,99.99802949007834,110.00008887394891,0.498213693362087,50.381123370547925,0.4676909837838025,0.0011,0.0014,0.0063,0.0062
630,1762837439.0488832,0.061550218335414957,0.10464170527054853,0.22659007197510098,0.018285950661034542,0.007699881446890711,-0.024576254202433326,-0.0072468545770959045,0.009679009720419837,0.0,0.0,0.0,1.0,0.0,0.0,0.0,0.0,0.0,0.0,0.0,0.0,0.0,-0.337,0.323,1.107,0.998,0.041,0.041,0.037,-0.428,-0.426,-0.014,-0.1,0.143,-0.013,-0.36362536513611493,0.29292831127992947,1.1059736439489805,0.9979907220331841,0.03799269544538334,0.044333434407732304,0.036617214349431125,-0.3700121800015966,-0.4754792650691526,-0.0166720992600651,-0.07168445372713474,0.06867341826547094,-0.023742405825376033,-0.7888007291579358,-0.6146490134051376,1.0,1.0,0.0,0.0,0.0,43.08141311332237,0.460740395745574,0.07677983264434214,99.99774975587934,110.0000869945735,0.4982511137044034,50.36310721800589,0.4683439344494065,0.0017,0.0107,0.0267,0.0075
631,1762837439.1425686,0.10584042153953124,0.053891611859979024,0.22811177545169692,0.027775902365030525,0.22145101602058131,-0.2537504670528476,0.00760851738297986,0.047449758519979915,0.0,0.0,0.0,1.0,0.0,0.0,0.0,0.0,0.0,0.0,0.0,0.0,0.0,-0.351,0.309,1.106,0.998,0.039,0.043,0.036,-0.192,-0.207,-0.007,-0.039,0.054,-0.008,-0.3618580583892845,0.29360170622023707,1.1052743295621832,0.9980167925940849,0.037474955764771986,0.04430853721451664,0.03556563397907292,-0.13347856323078336,-0.25461017506010086,-0.01496116669016797,-0.04605228966235863,0.029028111213742824,-0.02267385186906758,-0.7622793199820933,-0.647248204576604,1.0,1.0,0.0,0.0,0.0,43.08263334560152,0.46080015886052483,0.07622458694655102,99.99697367743585,110.00008122554479,0.49836600470595227,50.34224515399935,0.4672163330051752,0.0017,0.0022,0.0292,0.0404
632,1762837439.1632478,0.10690711622302443,0.052418729393094096,0.22706631405957237,0.028805360859622788,0.005333473417465956,-0.007364412334424655,-0.005227306960622806,0.005147292472961295,0.0,0.0,0.0,1.0,0.0,0.0,0.0,0.0,0.0,0.0,0.0,0.0,0.0,-0.351,0.309,1.106,0.998,0.039,0.043,0.036,-0.192,-0.207,-0.007,-0.039,0.054,-0.008,-0.361851718031029,0.29357891795739166,1.105449460989238,0.99803308545115,0.03855124839634747,0.04316788510597675,0.0353653219710363,-0.13344831997931572,-0.2555363839792371,-0.009262311439470771,0.011055283088752248,-0.03568831609795829,-0.028640025753003413,-0.7344116550851556,-0.6787042956067705,1.0,1.0,0.0,0.0,0.0,43.08322703791492,0.4608577106318131,0.07838734764510998,99.99618748175308,110.00007465871131,0.49849682541029444,50.317914299725956,0.4676886898427206,0.0016,0.0019,0.0089,0.0075
633,1762837439.22207,0.04690713033770782,0.11240154055857174,0.22957062131837058,0.004427397441810633,-0.29999992942658305,0.29991405582738817,0.012521536293990927,-0.12188981708906078,0.0,0.0,0.0,1.0,0.0,0.0,0.0,0.0,0.0,0.0,0.0,0.0,0.0,-0.376,0.28,1.105,0.998,0.039,0.044,0.036,-0.407,-0.51,-0.017,0.043,-0.048,-0.036,-0.40118978822925444,0.24435595873821983,1.1036649131765675,0.9980808515027082,0.0402968903569752,0.04209199423795677,0.0345844348384931,-0.3490964075547909,-0.5596196870828755,-0.02317591501504826,0.03461886607232397,-0.06831289113626964,-0.04041402854373829,-0.705246951338571,-0.7089617321320322,1.0,1.0,0.0,0.0,0.0,43.08304106097888,0.4608983994669995,0.07752318007501079,99.99622184883411,110.00007436584984,0.4985026753733044,50.30216363837777,0.4701461397511177,0.0034,0.0016,0.008,0.0068
634,1762837439.286325,-0.013092796232322249,0.17238596853331334,0.22362806485350994,-0.016515776085219373,-0.2999996328501503,0.2999221398737079,-0.029712782324303126,-0.10471586763515002,0.0,0.0,0.0,1.0,0.0,0.0,0.0,0.0,0.0,0.0,0.0,0.0,0.0,-0.387,0.266,1.105,0.998,0.039,0.043,0.035,-0.572,-0.774,-0.022,-0.025,0.027,-0.031,-0.42317208419144814,0.2127726282115135,1.103612884845951,0.99804076960842,0.037316576638556004,0.04405683676310696,0.03435281701279738,-0.5128894050406407,-0.8224878449648335,-0.01922551875465471,-0.06995449370414886,0.04120582716507888,-0.015291937561053666,-0.6748367163042576,-0.7379670767234043,1.0,1.0,0.0,0.0,0.0,43.08155653372158,0.460923845609415,0.07528083788128519,99.99682878870232,110.00007865679892,0.4984172042672448,50.29098273865658,0.4738445383204958,0.0012,0.0016,0.0067,0.0068
635,1762837439.3568103,0.00552710123002291,0.14698700318166222,0.23265679030820538,-0.008221798604858294,0.09309948731172579,-0.12699482675825552,0.045143627273477205,0.04146988740180539,0.0,0.0,0.0,1.0,0.0,0.0,0.0,0.0,0.0,0.0,0.0,0.0,0.0,-0.396,0.252,1.104,0.998,0.038,0.045,0.035,-0.41,-0.594,-0.022,-0.162,0.174,0.004,-0.4212865246141056,0.21093371095562605,1.1019587759809117,0.9979329799539834,0.032012761240573874,0.0502074541708314,0.035808153913887225,-0.34758656353116285,-0.6366099583188803,-0.04010595907975183,-0.1858949743288967,0.15726749804365944,0.01644730698526063,-0.6432346572674893,-0.765669103261961,1.0,1.0,0.0,0.0,0.0,43.08157666481364,0.46096171976695344,0.07198336434186038,99.99686959706028,110.0000783419745,0.49842348252183827,50.27875793571353,0.47536026735204284,0.0016,0.0019,0.0108,0.007
636,1762837439.4195955,0.0295090400790963,0.12490541321262999,0.2268389576013511,0.0032089288841350115,0.11990969424536693,-0.11040794984516096,-0.029089163534271604,0.05715363744496653,0.0,0.0,0.0,1.0,0.0,0.0,0.0,0.0,0.0,0.0,0.0,0.0,0.0,-0.406,0.237,1.104,0.998,0.035,0.047,0.036,-0.325,-0.509,-0.016,-0.205,0.207,0.01,-0.4254304362783666,0.20168120959727828,1.1033601511181508,0.9979202642687107,0.028847754241936883,0.05200845672453368,0.036775431076655825,-0.2566364368633858,-0.54920941489139,-0.0018657071561497367,-0.15626228676805382,0.11659050802654934,0.008634953367309135,-0.6104965863848624,-0.792018887408899,1.0,1.0,0.0,0.0,0.0,43.079708214848694,0.4609924516967539,0.07041496822919784,99.99672977080247,110.00007690893496,0.49845202589638565,50.26372603183797,0.47523599868879984,0.0015,0.0015,0.0069,0.0072
637,1762837439.5181155,0.07540056612586496,0.08810274085964785,0.22830522276880502,0.01609710825000651,0.22945763023384327,-0.18401336176491073,0.007331325837269555,0.0644408968293575,0.0,0.0,0.0,1.0,0.0,0.0,0.0,0.0,0.0,0.0,0.0,0.0,0.0,-0.418,0.217,1.103,0.998,0.031,0.051,0.036,-0.173,-0.302,-0.008,-0.107,0.098,0.001,-0.42724608507202955,0.19565777966383077,1.1021766974084763,0.9979795454313102,0.027752036218370246,0.05312197507396225,0.03615012242832059,-0.10401193538611185,-0.33750151913752646,-0.017582526815786287,-0.082336264821548,0.04194242395073991,-0.005591868979954256,-0.5766803221148682,-0.8169698930104413,1.0,1.0,0.0,0.0,0.0,43.07925756404306,0.46103437075043446,0.07041079010418677,99.99616239005141,110.00007259369046,0.4985379708324332,50.242989387363075,0.47501818198541346,0.0069,0.006,0.0287,0.0069
638,1762837439.563194,0.042987713533416114,0.10852224202256698,0.2289006822891059,0.013875188582212695,-0.16206426296224422,0.10209750581459567,0.0029772976015045253,-0.01110959833896907,0.0,0.0,0.0,1.0,0.0,0.0,0.0,0.0,0.0,0.0,0.0,0.0,0.0,-0.427,0.201,1.103,0.998,0.029,0.053,0.036,-0.243,-0.461,-0.012,-0.08,0.066,-0.007,-0.4408248048538676,0.16911373205624197,1.1021249372897246,0.9980247449916919,0.027530979945599738,0.05357084078866511,0.03562814310828274,-0.17154310011658766,-0.4952390810190144,-0.014009672314488743,-0.011218829939665196,-0.019098095487493083,-0.019737989194421275,-0.54184558710516,-0.8404780542849792,1.0,1.0,0.0,0.0,0.0,43.07814045390135,0.46107175375852005,0.07234810939677253,99.99595933382957,110.00007137211534,0.4985622990576449,50.22163329775468,0.4762632352702475,0.0018,0.0021,0.0103,0.0133
639,1762837439.6260593,0.06624974945562473,0.09646055499725381,0.23035857250835892,0.018174056660114908,0.11631017961104306,-0.06030843512656578,0.007289451096265078,0.021494340389511066,0.0,0.0,0.0,1.0,0.0,0.0,0.0,0.0,0.0,0.0,0.0,0.0,0.0,-0.436,0.183,1.103,0.998,0.028,0.053,0.036,-0.15,-0.315,-0.007,-0.033,0.022,-0.011,-0.443632294395181,0.16087640230456085,1.1025025480960242,0.9980382582032331,0.02667291550516162,0.05325225359029406,0.03557323092800154,-0.07887848500771469,-0.34841859727683505,-0.007818858926619572,-0.045003964076090044,0.0006618738524154751,-0.017913701232818057,-0.5060539027168308,-0.8625018536473208,1.0,1.0,0.0,0.0,0.0,43.07690750609279,0.46110544389283553,0.07170591276177303,99.99545159473092,110.00006733111235,0.4986427970144158,50.20131407670127,0.47683781417191246,0.0016,0.002,0.01,0.0101
640,1762837439.7030895,0.006249988756071655,0.14430338842076693,0.22647516053708627,-0.013409839019115043,-0.29999880349776537,0.23921416711756552,-0.019417059856363265,-0.15791947839614975,0.0,0.0,0.0,1.0,0.0,0.0,0.0,0.0,0.0,0.0,0.0,0.0,0.0,-0.448,0.155,1.102,0.998,0.027,0.054,0.035,-0.289,-0.723,-0.006,-0.012,0.002,-0.031,-0.4648513474359106,0.105697971340312,1.1017118170174458,0.9980680701518972,0.026809089972334388,0.05348735471482764,0.03397889230084779,-0.21660514356816582,-0.756047354967702,-0.002421826300094337,0.0028878739931103097,-0.029694914613735888,-0.030498701964268616,-0.469368480372016,-0.8830023950325755,1.0,1.0,0.0,0.0,0.0,43.07560172368206,0.46112937586715186,0.07072389434668057,99.99581638982956,110.00007011122027,0.49858740900518994,50.187665143405574,0.4792108292358947,0.0019,0.0019,0.0103,0.02
641,1762837439.7601852,0.02938011989702253,0.11682052943968782,0.23204642031019046,-0.004552241549108063,0.1156506557047543,-0.13741429490539558,0.02785629886552083,0.04428798735003489,0.0,0.0,0.0,1.0,0.0,0.0,0.0,0.0,0.0,0.0,0.0,0.0,0.0,-0.454,0.141,1.102,0.998,0.027,0.054,0.035,-0.148,-0.408,-0.002,-0.025,0.02,-0.01,-0.4614828420770666,0.11273839397051008,1.1015517510274437,0.9979909767737264,0.024973474924129907,0.05497950005459414,0.03523850001548468,-0.07634931014875594,-0.43940654517384814,-0.012014098983454909,-0.08916975483312449,0.04368215939341177,0.014718259346183019,-0.43185410991665607,-0.9019434725902132,1.0,1.0,0.0,0.0,0.0,43.07476531119487,0.46116114357798377,0.07105863663570715,99.99549672057103,110.00006759288097,0.4986375755379277,50.1660350774983,0.4801026948059634,0.0016,0.0019,0.0109,0.0103
642,1762837439.826515,-0.030599449723797613,0.14106137071576463,0.22652087550703107,-0.008936152856470049,-0.2998978481041007,0.12120420638038404,-0.02762772401579698,-0.021919556536809926,0.0,0.0,0.0,1.0,0.0,0.0,0.0,0.0,0.0,0.0,0.0,0.0,0.0,-0.459,0.125,1.102,0.998,0.026,0.055,0.035,-0.228,-0.702,-0.0,-0.097,0.072,-0.0,-0.4716917716827139,0.07717597428898182,1.1023028974576048,0.9979915313981229,0.023228064992092914,0.05620914098925894,0.03527116970716858,-0.15236355886321257,-0.7321269936521806,0.00991419775073138,-0.06766783413530812,0.012850978071699451,0.003764924562598472,-0.39357704519567344,-0.9192916346269244,1.0,1.0,0.0,0.0,0.0,43.07281475436105,0.46118390946046967,0.07,99.99576408530159,110.00006959459888,0.4985976907389976,50.1514309072408,0.48192622044195904,0.0019,0.0023,0.01,0.0101
643,1762837439.8889592,0.008175650247997504,0.12358271215188663,0.232161468839493,0.0013581169614372002,0.1938754998589755,-0.08739329281938996,0.02820296666230978,0.05147134908953624,0.0,0.0,0.0,1.0,0.0,0.0,0.0,0.0,0.0,0.0,0.0,0.0,0.0,-0.463,0.112,1.102,0.998,0.024,0.055,0.035,-0.134,-0.456,0.002,-0.096,0.058,0.004,-0.4695021612746793,0.08070306019182204,1.1018020122767656,0.9979888189655245,0.01984762986502716,0.05650053045090482,0.03552771343042089,-0.06084284774100599,-0.48199161733886664,-0.008760954122068215,-0.14579374347525595,0.04498055122251064,0.010872047102273023,-0.3546048870425361,-0.9350162426854146,1.0,1.0,0.0,0.0,0.0,43.07135054968221,0.46120945870871205,0.07,99.99550546929251,110.00006750905142,0.49863923230332907,50.13097652069313,0.483061040092587,0.0017,0.002,0.0074,0.009
644,1762837439.9902518,-0.0506459094184775,0.140278468636374,0.22587089027409224,-0.00196870284929929,-0.294107798332375,0.08347878242243695,-0.03145289282700401,-0.016634099053682457,0.0,0.0,0.0,1.0,0.0,0.0,0.0,0.0,0.0,0.0,0.0,0.0,0.0,-0.468,0.094,1.102,0.998,0.022,0.057,0.036,-0.185,-0.729,0.01,-0.188,0.095,0.003,-0.4777341839027216,0.0445964809481216,1.1029679580884777,0.9979879433350762,0.017100986351618108,0.058657667602963336,0.03633694768110204,-0.10653091536932117,-0.7519856921722656,0.019875323582112234,-0.1086473017851076,0.024358559184653596,-0.0018793298661405689,-0.3150064638899499,-0.9490895256547455,1.0,1.0,0.0,0.0,0.0,43.069598587216134,0.4612334995893542,0.07005057349832179,99.99578865316488,110.00006987656366,0.4985920550924202,50.114898590637395,0.48430951298638647,0.0016,0.0019,0.0304,0.0206
645,1762837440.0764997,-0.07854143929414195,0.14372120246374312,0.22822091309062137,-0.003352686542946524,-0.1394776493783223,0.017213669136845716,0.011750114082645561,-0.006919918468236169,0.0,0.0,0.0,1.0,0.0,0.0,0.0,0.0,0.0,0.0,0.0,0.0,0.0,-0.473,0.074,1.102,0.997,0.019,0.058,0.036,-0.18,-0.853,0.011,-0.424,0.177,0.006,-0.4824246531935804,0.01658595600390691,1.1023154101497608,0.9969082375416952,0.007758292195831821,0.061525508601144765,0.03689186072618987,-0.10209438331789111,-0.8667736507789672,-0.002500980263476023,-0.2698252975911586,0.07632406874874559,0.004914634461232737,-0.2748517102124776,-0.9614866288166862,1.0,1.0,0.0,0.0,0.0,43.06946489612374,0.4612477397898768,0.07,99.99613744747006,110.00007204862511,0.4985487930568463,50.10783606886957,0.48428365667422907,0.0071,0.0053,0.0268,0.0351
646,1762837440.152717,-0.08884090365517985,0.1493906080097859,0.22783603474075523,-0.0005674287920816655,-0.0514973218051895,0.02834702773021386,-0.0019243917493306176,0.013926288754324286,0.0,0.0,0.0,1.0,0.0,0.0,0.0,0.0,0.0,0.0,0.0,0.0,0.0,-0.473,0.074,1.102,0.997,0.019,0.058,0.036,-0.18,-0.853,0.011,-0.424,0.177,0.006,-0.4823863977853178,0.016584170348948032,1.1026268962748582,0.9969083792013744,0.007236119775780831,0.06154665777631727,0.03694634035054687,-0.10077468355593383,-0.8667533334164599,0.008157687041719909,-0.29336943652348735,0.07716806425587353,0.005939255895555208,-0.2342115430158025,-0.9721856577414403,1.0,1.0,0.0,0.0,0.0,43.0685185061774,0.4612667613560386,0.07,99.99642502474325,110.00007388567532,0.4985122024725871,50.09689829088214,0.4837228454698291,0.0057,0.0052,0.0276,0.0359
647,1762837440.2362208,-0.030772463011122284,0.12422306804100627,0.22880939585712043,0.012005602937855466,0.2903422032202878,-0.1258376998438981,0.004866805581825997,0.06286515864968566,0.0,0.0,0.0,1.0,0.0,0.0,0.0,0.0,0.0,0.0,0.0,0.0,0.0,-0.478,0.042,1.103,0.997,0.01,0.061,0.036,-0.085,-0.593,0.008,-0.424,0.133,0.006,-0.4809613085747064,0.002311675555171374,1.1033588713525009,0.9968560317558984,-0.001468054021675777,0.06360149525526013,0.03685507282066669,-0.003308262984326092,-0.594999872643079,0.0026733971901923286,-0.2783315448416639,0.059841128335948984,0.002277787758878688,-0.1931577365907433,-0.9811677169552314,1.0,1.0,0.0,0.0,0.0,43.06701374348089,0.4612896801510065,0.07,99.9961937918121,110.00007180368611,0.49855368789675436,50.08186188153245,0.4818101170045615,0.0058,0.0055,0.029,0.0407
648,1762837440.3243585,-0.02727776618849597,0.1202538047843212,0.22656013499459668,0.01564035005995515,0.017473484113131495,-0.019846316283425314,-0.011246304312618716,0.018173735610498412,0.0,0.0,0.0,1.0,0.0,0.0,0.0,0.0,0.0,0.0,0.0,0.0,0.0,-0.481,0.021,1.103,0.997,0.002,0.063,0.037,-0.067,-0.675,0.01,-0.481,0.138,0.0,-0.48267863727639304,-0.02379565793813894,1.103585992643491,0.996822500282131,-0.008834228905421532,0.06499118131231295,0.0374053503990061,0.01709299761177594,-0.6662418871495789,0.007655852211095761,-0.1995765339880993,0.02206478865703654,-0.015506863049925178,-0.15176279575321514,-0.988416943311459,1.0,1.0,0.0,0.0,0.0,43.06570358524972,0.46132420626152953,0.07817911032790657,99.99616603386892,110.00007303955542,0.49852905307095197,50.057792561830276,0.48085500819428895,0.0075,0.0064,0.03,0.0411
649,1762837440.410326,0.03265447980714312,0.10815862274088468,0.2260405678832929,0.029965784801706894,0.29966122997819544,-0.06047591021718257,-0.0025978355565187813,0.0716271737087587,0.0,0.0,0.0,1.0,0.0,0.0,0.0,0.0,0.0,0.0,0.0,0.0,0.0,-0.483,-0.006,1.104,0.997,-0.005,0.064,0.037,-0.012,-0.277,0.005,-0.11,0.02,-0.004,-0.4810448587374011,-0.024102885986864938,1.1040105589498348,0.997003146622816,-0.007797910685472759,0.06379915671466449,0.036780472558951637,0.07057752774586534,-0.2654596264100154,-0.004995304152774541,-0.06216848435525143,-0.01990892836381274,-0.018124271656484187,-0.1100998277940332,-0.993920534006479,1.0,1.0,0.0,0.0,0.0,43.063707745081715,0.4613434431904261,0.07726163754039816,99.99535959846415,110.00006634614071,0.4986624192217634,50.035430985664476,0.48006425380157,0.0073,0.0061,0.0301,0.0394
650,1762837440.4963555,-0.026595114817502236,0.11159535078061375,0.22937279011874745,0.021108794847016422,-0.2962479731232268,0.017183640198645295,0.016661111177272737,-0.04428494977345236,0.0,0.0,0.0,1.0,0.0,0.0,0.0,0.0,0.0,0.0,0.0,0.0,0.0,-0.483,-0.035,1.104,0.997,-0.01,0.064,0.037,0.012,-0.63,0.008,-0.084,-0.01,-0.025,-0.47946876648436765,-0.07644573537269894,1.10417430542292,0.9971017086696953,-0.010648047126453862,0.06294757047059499,0.035876107040801776,0.0937258862915589,-0.6131816561306852,-0.002777478977557726,0.0351640504684172,-0.0460390364566083,-0.043973996980693625,-0.06824241336467247,-0.9976687691905392,1.0,1.0,0.0,0.0,0.0,43.06380116000541,0.46135325020997564,0.07919060958494974,99.99520968383054,110.00006448117244,0.49869962839690857,50.01619156474172,0.48242028874702503,0.0064,0.0071,0.0301,0.0397
651,1762837440.5829642,-0.02894473605756647,0.1119927761452429,0.22792067724847231,0.018348179283207807,-0.011748106200321184,0.0019871268231457517,-0.007260564351375719,-0.01380307781904308,0.0,0.0,0.0,1.0,0.0,0.0,0.0,0.0,0.0,0.0,0.0,0.0,0.0,-0.482,-0.053,1.104,0.997,-0.01,0.064,0.037,0.032,-0.541,0.006,-0.007,-0.03,-0.025,-0.47709548182345796,-0.0885215712535256,1.1043975272770719,0.9971158579584583,-0.010422271035567527,0.06263222912218559,0.03609117802611742,0.11492515151424126,-0.5245399363105971,0.006483114340416488,-0.020905105671414587,-0.04707493065181197,-0.030419866571431194,-0.026264476527046603,-0.9996550291339309,1.0,1.0,0.0,0.0,0.0,43.062533859514026,0.461367379270354,0.07828618879849526,99.99496904773696,110.0000621836979,0.4987454194591382,49.99799712502154,0.4834819444465827,0.0065,0.0061,0.0303,0.0409
652,1762837440.6697805,-0.054504381017815684,0.10791943712281682,0.22758405269299328,0.01397954074934558,-0.12779822480124609,-0.020366695112130517,-0.0016831227773951817,-0.021843192669311152,0.0,0.0,0.0,1.0,0.0,0.0,0.0,0.0,0.0,0.0,0.0,0.0,0.0,-0.479,-0.083,1.105,0.997,-0.011,0.063,0.036,0.077,-0.61,0.008,-0.037,-0.04,-0.023,-0.47116821271541715,-0.12307596484148073,1.105346466437743,0.9971148937504615,-0.011943121860441698,0.06143734370404294,0.03520980413386842,0.15759669654728847,-0.5920897140738894,0.0022291945543213556,-0.021695252633115135,-0.04899720629173072,-0.028091485298363774,0.015759845803216828,-0.9998758059180444,1.0,1.0,0.0,0.0,0.0,43.062000044480186,0.4613763051028737,0.07725221847129815,99.99486795358371,110.00006111785675,0.49876666805712166,49.98220248061626,0.4850996465936097,0.0067,0.0061,0.0306,0.0406
653,1762837440.7583845,-0.03314269723519427,0.10149641138314759,0.22764145461213908,0.01558503990885839,0.10680841891310705,-0.03211512869834621,0.00028700959572906283,0.008027495797564028,0.0,0.0,0.0,1.0,0.0,0.0,0.0,0.0,0.0,0.0,0.0,0.0,0.0,-0.47,-0.134,1.105,0.997,-0.014,0.061,0.035,0.121,-0.489,0.007,-0.112,-0.056,-0.023,-0.45933659442958336,-0.1658538994381043,1.105267779832127,0.9970934084024249,-0.01697958452670539,0.05901247798395136,0.034424776873767805,0.19844788094652438,-0.4659534667663491,0.001040537285109138,-0.07464976417822405,-0.055753298329005184,-0.023755822585172934,0.05775633478942729,-0.9983307096306773,1.0,1.0,0.0,0.0,0.0,43.06162710444258,0.46138379703053445,0.07599706885701453,99.9945783305107,110.0000584877613,0.4988190851916118,49.967397691597625,0.48579278962829053,0.0066,0.0061,0.0313,0.0413
654,1762837440.8471274,-0.0649203627714911,0.09151475952399314,0.22612876412372834,0.011918963719975972,-0.15888832768148417,-0.04990825929577217,-0.007563452442053689,-0.018330380944412084,0.0,0.0,0.0,1.0,0.0,0.0,0.0,0.0,0.0,0.0,0.0,0.0,0.0,-0.463,-0.157,1.106,0.997,-0.015,0.06,0.035,0.177,-0.583,0.007,-0.085,-0.033,-0.013,-0.4486382214867058,-0.19509262228172872,1.1062804225516758,0.9970792450914627,-0.016804876146891475,0.05846541908158227,0.03451851100420235,0.2535294635401606,-0.5593689678547595,0.0014734708000114754,-0.029901846115427694,-0.05159190105869129,-0.022536731211333483,0.09965082075115546,-0.9950224690546546,1.0,1.0,0.0,0.0,0.0,43.06170547899059,0.4613880921596741,0.07495855514572271,99.9944544177747,110.00005734269787,0.49884191853647786,49.95486331311022,0.487161188723652,0.0066,0.0061,0.032,0.0412
655,1762837440.9376082,-0.07072949953055731,0.08428848998763426,0.22707050074745105,0.010629395514525776,-0.029045683795331054,-0.03613134768179441,0.004708683118613394,-0.006447841027250989,0.0,0.0,0.0,1.0,0.0,0.0,0.0,0.0,0.0,0.0,0.0,0.0,0.0,-0.451,-0.191,1.106,0.998,-0.018,0.059,0.035,0.22,-0.563,0.004,-0.09,-0.065,-0.015,-0.4338495761170473,-0.22763072871731924,1.1059268507201632,0.9981058723293559,-0.020500572176540166,0.05657590032790219,0.0346067451883054,0.2939564653873214,-0.5353819209090215,-0.006343910618117683,-0.06810172659029795,-0.07282580519099385,-0.019217881675395426,0.141369314154734,-0.9899569268485473,1.0,1.0,0.0,0.0,0.0,43.06222114762295,0.461390116679845,0.0737851594506313,99.99434599876805,110.00005632867152,0.49886213100152393,49.942908882027,0.48816960951077865,0.0068,0.0063,0.0296,0.0447
656,1762837441.0271482,-0.11861805968708337,0.06483485520852289,0.22544433957395166,0.004536524739314207,-0.2394428007826303,-0.09726817389555692,-0.008130805867497056,-0.030464353876057837,0.0,0.0,0.0,1.0,0.0,0.0,0.0,0.0,0.0,0.0,0.0,0.0,0.0,-0.441,-0.216,1.106,0.998,-0.02,0.057,0.035,0.337,-0.736,0.001,-0.156,-0.113,-0.019,-0.41614621829410703,-0.2640519108839889,1.1058518967139432,0.998125246367866,-0.023833498478214653,0.05344926644947661,0.03463256961111969,0.40781954569890844,-0.7046915187371301,-0.005214904977060106,-0.08839873381732086,-0.09298780173010174,-0.020354253627384675,0.18283813628561849,-0.9831430292279967,1.0,1.0,0.0,0.0,0.0,43.06334752868518,0.46138793691803043,0.07235413206688059,99.9945693431117,110.00005817536926,0.4988253261591166,49.937218201259455,0.48961173741299113,0.0066,0.0063,0.0306,0.0432
657,1762837441.078815,-0.09657610353992382,0.06917251206411351,0.22722372289938197,0.007549748169888324,0.11020978073579771,0.021688284277953107,0.008896916627151598,0.015066117152870578,0.0,0.0,0.0,1.0,0.0,0.0,0.0,0.0,0.0,0.0,0.0,0.0,0.0,-0.426,-0.246,1.106,0.998,-0.024,0.054,0.035,0.34,-0.627,-0.006,-0.293,-0.182,-0.013,-0.4011333021778205,-0.2865703627187656,1.1052189438667652,0.9980655234103767,-0.03154260425070964,0.04856767443575763,0.03512052716157248,0.4047003244846096,-0.588432896268278,-0.017602848503121018,-0.18737487110713405,-0.13403918677404392,-0.012004846249686313,0.22398404937180239,-0.9745928101658713,1.0,1.0,0.0,0.0,0.0,43.064122473571736,0.4613901111518045,0.07,99.99451886151712,110.00005738145927,0.4988411571973105,49.932329852113234,0.48927486000845977,0.0011,0.0015,0.0079,0.0401
658,1762837441.1651926,-0.1400685631623359,0.0527151600374729,0.22588715062710107,0.0038863115990189876,-0.21746229811206028,-0.08228676013320305,-0.006682861361404502,-0.01831718285434668,0.0,0.0,0.0,1.0,0.0,0.0,0.0,0.0,0.0,0.0,0.0,0.0,0.0,-0.424,-0.25,1.106,0.998,-0.025,0.053,0.035,0.456,-0.822,-0.009,-0.436,-0.271,-0.019,-0.3914583065101735,-0.3034718240696473,1.1052279926871884,0.9980623919028047,-0.034738251748679415,0.045845346326514075,0.0350753041141131,0.5185337030797685,-0.77986441494442,-0.013831575605862931,-0.19473887995143216,-0.15230271159688427,-0.018824184907881673,0.2647343859284989,-0.9643213701391568,1.0,1.0,0.0,0.0,0.0,43.06510123608327,0.46139987537691507,0.07093718036876358,99.99486489814062,110.00006075862738,0.4987738490961827,49.92809894330353,0.4885432986634399,0.0065,0.0063,0.0301,0.0405
659,1762837441.2514987,-0.19589454925879482,0.013159546423659851,0.22570754174691593,-0.0054157874131432505,-0.2791299304822946,-0.19777806806906523,-0.0008980444009256414,-0.0465104950608112,0.0,0.0,0.0,1.0,0.0,0.0,0.0,0.0,0.0,0.0,0.0,0.0,0.0,-0.409,-0.274,1.106,0.998,-0.031,0.049,0.035,0.664,-1.051,-0.018,-0.54,-0.324,-0.024,-0.3628135065866384,-0.34245273417691,1.1044781495877076,0.9979059451034334,-0.043699314877749244,0.040382751929242115,0.035219979088098916,0.7194721339494008,-0.9996698349656725,-0.02786761036152521,-0.27926991009373137,-0.18500075842813982,-0.017137579467461722,0.30501717709561715,-0.9523468494601224,1.0,1.0,0.0,0.0,0.0,43.06695065735133,0.4614003383539704,0.07,99.99558418745121,110.00006685726036,0.49865229297987756,49.9374815937278,0.4877314152385968,0.0068,0.0062,0.0293,0.0411
660,1762837441.338145,-0.1358945552125578,0.07315944580700752,0.23977234668672265,0.0028468810640474903,0.29999997023118513,0.29999949691673833,0.07032402469903348,0.0413133423859537,0.0,0.0,0.0,1.0,0.0,0.0,0.0,0.0,0.0,0.0,0.0,0.0,0.0,-0.394,-0.297,1.105,0.998,-0.038,0.045,0.035,0.18,-0.253,-0.007,-0.169,-0.1,-0.002,-0.3801789333291338,-0.3120796980801306,1.1041920592909178,0.9979325747511281,-0.04390095175218996,0.04062792257269179,0.035366741291663034,0.23368184588011573,-0.19816463009827365,-0.017240061702031437,-0.1919724754881481,-0.14347536031932406,-0.0014539595174229102,0.3447612797414368,-0.9386903962388488,1.0,1.0,0.0,0.0,0.0,43.066658249974985,0.46142655677352756,0.07,99.99464160279848,110.00005854916124,0.49881789977422136,49.911009491006354,0.4868077722261094,0.0066,0.0065,0.0298,0.0408
661,1762837441.4220042,-0.07594760906572262,0.0729554408476169,0.21521003493774143,0.02157548075390637,0.2997347307341759,-0.0010200247969531229,-0.1228115587449059,0.0936429984492944,0.0,0.0,0.0,1.0,0.0,0.0,0.0,0.0,0.0,0.0,0.0,0.0,0.0,-0.371,-0.326,1.104,0.997,-0.049,0.038,0.036,0.409,-0.486,0.005,-0.337,-0.151,-0.003,-0.3421379114694641,-0.3559476844399068,1.105427491342689,0.9967366636702852,-0.056319651371824604,0.0343448463550407,0.03628894208798339,0.45604504787730726,-0.410368613460582,0.03973893770030269,-0.13429997853168285,-0.05938997090620697,-0.005941187636574035,0.38389650210794274,-0.9233761290337141,1.0,1.0,0.0,0.0,0.0,43.06456981524096,0.46145520713166593,0.07401390404943212,99.99444910446627,110.00005754567856,0.4988379039821761,49.89588016134221,0.4847961309847063,0.0065,0.0062,0.0285,0.0397
662,1762837441.507173,-0.0740752950305079,0.05428863527408356,0.22852318714189299,0.021943376052747952,0.00936157017607353,-0.09333402786766667,0.06656576102075776,0.0018394764942079311,0.0,0.0,0.0,1.0,0.0,0.0,0.0,0.0,0.0,0.0,0.0,0.0,0.0,-0.37,-0.327,1.104,0.997,-0.05,0.038,0.036,0.506,-0.597,0.009,-0.402,-0.175,-0.004,-0.3348726390377874,-0.3645895607980337,1.102971962927608,0.9967554257749652,-0.057558236877505206,0.03362749045574612,0.03590890239256504,0.546532707607952,-0.529412302321969,-0.043578913343496145,-0.09881759037906535,-0.0816277228124036,-0.028771128285496776,0.4223537277759648,-0.9064310942557885,1.0,1.0,0.0,0.0,0.0,43.069477222563485,0.46147770994552595,0.08459247720102236,99.99443680324777,110.00005836746395,0.498821579037392,49.87574699799343,0.48628474474072997,0.0067,0.0061,0.0294,0.0399
663,1762837441.592269,-0.09246763046113038,0.028796617938648794,0.22472741516498176,0.016935879362480248,-0.09196167715311238,-0.1274600866771738,-0.01897885988455623,-0.025037483451338508,0.0,0.0,0.0,1.0,0.0,0.0,0.0,0.0,0.0,0.0,0.0,0.0,0.0,-0.355,-0.345,1.105,0.997,-0.054,0.036,0.036,0.584,-0.622,-0.004,-0.173,-0.082,-0.031,-0.3146138971331029,-0.3839826402717553,1.1047619568023797,0.9969600448094826,-0.05695524213187557,0.03338874744124384,0.035073220257681316,0.6271129980229857,-0.5465024153004935,-0.001095542543853399,-0.026164286356718074,-0.06687322956036931,-0.038376216292381186,0.46006503773115215,-0.8878852184023752,1.0,1.0,0.0,0.0,0.0,43.071276720445965,0.4614928867256156,0.08675068993715007,99.99452429346027,110.00005935793635,0.49880183847467746,49.86495042594326,0.48917621012655615,0.0066,0.0061,0.029,0.0405
664,1762837441.6774569,-0.05605353930552476,0.0609136288516509,0.22620600281243639,0.022213905053952182,0.18207045577802808,0.16058505456501046,0.007392938237273142,0.026390128457359635,0.0,0.0,0.0,1.0,0.0,0.0,0.0,0.0,0.0,0.0,0.0,0.0,0.0,-0.333,-0.366,1.105,0.997,-0.055,0.034,0.036,0.431,-0.399,-0.007,0.009,-0.105,-0.027,-0.30294409120975696,-0.3902049085974247,1.1040395139062633,0.997185935562742,-0.05416743707903071,0.030609989916572593,0.035145222642840306,0.46992445851158415,-0.32739251132979663,-0.022273367959802073,0.030941737895578685,-0.09833099914521892,-0.032855659644485835,0.4969638303152296,-0.8677712552040519,1.0,1.0,0.0,0.0,0.0,43.073093003780976,0.4615150186589932,0.08568476852169629,99.99412040575109,110.00005566364693,0.49887549420261457,49.850080700980016,0.4886116861709171,0.0065,0.0062,0.0287,0.041
665,1762837441.7636003,-0.02500058695637219,0.09369528700807606,0.22334420321801668,0.02795837896270426,0.15526476174576279,0.1639082907821257,-0.014308997972098513,0.028722369543760378,0.0,0.0,0.0,1.0,0.0,0.0,0.0,0.0,0.0,0.0,0.0,0.0,0.0,-0.322,-0.376,1.104,0.997,-0.054,0.032,0.035,0.308,-0.266,-0.007,0.033,-0.083,-0.021,-0.30019868333218835,-0.3913777806421673,1.1032453007947118,0.9972038812300642,-0.051924260290076234,0.02994956023930293,0.03413867724201028,0.3456270902644289,-0.1957455697146563,-0.015291877137663374,0.08412267915963442,-0.04327781749510304,-0.03213686198814521,0.5329849388506873,-0.8461247277785522,1.0,1.0,0.0,0.0,0.0,43.07451879308244,0.4615478603765091,0.08531116424038097,99.99340023095412,110.0000491004254,0.4990063752602129,49.830646965749025,0.48693511536393713,0.0067,0.0061,0.0295,0.041
666,1762837441.8496106,-0.08499630786736784,0.03369538973668483,0.23160082934549225,0.012786478847341529,-0.29997860455497816,-0.29999948635695617,0.041283130637377825,-0.07585950057681365,0.0,0.0,0.0,1.0,0.0,0.0,0.0,0.0,0.0,0.0,0.0,0.0,0.0,-0.304,-0.391,1.104,0.998,-0.052,0.031,0.035,0.613,-0.472,-0.024,0.24,-0.029,-0.054,-0.2618899407669339,-0.42031147507235345,1.101833214001258,0.9984143854861847,-0.04483899677955866,0.030956465133269852,0.033075691132653184,0.6503255794492815,-0.40894924859739196,-0.04121685997988528,0.19754284487046755,0.013594507895679026,-0.04980771879392845,0.5680647467311546,-0.8229838658936572,1.0,1.0,0.0,0.0,0.0,43.07649618843853,0.46157243646109986,0.0834628907032686,99.99358003822118,110.00005085319623,0.4989713838732057,49.8222324638684,0.4874681951517423,0.0068,0.0064,0.0296,0.0402
667,1762837441.9355378,-0.08207063024028248,0.035013684111740995,0.22603258550677474,0.009663365368768993,0.01462838813542676,0.006591471875280863,-0.02784121919358754,-0.015615567392862698,0.0,0.0,0.0,1.0,0.0,0.0,0.0,0.0,0.0,0.0,0.0,0.0,0.0,-0.278,-0.409,1.102,0.998,-0.046,0.031,0.033,0.506,-0.333,-0.022,0.148,-0.023,-0.027,-0.24296884233379615,-0.42917358769151714,1.100880006680227,0.9982284324998022,-0.04242987952319311,0.029699518769678513,0.032058594035338644,0.5447614884321524,-0.2729176050628124,-0.010260477649180543,0.06939522487581684,-0.05906861379342468,-0.02584462295131921,0.6021412997741983,-0.7983895384498967,1.0,1.0,0.0,0.0,0.0,43.07616824630385,0.4615992998398345,0.08437919316535361,99.99341731732599,110.00004956768741,0.49899701057911905,49.806482068179896,0.4867770439712128,0.0064,0.0061,0.0305,0.04
668,1762837442.0205233,-0.02207837155052135,0.09500140665265558,0.22850472107396055,0.029066838022317,0.29996129344880557,0.2999386127045729,0.012360677835928991,0.09701736326774003,0.0,0.0,0.0,1.0,0.0,0.0,0.0,0.0,0.0,0.0,0.0,0.0,0.0,-0.257,-0.422,1.102,0.998,-0.045,0.03,0.033,0.03,-0.017,-0.001,0.004,-0.005,-0.001,-0.2537797085187413,-0.4211578770297627,1.1015901542147146,0.9980519379975039,-0.04452174036376026,0.029228286183208618,0.032771167911428596,0.06642809392972615,0.042090000445647105,-0.012105946939617054,0.021221779923137365,-0.03667008442971343,-0.012108909663808088,0.6351544156381401,-0.7723851813022908,1.0,1.0,0.0,0.0,0.0,43.077570172231525,0.46165722066262693,0.08560648773715533,99.9922038883026,110.0000389246405,0.49920925880068195,49.777629807329326,0.4831027946707677,0.0065,0.0062,0.0289,0.0406
669,1762837442.1059914,-0.08205386165214848,0.03500158477401108,0.23915623635560898,0.018148093687688216,-0.2998774505081355,-0.2999991093932224,0.053257576408241934,-0.05459372167314393,0.0,0.0,0.0,1.0,0.0,0.0,0.0,0.0,0.0,0.0,0.0,0.0,0.0,-0.233,-0.435,1.101,0.998,-0.043,0.028,0.032,0.792,-0.401,-0.029,0.156,-0.032,-0.04,-0.17903887724089443,-0.45988866823970354,1.0990880146914552,0.9982513836000227,-0.03797915550678226,0.028045126403359627,0.030435109044710952,0.8269009196429181,-0.3467523121718803,-0.027881849938831003,0.15099354088301403,0.025864314684479806,-0.046171167245070546,0.6670457901096333,-0.7450167205486163,1.0,1.0,0.0,0.0,0.0,43.0777710093855,0.46166411554027065,0.08387932893588983,99.99264422446568,110.00004264522563,0.4991350569170667,49.777008992172746,0.4855207908686548,0.0064,0.0065,0.0296,0.0401
670,1762837442.1913407,-0.07622756923529475,0.022879686254237093,0.2217663326210162,0.009776043872114927,0.029131462084268644,-0.060609492598869996,-0.08694951867296408,-0.041860249077866424,0.0,0.0,0.0,1.0,0.0,0.0,0.0,0.0,0.0,0.0,0.0,0.0,0.0,-0.216,-0.443,1.1,0.998,-0.041,0.029,0.032,0.515,-0.236,-0.007,0.09,-0.004,-0.026,-0.18040036553001698,-0.45684707660631524,1.100624401424877,0.9981383574709372,-0.03889549050843907,0.028200278112344043,0.031011841447751452,0.5529275362896957,-0.17977213250009091,0.0272968026713153,0.03759926714440598,-0.04471775175602488,-0.030467059107247115,0.6977591000742847,-0.7163324914196789,1.0,1.0,0.0,0.0,0.0,43.07463909027952,0.46167647510596205,0.08412523071407893,99.99246835240172,110.00004104127727,0.4991670501868117,49.76322799799296,0.48548238111275427,0.0066,0.0062,0.0296,0.0401
671,1762837442.2765276,-0.09156269927067354,-0.01762776525949014,0.22676339995008668,0.006276242495817534,-0.0766756501768939,-0.20253725756863616,0.024985336645352442,-0.017499006881486968,0.0,0.0,0.0,1.0,0.0,0.0,0.0,0.0,0.0,0.0,0.0,0.0,0.0,-0.198,-0.451,1.1,0.998,-0.04,0.028,0.032,0.678,-0.279,0.003,0.047,-0.079,-0.024,-0.15171305031733628,-0.467904295690911,1.0993513350930453,0.9981467439382959,-0.038603099948501515,0.025406418400540517,0.031295351457949205,0.7099432291270702,-0.2286711974434411,-0.025025593124181525,0.034658882231018304,-0.07739377324477992,-0.021896339339579483,0.7272401029884926,-0.6863831529148181,1.0,1.0,0.0,0.0,0.0,43.07688699855994,0.461695394084772,0.08287214074300375,99.99255795128354,110.00004169851304,0.49915393615818243,49.75610573536418,0.4863965727292812,0.0067,0.0061,0.029,0.0398
672,1762837442.3625636,-0.04762189490703801,0.04226887337835247,0.22919148560903768,0.015113462013206763,0.21970402181817755,0.299483193189213,0.01214042829475502,0.044186097586946145,0.0,0.0,0.0,1.0,0.0,0.0,0.0,0.0,0.0,0.0,0.0,0.0,0.0,-0.178,-0.459,1.1,0.998,-0.04,0.026,0.031,0.322,-0.119,-0.005,0.009,-0.058,-0.007,-0.1554939279891076,-0.4651663730042893,1.0995368010756148,0.9980885252606421,-0.03976965868214401,0.02312871405499197,0.03072212987025792,0.3526320526302798,-0.06599306534459398,-0.00805355615727293,-3.868356320879825e-05,-0.10855219986472246,-0.015004614698476124,0.7554367326767787,-0.6552215983334442,1.0,1.0,0.0,0.0,0.0,43.07636973413895,0.4617229206497893,0.08331034390972276,99.99198402954987,110.00003653832884,0.4992568614550397,49.735824031479666,0.48576029150822264,0.0065,0.0063,0.0293,0.041
673,1762837442.4495192,-0.09855504978010039,-0.01773109156269772,0.22513733407380712,0.0014026914839869817,-0.2546657743653119,-0.299999824705251,-0.02027075767615267,-0.06855385264609891,0.0,0.0,0.0,1.0,0.0,0.0,0.0,0.0,0.0,0.0,0.0,0.0,0.0,-0.15,-0.468,1.1,0.998,-0.039,0.023,0.031,0.927,-0.287,-0.012,0.052,-0.164,-0.023,-0.08730895050274623,-0.48542348817146047,1.099291748123156,0.9981822317464888,-0.03687702019800968,0.01925291934749479,0.030279587293136043,0.9529122660546149,-0.23617103259599065,-0.00880622153793764,0.06972713993902974,-0.0691318133030756,-0.026153503181062788,0.7822991912854709,-0.6229028618605779,1.0,1.0,0.0,0.0,0.0,43.07682052166211,0.4617280813937123,0.08289944321924182,99.99247156887094,110.00004106050172,0.49916666148753286,49.73568218925565,0.48706937575979264,0.0065,0.0064,0.029,0.0422
674,1762837442.5339367,-0.08711997413205948,-0.044347456910410664,0.2240517884203436,-0.0031228434679429467,0.057175378240204563,-0.13308182673856475,-0.005427728267317608,-0.022627674759649646,0.0,0.0,0.0,1.0,0.0,0.0,0.0,0.0,0.0,0.0,0.0,0.0,0.0,-0.133,-0.473,1.1,0.999,-0.039,0.021,0.031,0.767,-0.214,-0.01,0.024,-0.146,-0.013,-0.08108305867025518,-0.48557415249872526,1.098974618002888,0.9991089765987501,-0.0386204966813941,0.016320139633776185,0.030779550443024814,0.7894627542119763,-0.16338816254548977,-0.021303293877287466,-0.009262475087929512,-0.13815326996596117,-0.010211528012849276,0.8077800372303134,-0.5894840213713968,1.0,1.0,0.0,0.0,0.0,43.077801961125346,0.4617407163768558,0.0821977024711468,99.99259042551898,110.00004209442497,0.4991460314051597,49.72898825072414,0.48753761290964076,0.0065,0.0061,0.0292,0.0396
675,1762837442.6188483,-0.06575101615126655,-0.01708106368174956,0.22644211062299152,0.0028154963441415267,0.10684478990396462,0.13633196614330548,0.011951611013239551,0.029691699060422364,0.0,0.0,0.0,1.0,0.0,0.0,0.0,0.0,0.0,0.0,0.0,0.0,0.0,-0.115,-0.478,1.099,0.999,-0.039,0.019,0.031,0.643,-0.159,-0.014,-0.027,-0.217,-0.002,-0.07146986977290705,-0.4869003352301233,1.0976441020169865,0.9990852621769203,-0.039350510879116646,0.012379568122852604,0.0311605575299743,0.6614578542523569,-0.10798446817212069,-0.0267456408501145,-0.007740811865236419,-0.18264938408603054,-0.0036948862621804654,0.8318342689826934,-0.5550240976264256,1.0,1.0,0.0,0.0,0.0,43.078893205042355,0.46175886732093846,0.08091614866102449,99.99243643282692,110.00004045284537,0.49917877361321406,49.71990563446396,0.4868470423259179,0.0064,0.006,0.0299,0.0398
676,1762837442.7031126,-0.06878514399077497,-0.040337864427692785,0.22475229577758402,0.005182952376755789,-0.01517063919754208,-0.11628400372971615,-0.008449074227037303,0.011837280163071312,0.0,0.0,0.0,1.0,0.0,0.0,0.0,0.0,0.0,0.0,0.0,0.0,0.0,-0.098,-0.482,1.099,0.999,-0.039,0.016,0.031,0.791,-0.173,-0.023,-0.035,-0.349,0.001,-0.04476941811606219,-0.49182017838376413,1.0973211195627457,0.9990942363280874,-0.03902245627366581,0.00723135494289253,0.0312366901454444,0.8039273110008219,-0.12160413635221974,-0.02692314819553276,0.012419171304807587,-0.19204883175901938,-0.006381244394698492,0.8544194045464885,-0.5195839500354338,1.0,1.0,0.0,0.0,0.0,43.07949566026044,0.4617782857586133,0.08191267038800887,99.9925251667409,110.00004146993928,0.499158487220904,49.71297768210111,0.48584000757364104,0.0065,0.0062,0.0289,0.0398
677,1762837442.7900946,-0.05669804593115636,0.0020263190643814433,0.22543968087401678,0.010440760748459607,0.060435490298093,0.21182091746037113,0.0034369254821637494,0.02628904185851909,0.0,0.0,0.0,1.0,0.0,0.0,0.0,0.0,0.0,0.0,0.0,0.0,0.0,-0.079,-0.486,1.098,0.999,-0.039,0.011,0.031,0.627,-0.119,-0.021,-0.001,-0.37,-0.004,-0.03693158916085078,-0.49225603163720694,1.096255649542513,0.9990826202457744,-0.0383492022266991,0.0014230909285117195,0.031086285142676418,0.6328897906311116,-0.06888993803722004,-0.031510179053792886,0.018889158965037435,-0.2227013815175247,-0.011715177654905099,0.8754955564852082,-0.4832261691740792,1.0,1.0,0.0,0.0,0.0,43.08072421096177,0.46180552416090254,0.081739037836995,99.99228145778223,110.00003929749188,0.49920182980644556,49.70356776305795,0.4839343892769804,0.0066,0.0062,0.031,0.0404
678,1762837442.8776166,-0.05723611809878414,-0.026473185440850606,0.2246423020413075,0.011390658074988878,-0.002690360838138922,-0.14249752252616021,-0.003986894163546377,0.0047494866326463474,0.0,0.0,0.0,1.0,0.0,0.0,0.0,0.0,0.0,0.0,0.0,0.0,0.0,-0.053,-0.49,1.097,0.999,-0.039,0.004,0.031,0.761,-0.115,-0.032,0.047,-0.262,-0.012,-0.002246398918438563,-0.49600892072013814,1.0946278916187908,0.9990860141880681,-0.03712136327055773,-0.0018868597819332302,0.030749121995250206,0.760263402845575,-0.0657021809932321,-0.03898514600984597,0.05383290789632087,-0.10850731788923212,-0.01586105923786633,0.8950255023668869,-0.4460149662431764,1.0,1.0,0.0,0.0,0.0,43.08157011796058,0.46182989017795695,0.08395392582835523,99.99228709203496,110.00003980931534,0.4991916269079369,49.693752336118195,0.4838154516257516,0.0066,0.0063,0.0311,0.0403
679,1762837442.9653459,-0.0443607156641757,0.006755847322511509,0.2246136706012925,0.014222037243320803,0.0643770121730422,0.1661451638168106,-0.00014315720007504126,0.014156895841659623,0.0,0.0,0.0,1.0,0.0,0.0,0.0,0.0,0.0,0.0,0.0,0.0,0.0,-0.016,-0.495,1.096,0.999,-0.037,0.001,0.031,0.553,-0.055,-0.03,0.049,-0.091,-0.011,0.02082179745294666,-0.497101968695964,1.0936751019289996,0.9990733165037831,-0.035297614253393936,-0.0016404866620105135,0.03059293041852241,0.5510803010787181,-0.008446540411184485,-0.03979789734621037,0.04747114885695819,-0.07287341762119919,-0.018328768703360754,0.9129747505023428,-0.40801605966577453,1.0,1.0,0.0,0.0,0.0,43.083062237489806,0.46185971182107827,0.08341324267476453,99.99193309657272,110.00003653380597,0.49925697775588906,49.68253946094361,0.4827607894746448,0.0067,0.0062,0.0308,0.0411
680,1762837443.050746,-0.03645844766840184,0.03706230191241104,0.22391753999615205,0.017674304048534893,0.0395113399788693,0.15153227294949767,-0.003480653025702339,0.01726133402607045,0.0,0.0,0.0,1.0,0.0,0.0,0.0,0.0,0.0,0.0,0.0,0.0,0.0,0.011,-0.497,1.094,0.999,-0.036,-0.002,0.031,0.436,-0.028,-0.029,0.047,-0.049,-0.01,0.03991722132016602,-0.4973481552214733,1.0917497362661432,0.9990759782158476,-0.034168862093525786,-0.0028093040743064485,0.030558912893729827,0.4313416189083871,0.017166860402542825,-0.038438072149864125,0.0595717328914023,-0.004816777513169812,-0.017469377392094646,0.9293116008606831,-0.3692965590223587,1.0,1.0,0.0,0.0,0.0,43.085202695132175,0.46190038134416905,0.08312170608208208,99.99144403680899,110.00003203403519,0.49934676389631927,49.66985844268245,0.4811472297478673,0.0065,0.0063,0.0295,0.0401
681,1762837443.1362107,-0.040866197648830156,-0.02274569608628027,0.22748811205898625,0.014632155342574385,-0.02203874990214158,-0.29903998999345655,0.01785286031417095,-0.015210743529802541,0.0,0.0,0.0,1.0,0.0,0.0,0.0,0.0,0.0,0.0,0.0,0.0,0.0,0.03,-0.498,1.093,0.999,-0.035,-0.002,0.031,0.686,-0.027,-0.052,0.094,0.026,-0.019,0.07562065413778032,-0.49834615680170996,1.0891722854697747,0.9991227800807817,-0.032086369986668715,-0.0005315988338311834,0.030247024338999753,0.6829451694470479,0.015992395641616204,-0.06284381383869403,0.08386294450829132,0.05575059454069825,-0.023257601861892793,0.9440072010544919,-0.32992484652912113,1.0,1.0,0.0,0.0,0.0,43.08615859751667,0.46192401922275234,0.08277283624457898,99.99137280391285,110.00003138574364,0.4993597017574644,49.663489172981066,0.48126571002333374,0.0064,0.0061,0.0297,0.0403
682,1762837443.1924632,-0.04643764595059394,-0.07718675112441331,0.22570195747990363,0.010789900619358096,-0.027857241508818964,-0.2722052751906653,-0.008930772895413011,-0.01921127361608145,0.0,0.0,0.0,1.0,0.0,0.0,0.0,0.0,0.0,0.0,0.0,0.0,0.0,0.048,-0.498,1.091,0.999,-0.033,-0.001,0.031,0.813,-0.014,-0.065,0.135,0.03,-0.027,0.10212313567490187,-0.4975538832156967,1.0867085281730278,0.999142780079615,-0.029326934385449147,-0.0007812364006398188,0.03008529746125192,0.8107805802732307,0.026597792396859114,-0.06313350907052573,0.08967231808942702,-0.020062133433374357,-0.02772281528031453,0.9570355972958091,-0.28997045626865836,1.0,1.0,0.0,0.0,0.0,43.085299126389486,0.4619279135316045,0.08279565956591986,99.99150853293018,110.00003267240287,0.4993340225583304,49.65848658328973,0.48180968979201605,0.0065,0.0061,0.0076,0.0332
683,1762837443.2837355,-0.04271396386720403,-0.06931515082239692,0.22682443294583066,0.01048232612971602,0.018618410416949532,0.03935800151008198,0.005612377329635373,-0.0015378724482103742,0.0,0.0,0.0,1.0,0.0,0.0,0.0,0.0,0.0,0.0,0.0,0.0,0.0,0.072,-0.498,1.089,0.999,-0.031,-0.002,0.03,0.768,0.009,-0.063,0.104,-0.143,-0.02,0.12300871346738779,-0.4961133906109474,1.0846180548467166,0.9990839524829185,-0.02806824536403731,-0.006642783072535404,0.029416903673524702,0.761272809144718,0.0469017302326432,-0.06868408886562091,0.06662027952027336,-0.141636215540776,-0.02320808962507335,0.9683737802329241,-0.24950395138633877,1.0,1.0,0.0,0.0,0.0,43.08532536765862,0.4619416561440019,0.08195575945540355,99.9914864940432,110.00003245959348,0.4993382668505084,49.65439644724583,0.48211087134600844,0.0067,0.006,0.0321,0.0359
684,1762837443.3067172,-0.041425916029612375,-0.07106020643284756,0.22506890034446234,0.01122895442375435,0.006440239187958302,-0.008725278052253229,-0.008777663006841746,0.0037331414701916397,0.0,0.0,0.0,1.0,0.0,0.0,0.0,0.0,0.0,0.0,0.0,0.0,0.0,0.072,-0.498,1.089,0.999,-0.031,-0.002,0.03,0.768,0.009,-0.063,0.104,-0.143,-0.02,0.1230088761523939,-0.49610568739269584,1.0847549484760322,0.9990877555882139,-0.027992095355675543,-0.006355970969101934,0.029423464028586217,0.761346612225292,0.04714073591568767,-0.06413507865160491,0.07176769107112235,-0.1221171905396873,-0.022446192395188806,0.978001725587011,-0.20859679946928403,1.0,1.0,0.0,0.0,0.0,43.08530091438929,0.4619580014483254,0.08142155676327603,99.9914514396079,110.00003215913577,0.4993442596724205,49.64891717518528,0.48227971870157227,0.0012,0.0013,0.0082,0.0113
685,1762837443.4022446,-0.03643184568962192,-0.06538035004116886,0.2267917242331492,0.011784232558191384,0.02497035169995228,0.028399281958393433,0.008614119443434293,0.002776390672185179,0.0,0.0,0.0,1.0,0.0,0.0,0.0,0.0,0.0,0.0,0.0,0.0,0.0,0.108,-0.497,1.086,0.999,-0.029,-0.007,0.03,0.787,0.041,-0.07,0.096,-0.286,-0.018,0.1600121031487294,-0.49307625546432976,1.0811001754517604,0.9990133670794192,-0.026142984508983384,-0.014373887114920535,0.02956067053522664,0.7717333274844782,0.07601484000500096,-0.07723839250701284,0.06480201299658907,-0.1725826361531932,-0.021577734237795368,0.9859024295168592,-0.16732124632799755,1.0,1.0,0.0,0.0,0.0,43.085353997790634,0.46197414279289023,0.08097733018556393,99.9913837945545,110.00003163237368,0.49935477609298207,49.6463292749057,0.48177175623564533,0.0067,0.0057,0.0277,0.0263
686,1762837443.4807231,-0.035603143396670436,-0.06641022456121823,0.22542776910623671,0.01264227894710177,0.0041435114647574295,-0.005149372600246732,-0.006819775634562415,0.004290231944551928,0.0,0.0,0.0,1.0,0.0,0.0,0.0,0.0,0.0,0.0,0.0,0.0,0.0,0.108,-0.497,1.086,0.999,-0.029,-0.007,0.03,0.787,0.041,-0.07,0.096,-0.286,-0.018,0.1600088975470872,-0.49306593012017375,1.081299912867417,0.9990180498939377,-0.026045812577360744,-0.01423831687686137,0.029554681951942163,0.7716338803253437,0.07633050511388688,-0.07072392065436851,0.07034746233946647,-0.16519439628568988,-0.021708040906436188,0.9920619386492264,-0.12575018840359037,1.0,1.0,0.0,0.0,0.0,43.085330674751134,0.46199276159761804,0.08143213228820864,99.99130528770431,110.00003112664955,0.4993648766271242,49.641837126551984,0.48137240711411106,0.0013,0.0055,0.0297,0.0414
687,1762837443.5647519,-0.03414090001496843,-0.0064283988759904626,0.22214322623973615,0.018406615272423855,0.0073112169085100265,0.2999091284261388,-0.01642271433250283,0.02882168162661041,0.0,0.0,0.0,1.0,0.0,0.0,0.0,0.0,0.0,0.0,0.0,0.0,0.0,0.135,-0.495,1.084,0.999,-0.027,-0.013,0.03,0.386,0.032,-0.037,0.062,-0.167,-0.013,0.1600697314887718,-0.49175253314943573,1.0813036631890893,0.9989989573117953,-0.024959785644989876,-0.0173899627697013,0.029577780491742468,0.365130947242046,0.06494332796665886,-0.04407822806506477,0.052331091732090496,-0.10550269887739971,-0.019874829896298168,0.9964693747217872,-0.08395704402592095,1.0,1.0,0.0,0.0,0.0,43.08990563483477,0.4620906382190437,0.08153232531927203,99.99076019717016,110.0000262829301,0.4994615519650572,49.633118284763675,0.478580146253067,0.0068,0.0059,0.0285,0.0398
688,1762837443.648869,-0.03481616871716698,-0.007195064113748373,0.22593576335328136,0.018910973555486807,-0.0033763435109927242,-0.00383332618878951,0.01896268556772608,0.002521791415314764,0.0,0.0,0.0,1.0,0.0,0.0,0.0,0.0,0.0,0.0,0.0,0.0,0.0,0.156,-0.493,1.082,0.999,-0.025,-0.017,0.029,0.59,0.061,-0.063,0.107,-0.205,-0.028,0.19451259882919109,-0.48794190765688855,1.0772673929942795,0.9990223798101731,-0.022027943481964556,-0.020764205942419983,0.028196415401799343,0.5645293730190991,0.09004077273999223,-0.07942062795976337,0.06778113300107583,-0.040780633078227435,-0.029021071113887686,0.9991169537951469,-0.04201562375005775,1.0,1.0,0.0,0.0,0.0,43.09278499417972,0.46216468725143367,0.08504249464253505,99.99057797362809,110.00002511739339,0.4994848378234284,49.62366539344487,0.4787598096897243,0.0065,0.0058,0.0292,0.0396
689,1762837443.7321656,-0.030558495596451428,-0.013992441239089307,0.2254203272082069,0.017766977545034625,0.021288365603577775,-0.03398688562670466,-0.00257718072537233,-0.005719980052260919,0.0,0.0,0.0,1.0,0.0,0.0,0.0,0.0,0.0,0.0,0.0,0.0,0.0,0.19,-0.489,1.078,0.999,-0.023,-0.019,0.029,0.542,0.075,-0.071,0.058,0.033,-0.021,0.22530188357329164,-0.4830523061379596,1.0731802222339806,0.9990853579823069,-0.02136669568527662,-0.017562479642818013,0.028204624251118714,0.5173401642653184,0.10310834285460582,-0.07295222261528539,0.042712492890347814,0.048508562236287044,-0.02610536890752644,1.0,-4.898587196589413e-16,1.0,1.0,0.0,0.0,0.0,43.094460298122584,0.46221116659351913,0.08481424356094122,99.99031311698738,110.00002270246014,0.4995330468416998,49.617963411060174,0.478122991614761,0.0064,0.0058,0.029,0.0392
690,1762837443.8146865,-0.03097472158750637,-0.023575294712465618,0.2269979493761144,0.016724189696717254,-0.0020811299552747076,-0.047914267366881515,0.007888110839537478,-0.005213939241586863,0.0,0.0,0.0,1.0,0.0,0.0,0.0,0.0,0.0,0.0,0.0,0.0,0.0,0.192,-0.489,1.077,0.999,-0.022,-0.019,0.029,0.565,0.079,-0.075,0.059,0.042,-0.021,0.22884242372860675,-0.4828334465770031,1.0718262611345541,0.999085809758926,-0.02029911631616166,-0.017493249639086498,0.028222112787145568,0.5406029211834691,0.10563196700016986,-0.08024012591722876,0.04597935961585691,0.044685418697414096,-0.025141330188500653,1.0,-4.898587196589413e-16,1.0,1.0,0.0,0.0,0.0,43.09598691836486,0.46225761333851456,0.08454302705680788,99.99009218823356,110.00002069272416,0.4995731689421785,49.6122975506116,0.4778109150894486,0.0063,0.0059,0.0284,0.0391
691,1762837443.8970714,-0.02714767301829883,-0.03924058604633921,0.22709486260691064,0.015246604877153557,0.01913524284603771,-0.07832645666936794,0.0004845661539811443,-0.007387924097818488,0.0,0.0,0.0,1.0,0.0,0.0,0.0,0.0,0.0,0.0,0.0,0.0,0.0,0.209,-0.487,1.075,0.999,-0.022,-0.018,0.028,0.59,0.093,-0.082,0.053,0.063,-0.022,0.24755278883196452,-0.47988811378082896,1.0695404946252332,0.9990848998722288,-0.02045932930751523,-0.016251282247328632,0.027197169717486345,0.5669738917936035,0.12004333638503563,-0.08150861141253092,0.04212394724813445,0.04156892584851635,-0.025180996446811942,0.9887640449438202,-4.843546891009757e-16,1.0,1.0,0.0,0.0,0.0,43.09631740283378,0.4622792317544177,0.08436414508961923,99.98993405184058,110.00001927002153,0.49960157180607173,49.60666734864735,0.4776954497231789,0.0066,0.0058,0.0282,0.039
692,1762837443.9809895,-0.04124982285727992,0.020759228022321816,0.220885600632145,0.021834264948966356,-0.07051074919490546,0.2999990703433051,-0.031046309873828226,0.03293830035906398,0.0,0.0,0.0,1.0,0.0,0.0,0.0,0.0,0.0,0.0,0.0,0.0,0.0,0.23,-0.483,1.072,0.999,-0.021,-0.017,0.028,0.034,0.006,-0.005,0.003,0.003,-0.001,0.23150364284272257,-0.48171302022747764,1.0715908928943343,0.9990187506413432,-0.02051129299370461,-0.016971921161709154,0.027709443602250177,0.011113666113463276,0.03252196796390456,-0.00724252190070978,0.023293379370484712,-0.002360049863371353,-0.014836803430104942,0.9775280898876404,-4.788506585430101e-16,1.0,1.0,0.0,0.0,0.0,43.10670186080259,0.46251643967608896,0.08587909671621674,99.98916447970126,110.00001260830352,0.499734590461394,49.59917942075739,0.4738174343590823,0.0066,0.0059,0.0281,0.0402
693,1762837444.064322,-0.023212395371915835,-0.03847058864644262,0.23284612899777468,0.019430421345371943,0.09018713742682041,-0.2961490833438222,0.05980264182814833,-0.012019218017972063,0.0,0.0,0.0,1.0,0.0,0.0,0.0,0.0,0.0,0.0,0.0,0.0,0.0,0.256,-0.478,1.068,0.999,-0.02,-0.016,0.028,0.568,0.117,-0.09,0.03,0.074,-0.02,0.29320671612316584,-0.4693860826438441,1.0613659304371745,0.9990790942118615,-0.019317389688593336,-0.013130922261484655,0.02713637599323087,0.5488447781545772,0.14125420557115778,-0.10988674271833893,0.015395122491618366,0.09814905073929556,-0.02839580394834101,0.9662921348314607,-4.733466279850443e-16,1.0,1.0,0.0,0.0,0.0,43.10707920134519,0.4625408816947894,0.08523401450621813,99.98904807750128,110.00001141239838,0.49975848738614814,49.595085962372636,0.474520191814453,0.0063,0.0059,0.0285,0.0396
694,1762837444.1475043,-0.020079273122648726,-0.053462617665210675,0.22665838745135142,0.016516226332140487,0.015665611246335573,-0.07496014509384029,-0.03093870773211626,-0.014570975066157295,0.0,0.0,0.0,1.0,0.0,0.0,0.0,0.0,0.0,0.0,0.0,0.0,0.0,0.273,-0.474,1.065,0.999,-0.019,-0.015,0.027,0.556,0.125,-0.09,0.032,0.06,-0.023,0.30939553418959514,-0.4648485687264902,1.0596931412183759,0.9990613920997455,-0.01786436915106906,-0.013832791653090358,0.026112659169155866,0.5360858893214827,0.14936558704673752,-0.06739713272796852,0.03740873689034569,0.010360572694344698,-0.029127503711619103,0.9550561797752809,-4.678425974270787e-16,1.0,1.0,0.0,0.0,0.0,43.10452031104711,0.4624956963189399,0.08514359462479579,99.98894979215825,110.00001048000547,0.49977711970044264,49.59008128252828,0.47483986115009796,0.0063,0.0058,0.0291,0.0392
695,1762837444.231153,-0.026813410042166544,-0.009637743741333,0.226565046357045,0.016950774056211135,-0.03367068459758907,0.2191243696193884,-0.00046670547153214535,0.0021727386203532224,0.0,0.0,0.0,1.0,0.0,0.0,0.0,0.0,0.0,0.0,0.0,0.0,0.0,0.291,-0.47,1.063,0.999,-0.019,-0.014,0.027,0.362,0.088,-0.055,0.033,-0.014,-0.014,0.3144974608110172,-0.46334534907412284,1.059212480357595,0.999028176765406,-0.01776754572941546,-0.01473078847608977,0.026401457683293755,0.34281203197828114,0.11134324214981445,-0.05958367198912563,0.038115536430818664,-0.029789625100485072,-0.02238202729347631,0.9438202247191011,-4.623385668691131e-16,1.0,1.0,0.0,0.0,0.0,43.107385374180524,0.4625700101647763,0.08541561952689192,99.98862511575639,110.00000760348324,0.4998345788316109,49.58544107196125,0.474237762797264,0.0065,0.0059,0.0292,0.0392
696,1762837444.3133807,-0.010641486500573637,-0.0694783422889284,0.23241869903906107,0.013290372769194165,0.08085961770796453,-0.29920299273797696,0.029268263410080306,-0.018302006435084853,0.0,0.0,0.0,1.0,0.0,0.0,0.0,0.0,0.0,0.0,0.0,0.0,0.0,0.319,-0.463,1.058,0.999,-0.017,-0.015,0.026,0.666,0.183,-0.106,0.058,-0.0,-0.025,0.3627358517984677,-0.4501042199128125,1.0509236640217974,0.9990551420602612,-0.015462900657450424,-0.014426951939052348,0.025151693341274425,0.6462077300249657,0.20353697360460263,-0.10628884575524658,0.035929721639862786,0.03190124934977861,-0.02652176021732895,0.9325842696629214,-4.568345363111475e-16,1.0,1.0,0.0,0.0,0.0,43.10310751608065,0.46249126304374044,0.08447315258510431,99.98866185444213,110.0000078199648,0.49983025967581113,49.58164964992963,0.47522085219443205,0.0064,0.0059,0.0278,0.0393
697,1762837444.3962476,-0.009352857411508052,-0.0803825652236396,0.2278702576562638,0.011980716992116829,0.006443145445327952,-0.054521114673556026,-0.022742206913986363,-0.006548278885386689,0.0,0.0,0.0,1.0,0.0,0.0,0.0,0.0,0.0,0.0,0.0,0.0,0.0,0.332,-0.459,1.056,0.999,-0.017,-0.015,0.026,0.599,0.173,-0.095,0.051,-0.005,-0.019,0.3712375507794329,-0.4467517130249237,1.0502604633385337,0.9990318625609796,-0.015237116959931771,-0.015867789881135904,0.02534561476788475,0.5779216095911561,0.19408116926784016,-0.07634140576903184,0.05293297304066894,-0.04776725879260909,-0.022111640866363386,0.9213483146067416,-4.513305057531819e-16,1.0,1.0,0.0,0.0,0.0,43.098484400536414,0.4624062569709903,0.08435298845023037,99.98861887003932,110.00000745474836,0.49983755915163025,49.57672120265686,0.4757840855892848,0.0068,0.006,0.0279,0.0395
698,1762837444.4791312,-0.01631315244676405,-0.04820697817460258,0.22814122797581346,0.012964672910381567,-0.034801475176279975,0.16087793524518504,0.0013548515977481828,0.00491977959132369,0.0,0.0,0.0,1.0,0.0,0.0,0.0,0.0,0.0,0.0,0.0,0.0,0.0,0.35,-0.454,1.053,0.999,-0.016,-0.016,0.026,0.471,0.146,-0.068,0.062,-0.095,-0.013,0.38064287289716164,-0.44361985696292733,1.0484890927226755,0.9989905676848981,-0.013986695063869523,-0.018944631546686245,0.025540627211942113,0.4476819493804884,0.1649308073021875,-0.06806160601644641,0.05380448761222393,-0.08493182124066634,-0.01834256384874606,0.9101123595505618,-4.458264751952162e-16,1.0,1.0,0.0,0.0,0.0,43.09794251531792,0.4624057440317951,0.08402251885723945,99.98841202881403,110.00000565630975,0.49987347971694396,49.57333180990421,0.4755252032764775,0.0064,0.0057,0.0284,0.0394
699,1762837444.5638788,-0.01383782743339523,-0.05697139991146781,0.2285951710796673,0.012907741085414735,0.012376625066844109,-0.04382210868432608,0.0022697155192691835,-0.00028465912483415304,0.0,0.0,0.0,1.0,0.0,0.0,0.0,0.0,0.0,0.0,0.0,0.0,0.0,0.361,-0.45,1.052,0.999,-0.015,-0.018,0.026,0.537,0.172,-0.076,0.078,-0.132,-0.017,0.3959462769464919,-0.43793522775442545,1.04703811222075,0.9989861554538412,-0.012813043055368732,-0.020991926084332736,0.02545630051480977,0.5107132167574695,0.18943902125932738,-0.07284306126489887,0.04993553786552604,-0.056422057958767494,-0.020155033322615024,0.898876404494382,-4.4032244463725057e-16,1.0,1.0,0.0,0.0,0.0,43.095938149201935,0.4623825616063425,0.08437528301855281,99.98828903844577,110.00000467145999,0.4998931587153033,49.56902795206982,0.4752708742638417,0.0069,0.0059,0.029,0.0402
700,1762837444.648819,-0.001732383259133028,-0.0956037196086541,0.23080028777905892,0.011383894503547595,0.06052722087131101,-0.19316159848593148,0.011025583496958062,-0.007619232909335706,0.0,0.0,0.0,1.0,0.0,0.0,0.0,0.0,0.0,0.0,0.0,0.0,0.0,0.38,-0.444,1.049,0.999,-0.014,-0.019,0.026,0.668,0.229,-0.093,0.081,-0.108,-0.02,0.42364350419650365,-0.4281796964184478,1.0429658153162171,0.9989911301018929,-0.011726246370709072,-0.02166018534586217,0.025381093678718276,0.6407002095169556,0.2450831159727697,-0.08799094816310042,0.053254961267220235,-0.06040285870494531,-0.02165963353694916,0.8876404494382022,-4.3481841407928496e-16,1.0,1.0,0.0,0.0,0.0,43.091138861480694,0.4623170739161518,0.08450094637069556,99.98830123384958,110.000004850237,0.4998895945440155,49.56389986679957,0.4757379208628393,0.0064,0.0061,0.0299,0.0398
701,1762837444.7196546,-0.0005353027646580379,-0.09023347466494117,0.2291282953085333,0.011069074658251781,0.0059854024723749455,0.02685122471856463,-0.00835996235262812,-0.0015740992264790723,0.0,0.0,0.0,1.0,0.0,0.0,0.0,0.0,0.0,0.0,0.0,0.0,0.0,0.404,-0.435,1.046,0.999,-0.012,-0.022,0.025,0.642,0.238,-0.081,0.097,-0.192,-0.017,0.4457328100682472,-0.41867436710510136,1.0409732362269164,0.9989145839168136,-0.009141418931435207,-0.027195580989753512,0.024510180593033504,0.6087827888587997,0.2510952892867725,-0.06955608369156145,0.06920105991893616,-0.13223358122913056,-0.01924752025222294,0.8764044943820225,-4.2931438352131935e-16,1.0,1.0,0.0,0.0,0.0,43.08694886612112,0.462266277097912,0.08389807911984666,99.98825207008956,110.00000442450411,0.4998980986913175,49.5606717250131,0.47571068960176177,0.0066,0.0059,0.0285,0.0269
702,1762837444.7444134,-0.012103864546722526,-0.05006822811176664,0.2268883628542382,0.012691410130288409,-0.05784280891032244,0.20082623276587258,-0.01119966227147529,0.008111677360183145,0.0,0.0,0.0,1.0,0.0,0.0,0.0,0.0,0.0,0.0,0.0,0.0,0.0,0.416,-0.431,1.044,0.999,-0.011,-0.024,0.025,0.474,0.183,-0.054,0.077,-0.166,-0.013,0.4464677626472962,-0.4183826065741866,1.0405415945052316,0.9989197681870112,-0.00866007307601158,-0.02833276610060601,0.0245908539215184,0.43907891084403644,0.19497338224076954,-0.05008020543460724,0.057641306416909316,-0.10300636365434687,-0.016955576761598028,0.8651685393258427,-4.238103529633537e-16,1.0,1.0,0.0,0.0,0.0,43.08637800883368,0.46227087933123073,0.08394226832305385,99.98802938476476,110.00000256817346,0.49993518023805195,49.55808049558622,0.47512030056586446,0.0016,0.0018,0.01,0.0102
703,1762837444.7647138,-0.009964470955628048,-0.05749608631736823,0.2291326699824253,0.01280239457433761,0.010696967955472397,-0.03713929102800799,0.011221535640935486,0.0005549222202459992,0.0,0.0,0.0,1.0,0.0,0.0,0.0,0.0,0.0,0.0,0.0,0.0,0.0,0.423,-0.428,1.044,0.999,-0.01,-0.025,0.025,0.541,0.214,-0.06,0.104,-0.223,-0.018,0.4578894026506485,-0.4133733093280568,1.039927393639206,0.9989069131746846,-0.007326046700763008,-0.029737686201411085,0.024471833825707785,0.5046107519136903,0.22416270536692712,-0.06257274910823966,0.05296008910570857,-0.07888638541606634,-0.02015770695698774,0.8539325842696629,-4.1830632240538807e-16,1.0,1.0,0.0,0.0,0.0,43.08521523024261,0.46227774370305313,0.08666314692330628,99.98792149508276,110.0000020337072,0.49994588396214923,49.55195646511043,0.4751278125600147,0.0016,0.0018,0.0093,0.0063
704,1762837444.840565,-0.007204957854673321,-0.0638615484709538,0.22876281411806834,0.01251071488194313,0.01379756550477363,-0.03182731076792781,-0.0018492793217847183,-0.0014583984619723996,0.0,0.0,0.0,1.0,0.0,0.0,0.0,0.0,0.0,0.0,0.0,0.0,0.0,0.427,-0.426,1.043,0.999,-0.01,-0.026,0.025,0.571,0.229,-0.063,0.118,-0.251,-0.021,0.46381893101263705,-0.4103768789542637,1.0389864692798663,0.9988789184611713,-0.0068910592657306724,-0.03162353716369887,0.024423084771713264,0.5322319283205151,0.23895120084000776,-0.05714436583196665,0.06463525565042774,-0.10752957389361428,-0.021569169210459364,0.8426966292134832,-4.128022918474224e-16,1.0,1.0,0.0,0.0,0.0,43.082825396783754,0.46227250727074576,0.08861691502824261,99.98782456688436,110.00000151114834,0.4999563403049405,49.54622107275752,0.47580113039823857,0.0016,0.0019,0.0097,0.0251
705,1762837444.8918927,0.03976604220510208,-0.12385877649578914,0.2404761143432512,0.008192679053811687,0.23485500029887701,-0.2999861401241767,0.058566501125914334,-0.02159017914065722,0.0,0.0,0.0,1.0,0.0,0.0,0.0,0.0,0.0,0.0,0.0,0.0,0.0,0.442,-0.42,1.042,0.999,-0.008,-0.028,0.025,1.071,0.451,-0.116,0.14,-0.189,-0.03,0.5120947101369764,-0.3896749494516567,1.0344411486620773,0.9989133399023195,-0.00442664687793229,-0.03226242051585416,0.024215382939359757,1.030864279807004,0.45790682269856475,-0.11090155949995345,0.0735034975068262,-0.08372474488581057,-0.02556353209119458,0.8314606741573034,-4.072982612894568e-16,1.0,1.0,0.0,0.0,0.0,43.07188289399116,0.4622060867088418,0.08927238822443237,99.98822553635657,110.00000516420945,0.4998833670741891,49.53374164793924,0.47966662008132627,0.0017,0.0019,0.0097,0.0096
706,1762837444.9898667,0.0005590599765442419,-0.08166065113814605,0.22410975053937715,0.012145642452301566,-0.1960349111427892,0.2109906267882154,-0.08183181901937017,0.01976481699244939,0.0,0.0,0.0,1.0,0.0,0.0,0.0,0.0,0.0,0.0,0.0,0.0,0.0,0.454,-0.415,1.041,0.999,-0.007,-0.029,0.025,0.567,0.249,-0.042,0.141,-0.177,-0.012,0.4903706020692649,-0.3981830502339839,1.03952624483827,0.998866977809565,-0.002504888387245439,-0.03409934684089174,0.024735673226261287,0.5228035786630244,0.25442808784153936,-0.0006279097658726824,0.12394278187785251,-0.14214354687306316,-0.013041116953745026,0.8202247191011236,-4.017942307314912e-16,1.0,1.0,0.0,0.0,0.0,43.067673450961976,0.4621890942736732,0.08798496980254382,99.98799253442513,110.00000309625472,0.4999246640204524,49.532048477322455,0.4794874223740162,0.0072,0.0059,0.0307,0.0102
707,1762837445.0371106,-0.028352748963824483,-0.022273827119205468,0.22404452731347996,0.015090652414215618,-0.14455904470184364,0.296934120094703,-0.0003261161294859406,0.014725049809570262,0.0,0.0,0.0,1.0,0.0,0.0,0.0,0.0,0.0,0.0,0.0,0.0,0.0,0.46,-0.412,1.04,0.999,-0.006,-0.03,0.025,0.299,0.134,-0.02,0.085,-0.106,-0.008,0.47861117478518206,-0.4028805410854902,1.038124944965492,0.9989404132112389,-0.0037809225259704607,-0.03251316847985957,0.02467206478403696,0.25896733335885425,0.13907772225516898,-0.03879025109958912,0.04460874192029795,-0.0505492420383874,-0.015677198846272982,0.8089887640449438,-3.9629020017352553e-16,1.0,1.0,0.0,0.0,0.0,43.06987923113189,0.4622111775644286,0.08835170333624602,99.98751395443392,109.99999912135908,0.5000040778574558,49.53252117623782,0.4779201631026362,0.0017,0.0029,0.0143,0.016
708,1762837445.1346216,-0.03975826289022546,0.01563820268020568,0.22319632515118207,0.016464866418312945,-0.05702756963200488,0.18956014899705578,-0.004241010811489455,0.0068710700204866314,0.0,0.0,0.0,1.0,0.0,0.0,0.0,0.0,0.0,0.0,0.0,0.0,0.0,0.479,-0.404,1.039,0.999,-0.005,-0.032,0.024,0.184,0.088,-0.016,0.015,0.003,-0.007,0.4899002263709606,-0.3979548032423629,1.0375521452559258,0.9990451052666589,-0.005013800390156302,-0.03088803805256485,0.023574542587233384,0.14322793138929696,0.09335928848157109,-0.027373769109986734,-0.013610627679364178,0.06048841014918267,-0.017036720817927987,0.797752808988764,-3.907861696155599e-16,1.0,1.0,0.0,0.0,0.0,43.0739514480083,0.4622354834874524,0.08904908324009964,99.9869775445262,109.99999468000219,0.5000928255397732,49.53377126475091,0.4762404138411417,0.0017,0.0026,0.0404,0.021
709,1762837445.1586523,-0.042031370776635595,0.02093929046591125,0.2253132646279768,0.016360374445360024,-0.011365539432050667,0.026505438928527827,0.010584697383973805,-0.0005224598647646135,0.0,0.0,0.0,1.0,0.0,0.0,0.0,0.0,0.0,0.0,0.0,0.0,0.0,0.479,-0.404,1.039,0.999,-0.005,-0.032,0.024,0.184,0.088,-0.016,0.015,0.003,-0.007,0.48991177129278496,-0.3979534127105956,1.037466062298783,0.9990639797512797,-0.0051955004328659024,-0.030262020753045543,0.023554009857597806,0.14367716672582892,0.09342494526756472,-0.030061543361833563,-0.021162778333352283,0.09215142735669683,-0.017598118559871243,0.7865168539325843,-3.8528213905759425e-16,1.0,1.0,0.0,0.0,0.0,43.07905431643474,0.4622656093525667,0.09132580423942406,99.98650275596677,109.99999096097183,0.5001671697033093,49.532016571194156,0.4760413398865694,0.0016,0.0019,0.01,0.0097
710,1762837445.2643437,-0.022958712257278177,-0.022768132158244126,0.2289259556865939,0.014189836005631222,0.09536329259678705,-0.21853711312077687,0.018063455293085538,-0.010852692198644,0.0,0.0,0.0,1.0,0.0,0.0,0.0,0.0,0.0,0.0,0.0,0.0,0.0,0.506,-0.39,1.036,0.999,-0.006,-0.027,0.024,0.256,0.134,-0.035,-0.053,0.171,-0.014,0.5219745569849759,-0.3808068197480698,1.0334674674824573,0.9991342683429154,-0.007829428437299822,-0.02160938525482822,0.023333396011930324,0.22437063229197732,0.1422230606926966,-0.04055906003303811,-0.049630012597285,0.15495217466712446,-0.020397289086717212,0.7752808988764045,-3.7977810849962864e-16,1.0,1.0,0.0,0.0,0.0,43.08127071804302,0.46228764951756945,0.09076765452547148,99.98615825123304,109.9999879827244,0.500226684120679,49.53115036536851,0.4749591701135843,0.013,0.007,0.0346,0.0067
711,1762837445.286159,0.03704128362360938,-0.08276813136437759,0.2512525482662664,-0.02842163022332477,0.2999999794044378,-0.2999999960306673,0.11163296289836257,-0.21305733114477993,0.0,0.0,0.0,1.0,0.0,0.0,0.0,0.0,0.0,0.0,0.0,0.0,0.0,0.525,-0.38,1.033,0.999,-0.008,-0.02,0.023,1.896,1.056,-0.288,-0.52,1.495,-0.129,0.651104052325318,-0.3090353554584448,1.0142319690554642,0.9990038567727326,-0.020799551643151712,0.01463971234952972,0.01918215360179464,1.895144545158965,1.0761107281310485,-0.2745974776245496,-0.233028240543595,0.6848641692428575,-0.0759101829397201,0.7640449438202247,-3.7427407794166303e-16,1.0,1.0,0.0,0.0,0.0,43.043558875287,0.4622940869718946,0.09531928378087268,99.98827844615222,110.00000583601117,0.4998698766809361,49.487522658167755,0.4691703206964865,0.0011,0.0014,0.0067,0.0082
712,1762837445.357858,-0.008933487360390353,-0.04322079248135466,0.22289411834701392,-0.01644815816947682,-0.22987385491999868,0.1977366944151147,-0.14179214959626274,0.05986736026923978,0.0,0.0,0.0,1.0,0.0,0.0,0.0,0.0,0.0,0.0,0.0,0.0,0.0,0.535,-0.374,1.032,1.0,-0.009,-0.018,0.023,0.172,0.1,-0.01,0.02,0.022,0.007,0.5455862823026238,-0.3669358267057608,1.033770070314761,0.9999911436756673,-0.007386616426180196,-0.018278801257460897,0.023730858370594833,0.14541350590588878,0.11159928047306845,0.06627143992471457,0.07431552273697879,-0.03840992893339421,0.03456975564684898,0.752808988764045,-3.6877004738369737e-16,1.0,1.0,0.0,0.0,0.0,43.042825946907435,0.46229969127122494,0.09873710872798598,99.987703439847,110.00000067600385,0.4999730397942807,49.48792086455101,0.4675524492361012,0.0018,0.002,0.0098,0.0086
713,1762837445.450922,-0.012170281635431933,-0.05350628240585515,0.22870883748437326,-0.007616123566473265,-0.016183971375207926,-0.0514274496225024,0.029073595686796697,0.04416017301501779,0.0,0.0,0.0,1.0,0.0,0.0,0.0,0.0,0.0,0.0,0.0,0.0,0.0,0.55,-0.365,1.031,1.0,-0.007,-0.018,0.023,0.272,0.167,-0.008,0.05,-0.021,0.018,0.5673624452328229,-0.35361074048637436,1.029685079363603,0.999983778967211,-0.005751504819114769,-0.01842644769362262,0.02370261573752901,0.24896379038367772,0.17436624507691212,-0.0358222294044185,0.024047060797922903,-0.005301051462297852,0.021403836128880475,0.7415730337078652,-3.632660168257317e-16,1.0,1.0,0.0,0.0,0.0,43.04536813020952,0.4623110705118531,0.09900996857022405,99.98732125436467,109.99999751045362,0.5000362863937,49.488330802070124,0.46689879582056,0.0017,0.002,0.0231,0.0218
714,1762837445.4884443,-0.014812158094251281,-0.049407349498192955,0.2253738385513927,-0.0016103146153192052,-0.013209382294096732,0.02049466453831096,-0.016674994664902715,0.030029044755770305,0.0,0.0,0.0,1.0,0.0,0.0,0.0,0.0,0.0,0.0,0.0,0.0,0.0,0.56,-0.359,1.031,1.0,-0.006,-0.019,0.024,0.25,0.159,-0.008,0.033,-0.033,0.013,0.5758124267475105,-0.3481713207378961,1.0305951590349456,0.9999755821006335,-0.005152854535519158,-0.01995013025798293,0.024439401046906083,0.22412607139940624,0.16567060788770702,-0.0032495276434089983,0.017981081559934678,-0.026372296454034026,0.011620443548832264,0.7303370786516854,-3.577619862677661e-16,1.0,1.0,0.0,0.0,0.0,43.04687929591417,0.46232144793527913,0.09924424908800383,99.98697905337093,109.9999947376535,0.5000916821149649,49.48842358431699,0.46640153218962094,0.0016,0.0012,0.0078,0.0091
715,1762837445.5524054,-0.013865710643358703,-0.04588987753522381,0.22700228959617808,0.0025797772288123537,0.004732237254462902,0.01758735981484571,0.008142255223927043,0.02095045922065779,0.0,0.0,0.0,1.0,0.0,0.0,0.0,0.0,0.0,0.0,0.0,0.0,0.0,0.571,-0.351,1.031,1.0,-0.006,-0.02,0.024,0.232,0.153,-0.009,0.016,-0.037,0.006,0.5855846146145944,-0.34056951404413255,1.030116529968141,0.9999792871894294,-0.005599867091039532,-0.02092249695970845,0.024172812625335712,0.20535784778994323,0.15981388974678373,-0.017996511594063576,0.007450343129832087,-0.020137874837819203,0.0034725976732407466,0.7191011235955056,-3.522579557098005e-16,1.0,1.0,0.0,0.0,0.0,43.04911346542815,0.462327567027342,0.09941459093838498,99.98667508710858,109.99999229009465,0.500140578512625,49.48819292017866,0.46602704063724676,0.0013,0.0013,0.0075,0.0067
716,1762837445.621641,-0.002509090184172308,-0.06217944001751465,0.2271517302899322,0.00476661438927567,0.05678310229593198,-0.08144781241145421,0.0007472034687707827,0.010934185802316582,0.0,0.0,0.0,1.0,0.0,0.0,0.0,0.0,0.0,0.0,0.0,0.0,0.0,0.579,-0.346,1.03,0.999,-0.006,-0.02,0.024,0.287,0.196,-0.012,0.012,-0.041,0.003,0.597242417951443,-0.33269942326400487,1.0291269871111448,0.9989813158626287,-0.005671994555324524,-0.020962484661257608,0.024036419150384476,0.2600449133379245,0.2029403539658682,-0.013929186578165591,0.006829103718164084,-0.019048756429976128,-0.001296817569303085,0.7078651685393258,-3.4675392515183487e-16,1.0,1.0,0.0,0.0,0.0,43.050497805249634,0.4623363289233015,0.09933329656189586,99.98647261600358,109.99999066293773,0.5001730804387734,49.486146051610646,0.46587788505416533,0.0015,0.0015,0.0084,0.0081
717,1762837445.7199192,-0.0006817265138215726,-0.06417639913889502,0.22706573652486858,0.006612567644623481,0.009136818351753694,-0.009984795606901808,-0.00042996882531817684,0.009229766276739052,0.0,0.0,0.0,1.0,0.0,0.0,0.0,0.0,0.0,0.0,0.0,0.0,0.0,0.591,-0.338,1.03,0.999,-0.005,-0.021,0.024,0.282,0.201,-0.012,0.023,-0.059,-0.003,0.6088577259627064,-0.3244167690785723,1.0291245574464938,0.9989706512149203,-0.00421882374989973,-0.0226520610485184,0.02386919083687997,0.25336421949007215,0.20631547279071963,-0.014242609691190651,0.02187846055690269,-0.043387845933754755,-0.00607281508367745,0.6966292134831461,-3.412498945938692e-16,1.0,1.0,0.0,0.0,0.0,43.05184360588658,0.46234380889940013,0.0991440104215293,99.98629072997612,109.99998919165773,0.5002024685129782,49.48392231093785,0.4657081988576277,0.0077,0.0061,0.0298,0.0073
718,1762837445.7583563,-0.014268902304595573,-0.04156849391239639,0.2265064284427392,0.009089602827361293,-0.06793587895386999,0.1130395261324931,-0.002796540410646884,0.012385175913689064,0.0,0.0,0.0,1.0,0.0,0.0,0.0,0.0,0.0,0.0,0.0,0.0,0.0,0.6,-0.331,1.029,0.999,-0.005,-0.022,0.024,0.184,0.136,-0.008,0.023,-0.055,-0.005,0.6112830983474896,-0.3217514192354021,1.0283753901234063,0.9989739030145774,-0.004208291404892963,-0.023523327395819898,0.023792696710979777,0.15416067151603538,0.14127916703042598,-0.01075168690538166,0.0218870002931484,-0.03875662981881471,-0.008593220521689862,0.6853932584269663,-3.3574586403590354e-16,1.0,1.0,0.0,0.0,0.0,43.05403882506406,0.46234274438068534,0.09918988225871042,99.98603052538729,109.99998715008236,0.5002432537480364,49.48335022216616,0.4654458307220689,0.0016,0.0019,0.0099,0.0088
719,1762837445.8275871,0.045516807883918445,-0.10154245935835873,0.23307592969984878,0.004682498707657155,0.2989285509425701,-0.2998698272298116,0.032847506285547945,-0.022035520598520694,0.0,0.0,0.0,1.0,0.0,0.0,0.0,0.0,0.0,0.0,0.0,0.0,0.0,0.612,-0.322,1.029,0.999,-0.004,-0.024,0.024,0.59,0.46,-0.03,0.032,-0.071,-0.019,0.6502645880328504,-0.2911985860806363,1.0268705128638977,0.9989817976686949,-0.003283367698035746,-0.025404192962772538,0.023415771723421547,0.5576225929139338,0.46387538089487385,-0.03396825313671705,0.009377745197063312,-0.017948251675779563,-0.01770561896489322,0.6741573033707865,-3.3024183347793793e-16,1.0,1.0,0.0,0.0,0.0,43.0519178749642,0.46237712136126624,0.09927826749522468,99.98625330305238,109.99998889370391,0.5002084125566314,49.4722020724492,0.4657755394521174,0.0017,0.0018,0.0153,0.0065
720,1762837445.9205384,-0.004945563064174124,-0.0507692932517856,0.22603069673379006,0.009244233961749539,-0.2523118547404628,0.25386583053286566,-0.03522616483029372,0.022808676270461913,0.0,0.0,0.0,1.0,0.0,0.0,0.0,0.0,0.0,0.0,0.0,0.0,0.0,0.618,-0.318,1.029,0.999,-0.004,-0.024,0.024,0.187,0.15,-0.006,0.047,-0.06,-0.005,0.6293591958761866,-0.30787661516213966,1.0291413676230456,0.9989526203137205,-0.0017703890093600943,-0.02626548970192741,0.023867440666557504,0.15322141609877635,0.15319876137332025,0.011176030026418796,0.08243176361824739,-0.08001956935177774,-0.006180889321979579,0.6629213483146068,-3.247378029199723e-16,1.0,1.0,0.0,0.0,0.0,43.05234563758206,0.4623849491099061,0.0995759827307422,99.98599174349901,109.9999869104217,0.5002480355301724,49.471158964241475,0.4657698139080958,0.0016,0.0033,0.0229,0.0238
721,1762837445.9691372,-0.004474738380517498,-0.05473082591625366,0.22796850469807203,0.010530857349525255,0.002354123418283144,-0.019807663322340296,0.009689039821409963,0.00643311693887858,0.0,0.0,0.0,1.0,0.0,0.0,0.0,0.0,0.0,0.0,0.0,0.0,0.0,0.627,-0.31,1.028,0.999,-0.002,-0.026,0.024,0.234,0.198,-0.006,0.064,-0.069,-0.008,0.6414536889400198,-0.296767559441871,1.0273280917748882,0.9989728832748803,-0.0005155174239576413,-0.027360133050048193,0.023693165319726695,0.19937895291639005,0.19864772628186156,-0.015246877160732194,0.022935453580479288,-0.01644151084783741,-0.012615911778099101,0.651685393258427,-3.192337723620067e-16,1.0,1.0,0.0,0.0,0.0,43.05345564071051,0.46238797820159594,0.10005553391768075,99.98580766101409,109.99998558646055,0.5002744918287287,49.468441994665795,0.4655493869132638,0.0066,0.0056,0.0095,0.0105
722,1762837446.0243802,0.017641387953151556,-0.0817478064997786,0.22803932565957133,0.009664897430446368,0.11058063166834527,-0.13508490291762462,0.00035410480749641657,-0.004329799595394434,0.0,0.0,0.0,1.0,0.0,0.0,0.0,0.0,0.0,0.0,0.0,0.0,0.0,0.637,-0.302,1.028,0.999,-0.001,-0.027,0.024,0.322,0.286,-0.008,0.036,-0.035,-0.01,0.6572756413426046,-0.2829329883037901,1.0274736633157282,0.9989906915959691,-0.0001303289459480374,-0.02769568147551921,0.02361294880483772,0.2860902447563715,0.285808247144333,-0.007493127416835983,0.016374779709513176,-0.010695216271148365,-0.014244739246619724,0.6404494382022472,-3.1372974180404104e-16,1.0,1.0,0.0,0.0,0.0,43.05350989076661,0.4624003050262934,0.10046794420329454,99.98574638194077,109.9999852214609,0.5002817897863878,49.46274215683329,0.46576240690234977,0.0014,0.0013,0.0076,0.0114
723,1762837446.122771,0.003599150203044436,-0.06101224114086743,0.22684798929056416,0.010646789414454454,-0.07021118875053559,0.10367782679455587,-0.005956681845035739,0.004909459920040427,0.0,0.0,0.0,1.0,0.0,0.0,0.0,0.0,0.0,0.0,0.0,0.0,0.0,0.644,-0.295,1.028,0.999,-0.001,-0.028,0.023,0.226,0.21,-0.004,0.044,-0.055,-0.009,0.6578213333312898,-0.28100652615440413,1.0277202643670067,0.9989612963670695,0.000489642034002559,-0.02961514327722817,0.02267250293912922,0.18828258423042749,0.2094673357077844,-0.004399659322013722,0.04347434845355389,-0.046113541336325725,-0.012689578827191746,0.6292134831460674,-3.082257112460754e-16,1.0,1.0,0.0,0.0,0.0,43.05429444984092,0.46240301158488556,0.1005470165654461,99.98557415165831,109.99998396388837,0.5003069190234702,49.45972309991176,0.46581411443996174,0.0026,0.0059,0.0382,0.0071
724,1762837446.1519089,0.025611104910650787,-0.08569005713367014,0.22918554491748036,0.009666566691575656,0.11005977353803173,-0.1233890799640135,0.011687778134580969,-0.004901113614393984,0.0,0.0,0.0,1.0,0.0,0.0,0.0,0.0,0.0,0.0,0.0,0.0,0.0,0.651,-0.288,1.028,0.999,0.0,-0.028,0.023,0.324,0.316,-0.006,0.057,-0.064,-0.016,0.6713625065370015,-0.26698596735013874,1.0274633987709354,0.9989706103460233,0.001461049877747042,-0.02939711205106264,0.022482031480375815,0.28657898392606873,0.3140937136998833,-0.010284337105336484,0.029262316961881425,-0.024228505819492638,-0.0173985505862402,0.6179775280898876,-3.0272168068810977e-16,1.0,1.0,0.0,0.0,0.0,43.0545822321408,0.46241159595515124,0.10103288475056373,99.98555659084461,109.99998392757954,0.5003076489417078,49.45325601928853,0.46624066301250827,0.0012,0.0014,0.0069,0.0068
725,1762837446.2390432,0.009489070202307943,-0.06699013987837882,0.22663894486044614,0.010691336442424775,-0.08061017354171421,0.09349958627645662,-0.012733000285171159,0.005123848754245588,0.0,0.0,0.0,1.0,0.0,0.0,0.0,0.0,0.0,0.0,0.0,0.0,0.0,0.658,-0.282,1.028,0.999,0.001,-0.029,0.023,0.237,0.243,-0.002,0.07,-0.078,-0.012,0.6724960803479564,-0.2659068265659799,1.0279811327555397,0.998938748240929,0.003183473778386029,-0.0311716346037719,0.022618676236271458,0.19737830355587072,0.23929476558510276,0.001754916964895269,0.059037364200993016,-0.058296280599362815,-0.014125948564579724,0.6067415730337079,-2.9721765013014416e-16,1.0,1.0,0.0,0.0,0.0,43.05499965019456,0.46241612087626344,0.1010501247118259,99.98541514876399,109.99998290385219,0.5003281063363482,49.44955080544975,0.46639957557282197,0.0065,0.0057,0.0149,0.0093
726,1762837446.3317244,0.004311585081753353,-0.05756336367875131,0.2278468646005238,0.011251307015896758,-0.02588742560277295,0.047133880998137534,0.00603959870038831,0.002799852867359919,0.0,0.0,0.0,1.0,0.0,0.0,0.0,0.0,0.0,0.0,0.0,0.0,0.0,0.664,-0.275,1.028,0.999,0.002,-0.031,0.023,0.223,0.242,-0.002,0.097,-0.109,-0.021,0.6774861740759285,-0.2590258134175801,1.0276830846668992,0.9989272101634677,0.004470302009780456,-0.03344177358895115,0.022388660195143274,0.18107169829791342,0.23667045115016253,-0.007921720897134565,0.04964344608577977,-0.045702451702273716,-0.02008139708254352,0.5955056179775281,-2.9171361957217854e-16,1.0,1.0,0.0,0.0,0.0,43.05589689101703,0.46241520923477636,0.1015630849898679,99.98529313247232,109.99998206050738,0.5003449595849758,49.44569010930098,0.4665834290432873,0.0017,0.0049,0.0287,0.0274
727,1762837446.3508344,-0.0039422914397458765,-0.049268606250464086,0.22687303446123927,0.01197350332147628,-0.04126938260749615,0.04147378714143611,-0.004869150696422691,0.00361098152789761,0.0,0.0,0.0,1.0,0.0,0.0,0.0,0.0,0.0,0.0,0.0,0.0,0.0,0.67,-0.268,1.028,0.999,0.003,-0.032,0.023,0.173,0.198,-0.0,0.047,-0.043,-0.014,0.680127642548666,-0.25498232317719116,1.0279674135049293,0.9989839127605736,0.004125951948951538,-0.0327155614986169,0.022513958485703565,0.13064875637074264,0.19227128254849826,-0.0007944770855427089,0.02064384634393411,-0.00486971425758466,-0.0168843017929786,0.5842696629213483,-2.862095890142129e-16,1.0,1.0,0.0,0.0,0.0,43.0569844338048,0.4624103986658613,0.10184644638523226,99.98510100562042,109.99998070443053,0.5003720617610269,49.44247307907005,0.4668442072050224,0.0011,0.0012,0.0066,0.0064
728,1762837446.4194078,0.018052097213096387,-0.07015878674904731,0.22874658706462014,0.010574591932290987,0.10997194326421131,-0.10445090249291614,0.009367763016904429,-0.006994556945926458,0.0,0.0,0.0,1.0,0.0,0.0,0.0,0.0,0.0,0.0,0.0,0.0,0.0,0.676,-0.261,1.028,0.999,0.004,-0.032,0.022,0.236,0.287,-0.0,0.019,0.002,-0.018,0.6903546053098706,-0.24207628574853968,1.0278539498049672,0.9990276704645835,0.004249764631159973,-0.0315207526755652,0.021380550262258696,0.19474086021687714,0.28065547277005054,-0.004508041800187386,-0.002849559643177934,0.02416428946912089,-0.019649124277477302,0.5730337078651686,-2.807055584562472e-16,1.0,1.0,0.0,0.0,0.0,43.05785205117973,0.4624076859912416,0.10194482264520338,99.98504313580466,109.99998032138426,0.500379717702489,49.436430364743075,0.46759354271156195,0.0013,0.0014,0.0078,0.0067
729,1762837446.4893165,0.0028768500614028934,-0.055966767201891324,0.22649863992761224,0.011231510184286034,-0.07587623575846746,0.07096009773577992,-0.01123973568503937,0.003284591259975228,0.0,0.0,0.0,1.0,0.0,0.0,0.0,0.0,0.0,0.0,0.0,0.0,0.0,0.681,-0.255,1.028,0.999,0.004,-0.032,0.022,0.16,0.208,0.001,0.023,-0.008,-0.012,0.6902676877901874,-0.24135016746817609,1.0281265926209109,0.9990013351153738,0.004771044030984842,-0.032145870104462335,0.021568922132664925,0.11797187585288074,0.20131795588279028,0.0030809221912005977,0.023341281764981923,-0.0037322215790076565,-0.01486369180551653,0.5617977528089888,-2.752015278982816e-16,1.0,1.0,0.0,0.0,0.0,43.058593870269725,0.4624047506883699,0.10187629421535363,99.98486311996734,109.99997902825004,0.5004055622884335,49.43258836644438,0.46795773320639955,0.0017,0.0019,0.0099,0.0069
730,1762837446.5523865,0.018177891694030272,-0.0667243849307546,0.22852080011425271,0.01041976178317863,0.0765052081631369,-0.05378808864431635,0.010110800933202442,-0.00405874200553702,0.0,0.0,0.0,1.0,0.0,0.0,0.0,0.0,0.0,0.0,0.0,0.0,0.0,0.686,-0.248,1.028,0.999,0.004,-0.032,0.022,0.195,0.273,0.001,0.019,0.005,-0.018,0.6976246264718673,-0.23001013701417586,1.0278716080723322,0.9990261260507114,0.0043492945285379045,-0.031545316006279946,0.021395920452950513,0.15385567261525931,0.26662692552499967,-0.005172586053011383,0.002038101319403412,0.020712050824271737,-0.018984597628388347,0.550561797752809,-2.69697497340316e-16,1.0,1.0,0.0,0.0,0.0,43.0595101403996,0.46239934178570097,0.10170642028570419,99.98478585835038,109.99997846529014,0.5004168110644523,49.426949705106814,0.46864782971711133,0.0016,0.0019,0.0063,0.0063
731,1762837446.6226776,-0.01630198327935129,-0.041816799717912426,0.22615455699491946,0.012368337728385005,-0.17239937486690776,0.12453792606421085,-0.011831215596666153,0.00974287972603187,0.0,0.0,0.0,1.0,0.0,0.0,0.0,0.0,0.0,0.0,0.0,0.0,0.0,0.688,-0.245,1.028,0.999,0.005,-0.032,0.022,0.086,0.126,0.001,0.011,0.001,-0.007,0.6923404735040821,-0.23685499453205344,1.0281075520311689,0.9990091731147888,0.005423786061468523,-0.03186149198936508,0.02168187867194827,0.04421790754243673,0.11825301394980194,0.002540908353039631,0.014455606338805932,0.005359812364006445,-0.012271090741575306,0.5393258426966292,-2.6419346678235033e-16,1.0,1.0,0.0,0.0,0.0,43.060479118689955,0.46239218374070845,0.10165980112175628,99.98449350006872,109.99997638285967,0.5004584347407959,49.42455578754486,0.4687251668361726,0.0014,0.0015,0.0096,0.008
732,1762837446.719502,-0.0003114814785561311,-0.05227628969053129,0.22839200862762513,0.011653531859805633,0.07995250900397577,-0.05229744986309426,0.011187258163528384,-0.003574029342896862,0.0,0.0,0.0,1.0,0.0,0.0,0.0,0.0,0.0,0.0,0.0,0.0,0.0,0.694,-0.236,1.028,0.999,0.005,-0.032,0.022,0.121,0.196,0.0,-0.02,0.031,-0.013,0.70070597599917,-0.22316703928655027,1.0277736712296972,0.999057117903829,0.004002525745438914,-0.030698869335772087,0.021457865784188394,0.08047440207620461,0.18921756756406805,-0.007110667992981054,-0.03896905470166722,0.04752789892466369,-0.01764976601443397,0.5280898876404494,-2.586894362243847e-16,1.0,1.0,0.0,0.0,0.0,43.061582054373815,0.4623831453985725,0.10136551625517407,99.9843213147565,109.99997513224281,0.5004834328307988,49.42019048854867,0.4691191343091592,0.0017,0.002,0.0297,0.0173
733,1762837446.7622457,-0.004164455509225229,-0.04947891900185232,0.22663599430674963,0.011455211260537699,-0.019264870153345492,0.013986853443394821,-0.008780071604377248,-0.000991602996339662,0.0,0.0,0.0,1.0,0.0,0.0,0.0,0.0,0.0,0.0,0.0,0.0,0.0,0.698,-0.229,1.028,0.999,0.004,-0.031,0.021,0.089,0.16,0.001,-0.021,0.029,-0.011,0.7025960800561165,-0.21852625728223368,1.028102715651434,0.9990421004699455,0.003375714895323112,-0.03001358272818375,0.020534651572991086,0.04906519937586151,0.1543477811450009,0.0024439147248446085,-0.015299317891455208,0.029626198821184002,-0.015455104551536541,0.5168539325842697,-2.531854056664191e-16,1.0,1.0,0.0,0.0,0.0,43.06240526191123,0.4623770543813051,0.10114228717757834,99.98411284054036,109.9999736363711,0.5005133356693896,49.41631877881029,0.4693644357146064,0.0017,0.0019,0.0098,0.0132
734,1762837446.8506038,0.007798846332130009,-0.05739324985724016,0.22785756398382545,0.01061409095410496,0.05981650920677619,-0.039571654276939205,0.0061078483853789665,-0.0042056015321637105,0.0,0.0,0.0,1.0,0.0,0.0,0.0,0.0,0.0,0.0,0.0,0.0,0.0,0.701,-0.223,1.028,0.999,0.004,-0.03,0.021,0.102,0.204,0.001,-0.027,0.037,-0.013,0.7065220200246297,-0.209587066181366,1.0278978628439652,0.999049352628185,0.0031279239507732517,-0.028793995258548408,0.02048203084079723,0.06393145575815254,0.1985881355142735,-0.00429988495351263,-0.024830918381388824,0.03610308673531744,-0.016423990934518254,0.5056179775280899,-2.4768137510845345e-16,1.0,1.0,0.0,0.0,0.0,43.06343378893308,0.4623684563208665,0.10078989204526244,99.98397855333978,109.9999726581643,0.5005328900717717,49.41135031209902,0.4697216939169712,0.0017,0.0019,0.0098,0.0348
735,1762837446.9093032,0.015313382266424223,-0.059211274183940885,0.22702411616231769,0.009958036054937783,0.03757267967147108,-0.009090121633503617,-0.004167239107538823,-0.003280274495835881,0.0,0.0,0.0,1.0,0.0,0.0,0.0,0.0,0.0,0.0,0.0,0.0,0.0,0.704,-0.217,1.028,0.999,0.003,-0.03,0.021,0.099,0.222,0.002,-0.009,0.022,-0.013,0.7093054998331298,-0.2023544352470949,1.0281107000219019,0.9990316374464446,0.0028336921307469446,-0.029289463565047413,0.0205154811883805,0.06030275913548074,0.21740745870338854,0.001527076621333751,-0.0009545754439421251,0.020106083635822423,-0.015563796390333586,0.4943820224719101,-2.4217734455048784e-16,1.0,1.0,0.0,0.0,0.0,43.06425956490492,0.46236205946708625,0.10045036342736836,99.98387154848555,109.9999718813845,0.5005484181102753,49.405980798217364,0.47012530126243535,0.0017,0.0019,0.0159,0.0208
736,1762837446.9558167,-0.0129700091225846,-0.04465748594010028,0.22710430825800643,0.011592335204134618,-0.1414169569450441,0.07276894121920303,0.00040096047844393476,0.00817149574598416,0.0,0.0,0.0,1.0,0.0,0.0,0.0,0.0,0.0,0.0,0.0,0.0,0.0,0.707,-0.21,1.028,0.999,0.003,-0.03,0.021,0.039,0.102,0.001,0.008,0.004,-0.006,0.7083043462575572,-0.20336197397261072,1.0279445326580587,0.9990130360959871,0.0033603661805537955,-0.02972832966642885,0.02070973348258397,0.00019257583209011334,0.09706763691968147,-0.002774669464737807,0.013190213919313966,0.010777306131955091,-0.011438199206618394,0.4831460674157304,-2.3667331399252217e-16,1.0,1.0,0.0,0.0,0.0,43.065480250229015,0.4623508728257564,0.10032451467548346,99.98359706028405,109.99996997049612,0.5005866222107641,49.40257811304476,0.47029884597568666,0.0048,0.0012,0.0071,0.0067
737,1762837447.0191748,0.00808424052934609,-0.0546750067048107,0.227922279892491,0.010488832931079502,0.10527124825965345,-0.050087603823552124,0.004089858172422875,-0.005517511365275578,0.0,0.0,0.0,1.0,0.0,0.0,0.0,0.0,0.0,0.0,0.0,0.0,0.0,0.709,-0.205,1.028,0.999,0.004,-0.03,0.021,0.07,0.205,0.002,-0.007,0.025,-0.017,0.7123809789921228,-0.19152788949825367,1.028028382354797,0.9990451358773704,0.0034236987539816442,-0.028974122797328448,0.020386306254991347,0.03164391512939355,0.19929461682007268,-0.0011059986701918469,-0.026856977253789646,0.036402902572503476,-0.018957789071718797,0.4719101123595506,-2.3116928343455656e-16,1.0,1.0,0.0,0.0,0.0,43.06657378614774,0.46234136604229376,0.09992386977639817,99.98349344153362,109.99996920160984,0.5006019907051775,49.39735507931163,0.47061542065729595,0.0016,0.0019,0.0068,0.0063
738,1762837447.0875194,0.008648042411903182,-0.05495960757825242,0.22693329064954787,0.01007277526917909,0.002819009412785463,-0.0014230043672086162,-0.004944946214715893,-0.002080288309502062,0.0,0.0,0.0,1.0,0.0,0.0,0.0,0.0,0.0,0.0,0.0,0.0,0.0,0.711,-0.198,1.028,0.999,0.003,-0.029,0.02,0.051,0.184,0.003,-0.005,0.02,-0.013,0.7131480853420259,-0.18588731326066021,1.0281822674515941,0.9990287717253226,0.002951548925058165,-0.028332550387657123,0.0195209428133366,0.013574215927733667,0.17939145643671933,0.0026083534261780185,0.002686857961069776,0.01911948606253618,-0.015434724780544504,0.4606741573033708,-2.256652528765909e-16,1.0,1.0,0.0,0.0,0.0,43.067576939724404,0.4623328779488444,0.09962307517804236,99.98336111295413,109.99996825707082,0.5006208742992179,49.39244416494583,0.4708544745111119,0.0017,0.0019,0.0082,0.0065
739,1762837447.1887782,0.023187635431481984,-0.05776369128856372,0.22738237894297125,0.009107125077341108,0.07269796509789402,-0.014020418551556446,0.002245441467116723,-0.004828250959189903,0.0,0.0,0.0,1.0,0.0,0.0,0.0,0.0,0.0,0.0,0.0,0.0,0.0,0.712,-0.192,1.028,0.999,0.003,-0.029,0.02,0.053,0.241,0.005,0.008,0.016,-0.015,0.7142864875663313,-0.17609188087112942,1.028201383985092,0.999026423052416,0.0032359544411844554,-0.028408596244918677,0.019485564520304203,0.01572881920347794,0.23619844680520263,0.0009118524511134212,0.00609676322192267,0.018539489906214495,-0.016232407599083384,0.449438202247191,-2.2016122231862529e-16,1.0,1.0,0.0,0.0,0.0,43.06893622109358,0.4623206841739479,0.09925025604834925,99.98330623668913,109.99996784241462,0.5006291630657299,49.38700883627522,0.471094539145947,0.007,0.006,0.031,0.0091
740,1762837447.2237334,-0.00047432846903059864,-0.05146029823175542,0.22715836100329775,0.010411175880610433,-0.11830981950256289,0.03151696528404149,-0.00112008969836729,0.0065202540163466355,0.0,0.0,0.0,1.0,0.0,0.0,0.0,0.0,0.0,0.0,0.0,0.0,0.0,0.714,-0.186,1.028,0.999,0.004,-0.029,0.02,0.023,0.144,0.003,0.023,0.004,-0.009,0.7142790667418344,-0.17661052552266876,1.0281277177635206,0.9990107472552138,0.00482453114047528,-0.028733499724915543,0.01966315761524969,-0.014576854735348041,0.1375055704046325,0.0009151573936536253,0.026420227995872778,0.009919750822705235,-0.012262738117769435,0.4382022471910112,-2.1465719176065967e-16,1.0,1.0,0.0,0.0,0.0,43.07010688226944,0.46231039171681715,0.09903735655491357,99.98311101142188,109.99996649314765,0.5006561410475672,49.382578545963575,0.4712792295529346,0.0012,0.0013,0.0086,0.0103
741,1762837447.2942657,0.007260514077441157,-0.052117704613638426,0.22724749960349608,0.010141766641905692,0.038674212732358784,-0.003287031909415053,0.0004456930009917243,-0.0013470461935237129,0.0,0.0,0.0,1.0,0.0,0.0,0.0,0.0,0.0,0.0,0.0,0.0,0.0,0.714,-0.18,1.029,0.999,0.004,-0.029,0.02,0.019,0.184,0.004,0.017,0.009,-0.012,0.7140167136206654,-0.16793753947210027,1.0291658879933991,0.9990223182651289,0.004215039937227622,-0.028504658574152655,0.019548238294225962,-0.01839409073151909,0.1778297993396274,0.000962016865587355,-0.0037117921290926613,0.01938091366640903,-0.015319890082354118,0.4269662921348315,-2.0915316120269401e-16,1.0,1.0,0.0,0.0,0.0,43.07144231021745,0.46229877041027184,0.09882037672988353,99.98297774822517,109.99996557161454,0.5006745683191429,49.37778544929431,0.4714387425232657,0.0027,0.002,0.0102,0.0103
742,1762837447.4118056,-0.005519932020232172,-0.05140338027562334,0.2271216192159886,0.01081111779747664,-0.06390223048836664,0.003571621690075452,-0.0006294019375372489,0.0033467557778547475,0.0,0.0,0.0,1.0,0.0,0.0,0.0,0.0,0.0,0.0,0.0,0.0,0.0,0.715,-0.172,1.029,0.999,0.004,-0.028,0.02,0.003,0.12,0.003,0.004,0.009,-0.008,0.7139921844538567,-0.16419939875425452,1.0291150807008314,0.9990185831751301,0.0040901981877793665,-0.02756963420997233,0.01964843400283839,-0.03314760117425391,0.11399759494730947,0.00048420650027901043,0.002061895558342946,0.015622347562011108,-0.01277370865688322,0.4157303370786517,-2.036491306447284e-16,1.0,1.0,0.0,0.0,0.0,43.0726882731022,0.46228803474987445,0.09861060392355658,99.98275956646754,109.99996408316508,0.5007043339344865,49.37343251867273,0.47159036008719274,0.0321,0.0059,0.0183,0.0191
743,1762837447.4453351,0.0023479084733707117,-0.052032362081732446,0.22722787986509782,0.01019699786296255,0.039339202468014416,-0.0031449090305455535,0.0005313032455459713,-0.0030705996725704622,0.0,0.0,0.0,1.0,0.0,0.0,0.0,0.0,0.0,0.0,0.0,0.0,0.0,0.715,-0.168,1.029,0.999,0.004,-0.028,0.019,-0.004,0.157,0.003,0.006,0.012,-0.012,0.7135273671558396,-0.15773023305859615,1.0291016097948833,0.999023444913221,0.00388721619152671,-0.027487331197679193,0.018533841168408588,-0.04007253754537989,0.15111600184975452,4.9428043754968414e-05,-0.0117721773718947,0.01791198964108296,-0.015546319184315122,0.4044943820224719,-1.9814510008676274e-16,1.0,1.0,0.0,0.0,0.0,43.07394479062456,0.46227752918277376,0.09846258331465715,99.98261083416526,109.99996307351556,0.5007245264482516,49.36875565677055,0.4717518995609504,0.0022,0.0024,0.011,0.0163
744,1762837447.538431,-0.00017520856676694722,-0.0505166856250118,0.22710933569777547,0.01011567256685952,-0.012615585200688291,0.007578382283603247,-0.000592720836611728,-0.0004066264805151522,0.0,0.0,0.0,1.0,0.0,0.0,0.0,0.0,0.0,0.0,0.0,0.0,0.0,0.714,-0.158,1.029,0.999,0.004,-0.028,0.019,-0.016,0.131,0.003,-0.01,0.009,-0.009,0.7117251385623041,-0.1494584960516096,1.0291146980304555,0.9990203478300419,0.0036758387308109017,-0.0275757994442705,0.01861215093847438,-0.05216231252327851,0.1253153759333273,0.00047612507689565915,-0.009010745774471963,0.015715153280508362,-0.013282796585486617,0.3932584269662922,-1.9264106952879713e-16,1.0,1.0,0.0,0.0,0.0,43.075215779562896,0.4622669954435976,0.09827619054643404,99.98243174781062,109.99996186423193,0.5007487127946652,49.36433096323482,0.4718880463012024,0.0058,0.0051,0.0246,0.0333
745,1762837447.5540867,-0.0005101045053778259,-0.05191651312586504,0.2273082117571465,0.010060967813784448,-0.0016744796930543947,-0.006999137504266215,0.0009943802968549946,-0.000273523765375352,0.0,0.0,0.0,1.0,0.0,0.0,0.0,0.0,0.0,0.0,0.0,0.0,0.0,0.714,-0.158,1.029,0.999,0.004,-0.028,0.019,-0.016,0.131,0.003,-0.01,0.009,-0.009,0.7117260799759363,-0.1494579961148654,1.0291017648370848,0.9990213847079514,0.0036137107794369746,-0.02754752593125773,0.018610563149009243,-0.052126614316365415,0.12534609169707397,5.490951342802743e-05,-0.012965261734081806,0.017421250004865732,-0.013314547433730336,0.3820224719101124,-1.8713703897083151e-16,1.0,1.0,0.0,0.0,0.0,43.07647457494294,0.46225693192274353,0.09808164286550089,99.98225901306279,109.99996070284077,0.5007719422426896,49.3595746868624,0.4720290470024879,0.001,0.0012,0.0065,0.0063
746,1762837447.6235797,0.0228153167724573,-0.046586859275291624,0.22689509808801225,0.008518961674006512,0.11662710638917564,0.026648269252867104,-0.002065568345670967,-0.007710030698889668,0.0,0.0,0.0,1.0,0.0,0.0,0.0,0.0,0.0,0.0,0.0,0.0,0.0,0.712,-0.146,1.029,0.999,0.004,-0.027,0.019,-0.055,0.213,0.005,-0.021,0.011,-0.014,0.7071683573424232,-0.13198623384986685,1.0292582505298742,0.9990235390997912,0.0033536923500598493,-0.026571625000590755,0.018484351599069044,-0.0898654451465538,0.20755787244782714,0.0027963054656225833,-0.018167396225398563,0.014608311031750755,-0.015790293478191764,0.3707865168539326,-1.8163300841286585e-16,1.0,1.0,0.0,0.0,0.0,43.07806548325764,0.4622437917400684,0.09791084476261107,99.98221243761142,109.9999603844879,0.5007783101740395,49.35565139944406,0.4721218797418261,0.0026,0.0015,0.0099,0.0072
747,1762837447.6874669,0.02355339253020451,-0.0446005249170313,0.22696147751666687,0.008095636328791428,0.003690378788736043,0.009931671791301666,0.00033189714327305493,-0.0021166267260754245,0.0,0.0,0.0,1.0,0.0,0.0,0.0,0.0,0.0,0.0,0.0,0.0,0.0,0.71,-0.14,1.029,0.999,0.004,-0.027,0.018,-0.068,0.21,0.005,0.023,0.019,-0.013,0.7043087092751108,-0.12620562729563048,1.029213573595757,0.9990238075373792,0.004825819655537931,-0.026253101813771287,0.017576078799075304,-0.10257381409066638,0.20365292386694034,0.0013668681002361855,0.02740908044594874,0.024251657958172287,-0.013780981436370729,0.3595505617977528,-1.7612897785490024e-16,1.0,1.0,0.0,0.0,0.0,43.07977051620049,0.46222987563703616,0.09771238951723116,99.98215359466019,109.99995998149666,0.5007863698882655,49.351834500206934,0.4722093457060855,0.0011,0.0016,0.0082,0.0076
748,1762837447.8058474,0.01099387363330666,-0.04667982116734311,0.22715693195231768,0.008906409553209912,-0.06279759448448925,-0.010396481251558995,0.0009772721782540835,0.004053866122092414,0.0,0.0,0.0,1.0,0.0,0.0,0.0,0.0,0.0,0.0,0.0,0.0,0.0,0.708,-0.135,1.029,0.999,0.004,-0.027,0.018,-0.061,0.159,0.003,0.036,0.018,-0.008,0.702774814150549,-0.12461105978444884,1.0290944104279585,0.9990203079314965,0.005100396166320933,-0.02624541723602384,0.017708536757055617,-0.09559461021237825,0.1524330786451907,-0.0001348009064749497,0.030496810418523104,0.024988843476062658,-0.011080220692829655,0.348314606741573,-1.7062494729693458e-16,1.0,1.0,0.0,0.0,0.0,43.08118054824406,0.4622191433870854,0.09749586903019217,99.98201222080739,109.99995904504394,0.500805100456534,49.347603932588,0.472300203664701,0.0066,0.0059,0.05,0.0074
749,1762837447.8581188,0.008910675590974559,-0.04868554140195015,0.22712071353847624,0.00920149583194003,-0.010415990211660509,-0.010028601173035251,-0.00018109206920730926,0.001475431393650594,0.0,0.0,0.0,1.0,0.0,0.0,0.0,0.0,0.0,0.0,0.0,0.0,0.0,0.708,-0.135,1.029,0.999,0.004,-0.027,0.018,-0.061,0.159,0.003,0.036,0.018,-0.008,0.7027733270095147,-0.12460937534219828,1.0291149664810022,0.9990206412068772,0.004865667759461127,-0.026291887387612334,0.01768696995478948,-0.09565109997489234,0.1525303642238728,0.0004991394080826519,0.017063917236531837,0.022468705372764422,-0.011959041516333245,0.3370786516853933,-1.6512091673896897e-16,1.0,1.0,0.0,0.0,0.0,43.0825217201177,0.46220961450615483,0.09734896769512469,99.98186847806966,109.99995811002748,0.5008238046638394,49.34301777511675,0.47237917071918417,0.0035,0.0036,0.0186,0.0257
750,1762837447.892554,0.03286118012872852,-0.03322747955831929,0.22641851428141818,0.0075954176259410144,0.11975252268876978,0.07729030921815433,-0.0035109962852902126,-0.00803039102999508,0.0,0.0,0.0,1.0,0.0,0.0,0.0,0.0,0.0,0.0,0.0,0.0,0.0,0.702,-0.121,1.03,0.999,0.005,-0.026,0.018,-0.137,0.249,0.005,0.022,0.018,-0.014,0.6917502946390678,-0.10464573820348877,1.030242940229752,0.9990220647137028,0.0054840427337716924,-0.025369365447277355,0.017528308934933533,-0.17035580215810794,0.24152089744167649,0.002301983528676761,0.008204730675761817,0.01866091745101732,-0.01515151293404925,0.3258426966292135,-1.5961688618100335e-16,1.0,1.0,0.0,0.0,0.0,43.084488676020065,0.46219446353286187,0.09735067649357841,99.98185769971663,109.99995805737744,0.5008248600130017,49.3404113191261,0.47244759547549603,0.0018,0.002,0.0101,0.0099
751,1762837447.955662,0.008371778769767385,-0.04288159536920162,0.2275839375346911,0.008826187254246495,-0.12244700679480566,-0.04827057905441165,0.005827116266364685,0.006153848141527411,0.0,0.0,0.0,1.0,0.0,0.0,0.0,0.0,0.0,0.0,0.0,0.0,0.0,0.695,-0.11,1.03,1.0,0.006,-0.025,0.018,-0.101,0.147,0.002,0.057,0.044,-0.008,0.687210048860343,-0.10050448823581576,1.0299755724205608,1.000029999604104,0.0077065384651395395,-0.023475579805317462,0.017734552160998444,-0.13235523968252785,0.1374932526171053,-0.0028092216891737053,0.04841504154491147,0.045647720647957434,-0.0106431887635245,0.3146067415730337,-1.541128556230377e-16,1.0,1.0,0.0,0.0,0.0,43.08611127343706,0.46218299479452946,0.09701922210931432,99.98168985291561,109.99995694344288,0.5008471409422565,49.33676278507191,0.4724488265574966,0.0032,0.0025,0.0075,0.0068
752,1762837448.04125,0.01846192857320554,-0.03203801188994811,0.22609515781255485,0.008401793874197108,0.05045074901719078,0.05421791739626758,-0.007443898610681416,-0.002121966900246932,0.0,0.0,0.0,1.0,0.0,0.0,0.0,0.0,0.0,0.0,0.0,0.0,0.0,0.69,-0.103,1.03,1.0,0.008,-0.024,0.017,-0.16,0.202,0.003,0.032,0.039,-0.012,0.6783107403620477,-0.08991075679260617,1.0301728444616172,1.0000291469031526,0.008540133258693032,-0.02286268948586072,0.016585637784450748,-0.19043798670339007,0.1905552571178249,0.0023837731536296013,0.002368978308378104,0.028432542011056352,-0.014022104096380895,0.303370786516854,-1.4860882506507208e-16,1.0,1.0,0.0,0.0,0.0,43.087824605135204,0.46217100034248887,0.09706867948601179,99.98161507902878,109.99995648263992,0.5008563615291687,49.33423588265787,0.4724966062330794,0.0057,0.0063,0.0176,0.009
753,1762837448.12163,-0.02454730565808988,-0.06371128535545972,0.2280548563163302,0.010790181748254687,-0.21504617115647712,-0.15836636732755802,0.00979849251887685,0.01194193937028789,0.0,0.0,0.0,1.0,0.0,0.0,0.0,0.0,0.0,0.0,0.0,0.0,0.0,0.685,-0.097,1.03,1.0,0.008,-0.024,0.017,-0.014,0.016,0.0,0.002,0.004,-0.001,0.6830393843524623,-0.09629779783267135,1.0298074261684738,1.0000144671747353,0.0080689639299116,-0.023481479363948565,0.016840310012963593,-0.044706012687091345,0.005053790923510575,-0.005979335023530081,0.0030058040634977803,0.024993229247792438,-0.008049816999690986,0.2921348314606742,-1.4310479450710642e-16,1.0,1.0,0.0,0.0,0.0,43.088894342724984,0.46216598934658915,0.0966411974808115,99.98127552791321,109.99995426896834,0.500900644479094,49.327479971600745,0.4725490350082317,0.0248,0.0056,0.0141,0.0077
754,1762837448.1604483,0.023795073286805628,-0.023778672602672697,0.22667109860511972,0.008272327420657151,0.24171189472447752,0.1996630637639351,-0.00691878855605239,-0.012589271637987693,0.0,0.0,0.0,1.0,0.0,0.0,0.0,0.0,0.0,0.0,0.0,0.0,0.0,0.68,-0.092,1.03,1.0,0.008,-0.023,0.017,-0.225,0.232,-0.001,0.014,0.064,-0.016,0.664024636005909,-0.07689844828729528,1.0299670616371304,1.0000417703303677,0.007521746161077217,-0.021719242153066077,0.01643979916974098,-0.2539827043110686,0.2211358313628417,0.0003319784437456149,-0.03878060144158293,0.015805586348785053,-0.017545299188565008,0.2808988764044944,-1.376007639491408e-16,1.0,1.0,0.0,0.0,0.0,43.0903147759174,0.4621572612732925,0.09785854733894525,99.98128662928133,109.99995452476541,0.5008955446445054,49.325360322551894,0.47301407766779485,0.0017,0.0026,0.0122,0.0084
755,1762837448.2650745,0.01589450330127786,-0.029235432781826054,0.22722252422103803,0.008028611820747772,-0.03950284992763882,-0.027283800895766763,0.0027571280795915623,-0.0012185779995469038,0.0,0.0,0.0,1.0,0.0,0.0,0.0,0.0,0.0,0.0,0.0,0.0,0.0,0.673,-0.085,1.03,1.0,0.008,-0.022,0.017,-0.178,0.165,-0.001,0.004,0.044,-0.01,0.6602066260735978,-0.07436499704161419,1.0298032521397906,1.0000375402212192,0.008263545354739868,-0.020413084685725894,0.016641210787216674,-0.2054394718724398,0.15399074431687096,-0.00508830427821684,0.014989607159299739,0.05190350173842371,-0.012239562182640473,0.2696629213483146,-1.320967333911752e-16,1.0,1.0,0.0,0.0,0.0,43.0917292883898,0.4621485157993,0.09765023413591017,99.9811732666569,109.99995379124141,0.5009102201752311,49.32279910809637,0.473067228727329,0.006,0.0055,0.0287,0.0224
756,1762837448.285745,0.020816524453015857,-0.021958759756593546,0.22634843023456636,0.007893235693535582,0.024610105758689993,0.03638336512616255,-0.0043704699323583625,-0.0006768806360609491,0.0,0.0,0.0,1.0,0.0,0.0,0.0,0.0,0.0,0.0,0.0,0.0,0.0,0.668,-0.081,1.03,1.0,0.008,-0.022,0.017,-0.215,0.187,-0.002,0.016,0.062,-0.012,0.6527433265299787,-0.06890299397926528,1.0298111410995572,1.0000429972187626,0.008306749297619537,-0.02016159350152974,0.016598666431245964,-0.24230228113122237,0.1758471691041235,-0.003554078708050729,0.00435002086223062,0.04807966580725212,-0.013212599363635637,0.2584269662921348,-1.2659270283320953e-16,1.0,1.0,0.0,0.0,0.0,43.09305447805608,0.4621404490042602,0.09744603882202779,99.98109121350066,109.99995325524542,0.5009209429708583,49.32094283098014,0.47309515598183327,0.0011,0.0014,0.0073,0.0071
757,1762837448.377279,0.0175274091408366,-0.02527055546873031,0.22701315772836153,0.008049878282166769,-0.01644557656089627,-0.016558978560683835,0.003323637468975704,0.000783212943155935,0.0,0.0,0.0,1.0,0.0,0.0,0.0,0.0,0.0,0.0,0.0,0.0,0.0,0.661,-0.075,1.03,1.0,0.008,-0.02,0.017,-0.215,0.17,-0.003,0.024,0.079,-0.013,0.6458414536114081,-0.06403686310218037,1.029652051154697,1.000045675437229,0.008593730597567047,-0.017685236394526696,0.016584404088403237,-0.23923987362605054,0.1587715695290823,-0.007537599705322021,0.014592903640559287,0.06056602645153479,-0.013691455043448,0.2471910112359551,-1.2108867227524392e-16,1.0,1.0,0.0,0.0,0.0,43.09454699843174,0.4621320447022934,0.09717907682486202,99.98098441511758,109.9999525461929,0.5009351266944092,49.31877596650746,0.47302827206869114,0.0017,0.0019,0.0121,0.0261
758,1762837448.4274676,-0.005794118664006229,-0.04916453227535714,0.22665082581116414,0.009260340645753967,-0.11660763902421414,-0.1194698840331341,-0.0018116595859867723,0.006052311817935989,0.0,0.0,0.0,1.0,0.0,0.0,0.0,0.0,0.0,0.0,0.0,0.0,0.0,0.653,-0.069,1.03,1.0,0.009,-0.019,0.016,-0.111,0.08,-0.002,0.009,0.034,-0.006,0.6447964594823352,-0.06407396995614825,1.0297979280596987,1.0000236416998414,0.009144566330891286,-0.017876493437030943,0.0157329791548098,-0.13486980488669253,0.06774882220324108,-0.003937963184270623,0.0010522982253770188,0.03247520782940571,-0.010280223539028707,0.2359550561797753,-1.1558464171727826e-16,1.0,1.0,0.0,0.0,0.0,43.09568463136299,0.46212817201645867,0.09689450760004953,99.9807534165063,109.99995107022747,0.500964657280086,49.313429865568295,0.4729253604142188,0.0018,0.0019,0.0104,0.0102
759,1762837448.5217202,0.005201959323060975,-0.03489851956897491,0.22676889866657626,0.008846811358266237,0.05498038993533601,0.0713300635319111,0.0005903642770606286,-0.0020676464374386532,0.0,0.0,0.0,1.0,0.0,0.0,0.0,0.0,0.0,0.0,0.0,0.0,0.0,0.648,-0.065,1.03,1.0,0.009,-0.018,0.016,-0.19,0.13,-0.003,-0.005,0.036,-0.012,0.6345714061202775,-0.056730073838300546,1.029689294707901,1.0000243170933265,0.008391924801812927,-0.017318419722219317,0.015557669079147622,-0.21270378014382063,0.11822683553748531,-0.006354087738207078,-0.029751809389585073,0.0066290095365246415,-0.014066339144352768,0.2247191011235955,-1.1008061115931264e-16,1.0,1.0,0.0,0.0,0.0,43.097204875801914,0.4621216710673526,0.0971134179897896,99.980620976067,109.99995027469575,0.5009805791847455,49.31002419880249,0.4729710814868702,0.0018,0.0038,0.0126,0.0345
760,1762837448.558604,0.013833424939120268,-0.023822565383078295,0.22696945354015038,0.00808161357843615,0.04315732808029646,0.055379770929483096,0.0010027743678705419,-0.003825988899150439,0.0,0.0,0.0,1.0,0.0,0.0,0.0,0.0,0.0,0.0,0.0,0.0,0.0,0.64,-0.06,1.03,1.0,0.008,-0.018,0.016,-0.212,0.135,-0.004,-0.046,-0.002,-0.015,0.6250899523090603,-0.05133965225630209,1.0296411189754024,1.0000192022606487,0.006720025369608868,-0.017917903782482068,0.015472121321593034,-0.2352899984827773,0.12509123889889248,-0.006728859197241433,-0.03152054544821513,0.00775460727748049,-0.01527023937669299,0.2134831460674158,-1.0457658060134703e-16,1.0,1.0,0.0,0.0,0.0,43.098748054913145,0.4621148916474559,0.09693290615803299,99.98050979435317,109.99994954640933,0.5009951484961178,49.30755364362596,0.4729163906402139,0.0016,0.0018,0.0101,0.0096
761,1762837448.6276164,-0.020977687421306023,-0.07151725672654319,0.22828636887012532,0.009684233359571767,-0.17405556180213141,-0.23847345671732442,0.0065845766498747235,0.008013098905678095,0.0,0.0,0.0,1.0,0.0,0.0,0.0,0.0,0.0,0.0,0.0,0.0,0.0,0.636,-0.057,1.029,1.0,0.008,-0.018,0.016,-0.011,0.007,-0.0,-0.002,0.0,-0.001,0.6344922892312803,-0.05689214815306669,1.0289241711585675,1.0000091683399128,0.007893508115627884,-0.017674732177157947,0.015842133570146903,-0.0341705314793818,-0.0037456219694749038,-0.0022289340593676077,-0.0033980415602539145,0.018039045588455628,-0.007652506750125526,0.202247191011236,-9.907255004338137e-17,1.0,1.0,0.0,0.0,0.0,43.09997057971162,0.46211426229096647,0.09668812934083099,99.98019853652876,109.99994760381676,0.5010340228720526,49.299667599355026,0.472596645278262,0.0017,0.0019,0.011,0.0098
762,1762837448.693478,0.008267078522301224,-0.02812470766864566,0.22687022531570167,0.008590270181792235,0.1462238297180362,0.2169627452894876,-0.007080717772118078,-0.005469815888897659,0.0,0.0,0.0,1.0,0.0,0.0,0.0,0.0,0.0,0.0,0.0,0.0,0.0,0.629,-0.054,1.029,1.0,0.007,-0.018,0.016,-0.208,0.12,-0.003,-0.039,-0.016,-0.01,0.6143389735017069,-0.046297914773187065,1.0288647572321679,0.9999983376988679,0.005412499802087004,-0.01898876560849703,0.01557107471197445,-0.23206207198264384,0.11140399588805788,-0.000861926250943668,-0.05717517464733774,-0.04186331358069379,-0.013293865897810805,0.1910112359550562,-9.356851948541576e-17,1.0,1.0,0.0,0.0,0.0,43.10105372644526,0.4621104711017487,0.09687454770030593,99.98008748259404,109.99994695856996,0.5010469410578284,49.29725910851597,0.47272512785118204,0.0045,0.0018,0.0088,0.009
763,1762837448.755192,0.02313790326929209,-0.0008639461046067234,0.2268830810781295,0.007070328831078162,0.07435412373495433,0.13630380782019474,6.427881213931323e-05,-0.007599706753570365,0.0,0.0,0.0,1.0,0.0,0.0,0.0,0.0,0.0,0.0,0.0,0.0,0.0,0.623,-0.05,1.029,1.0,0.007,-0.019,0.015,-0.277,0.151,-0.002,-0.06,-0.034,-0.012,0.6037008552119213,-0.04022492052204348,1.0287663809591872,1.0000070422838312,0.005521305469354232,-0.019470467626985212,0.014537997600005974,-0.3020789331484577,0.14257876962992752,-0.0052180812218154205,-0.030268327680360814,0.005630863737575657,-0.013565417318261849,0.1797752808988764,-8.80644889274501e-17,1.0,1.0,0.0,0.0,0.0,43.102680368394616,0.4621032547748543,0.09707305475118759,99.98003402448008,109.99994665781077,0.5010529636621642,49.29657332735065,0.47265243199012097,0.0012,0.0013,0.0078,0.0093
764,1762837448.8512626,0.01842883537489124,-0.00927757994344815,0.2274016628047854,0.006980668063721193,-0.02354533947200424,-0.04206816919420711,0.0025929086332794936,-0.0004483038367848486,0.0,0.0,0.0,1.0,0.0,0.0,0.0,0.0,0.0,0.0,0.0,0.0,0.0,0.615,-0.046,1.029,1.0,0.006,-0.018,0.015,-0.251,0.129,-0.002,-0.005,0.051,-0.009,0.5975148088197639,-0.037671172351683324,1.0287866897485904,1.0000377464990413,0.006046795585257683,-0.0160484417553415,0.014676361030316836,-0.2731356043854171,0.12086466195682556,-0.00437085343933467,0.008633274876126106,0.06521756428323858,-0.010860518819107351,0.1685393258426966,-8.256045836948448e-17,1.0,1.0,0.0,0.0,0.0,43.104214713823666,0.46209697281893036,0.09694148245902824,99.97993465350949,109.99994604501339,0.5010652275754405,49.2949848744143,0.47264069970400596,0.0069,0.006,0.0294,0.0066
765,1762837448.9130728,0.020328831870905305,-0.004531039180462696,0.22636343205133003,0.00693870944647341,0.009499982480070331,0.02373270381492728,-0.005191153767276987,-0.00020979308623891163,0.0,0.0,0.0,1.0,0.0,0.0,0.0,0.0,0.0,0.0,0.0,0.0,0.0,0.608,-0.043,1.029,1.0,0.006,-0.017,0.015,-0.29,0.142,-0.001,0.015,0.094,-0.01,0.5879722882472135,-0.03381139052024421,1.0289094401883982,1.000045197374959,0.006392613925112066,-0.014272023328881339,0.014664705897489866,-0.3102350153606184,0.13358215659116165,-0.0016132383377346533,0.010607580120975603,0.07000812401564885,-0.011338713692714466,0.1573033707865169,-7.705642781151887e-17,1.0,1.0,0.0,0.0,0.0,43.10580954597439,0.46209002924636117,0.09655470601038622,99.9798454990135,109.99994545938009,0.5010769444850214,49.29442722726696,0.4724612146963992,0.0068,0.0059,0.0213,0.0097
766,1762837448.990027,0.015862977657768014,-0.007467630256822804,0.2269139078022281,0.007065850232738775,-0.02232927106568645,-0.014682955381800547,0.0027523787544902504,0.0006357039313268252,0.0,0.0,0.0,1.0,0.0,0.0,0.0,0.0,0.0,0.0,0.0,0.0,0.0,0.6,-0.039,1.029,1.0,0.007,-0.016,0.015,-0.28,0.131,-0.002,0.025,0.1,-0.009,0.5806894736152122,-0.030589778698793778,1.028730560171631,1.0000426291775657,0.0076304665369505975,-0.01306102555358523,0.014694960498669581,-0.29866425847338707,0.12117818394318283,-0.006210589171778694,0.01601944145631724,0.07716120279670828,-0.010925130068920739,0.1460674157303371,-7.155239725355321e-17,1.0,1.0,0.0,0.0,0.0,43.10749836727316,0.46208344636703946,0.09629663088625622,99.9797377764337,109.99994477987033,0.501090542398861,49.29324163339321,0.4721948133148973,0.0067,0.0058,0.034,0.0075
767,1762837449.0554526,0.013139961194001544,-0.010006918118038234,0.2261512021180303,0.007296197153509074,-0.013615082318832374,-0.012696439306077126,-0.003813528420988861,0.0011517346038515002,0.0,0.0,0.0,1.0,0.0,0.0,0.0,0.0,0.0,0.0,0.0,0.0,0.0,0.593,-0.035,1.029,1.0,0.007,-0.015,0.015,-0.269,0.119,-0.002,0.02,0.086,-0.008,0.5744577360095262,-0.027387683938909207,1.0288014464860789,1.0000355781273464,0.0074298617059973,-0.012499325625743227,0.014711156817593746,-0.2867202062783523,0.10927935705116955,-0.0038455926114383454,0.008564406163969003,0.06455532111293477,-0.010481930120130706,0.1348314606741573,-6.60483666955876e-17,1.0,1.0,0.0,0.0,0.0,43.10910339360626,0.46207796869207823,0.09624528471090339,99.97961660352178,109.99994405165936,0.5011051182000864,49.29143546696388,0.4719616766235308,0.0059,0.0034,0.0354,0.0079
768,1762837449.086137,0.012758572165242291,-0.010638793050094318,0.22653533419712404,0.007399026391878096,-0.0019069451437962667,-0.00315937466028042,0.0019206603954687058,0.0005141461918451041,0.0,0.0,0.0,1.0,0.0,0.0,0.0,0.0,0.0,0.0,0.0,0.0,0.0,0.585,-0.032,1.029,1.0,0.007,-0.013,0.015,-0.272,0.115,-0.004,0.012,0.072,-0.008,0.5663399987904396,-0.02464836828234126,1.028586939441943,1.000027493689205,0.007203512711001456,-0.01095414637490575,0.014701699237331554,-0.2873476579702464,0.10550964829615404,-0.008480482542855512,0.0026140429699933413,0.0516114367063943,-0.010613853835555683,0.12359550561797761,-6.054433613762193e-17,1.0,1.0,0.0,0.0,0.0,43.11078560624677,0.4620725526427476,0.09628134455539575,99.97949412988494,109.99994333169337,0.5011195306491883,49.2895668371776,0.4717917580116691,0.0016,0.0016,0.0072,0.0067
769,1762837449.1710024,0.010242061286093469,-0.015321884723789597,0.22600316513044705,0.007549001700919859,-0.012582554395744131,-0.023415458368476375,-0.002660845333384998,0.0007498765452088167,0.0,0.0,0.0,1.0,0.0,0.0,0.0,0.0,0.0,0.0,0.0,0.0,0.0,0.577,-0.029,1.029,1.0,0.007,-0.012,0.015,-0.251,0.102,-0.004,0.006,0.056,-0.007,0.5597753065128311,-0.022512857867612014,1.0286371897280036,1.0000218277703183,0.00706518834764559,-0.010380663920405953,0.014719893353746162,-0.2653865148034947,0.09260138435774132,-0.0068008994940719405,-0.00017201547131508936,0.04178088481534752,-0.010153319765295227,0.1123595505617978,-5.504030557965632e-17,1.0,1.0,0.0,0.0,0.0,43.11250708158844,0.4620677414985568,0.09625267098305532,99.97935574896512,109.99994251523187,0.501135874485669,49.28727825816509,0.47162255545822773,0.0067,0.0057,0.013,0.0097
770,1762837449.2652245,0.014077297320892513,-0.0033611411402047764,0.22551650806509288,0.007359906647615896,0.019176180173995215,0.0598037179179241,-0.002433285326770695,-0.0009454752665198211,0.0,0.0,0.0,1.0,0.0,0.0,0.0,0.0,0.0,0.0,0.0,0.0,0.0,0.568,-0.025,1.029,1.0,0.007,-0.012,0.015,-0.293,0.113,-0.006,-0.001,0.047,-0.009,0.5479722718383456,-0.017775622777566245,1.0284465705782906,1.0000208775484867,0.006858095047788019,-0.010683032686634146,0.014665894071807208,-0.30754239874298894,0.1037655908436885,-0.010656989317174204,-0.0060836068969457036,0.032677445528427815,-0.011229668207674693,0.101123595505618,-4.953627502169071e-17,1.0,1.0,0.0,0.0,0.0,43.11443802490597,0.4620622568964471,0.09633600176633682,99.97924259165012,109.99994186382499,0.501148915810602,49.285907446112205,0.4715901671552442,0.0062,0.0062,0.03,0.0206
771,1762837449.2836525,0.00404996307495561,-0.02546160800588733,0.22553034567791733,0.007787947083068131,-0.050136671229684515,-0.11050233432841275,6.918806412235454e-05,0.002140202177261175,0.0,0.0,0.0,1.0,0.0,0.0,0.0,0.0,0.0,0.0,0.0,0.0,0.0,0.56,-0.022,1.029,1.0,0.007,-0.011,0.015,-0.192,0.071,-0.006,-0.001,0.032,-0.005,0.5467453664394185,-0.017575041623700122,1.0284027177941844,1.0000160423140951,0.006935838824224193,-0.009842443489271034,0.014762698121494245,-0.20538959762469178,0.06176554660234116,-0.011960221917612928,-0.001588526397919349,0.03707314400625312,-0.009164925070291614,0.0898876404494382,-4.4032244463725097e-17,1.0,1.0,0.0,0.0,0.0,43.1165882010022,0.462058653191012,0.09612022108221988,99.97906732032965,109.99994081385422,0.5011699330646132,49.2827337823078,0.47125177383642924,0.001,0.0012,0.006,0.0068
772,1762837449.3808906,0.018519821651035273,0.010210056547135492,0.22437721355730092,0.007064314744011881,0.07234929288039832,0.1783583227651141,-0.005765660603082178,-0.003618161695281247,0.0,0.0,0.0,1.0,0.0,0.0,0.0,0.0,0.0,0.0,0.0,0.0,0.0,0.552,-0.019,1.028,1.0,0.007,-0.01,0.014,-0.35,0.124,-0.013,-0.018,0.026,-0.011,0.5282484677791246,-0.011032660248065084,1.0269516878150862,1.0000149395935907,0.006347918035630647,-0.009470074313253885,0.013606780740762927,-0.36243267828635184,0.11516400566420618,-0.018415201942443192,-0.02095990532633927,0.006592675770740424,-0.01228120414363868,0.0786516853932584,-3.8528213905759386e-17,1.0,1.0,0.0,0.0,0.0,43.11861933203196,0.4620544271733952,0.09629768768850437,99.97899168044955,109.99994040290393,0.5011781623505469,49.28260362055571,0.4714722263718099,0.0039,0.0059,0.0282,0.0072
773,1762837449.473029,0.0015753349295989164,-0.030425838290986114,0.22479779678836315,0.007496736174545975,-0.08472243360718179,-0.203179474190608,0.002102916155311085,0.002162107152670468,0.0,0.0,0.0,1.0,0.0,0.0,0.0,0.0,0.0,0.0,0.0,0.0,0.0,0.543,-0.016,1.028,1.0,0.007,-0.01,0.014,-0.163,0.055,-0.008,-0.0,0.037,-0.006,0.5317274726073091,-0.012639992905108054,1.0271593479512855,1.0000171692790658,0.007050519011851969,-0.008487011076947219,0.013744896258984516,-0.17484732775653478,0.04579370417240807,-0.0173498658710485,0.0046222466336882555,0.053487551902277455,-0.009518589442221741,0.0674157303370787,-3.3024183347793773e-17,1.0,1.0,0.0,0.0,0.0,43.121752867788565,0.4620545116941926,0.09612539506933673,99.9788117858164,109.99993933063809,0.501199627046437,49.279210977749315,0.47099496605880053,0.0057,0.0064,0.0312,0.0275
774,1762837449.4973366,-0.0010099933307174073,-0.03637671127635956,0.22140449822255606,0.007796693370947324,-0.01292664130158162,-0.029754364926867213,-0.016966492829035486,0.001499785982006739,0.0,0.0,0.0,1.0,0.0,0.0,0.0,0.0,0.0,0.0,0.0,0.0,0.0,0.543,-0.016,1.028,1.0,0.007,-0.01,0.014,-0.163,0.055,-0.008,-0.0,0.037,-0.006,0.5317201502062517,-0.01263843042733841,1.0272173139037504,1.0000121125279202,0.006714758077853969,-0.009325641594444442,0.01373787462568033,-0.1752510745418722,0.04590619001873557,-0.015371939443195783,-0.015903252806398423,0.004165820349323622,-0.009412475151966783,0.0561797752808989,-2.752015278982816e-17,1.0,1.0,0.0,0.0,0.0,43.125406125545936,0.46205886015886766,0.09640949794206034,99.9786458564879,109.99993840700296,0.5012181233562304,49.27592485628224,0.4707098797592699,0.0017,0.0019,0.0101,0.0097
775,1762837449.562454,0.013244780927360212,0.006167474836327173,0.22264043832573377,0.007055310966424214,0.07127387129038809,0.21272093056343366,0.0061797005158886024,-0.003706912022615554,0.0,0.0,0.0,1.0,0.0,0.0,0.0,0.0,0.0,0.0,0.0,0.0,0.0,0.526,-0.011,1.027,1.0,0.007,-0.009,0.014,-0.322,0.101,-0.026,-0.023,-0.014,-0.009,0.5041481677726702,-0.004557275713481634,1.0246758557934301,1.0000046300760888,0.006173314513303193,-0.009610400628147615,0.01364821160217784,-0.33367287023371434,0.09245910884525455,-0.044172976950167656,-0.02662075927746036,-0.021317475330821584,-0.011160643297361522,0.0449438202247191,-2.2016122231862548e-17,1.0,1.0,0.0,0.0,0.0,43.12894945830121,0.46206535680504995,0.09644244405973017,99.97855630671155,109.99993791036478,0.5012280681156104,49.27578658341848,0.4709274129080681,0.0018,0.0016,0.014,0.0095
776,1762837449.628722,0.004559767010392093,-0.021059432540209286,0.2216686796082194,0.007260205472386714,-0.04342506958484059,-0.1361345368826823,-0.004858793587571889,0.001024472529812507,0.0,0.0,0.0,1.0,0.0,0.0,0.0,0.0,0.0,0.0,0.0,0.0,0.0,0.514,-0.007,1.026,1.0,0.006,-0.009,0.014,-0.182,0.054,-0.021,-0.01,0.012,-0.005,0.5014945998836359,-0.0036573480957926736,1.0241726935276991,1.0000116965634136,0.00577257853812659,-0.008176773289516577,0.013763211461606445,-0.19299072665153041,0.046326299286613526,-0.033553785053439186,-0.002781339191988929,0.037191444666209564,-0.008878167660338623,0.03370786516853941,-1.6512091673896936e-17,1.0,1.0,0.0,0.0,0.0,43.13395501503902,0.46209049309524397,0.09652398200234658,99.97840000852347,109.99993702957734,0.501245705574804,49.27338131570402,0.47060522211150607,0.0016,0.0019,0.0105,0.0125
777,1762837449.6906445,0.02023236739090701,0.024828590864143848,0.22186576949738251,0.006614639974483461,0.07836300190257457,0.22944011702176564,0.0009854494458155358,-0.0032278274895162678,0.0,0.0,0.0,1.0,0.0,0.0,0.0,0.0,0.0,0.0,0.0,0.0,0.0,0.508,-0.005,1.025,1.0,0.006,-0.008,0.014,-0.392,0.113,-0.054,-0.019,0.032,-0.012,0.48154233273967234,0.002282857674435265,1.0208939886162165,1.0000142337967728,0.005371650834824536,-0.007341303290389346,0.013593600732461242,-0.40158878602595216,0.10562571319197506,-0.06925353168984934,-0.018691360115822946,0.00837151776795093,-0.012283640324108294,0.022471910112359605,-1.1008061115931225e-17,1.0,1.0,0.0,0.0,0.0,43.13657770457795,0.46210468414412864,0.09640433455764545,99.97833771215802,109.99993667013965,0.5012529003791691,49.274358398806534,0.47098243091182823,0.0016,0.0017,0.0094,0.009
778,1762837449.7592692,0.019338141176702038,0.02588447987821988,0.22097462568100715,0.0063746724310784,-0.004471131071024859,0.005279445070380168,-0.004455719081876623,-0.0011998377170253085,0.0,0.0,0.0,1.0,0.0,0.0,0.0,0.0,0.0,0.0,0.0,0.0,0.0,0.498,-0.002,1.023,1.0,0.006,-0.008,0.014,-0.381,0.105,-0.063,0.005,0.096,-0.011,0.4723073586491247,0.004738303307940717,1.0183357787496992,1.0000236376644867,0.006216915862127226,-0.004900735083759298,0.013640472168908246,-0.38910637179660806,0.0971100525692826,-0.07681615877093315,0.010773984983840733,0.09188274248983407,-0.011693235112385765,0.011235955056179803,-5.5040305579656124e-18,1.0,1.0,0.0,0.0,0.0,43.13950925179867,0.4621298052532129,0.09573740896443218,99.97825029671492,109.99993609655189,0.5012643759408073,49.27543026113571,0.4710411986871886,0.0016,0.0018,0.01,0.0102
779,1762837449.8547418,0.02154830050036634,0.033191353936075876,0.2218501433890876,0.006188432586269454,0.011050796618321517,0.036534370289279985,0.004377588540402127,-0.0009311992240447305,0.0,0.0,0.0,1.0,0.0,0.0,0.0,0.0,0.0,0.0,0.0,0.0,0.0,0.489,-0.0,1.022,1.0,0.006,-0.006,0.013,-0.438,0.117,-0.086,0.024,0.173,-0.012,0.4596226535457539,0.007534347131381952,1.015732354936019,1.000018222569111,0.006598264297375694,-0.0012278286083869938,0.0126334072218568,-0.4422846920091268,0.10891634501201815,-0.10208341782935246,0.016041822628258713,0.11702095799167264,-0.011909755816323576,0.0,0.0,1.0,1.0,0.0,0.0,0.0,43.14147959732446,0.4621474209837917,0.09477731343892708,99.97817116137293,109.99993552431125,0.5012758205996302,49.27754164757574,0.47071425844787124,0.0052,0.0059,0.0311,0.0103
780,1762837449.8990388,0.008415471216079868,-0.004180635802843308,0.21893394200902985,0.00663910602965052,-0.06566414642143235,-0.18685994869459588,-0.014581006900288778,0.002253367216905328,0.0,0.0,0.0,1.0,0.0,0.0,0.0,0.0,0.0,0.0,0.0,0.0,0.0,0.478,0.003,1.019,1.0,0.007,-0.004,0.013,-0.277,0.071,-0.064,0.025,0.132,-0.007,0.45942517580667497,0.007424171505081194,1.0142792871338504,1.0000065695647167,0.0076348120326297135,-0.0001417960645007289,0.012750673225909314,-0.27941042443509634,0.061594409741553016,-0.0774112759780186,0.016843939657754072,0.10112840156251202,-0.009409222157738928,0.0,0.0,1.0,1.0,0.0,0.0,0.0,43.14733550299219,0.4622526126386659,0.09443531100405664,99.97803205321856,109.99993469281264,0.5012924659602195,49.276821321693276,0.47010496790435274,0.0018,0.0022,0.0101,0.016
781,1762837449.9938626,-0.009481144845614737,-0.0626486395929,0.2127214819241821,0.007744963968248261,-0.08948308030847302,-0.2923400189502835,-0.03106230042423868,0.005529289692988698,0.0,0.0,0.0,1.0,0.0,0.0,0.0,0.0,0.0,0.0,0.0,0.0,0.0,0.47,0.005,1.017,1.0,0.007,-0.002,0.013,-0.016,0.004,-0.004,0.001,0.006,-0.0,0.4688556725368684,0.004972978405861649,1.015904664813295,1.0000025221438433,0.006862363930884842,-0.001923511716517735,0.012890403477658397,-0.018323845664016264,-0.004776546942883628,-0.02919624941880788,-0.00891790698718037,-0.00310361375004338,-0.005844271628091192,0.0,0.0,0.9898876404494382,1.0,0.0,0.0,0.0,43.16244438028128,0.4626140003278931,0.09397749363645035,99.97780514131092,109.99993336701156,0.5013190097474787,49.273310903606436,0.46918962480849835,0.0016,0.0018,0.0255,0.0278
782,1762837450.073117,0.00655353930976668,-0.007320024343651921,0.22398476361247646,0.007088506227141484,0.08017342077690709,0.27664307624624035,0.05631640844147179,-0.0032822887055338817,0.0,0.0,0.0,1.0,0.0,0.0,0.0,0.0,0.0,0.0,0.0,0.0,0.0,0.461,0.007,1.015,1.0,0.007,-0.001,0.013,-0.299,0.071,-0.097,-0.014,-0.014,-0.009,0.4410154361301214,0.011456692350434982,1.0071821604260889,1.0000070183918772,0.006210936957998964,-0.002492290714491589,0.01265925437698185,-0.30082222374674833,0.06286356469522394,-0.1383148714654069,-0.03310323016001446,-0.07162358714063975,-0.010623028803417443,0.0,0.0,0.9797752808988764,1.0,0.0,0.0,0.0,43.16978965676895,0.46281460249006384,0.09533385481928917,99.97771972436429,109.99993306849638,0.5013250065324671,49.27166104888017,0.46963514991271593,0.008,0.0063,0.0205,0.036
783,1762837450.1572497,0.00898235796283843,0.0014961785660043275,0.21765511210314936,0.006671734992238349,0.012144093265358747,0.04408101454828123,-0.031648257546635576,-0.0020838561745156747,0.0,0.0,0.0,1.0,0.0,0.0,0.0,0.0,0.0,0.0,0.0,0.0,0.0,0.461,0.007,1.015,1.0,0.007,-0.001,0.013,-0.299,0.071,-0.097,-0.014,-0.014,-0.009,0.4410208881279614,0.011437160516625385,1.0084398409909685,1.0000070340661866,0.006540111309362732,-0.001308532183821052,0.012666439860220044,-0.30042706027512,0.06218154491752177,-0.09799766099947108,-0.012581771037568966,-0.0015006945816793786,-0.01065800411794773,0.0,0.0,0.9696629213483146,1.0,0.0,0.0,0.0,43.17652572668632,0.4630234813178195,0.0952966982658396,99.97761566511936,109.99993249297208,0.5013365315604351,49.27120099846202,0.4696976948961855,0.0065,0.006,0.0294,0.0404
784,1762837450.2429588,0.018183050933016226,0.036427592566495894,0.2256668178860645,0.006167388822774401,0.046003464850888964,0.1746570700024578,0.04005852891457555,-0.0025217308473197407,0.0,0.0,0.0,1.0,0.0,0.0,0.0,0.0,0.0,0.0,0.0,0.0,0.0,0.44,0.012,1.007,1.0,0.006,-0.002,0.013,-0.413,0.091,-0.169,-0.021,-0.003,-0.011,0.4123862054009758,0.01782451652839804,0.9949298354646161,1.0000081717951208,0.005425816013770094,-0.0019519795933974655,0.012625724346777223,-0.41540406972364324,0.08386854949216312,-0.19398716060110047,-0.013840998996125314,0.005766193326434306,-0.01133740921486306,0.0,0.0,0.9595505617977528,1.0,0.0,0.0,0.0,43.17691276456972,0.46300298314998756,0.09519710180254433,99.9775473933063,109.99993211505746,0.5013440981335497,49.27170644339836,0.47006160368722,0.0068,0.0059,0.0292,0.0409
785,1762837450.328232,0.010835891436842826,0.010987959556114237,0.2196130130182885,0.006330964539412174,-0.036735797480867007,-0.12719816505190829,-0.030269024338880013,0.0008178785831888719,0.0,0.0,0.0,1.0,0.0,0.0,0.0,0.0,0.0,0.0,0.0,0.0,0.0,0.426,0.015,1.001,1.0,0.006,-0.002,0.013,-0.291,0.061,-0.134,-0.001,0.046,-0.006,0.40654119477985806,0.01880506074362084,0.9921401841735876,1.0000048429610435,0.006043720288742582,-0.00014312511234589433,0.012758180445497702,-0.2923651640177942,0.05313205761344856,-0.13053038109567672,0.004974438507406818,0.06465361400053095,-0.008811698894571098,0.0,0.0,0.949438202247191,1.0,0.0,0.0,0.0,43.18104409576545,0.46315575084009447,0.09529333159864671,99.97743196502267,109.99993150474717,0.5013563228664579,49.270982073712155,0.47005087783915184,0.0065,0.006,0.0302,0.0397
786,1762837450.413704,0.009635110319842443,0.0075581803842976894,0.2224650724385964,0.006490350130995764,-0.006003905585001912,-0.017148895859082747,0.014260297101539546,0.0007969279579179487,0.0,0.0,0.0,1.0,0.0,0.0,0.0,0.0,0.0,0.0,0.0,0.0,0.0,0.414,0.017,0.995,1.0,0.006,-0.0,0.013,-0.307,0.061,-0.151,0.005,0.071,-0.007,0.39356560796593587,0.020813851172720863,0.9843025897048862,1.0000015739011026,0.0060267371381006,0.001814350078394636,0.012737749003024096,-0.30564892367846536,0.053425411124696925,-0.17078944205997643,-0.0017326104374809905,0.03877417295577064,-0.009101789785022003,0.0,0.0,0.9393258426966292,1.0,0.0,0.0,0.0,43.18513147033687,0.46332034912580683,0.09517072736064015,99.9773183473433,109.99993087676361,0.5013688985600295,49.27076177433205,0.469953038943601,0.0067,0.006,0.0288,0.0401
787,1762837450.4981105,0.009320526408266694,0.009081770128556363,0.22208205773071815,0.006359245045269776,-0.0015729195578787526,0.007617948721293368,-0.001915073539391212,-0.0006555254286299448,0.0,0.0,0.0,1.0,0.0,0.0,0.0,0.0,0.0,0.0,0.0,0.0,0.0,0.402,0.02,0.989,1.0,0.006,0.001,0.012,-0.31,0.058,-0.168,0.001,0.051,-0.007,0.38139997540178416,0.023611389689742152,0.9775536670358819,1.0000014775071633,0.005931529715617462,0.002286137328865145,0.01173256028637887,-0.3077142929798953,0.0503514355839502,-0.17489910934437325,-0.003656123870253494,0.02796944882015513,-0.00923260935603734,0.0,0.0,0.9292134831460674,1.0,0.0,0.0,0.0,43.187632599770104,0.463408805437321,0.0951878434590153,99.97721199872048,109.99993030999823,0.5013802506454247,49.27042052176837,0.46992443775975035,0.0067,0.0059,0.0284,0.0405
788,1762837450.5837066,0.01160918276320217,0.02332814252125808,0.22539742563505244,0.00612185836904244,0.01144328177467737,0.07123186196350859,0.016576839521671466,-0.0011869333811366817,0.0,0.0,0.0,1.0,0.0,0.0,0.0,0.0,0.0,0.0,0.0,0.0,0.0,0.389,0.022,0.982,1.0,0.006,0.002,0.012,-0.361,0.064,-0.209,-0.004,0.038,-0.008,0.3650371139350897,0.02601461477015349,0.967792656409361,1.000002123847539,0.005813278463295077,0.0029747564253777875,0.011709781185304071,-0.357671456135944,0.05647952999693457,-0.21723978225504895,-0.006133334528833153,0.022042485540251563,-0.009573222867265288,0.0,0.0,0.9191011235955056,1.0,0.0,0.0,0.0,43.186096157657275,0.46325660892148735,0.09517404370862055,99.97712074325008,109.99992982673163,0.5013899299788965,49.27032241708796,0.470078301154605,0.0067,0.0059,0.0288,0.0412
789,1762837450.6728597,0.013508400770662121,0.03491508808487241,0.22610635936587736,0.005902637309602075,0.009496090037299752,0.05793472781807166,0.0035446686541247222,-0.0010961052972018233,0.0,0.0,0.0,1.0,0.0,0.0,0.0,0.0,0.0,0.0,0.0,0.0,0.0,0.379,0.024,0.976,1.0,0.006,0.002,0.012,-0.396,0.068,-0.239,-0.005,0.052,-0.01,0.35271329459064515,0.028277291870899404,0.9601763897754713,1.0000005912835292,0.005826671829820232,0.003572965080467515,0.011666437444539476,-0.39225046112454437,0.06035312410432158,-0.2351991107432497,-0.004078983412750653,0.04362490673594724,-0.010516286774360225,0.0,0.0,0.9089887640449438,1.0,0.0,0.0,0.0,43.18097992335339,0.4628579354487321,0.09509738510567371,99.97703897521573,109.99992938477277,0.5013987805660781,49.27033474345853,0.4703108760434832,0.0065,0.006,0.0367,0.0369
790,1762837450.6957738,0.007221669567774459,0.004291921056835318,0.2195935589963431,0.00609964910232709,-0.0314336560144383,-0.15311583514018545,-0.03256400184767122,0.0009850589636250771,0.0,0.0,0.0,1.0,0.0,0.0,0.0,0.0,0.0,0.0,0.0,0.0,0.0,0.369,0.025,0.97,1.0,0.006,0.003,0.012,-0.272,0.044,-0.166,0.001,0.081,-0.011,0.35103658060646775,0.027674997665950794,0.9590053469453501,0.9999940851036758,0.005988918944253466,0.005410520305190316,0.011648974997931898,-0.26637005116400503,0.03625571403865814,-0.16374231804932554,0.0003560989756560313,0.06503197718990898,-0.01091297733650345,0.0,0.0,0.898876404494382,1.0,0.0,0.0,0.0,43.18522052321486,0.4630688749887853,0.09496653909836787,99.97692392325631,109.99992873808809,0.501411730142173,49.27004342692375,0.47005948548704257,0.0016,0.0019,0.0095,0.0087
791,1762837450.7584643,0.007654894933413585,0.008497437278833387,0.2243032370889671,0.006148124956902946,0.0021661268281956136,0.02102758110999034,0.02354839046312001,0.00024237927287928604,0.0,0.0,0.0,1.0,0.0,0.0,0.0,0.0,0.0,0.0,0.0,0.0,0.0,0.357,0.027,0.962,1.0,0.006,0.005,0.012,-0.306,0.047,-0.199,-0.003,0.047,-0.007,0.3368299885744899,0.029886381289451668,0.9481456095473454,0.9999993045137388,0.0057881981354876875,0.0059213367045080545,0.01174086252217169,-0.29891138503631526,0.03964855287972044,-0.21757946515952134,-0.008638269317986709,0.010037007593142269,-0.00870884763417607,0.0,0.0,0.8887640449438202,1.0,0.0,0.0,0.0,43.18731512871703,0.46313959027617496,0.09521665123973912,99.9768184141682,109.99992821231089,0.5014222651697572,49.26955193145145,0.4700549942000519,0.0017,0.0019,0.0097,0.0095
792,1762837450.8387895,0.030724151815797796,0.0684974128674358,0.2542201612469374,0.003935425020707796,0.11534628441192103,0.299999877943012,0.14958462078985132,-0.011063499680975752,0.0,0.0,0.0,1.0,0.0,0.0,0.0,0.0,0.0,0.0,0.0,0.0,0.0,0.348,0.029,0.956,1.0,0.006,0.005,0.012,-0.853,0.126,-0.575,-0.021,0.044,-0.019,0.29136894669113206,0.03715336522742313,0.9180291519157416,1.0000044965144128,0.005382768238798051,0.005988784132415617,0.01145419690720721,-0.8456952820817086,0.11872966620363487,-0.5634326972560645,-0.01546601961823222,0.0184529955263832,-0.014815942457153869,0.0,0.0,0.8786516853932584,1.0,0.0,0.0,0.0,43.1431808028554,0.45977490040076535,0.09534945140492306,99.97686375189063,109.99992851000745,0.5014163026782867,49.26962237573114,0.4720851497329709,0.0017,0.0143,0.011,0.0094
793,1762837450.9230618,0.011682755922066943,0.030533628487969977,0.2131217601423275,0.003502957834816179,-0.09520697946865425,-0.18981892189732907,-0.20549200552304955,-0.0021623359294580826,0.0,0.0,0.0,1.0,0.0,0.0,0.0,0.0,0.0,0.0,0.0,0.0,0.0,0.34,0.03,0.951,1.0,0.006,0.006,0.012,-0.364,0.052,-0.218,0.022,0.101,-0.007,0.3160891271952834,0.03316230484635957,0.9395459161164196,0.9999710183981367,0.00680332198174694,0.009435853506866272,0.011774513269915238,-0.3523804509207298,0.04261570986893784,-0.12135256995369885,0.029168886611205532,0.10648236400562566,-0.007305125125742736,0.0,0.0,0.8685393258426966,1.0,0.0,0.0,0.0,43.136374390657046,0.45916109515511294,0.09514007960841252,99.97675052264141,109.99992788390824,0.5014288402378654,49.26938713202997,0.4719581437757046,0.0016,0.0019,0.0205,0.0301
794,1762837450.9530444,0.010116957798915732,0.03648706761974446,0.23193557195291178,0.004215114198186666,-0.007828990615756058,0.02976719565887241,0.09406905905292126,0.0035607818168524336,0.0,0.0,0.0,1.0,0.0,0.0,0.0,0.0,0.0,0.0,0.0,0.0,0.0,0.329,0.031,0.945,1.0,0.006,0.008,0.012,-0.432,0.058,-0.258,0.029,0.14,-0.007,0.30057540907530583,0.03462169647819377,0.926264616668627,0.9999656242328799,0.006561307650671966,0.011436042581987053,0.01179066288804877,-0.4201680145849872,0.050625668368982205,-0.31037416106907956,0.008070998902974939,0.06957232416007583,-0.006480143448519311,0.0,0.0,0.8584269662921349,1.0,0.0,0.0,0.0,43.13249888353107,0.45876161657020664,0.09546683780384528,99.9766597766152,109.99992743928912,0.5014377501645138,49.26917934675357,0.47185941282051463,0.0017,0.0019,0.0071,0.0067
795,1762837451.025525,0.006661242312047708,0.015358728115251317,0.21653747066055104,0.004930256981465431,-0.017278577434340123,-0.10564169752246572,-0.07699050646180386,0.003575713916393828,0.0,0.0,0.0,1.0,0.0,0.0,0.0,0.0,0.0,0.0,0.0,0.0,0.0,0.326,0.032,0.943,1.0,0.006,0.008,0.012,-0.315,0.041,-0.194,0.009,0.057,-0.003,0.30538862542652184,0.034466017172105796,0.9308830242914232,0.9999862234426747,0.00612028227421293,0.009663055335886293,0.011862951263384413,-0.30290587034839667,0.03291685643714575,-0.1666507944617856,0.00034645519209936773,0.04380351770893833,-0.0054915608171933914,0.0,0.0,0.848314606741573,1.0,0.0,0.0,0.0,43.133888202603536,0.4587501468577099,0.09548983528407526,99.97653672334258,109.99992679841495,0.5014505875319811,49.26883218785009,0.471599533312712,0.0016,0.0019,0.0102,0.0096
796,1762837451.0897784,0.0022226418591973444,-0.004768535878776566,0.2187051408353958,0.005484750576182477,-0.022193002264251815,-0.10063631997013942,0.010838350874223857,0.0027724679735852283,0.0,0.0,0.0,1.0,0.0,0.0,0.0,0.0,0.0,0.0,0.0,0.0,0.0,0.321,0.032,0.939,1.0,0.007,0.009,0.012,-0.246,0.031,-0.153,0.001,0.04,-0.003,0.3049883432152298,0.033784216849301135,0.9277524597773454,0.9999952414836402,0.006839740986999924,0.00980875439837007,0.01185514945417586,-0.23422328479905868,0.022589304117626125,-0.18671669267520108,-0.008924351800907615,0.010178724606515116,-0.0057888511581702185,0.0,0.0,0.8382022471910112,1.0,0.0,0.0,0.0,43.14444315506585,0.45945384684824586,0.09571247439671117,99.9764026457598,109.99992612026605,0.5014641746162402,49.26862291602251,0.4711214803025751,0.0064,0.0013,0.0068,0.0062
797,1762837451.1907246,0.008626842612135949,0.026937148967932843,0.2257517434062515,0.005387037755238945,0.03202100376469302,0.158528424233547,0.0352330128542786,-0.0004885641047176624,0.0,0.0,0.0,1.0,0.0,0.0,0.0,0.0,0.0,0.0,0.0,0.0,0.0,0.313,0.033,0.934,1.0,0.006,0.009,0.011,-0.371,0.045,-0.251,-0.019,-0.008,-0.007,0.2886402099780436,0.03576118832750729,0.9167157386823491,1.000012227670729,0.005346870796037813,0.008332228478191695,0.010749046375663646,-0.3599217248270694,0.037966160028746705,-0.2670954957870554,-0.020314713600218123,-0.030199249734128648,-0.008078282353377141,0.0,0.0,0.8280898876404494,1.0,0.0,0.0,0.0,43.14382482226506,0.4592899604676397,0.09578711515209848,99.97631537809285,109.99992569000979,0.501472794432326,49.26781953403891,0.4714663919178866,0.0067,0.0067,0.0288,0.0107
798,1762837451.222882,0.007672275951220612,0.018119236659336097,0.21886193636190765,0.005421105869956466,-0.004772833304576684,-0.04408956154298373,-0.03444903522171946,0.00017034057358760759,0.0,0.0,0.0,1.0,0.0,0.0,0.0,0.0,0.0,0.0,0.0,0.0,0.0,0.308,0.034,0.931,1.0,0.006,0.009,0.011,-0.306,0.036,-0.214,-0.023,-0.025,-0.007,0.2879845437833872,0.03615349601301884,0.9168648403796209,1.0000100839511108,0.0053794694047739205,0.008569389387013421,0.010745292401147301,-0.2945397980281395,0.028726593345800765,-0.20895150852995173,-0.014589819686352085,-0.0008532819979931872,-0.00831752768151588,0.0,0.0,0.8179775280898876,1.0,0.0,0.0,0.0,43.14749298696847,0.4594686595659941,0.09583020531465655,99.97621123021779,109.9999251552838,0.5014835064209116,49.267148450092,0.47133796889858876,0.0017,0.002,0.0095,0.0074
799,1762837451.2950122,0.007436223094894236,0.017989378772410778,0.22169004679763502,0.005467393767675865,-0.0011802642816318744,-0.000649289434626589,0.01414055217863681,0.00023143948859699582,0.0,0.0,0.0,1.0,0.0,0.0,0.0,0.0,0.0,0.0,0.0,0.0,0.0,0.303,0.035,0.927,1.0,0.006,0.009,0.011,-0.312,0.035,-0.223,-0.021,-0.005,-0.007,0.2825766601800844,0.03709547349863668,0.9114746459614762,1.0000078492367597,0.005393492519028712,0.008813593412303212,0.010748628365818781,-0.3007630840510712,0.028004200175904312,-0.2437533302469989,-0.015758055108277543,-0.006281391386527646,-0.008193065424564211,0.0,0.0,0.8078651685393259,1.0,0.0,0.0,0.0,43.15236694854467,0.45975658443561745,0.09577071745483436,99.976111198739,109.99992464058742,0.5014938162698942,49.2665467510827,0.47139383552276015,0.0016,0.0016,0.0129,0.0099
800,1762837451.3948953,0.0018307566230017641,-0.01734337538168892,0.21166343939510582,0.00574209660076571,-0.028027332359462365,-0.17666377077049847,-0.05013303701264604,0.001373514165449224,0.0,0.0,0.0,1.0,0.0,0.0,0.0,0.0,0.0,0.0,0.0,0.0,0.0,0.292,0.036,0.92,1.0,0.006,0.009,0.011,-0.165,0.017,-0.127,-0.01,0.002,-0.004,0.281386256254772,0.036887000135829816,0.9111510605204767,1.0000040630012272,0.005649194020620475,0.00899584921570492,0.010818337434352693,-0.15340355971763767,0.009677752224629462,-0.13795944047027006,-0.010699992832944715,-0.0016538079082836863,-0.006748639972762655,0.0,0.0,0.797752808988764,1.0,0.0,0.0,0.0,43.169598181108945,0.46112967406035654,0.09596844807957514,99.97597807058841,109.99992397444878,0.501507163930979,49.266837153193066,0.4708033465278841,0.0031,0.0059,0.0262,0.0243
801,1762837451.4196372,0.008360170133856629,0.030282843651421972,0.23209903906922472,0.005483942329868257,0.03264706755427431,0.23813109516555445,0.10217799837059427,-0.0012907713544872642,0.0,0.0,0.0,1.0,0.0,0.0,0.0,0.0,0.0,0.0,0.0,0.0,0.0,0.278,0.037,0.908,1.0,0.005,0.008,0.011,-0.344,0.033,-0.311,-0.026,-0.069,-0.008,0.25536120955745145,0.03901192356700966,0.8859936485835517,1.0000224736355092,0.004230310000679131,0.0056874126413205585,0.010714990981973404,-0.33566094778962624,0.02752426593043917,-0.35058284016256647,-0.02205152322595,-0.070553309374909,-0.008722346802656825,0.0,0.0,0.7876404494382022,1.0,0.0,0.0,0.0,43.1671251421303,0.4607862091137223,0.09542484680183674,99.9758923730336,109.99992348930725,0.5015168756372729,49.266068490066985,0.4710355601414411,0.0017,0.0019,0.007,0.0067
802,1762837451.4900992,0.01130401872333442,0.056708578380833166,0.22875060439411268,0.005183065517841645,0.014719242947388947,0.13212867364705594,-0.016742173375560172,-0.001504384060133059,0.0,0.0,0.0,1.0,0.0,0.0,0.0,0.0,0.0,0.0,0.0,0.0,0.0,0.27,0.038,0.901,1.0,0.005,0.007,0.011,-0.416,0.038,-0.386,-0.03,-0.048,-0.011,0.2425659768995466,0.04032455470829063,0.8763309371304066,1.0000126209511542,0.004254610939970727,0.006194154827745389,0.010645062522555601,-0.4071693752563287,0.03187715686926455,-0.3509800378293226,-0.015930145095321344,-0.001603721969091451,-0.010444820596379922,0.0,0.0,0.7775280898876404,1.0,0.0,0.0,0.0,43.15201784750223,0.4592588151015373,0.0954578137152629,99.97583180687798,109.99992319784668,0.5015227146529173,49.26400472749642,0.4715524216760131,0.0017,0.0018,0.0091,0.0085
803,1762837451.58409,0.009388159923184116,0.042109331341346354,0.22469854087978122,0.005228817454506805,-0.009579294000751516,-0.072996235197434,-0.020260317571657322,0.0002287596833257994,0.0,0.0,0.0,1.0,0.0,0.0,0.0,0.0,0.0,0.0,0.0,0.0,0.0,0.268,0.038,0.899,1.0,0.005,0.007,0.011,-0.344,0.031,-0.317,-0.022,-0.019,-0.009,0.24537412548880075,0.03985990550201609,0.8782826956551235,1.0000037650056277,0.004474479450992496,0.00728668088695707,0.010697787733722942,-0.3347472542448005,0.024922072297367006,-0.30511428960398307,-0.010156089891140314,0.03209238175485571,-0.009367299756680473,0.0,0.0,0.7674157303370787,1.0,0.0,0.0,0.0,43.14641736068638,0.4585935271429274,0.09632407890021803,99.97576019471336,109.99992294683238,0.5015277553464088,49.26176425706461,0.4720427087191001,0.0017,0.0019,0.0267,0.0181
804,1762837451.6432855,0.008229370921003629,0.03646190661306623,0.22746596144932515,0.005305336678881287,-0.005793945010902437,-0.028237123641400644,0.013837102847719631,0.0003825961218724067,0.0,0.0,0.0,1.0,0.0,0.0,0.0,0.0,0.0,0.0,0.0,0.0,0.0,0.26,0.039,0.891,1.0,0.005,0.008,0.011,-0.358,0.03,-0.336,-0.011,0.066,-0.008,0.2365092077831961,0.040794121149051614,0.8686387666838498,0.9999872265317309,0.004673010766148853,0.009927106924233646,0.010731343145736587,-0.34632432181136363,0.02390613596638314,-0.3354937153778209,-0.007594754245680563,0.04963620741866768,-0.008730621018193092,0.0,0.0,0.7573033707865169,1.0,0.0,0.0,0.0,43.13951079136079,0.45779671663685956,0.09593962529297886,99.97567336288714,109.99992247862919,0.5015371304594952,49.26077365362318,0.4722236468894144,0.0025,0.0015,0.0077,0.0293
805,1762837451.6873915,0.006298503471308388,0.025507594261963713,0.22359315136405905,0.0054070779330866806,-0.00965433724847621,-0.05477156175551261,-0.019364050426330517,0.0005087062710269634,0.0,0.0,0.0,1.0,0.0,0.0,0.0,0.0,0.0,0.0,0.0,0.0,0.0,0.252,0.039,0.883,1.0,0.005,0.009,0.011,-0.323,0.025,-0.307,-0.006,0.077,-0.007,0.2308953282556563,0.040456317401945927,0.8628726647522896,0.9999830209304915,0.00477131877366009,0.01106954987146942,0.010755303922206316,-0.30966979181899734,0.018739578917398234,-0.2964405139997241,-0.006164963778457397,0.04909958972383135,-0.008246500433763158,0.0,0.0,0.747191011235955,1.0,0.0,0.0,0.0,43.13600540283625,0.4573220759994936,0.09583830110783778,99.975580193006,109.99992200935473,0.501546531340755,49.26001077239636,0.47222709202655533,0.0011,0.0018,0.0087,0.0069
806,1762837451.7542953,0.007790048384239676,0.026751037738123973,0.22645851718873153,0.005501279777958395,0.007457724564656435,0.006217217380801318,0.014326829123362379,0.0004710092243585762,0.0,0.0,0.0,1.0,0.0,0.0,0.0,0.0,0.0,0.0,0.0,0.0,0.0,0.243,0.04,0.875,1.0,0.004,0.01,0.011,-0.331,0.024,-0.324,-0.008,0.057,-0.006,0.2213856788364892,0.04143768468343501,0.8533165113536724,0.9999889334797943,0.00373680513263884,0.011361342864887783,0.010775560422177168,-0.31714164974590636,0.01919513689855907,-0.3271135037117166,-0.0068924305101685426,0.026896405099910065,-0.007722010150085005,0.0,0.0,0.7370786516853932,1.0,0.0,0.0,0.0,43.13156477279859,0.4567580016960527,0.09596221383878087,99.97549116568605,109.999921595909,0.5015548173268936,49.25882180758878,0.4723722671279741,0.0035,0.0013,0.0064,0.0073
807,1762837451.8404362,0.00721488054637563,0.02458510435703733,0.22413355893535894,0.005509128785080667,-0.002875839189320227,-0.010829666905433202,-0.011624791266862805,3.924503561136426e-05,0.0,0.0,0.0,1.0,0.0,0.0,0.0,0.0,0.0,0.0,0.0,0.0,0.0,0.235,0.041,0.867,1.0,0.004,0.01,0.011,-0.314,0.021,-0.314,-0.006,0.048,-0.008,0.2145229527525442,0.04223397769381614,0.8463136110222342,0.9999910550429508,0.0038171990456945014,0.01119497865650613,0.010724261482875084,-0.3000303579398914,0.016058144429307662,-0.30617919592874454,-0.004040099649694776,0.025875633427271512,-0.0088296518522079,0.0,0.0,0.7269662921348314,1.0,0.0,0.0,0.0,43.1282210855119,0.45630163922083117,0.09605796905242077,99.97540294857191,109.99992117954842,0.501563161040846,49.25773069436344,0.47252847540842574,0.0059,0.0052,0.0186,0.0082
808,1762837451.9369228,0.0053301045298961005,0.009558315609334586,0.21996795925770815,0.005609374607455537,-0.009423880082397643,-0.0751339437385137,-0.020827998388253867,0.0005012291118743477,0.0,0.0,0.0,1.0,0.0,0.0,0.0,0.0,0.0,0.0,0.0,0.0,0.0,0.227,0.041,0.859,1.0,0.004,0.011,0.011,-0.249,0.015,-0.257,-0.004,0.026,-0.006,0.21088398038640102,0.04183567940669225,0.8417783256988295,0.9999963608102901,0.003857318015714213,0.01159347153476911,0.010770273468481856,-0.23435491550751578,0.010104610368885514,-0.26000908750069934,-0.003984494433671943,0.010978019915847816,-0.007788765494875793,0.0,0.0,0.7168539325842697,1.0,0.0,0.0,0.0,43.13278841890813,0.45662455835030524,0.09612496417912618,99.97530155673716,109.99992069729007,0.5015728253946855,49.257345703741194,0.47251281835687514,0.0017,0.0019,0.0538,0.0105
809,1762837451.9562159,0.0050199940041419575,0.007106391357460279,0.2203014465765371,0.00566016674712825,-0.001550552628770711,-0.012259621259371512,0.001667436594144641,0.00025396069836357055,0.0,0.0,0.0,1.0,0.0,0.0,0.0,0.0,0.0,0.0,0.0,0.0,0.0,0.227,0.041,0.859,1.0,0.004,0.011,0.011,-0.249,0.015,-0.257,-0.004,0.026,-0.006,0.21087236044984037,0.04183909794016335,0.8413662184622979,0.9999996791118796,0.0038261180094787345,0.011315341964095615,0.010770032269655184,-0.23476566406957852,0.010214006392100412,-0.27260111987265506,-0.005889753066101783,-0.0046217629475914955,-0.00776464173380608,0.0,0.0,0.7067415730337079,1.0,0.0,0.0,0.0,43.13904876941591,0.4571225610031608,0.09636359355732878,99.97520452337601,109.9999202622031,0.5015815473871579,49.256636308882086,0.47263608965491033,0.001,0.0013,0.0081,0.0079
810,1762837452.024747,0.004178147280413267,0.0037209780414495346,0.21998537640456076,0.005523137592969068,-0.00420923361864345,-0.016927066580053725,-0.0015803508598818405,-0.0006851457707959054,0.0,0.0,0.0,1.0,0.0,0.0,0.0,0.0,0.0,0.0,0.0,0.0,0.0,0.212,0.042,0.842,1.0,0.004,0.011,0.01,-0.214,0.011,-0.248,-0.007,-0.021,-0.006,0.19818878093726824,0.04257215305922336,0.8250400716002694,1.0000118381551064,0.003765079951485455,0.010187404974733834,0.009765603015148493,-0.20050243964530529,0.006210872963914461,-0.2606762854776544,-0.007291406983477891,-0.026744409177738935,-0.007810949979254987,0.0,0.0,0.696629213483146,1.0,0.0,0.0,0.0,43.14685021504712,0.45779614705522303,0.09634523719597965,99.97510620596303,109.99991978927291,0.5015910240981634,49.25638759523233,0.472579522307505,0.0017,0.0019,0.0092,0.0097
811,1762837452.090624,0.0007672992057144723,-0.042214679350476694,0.20104809248613456,0.005707345900547467,-0.017054240373493977,-0.2296782869596311,-0.09468641959213098,0.0009210415378919981,0.0,0.0,0.0,1.0,0.0,0.0,0.0,0.0,0.0,0.0,0.0,0.0,0.0,0.204,0.042,0.833,1.0,0.004,0.01,0.01,-0.023,0.001,-0.028,-0.001,-0.004,-0.001,0.20288569141100501,0.041903244654492404,0.8304531973761685,1.0000057543488996,0.0038895596533093327,0.009570552394119131,0.009888427356580019,-0.01051062734999656,-0.003882770028362539,-0.048349340507735906,-0.005305552542886402,-0.0198567011377017,-0.005136931445549965,0.0,0.0,0.6865168539325842,1.0,0.0,0.0,0.0,43.18213580892438,0.4613144383945918,0.09673760046728257,99.97497586643472,109.99991920718413,0.5016026951370879,49.25842837222358,0.4721313890255189,0.0017,0.0017,0.0095,0.0081
812,1762837452.160677,0.004617147156552058,0.017586007175748167,0.2428565600605858,0.005245358018617101,0.01924923975418793,0.2990034326311243,0.20904233787225646,-0.0023099394096518285,0.0,0.0,0.0,1.0,0.0,0.0,0.0,0.0,0.0,0.0,0.0,0.0,0.0,0.195,0.043,0.821,1.0,0.004,0.009,0.01,-0.292,0.011,-0.413,-0.019,-0.15,-0.009,0.175817599283466,0.043590616008678425,0.79120085431548,1.0000364446150445,0.0034425446754990474,0.004297052914004579,0.009685707444433823,-0.28442108433741414,0.006837765272790655,-0.4836281087385754,-0.017261483728263624,-0.13467107139785073,-0.009064485126516884,0.0,0.0,0.6764044943820224,1.0,0.0,0.0,0.0,43.17543427518483,0.4604908118584793,0.09540713137091866,99.97489003917855,109.99991864059047,0.5016140303206157,49.25764281988921,0.4717147036983668,0.0019,0.0033,0.0105,0.0094
813,1762837452.2309775,0.0030600181663541946,0.007133728844929868,0.2110480243001775,0.005108650359507189,-0.007785644950989317,-0.05226139165409152,-0.15904267880204154,-0.0006835382955495631,0.0,0.0,0.0,1.0,0.0,0.0,0.0,0.0,0.0,0.0,0.0,0.0,0.0,0.187,0.043,0.81,1.0,0.004,0.007,0.01,-0.17,0.006,-0.248,-0.01,-0.063,-0.005,0.17597345395346303,0.04321800882704243,0.7956432238529879,1.0000117442825767,0.0037026519033379708,0.005652223527216435,0.00979055288578329,-0.16103396726248842,0.000555551008656107,-0.17637979052371627,-0.008323161837928443,-0.018019195324109418,-0.00711104822331519,0.0,0.0,0.6662921348314607,1.0,0.0,0.0,0.0,43.18062959291488,0.4609374756660906,0.09592840889820613,99.97479836272072,109.99991826025219,0.5016216598484585,49.25713205679294,0.4714635560283859,0.0074,0.0031,0.0083,0.0087
814,1762837452.2897837,0.005367809322768084,0.03306187831449932,0.23959613834143262,0.004978131200712853,0.011538955782069447,0.12964074734784725,0.14274057020627576,-0.0006525957939716821,0.0,0.0,0.0,1.0,0.0,0.0,0.0,0.0,0.0,0.0,0.0,0.0,0.0,0.176,0.043,0.793,1.0,0.003,0.006,0.01,-0.271,0.007,-0.42,-0.013,-0.034,-0.007,0.15816010544681777,0.043354585658194396,0.7635549743510788,1.000008723658263,0.002630271956145721,0.005059216191152434,0.009749134799723037,-0.26444789035926203,0.0037378274379486808,-0.4681884971112804,-0.009945642695907274,-0.023782522282302432,-0.00789671153879423,0.0,0.0,0.6561797752808989,1.0,0.0,0.0,0.0,43.17067925753173,0.4597560416936851,0.0956465921262891,99.9747204384312,109.99991786466038,0.5016295839158931,49.255601062484686,0.4714491372358086,0.0032,0.0041,0.0069,0.0067
815,1762837452.3525012,0.004350639428705539,0.02107208014650353,0.22111234381251396,0.004989774090505206,-0.005085849470312727,-0.05994899083997893,-0.0924189726445932,5.821444896176469e-05,0.0,0.0,0.0,1.0,0.0,0.0,0.0,0.0,0.0,0.0,0.0,0.0,0.0,0.168,0.043,0.78,1.0,0.003,0.006,0.01,-0.219,0.004,-0.338,-0.006,0.025,-0.005,0.15369474039732275,0.04313286094440022,0.7592818366001418,0.9999962427734105,0.0028234467858803385,0.006963420739845652,0.009800625833038106,-0.2098695081091256,3.006850896840243e-06,-0.2792831089986464,-0.00393031464006869,0.03329381962964956,-0.006948193966035539,0.0,0.0,0.646067415730337,1.0,0.0,0.0,0.0,43.164755612818745,0.4590268134398061,0.09539860753609207,99.97463213024737,109.99991742832944,0.5016383252921454,49.25488933886292,0.4713743718154438,0.0014,0.0015,0.0068,0.0064
816,1762837452.4198248,0.003615195737228738,0.004002691118892239,0.22040980493024567,0.005118310189923656,-0.003677218457384,-0.08534694513805646,-0.0035126944113414646,0.0006426804970922471,0.0,0.0,0.0,1.0,0.0,0.0,0.0,0.0,0.0,0.0,0.0,0.0,0.0,0.163,0.044,0.772,1.0,0.003,0.006,0.01,-0.152,0.002,-0.237,-0.004,0.023,-0.003,0.15312991829348901,0.044011913281848336,0.7556572786516755,0.9999979011536779,0.0028504062273072106,0.0066392260300803686,0.009848511498577232,-0.1440088159759899,-0.0015936354812182351,-0.25614043752971466,-0.004476781800328776,0.015136224406444115,-0.005887116863355447,0.0,0.0,0.6359550561797752,1.0,0.0,0.0,0.0,43.174170795493744,0.45994650369832435,0.09537860587486717,99.9745355299142,109.99991698396691,0.5016472314973992,49.25497104390598,0.47128018298189817,0.0012,0.0013,0.0075,0.0077
817,1762837452.5279338,0.0040872343297577805,0.03558497410564885,0.23975524076738886,0.004975714328387066,0.0023601929626452106,0.15791141493378305,0.09672717918571605,-0.0007129793076829506,0.0,0.0,0.0,1.0,0.0,0.0,0.0,0.0,0.0,0.0,0.0,0.0,0.0,0.154,0.044,0.758,1.0,0.003,0.006,0.01,-0.284,0.003,-0.465,-0.006,0.006,-0.006,0.13532238990428133,0.04407855981118062,0.726814465852923,1.0000031858362803,0.002797891418593828,0.005938323835902227,0.009774425547912429,-0.27634062011958777,-0.0006005557701721463,-0.4706491241471369,-0.006025534146723687,-0.00904156975977409,-0.007421614926560858,0.0,0.0,0.6258426966292134,1.0,0.0,0.0,0.0,43.15621909934316,0.4579527820619544,0.0951721766240758,99.97445809820323,109.99991660165055,0.5016548910193044,49.253295314561825,0.47111592682564646,0.0047,0.0058,0.0298,0.0187
818,1762837452.5524223,0.003397555643286837,0.018662076576656476,0.2209705773744159,0.0050192664955889576,-0.0034483934323547173,-0.08461448764496185,-0.09392331696486494,0.00021776083600945524,0.0,0.0,0.0,1.0,0.0,0.0,0.0,0.0,0.0,0.0,0.0,0.0,0.0,0.147,0.044,0.747,1.0,0.003,0.007,0.01,-0.205,0.001,-0.327,-0.004,0.035,-0.004,0.13367761935331818,0.043933284436457394,0.7269122018779558,0.9999929565527007,0.0028424972123828798,0.008214188390750011,0.009825149849431069,-0.19433301064246364,-0.0029808407470882925,-0.2728219193415027,-0.00447313684731673,0.03913147298046327,-0.006459169379239472,0.0,0.0,0.6157303370786517,1.0,0.0,0.0,0.0,43.150639229191064,0.4573092697857143,0.09511100428362872,99.97436990244975,109.99991619349413,0.5016630712522936,49.252749702405936,0.4710027534628241,0.0012,0.0015,0.0074,0.0066
819,1762837452.6233382,0.003409613288940752,0.03860585366327805,0.24165411640764678,0.004788399017473544,6.028822826957374e-05,0.09971888543310789,0.10341769516615444,-0.001154337390577067,0.0,0.0,0.0,1.0,0.0,0.0,0.0,0.0,0.0,0.0,0.0,0.0,0.0,0.14,0.044,0.736,1.0,0.003,0.007,0.009,-0.295,0.0,-0.477,-0.007,0.044,-0.007,0.12064545319943398,0.04388024423329158,0.7038737038770065,0.999995029995164,0.002760375491459671,0.008042596809737098,0.008754789474595808,-0.28545923415503616,-0.0035243106975238227,-0.48972924239000587,-0.006673792141329428,0.01976473081850506,-0.00787932050870097,0.0,0.0,0.6056179775280899,1.0,0.0,0.0,0.0,43.12993735486752,0.4551363158661124,0.09510993244106951,99.97429937756758,109.99991586324845,0.5016696899889446,49.25106111967823,0.47076313864911706,0.0017,0.0019,0.01,0.0074
820,1762837452.6891124,0.00315466102043299,0.029603629012546255,0.22726583203165224,0.004691148574755587,-0.0012747613425388125,-0.04501112325365898,-0.07194142187997275,-0.0004862522135897871,0.0,0.0,0.0,1.0,0.0,0.0,0.0,0.0,0.0,0.0,0.0,0.0,0.0,0.134,0.044,0.725,1.0,0.003,0.008,0.009,-0.257,-0.001,-0.406,-0.008,0.072,-0.007,0.11727629974015333,0.043801084811521646,0.6999020136268252,0.9999841714394399,0.0027286481077881198,0.01007394326500986,0.00876042031330849,-0.244148727630001,-0.004918216320822357,-0.34395848508689963,-0.007019675359095168,0.05500058646346026,-0.00775577508711291,0.0,0.0,0.595505617977528,1.0,0.0,0.0,0.0,43.11304167924904,0.4534394088785144,0.095037128112834,99.97422312272485,109.99991549982107,0.501676972922106,49.250136364567204,0.470511417467348,0.0016,0.0019,0.0081,0.0085
821,1762837452.785994,0.004205854977848982,0.018117937530714577,0.22691881486598944,0.00473073943632769,0.0052559697870799595,-0.057428457409158376,-0.001735085828313821,0.00019795430786051916,0.0,0.0,0.0,1.0,0.0,0.0,0.0,0.0,0.0,0.0,0.0,0.0,0.0,0.122,0.044,0.709,1.0,0.002,0.009,0.009,-0.207,-0.003,-0.318,-0.006,0.05,-0.005,0.10861096765268594,0.043720014737970644,0.6879350654037605,0.9999894597035364,0.001817385782865547,0.010306329990820621,0.008807126422240989,-0.19442875843755025,-0.0053489098757512985,-0.3162594412308407,-0.004277634175833573,0.029571061535316023,-0.006604963505833906,0.0,0.0,0.5853932584269663,1.0,0.0,0.0,0.0,43.108849837575555,0.45302371012714177,0.09513607961719392,99.9741426672326,109.99991514617854,0.5016840628360705,49.249718376920505,0.47038883566715334,0.0032,0.006,0.0281,0.0132
822,1762837452.873943,0.003965517905517613,0.01423614923257688,0.22583915368124216,0.004704923726367314,-0.0012016853616568426,-0.019408941490688496,-0.005398305923736305,-0.0001290785498018834,0.0,0.0,0.0,1.0,0.0,0.0,0.0,0.0,0.0,0.0,0.0,0.0,0.0,0.115,0.044,0.697,1.0,0.002,0.01,0.009,-0.196,-0.004,-0.307,-0.005,0.031,-0.006,0.10238032322948425,0.04365259460636828,0.6767698014104707,0.9999958207479229,0.001866922369710236,0.010619307345767645,0.008781656397102081,-0.18244842335523553,-0.0063914698763504,-0.29999945719872445,-0.0026521915945538228,0.007827419032031853,-0.007109214538584865,0.0,0.0,0.5752808988764044,1.0,0.0,0.0,0.0,43.105760469178186,0.4527363406972825,0.09532137898909013,99.97406497120942,109.9999148152994,0.5016906976522285,49.24928573085058,0.47033734374359426,0.0016,0.0019,0.0279,0.0404
823,1762837452.9570014,0.003952335776968649,0.0134637129932362,0.22512409757102922,0.004672985985829351,-6.5910642744825e-05,-0.003862181196703396,-0.00357528055106463,-0.00015968870268982403,0.0,0.0,0.0,1.0,0.0,0.0,0.0,0.0,0.0,0.0,0.0,0.0,0.0,0.115,0.044,0.697,1.0,0.002,0.01,0.009,-0.196,-0.004,-0.307,-0.005,0.031,-0.006,0.10237741193551127,0.043653040256301644,0.6766579757455503,0.9999963680294267,0.0018606886344284467,0.010568624779146258,0.008782416000403786,-0.18254467934004462,-0.006376214905709944,-0.3034536339612204,-0.0030933201970111696,0.005645446593296721,-0.007065497363119899,0.0,0.0,0.5651685393258427,1.0,0.0,0.0,0.0,43.10318488742657,0.45251711270362593,0.09557328304571776,99.97398894165497,109.99991450257768,0.5016969696946523,49.24874154728779,0.4703429284979058,0.0068,0.006,0.0358,0.0324
824,1762837453.040282,0.003520222211009152,-0.007944762733082238,0.21370309457897607,0.004751461128951658,-0.0021605678297974855,-0.10704237863159219,-0.05710501496026578,0.0003923757156115372,0.0,0.0,0.0,1.0,0.0,0.0,0.0,0.0,0.0,0.0,0.0,0.0,0.0,0.098,0.043,0.669,1.0,0.002,0.01,0.009,-0.086,-0.003,-0.146,-0.001,-0.007,-0.003,0.09269429044487197,0.04271810097029193,0.6591659521103121,1.0000046662876527,0.00196395420217516,0.009667146842262926,0.008852037439767221,-0.0732410509069591,-0.005449912307207334,-0.1491185410971994,-0.0012093614401351269,-0.012222646518563992,-0.005540725490309688,0.0,0.0,0.5550561797752809,1.0,0.0,0.0,0.0,43.11991464682876,0.4540118707106849,0.09553227130956402,99.97389717496031,109.99991409396792,0.5017051603313232,49.24958361088318,0.47025657990282455,0.0065,0.0058,0.0292,0.039
825,1762837453.1223693,0.00018171413421770068,0.052048650139507574,0.28241754727181795,0.004040045710352142,-0.016692540383957254,0.29996706436294907,0.3435722634642095,-0.0035570770929975815,0.0,0.0,0.0,1.0,0.0,0.0,0.0,0.0,0.0,0.0,0.0,0.0,0.0,0.09,0.043,0.655,1.0,0.002,0.01,0.009,-0.48,-0.019,-0.883,-0.003,-0.127,-0.015,0.0583560638014273,0.0416559493556666,0.5955820539243395,1.0000333363607397,0.0019347897934486236,0.0064334897259262416,0.008558788204755256,-0.4700939282034252,-0.02130866398862952,-0.901257880041082,-0.0026121581270981947,-0.09106973009125009,-0.011538651413199336,0.0,0.0,0.544943820224719,1.0,0.0,0.0,0.0,43.04954223313651,0.4478509874003518,0.09463010060455385,99.97385703633563,109.99991380384151,0.5017109618485907,49.246055913894345,0.47022204922315364,0.0064,0.006,0.0278,0.0387
826,1762837453.2047274,0.0016248819305202545,0.03818318900537733,0.21607317789150804,0.004020493807514857,0.007215838981512769,-0.06932730567065126,-0.33172184690154943,-9.775951418642109e-05,0.0,0.0,0.0,1.0,0.0,0.0,0.0,0.0,0.0,0.0,0.0,0.0,0.0,0.085,0.043,0.646,1.0,0.002,0.009,0.009,-0.217,-0.009,-0.427,-0.001,-0.069,-0.006,0.07100452226520947,0.04229441514039223,0.6238409914054007,1.0000104126216023,0.001898157739648524,0.008028848778459283,0.008787586242061302,-0.20297985996348425,-0.012185711296162454,-0.22780113224781562,-0.0052079998497456485,0.006571048803248819,-0.0065772856749187775,0.0,0.0,0.5348314606741573,1.0,0.0,0.0,0.0,43.01788644434591,0.44542002879889026,0.09621347956847343,99.97379908943756,109.99991371883661,0.501712687761799,49.24395123630857,0.470499152463947,0.0064,0.0058,0.0289,0.0385
827,1762837453.287435,0.0015451262638375351,0.03920626801051965,0.24437507323017266,0.004076279954095505,-0.00039877833341359775,0.0051153950257115804,0.141509476693323,0.0002789307329032402,0.0,0.0,0.0,1.0,0.0,0.0,0.0,0.0,0.0,0.0,0.0,0.0,0.0,0.08,0.042,0.636,1.0,0.002,0.008,0.009,-0.244,-0.012,-0.43,-0.007,0.014,-0.006,0.06406095311788991,0.04112616070034319,0.6059193413498303,0.9999970046492247,0.001777059034286283,0.008633478966097733,0.008792326862372008,-0.23423577331744513,-0.014133070788749228,-0.4827300739843948,-0.0058501747949917275,0.021811440527049558,-0.00656113955768775,0.0,0.0,0.5247191011235954,1.0,0.0,0.0,0.0,42.99767908382915,0.44398673503844027,0.09631404082712273,99.97373114840684,109.99991343651635,0.501718348759545,49.24284040256871,0.47067118334695185,0.0065,0.0058,0.0279,0.0395
828,1762837453.3301735,0.001079828531740265,0.02998319833394717,0.23062927989377152,0.0039618440688826435,-0.0023264886604863495,-0.04611534838286245,-0.06872896668200555,-0.000572179426064314,0.0,0.0,0.0,1.0,0.0,0.0,0.0,0.0,0.0,0.0,0.0,0.0,0.0,0.069,0.042,0.617,1.0,0.002,0.01,0.008,-0.235,-0.014,-0.41,-0.009,0.088,-0.006,0.053848179844720456,0.04098097960478338,0.5918947081624282,0.9999759021185347,0.0017119552165047137,0.012349945914958693,0.007795933599611944,-0.21887835005064477,-0.016513381142229902,-0.33901538482773536,-0.007111399297671932,0.055817314770393894,-0.006608440473973323,0.0,0.0,0.5146067415730337,1.0,0.0,0.0,0.0,42.973368167305246,0.44239264969927733,0.09618394441856111,99.97366246588966,109.9999131212907,0.501724666009654,49.2423351067406,0.47060165896086964,0.0064,0.0057,0.0192,0.0086
829,1762837453.3986132,0.0012816822569266578,0.016876257148686395,0.22821091455382778,0.00394525707817307,0.001009268625931964,-0.0655347059263039,-0.012091826699718831,-8.293495354786372e-05,0.0,0.0,0.0,1.0,0.0,0.0,0.0,0.0,0.0,0.0,0.0,0.0,0.0,0.066,0.042,0.611,1.0,0.002,0.011,0.008,-0.187,-0.012,-0.31,-0.007,0.071,-0.005,0.05404441705789773,0.04112017364698119,0.5907063465167269,0.9999813249966086,0.0017553974323822063,0.01273288650872199,0.007821558781696679,-0.17132779116305522,-0.014331233781087981,-0.3010500786786734,-0.006669796334570581,0.0357147163521927,-0.005935949655434451,0.0,0.0,0.5044943820224719,1.0,0.0,0.0,0.0,42.964005595125606,0.4419007845752596,0.09634417853427027,99.97359116542687,109.99991282754736,0.5017305568848024,49.24216887311847,0.47054520806659983,0.0016,0.0019,0.0206,0.039
830,1762837453.4821048,0.0011478139675494769,0.015603568979947632,0.22776997016459485,0.003913952430013218,-0.0006693414468859054,-0.006363440843693835,-0.002204721946164621,-0.0001565232407992602,0.0,0.0,0.0,1.0,0.0,0.0,0.0,0.0,0.0,0.0,0.0,0.0,0.0,0.064,0.041,0.608,1.0,0.002,0.011,0.008,-0.186,-0.012,-0.308,-0.007,0.06,-0.005,0.05210207746329847,0.04012047295405693,0.5877235009481904,0.9999874124877787,0.0017639715842433668,0.012245005293694714,0.007821559957632479,-0.17065766412202224,-0.014331547743711967,-0.3007220461505626,-0.006378762676179043,0.01818067386108449,-0.005889219118868627,0.0,0.0,0.4943820224719101,1.0,0.0,0.0,0.0,42.95562299868881,0.4415190723818023,0.09678916613935833,99.97352458238794,109.99991259002489,0.5017353248723685,49.24164978521746,0.47064480151990706,0.0065,0.0058,0.0288,0.0388
831,1762837453.5644464,0.0015438358098823193,0.008418271729042729,0.2216678550115197,0.0038865543483203183,0.001980109211664212,-0.03592648625452451,-0.03051057576537575,-0.0001369904084644962,0.0,0.0,0.0,1.0,0.0,0.0,0.0,0.0,0.0,0.0,0.0,0.0,0.0,0.058,0.041,0.599,1.0,0.002,0.011,0.008,-0.14,-0.01,-0.237,-0.007,0.016,-0.004,0.04915041651165455,0.04025363755940415,0.5833629382908722,0.9999993749231281,0.0017695857280297202,0.011207263679826034,0.007844062404238173,-0.12543369465777454,-0.012340779144096382,-0.23220657528547164,-0.006562184671823606,-0.0015816416208726987,-0.005362290238091765,0.0,0.0,0.4842696629213482,1.0,0.0,0.0,0.0,42.95659553793093,0.4417149488115531,0.0969062900338602,99.97345107009842,109.99991228986914,0.5017413441429747,49.24169524745162,0.4706757626873275,0.0063,0.0058,0.0279,0.0396
832,1762837453.6473086,0.0006762996482287281,0.01906768675032261,0.2301736741805517,0.0037967606110059227,-0.004337680808267956,0.053247075106399394,0.0425290958451601,-0.0004489686865719802,0.0,0.0,0.0,1.0,0.0,0.0,0.0,0.0,0.0,0.0,0.0,0.0,0.0,0.053,0.041,0.59,1.0,0.002,0.011,0.008,-0.177,-0.014,-0.31,-0.007,-0.011,-0.005,0.04165794075041104,0.03998907799654852,0.5689317998784119,1.0000078857724921,0.0017831427418448533,0.010436048462157795,0.00781933759231832,-0.16339619530389932,-0.016280025325351763,-0.32295052390256185,-0.006122757746358994,-0.02171801524268643,-0.00581615819169083,0.0,0.0,0.47415730337078643,1.0,0.0,0.0,0.0,42.95018260129128,0.44148594770628125,0.09689718294749584,99.97338438688054,109.99991200986454,0.5017469577884459,49.24107415919084,0.4708151650933804,0.0063,0.0058,0.0289,0.0391
833,1762837453.7294233,0.0017146222654201286,0.023628080142328898,0.22924552320990005,0.0037477648596930657,0.0051916130859570005,0.022801966960031443,-0.004640754853258471,-0.00024497875656428515,0.0,0.0,0.0,1.0,0.0,0.0,0.0,0.0,0.0,0.0,0.0,0.0,0.0,0.045,0.04,0.575,1.0,0.001,0.011,0.008,-0.183,-0.016,-0.334,-0.008,-0.015,-0.005,0.0332784915612764,0.0388965121506136,0.5533094407551568,1.0000064200155576,0.0007805910620040752,0.010554100225366094,0.007820564931186843,-0.16871129386588923,-0.01705804130206081,-0.31545278662226717,-0.005504474400607648,-0.011112813706238359,-0.005784770536547747,0.0,0.0,0.46404494382022465,1.0,0.0,0.0,0.0,42.939291661598126,0.44101226735784116,0.09683739228507039,99.97331930252406,109.99991173265045,0.5017525149127874,49.240274243989845,0.4709427204853144,0.0064,0.0058,0.0279,0.0393
834,1762837453.8114936,-0.00033368040439885733,0.04248980634226079,0.24249363973503552,0.0035713734907033465,-0.010241513349094927,0.09430863099965946,0.06624058262567725,-0.0008819568449485932,0.0,0.0,0.0,1.0,0.0,0.0,0.0,0.0,0.0,0.0,0.0,0.0,0.0,0.039,0.039,0.564,1.0,0.001,0.011,0.008,-0.258,-0.025,-0.48,-0.008,-0.002,-0.007,0.022280221568707584,0.037296764521657706,0.5325248454758227,1.0000027694537483,0.0007982326960780633,0.010927096647671546,0.007773216962711719,-0.2436106386855437,-0.026051918648815123,-0.4644779046421493,-0.004254103794733906,-0.001929127641696596,-0.006761378249202654,0.0,0.0,0.4539325842696629,1.0,0.0,0.0,0.0,42.91033243275685,0.4395823382479637,0.09665686889292059,99.97326521575974,109.99991149457759,0.5017572857619763,49.23843112038992,0.47126947132663494,0.0063,0.0057,0.0282,0.0391
835,1762837453.8460052,-0.0003457928040096951,0.034897295278807,0.23174703530988233,0.003493067078580184,-6.056199805419028e-05,-0.03796255531726892,-0.05373302212576565,-0.0003915320606158113,0.0,0.0,0.0,1.0,0.0,0.0,0.0,0.0,0.0,0.0,0.0,0.0,0.0,0.033,0.039,0.553,1.0,0.001,0.011,0.008,-0.23,-0.024,-0.409,-0.009,0.061,-0.007,0.018207696509160917,0.03736234501233565,0.527572520412811,0.9999810592842986,0.0007196338153630063,0.012762278779569777,0.007778211955892496,-0.21329479475031937,-0.025063111111634673,-0.35200775523672734,-0.007065267617102612,0.04700044629652226,-0.006619323143796757,0.0,0.0,0.4438202247191011,1.0,0.0,0.0,0.0,42.88691184986271,0.4385269673022826,0.09622178627400235,99.97320484320593,109.99991119910403,0.5017632038069161,49.23736963154488,0.47144279504447767,0.0064,0.006,0.013,0.0064
836,1762837453.892358,0.003920966157411582,-0.014775015797580483,0.20271352156114572,0.0037137712488945385,0.021333794807106385,-0.24836155538193738,-0.14516756874368286,0.0011035208515717725,0.0,0.0,0.0,1.0,0.0,0.0,0.0,0.0,0.0,0.0,0.0,0.0,0.0,0.028,0.038,0.545,1.0,0.001,0.012,0.008,-0.01,-0.001,-0.017,-0.0,0.004,-0.0,0.02786370530615711,0.037894082916289776,0.544047437064359,0.9999981126226811,0.0009502383401789452,0.012197168458628019,0.007943758440533744,0.005906823026096328,-0.002165401873689049,-0.01330239786751759,-0.002523307167697543,0.006846717236767379,-0.0030366400145684686,0.0,0.0,0.4337078651685393,1.0,0.0,0.0,0.0,42.91469102687567,0.4400144051154325,0.09643284846342556,99.97312009674795,109.99991086662321,0.5017698728828557,49.23893072304271,0.47123218722325294,0.0018,0.0019,0.0099,0.0098
837,1762837453.9882865,0.0038133874582370947,-0.014834030553898349,0.21811823279788387,0.003729348559483652,-0.0005378934958724367,-0.00029507378158931397,0.07702355618369064,7.788655294557018e-05,0.0,0.0,0.0,1.0,0.0,0.0,0.0,0.0,0.0,0.0,0.0,0.0,0.0,0.024,0.038,0.538,1.0,0.001,0.012,0.008,-0.042,-0.005,-0.078,-0.001,-0.003,-0.002,0.021650203501628978,0.037632318719029285,0.5301207629575754,1.0000110945541112,0.0010148813966700193,0.011114487031217842,0.00789194109974423,-0.02875854711202677,-0.006026389198688164,-0.16257374458554952,0.0015506745642365264,-0.047967272554389845,-0.004164761332241029,0.0,0.0,0.42359550561797743,1.0,0.0,0.0,0.0,42.940920415253274,0.44144492539616953,0.09702009736928194,99.97304848771263,109.99991063279012,0.5017745694235666,49.23935269380839,0.47124118938234444,0.0083,0.0057,0.0267,0.0066
838,1762837454.0657852,0.0028749884694853644,-0.006586271989375633,0.2161063113782754,0.003645582624303557,-0.004691994943758649,0.041238792822613585,-0.010059607098042427,-0.0004188296759004753,0.0,0.0,0.0,1.0,0.0,0.0,0.0,0.0,0.0,0.0,0.0,0.0,0.0,0.02,0.037,0.53,1.0,0.001,0.012,0.008,-0.066,-0.008,-0.139,0.001,-0.043,-0.003,0.01608086589152466,0.03642778875056671,0.5200483710154705,1.0000203213395922,0.0010583560870004551,0.010265025530736766,0.007866688011193312,-0.05186895873490073,-0.009185567600385048,-0.15700324681490493,0.0016525545043261612,-0.05841588930824743,-0.00465924836729622,0.0,0.0,0.41348314606741565,1.0,0.0,0.0,0.0,42.95814038163346,0.4424337645728864,0.09708023756648693,99.97297869959968,109.99991035430534,0.5017801541226661,49.2394616658624,0.4712544944552059,0.0016,0.0019,0.0177,0.0422
839,1762837454.149385,-0.00014371900573470963,0.022440051793591542,0.2328372276134661,0.0034564602237735385,-0.01509353737610037,0.14513161891483586,0.08365458117595356,-0.0009456120026500913,0.0,0.0,0.0,1.0,0.0,0.0,0.0,0.0,0.0,0.0,0.0,0.0,0.0,0.018,0.037,0.525,1.0,0.001,0.011,0.008,-0.147,-0.019,-0.328,0.004,-0.118,-0.006,0.008604402728067877,0.03569338021753734,0.5022689667686804,1.0000325117930768,0.0011243139632132655,0.007680933367636589,0.007793405993915768,-0.13556624831752762,-0.020229990075218997,-0.3541098416797914,0.002099023189008582,-0.08305171353073174,-0.0061115709575676296,0.0,0.0,0.4033707865168539,1.0,0.0,0.0,0.0,42.95380166817736,0.44229020727045837,0.09676501457535142,99.97291512639005,109.99991004654044,0.5017863200742027,49.23873154662368,0.47087083843797856,0.0063,0.0058,0.0279,0.0398
840,1762837454.1838777,-0.002205529672584414,0.04298200276925046,0.23596442584031888,0.0032078926525028347,-0.010309053334248523,0.10270975487829458,0.01563599113426388,-0.0012428378563535169,0.0,0.0,0.0,1.0,0.0,0.0,0.0,0.0,0.0,0.0,0.0,0.0,0.0,0.014,0.036,0.516,1.0,0.001,0.009,0.008,-0.191,-0.026,-0.449,0.001,-0.127,-0.009,0.0016179692193066396,0.03422424800718856,0.4870978467448912,1.0000242886254125,0.0009954859978321144,0.006074127658032865,0.007724889995241368,-0.18110755839256198,-0.027283605719202887,-0.41555709924252926,-0.002345973066536419,-0.05365879963234234,-0.007516538327219327,0.0,0.0,0.3932584269662921,1.0,0.0,0.0,0.0,42.93179895145842,0.4411771269894956,0.09786851996849473,99.97287209780359,109.99990996641975,0.5017879408892955,49.236338807899564,0.4707348163788546,0.0065,0.0058,0.0122,0.0072
841,1762837454.2265155,-0.0009791336560276281,0.03108938071271941,0.22560044760077663,0.0031363755467337393,0.006131980082783927,-0.059463110282655274,-0.05181989119771119,-0.0003575855288454762,0.0,0.0,0.0,1.0,0.0,0.0,0.0,0.0,0.0,0.0,0.0,0.0,0.0,0.013,0.036,0.513,1.0,0.001,0.009,0.008,-0.143,-0.02,-0.337,-0.001,-0.074,-0.006,0.0038454777139926067,0.03462552686484758,0.4915952377081347,1.0000129701721925,0.0009040165611182929,0.007647109153387176,0.007802780918548628,-0.1319618728883532,-0.02121875806356263,-0.30479793407500205,-0.004939732484319123,-0.012225014174074728,-0.0058133616911765955,0.0,0.0,0.3831460674157303,1.0,0.0,0.0,0.0,42.92274515652878,0.44077329248599734,0.09939202795887575,99.97282930318015,109.99990995166307,0.5017882578167238,49.23415040215925,0.47109280042079604,0.0016,0.0019,0.011,0.0097
842,1762837454.2969413,6.30367008460943e-05,0.020113581073849605,0.22492024915332207,0.0031407083788735305,0.005210851784368611,-0.05487899819434904,-0.0034009922372728266,2.166416069895611e-05,0.0,0.0,0.0,1.0,0.0,0.0,0.0,0.0,0.0,0.0,0.0,0.0,0.0,0.009,0.036,0.505,1.0,0.001,0.008,0.008,-0.119,-0.018,-0.282,-0.006,0.001,-0.004,0.0014117107204213188,0.03476282216971596,0.48608309499460095,0.9999996724238982,0.0008002104452461748,0.008205158776356983,0.00785480265132547,-0.10864311765749364,-0.019070911946843083,-0.28712996729509627,-0.005669928549732227,0.009468202902446968,-0.004724002486979174,0.0,0.0,0.37303370786516843,1.0,0.0,0.0,0.0,42.922383981880884,0.4408295387683188,0.09945033394867767,99.972769623271,109.99990971883312,0.5017929272819994,49.233430092872794,0.47117594023447573,0.006,0.0023,0.0099,0.0098
843,1762837454.3780298,-0.00144421931269311,0.025941785120694102,0.2363381518217614,0.002918800708270645,-0.007536280067696021,0.0291410202342225,0.057089513342196786,-0.0011095383530144286,0.0,0.0,0.0,1.0,0.0,0.0,0.0,0.0,0.0,0.0,0.0,0.0,0.0,0.003,0.035,0.49,1.0,0.001,0.009,0.007,-0.163,-0.026,-0.413,-0.011,0.025,-0.006,-0.007470602313273528,0.0332313193353427,0.46251346186752307,0.9999963786892058,0.0006948256909490554,0.009561074461583203,0.006808070123772655,-0.15099674920593223,-0.02699323400713241,-0.41171276604742285,-0.0071831017826167395,0.009508642492462261,-0.005741618643732065,0.0,0.0,0.36292134831460665,1.0,0.0,0.0,0.0,42.906233124531,0.4400121639626661,0.09934710565996535,99.97271698451813,109.99990949083137,0.5017974972487078,49.23226123141913,0.4711198994622733,0.0017,0.002,0.0113,0.027
844,1762837454.4758375,-0.00029857285216111705,0.01435704455355901,0.22102295959057372,0.0027994609150959744,0.005728232302659965,-0.05792370283567546,-0.07657596115593834,-0.0005966989658733562,0.0,0.0,0.0,1.0,0.0,0.0,0.0,0.0,0.0,0.0,0.0,0.0,0.0,-0.0,0.034,0.481,1.0,0.001,0.009,0.007,-0.111,-0.019,-0.283,-0.01,0.03,-0.005,-0.006978582933901235,0.032695862895130344,0.4632505784842355,0.9999938032027099,0.0006876286053174456,0.009807690196169333,0.006836295767767748,-0.09813325390396162,-0.020054196733157198,-0.24784376437801214,-0.008444427469213426,0.019774756849285407,-0.005017811873610799,0.0,0.0,0.3528089887640449,1.0,0.0,0.0,0.0,42.90371878358898,0.439941031346409,0.09933779273084797,99.97266096330759,109.99990926087926,0.5018021078589509,49.23180382394468,0.4710661169863147,0.0077,0.0059,0.0278,0.0075
845,1762837454.493329,-0.0011456937522291185,0.017633319155257066,0.23309017593760278,0.0026847348925883962,-0.004235604500340008,0.016381373008490283,0.060336081735145354,-0.000573630112537892,0.0,0.0,0.0,1.0,0.0,0.0,0.0,0.0,0.0,0.0,0.0,0.0,0.0,-0.003,0.034,0.474,1.0,0.001,0.01,0.007,-0.138,-0.024,-0.355,-0.012,0.031,-0.006,-0.01177089022180751,0.03236626599818454,0.4497913291704659,0.999995708320598,0.000664761502745647,0.010569802934751774,0.0068146063995290565,-0.1250491121836517,-0.02493689877799715,-0.3736049977046552,-0.007976382547474395,0.005191159787428307,-0.005418414148559889,0.0,0.0,0.3426966292134831,1.0,0.0,0.0,0.0,42.89548657894059,0.43955439253355005,0.0994838578148328,99.97261008459044,109.99990906654695,0.5018060062012989,49.23083462971243,0.4710376845992516,0.0011,0.0014,0.0074,0.0066
846,1762837454.5695035,-0.00042960963188138734,0.011247343096762253,0.2200796445086059,0.0025561475367020105,0.0035804206017386563,-0.03192988029247407,-0.06505265714498439,-0.0006429367794319298,0.0,0.0,0.0,1.0,0.0,0.0,0.0,0.0,0.0,0.0,0.0,0.0,0.0,-0.005,0.033,0.468,1.0,0.001,0.01,0.007,-0.101,-0.018,-0.271,-0.007,0.009,-0.004,-0.011283260382299492,0.031761923210615765,0.45073269239165964,0.9999998735265857,0.000770017061206616,0.010127212144548932,0.006863247610581294,-0.08742380061759598,-0.0190940128309848,-0.24522884448080332,-0.006647455736942352,-6.43773868282024e-05,-0.0043064134463486605,0.0,0.0,0.3325842696629213,1.0,0.0,0.0,0.0,42.89552438108927,0.43961555408305997,0.09951376499908833,99.97255511898744,109.99990884991253,0.5018103504927421,49.23039810071572,0.47103447071030213,0.0046,0.002,0.0099,0.0166
847,1762837454.6387353,0.0010342866221200219,0.010973069927217433,0.22599445347260153,0.002484321865668425,0.0073194812700070454,-0.0013713658477241056,0.029574044819978166,-0.00035912835516792676,0.0,0.0,0.0,1.0,0.0,0.0,0.0,0.0,0.0,0.0,0.0,0.0,0.0,-0.01,0.033,0.456,1.0,0.0,0.01,0.007,-0.095,-0.019,-0.274,-0.005,-0.009,-0.003,-0.01592169704707677,0.0317381774364064,0.43704429879199963,1.000004933504901,-0.0001251915816992806,0.009574491045416167,0.006888250884230847,-0.0827770723332493,-0.01882930085100064,-0.29662561172966534,-0.002765377408714529,-0.015921112188805143,-0.003691143171240003,0.0,0.0,0.32247191011235943,1.0,0.0,0.0,0.0,42.89795150840351,0.4397986926414738,0.09950585024706254,99.97250055836481,109.9999086341128,0.5018146776216785,49.229976758689915,0.47103620120309264,0.0016,0.0019,0.0257,0.0072
848,1762837454.7322927,0.0009494151006799669,0.011201378302655402,0.22384097630092414,0.0024061410026553352,-0.0004243576072002753,0.0011415418771898375,-0.010767385858386967,-0.00039090431506544983,0.0,0.0,0.0,1.0,0.0,0.0,0.0,0.0,0.0,0.0,0.0,0.0,0.0,-0.012,0.032,0.448,1.0,0.0,0.01,0.007,-0.093,-0.019,-0.284,-0.003,-0.017,-0.003,-0.017776498085961528,0.030737304076778823,0.4291458774465487,1.0000066787431325,-5.06797720414188e-05,0.009390861888732132,0.006888563081550572,-0.08040552254850616,-0.01886995309979078,-0.2806976745715067,-0.00039853063589907745,-0.01901073747542297,-0.003638251028426053,0.0,0.0,0.31235955056179765,1.0,0.0,0.0,0.0,42.898581352462124,0.43987730211851644,0.0994825970919277,99.97244694260199,109.99990842118412,0.5018189470836715,49.22951821675807,0.4710334146057782,0.0134,0.0021,0.0214,0.0246
849,1762837454.7561488,0.0010519917322030128,0.012563749539452971,0.2229946835307112,0.002265781330711256,0.0005128831576152295,0.006811856183987854,-0.004231463851064609,-0.0007017983597203959,0.0,0.0,0.0,1.0,0.0,0.0,0.0,0.0,0.0,0.0,0.0,0.0,0.0,-0.014,0.032,0.442,1.0,0.0,0.009,0.007,-0.088,-0.018,-0.276,-0.001,-0.022,-0.003,-0.01949306257050851,0.030802817153423402,0.4233845634185486,1.0000067017751801,-6.3774461475915084e-06,0.008314635120017152,0.006889358456971114,-0.07694351851527817,-0.017914578233690727,-0.2827696105806274,0.00024456543072317704,-0.019096296788291393,-0.003570757906316211,0.0,0.0,0.30224719101123587,1.0,0.0,0.0,0.0,42.90112457420763,0.4400581695973498,0.09945799987313704,99.97239396046717,109.99990821102986,0.5018231608738474,49.22906837483661,0.471022522153183,0.0013,0.0019,0.0097,0.0075
850,1762837454.826922,-0.00466632039871544,0.03981199836972191,0.25272083736114714,0.002002240529217956,-0.02859156065459226,0.13624124415134464,0.1486307691521797,-0.001317704007466497,0.0,0.0,0.0,1.0,0.0,0.0,0.0,0.0,0.0,0.0,0.0,0.0,0.0,-0.017,0.031,0.435,1.0,0.0,0.009,0.007,-0.19,-0.041,-0.63,0.0,-0.052,-0.006,-0.029305801939213907,0.028268906771855475,0.39306279428388574,1.000012705160379,2.3732009070911823e-05,0.00762266039765198,0.00681874063036171,-0.17947684766402883,-0.04093975400607984,-0.628254176041683,0.000844471495388168,-0.03215715817881179,-0.004979416759691108,0.0,0.0,0.2921348314606741,1.0,0.0,0.0,0.0,42.86166769817306,0.43781419411526434,0.0993986549838699,99.97235173995523,109.99990803627972,0.5018266641071129,49.22723180776565,0.4710274109281579,0.0014,0.0022,0.0111,0.01
851,1762837454.927251,-0.005295305083062743,0.03972726134808957,0.2411881693668455,0.0018331525921717058,-0.0031449234217365164,-0.00042368510816168103,-0.05766333997150812,-0.000845439685231251,0.0,0.0,0.0,1.0,0.0,0.0,0.0,0.0,0.0,0.0,0.0,0.0,0.0,-0.019,0.031,0.427,1.0,0.0,0.009,0.007,-0.191,-0.043,-0.628,-0.009,0.014,-0.005,-0.031284956972823984,0.028141420860126044,0.3882958975897355,0.999994505639466,-0.0003104611375872731,0.009693597886760877,0.006850262874846491,-0.1772898171733871,-0.04267677424419017,-0.5288900062756299,-0.009455336017388164,0.02774789856078129,-0.004218689119472232,0.0,0.0,0.2820224719101123,1.0,0.0,0.0,0.0,42.81545939134706,0.43530407728663867,0.09948013822421817,99.97231055995863,109.99990788387576,0.5018297213209614,49.22540023190945,0.47111968259791265,0.0017,0.0019,0.0254,0.0293
852,1762837454.97703,0.0004954815497349449,0.01026873422847963,0.21147236439701186,0.001803716889252622,0.028953933163988435,-0.14729263559804973,-0.14857902484916813,-0.00014717851459541964,0.0,0.0,0.0,1.0,0.0,0.0,0.0,0.0,0.0,0.0,0.0,0.0,0.0,-0.021,0.03,0.419,1.0,0.0,0.009,0.007,-0.072,-0.017,-0.223,-0.01,0.043,-0.002,-0.025368194080657658,0.028874883984294948,0.4053588277143773,0.9999875729263549,-0.00033894052158347593,0.010333117146008135,0.006925732354800692,-0.058778567479236106,-0.016675782771098404,-0.1882377955894702,-0.00965345967850757,0.037134470848576004,-0.0025536197287411473,0.0,0.0,0.2719101123595504,1.0,0.0,0.0,0.0,42.820708433277815,0.43563574096022945,0.09944445415288321,99.97225734524905,109.99990767328545,0.5018339437404835,49.2254483055052,0.4710856816514203,0.0016,0.0055,0.0264,0.0079
853,1762837455.0695636,0.0008493553715775786,0.006730949017602355,0.22645990511310368,0.0017508283723719935,0.001769369109213166,-0.017688926054386392,0.07493770358045901,-0.00026444258440314213,0.0,0.0,0.0,1.0,0.0,0.0,0.0,0.0,0.0,0.0,0.0,0.0,0.0,-0.023,0.03,0.413,1.0,-0.0,0.01,0.007,-0.082,-0.02,-0.277,-0.011,0.034,-0.003,-0.028059922464497757,0.028673538205466656,0.392822089948346,0.9999951059532172,-0.0002506184392285262,0.010541222780803348,0.00690117710112932,-0.0697818324804897,-0.019744726276781793,-0.3327817591545177,-0.004018333634181127,0.00012591653935622657,-0.0030704342592927335,0.0,0.0,0.26179775280898865,1.0,0.0,0.0,0.0,42.825718733233906,0.43595138001598777,0.09969191712520005,99.97220905089755,109.99990750831606,0.5018372550663337,49.22510312457807,0.4710602833491713,0.0016,0.0055,0.0304,0.0299
854,1762837455.0867195,0.0010105598427683367,0.005633180546035994,0.2186276507649273,0.0016753368149217364,0.0008060223559537912,-0.0054888423578318135,-0.039161271740882,-0.00037745778725128607,0.0,0.0,0.0,1.0,0.0,0.0,0.0,0.0,0.0,0.0,0.0,0.0,0.0,-0.023,0.03,0.413,1.0,-0.0,0.01,0.007,-0.082,-0.02,-0.277,-0.011,0.034,-0.003,-0.028021255954901146,0.028674193347561498,0.39470608974020893,0.9999951959775547,-0.000255237752365056,0.010533115381906872,0.006902113296182126,-0.06845475847750276,-0.019713521211138913,-0.2694796480541783,-0.004613275571611433,0.0013388843732302378,-0.003021264562479321,0.0,0.0,0.25168539325842687,1.0,0.0,0.0,0.0,42.82949268114942,0.4361968320513884,0.10003519572539654,99.97216346742123,109.99990736705368,0.5018400924078269,49.22457690845952,0.4711361527112509,0.001,0.0012,0.0061,0.008
